M,k,s_min
4,0.001,0.001
4,0.0012000000000000001,0.0012000000000000001
4,0.0014,0.0013999999999999998
4,0.0016,0.0015999999999999999
4,0.0018,0.0017999999999999995
4,0.002,0.002
4,0.0022,0.0021999999999999997
4,0.0024000000000000002,0.0024000000000000002
4,0.0026,0.0026
4,0.0028000000000000004,0.0028000000000000004
4,0.003,0.002999999999999999
4,0.0032,0.0031999999999999997
4,0.0034000000000000002,0.0034000000000000002
4,0.0036000000000000003,0.0036
4,0.0038,0.0037999999999999996
4,0.004,0.004
4,0.004200000000000001,0.004200000000000001
4,0.0044,0.004399999999999999
4,0.0046,0.0046
4,0.0048000000000000004,0.0048000000000000004
4,0.005,0.004999999999999999
4,0.005200000000000001,0.0052
4,0.0054,0.0053999999999999986
4,0.0056,0.005599999999999999
4,0.0058000000000000005,0.0058
4,0.006,0.005999999999999998
4,0.006200000000000001,0.006200000000000001
4,0.0064,0.0063999999999999994
4,0.0066,0.006599999999999998
4,0.0068000000000000005,0.0068000000000000005
4,0.007,0.006999999999999999
4,0.007200000000000001,0.0072
4,0.0074,0.0074
4,0.0076,0.007599999999999999
4,0.0078000000000000005,0.0078
4,0.008,0.008
4,0.0082,0.008199999999999999
4,0.008400000000000001,0.008400000000000001
4,0.0086,0.0086
4,0.0088,0.008799999999999999
4,0.009000000000000001,0.009000000000000001
4,0.0092,0.0092
4,0.009400000000000002,0.009400000000000002
4,0.009600000000000001,0.009600000000000001
4,0.0098,0.0098
4,0.010000000000000002,0.010000000000000002
4,0.0102,0.0102
4,0.0104,0.0104
4,0.010600000000000002,0.010599999999999998
4,0.0108,0.010799999999999997
4,0.011,0.010999999999999996
4,0.011200000000000002,0.011200000000000002
4,0.0114,0.0114
4,0.0116,0.0116
4,0.011800000000000001,0.011799999999999998
4,0.012,0.011999999999999997
4,0.012199999999999999,0.012199999999999996
4,0.012400000000000001,0.012400000000000001
4,0.0126,0.0126
4,0.012799999999999999,0.012799999999999999
4,0.013000000000000001,0.012999999999999998
4,0.0132,0.013199999999999996
4,0.013400000000000002,0.013400000000000002
4,0.013600000000000001,0.013600000000000001
4,0.0138,0.0138
4,0.014000000000000002,0.013999999999999999
4,0.0142,0.014199999999999997
4,0.0144,0.014399999999999996
4,0.014600000000000002,0.014600000000000002
4,0.0148,0.0148
4,0.015,0.015
4,0.015200000000000002,0.015199999999999998
4,0.0154,0.015399999999999997
4,0.0156,0.015599999999999996
4,0.0158,0.0158
4,0.016,0.016
4,0.0162,0.0162
4,0.0164,0.016399999999999998
4,0.0166,0.016599999999999997
4,0.016800000000000002,0.016800000000000002
4,0.017,0.017
4,0.0172,0.0172
4,0.017400000000000002,0.0174
4,0.0176,0.017599999999999998
4,0.017800000000000003,0.017800000000000003
4,0.018000000000000002,0.018000000000000002
4,0.0182,0.0182
4,0.018400000000000003,0.0184
4,0.018600000000000002,0.0186
4,0.0188,0.018799999999999997
4,0.019000000000000003,0.019000000000000003
4,0.019200000000000002,0.019200000000000002
4,0.0194,0.0194
4,0.019600000000000003,0.0196
4,0.0198,0.019799999999999998
4,0.02,0.019999999999999997
4,0.020200000000000003,0.020200000000000003
4,0.0204,0.0204
4,0.0206,0.0206
4,0.020800000000000003,0.0208
4,0.021,0.020999999999999998
4,0.021200000000000004,0.021199999999999997
4,0.021400000000000002,0.021400000000000002
4,0.0216,0.021599999999999994
4,0.021800000000000003,0.0218
4,0.022000000000000002,0.022
4,0.0222,0.022199999999999998
4,0.022400000000000003,0.022400000000000003
4,0.022600000000000002,0.022599999999999995
4,0.0228,0.0228
4,0.023000000000000003,0.023
4,0.023200000000000002,0.0232
4,0.0234,0.023399999999999997
4,0.023600000000000003,0.023599999999999996
4,0.0238,0.0238
4,0.024,0.023999999999999994
4,0.024200000000000003,0.0242
4,0.0244,0.024399999999999998
4,0.0246,0.024599999999999997
4,0.024800000000000003,0.024800000000000003
4,0.025,0.024999999999999994
4,0.025200000000000004,0.0252
4,0.025400000000000002,0.0254
4,0.0256,0.025599999999999998
4,0.025800000000000003,0.025800000000000003
4,0.026000000000000002,0.025999999999999995
4,0.0262,0.0262
4,0.026400000000000003,0.0264
4,0.026600000000000002,0.0266
4,0.0268,0.026799999999999997
4,0.027000000000000003,0.026999999999999996
4,0.027200000000000002,0.027200000000000002
4,0.0274,0.027399999999999994
4,0.027600000000000003,0.0276
4,0.027800000000000002,0.0278
4,0.028,0.027999999999999997
4,0.028200000000000003,0.028200000000000003
4,0.0284,0.028399999999999995
4,0.028600000000000004,0.0286
4,0.028800000000000003,0.0288
4,0.029,0.028999999999999998
4,0.029200000000000004,0.029200000000000004
4,0.029400000000000003,0.029399999999999996
4,0.0296,0.0296
4,0.029800000000000004,0.0298
4,0.030000000000000002,0.03
4,0.0302,0.030199999999999998
4,0.030400000000000003,0.030399999999999996
4,0.030600000000000002,0.030600000000000002
4,0.0308,0.030799999999999994
4,0.031000000000000003,0.031
4,0.031200000000000002,0.0312
4,0.0314,0.0314
4,0.0316,0.0316
4,0.0318,0.031799999999999995
4,0.032,0.032
4,0.0322,0.03219999999999999
4,0.032400000000000005,0.0324
4,0.032600000000000004,0.032600000000000004
4,0.0328,0.032799999999999996
4,0.033,0.033
4,0.0332,0.03319999999999999
4,0.0334,0.0334
4,0.033600000000000005,0.033600000000000005
4,0.033800000000000004,0.0338
4,0.034,0.034
4,0.0342,0.034199999999999994
4,0.0344,0.0344
4,0.034600000000000006,0.034600000000000006
4,0.034800000000000005,0.0348
4,0.035,0.035
4,0.0352,0.035199999999999995
4,0.0354,0.0354
4,0.0356,0.03559999999999999
4,0.035800000000000005,0.0358
4,0.036000000000000004,0.036000000000000004
4,0.0362,0.036199999999999996
4,0.0364,0.0364
4,0.0366,0.036599999999999994
4,0.0368,0.0368
4,0.037000000000000005,0.037000000000000005
4,0.037200000000000004,0.0372
4,0.0374,0.0374
4,0.0376,0.037599999999999995
4,0.0378,0.0378
4,0.038000000000000006,0.038000000000000006
4,0.038200000000000005,0.0382
4,0.038400000000000004,0.038400000000000004
4,0.0386,0.038599999999999995
4,0.0388,0.0388
4,0.039,0.03899999999999999
4,0.039200000000000006,0.0392
4,0.039400000000000004,0.039400000000000004
4,0.0396,0.039599999999999996
4,0.0398,0.0398
4,0.04,0.039999999999999994
4,0.0402,0.0402
4,0.040400000000000005,0.040400000000000005
4,0.040600000000000004,0.0406
4,0.0408,0.0408
4,0.041,0.040999999999999995
4,0.0412,0.0412
4,0.041400000000000006,0.041400000000000006
4,0.041600000000000005,0.0416
4,0.041800000000000004,0.041800000000000004
4,0.042,0.041999999999999996
4,0.0422,0.04219999999999999
4,0.0424,0.04239999999999999
4,0.042600000000000006,0.0426
4,0.042800000000000005,0.042800000000000005
4,0.043000000000000003,0.043
4,0.0432,0.04319999999999999
4,0.0434,0.043399999999999994
4,0.0436,0.0436
4,0.043800000000000006,0.043800000000000006
4,0.044000000000000004,0.044
4,0.0442,0.04419999999999999
4,0.0444,0.044399999999999995
4,0.0446,0.0446
4,0.0448,0.04479999999999999
4,0.045000000000000005,0.045
4,0.045200000000000004,0.04519999999999999
4,0.0454,0.045399999999999996
4,0.0456,0.0456
4,0.0458,0.045799999999999993
4,0.046000000000000006,0.046
4,0.046200000000000005,0.04619999999999999
4,0.046400000000000004,0.0464
4,0.0466,0.0466
4,0.0468,0.046799999999999994
4,0.047,0.046999999999999986
4,0.047200000000000006,0.04719999999999999
4,0.047400000000000005,0.0474
4,0.0476,0.0476
4,0.0478,0.047799999999999995
4,0.048,0.04799999999999999
4,0.0482,0.04819999999999999
4,0.048400000000000006,0.0484
4,0.048600000000000004,0.048600000000000004
4,0.0488,0.048799999999999996
4,0.049,0.04899999999999999
4,0.0492,0.049199999999999994
4,0.049400000000000006,0.0494
4,0.049600000000000005,0.049600000000000005
4,0.049800000000000004,0.0498
4,0.05,0.04999999999999999
4,0.0502,0.050199999999999995
4,0.0504,0.0504
4,0.050600000000000006,0.050600000000000006
4,0.050800000000000005,0.0508
4,0.051000000000000004,0.05099999999999999
4,0.0512,0.051199999999999996
4,0.0514,0.0514
4,0.0516,0.05159999999999999
4,0.051800000000000006,0.0518
4,0.052000000000000005,0.05199999999999999
4,0.0522,0.052199999999999996
4,0.0524,0.0524
4,0.0526,0.052599999999999994
4,0.05280000000000001,0.0528
4,0.053000000000000005,0.05299999999999999
4,0.053200000000000004,0.0532
4,0.0534,0.0534
4,0.0536,0.053599999999999995
4,0.0538,0.05379999999999999
4,0.054000000000000006,0.05399999999999999
4,0.054200000000000005,0.0542
4,0.054400000000000004,0.054400000000000004
4,0.0546,0.054599999999999996
4,0.0548,0.05479999999999999
4,0.055,0.05499999999999999
4,0.055200000000000006,0.0552
4,0.055400000000000005,0.055400000000000005
4,0.055600000000000004,0.0556
4,0.0558,0.05579999999999999
4,0.056,0.055999999999999994
4,0.05620000000000001,0.0562
4,0.056400000000000006,0.056400000000000006
4,0.056600000000000004,0.0566
4,0.0568,0.05679999999999999
4,0.057,0.056999999999999995
4,0.0572,0.0572
4,0.05740000000000001,0.05740000000000001
4,0.057600000000000005,0.0576
4,0.057800000000000004,0.05779999999999999
4,0.058,0.057999999999999996
4,0.0582,0.0582
4,0.0584,0.058399999999999994
4,0.058600000000000006,0.0586
4,0.058800000000000005,0.05879999999999999
4,0.059000000000000004,0.059
4,0.0592,0.0592
4,0.0594,0.059399999999999994
4,0.05960000000000001,0.0596
4,0.059800000000000006,0.05979999999999999
4,0.060000000000000005,0.06
4,0.060200000000000004,0.060200000000000004
4,0.0604,0.060399999999999995
4,0.0606,0.06059999999999999
4,0.06080000000000001,0.06079999999999999
4,0.061000000000000006,0.061
4,0.061200000000000004,0.061200000000000004
4,0.0614,0.061399999999999996
4,0.0616,0.06159999999999999
4,0.0618,0.061799999999999994
4,0.062000000000000006,0.062
4,0.062200000000000005,0.062200000000000005
4,0.062400000000000004,0.0624
4,0.0626,0.06259999999999999
4,0.0628,0.0628
4,0.063,0.063
4,0.0632,0.0632
4,0.0634,0.06339999999999998
4,0.0636,0.06359999999999999
4,0.06380000000000001,0.0638
4,0.064,0.064
4,0.06420000000000001,0.06420000000000001
4,0.0644,0.06439999999999999
4,0.0646,0.06459999999999999
4,0.06480000000000001,0.0648
4,0.065,0.065
4,0.06520000000000001,0.06520000000000001
4,0.0654,0.06539999999999999
4,0.0656,0.06559999999999999
4,0.0658,0.0658
4,0.066,0.066
4,0.06620000000000001,0.06620000000000001
4,0.0664,0.06639999999999999
4,0.0666,0.06659999999999999
4,0.0668,0.0668
4,0.067,0.067
4,0.06720000000000001,0.06720000000000001
4,0.0674,0.06739999999999999
4,0.06760000000000001,0.0676
4,0.0678,0.0678
4,0.068,0.068
4,0.06820000000000001,0.06820000000000001
4,0.0684,0.06839999999999999
4,0.06860000000000001,0.0686
4,0.0688,0.0688
4,0.069,0.069
4,0.0692,0.06919999999999998
4,0.0694,0.06939999999999999
4,0.06960000000000001,0.0696
4,0.0698,0.0698
4,0.07,0.07
4,0.0702,0.07019999999999998
4,0.0704,0.07039999999999999
4,0.07060000000000001,0.0706
4,0.0708,0.0708
4,0.07100000000000001,0.07100000000000001
4,0.0712,0.07119999999999999
4,0.0714,0.07139999999999999
4,0.07160000000000001,0.0716
4,0.0718,0.0718
4,0.07200000000000001,0.07200000000000001
4,0.0722,0.07219999999999999
4,0.0724,0.07239999999999999
4,0.0726,0.0726
4,0.0728,0.0728
4,0.07300000000000001,0.07300000000000001
4,0.0732,0.07319999999999999
4,0.0734,0.07339999999999999
4,0.0736,0.0736
4,0.0738,0.0738
4,0.07400000000000001,0.07400000000000001
4,0.0742,0.07419999999999999
4,0.07440000000000001,0.0744
4,0.0746,0.0746
4,0.0748,0.0748
4,0.07500000000000001,0.07500000000000001
4,0.0752,0.07519999999999999
4,0.07540000000000001,0.0754
4,0.0756,0.0756
4,0.0758,0.0758
4,0.076,0.07599999999999998
4,0.0762,0.07619999999999999
4,0.07640000000000001,0.0764
4,0.0766,0.0766
4,0.07680000000000001,0.07680000000000001
4,0.077,0.07699999999999999
4,0.0772,0.07719999999999999
4,0.07740000000000001,0.0774
4,0.0776,0.0776
4,0.07780000000000001,0.07780000000000001
4,0.078,0.07799999999999999
4,0.0782,0.07819999999999999
4,0.07840000000000001,0.0784
4,0.0786,0.0786
4,0.07880000000000001,0.07880000000000001
4,0.079,0.07899999999999999
4,0.0792,0.07919999999999999
4,0.0794,0.0794
4,0.0796,0.0796
4,0.07980000000000001,0.07980000000000001
4,0.08,0.07999999999999999
4,0.08020000000000001,0.0802
4,0.0804,0.0804
4,0.0806,0.0806
4,0.08080000000000001,0.08080000000000001
4,0.081,0.08099999999999999
4,0.08120000000000001,0.0812
4,0.0814,0.0814
4,0.0816,0.0816
4,0.08180000000000001,0.08180000000000001
4,0.082,0.08199999999999999
4,0.08220000000000001,0.0822
4,0.0824,0.0824
4,0.0826,0.0826
4,0.0828,0.08279999999999998
4,0.083,0.08299999999999999
4,0.08320000000000001,0.0832
4,0.0834,0.08339999999999997
4,0.08360000000000001,0.08360000000000001
4,0.0838,0.08379999999999999
4,0.084,0.08399999999999999
4,0.08420000000000001,0.0842
4,0.0844,0.08439999999999998
4,0.08460000000000001,0.08460000000000001
4,0.0848,0.08479999999999999
4,0.085,0.08499999999999999
4,0.08520000000000001,0.0852
4,0.0854,0.08539999999999998
4,0.08560000000000001,0.08560000000000001
4,0.0858,0.08579999999999999
4,0.08600000000000001,0.086
4,0.0862,0.0862
4,0.0864,0.08639999999999998
4,0.08660000000000001,0.08660000000000001
4,0.0868,0.08679999999999999
4,0.08700000000000001,0.087
4,0.0872,0.0872
4,0.0874,0.08739999999999998
4,0.08760000000000001,0.08760000000000001
4,0.0878,0.08779999999999999
4,0.08800000000000001,0.088
4,0.0882,0.0882
4,0.0884,0.08839999999999998
4,0.0886,0.08859999999999998
4,0.0888,0.08879999999999999
4,0.08900000000000001,0.089
4,0.0892,0.0892
4,0.08940000000000001,0.08939999999999998
4,0.0896,0.08959999999999999
4,0.0898,0.08979999999999999
4,0.09000000000000001,0.09
4,0.0902,0.0902
4,0.09040000000000001,0.09039999999999998
4,0.0906,0.09059999999999999
4,0.0908,0.09079999999999999
4,0.09100000000000001,0.091
4,0.0912,0.0912
4,0.09140000000000001,0.09139999999999998
4,0.0916,0.09159999999999999
4,0.0918,0.09179999999999999
4,0.092,0.09199999999999997
4,0.0922,0.0922
4,0.09240000000000001,0.09239999999999998
4,0.0926,0.09259999999999999
4,0.09280000000000001,0.0928
4,0.093,0.09299999999999997
4,0.0932,0.0932
4,0.09340000000000001,0.09339999999999998
4,0.0936,0.09359999999999999
4,0.09380000000000001,0.0938
4,0.094,0.09399999999999997
4,0.0942,0.0942
4,0.09440000000000001,0.09439999999999998
4,0.0946,0.09459999999999999
4,0.09480000000000001,0.0948
4,0.095,0.09499999999999997
4,0.0952,0.0952
4,0.0954,0.09539999999999998
4,0.0956,0.09559999999999999
4,0.09580000000000001,0.0958
4,0.096,0.09599999999999997
4,0.09620000000000001,0.09620000000000001
4,0.0964,0.09639999999999999
4,0.0966,0.09659999999999999
4,0.09680000000000001,0.0968
4,0.097,0.09699999999999998
4,0.09720000000000001,0.09720000000000001
4,0.0974,0.09739999999999999
4,0.0976,0.09759999999999999
4,0.09780000000000001,0.0978
4,0.098,0.09799999999999998
4,0.09820000000000001,0.09820000000000001
4,0.0984,0.09839999999999999
4,0.09860000000000001,0.0986
4,0.0988,0.0988
4,0.099,0.09899999999999998
4,0.09920000000000001,0.09920000000000001
4,0.0994,0.09939999999999999
4,0.09960000000000001,0.0996
4,0.0998,0.0998
4,0.1,0.09999999999999998
4,0.10020000000000001,0.10020000000000001
4,0.1004,0.10039999999999999
4,0.10060000000000001,0.1006
4,0.1008,0.1008
4,0.101,0.10099999999999998
4,0.10120000000000001,0.10120000000000001
4,0.1014,0.10139999999999999
4,0.10160000000000001,0.1016
4,0.1018,0.1018
4,0.10200000000000001,0.10199999999999998
4,0.1022,0.10219999999999999
4,0.1024,0.10239999999999999
4,0.10260000000000001,0.1026
4,0.1028,0.1028
4,0.10300000000000001,0.10299999999999998
4,0.1032,0.10319999999999999
4,0.1034,0.10339999999999999
4,0.10360000000000001,0.1036
4,0.1038,0.1038
4,0.10400000000000001,0.10399999999999998
4,0.1042,0.10419999999999999
4,0.1044,0.10439999999999999
4,0.10460000000000001,0.1046
4,0.1048,0.1048
4,0.10500000000000001,0.10499999999999998
4,0.1052,0.10519999999999999
4,0.10540000000000001,0.1054
4,0.1056,0.10559999999999997
4,0.1058,0.1058
4,0.10600000000000001,0.10599999999999998
4,0.1062,0.10619999999999999
4,0.10640000000000001,0.1064
4,0.1066,0.10659999999999997
4,0.1068,0.1068
4,0.10700000000000001,0.10699999999999998
4,0.1072,0.10719999999999999
4,0.10740000000000001,0.1074
4,0.1076,0.10759999999999997
4,0.1078,0.1078
4,0.10800000000000001,0.10799999999999998
4,0.1082,0.10819999999999999
4,0.10840000000000001,0.1084
4,0.1086,0.10859999999999997
4,0.10880000000000001,0.10880000000000001
4,0.109,0.10899999999999999
4,0.1092,0.10919999999999999
4,0.10940000000000001,0.1094
4,0.1096,0.10959999999999998
4,0.10980000000000001,0.10980000000000001
4,0.11,0.10999999999999999
4,0.1102,0.11019999999999999
4,0.11040000000000001,0.1104
4,0.1106,0.11059999999999998
4,0.11080000000000001,0.11080000000000001
4,0.111,0.11099999999999999
4,0.11120000000000001,0.1112
4,0.11140000000000001,0.1114
4,0.1116,0.11159999999999998
4,0.11180000000000001,0.11180000000000001
4,0.112,0.11199999999999999
4,0.11220000000000001,0.1122
4,0.1124,0.1124
4,0.1126,0.11259999999999998
4,0.11280000000000001,0.11280000000000001
4,0.113,0.11299999999999999
4,0.11320000000000001,0.1132
4,0.1134,0.1134
4,0.1136,0.11359999999999998
4,0.11380000000000001,0.11380000000000001
4,0.114,0.11399999999999999
4,0.11420000000000001,0.1142
4,0.1144,0.1144
4,0.11460000000000001,0.11459999999999998
4,0.11480000000000001,0.11480000000000001
4,0.115,0.11499999999999999
4,0.11520000000000001,0.1152
4,0.1154,0.1154
4,0.11560000000000001,0.11559999999999998
4,0.1158,0.11579999999999999
4,0.116,0.11599999999999999
4,0.11620000000000001,0.1162
4,0.1164,0.1164
4,0.11660000000000001,0.11659999999999998
4,0.1168,0.11679999999999999
4,0.117,0.11699999999999999
4,0.11720000000000001,0.1172
4,0.1174,0.1174
4,0.11760000000000001,0.11759999999999998
4,0.1178,0.11779999999999999
4,0.11800000000000001,0.118
4,0.11820000000000001,0.1182
4,0.1184,0.1184
4,0.11860000000000001,0.11859999999999998
4,0.1188,0.11879999999999999
4,0.11900000000000001,0.119
4,0.1192,0.11919999999999997
4,0.1194,0.1194
4,0.11960000000000001,0.11959999999999998
4,0.1198,0.11979999999999999
4,0.12000000000000001,0.12
4,0.1202,0.12019999999999997
4,0.12040000000000001,0.12040000000000001
4,0.12060000000000001,0.12059999999999998
4,0.1208,0.12079999999999999
4,0.12100000000000001,0.121
4,0.1212,0.12119999999999997
4,0.12140000000000001,0.12140000000000001
4,0.1216,0.12159999999999999
4,0.1218,0.12179999999999999
4,0.12200000000000001,0.122
4,0.1222,0.12219999999999998
4,0.12240000000000001,0.12240000000000001
4,0.1226,0.12259999999999999
4,0.1228,0.12279999999999999
4,0.12300000000000001,0.123
4,0.1232,0.12319999999999998
4,0.12340000000000001,0.12340000000000001
4,0.1236,0.12359999999999999
4,0.12380000000000001,0.1238
4,0.12400000000000001,0.124
4,0.1242,0.12419999999999998
4,0.12440000000000001,0.12440000000000001
4,0.1246,0.12459999999999999
4,0.12480000000000001,0.1248
4,0.125,0.125
4,0.1252,0.12519999999999998
4,0.1254,0.1254
4,0.1256,0.1256
4,0.1258,0.12579999999999997
4,0.126,0.126
4,0.1262,0.12619999999999998
4,0.1264,0.1264
4,0.12660000000000002,0.1266
4,0.1268,0.12679999999999997
4,0.127,0.127
4,0.1272,0.12719999999999998
4,0.1274,0.1274
4,0.12760000000000002,0.1276
4,0.1278,0.12779999999999997
4,0.128,0.128
4,0.1282,0.12819999999999998
4,0.12840000000000001,0.12840000000000001
4,0.12860000000000002,0.1286
4,0.1288,0.12879999999999997
4,0.129,0.129
4,0.1292,0.12919999999999998
4,0.12940000000000002,0.12940000000000002
4,0.12960000000000002,0.1296
4,0.1298,0.12979999999999997
4,0.13,0.13
4,0.1302,0.13019999999999998
4,0.13040000000000002,0.13040000000000002
4,0.1306,0.1306
4,0.1308,0.13079999999999997
4,0.131,0.131
4,0.1312,0.13119999999999998
4,0.13140000000000002,0.13140000000000002
4,0.1316,0.1316
4,0.1318,0.13179999999999997
4,0.132,0.132
4,0.1322,0.13219999999999998
4,0.13240000000000002,0.13240000000000002
4,0.1326,0.1326
4,0.1328,0.13279999999999997
4,0.133,0.133
4,0.1332,0.13319999999999999
4,0.13340000000000002,0.13340000000000002
4,0.1336,0.1336
4,0.1338,0.13379999999999997
4,0.134,0.134
4,0.1342,0.13419999999999999
4,0.13440000000000002,0.13440000000000002
4,0.1346,0.1346
4,0.1348,0.13479999999999998
4,0.135,0.135
4,0.13520000000000001,0.1352
4,0.13540000000000002,0.13540000000000002
4,0.1356,0.1356
4,0.1358,0.13579999999999998
4,0.136,0.136
4,0.13620000000000002,0.1362
4,0.13640000000000002,0.13640000000000002
4,0.1366,0.1366
4,0.1368,0.13679999999999998
4,0.137,0.137
4,0.13720000000000002,0.1372
4,0.1374,0.13739999999999997
4,0.1376,0.1376
4,0.1378,0.13779999999999998
4,0.138,0.138
4,0.13820000000000002,0.1382
4,0.1384,0.13839999999999997
4,0.1386,0.1386
4,0.1388,0.13879999999999998
4,0.139,0.139
4,0.13920000000000002,0.1392
4,0.1394,0.13939999999999997
4,0.1396,0.1396
4,0.1398,0.13979999999999998
4,0.14,0.14
4,0.14020000000000002,0.1402
4,0.1404,0.14039999999999997
4,0.1406,0.1406
4,0.1408,0.14079999999999998
4,0.14100000000000001,0.14100000000000001
4,0.14120000000000002,0.1412
4,0.1414,0.14139999999999997
4,0.1416,0.1416
4,0.1418,0.14179999999999998
4,0.14200000000000002,0.14200000000000002
4,0.14220000000000002,0.1422
4,0.1424,0.14239999999999997
4,0.1426,0.1426
4,0.1428,0.14279999999999998
4,0.14300000000000002,0.14300000000000002
4,0.1432,0.1432
4,0.1434,0.14339999999999997
4,0.1436,0.1436
4,0.1438,0.14379999999999998
4,0.14400000000000002,0.14400000000000002
4,0.1442,0.1442
4,0.1444,0.14439999999999997
4,0.1446,0.1446
4,0.1448,0.14479999999999998
4,0.14500000000000002,0.14500000000000002
4,0.1452,0.1452
4,0.1454,0.14539999999999997
4,0.1456,0.1456
4,0.1458,0.14579999999999999
4,0.14600000000000002,0.14600000000000002
4,0.1462,0.1462
4,0.1464,0.14639999999999997
4,0.1466,0.1466
4,0.1468,0.14679999999999999
4,0.14700000000000002,0.14700000000000002
4,0.1472,0.1472
4,0.1474,0.14739999999999998
4,0.1476,0.1476
4,0.14780000000000001,0.1478
4,0.14800000000000002,0.14800000000000002
4,0.1482,0.1482
4,0.1484,0.14839999999999998
4,0.1486,0.1486
4,0.14880000000000002,0.1488
4,0.14900000000000002,0.14900000000000002
4,0.1492,0.1492
4,0.1494,0.14939999999999998
4,0.1496,0.1496
4,0.14980000000000002,0.1498
4,0.15,0.14999999999999997
4,0.1502,0.1502
4,0.1504,0.15039999999999998
4,0.1506,0.1506
4,0.15080000000000002,0.1508
4,0.151,0.15099999999999997
4,0.1512,0.1512
4,0.1514,0.15139999999999998
4,0.1516,0.1516
4,0.15180000000000002,0.1518
4,0.152,0.15199999999999997
4,0.1522,0.1522
4,0.1524,0.15239999999999998
4,0.1526,0.1526
4,0.15280000000000002,0.1528
4,0.153,0.15299999999999997
4,0.1532,0.1532
4,0.1534,0.15339999999999998
4,0.15360000000000001,0.15360000000000001
4,0.15380000000000002,0.1538
4,0.154,0.15399999999999997
4,0.1542,0.1542
4,0.1544,0.15439999999999998
4,0.15460000000000002,0.15460000000000002
4,0.15480000000000002,0.1548
4,0.155,0.15499999999999997
4,0.1552,0.1552
4,0.1554,0.15539999999999998
4,0.15560000000000002,0.15560000000000002
4,0.15580000000000002,0.1558
4,0.156,0.15599999999999997
4,0.1562,0.1562
4,0.1564,0.15639999999999998
4,0.15660000000000002,0.15660000000000002
4,0.1568,0.1568
4,0.157,0.15699999999999997
4,0.1572,0.1572
4,0.1574,0.15739999999999998
4,0.15760000000000002,0.15760000000000002
4,0.1578,0.1578
4,0.158,0.15799999999999997
4,0.1582,0.1582
4,0.1584,0.15839999999999999
4,0.15860000000000002,0.15860000000000002
4,0.1588,0.1588
4,0.159,0.15899999999999997
4,0.1592,0.1592
4,0.15940000000000001,0.1594
4,0.15960000000000002,0.15960000000000002
4,0.1598,0.1598
4,0.16,0.15999999999999998
4,0.1602,0.1602
4,0.16040000000000001,0.1604
4,0.16060000000000002,0.16060000000000002
4,0.1608,0.1608
4,0.161,0.16099999999999998
4,0.1612,0.1612
4,0.16140000000000002,0.1614
4,0.16160000000000002,0.16160000000000002
4,0.1618,0.1618
4,0.162,0.16199999999999998
4,0.1622,0.1622
4,0.16240000000000002,0.1624
4,0.16260000000000002,0.16260000000000002
4,0.1628,0.1628
4,0.163,0.16299999999999998
4,0.1632,0.1632
4,0.16340000000000002,0.1634
4,0.1636,0.16359999999999997
4,0.1638,0.1638
4,0.164,0.16399999999999998
4,0.1642,0.1642
4,0.16440000000000002,0.1644
4,0.1646,0.16459999999999997
4,0.1648,0.1648
4,0.165,0.16499999999999998
4,0.1652,0.1652
4,0.16540000000000002,0.1654
4,0.1656,0.16559999999999997
4,0.1658,0.1658
4,0.166,0.16599999999999998
4,0.16620000000000001,0.16620000000000001
4,0.16640000000000002,0.1664
4,0.1666,0.16659999999999997
4,0.1668,0.16679999999999995
4,0.167,0.16699999999999998
4,0.16720000000000002,0.16720000000000002
4,0.16740000000000002,0.1674
4,0.1676,0.16759999999999997
4,0.1678,0.16779999999999995
4,0.168,0.16799999999999998
4,0.16820000000000002,0.16820000000000002
4,0.16840000000000002,0.1684
4,0.1686,0.16859999999999997
4,0.1688,0.16879999999999995
4,0.169,0.16899999999999998
4,0.16920000000000002,0.16920000000000002
4,0.16940000000000002,0.1694
4,0.1696,0.16959999999999997
4,0.1698,0.16979999999999995
4,0.17,0.16999999999999998
4,0.17020000000000002,0.17020000000000002
4,0.1704,0.1704
4,0.1706,0.17059999999999997
4,0.1708,0.17079999999999995
4,0.171,0.17099999999999999
4,0.17120000000000002,0.17120000000000002
4,0.1714,0.1714
4,0.1716,0.17159999999999997
4,0.1718,0.17179999999999995
4,0.17200000000000001,0.172
4,0.17220000000000002,0.17220000000000002
4,0.1724,0.1724
4,0.1726,0.17259999999999998
4,0.1728,0.17279999999999995
4,0.17300000000000001,0.173
4,0.17320000000000002,0.17320000000000002
4,0.1734,0.1734
4,0.1736,0.17359999999999998
4,0.1738,0.17379999999999995
4,0.17400000000000002,0.174
4,0.17420000000000002,0.17420000000000002
4,0.1744,0.1744
4,0.1746,0.17459999999999998
4,0.1748,0.17479999999999996
4,0.17500000000000002,0.175
4,0.17520000000000002,0.17520000000000002
4,0.1754,0.1754
4,0.1756,0.17559999999999998
4,0.1758,0.17579999999999996
4,0.17600000000000002,0.176
4,0.1762,0.17619999999999997
4,0.1764,0.1764
4,0.1766,0.17659999999999998
4,0.1768,0.17679999999999996
4,0.17700000000000002,0.177
4,0.1772,0.17719999999999997
4,0.1774,0.1774
4,0.1776,0.17759999999999998
4,0.1778,0.17779999999999996
4,0.17800000000000002,0.178
4,0.1782,0.17819999999999997
4,0.1784,0.1784
4,0.1786,0.17859999999999998
4,0.17880000000000001,0.17879999999999996
4,0.17900000000000002,0.179
4,0.1792,0.17919999999999997
4,0.1794,0.1794
4,0.1796,0.17959999999999998
4,0.17980000000000002,0.17979999999999996
4,0.18000000000000002,0.18
4,0.1802,0.18019999999999997
4,0.1804,0.1804
4,0.1806,0.18059999999999998
4,0.18080000000000002,0.18079999999999996
4,0.18100000000000002,0.181
4,0.1812,0.18119999999999997
4,0.1814,0.1814
4,0.1816,0.18159999999999998
4,0.18180000000000002,0.18179999999999996
4,0.18200000000000002,0.182
4,0.1822,0.18219999999999997
4,0.1824,0.1824
4,0.1826,0.18259999999999998
4,0.18280000000000002,0.18279999999999996
4,0.183,0.18299999999999994
4,0.1832,0.18319999999999997
4,0.1834,0.1834
4,0.1836,0.18359999999999999
4,0.18380000000000002,0.18379999999999996
4,0.184,0.18399999999999994
4,0.1842,0.18419999999999997
4,0.1844,0.1844
4,0.18460000000000001,0.1846
4,0.18480000000000002,0.18479999999999996
4,0.185,0.18499999999999994
4,0.1852,0.18519999999999998
4,0.1854,0.1854
4,0.18560000000000001,0.1856
4,0.18580000000000002,0.18579999999999997
4,0.186,0.18599999999999994
4,0.1862,0.18619999999999998
4,0.1864,0.1864
4,0.18660000000000002,0.1866
4,0.18680000000000002,0.18679999999999997
4,0.187,0.18699999999999994
4,0.1872,0.18719999999999998
4,0.1874,0.1874
4,0.18760000000000002,0.1876
4,0.18780000000000002,0.18779999999999997
4,0.188,0.18799999999999994
4,0.1882,0.18819999999999998
4,0.1884,0.1884
4,0.18860000000000002,0.1886
4,0.18880000000000002,0.18879999999999997
4,0.189,0.18899999999999995
4,0.1892,0.18919999999999998
4,0.1894,0.1894
4,0.18960000000000002,0.1896
4,0.1898,0.18979999999999997
4,0.19,0.18999999999999995
4,0.1902,0.19019999999999998
4,0.1904,0.1904
4,0.19060000000000002,0.1906
4,0.1908,0.19079999999999997
4,0.191,0.19099999999999995
4,0.1912,0.19119999999999998
4,0.19140000000000001,0.19140000000000001
4,0.19160000000000002,0.1916
4,0.1918,0.19179999999999997
4,0.192,0.19199999999999995
4,0.1922,0.19219999999999998
4,0.19240000000000002,0.19240000000000002
4,0.19260000000000002,0.1926
4,0.1928,0.19279999999999997
4,0.193,0.19299999999999995
4,0.1932,0.19319999999999998
4,0.19340000000000002,0.19340000000000002
4,0.19360000000000002,0.1936
4,0.1938,0.19379999999999997
4,0.194,0.19399999999999995
4,0.1942,0.19419999999999998
4,0.19440000000000002,0.19440000000000002
4,0.19460000000000002,0.1946
4,0.1948,0.19479999999999997
4,0.195,0.19499999999999995
4,0.1952,0.19519999999999998
4,0.19540000000000002,0.19540000000000002
4,0.19560000000000002,0.1956
4,0.1958,0.19579999999999997
4,0.196,0.19599999999999995
4,0.1962,0.19619999999999999
4,0.19640000000000002,0.19640000000000002
4,0.1966,0.1966
4,0.1968,0.19679999999999997
4,0.197,0.19699999999999995
4,0.19720000000000001,0.1972
4,0.19740000000000002,0.19740000000000002
4,0.1976,0.1976
4,0.1978,0.19779999999999998
4,0.198,0.19799999999999995
4,0.19820000000000002,0.1982
4,0.19840000000000002,0.19840000000000002
4,0.1986,0.1986
4,0.1988,0.19879999999999998
4,0.199,0.19899999999999995
4,0.19920000000000002,0.1992
4,0.19940000000000002,0.19940000000000002
4,0.1996,0.1996
4,0.1998,0.19979999999999998
4,0.2,0.19999999999999996
4,0.20020000000000002,0.2002
4,0.20040000000000002,0.20040000000000002
4,0.2006,0.2006
4,0.2008,0.20079999999999998
4,0.201,0.20099999999999996
4,0.20120000000000002,0.2012
4,0.20140000000000002,0.20140000000000002
4,0.2016,0.2016
4,0.2018,0.20179999999999998
4,0.202,0.20199999999999996
4,0.20220000000000002,0.2022
4,0.20240000000000002,0.20240000000000002
4,0.2026,0.2026
4,0.2028,0.20279999999999998
4,0.203,0.20299999999999996
4,0.20320000000000002,0.2032
4,0.2034,0.20339999999999997
4,0.2036,0.2036
4,0.2038,0.20379999999999998
4,0.20400000000000001,0.20399999999999996
4,0.20420000000000002,0.2042
4,0.2044,0.20439999999999997
4,0.2046,0.2046
4,0.2048,0.20479999999999998
4,0.20500000000000002,0.20499999999999996
4,0.20520000000000002,0.2052
4,0.2054,0.20539999999999997
4,0.2056,0.2056
4,0.2058,0.20579999999999998
4,0.20600000000000002,0.20599999999999996
4,0.20620000000000002,0.2062
4,0.2064,0.20639999999999997
4,0.2066,0.2066
4,0.2068,0.20679999999999998
4,0.20700000000000002,0.20699999999999996
4,0.20720000000000002,0.2072
4,0.2074,0.20739999999999997
4,0.2076,0.2076
4,0.2078,0.20779999999999998
4,0.20800000000000002,0.20799999999999996
4,0.20820000000000002,0.2082
4,0.2084,0.20839999999999997
4,0.2086,0.2086
4,0.2088,0.20879999999999999
4,0.20900000000000002,0.20899999999999996
4,0.2092,0.20919999999999994
4,0.2094,0.20939999999999998
4,0.2096,0.2096
4,0.20980000000000001,0.2098
4,0.21000000000000002,0.20999999999999996
4,0.2102,0.21019999999999994
4,0.2104,0.21039999999999998
4,0.2106,0.2106
4,0.21080000000000002,0.2108
4,0.21100000000000002,0.21099999999999997
4,0.2112,0.21119999999999994
4,0.2114,0.21139999999999998
4,0.2116,0.2116
4,0.21180000000000002,0.2118
4,0.21200000000000002,0.21199999999999997
4,0.2122,0.21219999999999994
4,0.2124,0.21239999999999998
4,0.2126,0.2126
4,0.21280000000000002,0.2128
4,0.21300000000000002,0.21299999999999997
4,0.2132,0.21319999999999995
4,0.2134,0.21339999999999998
4,0.2136,0.2136
4,0.21380000000000002,0.2138
4,0.21400000000000002,0.21399999999999997
4,0.2142,0.21419999999999995
4,0.2144,0.21439999999999998
4,0.2146,0.2146
4,0.21480000000000002,0.2148
4,0.21500000000000002,0.21499999999999997
4,0.2152,0.21519999999999995
4,0.2154,0.21539999999999998
4,0.2156,0.2156
4,0.21580000000000002,0.2158
4,0.216,0.21599999999999997
4,0.2162,0.21619999999999995
4,0.2164,0.21639999999999998
4,0.21660000000000001,0.21660000000000001
4,0.21680000000000002,0.2168
4,0.217,0.21699999999999997
4,0.2172,0.21719999999999995
4,0.2174,0.21739999999999998
4,0.21760000000000002,0.21760000000000002
4,0.21780000000000002,0.2178
4,0.218,0.21799999999999997
4,0.2182,0.21819999999999995
4,0.2184,0.21839999999999998
4,0.21860000000000002,0.21860000000000002
4,0.21880000000000002,0.2188
4,0.219,0.21899999999999997
4,0.2192,0.21919999999999995
4,0.2194,0.21939999999999998
4,0.21960000000000002,0.21960000000000002
4,0.21980000000000002,0.2198
4,0.22,0.21999999999999997
4,0.2202,0.22019999999999995
4,0.2204,0.22039999999999998
4,0.22060000000000002,0.22060000000000002
4,0.22080000000000002,0.2208
4,0.221,0.22099999999999997
4,0.2212,0.22119999999999995
4,0.2214,0.22139999999999999
4,0.22160000000000002,0.22160000000000002
4,0.22180000000000002,0.2218
4,0.222,0.22199999999999998
4,0.2222,0.22219999999999995
4,0.22240000000000001,0.2224
4,0.22260000000000002,0.22260000000000002
4,0.2228,0.2228
4,0.223,0.22299999999999998
4,0.2232,0.22319999999999995
4,0.22340000000000002,0.2234
4,0.22360000000000002,0.22360000000000002
4,0.2238,0.2238
4,0.224,0.22399999999999998
4,0.2242,0.22419999999999995
4,0.22440000000000002,0.2244
4,0.22460000000000002,0.22460000000000002
4,0.2248,0.2248
4,0.225,0.22499999999999998
4,0.2252,0.22519999999999996
4,0.22540000000000002,0.2254
4,0.22560000000000002,0.22560000000000002
4,0.2258,0.2258
4,0.226,0.22599999999999998
4,0.2262,0.22619999999999996
4,0.22640000000000002,0.2264
4,0.22660000000000002,0.22660000000000002
4,0.2268,0.2268
4,0.227,0.22699999999999998
4,0.2272,0.22719999999999996
4,0.22740000000000002,0.2274
4,0.22760000000000002,0.22760000000000002
4,0.2278,0.2278
4,0.228,0.22799999999999998
4,0.22820000000000001,0.22819999999999996
4,0.22840000000000002,0.2284
4,0.22860000000000003,0.22860000000000003
4,0.2288,0.2288
4,0.229,0.22899999999999998
4,0.22920000000000001,0.22919999999999996
4,0.22940000000000002,0.2294
4,0.2296,0.22959999999999997
4,0.2298,0.2298
4,0.23,0.22999999999999998
4,0.23020000000000002,0.23019999999999996
4,0.23040000000000002,0.2304
4,0.2306,0.23059999999999997
4,0.2308,0.2308
4,0.231,0.23099999999999998
4,0.23120000000000002,0.23119999999999996
4,0.23140000000000002,0.2314
4,0.2316,0.23159999999999997
4,0.2318,0.2318
4,0.232,0.23199999999999998
4,0.23220000000000002,0.23219999999999996
4,0.23240000000000002,0.2324
4,0.2326,0.23259999999999997
4,0.2328,0.2328
4,0.233,0.23299999999999998
4,0.23320000000000002,0.23319999999999996
4,0.23340000000000002,0.2334
4,0.2336,0.23359999999999997
4,0.2338,0.2338
4,0.234,0.23399999999999999
4,0.23420000000000002,0.23419999999999996
4,0.23440000000000003,0.2344
4,0.2346,0.23459999999999998
4,0.2348,0.2348
4,0.23500000000000001,0.235
4,0.23520000000000002,0.23519999999999996
4,0.23540000000000003,0.2354
4,0.2356,0.23559999999999998
4,0.2358,0.2358
4,0.23600000000000002,0.236
4,0.23620000000000002,0.23619999999999997
4,0.2364,0.23639999999999994
4,0.2366,0.23659999999999998
4,0.2368,0.2368
4,0.23700000000000002,0.237
4,0.23720000000000002,0.23719999999999997
4,0.2374,0.23739999999999994
4,0.2376,0.23759999999999998
4,0.2378,0.2378
4,0.23800000000000002,0.238
4,0.23820000000000002,0.23819999999999997
4,0.2384,0.23839999999999995
4,0.2386,0.23859999999999998
4,0.2388,0.2388
4,0.23900000000000002,0.239
4,0.23920000000000002,0.23919999999999997
4,0.2394,0.23939999999999995
4,0.2396,0.23959999999999998
4,0.2398,0.2398
4,0.24000000000000002,0.24
4,0.24020000000000002,0.24019999999999997
4,0.2404,0.24039999999999995
4,0.2406,0.24059999999999998
4,0.24080000000000001,0.24080000000000001
4,0.24100000000000002,0.241
4,0.24120000000000003,0.24119999999999997
4,0.2414,0.24139999999999995
4,0.2416,0.24159999999999998
4,0.24180000000000001,0.24180000000000001
4,0.24200000000000002,0.242
4,0.2422,0.24219999999999997
4,0.2424,0.24239999999999995
4,0.2426,0.24259999999999998
4,0.24280000000000002,0.24280000000000002
4,0.24300000000000002,0.243
4,0.2432,0.24319999999999997
4,0.2434,0.24339999999999995
4,0.2436,0.24359999999999998
4,0.24380000000000002,0.24380000000000002
4,0.24400000000000002,0.244
4,0.2442,0.24419999999999997
4,0.2444,0.24439999999999995
4,0.2446,0.24459999999999998
4,0.24480000000000002,0.24480000000000002
4,0.24500000000000002,0.245
4,0.2452,0.24519999999999997
4,0.2454,0.24539999999999995
4,0.2456,0.24559999999999998
4,0.24580000000000002,0.24580000000000002
4,0.24600000000000002,0.246
4,0.2462,0.24619999999999997
4,0.2464,0.24639999999999995
4,0.2466,0.24659999999999999
4,0.24680000000000002,0.24680000000000002
4,0.24700000000000003,0.247
4,0.2472,0.24719999999999998
4,0.2474,0.24739999999999995
4,0.24760000000000001,0.2476
4,0.24780000000000002,0.24780000000000002
4,0.24800000000000003,0.248
4,0.2482,0.24819999999999998
4,0.2484,0.24839999999999995
4,0.24860000000000002,0.2486
4,0.24880000000000002,0.24880000000000002
4,0.249,0.249
4,0.2492,0.24919999999999998
4,0.2494,0.24939999999999996
4,0.24960000000000002,0.2496
4,0.24980000000000002,0.24980000000000002
4,0.25,0.25
4,0.2502,0.24940000000000007
4,0.2504,0.24879999999999997
4,0.2506,0.24820000000000003
4,0.2508,0.24759999999999993
4,0.251,0.247
4,0.25120000000000003,0.2463999999999999
4,0.2514,0.24579999999999996
4,0.2516,0.24520000000000003
4,0.2518,0.24459999999999993
4,0.252,0.244
4,0.25220000000000004,0.2433999999999999
4,0.2524,0.24279999999999996
4,0.2526,0.24220000000000003
4,0.2528,0.24159999999999993
4,0.253,0.241
4,0.25320000000000004,0.2403999999999999
4,0.2534,0.23979999999999996
4,0.2536,0.23920000000000002
4,0.2538,0.23859999999999992
4,0.254,0.238
4,0.25420000000000004,0.2373999999999999
4,0.2544,0.23679999999999995
4,0.2546,0.23620000000000002
4,0.2548,0.23559999999999992
4,0.255,0.235
4,0.25520000000000004,0.2343999999999999
4,0.2554,0.23379999999999995
4,0.2556,0.23320000000000002
4,0.2558,0.23259999999999992
4,0.256,0.23199999999999998
4,0.25620000000000004,0.23139999999999988
4,0.2564,0.23079999999999995
4,0.2566,0.23020000000000002
4,0.25680000000000003,0.22959999999999992
4,0.257,0.22899999999999998
4,0.25720000000000004,0.22839999999999988
4,0.2574,0.22779999999999995
4,0.2576,0.2272
4,0.25780000000000003,0.2265999999999999
4,0.258,0.22599999999999998
4,0.25820000000000004,0.22539999999999988
4,0.2584,0.22479999999999994
4,0.2586,0.2242
4,0.25880000000000003,0.2235999999999999
4,0.259,0.22299999999999998
4,0.2592,0.22240000000000004
4,0.2594,0.22179999999999994
4,0.2596,0.2212
4,0.25980000000000003,0.2205999999999999
4,0.26,0.21999999999999997
4,0.2602,0.21940000000000004
4,0.2604,0.21879999999999994
4,0.2606,0.2182
4,0.26080000000000003,0.2175999999999999
4,0.261,0.21699999999999997
4,0.2612,0.21640000000000004
4,0.2614,0.21579999999999994
4,0.2616,0.2152
4,0.26180000000000003,0.2145999999999999
4,0.262,0.21399999999999997
4,0.2622,0.21340000000000003
4,0.2624,0.21279999999999993
4,0.2626,0.2122
4,0.26280000000000003,0.2115999999999999
4,0.263,0.21099999999999997
4,0.2632,0.21040000000000003
4,0.2634,0.20979999999999993
4,0.2636,0.2092
4,0.26380000000000003,0.2085999999999999
4,0.264,0.20799999999999996
4,0.2642,0.20740000000000003
4,0.2644,0.20679999999999993
4,0.2646,0.2062
4,0.26480000000000004,0.2055999999999999
4,0.265,0.20499999999999996
4,0.2652,0.20440000000000003
4,0.2654,0.20379999999999993
4,0.2656,0.2032
4,0.26580000000000004,0.2025999999999999
4,0.266,0.20199999999999996
4,0.2662,0.20140000000000002
4,0.2664,0.20079999999999992
4,0.2666,0.2002
4,0.26680000000000004,0.1995999999999999
4,0.267,0.19899999999999995
4,0.2672,0.19840000000000002
4,0.2674,0.19779999999999992
4,0.2676,0.1972
4,0.26780000000000004,0.19659999999999989
4,0.268,0.19599999999999995
4,0.2682,0.19540000000000002
4,0.2684,0.19479999999999992
4,0.2686,0.19419999999999998
4,0.26880000000000004,0.19359999999999988
4,0.269,0.19299999999999995
4,0.2692,0.19240000000000002
4,0.26940000000000003,0.19179999999999992
4,0.2696,0.19119999999999998
4,0.26980000000000004,0.19059999999999988
4,0.27,0.18999999999999995
4,0.2702,0.1894
4,0.27040000000000003,0.1887999999999999
4,0.2706,0.18819999999999998
4,0.27080000000000004,0.18759999999999988
4,0.271,0.18699999999999994
4,0.2712,0.1864
4,0.27140000000000003,0.1857999999999999
4,0.2716,0.18519999999999998
4,0.27180000000000004,0.18459999999999988
4,0.272,0.18399999999999994
4,0.2722,0.1834
4,0.27240000000000003,0.1827999999999999
4,0.2726,0.18219999999999997
4,0.2728,0.18160000000000004
4,0.273,0.18099999999999994
4,0.2732,0.1804
4,0.27340000000000003,0.1797999999999999
4,0.2736,0.17919999999999997
4,0.2738,0.17860000000000004
4,0.274,0.17799999999999994
4,0.2742,0.1774
4,0.27440000000000003,0.1767999999999999
4,0.2746,0.17619999999999997
4,0.2748,0.17560000000000003
4,0.275,0.17499999999999993
4,0.2752,0.1744
4,0.27540000000000003,0.1737999999999999
4,0.2756,0.17319999999999997
4,0.2758,0.17260000000000003
4,0.276,0.17199999999999993
4,0.2762,0.1714
4,0.27640000000000003,0.1707999999999999
4,0.2766,0.17019999999999996
4,0.2768,0.16960000000000003
4,0.277,0.16899999999999993
4,0.2772,0.1684
4,0.27740000000000004,0.1677999999999999
4,0.2776,0.16719999999999996
4,0.2778,0.16660000000000003
4,0.278,0.16599999999999993
4,0.2782,0.1654
4,0.27840000000000004,0.1647999999999999
4,0.2786,0.16419999999999996
4,0.2788,0.16360000000000002
4,0.279,0.16299999999999992
4,0.2792,0.1624
4,0.27940000000000004,0.1617999999999999
4,0.2796,0.16119999999999995
4,0.2798,0.16060000000000002
4,0.28,0.15999999999999992
4,0.2802,0.1594
4,0.28040000000000004,0.15879999999999989
4,0.2806,0.15819999999999995
4,0.2808,0.15760000000000002
4,0.281,0.15699999999999992
4,0.2812,0.15639999999999998
4,0.28140000000000004,0.15579999999999988
4,0.2816,0.15519999999999995
4,0.2818,0.15460000000000002
4,0.28200000000000003,0.15399999999999991
4,0.2822,0.15339999999999998
4,0.28240000000000004,0.15279999999999988
4,0.2826,0.15219999999999995
4,0.2828,0.1516
4,0.28300000000000003,0.1509999999999999
4,0.2832,0.15039999999999998
4,0.28340000000000004,0.14979999999999988
4,0.2836,0.14919999999999994
4,0.2838,0.1486
4,0.28400000000000003,0.1479999999999999
4,0.2842,0.14739999999999998
4,0.28440000000000004,0.14679999999999988
4,0.2846,0.14619999999999994
4,0.2848,0.1456
4,0.28500000000000003,0.1449999999999999
4,0.2852,0.14439999999999997
4,0.2854,0.14380000000000004
4,0.2856,0.14319999999999994
4,0.2858,0.1426
4,0.28600000000000003,0.1419999999999999
4,0.2862,0.14139999999999997
4,0.2864,0.14080000000000004
4,0.2866,0.14019999999999994
4,0.2868,0.1396
4,0.28700000000000003,0.1389999999999999
4,0.2872,0.13839999999999997
4,0.2874,0.13780000000000003
4,0.2876,0.13719999999999993
4,0.2878,0.1366
4,0.28800000000000003,0.1359999999999999
4,0.2882,0.13539999999999996
4,0.2884,0.13480000000000003
4,0.2886,0.13419999999999993
4,0.2888,0.1336
4,0.28900000000000003,0.1329999999999999
4,0.2892,0.13239999999999996
4,0.2894,0.13180000000000003
4,0.2896,0.13119999999999993
4,0.2898,0.1306
4,0.29000000000000004,0.1299999999999999
4,0.2902,0.12939999999999996
4,0.2904,0.12880000000000003
4,0.2906,0.12819999999999993
4,0.2908,0.1276
4,0.29100000000000004,0.1269999999999999
4,0.2912,0.12639999999999996
4,0.2914,0.12580000000000002
4,0.2916,0.12519999999999992
4,0.2918,0.12459999999999999
4,0.29200000000000004,0.12399999999999989
4,0.2922,0.12339999999999995
4,0.2924,0.12280000000000002
4,0.2926,0.12219999999999992
4,0.2928,0.12159999999999999
4,0.29300000000000004,0.12099999999999989
4,0.2932,0.12039999999999995
4,0.2934,0.11980000000000002
4,0.2936,0.11919999999999992
4,0.2938,0.11859999999999998
4,0.29400000000000004,0.11799999999999988
4,0.2942,0.11739999999999995
4,0.2944,0.11680000000000001
4,0.29460000000000003,0.11619999999999991
4,0.2948,0.11559999999999998
4,0.29500000000000004,0.11499999999999988
4,0.2952,0.11439999999999995
4,0.2954,0.11380000000000001
4,0.29560000000000003,0.11319999999999991
4,0.2958,0.11259999999999998
4,0.29600000000000004,0.11199999999999988
4,0.2962,0.11139999999999994
4,0.2964,0.11080000000000001
4,0.29660000000000003,0.11019999999999991
4,0.2968,0.10959999999999998
4,0.29700000000000004,0.10899999999999987
4,0.2972,0.10839999999999994
4,0.2974,0.1078
4,0.29760000000000003,0.1071999999999999
4,0.2978,0.10659999999999997
4,0.29800000000000004,0.10599999999999987
4,0.2982,0.10539999999999994
4,0.2984,0.1048
4,0.29860000000000003,0.1041999999999999
4,0.2988,0.10359999999999997
4,0.299,0.10300000000000004
4,0.2992,0.10239999999999994
4,0.2994,0.1018
4,0.29960000000000003,0.1011999999999999
4,0.2998,0.10059999999999997
4,0.3,0.10000000000000003
4,0.3002,0.09939999999999993
4,0.3004,0.0988
4,0.30060000000000003,0.0981999999999999
4,0.3008,0.09759999999999996
4,0.301,0.09700000000000003
4,0.3012,0.09639999999999993
4,0.3014,0.0958
4,0.30160000000000003,0.0951999999999999
4,0.3018,0.09459999999999996
4,0.302,0.09400000000000003
4,0.3022,0.09339999999999993
4,0.3024,0.0928
4,0.30260000000000004,0.0921999999999999
4,0.3028,0.09159999999999996
4,0.303,0.09100000000000003
4,0.3032,0.09039999999999992
4,0.3034,0.08979999999999999
4,0.30360000000000004,0.08919999999999989
4,0.3038,0.08859999999999996
4,0.304,0.08800000000000002
4,0.3042,0.08739999999999992
4,0.3044,0.08679999999999999
4,0.30460000000000004,0.08619999999999989
4,0.3048,0.08559999999999995
4,0.305,0.08500000000000002
4,0.3052,0.08439999999999992
4,0.3054,0.08379999999999999
4,0.30560000000000004,0.08319999999999989
4,0.3058,0.08259999999999995
4,0.306,0.08200000000000002
4,0.3062,0.08139999999999992
4,0.3064,0.08079999999999998
4,0.30660000000000004,0.08019999999999988
4,0.3068,0.07959999999999995
4,0.307,0.07900000000000001
4,0.30720000000000003,0.07839999999999991
4,0.3074,0.07779999999999998
4,0.30760000000000004,0.07719999999999988
4,0.3078,0.07659999999999995
4,0.308,0.07600000000000001
4,0.30820000000000003,0.07539999999999991
4,0.3084,0.07479999999999998
4,0.30860000000000004,0.07419999999999988
4,0.3088,0.07359999999999994
4,0.309,0.07300000000000001
4,0.30920000000000003,0.07239999999999991
4,0.3094,0.07179999999999997
4,0.30960000000000004,0.07119999999999987
4,0.3098,0.07059999999999994
4,0.31,0.07
4,0.31020000000000003,0.0693999999999999
4,0.3104,0.06879999999999997
4,0.31060000000000004,0.06819999999999987
4,0.3108,0.06759999999999994
4,0.311,0.067
4,0.31120000000000003,0.0663999999999999
4,0.3114,0.06579999999999997
4,0.3116,0.06520000000000004
4,0.3118,0.06459999999999994
4,0.312,0.064
4,0.31220000000000003,0.0633999999999999
4,0.3124,0.06279999999999997
4,0.3126,0.06220000000000003
4,0.3128,0.06159999999999993
4,0.313,0.061
4,0.31320000000000003,0.0603999999999999
4,0.3134,0.059799999999999964
4,0.3136,0.05920000000000003
4,0.3138,0.05859999999999993
4,0.314,0.057999999999999996
4,0.31420000000000003,0.057399999999999896
4,0.3144,0.05679999999999996
4,0.3146,0.05620000000000003
4,0.3148,0.05559999999999993
4,0.315,0.05499999999999999
4,0.31520000000000004,0.05439999999999989
4,0.3154,0.05379999999999996
4,0.3156,0.053200000000000025
4,0.3158,0.052599999999999925
4,0.316,0.05199999999999999
4,0.31620000000000004,0.05139999999999989
4,0.3164,0.050799999999999956
4,0.3166,0.05020000000000002
4,0.3168,0.04959999999999992
4,0.317,0.04899999999999999
4,0.31720000000000004,0.04839999999999989
4,0.3174,0.047799999999999954
4,0.3176,0.04720000000000002
4,0.3178,0.04659999999999992
4,0.318,0.045999999999999985
4,0.31820000000000004,0.045399999999999885
4,0.3184,0.04479999999999995
4,0.3186,0.04420000000000002
4,0.31880000000000003,0.04359999999999992
4,0.319,0.04299999999999998
4,0.31920000000000004,0.04239999999999988
4,0.3194,0.04179999999999995
4,0.3196,0.041200000000000014
4,0.31980000000000003,0.040599999999999914
4,0.32,0.03999999999999998
4,0.32020000000000004,0.03939999999999988
4,0.3204,0.038799999999999946
4,0.3206,0.03820000000000001
4,0.32080000000000003,0.03759999999999991
4,0.321,0.03699999999999998
4,0.32120000000000004,0.03639999999999988
4,0.3214,0.03579999999999994
4,0.3216,0.03520000000000001
4,0.32180000000000003,0.03459999999999991
4,0.322,0.033999999999999975
4,0.32220000000000004,0.033399999999999874
4,0.3224,0.03279999999999994
4,0.3226,0.032200000000000006
4,0.32280000000000003,0.031599999999999906
4,0.323,0.030999999999999972
4,0.32320000000000004,0.03039999999999987
4,0.3234,0.029799999999999938
4,0.3236,0.029200000000000004
4,0.32380000000000003,0.028599999999999903
4,0.324,0.02799999999999997
4,0.32420000000000004,0.02739999999999987
4,0.3244,0.026799999999999935
4,0.3246,0.0262
4,0.32480000000000003,0.0255999999999999
4,0.325,0.024999999999999967
4,0.3252,0.024400000000000033
4,0.3254,0.023799999999999932
4,0.3256,0.0232
4,0.32580000000000003,0.022599999999999898
4,0.326,0.021999999999999964
4,0.3262,0.02140000000000003
4,0.3264,0.02079999999999993
4,0.3266,0.020199999999999996
4,0.32680000000000003,0.019599999999999895
4,0.327,0.01899999999999996
4,0.3272,0.018400000000000027
4,0.3274,0.017799999999999927
4,0.3276,0.017199999999999993
4,0.32780000000000004,0.016599999999999893
4,0.328,0.01599999999999996
4,0.3282,0.015400000000000025
4,0.3284,0.014799999999999924
4,0.3286,0.01419999999999999
4,0.32880000000000004,0.01359999999999989
4,0.329,0.012999999999999956
4,0.3292,0.012400000000000022
4,0.3294,0.011799999999999922
4,0.3296,0.011199999999999988
4,0.32980000000000004,0.010599999999999887
4,0.33,0.009999999999999953
4,0.3302,0.00940000000000002
4,0.3304,0.008799999999999919
4,0.3306,0.008199999999999985
4,0.33080000000000004,0.007599999999999885
4,0.331,0.006999999999999951
4,0.3312,0.006400000000000017
4,0.33140000000000003,0.005799999999999916
4,0.3316,0.005199999999999982
4,0.33180000000000004,0.004599999999999882
4,0.332,0.003999999999999948
4,0.3322,0.003400000000000014
4,0.33240000000000003,0.0027999999999999137
4,0.3326,0.0021999999999999797
4,0.33280000000000004,0.0015999999999998793
4,0.333,0.0009999999999999454
4,0.3332,0.00040000000000001146
4,0.33340000000000003,0.000200000000000089
4,0.3336,0.0008000000000000229
4,0.33380000000000004,0.0014000000000001234
4,0.334,0.0020000000000000573
4,0.3342,0.002599999999999991
4,0.33440000000000003,0.0032000000000000917
4,0.3346,0.0038000000000000256
4,0.33480000000000004,0.004400000000000126
4,0.335,0.00500000000000006
4,0.3352,0.005599999999999994
4,0.33540000000000003,0.006200000000000094
4,0.3356,0.006800000000000028
4,0.33580000000000004,0.007400000000000129
4,0.336,0.008000000000000063
4,0.3362,0.008599999999999997
4,0.33640000000000003,0.009200000000000097
4,0.3366,0.009800000000000031
4,0.33680000000000004,0.010400000000000131
4,0.337,0.011000000000000065
4,0.3372,0.0116
4,0.33740000000000003,0.0122000000000001
4,0.3376,0.012800000000000034
4,0.33780000000000004,0.013400000000000134
4,0.338,0.014000000000000068
4,0.3382,0.014600000000000002
4,0.33840000000000003,0.015200000000000102
4,0.3386,0.015800000000000036
4,0.3388,0.01639999999999997
4,0.339,0.01700000000000007
4,0.3392,0.017600000000000005
4,0.33940000000000003,0.018200000000000105
4,0.3396,0.01880000000000004
4,0.3398,0.019399999999999973
4,0.34,0.020000000000000073
4,0.3402,0.020600000000000007
4,0.34040000000000004,0.021200000000000108
4,0.3406,0.02180000000000004
4,0.3408,0.022399999999999975
4,0.341,0.023000000000000076
4,0.3412,0.02360000000000001
4,0.34140000000000004,0.02420000000000011
4,0.3416,0.024800000000000044
4,0.3418,0.025399999999999978
4,0.342,0.02600000000000008
4,0.3422,0.026600000000000013
4,0.34240000000000004,0.027200000000000113
4,0.3426,0.027800000000000047
4,0.3428,0.02839999999999998
4,0.343,0.02900000000000008
4,0.3432,0.029600000000000015
4,0.34340000000000004,0.030200000000000116
4,0.3436,0.03080000000000005
4,0.3438,0.031399999999999983
4,0.34400000000000003,0.032000000000000084
4,0.3442,0.03260000000000002
4,0.34440000000000004,0.03320000000000012
4,0.3446,0.03380000000000005
4,0.3448,0.034399999999999986
4,0.34500000000000003,0.03500000000000009
4,0.3452,0.03560000000000002
4,0.34540000000000004,0.03620000000000012
4,0.3456,0.036800000000000055
4,0.3458,0.03739999999999999
4,0.34600000000000003,0.03800000000000009
4,0.3462,0.03860000000000002
4,0.34640000000000004,0.039200000000000124
4,0.3466,0.03980000000000006
4,0.3468,0.04039999999999999
4,0.34700000000000003,0.04100000000000009
4,0.3472,0.041600000000000026
4,0.34740000000000004,0.042200000000000126
4,0.3476,0.04280000000000006
4,0.3478,0.043399999999999994
4,0.34800000000000003,0.044000000000000095
4,0.3482,0.04460000000000003
4,0.34840000000000004,0.04520000000000013
4,0.3486,0.04580000000000006
4,0.3488,0.0464
4,0.34900000000000003,0.0470000000000001
4,0.3492,0.04760000000000003
4,0.34940000000000004,0.04820000000000013
4,0.3496,0.048800000000000066
4,0.3498,0.0494
4,0.35000000000000003,0.0500000000000001
4,0.3502,0.050600000000000034
4,0.35040000000000004,0.051200000000000134
4,0.3506,0.05180000000000007
4,0.3508,0.0524
4,0.35100000000000003,0.0530000000000001
4,0.3512,0.053600000000000037
4,0.3514,0.05419999999999997
4,0.3516,0.05480000000000007
4,0.3518,0.055400000000000005
4,0.35200000000000004,0.056000000000000105
4,0.3522,0.05660000000000004
4,0.3524,0.05719999999999997
4,0.3526,0.057800000000000074
4,0.3528,0.05840000000000001
4,0.35300000000000004,0.05900000000000011
4,0.3532,0.05960000000000004
4,0.3534,0.060199999999999976
4,0.3536,0.060800000000000076
4,0.3538,0.06140000000000001
4,0.35400000000000004,0.06200000000000011
4,0.3542,0.06260000000000004
4,0.3544,0.06319999999999998
4,0.3546,0.06380000000000008
4,0.3548,0.06440000000000001
4,0.35500000000000004,0.06500000000000011
4,0.3552,0.06560000000000005
4,0.3554,0.06619999999999998
4,0.3556,0.06680000000000008
4,0.3558,0.06740000000000002
4,0.35600000000000004,0.06800000000000012
4,0.3562,0.06860000000000005
4,0.3564,0.06919999999999998
4,0.35660000000000003,0.06980000000000008
4,0.3568,0.07040000000000002
4,0.35700000000000004,0.07100000000000012
4,0.3572,0.07160000000000005
4,0.3574,0.07219999999999999
4,0.35760000000000003,0.07280000000000009
4,0.3578,0.07340000000000002
4,0.35800000000000004,0.07400000000000012
4,0.3582,0.07460000000000006
4,0.3584,0.07519999999999999
4,0.35860000000000003,0.07580000000000009
4,0.3588,0.07640000000000002
4,0.35900000000000004,0.07700000000000012
4,0.3592,0.07760000000000006
4,0.3594,0.07819999999999999
4,0.35960000000000003,0.07880000000000009
4,0.3598,0.07940000000000003
4,0.36000000000000004,0.08000000000000013
4,0.3602,0.08060000000000006
4,0.3604,0.0812
4,0.36060000000000003,0.0818000000000001
4,0.3608,0.08240000000000003
4,0.36100000000000004,0.08300000000000013
4,0.3612,0.08360000000000006
4,0.3614,0.0842
4,0.36160000000000003,0.0848000000000001
4,0.3618,0.08540000000000003
4,0.36200000000000004,0.08600000000000013
4,0.3622,0.08660000000000007
4,0.3624,0.0872
4,0.36260000000000003,0.0878000000000001
4,0.3628,0.08840000000000003
4,0.36300000000000004,0.08900000000000013
4,0.3632,0.08960000000000007
4,0.3634,0.0902
4,0.36360000000000003,0.0908000000000001
4,0.3638,0.09140000000000004
4,0.36400000000000005,0.09200000000000014
4,0.3642,0.09260000000000007
4,0.3644,0.0932
4,0.36460000000000004,0.0938000000000001
4,0.3648,0.09440000000000004
4,0.365,0.09499999999999997
4,0.3652,0.09560000000000007
4,0.3654,0.09620000000000001
4,0.36560000000000004,0.09680000000000011
4,0.3658,0.09740000000000004
4,0.366,0.09799999999999998
4,0.3662,0.09860000000000008
4,0.3664,0.09920000000000001
4,0.36660000000000004,0.09980000000000011
4,0.3668,0.10040000000000004
4,0.367,0.10099999999999998
4,0.3672,0.10160000000000008
4,0.3674,0.10220000000000001
4,0.36760000000000004,0.10280000000000011
4,0.3678,0.10340000000000005
4,0.368,0.10399999999999998
4,0.3682,0.10460000000000008
4,0.3684,0.10520000000000002
4,0.36860000000000004,0.10580000000000012
4,0.3688,0.10640000000000005
4,0.369,0.10699999999999998
4,0.36920000000000003,0.10760000000000008
4,0.3694,0.10820000000000002
4,0.36960000000000004,0.10880000000000012
4,0.3698,0.10940000000000005
4,0.37,0.10999999999999999
4,0.37020000000000003,0.11060000000000009
4,0.3704,0.11120000000000002
4,0.37060000000000004,0.11180000000000012
4,0.3708,0.11240000000000006
4,0.371,0.11299999999999999
4,0.37120000000000003,0.11360000000000009
4,0.3714,0.11420000000000002
4,0.37160000000000004,0.11480000000000012
4,0.3718,0.11540000000000006
4,0.372,0.11599999999999999
4,0.37220000000000003,0.11660000000000009
4,0.3724,0.11720000000000003
4,0.37260000000000004,0.11780000000000013
4,0.3728,0.11840000000000006
4,0.373,0.119
4,0.37320000000000003,0.1196000000000001
4,0.3734,0.12020000000000003
4,0.37360000000000004,0.12080000000000013
4,0.3738,0.12140000000000006
4,0.374,0.122
4,0.37420000000000003,0.1226000000000001
4,0.3744,0.12320000000000003
4,0.37460000000000004,0.12380000000000013
4,0.3748,0.12440000000000007
4,0.375,0.125
4,0.37520000000000003,0.1256000000000001
4,0.3754,0.12620000000000003
4,0.37560000000000004,0.12680000000000013
4,0.3758,0.12740000000000007
4,0.376,0.128
4,0.37620000000000003,0.1286000000000001
4,0.3764,0.12920000000000004
4,0.37660000000000005,0.12980000000000014
4,0.3768,0.13040000000000007
4,0.377,0.131
4,0.37720000000000004,0.1316000000000001
4,0.3774,0.13220000000000004
4,0.3776,0.13279999999999997
4,0.3778,0.13340000000000007
4,0.378,0.134
4,0.37820000000000004,0.1346000000000001
4,0.3784,0.13520000000000004
4,0.3786,0.13579999999999998
4,0.3788,0.13640000000000008
4,0.379,0.137
4,0.37920000000000004,0.1376000000000001
4,0.3794,0.13820000000000005
4,0.3796,0.13879999999999998
4,0.3798,0.13940000000000008
4,0.38,0.14
4,0.38020000000000004,0.1406000000000001
4,0.3804,0.14120000000000005
4,0.3806,0.14179999999999998
4,0.3808,0.14240000000000008
4,0.381,0.14300000000000002
4,0.38120000000000004,0.14360000000000012
4,0.3814,0.14420000000000005
4,0.3816,0.14479999999999998
4,0.38180000000000003,0.14540000000000008
4,0.382,0.14600000000000002
4,0.38220000000000004,0.14660000000000012
4,0.3824,0.14720000000000005
4,0.3826,0.1478
4,0.38280000000000003,0.1484000000000001
4,0.383,0.14900000000000002
4,0.38320000000000004,0.14960000000000012
4,0.3834,0.15020000000000006
4,0.3836,0.1508
4,0.38380000000000003,0.1514000000000001
4,0.384,0.15200000000000002
4,0.38420000000000004,0.15260000000000012
4,0.3844,0.15320000000000006
4,0.3846,0.1538
4,0.38480000000000003,0.1544000000000001
4,0.385,0.15500000000000003
4,0.38520000000000004,0.15560000000000013
4,0.3854,0.15620000000000006
4,0.3856,0.1568
4,0.38580000000000003,0.1574000000000001
4,0.386,0.15800000000000003
4,0.38620000000000004,0.15860000000000013
4,0.3864,0.15920000000000006
4,0.3866,0.1598
4,0.38680000000000003,0.1604000000000001
4,0.387,0.16100000000000003
4,0.38720000000000004,0.16160000000000013
4,0.3874,0.16220000000000007
4,0.3876,0.1628
4,0.38780000000000003,0.1634000000000001
4,0.388,0.16400000000000003
4,0.38820000000000005,0.16460000000000014
4,0.3884,0.16520000000000007
4,0.3886,0.1658
4,0.38880000000000003,0.1664000000000001
4,0.389,0.16700000000000004
4,0.38920000000000005,0.16760000000000014
4,0.3894,0.16820000000000007
4,0.3896,0.1688
4,0.38980000000000004,0.1694000000000001
4,0.39,0.17000000000000004
4,0.39020000000000005,0.17060000000000014
4,0.3904,0.17120000000000007
4,0.3906,0.1718
4,0.39080000000000004,0.1724000000000001
4,0.391,0.17300000000000004
4,0.3912,0.17359999999999998
4,0.3914,0.17420000000000008
4,0.3916,0.1748
4,0.39180000000000004,0.1754000000000001
4,0.392,0.17600000000000005
4,0.3922,0.17659999999999998
4,0.3924,0.17720000000000008
4,0.3926,0.1778
4,0.39280000000000004,0.17840000000000011
4,0.393,0.17900000000000005
4,0.3932,0.17959999999999998
4,0.3934,0.18020000000000008
4,0.3936,0.18080000000000002
4,0.39380000000000004,0.18140000000000012
4,0.394,0.18200000000000005
4,0.3942,0.18259999999999998
4,0.39440000000000003,0.18320000000000008
4,0.3946,0.18380000000000002
4,0.39480000000000004,0.18440000000000012
4,0.395,0.18500000000000005
4,0.3952,0.1856
4,0.39540000000000003,0.1862000000000001
4,0.3956,0.18680000000000002
4,0.39580000000000004,0.18740000000000012
4,0.396,0.18800000000000006
4,0.3962,0.1886
4,0.39640000000000003,0.1892000000000001
4,0.3966,0.18980000000000002
4,0.39680000000000004,0.19040000000000012
4,0.397,0.19100000000000006
4,0.3972,0.1916
4,0.39740000000000003,0.1922000000000001
4,0.3976,0.19280000000000003
4,0.39780000000000004,0.19340000000000013
4,0.398,0.19400000000000006
4,0.3982,0.1946
4,0.39840000000000003,0.1952000000000001
4,0.3986,0.19580000000000003
4,0.39880000000000004,0.19640000000000013
4,0.399,0.19700000000000006
4,0.3992,0.1976
4,0.39940000000000003,0.1982000000000001
4,0.3996,0.19880000000000003
4,0.39980000000000004,0.19940000000000013
4,0.4,0.19999999999999984
4,0.4002,0.1995999999999999
4,0.40040000000000003,0.19919999999999993
4,0.4006,0.19879999999999998
4,0.40080000000000005,0.1983999999999999
4,0.401,0.19799999999999995
4,0.4012,0.1976
4,0.40140000000000003,0.19719999999999988
4,0.4016,0.19679999999999992
4,0.40180000000000005,0.1963999999999999
4,0.402,0.19599999999999995
4,0.4022,0.1956
4,0.40240000000000004,0.19519999999999993
4,0.4026,0.19479999999999997
4,0.40280000000000005,0.1943999999999999
4,0.403,0.19399999999999995
4,0.4032,0.1936
4,0.40340000000000004,0.19319999999999987
4,0.4036,0.19279999999999992
4,0.40380000000000005,0.1923999999999998
4,0.404,0.19199999999999984
4,0.4042,0.19159999999999988
4,0.40440000000000004,0.19119999999999993
4,0.4046,0.19079999999999997
4,0.4048,0.1904
4,0.405,0.18999999999999995
4,0.4052,0.1896
4,0.40540000000000004,0.18919999999999987
4,0.4056,0.1887999999999999
4,0.4058,0.18839999999999996
4,0.406,0.18799999999999994
4,0.4062,0.1876
4,0.40640000000000004,0.18719999999999992
4,0.4066,0.18679999999999997
4,0.4068,0.1864
4,0.40700000000000003,0.18599999999999994
4,0.4072,0.1856
4,0.40740000000000004,0.18519999999999986
4,0.4076,0.1847999999999999
4,0.4078,0.18439999999999995
4,0.40800000000000003,0.18399999999999983
4,0.4082,0.18359999999999987
4,0.40840000000000004,0.18319999999999992
4,0.4086,0.18279999999999996
4,0.4088,0.1824
4,0.40900000000000003,0.18199999999999994
4,0.4092,0.18159999999999998
4,0.40940000000000004,0.18119999999999986
4,0.4096,0.1807999999999999
4,0.4098,0.18039999999999995
4,0.41000000000000003,0.17999999999999994
4,0.4102,0.17959999999999998
4,0.41040000000000004,0.17919999999999991
4,0.4106,0.17879999999999996
4,0.4108,0.1784
4,0.41100000000000003,0.17799999999999994
4,0.4112,0.17759999999999998
4,0.41140000000000004,0.17719999999999986
4,0.4116,0.1767999999999999
4,0.4118,0.17639999999999995
4,0.41200000000000003,0.17599999999999982
4,0.4122,0.17559999999999987
4,0.41240000000000004,0.1751999999999999
4,0.4126,0.17479999999999996
4,0.4128,0.1744
4,0.41300000000000003,0.17399999999999993
4,0.4132,0.17359999999999998
4,0.41340000000000005,0.17319999999999985
4,0.4136,0.1727999999999999
4,0.4138,0.17239999999999994
4,0.41400000000000003,0.17199999999999993
4,0.4142,0.17159999999999997
4,0.41440000000000005,0.1711999999999999
4,0.4146,0.17079999999999995
4,0.4148,0.1704
4,0.41500000000000004,0.16999999999999993
4,0.4152,0.16959999999999997
4,0.41540000000000005,0.16919999999999985
4,0.4156,0.1687999999999999
4,0.4158,0.16839999999999994
4,0.41600000000000004,0.16799999999999982
4,0.4162,0.16759999999999986
4,0.41640000000000005,0.1671999999999999
4,0.4166,0.16679999999999995
4,0.4168,0.1664
4,0.41700000000000004,0.16599999999999993
4,0.4172,0.16559999999999997
4,0.4174,0.1652
4,0.4176,0.1647999999999999
4,0.4178,0.16439999999999994
4,0.41800000000000004,0.16399999999999992
4,0.4182,0.16359999999999997
4,0.4184,0.1632
4,0.4186,0.16279999999999994
4,0.4188,0.1624
4,0.41900000000000004,0.16199999999999992
4,0.4192,0.16159999999999997
4,0.4194,0.1612
4,0.41960000000000003,0.1607999999999999
4,0.4198,0.16039999999999993
4,0.42000000000000004,0.1599999999999998
4,0.4202,0.15959999999999985
4,0.4204,0.1591999999999999
4,0.42060000000000003,0.15879999999999994
4,0.4208,0.15839999999999999
4,0.42100000000000004,0.15799999999999992
4,0.4212,0.15759999999999996
4,0.4214,0.1572
4,0.42160000000000003,0.15679999999999988
4,0.4218,0.15639999999999993
4,0.42200000000000004,0.15599999999999992
4,0.4222,0.15559999999999996
4,0.4224,0.1552
4,0.42260000000000003,0.15479999999999994
4,0.4228,0.15439999999999998
4,0.42300000000000004,0.15399999999999991
4,0.4232,0.15359999999999996
4,0.4234,0.1532
4,0.42360000000000003,0.15279999999999988
4,0.4238,0.15239999999999992
4,0.42400000000000004,0.1519999999999998
4,0.4242,0.15159999999999985
4,0.4244,0.1511999999999999
4,0.42460000000000003,0.15079999999999993
4,0.4248,0.15039999999999998
4,0.42500000000000004,0.1499999999999999
4,0.4252,0.14959999999999996
4,0.4254,0.1492
4,0.42560000000000003,0.14879999999999988
4,0.4258,0.14839999999999992
4,0.42600000000000005,0.1479999999999999
4,0.4262,0.14759999999999995
4,0.4264,0.1472
4,0.42660000000000003,0.14679999999999993
4,0.4268,0.14639999999999997
4,0.42700000000000005,0.1459999999999999
4,0.4272,0.14559999999999995
4,0.4274,0.1452
4,0.42760000000000004,0.14479999999999987
4,0.4278,0.14439999999999992
4,0.42800000000000005,0.1439999999999998
4,0.4282,0.14359999999999984
4,0.4284,0.14319999999999988
4,0.42860000000000004,0.14279999999999993
4,0.4288,0.14239999999999997
4,0.42900000000000005,0.1419999999999999
4,0.4292,0.14159999999999995
4,0.4294,0.1412
4,0.42960000000000004,0.14079999999999987
4,0.4298,0.1403999999999999
4,0.43000000000000005,0.1399999999999999
4,0.4302,0.13959999999999995
4,0.4304,0.1392
4,0.43060000000000004,0.13879999999999992
4,0.4308,0.13839999999999997
4,0.431,0.138
4,0.4312,0.13759999999999994
4,0.4314,0.1372
4,0.43160000000000004,0.13679999999999987
4,0.4318,0.1363999999999999
4,0.432,0.13599999999999995
4,0.43220000000000003,0.13559999999999983
4,0.4324,0.13519999999999988
4,0.43260000000000004,0.13479999999999992
4,0.4328,0.13439999999999996
4,0.433,0.134
4,0.43320000000000003,0.13359999999999994
4,0.4334,0.13319999999999999
4,0.43360000000000004,0.13279999999999986
4,0.4338,0.1323999999999999
4,0.434,0.13199999999999995
4,0.43420000000000003,0.13159999999999994
4,0.4344,0.13119999999999998
4,0.43460000000000004,0.13079999999999992
4,0.4348,0.13039999999999996
4,0.435,0.13
4,0.43520000000000003,0.12959999999999994
4,0.4354,0.12919999999999998
4,0.43560000000000004,0.12879999999999986
4,0.4358,0.1283999999999999
4,0.436,0.12799999999999995
4,0.43620000000000003,0.12759999999999982
4,0.4364,0.12719999999999987
4,0.43660000000000004,0.1267999999999999
4,0.4368,0.12639999999999996
4,0.437,0.126
4,0.43720000000000003,0.12559999999999993
4,0.4374,0.12519999999999998
4,0.43760000000000004,0.12479999999999986
4,0.4378,0.1243999999999999
4,0.438,0.12399999999999994
4,0.43820000000000003,0.12359999999999993
4,0.4384,0.12319999999999998
4,0.43860000000000005,0.12279999999999991
4,0.4388,0.12239999999999995
4,0.439,0.122
4,0.43920000000000003,0.12159999999999993
4,0.4394,0.12119999999999997
4,0.43960000000000005,0.12079999999999985
4,0.4398,0.1203999999999999
4,0.44,0.11999999999999994
4,0.44020000000000004,0.11959999999999982
4,0.4404,0.11919999999999986
4,0.44060000000000005,0.1187999999999999
4,0.4408,0.11839999999999995
4,0.441,0.118
4,0.44120000000000004,0.11759999999999993
4,0.4414,0.11719999999999997
4,0.44160000000000005,0.11679999999999985
4,0.4418,0.11639999999999989
4,0.442,0.11599999999999994
4,0.44220000000000004,0.11559999999999993
4,0.4424,0.11519999999999997
4,0.44260000000000005,0.1147999999999999
4,0.4428,0.11439999999999995
4,0.443,0.11399999999999999
4,0.44320000000000004,0.11359999999999992
4,0.4434,0.11319999999999997
4,0.44360000000000005,0.11279999999999984
4,0.44380000000000003,0.11239999999999989
4,0.444,0.11199999999999993
4,0.44420000000000004,0.11159999999999981
4,0.4444,0.11119999999999985
4,0.4446,0.1107999999999999
4,0.44480000000000003,0.11039999999999994
4,0.445,0.10999999999999999
4,0.44520000000000004,0.10959999999999992
4,0.4454,0.10919999999999996
4,0.4456,0.10880000000000001
4,0.44580000000000003,0.10839999999999989
4,0.446,0.10799999999999993
4,0.44620000000000004,0.10759999999999992
4,0.4464,0.10719999999999996
4,0.4466,0.1068
4,0.44680000000000003,0.10639999999999994
4,0.447,0.10599999999999998
4,0.44720000000000004,0.10559999999999992
4,0.4474,0.10519999999999996
4,0.4476,0.1048
4,0.44780000000000003,0.10439999999999988
4,0.448,0.10399999999999993
4,0.44820000000000004,0.1035999999999998
4,0.4484,0.10319999999999985
4,0.4486,0.10279999999999989
4,0.44880000000000003,0.10239999999999994
4,0.449,0.10199999999999998
4,0.44920000000000004,0.10159999999999991
4,0.4494,0.10119999999999996
4,0.4496,0.1008
4,0.44980000000000003,0.10039999999999988
4,0.45,0.09999999999999992
4,0.45020000000000004,0.09959999999999991
4,0.4504,0.09919999999999995
4,0.4506,0.0988
4,0.45080000000000003,0.09839999999999993
4,0.451,0.09799999999999998
4,0.45120000000000005,0.09759999999999991
4,0.4514,0.09719999999999995
4,0.4516,0.0968
4,0.45180000000000003,0.09639999999999987
4,0.452,0.09599999999999992
4,0.45220000000000005,0.0955999999999998
4,0.4524,0.09519999999999984
4,0.4526,0.09479999999999988
4,0.45280000000000004,0.09439999999999993
4,0.453,0.09399999999999997
4,0.45320000000000005,0.0935999999999999
4,0.4534,0.09319999999999995
4,0.4536,0.0928
4,0.45380000000000004,0.09239999999999987
4,0.454,0.09199999999999992
4,0.45420000000000005,0.0915999999999999
4,0.4544,0.09119999999999995
4,0.4546,0.09079999999999999
4,0.45480000000000004,0.09039999999999992
4,0.455,0.08999999999999997
4,0.45520000000000005,0.0895999999999999
4,0.4554,0.08919999999999995
4,0.4556,0.08879999999999999
4,0.45580000000000004,0.08839999999999987
4,0.456,0.08799999999999991
4,0.45620000000000005,0.08759999999999979
4,0.45640000000000003,0.08719999999999983
4,0.4566,0.08679999999999988
4,0.45680000000000004,0.08639999999999992
4,0.457,0.08599999999999997
4,0.4572,0.08560000000000001
4,0.45740000000000003,0.08519999999999994
4,0.4576,0.08479999999999999
4,0.45780000000000004,0.08439999999999986
4,0.458,0.08399999999999991
4,0.4582,0.08359999999999995
4,0.45840000000000003,0.08319999999999994
4,0.4586,0.08279999999999998
4,0.45880000000000004,0.08239999999999992
4,0.459,0.08199999999999996
4,0.4592,0.0816
4,0.45940000000000003,0.08119999999999994
4,0.4596,0.08079999999999998
4,0.45980000000000004,0.08039999999999986
4,0.46,0.0799999999999999
4,0.4602,0.07959999999999995
4,0.46040000000000003,0.07919999999999983
4,0.4606,0.07879999999999987
4,0.46080000000000004,0.07839999999999991
4,0.461,0.07799999999999996
4,0.4612,0.0776
4,0.46140000000000003,0.07719999999999994
4,0.4616,0.07679999999999998
4,0.46180000000000004,0.07639999999999986
4,0.462,0.0759999999999999
4,0.4622,0.07559999999999995
4,0.46240000000000003,0.07519999999999993
4,0.4626,0.07479999999999998
4,0.46280000000000004,0.07439999999999991
4,0.463,0.07399999999999995
4,0.4632,0.0736
4,0.46340000000000003,0.07319999999999993
4,0.4636,0.07279999999999998
4,0.46380000000000005,0.07239999999999985
4,0.464,0.0719999999999999
4,0.4642,0.07159999999999994
4,0.46440000000000003,0.07119999999999982
4,0.4646,0.07079999999999986
4,0.46480000000000005,0.07039999999999991
4,0.465,0.06999999999999995
4,0.4652,0.0696
4,0.46540000000000004,0.06919999999999993
4,0.4656,0.06879999999999997
4,0.46580000000000005,0.06839999999999985
4,0.466,0.0679999999999999
4,0.4662,0.06759999999999994
4,0.46640000000000004,0.06719999999999993
4,0.4666,0.06679999999999997
4,0.46680000000000005,0.0663999999999999
4,0.467,0.06599999999999995
4,0.4672,0.06559999999999999
4,0.46740000000000004,0.06519999999999992
4,0.4676,0.06479999999999997
4,0.46780000000000005,0.06439999999999985
4,0.468,0.06399999999999989
4,0.4682,0.06359999999999993
4,0.46840000000000004,0.06319999999999981
4,0.4686,0.06279999999999986
4,0.46880000000000005,0.0623999999999999
4,0.46900000000000003,0.061999999999999944
4,0.4692,0.06159999999999999
4,0.46940000000000004,0.06119999999999992
4,0.4696,0.060799999999999965
4,0.46980000000000005,0.06039999999999984
4,0.47000000000000003,0.05999999999999989
4,0.4702,0.05959999999999993
4,0.47040000000000004,0.05919999999999992
4,0.4706,0.05879999999999996
4,0.4708,0.05840000000000001
4,0.47100000000000003,0.05799999999999994
4,0.4712,0.057599999999999985
4,0.47140000000000004,0.05719999999999992
4,0.4716,0.05679999999999996
4,0.4718,0.056400000000000006
4,0.47200000000000003,0.05599999999999988
4,0.4722,0.05559999999999993
4,0.47240000000000004,0.055199999999999805
4,0.4726,0.05479999999999985
4,0.4728,0.05439999999999989
4,0.47300000000000003,0.05399999999999994
4,0.4732,0.05359999999999998
4,0.47340000000000004,0.053199999999999914
4,0.4736,0.05279999999999996
4,0.4738,0.0524
4,0.47400000000000003,0.05199999999999988
4,0.4742,0.051599999999999924
4,0.47440000000000004,0.05119999999999991
4,0.4746,0.050799999999999956
4,0.4748,0.0504
4,0.47500000000000003,0.04999999999999993
4,0.4752,0.04959999999999998
4,0.47540000000000004,0.04919999999999991
4,0.4756,0.048799999999999955
4,0.4758,0.0484
4,0.47600000000000003,0.047999999999999876
4,0.4762,0.04759999999999992
4,0.47640000000000005,0.0471999999999998
4,0.4766,0.04679999999999984
4,0.4768,0.046399999999999886
4,0.47700000000000004,0.04599999999999993
4,0.4772,0.045599999999999974
4,0.47740000000000005,0.04519999999999991
4,0.4776,0.04479999999999995
4,0.4778,0.044399999999999995
4,0.47800000000000004,0.04399999999999987
4,0.4782,0.04359999999999992
4,0.47840000000000005,0.043199999999999905
4,0.4786,0.04279999999999995
4,0.4788,0.04239999999999999
4,0.47900000000000004,0.041999999999999926
4,0.4792,0.04159999999999997
4,0.47940000000000005,0.0411999999999999
4,0.4796,0.04079999999999995
4,0.4798,0.04039999999999999
4,0.48000000000000004,0.03999999999999987
4,0.4802,0.03959999999999991
4,0.48040000000000005,0.03919999999999979
4,0.4806,0.038799999999999835
4,0.4808,0.03839999999999988
4,0.48100000000000004,0.03799999999999992
4,0.4812,0.03759999999999997
4,0.48140000000000005,0.0371999999999999
4,0.48160000000000003,0.036799999999999944
4,0.4818,0.03639999999999999
4,0.48200000000000004,0.035999999999999865
4,0.4822,0.03559999999999991
4,0.48240000000000005,0.0351999999999999
4,0.48260000000000003,0.03479999999999994
4,0.4828,0.034399999999999986
4,0.48300000000000004,0.03399999999999992
4,0.4832,0.03359999999999996
4,0.4834,0.03320000000000001
4,0.48360000000000003,0.03279999999999994
4,0.4838,0.032399999999999984
4,0.48400000000000004,0.03199999999999986
4,0.4842,0.031599999999999906
4,0.4844,0.03119999999999995
4,0.48460000000000003,0.030799999999999828
4,0.4848,0.03039999999999987
4,0.48500000000000004,0.029999999999999916
4,0.4852,0.02959999999999996
4,0.4854,0.029200000000000004
4,0.48560000000000003,0.028799999999999937
4,0.4858,0.02839999999999998
4,0.48600000000000004,0.02799999999999986
4,0.4862,0.027599999999999902
4,0.4864,0.027199999999999946
4,0.48660000000000003,0.026799999999999935
4,0.4868,0.02639999999999998
4,0.48700000000000004,0.025999999999999912
4,0.4872,0.025599999999999956
4,0.4874,0.0252
4,0.48760000000000003,0.024799999999999933
4,0.4878,0.024399999999999977
4,0.48800000000000004,0.023999999999999855
4,0.4882,0.0235999999999999
4,0.4884,0.023199999999999943
4,0.48860000000000003,0.02279999999999982
4,0.4888,0.022399999999999864
4,0.48900000000000005,0.02199999999999991
4,0.4892,0.021599999999999953
4,0.4894,0.021199999999999997
4,0.48960000000000004,0.02079999999999993
4,0.4898,0.020399999999999974
4,0.49000000000000005,0.01999999999999985
4,0.4902,0.019599999999999895
4,0.4904,0.01919999999999994
4,0.49060000000000004,0.018799999999999928
4,0.4908,0.018399999999999972
4,0.49100000000000005,0.017999999999999905
4,0.4912,0.01759999999999995
4,0.4914,0.017199999999999993
4,0.49160000000000004,0.016799999999999926
4,0.4918,0.01639999999999997
4,0.49200000000000005,0.015999999999999848
4,0.4922,0.015599999999999892
4,0.4924,0.015199999999999936
4,0.49260000000000004,0.014799999999999813
4,0.4928,0.014399999999999857
4,0.49300000000000005,0.013999999999999901
4,0.4932,0.013599999999999945
4,0.4934,0.01319999999999999
4,0.49360000000000004,0.012799999999999923
4,0.4938,0.012399999999999967
4,0.49400000000000005,0.011999999999999844
4,0.49420000000000003,0.011599999999999888
4,0.4944,0.011199999999999932
4,0.49460000000000004,0.01079999999999992
4,0.4948,0.010399999999999965
4,0.49500000000000005,0.009999999999999898
4,0.49520000000000003,0.009599999999999942
4,0.4954,0.009199999999999986
4,0.49560000000000004,0.008799999999999919
4,0.4958,0.008399999999999963
4,0.49600000000000005,0.00799999999999984
4,0.49620000000000003,0.007599999999999885
4,0.4964,0.007199999999999929
4,0.49660000000000004,0.006799999999999806
4,0.4968,0.00639999999999985
4,0.497,0.005999999999999894
4,0.49720000000000003,0.005599999999999938
4,0.4974,0.005199999999999982
4,0.49760000000000004,0.0047999999999999154
4,0.4978,0.0043999999999999595
4,0.498,0.0040000000000000036
4,0.49820000000000003,0.003599999999999881
4,0.4984,0.003199999999999925
4,0.49860000000000004,0.0027999999999999137
4,0.4988,0.0023999999999999577
4,0.499,0.0020000000000000018
9,0.001,0.001
9,0.0012000000000000001,0.0011999999999999997
9,0.0014,0.0013999999999999993
9,0.0016,0.001599999999999999
9,0.0018,0.0017999999999999995
9,0.002,0.002
9,0.0022,0.002199999999999999
9,0.0024000000000000002,0.0023999999999999994
9,0.0026,0.002599999999999998
9,0.0028000000000000004,0.0028000000000000004
9,0.003,0.002999999999999999
9,0.0032,0.003199999999999998
9,0.0034000000000000002,0.0034000000000000002
9,0.0036000000000000003,0.003599999999999999
9,0.0038,0.003799999999999998
9,0.004,0.004
9,0.004200000000000001,0.004199999999999999
9,0.0044,0.004399999999999998
9,0.0046,0.0046
9,0.0048000000000000004,0.004799999999999999
9,0.005,0.0049999999999999975
9,0.005200000000000001,0.005199999999999996
9,0.0054,0.005399999999999995
9,0.0056,0.005599999999999997
9,0.0058000000000000005,0.0058
9,0.006,0.005999999999999998
9,0.006200000000000001,0.006199999999999997
9,0.0064,0.006399999999999996
9,0.0066,0.006599999999999995
9,0.0068000000000000005,0.0068000000000000005
9,0.007,0.006999999999999999
9,0.007200000000000001,0.007199999999999998
9,0.0074,0.007399999999999997
9,0.0076,0.007599999999999996
9,0.0078000000000000005,0.0077999999999999944
9,0.008,0.008
9,0.0082,0.008199999999999999
9,0.008400000000000001,0.008399999999999998
9,0.0086,0.008599999999999997
9,0.0088,0.008799999999999995
9,0.009000000000000001,0.008999999999999994
9,0.0092,0.0092
9,0.009400000000000002,0.009399999999999999
9,0.009600000000000001,0.009599999999999997
9,0.0098,0.009799999999999996
9,0.010000000000000002,0.009999999999999995
9,0.0102,0.0102
9,0.0104,0.010399999999999993
9,0.010600000000000002,0.010599999999999998
9,0.0108,0.01079999999999999
9,0.011,0.010999999999999996
9,0.011200000000000002,0.011200000000000002
9,0.0114,0.011399999999999993
9,0.0116,0.0116
9,0.011800000000000001,0.011799999999999991
9,0.012,0.011999999999999997
9,0.012199999999999999,0.012199999999999989
9,0.012400000000000001,0.012399999999999994
9,0.0126,0.0126
9,0.012799999999999999,0.012799999999999992
9,0.013000000000000001,0.012999999999999998
9,0.0132,0.01319999999999999
9,0.013400000000000002,0.013399999999999995
9,0.013600000000000001,0.013600000000000001
9,0.0138,0.013799999999999993
9,0.014000000000000002,0.013999999999999999
9,0.0142,0.01419999999999999
9,0.0144,0.014399999999999996
9,0.014600000000000002,0.014600000000000002
9,0.0148,0.014799999999999994
9,0.015,0.015
9,0.015200000000000002,0.015199999999999991
9,0.0154,0.015399999999999997
9,0.0156,0.015599999999999989
9,0.0158,0.015799999999999995
9,0.016,0.016
9,0.0162,0.016199999999999992
9,0.0164,0.016399999999999998
9,0.0166,0.01659999999999999
9,0.016800000000000002,0.016799999999999995
9,0.017,0.017
9,0.0172,0.017199999999999993
9,0.017400000000000002,0.0174
9,0.0176,0.01759999999999999
9,0.017800000000000003,0.017799999999999996
9,0.018000000000000002,0.017999999999999988
9,0.0182,0.018199999999999994
9,0.018400000000000003,0.0184
9,0.018600000000000002,0.01859999999999999
9,0.0188,0.018799999999999983
9,0.019000000000000003,0.01899999999999999
9,0.019200000000000002,0.019199999999999995
9,0.0194,0.0194
9,0.019600000000000003,0.019599999999999992
9,0.0198,0.019799999999999984
9,0.02,0.01999999999999999
9,0.020200000000000003,0.020199999999999996
9,0.0204,0.0204
9,0.0206,0.020599999999999993
9,0.020800000000000003,0.020799999999999985
9,0.021,0.02099999999999999
9,0.021200000000000004,0.021199999999999997
9,0.021400000000000002,0.021400000000000002
9,0.0216,0.02159999999999998
9,0.021800000000000003,0.021799999999999986
9,0.022000000000000002,0.021999999999999992
9,0.0222,0.022199999999999998
9,0.022400000000000003,0.022400000000000003
9,0.022600000000000002,0.02259999999999998
9,0.0228,0.022799999999999987
9,0.023000000000000003,0.022999999999999993
9,0.023200000000000002,0.0232
9,0.0234,0.02339999999999999
9,0.023600000000000003,0.023599999999999982
9,0.0238,0.023799999999999988
9,0.024,0.023999999999999994
9,0.024200000000000003,0.0242
9,0.0244,0.02439999999999999
9,0.0246,0.024599999999999983
9,0.024800000000000003,0.02479999999999999
9,0.025,0.024999999999999994
9,0.025200000000000004,0.0252
9,0.025400000000000002,0.025399999999999992
9,0.0256,0.025599999999999984
9,0.025800000000000003,0.02579999999999999
9,0.026000000000000002,0.025999999999999995
9,0.0262,0.0262
9,0.026400000000000003,0.026399999999999993
9,0.026600000000000002,0.026599999999999985
9,0.0268,0.02679999999999999
9,0.027000000000000003,0.026999999999999996
9,0.027200000000000002,0.027200000000000002
9,0.0274,0.02739999999999998
9,0.027600000000000003,0.027599999999999986
9,0.027800000000000002,0.02779999999999999
9,0.028,0.027999999999999997
9,0.028200000000000003,0.028200000000000003
9,0.0284,0.02839999999999998
9,0.028600000000000004,0.028599999999999987
9,0.028800000000000003,0.028799999999999992
9,0.029,0.028999999999999998
9,0.029200000000000004,0.029200000000000004
9,0.029400000000000003,0.02939999999999998
9,0.0296,0.029599999999999987
9,0.029800000000000004,0.029799999999999993
9,0.030000000000000002,0.03
9,0.0302,0.030199999999999977
9,0.030400000000000003,0.030399999999999983
9,0.030600000000000002,0.03059999999999999
9,0.0308,0.030799999999999994
9,0.031000000000000003,0.031
9,0.031200000000000002,0.031199999999999978
9,0.0314,0.031399999999999983
9,0.0316,0.03159999999999999
9,0.0318,0.031799999999999995
9,0.032,0.032
9,0.0322,0.03219999999999998
9,0.032400000000000005,0.032399999999999984
9,0.032600000000000004,0.03259999999999999
9,0.0328,0.032799999999999996
9,0.033,0.033
9,0.0332,0.03319999999999998
9,0.0334,0.033399999999999985
9,0.033600000000000005,0.03359999999999999
9,0.033800000000000004,0.0338
9,0.034,0.034
9,0.0342,0.03419999999999998
9,0.0344,0.034399999999999986
9,0.034600000000000006,0.03459999999999999
9,0.034800000000000005,0.0348
9,0.035,0.035
9,0.0352,0.03519999999999998
9,0.0354,0.03539999999999999
9,0.0356,0.03559999999999999
9,0.035800000000000005,0.0358
9,0.036000000000000004,0.035999999999999976
9,0.0362,0.03619999999999998
9,0.0364,0.03639999999999999
9,0.0366,0.036599999999999966
9,0.0368,0.0368
9,0.037000000000000005,0.03699999999999998
9,0.037200000000000004,0.03719999999999998
9,0.0374,0.03739999999999999
9,0.0376,0.03759999999999997
9,0.0378,0.0378
9,0.038000000000000006,0.03799999999999998
9,0.038200000000000005,0.038199999999999984
9,0.038400000000000004,0.03839999999999999
9,0.0386,0.03859999999999997
9,0.0388,0.0388
9,0.039,0.03899999999999998
9,0.039200000000000006,0.039199999999999985
9,0.039400000000000004,0.03939999999999999
9,0.0396,0.03959999999999997
9,0.0398,0.0398
9,0.04,0.03999999999999998
9,0.0402,0.040199999999999986
9,0.040400000000000005,0.04039999999999999
9,0.040600000000000004,0.04059999999999997
9,0.0408,0.0408
9,0.041,0.04099999999999998
9,0.0412,0.04119999999999999
9,0.041400000000000006,0.04139999999999999
9,0.041600000000000005,0.04159999999999997
9,0.041800000000000004,0.041800000000000004
9,0.042,0.04199999999999998
9,0.0422,0.04219999999999996
9,0.0424,0.04239999999999999
9,0.042600000000000006,0.04259999999999997
9,0.042800000000000005,0.042800000000000005
9,0.043000000000000003,0.04299999999999998
9,0.0432,0.04319999999999996
9,0.0434,0.043399999999999994
9,0.0436,0.04359999999999997
9,0.043800000000000006,0.043800000000000006
9,0.044000000000000004,0.043999999999999984
9,0.0442,0.04419999999999996
9,0.0444,0.044399999999999995
9,0.0446,0.04459999999999997
9,0.0448,0.04479999999999998
9,0.045000000000000005,0.044999999999999984
9,0.045200000000000004,0.04519999999999996
9,0.0454,0.045399999999999996
9,0.0456,0.045599999999999974
9,0.0458,0.04579999999999998
9,0.046000000000000006,0.045999999999999985
9,0.046200000000000005,0.04619999999999996
9,0.046400000000000004,0.0464
9,0.0466,0.046599999999999975
9,0.0468,0.04679999999999998
9,0.047,0.046999999999999986
9,0.047200000000000006,0.047199999999999964
9,0.047400000000000005,0.0474
9,0.0476,0.047599999999999976
9,0.0478,0.04779999999999998
9,0.048,0.04799999999999999
9,0.0482,0.048199999999999965
9,0.048400000000000006,0.0484
9,0.048600000000000004,0.04859999999999998
9,0.0488,0.04879999999999998
9,0.049,0.04899999999999999
9,0.0492,0.049199999999999966
9,0.049400000000000006,0.0494
9,0.049600000000000005,0.04959999999999998
9,0.049800000000000004,0.04979999999999998
9,0.05,0.04999999999999999
9,0.0502,0.05019999999999997
9,0.0504,0.0504
9,0.050600000000000006,0.05059999999999998
9,0.050800000000000005,0.050799999999999984
9,0.051000000000000004,0.05099999999999999
9,0.0512,0.05119999999999997
9,0.0514,0.0514
9,0.0516,0.05159999999999998
9,0.051800000000000006,0.051799999999999985
9,0.052000000000000005,0.05199999999999999
9,0.0522,0.05219999999999997
9,0.0524,0.0524
9,0.0526,0.05259999999999998
9,0.05280000000000001,0.052799999999999986
9,0.053000000000000005,0.05299999999999999
9,0.053200000000000004,0.05319999999999997
9,0.0534,0.0534
9,0.0536,0.05359999999999998
9,0.0538,0.05379999999999996
9,0.054000000000000006,0.05399999999999999
9,0.054200000000000005,0.05419999999999997
9,0.054400000000000004,0.054400000000000004
9,0.0546,0.05459999999999998
9,0.0548,0.05479999999999996
9,0.055,0.05499999999999999
9,0.055200000000000006,0.05519999999999997
9,0.055400000000000005,0.055400000000000005
9,0.055600000000000004,0.05559999999999998
9,0.0558,0.05579999999999996
9,0.056,0.055999999999999994
9,0.05620000000000001,0.05619999999999997
9,0.056400000000000006,0.056400000000000006
9,0.056600000000000004,0.056599999999999984
9,0.0568,0.05679999999999996
9,0.057,0.056999999999999995
9,0.0572,0.05719999999999997
9,0.05740000000000001,0.05740000000000001
9,0.057600000000000005,0.057599999999999985
9,0.057800000000000004,0.05779999999999996
9,0.058,0.057999999999999996
9,0.0582,0.058199999999999974
9,0.0584,0.05839999999999995
9,0.058600000000000006,0.058599999999999985
9,0.058800000000000005,0.05879999999999996
9,0.059000000000000004,0.059
9,0.0592,0.059199999999999975
9,0.0594,0.05939999999999995
9,0.05960000000000001,0.059599999999999986
9,0.059800000000000006,0.059799999999999964
9,0.060000000000000005,0.06
9,0.060200000000000004,0.060199999999999976
9,0.0604,0.060399999999999954
9,0.0606,0.06059999999999999
9,0.06080000000000001,0.060799999999999965
9,0.061000000000000006,0.061
9,0.061200000000000004,0.06119999999999998
9,0.0614,0.061399999999999955
9,0.0616,0.06159999999999999
9,0.0618,0.061799999999999966
9,0.062000000000000006,0.062
9,0.062200000000000005,0.06219999999999998
9,0.062400000000000004,0.062399999999999956
9,0.0626,0.06259999999999999
9,0.0628,0.06279999999999997
9,0.063,0.06299999999999994
9,0.0632,0.06319999999999998
9,0.0634,0.06339999999999996
9,0.0636,0.06359999999999999
9,0.06380000000000001,0.06379999999999997
9,0.064,0.064
9,0.06420000000000001,0.06419999999999998
9,0.0644,0.06439999999999996
9,0.0646,0.06459999999999999
9,0.06480000000000001,0.06479999999999997
9,0.065,0.06499999999999995
9,0.06520000000000001,0.06519999999999998
9,0.0654,0.06539999999999996
9,0.0656,0.06559999999999999
9,0.0658,0.06579999999999997
9,0.066,0.066
9,0.06620000000000001,0.06619999999999998
9,0.0664,0.06639999999999996
9,0.0666,0.06659999999999999
9,0.0668,0.06679999999999997
9,0.067,0.06699999999999995
9,0.06720000000000001,0.06719999999999998
9,0.0674,0.06739999999999996
9,0.06760000000000001,0.0676
9,0.0678,0.06779999999999997
9,0.068,0.068
9,0.06820000000000001,0.06819999999999998
9,0.0684,0.06839999999999996
9,0.06860000000000001,0.0686
9,0.0688,0.06879999999999997
9,0.069,0.06899999999999995
9,0.0692,0.06919999999999998
9,0.0694,0.06939999999999996
9,0.06960000000000001,0.0696
9,0.0698,0.06979999999999997
9,0.07,0.07
9,0.0702,0.07019999999999998
9,0.0704,0.07039999999999996
9,0.07060000000000001,0.0706
9,0.0708,0.07079999999999997
9,0.07100000000000001,0.07099999999999995
9,0.0712,0.07119999999999999
9,0.0714,0.07139999999999996
9,0.07160000000000001,0.0716
9,0.0718,0.07179999999999997
9,0.07200000000000001,0.07199999999999995
9,0.0722,0.07219999999999993
9,0.0724,0.07239999999999996
9,0.0726,0.0726
9,0.0728,0.07279999999999998
9,0.07300000000000001,0.07299999999999995
9,0.0732,0.07319999999999993
9,0.0734,0.07339999999999997
9,0.0736,0.0736
9,0.0738,0.07379999999999998
9,0.07400000000000001,0.07399999999999995
9,0.0742,0.07419999999999993
9,0.07440000000000001,0.07439999999999997
9,0.0746,0.0746
9,0.0748,0.07479999999999998
9,0.07500000000000001,0.07499999999999996
9,0.0752,0.07519999999999993
9,0.07540000000000001,0.07539999999999997
9,0.0756,0.0756
9,0.0758,0.07579999999999998
9,0.076,0.07599999999999996
9,0.0762,0.07619999999999993
9,0.07640000000000001,0.07639999999999997
9,0.0766,0.0766
9,0.07680000000000001,0.07679999999999998
9,0.077,0.07699999999999996
9,0.0772,0.07719999999999994
9,0.07740000000000001,0.07739999999999997
9,0.0776,0.0776
9,0.07780000000000001,0.07779999999999998
9,0.078,0.07799999999999996
9,0.0782,0.07819999999999994
9,0.07840000000000001,0.07839999999999997
9,0.0786,0.0786
9,0.07880000000000001,0.07879999999999998
9,0.079,0.07899999999999996
9,0.0792,0.07919999999999994
9,0.0794,0.07939999999999997
9,0.0796,0.0796
9,0.07980000000000001,0.07979999999999998
9,0.08,0.07999999999999996
9,0.08020000000000001,0.08019999999999994
9,0.0804,0.08039999999999997
9,0.0806,0.0806
9,0.08080000000000001,0.08079999999999998
9,0.081,0.08099999999999996
9,0.08120000000000001,0.08119999999999994
9,0.0814,0.08139999999999997
9,0.0816,0.0816
9,0.08180000000000001,0.08179999999999998
9,0.082,0.08199999999999996
9,0.08220000000000001,0.08219999999999994
9,0.0824,0.08239999999999997
9,0.0826,0.0826
9,0.0828,0.08279999999999998
9,0.083,0.08299999999999996
9,0.08320000000000001,0.08319999999999994
9,0.0834,0.08339999999999992
9,0.08360000000000001,0.08360000000000001
9,0.0838,0.08379999999999999
9,0.084,0.08399999999999996
9,0.08420000000000001,0.08419999999999994
9,0.0844,0.08439999999999992
9,0.08460000000000001,0.08460000000000001
9,0.0848,0.08479999999999999
9,0.085,0.08499999999999996
9,0.08520000000000001,0.08519999999999994
9,0.0854,0.08539999999999992
9,0.08560000000000001,0.08560000000000001
9,0.0858,0.08579999999999999
9,0.08600000000000001,0.08599999999999997
9,0.0862,0.08619999999999994
9,0.0864,0.08639999999999992
9,0.08660000000000001,0.08660000000000001
9,0.0868,0.08679999999999999
9,0.08700000000000001,0.08699999999999997
9,0.0872,0.08719999999999994
9,0.0874,0.08739999999999992
9,0.08760000000000001,0.08760000000000001
9,0.0878,0.08779999999999999
9,0.08800000000000001,0.08799999999999997
9,0.0882,0.08819999999999995
9,0.0884,0.08839999999999992
9,0.0886,0.08859999999999996
9,0.0888,0.08879999999999999
9,0.08900000000000001,0.08899999999999997
9,0.0892,0.08919999999999995
9,0.08940000000000001,0.08939999999999992
9,0.0896,0.08959999999999996
9,0.0898,0.08979999999999999
9,0.09000000000000001,0.08999999999999997
9,0.0902,0.09019999999999995
9,0.09040000000000001,0.09039999999999992
9,0.0906,0.09059999999999996
9,0.0908,0.09079999999999999
9,0.09100000000000001,0.09099999999999997
9,0.0912,0.09119999999999995
9,0.09140000000000001,0.09139999999999993
9,0.0916,0.09159999999999996
9,0.0918,0.09179999999999999
9,0.092,0.09199999999999997
9,0.0922,0.09219999999999995
9,0.09240000000000001,0.09239999999999993
9,0.0926,0.09259999999999996
9,0.09280000000000001,0.0928
9,0.093,0.09299999999999997
9,0.0932,0.09319999999999995
9,0.09340000000000001,0.09339999999999993
9,0.0936,0.09359999999999996
9,0.09380000000000001,0.0938
9,0.094,0.09399999999999997
9,0.0942,0.09419999999999995
9,0.09440000000000001,0.09439999999999993
9,0.0946,0.09459999999999996
9,0.09480000000000001,0.0948
9,0.095,0.09499999999999997
9,0.0952,0.09519999999999995
9,0.0954,0.09539999999999993
9,0.0956,0.09559999999999996
9,0.09580000000000001,0.0958
9,0.096,0.09599999999999997
9,0.09620000000000001,0.09619999999999995
9,0.0964,0.09639999999999993
9,0.0966,0.09659999999999996
9,0.09680000000000001,0.0968
9,0.097,0.09699999999999998
9,0.09720000000000001,0.09719999999999995
9,0.0974,0.09739999999999993
9,0.0976,0.09759999999999996
9,0.09780000000000001,0.0978
9,0.098,0.09799999999999998
9,0.09820000000000001,0.09819999999999995
9,0.0984,0.09839999999999993
9,0.09860000000000001,0.09859999999999997
9,0.0988,0.0988
9,0.099,0.09899999999999998
9,0.09920000000000001,0.09919999999999995
9,0.0994,0.09939999999999993
9,0.09960000000000001,0.09959999999999997
9,0.0998,0.0998
9,0.1,0.09999999999999998
9,0.10020000000000001,0.10019999999999996
9,0.1004,0.10039999999999993
9,0.10060000000000001,0.10059999999999997
9,0.1008,0.1008
9,0.101,0.10099999999999998
9,0.10120000000000001,0.10119999999999996
9,0.1014,0.10139999999999993
9,0.10160000000000001,0.10159999999999997
9,0.1018,0.1018
9,0.10200000000000001,0.10199999999999998
9,0.1022,0.10219999999999996
9,0.1024,0.10239999999999994
9,0.10260000000000001,0.10259999999999997
9,0.1028,0.1028
9,0.10300000000000001,0.10299999999999998
9,0.1032,0.10319999999999996
9,0.1034,0.10339999999999994
9,0.10360000000000001,0.10359999999999997
9,0.1038,0.1038
9,0.10400000000000001,0.10399999999999998
9,0.1042,0.10419999999999996
9,0.1044,0.10439999999999994
9,0.10460000000000001,0.10459999999999997
9,0.1048,0.1048
9,0.10500000000000001,0.10499999999999998
9,0.1052,0.10519999999999996
9,0.10540000000000001,0.10539999999999994
9,0.1056,0.10559999999999992
9,0.1058,0.1058
9,0.10600000000000001,0.10599999999999998
9,0.1062,0.10619999999999996
9,0.10640000000000001,0.10639999999999994
9,0.1066,0.10659999999999992
9,0.1068,0.1068
9,0.10700000000000001,0.10699999999999998
9,0.1072,0.10719999999999996
9,0.10740000000000001,0.10739999999999994
9,0.1076,0.10759999999999992
9,0.1078,0.1078
9,0.10800000000000001,0.10799999999999998
9,0.1082,0.10819999999999996
9,0.10840000000000001,0.10839999999999994
9,0.1086,0.10859999999999992
9,0.10880000000000001,0.10880000000000001
9,0.109,0.10899999999999999
9,0.1092,0.10919999999999996
9,0.10940000000000001,0.10939999999999994
9,0.1096,0.10959999999999992
9,0.10980000000000001,0.10980000000000001
9,0.11,0.10999999999999999
9,0.1102,0.11019999999999996
9,0.11040000000000001,0.11039999999999994
9,0.1106,0.11059999999999992
9,0.11080000000000001,0.11080000000000001
9,0.111,0.11099999999999999
9,0.11120000000000001,0.11039999999999987
9,0.11140000000000001,0.10879999999999986
9,0.1116,0.10720000000000005
9,0.11180000000000001,0.1055999999999998
9,0.112,0.104
9,0.11220000000000001,0.10239999999999998
9,0.1124,0.10079999999999995
9,0.1126,0.09919999999999993
9,0.11280000000000001,0.09759999999999991
9,0.113,0.09599999999999988
9,0.11320000000000001,0.09439999999999986
9,0.1134,0.09280000000000005
9,0.1136,0.09120000000000003
9,0.11380000000000001,0.08960000000000001
9,0.114,0.08799999999999998
9,0.11420000000000001,0.08639999999999996
9,0.1144,0.08479999999999993
9,0.11460000000000001,0.08319999999999991
9,0.11480000000000001,0.0815999999999999
9,0.115,0.07999999999999986
9,0.11520000000000001,0.07839999999999984
9,0.1154,0.07680000000000003
9,0.11560000000000001,0.07520000000000002
9,0.1158,0.07359999999999998
9,0.116,0.07199999999999997
9,0.11620000000000001,0.07039999999999995
9,0.1164,0.06879999999999992
9,0.11660000000000001,0.0671999999999999
9,0.1168,0.06560000000000009
9,0.117,0.06399999999999985
9,0.11720000000000001,0.06239999999999983
9,0.1174,0.06080000000000002
9,0.11760000000000001,0.0592
9,0.1178,0.05759999999999997
9,0.11800000000000001,0.05599999999999995
9,0.11820000000000001,0.054399999999999935
9,0.1184,0.0527999999999999
9,0.11860000000000001,0.051199999999999884
9,0.1188,0.049600000000000075
9,0.11900000000000001,0.047999999999999834
9,0.1192,0.046400000000000025
9,0.1194,0.044800000000000006
9,0.11960000000000001,0.04319999999999999
9,0.1198,0.041599999999999956
9,0.12000000000000001,0.03999999999999994
9,0.1202,0.038399999999999906
9,0.12040000000000001,0.03679999999999989
9,0.12060000000000001,0.03519999999999987
9,0.1208,0.03360000000000006
9,0.12100000000000001,0.03199999999999982
9,0.1212,0.03040000000000001
9,0.12140000000000001,0.028799999999999992
9,0.1216,0.02719999999999996
9,0.1218,0.025599999999999942
9,0.12200000000000001,0.023999999999999924
9,0.1222,0.022399999999999892
9,0.12240000000000001,0.020799999999999874
9,0.1226,0.019200000000000064
9,0.1228,0.017600000000000046
9,0.12300000000000001,0.015999999999999806
9,0.1232,0.014399999999999996
9,0.12340000000000001,0.012799999999999978
9,0.1236,0.011199999999999946
9,0.12380000000000001,0.009599999999999928
9,0.12400000000000001,0.00799999999999991
9,0.1242,0.006399999999999878
9,0.12440000000000001,0.00479999999999986
9,0.1246,0.00320000000000005
9,0.12480000000000001,0.001600000000000032
9,0.125,0.0
9,0.1252,0.001600000000000018
9,0.1254,0.003200000000000036
9,0.1256,0.00479999999999986
9,0.1258,0.006399999999999878
9,0.126,0.007999999999999896
9,0.1262,0.009600000000000136
9,0.1264,0.011200000000000154
9,0.12660000000000002,0.012800000000000172
9,0.1268,0.014399999999999996
9,0.127,0.016000000000000014
9,0.1272,0.017600000000000032
9,0.1274,0.01920000000000005
9,0.12760000000000002,0.02080000000000007
9,0.1278,0.022399999999999892
9,0.128,0.024000000000000132
9,0.1282,0.02560000000000015
9,0.12840000000000001,0.02720000000000017
9,0.12860000000000002,0.028800000000000187
9,0.1288,0.03040000000000001
9,0.129,0.03200000000000003
9,0.1292,0.033600000000000046
9,0.12940000000000002,0.035200000000000065
9,0.12960000000000002,0.03680000000000008
9,0.1298,0.038399999999999906
9,0.13,0.039999999999999925
9,0.1302,0.041600000000000165
9,0.13040000000000002,0.04320000000000018
9,0.1306,0.044800000000000006
9,0.1308,0.046400000000000025
9,0.131,0.04800000000000004
9,0.1312,0.04960000000000006
9,0.13140000000000002,0.05120000000000008
9,0.1316,0.0527999999999999
9,0.1318,0.05439999999999992
9,0.132,0.05600000000000016
9,0.1322,0.05760000000000018
9,0.13240000000000002,0.0592000000000002
9,0.1326,0.06080000000000002
9,0.1328,0.06240000000000004
9,0.133,0.06400000000000006
9,0.1332,0.06560000000000007
9,0.13340000000000002,0.06619999999999987
9,0.1336,0.06480000000000002
9,0.1338,0.06339999999999998
9,0.134,0.061999999999999944
9,0.1342,0.06059999999999982
9,0.13440000000000002,0.05919999999999981
9,0.1346,0.05779999999999996
9,0.1348,0.05639999999999995
9,0.135,0.05499999999999994
9,0.13520000000000001,0.0535999999999999
9,0.13540000000000002,0.05219999999999986
9,0.1356,0.05080000000000001
9,0.1358,0.04939999999999997
9,0.136,0.04799999999999982
9,0.13620000000000002,0.04659999999999981
9,0.13640000000000002,0.045199999999999796
9,0.1366,0.04379999999999995
9,0.1368,0.04239999999999994
9,0.137,0.040999999999999925
9,0.13720000000000002,0.039599999999999885
9,0.1374,0.03820000000000004
9,0.1376,0.0368
9,0.1378,0.03539999999999996
9,0.138,0.03399999999999992
9,0.13820000000000002,0.032599999999999796
9,0.1384,0.03119999999999995
9,0.1386,0.029799999999999938
9,0.1388,0.028399999999999925
9,0.139,0.026999999999999913
9,0.13920000000000002,0.025599999999999873
9,0.1394,0.024200000000000027
9,0.1396,0.022799999999999987
9,0.1398,0.021399999999999947
9,0.14,0.019999999999999796
9,0.14020000000000002,0.018599999999999783
9,0.1404,0.017199999999999938
9,0.1406,0.015799999999999925
9,0.1408,0.014399999999999913
9,0.14100000000000001,0.0129999999999999
9,0.14120000000000002,0.01159999999999986
9,0.1414,0.010200000000000015
9,0.1416,0.008799999999999975
9,0.1418,0.007399999999999934
9,0.14200000000000002,0.005999999999999894
9,0.14220000000000002,0.004599999999999771
9,0.1424,0.003199999999999925
9,0.1426,0.0017999999999999128
9,0.1428,0.00039999999999990044
9,0.14300000000000002,0.001000000000000112
9,0.1432,0.0023999999999999577
9,0.1434,0.00379999999999997
9,0.1436,0.005199999999999982
9,0.1438,0.006599999999999995
9,0.14400000000000002,0.008000000000000118
9,0.1442,0.009399999999999964
9,0.1444,0.010800000000000004
9,0.1446,0.012200000000000044
9,0.1448,0.013600000000000084
9,0.14500000000000002,0.015000000000000124
9,0.1452,0.01639999999999997
9,0.1454,0.017799999999999983
9,0.1456,0.019199999999999995
9,0.1458,0.020600000000000007
9,0.14600000000000002,0.02200000000000002
9,0.1462,0.023399999999999865
9,0.1464,0.024800000000000016
9,0.1466,0.026200000000000057
9,0.1468,0.027600000000000097
9,0.14700000000000002,0.029000000000000137
9,0.1472,0.030399999999999983
9,0.1474,0.031799999999999995
9,0.1476,0.03320000000000001
9,0.14780000000000001,0.03460000000000002
9,0.14800000000000002,0.03600000000000014
9,0.1482,0.03739999999999999
9,0.1484,0.03880000000000003
9,0.1486,0.04020000000000007
9,0.14880000000000002,0.04160000000000011
9,0.14900000000000002,0.04300000000000015
9,0.1492,0.044399999999999995
9,0.1494,0.04580000000000001
9,0.1496,0.04720000000000002
9,0.14980000000000002,0.04860000000000003
9,0.15,0.04999999999999988
9,0.1502,0.05139999999999989
9,0.1504,0.05280000000000004
9,0.1506,0.05420000000000008
9,0.15080000000000002,0.05560000000000012
9,0.151,0.05699999999999997
9,0.1512,0.05840000000000001
9,0.1514,0.05980000000000002
9,0.1516,0.06120000000000003
9,0.15180000000000002,0.06260000000000004
9,0.152,0.06399999999999989
9,0.1522,0.06540000000000001
9,0.1524,0.06680000000000005
9,0.1526,0.0682000000000001
9,0.15280000000000002,0.06960000000000013
9,0.153,0.07099999999999998
9,0.1532,0.07240000000000002
9,0.1534,0.07380000000000003
9,0.15360000000000001,0.07520000000000004
9,0.15380000000000002,0.07660000000000006
9,0.154,0.07599999999999993
9,0.1542,0.07479999999999987
9,0.1544,0.07359999999999989
9,0.15460000000000002,0.07239999999999985
9,0.15480000000000002,0.07119999999999982
9,0.155,0.06999999999999995
9,0.1552,0.06879999999999997
9,0.1554,0.06759999999999991
9,0.15560000000000002,0.06639999999999985
9,0.15580000000000002,0.06519999999999979
9,0.156,0.06399999999999992
9,0.1562,0.06279999999999986
9,0.1564,0.06159999999999988
9,0.15660000000000002,0.06039999999999984
9,0.1568,0.059199999999999975
9,0.157,0.05799999999999994
9,0.1572,0.05679999999999996
9,0.1574,0.0555999999999999
9,0.15760000000000002,0.05439999999999984
9,0.1578,0.05319999999999997
9,0.158,0.05199999999999991
9,0.1582,0.050799999999999845
9,0.1584,0.049599999999999866
9,0.15860000000000002,0.04839999999999983
9,0.1588,0.047199999999999964
9,0.159,0.04599999999999993
9,0.1592,0.04479999999999995
9,0.15940000000000001,0.04359999999999989
9,0.15960000000000002,0.04239999999999983
9,0.1598,0.04119999999999996
9,0.16,0.0399999999999999
9,0.1602,0.038799999999999835
9,0.16040000000000001,0.037599999999999856
9,0.16060000000000002,0.03639999999999982
9,0.1608,0.035199999999999954
9,0.161,0.03399999999999992
9,0.1612,0.03279999999999994
9,0.16140000000000002,0.03159999999999988
9,0.16160000000000002,0.030399999999999816
9,0.1618,0.029199999999999948
9,0.162,0.027999999999999886
9,0.1622,0.026799999999999824
9,0.16240000000000002,0.025599999999999845
9,0.16260000000000002,0.02439999999999981
9,0.1628,0.023199999999999943
9,0.163,0.02199999999999991
9,0.1632,0.02079999999999993
9,0.16340000000000002,0.019599999999999868
9,0.1636,0.0184
9,0.1638,0.017199999999999938
9,0.164,0.015999999999999875
9,0.1642,0.014799999999999813
9,0.16440000000000002,0.013599999999999834
9,0.1646,0.012399999999999967
9,0.1648,0.011199999999999932
9,0.165,0.009999999999999898
9,0.1652,0.008799999999999919
9,0.16540000000000002,0.007599999999999857
9,0.1656,0.006399999999999989
9,0.1658,0.005199999999999927
9,0.166,0.003999999999999865
9,0.16620000000000001,0.0027999999999998026
9,0.16640000000000002,0.0015999999999998238
9,0.1666,0.00039999999999995595
9,0.1668,0.0007999999999999674
9,0.167,0.0020000000000000295
9,0.16720000000000002,0.0032000000000000917
9,0.16740000000000002,0.0044000000000000705
9,0.1676,0.005599999999999938
9,0.1678,0.006799999999999917
9,0.168,0.008000000000000007
9,0.16820000000000002,0.009199999999999986
9,0.16840000000000002,0.010400000000000048
9,0.1686,0.011599999999999916
9,0.1688,0.012799999999999978
9,0.169,0.01400000000000004
9,0.16920000000000002,0.015200000000000102
9,0.16940000000000002,0.01640000000000008
9,0.1696,0.01759999999999995
9,0.1698,0.018799999999999928
9,0.17,0.020000000000000018
9,0.17020000000000002,0.021199999999999997
9,0.1704,0.022399999999999864
9,0.1706,0.023599999999999927
9,0.1708,0.02479999999999999
9,0.171,0.02600000000000005
9,0.17120000000000002,0.027200000000000113
9,0.1714,0.02839999999999998
9,0.1716,0.02959999999999996
9,0.1718,0.03079999999999994
9,0.17200000000000001,0.03200000000000003
9,0.17220000000000002,0.03320000000000001
9,0.1724,0.034399999999999875
9,0.1726,0.03559999999999994
9,0.1728,0.0368
9,0.17300000000000001,0.03800000000000006
9,0.17320000000000002,0.039200000000000124
9,0.1734,0.04039999999999999
9,0.1736,0.04159999999999997
9,0.1738,0.04279999999999995
9,0.17400000000000002,0.04400000000000004
9,0.17420000000000002,0.04520000000000002
9,0.1744,0.046399999999999886
9,0.1746,0.04759999999999995
9,0.1748,0.04880000000000001
9,0.17500000000000002,0.05000000000000007
9,0.17520000000000002,0.051200000000000134
9,0.1754,0.0524
9,0.1756,0.05359999999999998
9,0.1758,0.05479999999999996
9,0.17600000000000002,0.05600000000000005
9,0.1762,0.05719999999999992
9,0.1764,0.058399999999999896
9,0.1766,0.05959999999999996
9,0.1768,0.06080000000000002
9,0.17700000000000002,0.06200000000000008
9,0.1772,0.06319999999999995
9,0.1774,0.06440000000000001
9,0.1776,0.06559999999999999
9,0.1778,0.06679999999999997
9,0.17800000000000002,0.06800000000000006
9,0.1782,0.06919999999999993
9,0.1784,0.07039999999999991
9,0.1786,0.07159999999999997
9,0.17880000000000001,0.07280000000000003
9,0.17900000000000002,0.0740000000000001
9,0.1792,0.07519999999999996
9,0.1794,0.07640000000000002
9,0.1796,0.0776
9,0.17980000000000002,0.07879999999999998
9,0.18000000000000002,0.08000000000000007
9,0.1802,0.08119999999999994
9,0.1804,0.08239999999999992
9,0.1806,0.08359999999999998
9,0.18080000000000002,0.08480000000000004
9,0.18100000000000002,0.0860000000000001
9,0.1812,0.08719999999999997
9,0.1814,0.08840000000000003
9,0.1816,0.08960000000000001
9,0.18180000000000002,0.09079999999999999
9,0.18200000000000002,0.0899999999999998
9,0.1822,0.08899999999999991
9,0.1824,0.08799999999999986
9,0.1826,0.08699999999999986
9,0.18280000000000002,0.08599999999999985
9,0.183,0.08499999999999996
9,0.1832,0.08399999999999996
9,0.1834,0.08299999999999996
9,0.1836,0.08199999999999988
9,0.18380000000000002,0.0809999999999998
9,0.184,0.0799999999999999
9,0.1842,0.0789999999999999
9,0.1844,0.07799999999999985
9,0.18460000000000001,0.07699999999999985
9,0.18480000000000002,0.07599999999999985
9,0.185,0.07499999999999996
9,0.1852,0.07399999999999995
9,0.1854,0.07299999999999995
9,0.18560000000000001,0.07199999999999987
9,0.18580000000000002,0.07099999999999979
9,0.186,0.0699999999999999
9,0.1862,0.0689999999999999
9,0.1864,0.06799999999999984
9,0.18660000000000002,0.06699999999999984
9,0.18680000000000002,0.06599999999999984
9,0.187,0.06499999999999995
9,0.1872,0.06399999999999995
9,0.1874,0.06299999999999994
9,0.18760000000000002,0.06199999999999986
9,0.18780000000000002,0.06099999999999978
9,0.188,0.05999999999999989
9,0.1882,0.058999999999999886
9,0.1884,0.05799999999999983
9,0.18860000000000002,0.05699999999999983
9,0.18880000000000002,0.05599999999999983
9,0.189,0.05499999999999994
9,0.1892,0.05399999999999994
9,0.1894,0.052999999999999936
9,0.18960000000000002,0.05199999999999985
9,0.1898,0.05099999999999996
9,0.19,0.04999999999999988
9,0.1902,0.04899999999999988
9,0.1904,0.04799999999999982
9,0.19060000000000002,0.04699999999999982
9,0.1908,0.04599999999999993
9,0.191,0.04499999999999993
9,0.1912,0.04399999999999993
9,0.19140000000000001,0.04299999999999993
9,0.19160000000000002,0.04199999999999984
9,0.1918,0.04099999999999995
9,0.192,0.03999999999999987
9,0.1922,0.03899999999999987
9,0.19240000000000002,0.03799999999999981
9,0.19260000000000002,0.03699999999999981
9,0.1928,0.03599999999999992
9,0.193,0.03499999999999992
9,0.1932,0.03399999999999992
9,0.19340000000000002,0.03299999999999992
9,0.19360000000000002,0.031999999999999834
9,0.1938,0.030999999999999944
9,0.194,0.02999999999999986
9,0.1942,0.02899999999999986
9,0.19440000000000002,0.027999999999999803
9,0.19460000000000002,0.026999999999999802
9,0.1948,0.025999999999999912
9,0.195,0.02499999999999991
9,0.1952,0.02399999999999991
9,0.19540000000000002,0.02299999999999991
9,0.19560000000000002,0.021999999999999825
9,0.1958,0.020999999999999935
9,0.196,0.01999999999999985
9,0.1962,0.01899999999999985
9,0.19640000000000002,0.017999999999999794
9,0.1966,0.016999999999999904
9,0.1968,0.015999999999999903
9,0.197,0.014999999999999902
9,0.19720000000000001,0.013999999999999901
9,0.19740000000000002,0.0129999999999999
9,0.1976,0.01200000000000001
9,0.1978,0.010999999999999927
9,0.198,0.009999999999999842
9,0.19820000000000002,0.008999999999999841
9,0.19840000000000002,0.007999999999999785
9,0.1986,0.006999999999999895
9,0.1988,0.005999999999999894
9,0.199,0.004999999999999893
9,0.19920000000000002,0.0039999999999998925
9,0.19940000000000002,0.0029999999999998916
9,0.1996,0.0020000000000000018
9,0.1998,0.0009999999999999176
9,0.2,0.0
9,0.20020000000000002,0.0010000000000000009
9,0.20040000000000002,0.0020000000000000018
9,0.2006,0.0029999999999998916
9,0.2008,0.003999999999999948
9,0.201,0.004999999999999949
9,0.20120000000000002,0.006000000000000033
9,0.20140000000000002,0.007000000000000117
9,0.2016,0.008000000000000007
9,0.2018,0.009000000000000008
9,0.202,0.010000000000000009
9,0.20220000000000002,0.01100000000000001
9,0.20240000000000002,0.01200000000000001
9,0.2026,0.0129999999999999
9,0.2028,0.013999999999999957
9,0.203,0.014999999999999958
9,0.20320000000000002,0.016000000000000042
9,0.2034,0.016999999999999932
9,0.2036,0.018000000000000016
9,0.2038,0.019000000000000017
9,0.20400000000000001,0.020000000000000018
9,0.20420000000000002,0.02100000000000002
9,0.2044,0.02199999999999991
9,0.2046,0.02299999999999991
9,0.2048,0.023999999999999966
9,0.20500000000000002,0.024999999999999967
9,0.20520000000000002,0.02600000000000005
9,0.2054,0.02699999999999994
9,0.2056,0.028000000000000025
9,0.2058,0.029000000000000026
9,0.20600000000000002,0.030000000000000027
9,0.20620000000000002,0.031000000000000028
9,0.2064,0.03199999999999992
9,0.2066,0.03299999999999992
9,0.2068,0.033999999999999975
9,0.20700000000000002,0.034999999999999976
9,0.20720000000000002,0.03600000000000006
9,0.2074,0.03699999999999995
9,0.2076,0.038000000000000034
9,0.2078,0.039000000000000035
9,0.20800000000000002,0.040000000000000036
9,0.20820000000000002,0.041000000000000036
9,0.2084,0.041999999999999926
9,0.2086,0.04299999999999993
9,0.2088,0.043999999999999984
9,0.20900000000000002,0.044999999999999984
9,0.2092,0.045999999999999874
9,0.2094,0.04699999999999996
9,0.2096,0.04800000000000004
9,0.20980000000000001,0.049000000000000044
9,0.21000000000000002,0.050000000000000044
9,0.2102,0.050999999999999934
9,0.2104,0.051999999999999935
9,0.2106,0.052999999999999936
9,0.21080000000000002,0.05399999999999999
9,0.21100000000000002,0.05499999999999999
9,0.2112,0.05599999999999988
9,0.2114,0.05699999999999997
9,0.2116,0.05800000000000005
9,0.21180000000000002,0.05900000000000005
9,0.21200000000000002,0.06000000000000005
9,0.2122,0.06099999999999994
9,0.2124,0.061999999999999944
9,0.2126,0.06299999999999994
9,0.21280000000000002,0.064
9,0.21300000000000002,0.065
9,0.2132,0.06599999999999989
9,0.2134,0.06699999999999998
9,0.2136,0.06800000000000006
9,0.21380000000000002,0.06900000000000006
9,0.21400000000000002,0.07000000000000006
9,0.2142,0.07099999999999995
9,0.2144,0.07199999999999995
9,0.2146,0.07299999999999995
9,0.21480000000000002,0.07400000000000001
9,0.21500000000000002,0.07500000000000001
9,0.2152,0.0759999999999999
9,0.2154,0.07699999999999999
9,0.2156,0.07800000000000007
9,0.21580000000000002,0.07900000000000007
9,0.216,0.07999999999999996
9,0.2162,0.08099999999999996
9,0.2164,0.08199999999999996
9,0.21660000000000001,0.08299999999999996
9,0.21680000000000002,0.08400000000000002
9,0.217,0.08499999999999991
9,0.2172,0.08599999999999991
9,0.2174,0.087
9,0.21760000000000002,0.08800000000000008
9,0.21780000000000002,0.08900000000000008
9,0.218,0.08999999999999997
9,0.2182,0.09099999999999997
9,0.2184,0.09199999999999997
9,0.21860000000000002,0.09299999999999997
9,0.21880000000000002,0.09400000000000003
9,0.219,0.09499999999999992
9,0.2192,0.09599999999999992
9,0.2194,0.097
9,0.21960000000000002,0.09800000000000009
9,0.21980000000000002,0.09900000000000009
9,0.22,0.09999999999999998
9,0.2202,0.10099999999999998
9,0.2204,0.10199999999999998
9,0.22060000000000002,0.10299999999999998
9,0.22080000000000002,0.10400000000000004
9,0.221,0.10499999999999993
9,0.2212,0.10599999999999993
9,0.2214,0.10700000000000001
9,0.22160000000000002,0.1080000000000001
9,0.22180000000000002,0.1090000000000001
9,0.222,0.10999999999999999
9,0.2222,0.11099999999999999
9,0.22240000000000001,0.11039999999999983
9,0.22260000000000002,0.10959999999999981
9,0.2228,0.1087999999999999
9,0.223,0.10799999999999987
9,0.2232,0.1071999999999999
9,0.22340000000000002,0.10639999999999983
9,0.22360000000000002,0.1055999999999997
9,0.2238,0.1048
9,0.224,0.1039999999999999
9,0.2242,0.10319999999999974
9,0.22440000000000002,0.10239999999999982
9,0.22460000000000002,0.1015999999999998
9,0.2248,0.10079999999999989
9,0.225,0.09999999999999992
9,0.2252,0.0991999999999999
9,0.22540000000000002,0.09839999999999993
9,0.22560000000000002,0.09759999999999991
9,0.2258,0.0968
9,0.226,0.09599999999999986
9,0.2262,0.09519999999999984
9,0.22640000000000002,0.09439999999999982
9,0.22660000000000002,0.0935999999999998
9,0.2268,0.09279999999999988
9,0.227,0.09199999999999986
9,0.2272,0.09119999999999989
9,0.22740000000000002,0.09039999999999981
9,0.22760000000000002,0.0895999999999999
9,0.2278,0.08879999999999977
9,0.228,0.08799999999999988
9,0.22820000000000001,0.08719999999999972
9,0.22840000000000002,0.08639999999999981
9,0.22860000000000003,0.08559999999999979
9,0.2288,0.08479999999999988
9,0.229,0.08399999999999991
9,0.22920000000000001,0.08319999999999989
9,0.22940000000000002,0.08239999999999992
9,0.2296,0.0816
9,0.2298,0.08079999999999998
9,0.23,0.07999999999999985
9,0.23020000000000002,0.07919999999999983
9,0.23040000000000002,0.0783999999999998
9,0.2306,0.07759999999999989
9,0.2308,0.07679999999999987
9,0.231,0.07599999999999985
9,0.23120000000000002,0.07519999999999988
9,0.23140000000000002,0.0743999999999998
9,0.2316,0.07359999999999989
9,0.2318,0.07279999999999998
9,0.232,0.07199999999999987
9,0.23220000000000002,0.07119999999999971
9,0.23240000000000002,0.0703999999999998
9,0.2326,0.06959999999999988
9,0.2328,0.06879999999999986
9,0.233,0.0679999999999999
9,0.23320000000000002,0.06719999999999987
9,0.23340000000000002,0.0663999999999999
9,0.2336,0.06559999999999999
9,0.2338,0.06479999999999997
9,0.234,0.06399999999999983
9,0.23420000000000002,0.06319999999999981
9,0.23440000000000003,0.06239999999999979
9,0.2346,0.06159999999999988
9,0.2348,0.060799999999999854
9,0.23500000000000001,0.05999999999999983
9,0.23520000000000002,0.059199999999999864
9,0.23540000000000003,0.058399999999999785
9,0.2356,0.057599999999999874
9,0.2358,0.05679999999999974
9,0.23600000000000002,0.055999999999999855
9,0.23620000000000002,0.055199999999999694
9,0.2364,0.05439999999999978
9,0.2366,0.05359999999999987
9,0.2368,0.05279999999999985
9,0.23700000000000002,0.05199999999999988
9,0.23720000000000002,0.05119999999999986
9,0.2374,0.050399999999999945
9,0.2376,0.04959999999999998
9,0.2378,0.048799999999999955
9,0.23800000000000002,0.04799999999999982
9,0.23820000000000002,0.0471999999999998
9,0.2384,0.046399999999999886
9,0.2386,0.04559999999999986
9,0.2388,0.04479999999999984
9,0.23900000000000002,0.04399999999999982
9,0.23920000000000002,0.04319999999999985
9,0.2394,0.04239999999999994
9,0.2396,0.04159999999999986
9,0.2398,0.04079999999999995
9,0.24000000000000002,0.03999999999999984
9,0.24020000000000002,0.03919999999999968
9,0.2404,0.03839999999999977
9,0.2406,0.037599999999999856
9,0.24080000000000001,0.03679999999999983
9,0.24100000000000002,0.035999999999999865
9,0.24120000000000003,0.03519999999999984
9,0.2414,0.03439999999999993
9,0.2416,0.03359999999999996
9,0.24180000000000001,0.03279999999999994
9,0.24200000000000002,0.031999999999999806
9,0.2422,0.031199999999999894
9,0.2424,0.03039999999999987
9,0.2426,0.02959999999999985
9,0.24280000000000002,0.028799999999999826
9,0.24300000000000002,0.027999999999999803
9,0.2432,0.02719999999999989
9,0.2434,0.026399999999999924
9,0.2436,0.025599999999999845
9,0.24380000000000002,0.02479999999999971
9,0.24400000000000002,0.023999999999999827
9,0.2442,0.023199999999999915
9,0.2444,0.022399999999999753
9,0.2446,0.02159999999999984
9,0.24480000000000002,0.02079999999999982
9,0.24500000000000002,0.01999999999999985
9,0.2452,0.01919999999999994
9,0.2454,0.018399999999999916
9,0.2456,0.01759999999999995
9,0.24580000000000002,0.016799999999999926
9,0.24600000000000002,0.015999999999999792
9,0.2462,0.01519999999999988
9,0.2464,0.014399999999999857
9,0.2466,0.013599999999999834
9,0.24680000000000002,0.012799999999999812
9,0.24700000000000003,0.011999999999999789
9,0.2472,0.011199999999999877
9,0.2474,0.01039999999999991
9,0.24760000000000001,0.009599999999999831
9,0.24780000000000002,0.008799999999999919
9,0.24800000000000003,0.007999999999999813
9,0.2482,0.007199999999999901
9,0.2484,0.006399999999999739
9,0.24860000000000002,0.005599999999999827
9,0.24880000000000002,0.004799999999999804
9,0.249,0.0039999999999998925
9,0.2492,0.003199999999999925
9,0.2494,0.002399999999999902
9,0.24960000000000002,0.0015999999999999348
9,0.24980000000000002,0.0007999999999999119
9,0.25,0.0
9,0.2502,0.0007999999999999119
9,0.2504,0.0015999999999999903
9,0.2506,0.002399999999999902
9,0.2508,0.0031999999999999806
9,0.251,0.0039999999999998925
9,0.25120000000000003,0.0047999999999999154
9,0.2514,0.005599999999999827
9,0.2516,0.006399999999999739
9,0.2518,0.007200000000000095
9,0.252,0.007999999999999785
9,0.25220000000000004,0.008800000000000086
9,0.2524,0.009599999999999997
9,0.2526,0.01039999999999991
9,0.2528,0.011199999999999988
9,0.253,0.0119999999999999
9,0.25320000000000004,0.012800000000000034
9,0.2534,0.013599999999999945
9,0.2536,0.014399999999999857
9,0.2538,0.015200000000000102
9,0.254,0.016000000000000014
9,0.25420000000000004,0.016800000000000093
9,0.2544,0.017600000000000005
9,0.2546,0.018399999999999916
9,0.2548,0.019199999999999995
9,0.255,0.019999999999999907
9,0.25520000000000004,0.02079999999999993
9,0.2554,0.02159999999999984
9,0.2556,0.022399999999999753
9,0.2558,0.023199999999999887
9,0.256,0.02400000000000002
9,0.25620000000000004,0.0248000000000001
9,0.2564,0.02560000000000001
9,0.2566,0.026399999999999924
9,0.25680000000000003,0.027200000000000002
9,0.257,0.027999999999999914
9,0.25720000000000004,0.028800000000000048
9,0.2574,0.02959999999999996
9,0.2576,0.03039999999999987
9,0.25780000000000003,0.031200000000000117
9,0.258,0.03200000000000003
9,0.25820000000000004,0.03280000000000011
9,0.2584,0.03360000000000002
9,0.2586,0.03439999999999993
9,0.25880000000000003,0.03520000000000001
9,0.259,0.03599999999999992
9,0.2592,0.03679999999999983
9,0.2594,0.037599999999999856
9,0.2596,0.03839999999999977
9,0.25980000000000003,0.039200000000000124
9,0.26,0.039999999999999813
9,0.2602,0.04079999999999995
9,0.2604,0.041600000000000026
9,0.2606,0.04239999999999994
9,0.26080000000000003,0.043200000000000016
9,0.261,0.04399999999999993
9,0.2612,0.04479999999999984
9,0.2614,0.045599999999999974
9,0.2616,0.046399999999999886
9,0.26180000000000003,0.04720000000000013
9,0.262,0.04800000000000004
9,0.2622,0.048799999999999955
9,0.2624,0.04960000000000003
9,0.2626,0.050399999999999945
9,0.26280000000000003,0.05120000000000002
9,0.263,0.051999999999999935
9,0.2632,0.05279999999999985
9,0.2634,0.05359999999999987
9,0.2636,0.05439999999999978
9,0.26380000000000003,0.055199999999999916
9,0.264,0.05600000000000005
9,0.2642,0.05679999999999974
9,0.2644,0.05760000000000004
9,0.2646,0.05839999999999995
9,0.26480000000000004,0.05920000000000003
9,0.265,0.05999999999999994
9,0.2652,0.060799999999999854
9,0.2654,0.06159999999999999
9,0.2656,0.0623999999999999
9,0.26580000000000004,0.06320000000000014
9,0.266,0.06400000000000006
9,0.2662,0.06479999999999997
9,0.2664,0.06560000000000005
9,0.2666,0.06639999999999996
9,0.26680000000000004,0.06720000000000004
9,0.267,0.06799999999999995
9,0.2672,0.06879999999999986
9,0.2674,0.06959999999999988
9,0.2676,0.0703999999999998
9,0.26780000000000004,0.07120000000000015
9,0.268,0.07199999999999984
9,0.2682,0.07279999999999998
9,0.2684,0.07360000000000005
9,0.2686,0.07439999999999997
9,0.26880000000000004,0.07520000000000004
9,0.269,0.07599999999999996
9,0.2692,0.07679999999999987
9,0.26940000000000003,0.0776
9,0.2696,0.07839999999999991
9,0.26980000000000004,0.07920000000000016
9,0.27,0.08000000000000007
9,0.2702,0.08079999999999998
9,0.27040000000000003,0.08160000000000006
9,0.2706,0.08239999999999997
9,0.27080000000000004,0.08320000000000005
9,0.271,0.08399999999999996
9,0.2712,0.08479999999999988
9,0.27140000000000003,0.0855999999999999
9,0.2716,0.08639999999999981
9,0.27180000000000004,0.08719999999999994
9,0.272,0.08800000000000008
9,0.2722,0.08879999999999977
9,0.27240000000000003,0.08960000000000007
9,0.2726,0.09039999999999998
9,0.2728,0.09039999999999992
9,0.273,0.08899999999999975
9,0.2732,0.0875999999999999
9,0.27340000000000003,0.08619999999999972
9,0.2736,0.08479999999999988
9,0.2738,0.08340000000000003
9,0.274,0.08199999999999985
9,0.2742,0.0806
9,0.27440000000000003,0.07919999999999977
9,0.2746,0.07779999999999992
9,0.2748,0.07640000000000008
9,0.275,0.07499999999999984
9,0.2752,0.0736
9,0.27540000000000003,0.07219999999999976
9,0.2756,0.07079999999999992
9,0.2758,0.06940000000000007
9,0.276,0.06799999999999984
9,0.2762,0.06659999999999977
9,0.27640000000000003,0.06519999999999959
9,0.2766,0.06379999999999975
9,0.2768,0.0623999999999999
9,0.277,0.06099999999999972
9,0.2772,0.059599999999999875
9,0.27740000000000004,0.058199999999999696
9,0.2776,0.05679999999999985
9,0.2778,0.055400000000000005
9,0.278,0.053999999999999826
9,0.2782,0.05259999999999998
9,0.27840000000000004,0.051199999999999746
9,0.2786,0.0497999999999999
9,0.2788,0.048400000000000054
9,0.279,0.04699999999999982
9,0.2792,0.045599999999999974
9,0.27940000000000004,0.04419999999999974
9,0.2796,0.042799999999999894
9,0.2798,0.04140000000000005
9,0.28,0.03999999999999959
9,0.2802,0.03859999999999997
9,0.28040000000000004,0.03719999999999957
9,0.2806,0.03579999999999972
9,0.2808,0.034399999999999875
9,0.281,0.032999999999999696
9,0.2812,0.03159999999999985
9,0.28140000000000004,0.03019999999999967
9,0.2816,0.028799999999999826
9,0.2818,0.02739999999999998
9,0.28200000000000003,0.0259999999999998
9,0.2822,0.024599999999999955
9,0.28240000000000004,0.02319999999999972
9,0.2826,0.021799999999999875
9,0.2828,0.02040000000000003
9,0.28300000000000003,0.018999999999999795
9,0.2832,0.01759999999999995
9,0.28340000000000004,0.016199999999999715
9,0.2836,0.014799999999999869
9,0.2838,0.013400000000000023
9,0.28400000000000003,0.011999999999999789
9,0.2842,0.01059999999999972
9,0.28440000000000004,0.009199999999999542
9,0.2846,0.007799999999999696
9,0.2848,0.00639999999999985
9,0.28500000000000003,0.004999999999999671
9,0.2852,0.0035999999999998256
9,0.2854,0.0021999999999999797
9,0.2856,0.0007999999999998009
9,0.2858,0.0005999999999999894
9,0.28600000000000003,0.002000000000000224
9,0.2862,0.0034000000000000696
9,0.2864,0.0047999999999999154
9,0.2866,0.006200000000000094
9,0.2868,0.00759999999999994
9,0.28700000000000003,0.009000000000000119
9,0.2872,0.010399999999999965
9,0.2874,0.01179999999999981
9,0.2876,0.01319999999999999
9,0.2878,0.014599999999999835
9,0.28800000000000003,0.016000000000000236
9,0.2882,0.01739999999999986
9,0.2884,0.018799999999999928
9,0.2886,0.020200000000000162
9,0.2888,0.021600000000000008
9,0.28900000000000003,0.023000000000000242
9,0.2892,0.02440000000000009
9,0.2894,0.025799999999999934
9,0.2896,0.02720000000000017
9,0.2898,0.028600000000000014
9,0.29000000000000004,0.03000000000000025
9,0.2902,0.031400000000000095
9,0.2904,0.03279999999999994
9,0.2906,0.03420000000000012
9,0.2908,0.035599999999999965
9,0.29100000000000004,0.037000000000000144
9,0.2912,0.03839999999999999
9,0.2914,0.039799999999999836
9,0.2916,0.041200000000000014
9,0.2918,0.04259999999999986
9,0.29200000000000004,0.04400000000000004
9,0.2922,0.04540000000000011
9,0.2924,0.04679999999999973
9,0.2926,0.04820000000000019
9,0.2928,0.04960000000000003
9,0.29300000000000004,0.05100000000000027
9,0.2932,0.05240000000000011
9,0.2934,0.05379999999999996
9,0.2936,0.05520000000000019
9,0.2938,0.05660000000000004
9,0.29400000000000004,0.058000000000000274
9,0.2942,0.05940000000000012
9,0.2944,0.060799999999999965
9,0.29460000000000003,0.062200000000000144
9,0.2948,0.06359999999999999
9,0.29500000000000004,0.06500000000000017
9,0.2952,0.06640000000000001
9,0.2954,0.06779999999999986
9,0.29560000000000003,0.06920000000000004
9,0.2958,0.07059999999999989
9,0.29600000000000004,0.07200000000000029
9,0.2962,0.07339999999999991
9,0.2964,0.07479999999999998
9,0.29660000000000003,0.07620000000000021
9,0.2968,0.07760000000000006
9,0.29700000000000004,0.07900000000000029
9,0.2972,0.08040000000000014
9,0.2974,0.08179999999999998
9,0.29760000000000003,0.08320000000000022
9,0.2978,0.08460000000000006
9,0.29800000000000004,0.0860000000000003
9,0.2982,0.08740000000000014
9,0.2984,0.08879999999999999
9,0.29860000000000003,0.09020000000000017
9,0.2988,0.09160000000000001
9,0.299,0.09299999999999986
9,0.2992,0.09440000000000004
9,0.2994,0.09579999999999989
9,0.29960000000000003,0.09720000000000006
9,0.2998,0.09859999999999991
9,0.3,0.09999999999999976
9,0.3002,0.09939999999999971
9,0.3004,0.09879999999999978
9,0.30060000000000003,0.09819999999999984
9,0.3008,0.09759999999999991
9,0.301,0.09699999999999998
9,0.3012,0.09639999999999982
9,0.3014,0.09579999999999989
9,0.30160000000000003,0.09519999999999973
9,0.3018,0.0945999999999998
9,0.302,0.09399999999999986
9,0.3022,0.09339999999999993
9,0.3024,0.0928
9,0.30260000000000004,0.09219999999999984
9,0.3028,0.0915999999999999
9,0.303,0.09099999999999997
9,0.3032,0.09039999999999981
9,0.3034,0.08979999999999988
9,0.30360000000000004,0.08919999999999972
9,0.3038,0.08859999999999979
9,0.304,0.08799999999999986
9,0.3042,0.0873999999999997
9,0.3044,0.08679999999999977
9,0.30460000000000004,0.08619999999999983
9,0.3048,0.0855999999999999
9,0.305,0.08499999999999996
9,0.3052,0.08439999999999981
9,0.3054,0.08379999999999987
9,0.30560000000000004,0.08319999999999972
9,0.3058,0.08259999999999978
9,0.306,0.08199999999999985
9,0.3062,0.08139999999999992
9,0.3064,0.08079999999999998
9,0.30660000000000004,0.08019999999999983
9,0.3068,0.0795999999999999
9,0.307,0.07899999999999996
9,0.30720000000000003,0.0783999999999998
9,0.3074,0.07779999999999987
9,0.30760000000000004,0.07719999999999971
9,0.3078,0.07659999999999978
9,0.308,0.07599999999999985
9,0.30820000000000003,0.07539999999999969
9,0.3084,0.07479999999999976
9,0.30860000000000004,0.07419999999999982
9,0.3088,0.07359999999999989
9,0.309,0.07299999999999995
9,0.30920000000000003,0.0723999999999998
9,0.3094,0.07179999999999986
9,0.30960000000000004,0.07119999999999971
9,0.3098,0.07059999999999977
9,0.31,0.06999999999999984
9,0.31020000000000003,0.0693999999999999
9,0.3104,0.06879999999999997
9,0.31060000000000004,0.06819999999999982
9,0.3108,0.06759999999999988
9,0.311,0.06699999999999995
9,0.31120000000000003,0.06639999999999979
9,0.3114,0.06579999999999986
9,0.3116,0.06519999999999992
9,0.3118,0.06459999999999977
9,0.312,0.06399999999999983
9,0.31220000000000003,0.06339999999999968
9,0.3124,0.06279999999999974
9,0.3126,0.06219999999999981
9,0.3128,0.06159999999999988
9,0.313,0.06099999999999994
9,0.31320000000000003,0.06039999999999979
9,0.3134,0.05979999999999985
9,0.3136,0.05919999999999992
9,0.3138,0.05859999999999976
9,0.314,0.05799999999999983
9,0.31420000000000003,0.057399999999999896
9,0.3144,0.05679999999999996
9,0.3146,0.05620000000000003
9,0.3148,0.05559999999999987
9,0.315,0.05499999999999994
9,0.31520000000000004,0.05439999999999978
9,0.3154,0.05379999999999985
9,0.3156,0.053199999999999914
9,0.3158,0.05259999999999976
9,0.316,0.051999999999999824
9,0.31620000000000004,0.05139999999999967
9,0.3164,0.050799999999999734
9,0.3166,0.0501999999999998
9,0.3168,0.049599999999999866
9,0.317,0.04899999999999993
9,0.31720000000000004,0.04839999999999978
9,0.3174,0.04779999999999984
9,0.3176,0.04719999999999991
9,0.3178,0.04659999999999975
9,0.318,0.04599999999999982
9,0.31820000000000004,0.045399999999999885
9,0.3184,0.04479999999999995
9,0.3186,0.04420000000000002
9,0.31880000000000003,0.04359999999999986
9,0.319,0.04299999999999993
9,0.31920000000000004,0.04239999999999977
9,0.3194,0.04179999999999984
9,0.3196,0.0411999999999999
9,0.31980000000000003,0.04059999999999975
9,0.32,0.039999999999999813
9,0.32020000000000004,0.03939999999999966
9,0.3204,0.038799999999999724
9,0.3206,0.03819999999999979
9,0.32080000000000003,0.037599999999999856
9,0.321,0.03699999999999992
9,0.32120000000000004,0.036399999999999766
9,0.3214,0.03579999999999983
9,0.3216,0.0351999999999999
9,0.32180000000000003,0.03459999999999974
9,0.322,0.03399999999999981
9,0.32220000000000004,0.033399999999999874
9,0.3224,0.03279999999999994
9,0.3226,0.032200000000000006
9,0.32280000000000003,0.03159999999999985
9,0.323,0.030999999999999917
9,0.32320000000000004,0.03039999999999976
9,0.3234,0.029799999999999827
9,0.3236,0.029199999999999893
9,0.32380000000000003,0.028599999999999737
9,0.324,0.027999999999999803
9,0.32420000000000004,0.027399999999999647
9,0.3244,0.026799999999999713
9,0.3246,0.02619999999999978
9,0.32480000000000003,0.025599999999999845
9,0.325,0.02499999999999991
9,0.3252,0.024399999999999977
9,0.3254,0.02379999999999982
9,0.3256,0.023199999999999887
9,0.32580000000000003,0.02259999999999973
9,0.326,0.021999999999999797
9,0.3262,0.021399999999999864
9,0.3264,0.02079999999999993
9,0.3266,0.020199999999999996
9,0.32680000000000003,0.01959999999999984
9,0.327,0.018999999999999906
9,0.3272,0.018399999999999972
9,0.3274,0.017799999999999816
9,0.3276,0.017199999999999882
9,0.32780000000000004,0.016599999999999726
9,0.328,0.015999999999999792
9,0.3282,0.015399999999999858
9,0.3284,0.014799999999999702
9,0.3286,0.014199999999999768
9,0.32880000000000004,0.013599999999999834
9,0.329,0.0129999999999999
9,0.3292,0.012399999999999967
9,0.3294,0.01179999999999981
9,0.3296,0.011199999999999877
9,0.32980000000000004,0.01059999999999972
9,0.33,0.009999999999999787
9,0.3302,0.009399999999999853
9,0.3304,0.008799999999999919
9,0.3306,0.008199999999999985
9,0.33080000000000004,0.007599999999999829
9,0.331,0.006999999999999895
9,0.3312,0.006399999999999961
9,0.33140000000000003,0.005799999999999805
9,0.3316,0.005199999999999871
9,0.33180000000000004,0.004599999999999715
9,0.332,0.0039999999999997815
9,0.3322,0.0033999999999998476
9,0.33240000000000003,0.0027999999999996916
9,0.3326,0.0021999999999997577
9,0.33280000000000004,0.0015999999999998238
9,0.333,0.0009999999999998899
9,0.3332,0.00039999999999995595
9,0.33340000000000003,0.00019999999999997797
9,0.3336,0.0007999999999999119
9,0.33380000000000004,0.0014000000000000679
9,0.334,0.0020000000000000018
9,0.3342,0.0025999999999999357
9,0.33440000000000003,0.0032000000000000917
9,0.3346,0.0038000000000000256
9,0.33480000000000004,0.0043999999999999595
9,0.335,0.004999999999999893
9,0.3352,0.005599999999999827
9,0.33540000000000003,0.006199999999999761
9,0.3356,0.006799999999999695
9,0.33580000000000004,0.007400000000000073
9,0.336,0.008000000000000007
9,0.3362,0.008599999999999941
9,0.33640000000000003,0.009199999999999875
9,0.3366,0.009799999999999809
9,0.33680000000000004,0.010399999999999965
9,0.337,0.010999999999999899
9,0.3372,0.011599999999999833
9,0.33740000000000003,0.012199999999999989
9,0.3376,0.012799999999999923
9,0.33780000000000004,0.013400000000000079
9,0.338,0.014000000000000012
9,0.3382,0.014599999999999946
9,0.33840000000000003,0.015200000000000102
9,0.3386,0.015800000000000036
9,0.3388,0.01639999999999997
9,0.339,0.016999999999999904
9,0.3392,0.017599999999999838
9,0.33940000000000003,0.018199999999999772
9,0.3396,0.018799999999999706
9,0.3398,0.01939999999999964
9,0.34,0.020000000000000018
9,0.3402,0.02059999999999995
9,0.34040000000000004,0.021199999999999886
9,0.3406,0.02179999999999982
9,0.3408,0.022399999999999753
9,0.341,0.02299999999999991
9,0.3412,0.023599999999999843
9,0.34140000000000004,0.0242
9,0.3416,0.024799999999999933
9,0.3418,0.025399999999999867
9,0.342,0.026000000000000023
9,0.3422,0.026599999999999957
9,0.34240000000000004,0.027200000000000113
9,0.3426,0.027800000000000047
9,0.3428,0.02839999999999998
9,0.343,0.028999999999999915
9,0.3432,0.02959999999999985
9,0.34340000000000004,0.030199999999999783
9,0.3436,0.030799999999999716
9,0.3438,0.03139999999999965
9,0.34400000000000003,0.03200000000000003
9,0.3442,0.03259999999999996
9,0.34440000000000004,0.033199999999999896
9,0.3446,0.03379999999999983
9,0.3448,0.034399999999999764
9,0.34500000000000003,0.03499999999999992
9,0.3452,0.035599999999999854
9,0.34540000000000004,0.03620000000000001
9,0.3456,0.036799999999999944
9,0.3458,0.03739999999999988
9,0.34600000000000003,0.038000000000000034
9,0.3462,0.03859999999999997
9,0.34640000000000004,0.039200000000000124
9,0.3466,0.03980000000000006
9,0.3468,0.04039999999999999
9,0.34700000000000003,0.040999999999999925
9,0.3472,0.04159999999999986
9,0.34740000000000004,0.04219999999999979
9,0.3476,0.04279999999999973
9,0.3478,0.04339999999999966
9,0.34800000000000003,0.04400000000000004
9,0.3482,0.04459999999999997
9,0.34840000000000004,0.04519999999999991
9,0.3486,0.04579999999999984
9,0.3488,0.046399999999999775
9,0.34900000000000003,0.04699999999999993
9,0.3492,0.047599999999999865
9,0.34940000000000004,0.04820000000000002
9,0.3496,0.048799999999999955
9,0.3498,0.04939999999999989
9,0.35000000000000003,0.050000000000000044
9,0.3502,0.05059999999999998
9,0.35040000000000004,0.051200000000000134
9,0.3506,0.05180000000000007
9,0.3508,0.0524
9,0.35100000000000003,0.052999999999999936
9,0.3512,0.05359999999999987
9,0.3514,0.054199999999999804
9,0.3516,0.05479999999999974
9,0.3518,0.05539999999999967
9,0.35200000000000004,0.05600000000000005
9,0.3522,0.056599999999999984
9,0.3524,0.05719999999999992
9,0.3526,0.05779999999999985
9,0.3528,0.058399999999999785
9,0.35300000000000004,0.05899999999999994
9,0.3532,0.059599999999999875
9,0.3534,0.06019999999999981
9,0.3536,0.060799999999999965
9,0.3538,0.0613999999999999
9,0.35400000000000004,0.062000000000000055
9,0.3542,0.06259999999999999
9,0.3544,0.06319999999999992
9,0.3546,0.06380000000000008
9,0.3548,0.06440000000000001
9,0.35500000000000004,0.06499999999999995
9,0.3552,0.06559999999999988
9,0.3554,0.06619999999999981
9,0.3556,0.06679999999999975
9,0.3558,0.06739999999999968
9,0.35600000000000004,0.06800000000000006
9,0.3562,0.0686
9,0.3564,0.06919999999999993
9,0.35660000000000003,0.06979999999999986
9,0.3568,0.0703999999999998
9,0.35700000000000004,0.07099999999999995
9,0.3572,0.07159999999999989
9,0.3574,0.07219999999999982
9,0.35760000000000003,0.07279999999999998
9,0.3578,0.07339999999999991
9,0.35800000000000004,0.07400000000000007
9,0.3582,0.0746
9,0.3584,0.07519999999999993
9,0.35860000000000003,0.07580000000000009
9,0.3588,0.07640000000000002
9,0.35900000000000004,0.07699999999999996
9,0.3592,0.07759999999999989
9,0.3594,0.07819999999999983
9,0.35960000000000003,0.07879999999999976
9,0.3598,0.07939999999999969
9,0.36000000000000004,0.08000000000000007
9,0.3602,0.0806
9,0.3604,0.08119999999999994
9,0.36060000000000003,0.08179999999999987
9,0.3608,0.0823999999999998
9,0.36100000000000004,0.08299999999999996
9,0.3612,0.0835999999999999
9,0.3614,0.08419999999999983
9,0.36160000000000003,0.08479999999999999
9,0.3618,0.08539999999999992
9,0.36200000000000004,0.08600000000000008
9,0.3622,0.08660000000000001
9,0.3624,0.08719999999999994
9,0.36260000000000003,0.0878000000000001
9,0.3628,0.08840000000000003
9,0.36300000000000004,0.08899999999999997
9,0.3632,0.0895999999999999
9,0.3634,0.09019999999999984
9,0.36360000000000003,0.09079999999999977
9,0.3638,0.08960000000000001
9,0.36400000000000005,0.0879999999999998
9,0.3642,0.08639999999999998
9,0.3644,0.08480000000000015
9,0.36460000000000004,0.0831999999999995
9,0.3648,0.08160000000000012
9,0.365,0.07999999999999985
9,0.3652,0.07839999999999964
9,0.3654,0.07679999999999981
9,0.36560000000000004,0.0751999999999996
9,0.3658,0.07359999999999978
9,0.366,0.07199999999999995
9,0.3662,0.07039999999999974
9,0.3664,0.06879999999999992
9,0.36660000000000004,0.0671999999999997
9,0.3668,0.06559999999999988
9,0.367,0.06400000000000006
9,0.3672,0.062399999999999844
9,0.3674,0.06080000000000002
9,0.36760000000000004,0.05919999999999981
9,0.3678,0.057599999999999985
9,0.368,0.05600000000000016
9,0.3682,0.05439999999999995
9,0.3684,0.052800000000000125
9,0.36860000000000004,0.05119999999999991
9,0.3688,0.049599999999999644
9,0.369,0.048000000000000265
9,0.36920000000000003,0.04639999999999961
9,0.3694,0.044799999999999784
9,0.36960000000000004,0.04319999999999957
9,0.3698,0.04159999999999975
9,0.37,0.039999999999999925
9,0.37020000000000003,0.03839999999999971
9,0.3704,0.03679999999999989
9,0.37060000000000004,0.035199999999999676
9,0.3708,0.03359999999999985
9,0.371,0.03200000000000003
9,0.37120000000000003,0.030399999999999816
9,0.3714,0.028799999999999992
9,0.37160000000000004,0.02719999999999978
9,0.3718,0.025599999999999956
9,0.372,0.024000000000000132
9,0.37220000000000003,0.02239999999999992
9,0.3724,0.020800000000000096
9,0.37260000000000004,0.01919999999999944
9,0.3728,0.01760000000000006
9,0.373,0.015999999999999792
9,0.37320000000000003,0.01439999999999958
9,0.3734,0.012799999999999756
9,0.37360000000000004,0.011199999999999544
9,0.3738,0.00959999999999972
9,0.374,0.007999999999999896
9,0.37420000000000003,0.006399999999999684
9,0.3744,0.00479999999999986
9,0.37460000000000004,0.0031999999999996476
9,0.3748,0.0015999999999998238
9,0.375,0.0
9,0.37520000000000003,0.0016000000000002124
9,0.3754,0.003200000000000036
9,0.37560000000000004,0.0048000000000002485
9,0.3758,0.006400000000000072
9,0.376,0.007999999999999896
9,0.37620000000000003,0.009600000000000108
9,0.3764,0.011199999999999932
9,0.37660000000000005,0.012800000000000145
9,0.3768,0.014400000000000412
9,0.377,0.015999999999999792
9,0.37720000000000004,0.01760000000000045
9,0.3774,0.019200000000000272
9,0.3776,0.020800000000000096
9,0.3778,0.02240000000000031
9,0.378,0.024000000000000132
9,0.37820000000000004,0.025600000000000345
9,0.3784,0.02720000000000017
9,0.3786,0.028799999999999992
9,0.3788,0.030400000000000205
9,0.379,0.03200000000000003
9,0.37920000000000004,0.03360000000000024
9,0.3794,0.035200000000000065
9,0.3796,0.03679999999999989
9,0.3798,0.0384000000000001
9,0.38,0.039999999999999925
9,0.38020000000000004,0.04160000000000014
9,0.3804,0.04319999999999996
9,0.3806,0.044799999999999784
9,0.3808,0.0464
9,0.381,0.048000000000000265
9,0.38120000000000004,0.04960000000000048
9,0.3814,0.0512000000000003
9,0.3816,0.052800000000000125
9,0.38180000000000003,0.05440000000000034
9,0.382,0.05600000000000016
9,0.38220000000000004,0.05760000000000037
9,0.3824,0.0592000000000002
9,0.3826,0.06080000000000002
9,0.38280000000000003,0.06240000000000023
9,0.383,0.06400000000000006
9,0.38320000000000004,0.06560000000000027
9,0.3834,0.06720000000000009
9,0.3836,0.06879999999999992
9,0.38380000000000003,0.07040000000000013
9,0.384,0.07199999999999995
9,0.38420000000000004,0.07360000000000017
9,0.3844,0.07519999999999999
9,0.3846,0.07679999999999981
9,0.38480000000000003,0.07599999999999962
9,0.385,0.07499999999999973
9,0.38520000000000004,0.07399999999999962
9,0.3854,0.07299999999999973
9,0.3856,0.07199999999999984
9,0.38580000000000003,0.07099999999999973
9,0.386,0.06999999999999984
9,0.38620000000000004,0.06899999999999973
9,0.3864,0.06799999999999984
9,0.3866,0.06699999999999995
9,0.38680000000000003,0.06599999999999984
9,0.387,0.06499999999999995
9,0.38720000000000004,0.06399999999999967
9,0.3874,0.06299999999999978
9,0.3876,0.06199999999999989
9,0.38780000000000003,0.06099999999999961
9,0.388,0.05999999999999972
9,0.38820000000000005,0.05899999999999961
9,0.3884,0.05799999999999972
9,0.3886,0.05699999999999983
9,0.38880000000000003,0.055999999999999606
9,0.389,0.054999999999999716
9,0.38920000000000005,0.053999999999999604
9,0.3894,0.052999999999999714
9,0.3896,0.051999999999999824
9,0.38980000000000004,0.05099999999999971
9,0.39,0.04999999999999982
9,0.39020000000000005,0.04899999999999971
9,0.3904,0.04799999999999982
9,0.3906,0.04699999999999993
9,0.39080000000000004,0.04599999999999982
9,0.391,0.04499999999999993
9,0.3912,0.04400000000000004
9,0.3914,0.04299999999999976
9,0.3916,0.04199999999999987
9,0.39180000000000004,0.04099999999999959
9,0.392,0.0399999999999997
9,0.3922,0.03899999999999981
9,0.3924,0.0379999999999997
9,0.3926,0.03699999999999981
9,0.39280000000000004,0.03599999999999959
9,0.393,0.0349999999999997
9,0.3932,0.03399999999999981
9,0.3934,0.032999999999999696
9,0.3936,0.031999999999999806
9,0.39380000000000004,0.030999999999999694
9,0.394,0.029999999999999805
9,0.3942,0.028999999999999915
9,0.39440000000000003,0.027999999999999803
9,0.3946,0.026999999999999913
9,0.39480000000000004,0.0259999999999998
9,0.395,0.02499999999999991
9,0.3952,0.02400000000000002
9,0.39540000000000003,0.022999999999999743
9,0.3956,0.021999999999999853
9,0.39580000000000004,0.020999999999999575
9,0.396,0.019999999999999685
9,0.3962,0.018999999999999795
9,0.39640000000000003,0.017999999999999683
9,0.3966,0.016999999999999793
9,0.39680000000000004,0.01599999999999957
9,0.397,0.01499999999999968
9,0.3972,0.01399999999999979
9,0.39740000000000003,0.012999999999999678
9,0.3976,0.011999999999999789
9,0.39780000000000004,0.010999999999999677
9,0.398,0.009999999999999787
9,0.3982,0.008999999999999897
9,0.39840000000000003,0.007999999999999785
9,0.3986,0.006999999999999895
9,0.39880000000000004,0.005999999999999783
9,0.399,0.004999999999999893
9,0.3992,0.0040000000000000036
9,0.39940000000000003,0.002999999999999725
9,0.3996,0.0019999999999998352
9,0.39980000000000004,0.0009999999999995568
9,0.4,0.0
9,0.4002,0.0009999999999998899
9,0.40040000000000003,0.0020000000000000018
9,0.4006,0.0029999999999998916
9,0.40080000000000005,0.0040000000000000036
9,0.401,0.004999999999999893
9,0.4012,0.005999999999999783
9,0.40140000000000003,0.007000000000000006
9,0.4016,0.007999999999999896
9,0.40180000000000005,0.009000000000000008
9,0.402,0.009999999999999898
9,0.4022,0.010999999999999788
9,0.40240000000000004,0.012000000000000066
9,0.4026,0.012999999999999956
9,0.40280000000000005,0.014000000000000234
9,0.403,0.015000000000000124
9,0.4032,0.016000000000000014
9,0.40340000000000004,0.017000000000000126
9,0.4036,0.018000000000000016
9,0.40380000000000005,0.019000000000000128
9,0.404,0.020000000000000018
9,0.4042,0.020999999999999908
9,0.40440000000000004,0.02200000000000002
9,0.4046,0.02299999999999991
9,0.4048,0.0239999999999998
9,0.405,0.02499999999999991
9,0.4052,0.0259999999999998
9,0.40540000000000004,0.027000000000000024
9,0.4056,0.027999999999999914
9,0.4058,0.028999999999999804
9,0.406,0.029999999999999916
9,0.4062,0.030999999999999805
9,0.40640000000000004,0.032000000000000084
9,0.4066,0.032999999999999974
9,0.4068,0.033999999999999864
9,0.40700000000000003,0.03500000000000014
9,0.4072,0.03600000000000003
9,0.40740000000000004,0.037000000000000144
9,0.4076,0.038000000000000034
9,0.4078,0.038999999999999924
9,0.40800000000000003,0.040000000000000036
9,0.4082,0.040999999999999925
9,0.40840000000000004,0.04200000000000004
9,0.4086,0.04299999999999993
9,0.4088,0.04399999999999982
9,0.40900000000000003,0.04499999999999993
9,0.4092,0.04599999999999982
9,0.40940000000000004,0.04700000000000004
9,0.4096,0.04799999999999993
9,0.4098,0.04899999999999982
9,0.41000000000000003,0.04999999999999993
9,0.4102,0.05099999999999982
9,0.41040000000000004,0.0520000000000001
9,0.4106,0.05299999999999999
9,0.4108,0.05399999999999988
9,0.41100000000000003,0.05500000000000016
9,0.4112,0.05600000000000005
9,0.41140000000000004,0.05700000000000016
9,0.4116,0.05800000000000005
9,0.4118,0.05899999999999994
9,0.41200000000000003,0.06000000000000005
9,0.4122,0.06099999999999994
9,0.41240000000000004,0.062000000000000055
9,0.4126,0.06299999999999994
9,0.4128,0.06399999999999983
9,0.41300000000000003,0.06499999999999995
9,0.4132,0.06599999999999984
9,0.41340000000000005,0.06700000000000006
9,0.4136,0.06799999999999995
9,0.4138,0.06899999999999984
9,0.41400000000000003,0.06999999999999995
9,0.4142,0.07099999999999984
9,0.41440000000000005,0.07200000000000012
9,0.4146,0.07300000000000001
9,0.4148,0.0739999999999999
9,0.41500000000000004,0.07500000000000018
9,0.4152,0.07600000000000007
9,0.41540000000000005,0.07700000000000018
9,0.4156,0.07800000000000007
9,0.4158,0.07899999999999996
9,0.41600000000000004,0.08000000000000007
9,0.4162,0.08099999999999996
9,0.41640000000000005,0.08200000000000007
9,0.4166,0.08299999999999996
9,0.4168,0.08239999999999997
9,0.41700000000000004,0.08099999999999974
9,0.4172,0.07959999999999967
9,0.4174,0.07820000000000005
9,0.4176,0.07679999999999965
9,0.4178,0.0753999999999998
9,0.41800000000000004,0.07399999999999962
9,0.4182,0.07259999999999978
9,0.4184,0.07119999999999993
9,0.4186,0.06979999999999975
9,0.4188,0.0683999999999999
9,0.41900000000000004,0.06699999999999973
9,0.4192,0.06559999999999988
9,0.4194,0.06420000000000003
9,0.41960000000000003,0.0627999999999998
9,0.4198,0.061399999999999955
9,0.42000000000000004,0.05999999999999972
9,0.4202,0.058599999999999874
9,0.4204,0.05720000000000003
9,0.42060000000000003,0.055799999999999794
9,0.4208,0.05439999999999995
9,0.42100000000000004,0.05299999999999949
9,0.4212,0.05159999999999987
9,0.4214,0.0501999999999998
9,0.42160000000000003,0.04879999999999962
9,0.4218,0.047399999999999776
9,0.42200000000000004,0.0459999999999996
9,0.4222,0.04459999999999975
9,0.4224,0.043199999999999905
9,0.42260000000000003,0.041799999999999726
9,0.4228,0.04039999999999988
9,0.42300000000000004,0.0389999999999997
9,0.4232,0.037599999999999856
9,0.4234,0.03620000000000001
9,0.42360000000000003,0.034799999999999776
9,0.4238,0.03339999999999993
9,0.42400000000000004,0.031999999999999695
9,0.4242,0.03059999999999985
9,0.4244,0.029200000000000004
9,0.42460000000000003,0.02779999999999977
9,0.4248,0.026399999999999924
9,0.42500000000000004,0.02499999999999969
9,0.4252,0.02359999999999962
9,0.4254,0.022199999999999998
9,0.42560000000000003,0.020799999999999597
9,0.4258,0.01939999999999975
9,0.42600000000000005,0.017999999999999572
9,0.4262,0.016599999999999726
9,0.4264,0.01519999999999988
9,0.42660000000000003,0.013799999999999701
9,0.4268,0.012399999999999856
9,0.42700000000000005,0.010999999999999677
9,0.4272,0.009599999999999831
9,0.4274,0.008199999999999985
9,0.42760000000000004,0.006799999999999751
9,0.4278,0.005399999999999905
9,0.42800000000000005,0.0039999999999996705
9,0.4282,0.0025999999999998247
9,0.4284,0.0011999999999999789
9,0.42860000000000004,0.000200000000000089
9,0.4288,0.0015999999999999348
9,0.42900000000000005,0.0030000000000003357
9,0.4292,0.0043999999999999595
9,0.4294,0.005800000000000027
9,0.42960000000000004,0.007200000000000262
9,0.4298,0.008600000000000108
9,0.43000000000000005,0.010000000000000342
9,0.4302,0.011400000000000188
9,0.4304,0.012800000000000034
9,0.43060000000000004,0.014200000000000268
9,0.4308,0.015600000000000114
9,0.431,0.01699999999999996
9,0.4312,0.018400000000000194
9,0.4314,0.01980000000000004
9,0.43160000000000004,0.02120000000000022
9,0.4318,0.022600000000000064
9,0.432,0.02399999999999991
9,0.43220000000000003,0.02540000000000009
9,0.4324,0.026799999999999935
9,0.43260000000000004,0.028200000000000114
9,0.4328,0.02959999999999996
9,0.433,0.030999999999999805
9,0.43320000000000003,0.032400000000000206
9,0.4334,0.03379999999999983
9,0.43360000000000004,0.03520000000000029
9,0.4338,0.03660000000000013
9,0.434,0.03799999999999998
9,0.43420000000000003,0.03940000000000021
9,0.4344,0.04080000000000006
9,0.43460000000000004,0.04220000000000029
9,0.4348,0.04360000000000014
9,0.435,0.044999999999999984
9,0.43520000000000003,0.04640000000000022
9,0.4354,0.047800000000000065
9,0.43560000000000004,0.049200000000000244
9,0.4358,0.05060000000000009
9,0.436,0.051999999999999935
9,0.43620000000000003,0.053400000000000114
9,0.4364,0.05479999999999996
9,0.43660000000000004,0.05620000000000014
9,0.4368,0.057599999999999985
9,0.437,0.05899999999999983
9,0.43720000000000003,0.06040000000000001
9,0.4374,0.06180000000000008
9,0.43760000000000004,0.06320000000000031
9,0.4378,0.06460000000000016
9,0.438,0.066
9,0.43820000000000003,0.06740000000000024
9,0.4384,0.06880000000000008
9,0.43860000000000005,0.07020000000000032
9,0.4388,0.07160000000000016
9,0.439,0.07300000000000001
9,0.43920000000000003,0.07440000000000024
9,0.4394,0.07580000000000009
9,0.43960000000000005,0.07720000000000027
9,0.4398,0.07860000000000011
9,0.44,0.07999999999999996
9,0.44020000000000004,0.08140000000000014
9,0.4404,0.08279999999999998
9,0.44060000000000005,0.08420000000000016
9,0.4408,0.08560000000000001
9,0.441,0.08699999999999986
9,0.44120000000000004,0.08840000000000026
9,0.4414,0.08979999999999988
9,0.44160000000000005,0.09120000000000034
9,0.4418,0.09260000000000018
9,0.442,0.09400000000000003
9,0.44220000000000004,0.09540000000000026
9,0.4424,0.09680000000000011
9,0.44260000000000005,0.09820000000000034
9,0.4428,0.09960000000000019
9,0.443,0.10100000000000003
9,0.44320000000000004,0.10240000000000027
9,0.4434,0.10380000000000011
9,0.44360000000000005,0.1052000000000003
9,0.44380000000000003,0.10660000000000014
9,0.444,0.10799999999999998
9,0.44420000000000004,0.10940000000000016
9,0.4444,0.11080000000000001
9,0.4446,0.11079999999999979
9,0.44480000000000003,0.11039999999999983
9,0.445,0.10999999999999988
9,0.44520000000000004,0.10959999999999948
9,0.4454,0.10919999999999952
9,0.4456,0.10879999999999956
9,0.44580000000000003,0.10839999999999983
9,0.446,0.10799999999999965
9,0.44620000000000004,0.1075999999999997
9,0.4464,0.10719999999999974
9,0.4466,0.10679999999999978
9,0.44680000000000003,0.10639999999999983
9,0.447,0.10599999999999987
9,0.44720000000000004,0.10559999999999947
9,0.4474,0.10519999999999996
9,0.4476,0.1048
9,0.44780000000000003,0.1043999999999996
9,0.448,0.10399999999999987
9,0.44820000000000004,0.10359999999999969
9,0.4484,0.10319999999999974
9,0.4486,0.10279999999999978
9,0.44880000000000003,0.10239999999999982
9,0.449,0.10199999999999987
9,0.44920000000000004,0.10159999999999947
9,0.4494,0.10119999999999951
9,0.4496,0.10079999999999956
9,0.44980000000000003,0.1003999999999996
9,0.45,0.09999999999999987
9,0.45020000000000004,0.09959999999999969
9,0.4504,0.09919999999999973
9,0.4506,0.09879999999999978
9,0.45080000000000003,0.09839999999999982
9,0.451,0.09799999999999986
9,0.45120000000000005,0.09759999999999991
9,0.4514,0.09719999999999995
9,0.4516,0.0968
9,0.45180000000000003,0.09639999999999982
9,0.452,0.09599999999999964
9,0.45220000000000005,0.09559999999999969
9,0.4524,0.09519999999999973
9,0.4526,0.09479999999999977
9,0.45280000000000004,0.09439999999999982
9,0.453,0.09399999999999986
9,0.45320000000000005,0.09359999999999946
9,0.4534,0.0931999999999995
9,0.4536,0.09279999999999955
9,0.45380000000000004,0.09239999999999982
9,0.454,0.09199999999999964
9,0.45420000000000005,0.09159999999999968
9,0.4544,0.09119999999999973
9,0.4546,0.09079999999999977
9,0.45480000000000004,0.09039999999999981
9,0.455,0.08999999999999986
9,0.45520000000000005,0.0895999999999999
9,0.4554,0.08919999999999995
9,0.4556,0.08879999999999955
9,0.45580000000000004,0.08839999999999959
9,0.456,0.08799999999999986
9,0.45620000000000005,0.08759999999999968
9,0.45640000000000003,0.08719999999999972
9,0.4566,0.08679999999999977
9,0.45680000000000004,0.08639999999999981
9,0.457,0.08599999999999985
9,0.4572,0.0855999999999999
9,0.45740000000000003,0.0851999999999995
9,0.4576,0.08479999999999954
9,0.45780000000000004,0.08439999999999959
9,0.458,0.08399999999999985
9,0.4582,0.08359999999999967
9,0.45840000000000003,0.08319999999999972
9,0.4586,0.08279999999999976
9,0.45880000000000004,0.0823999999999998
9,0.459,0.08199999999999985
9,0.4592,0.0815999999999999
9,0.45940000000000003,0.0811999999999995
9,0.4596,0.08079999999999998
9,0.45980000000000004,0.0803999999999998
9,0.46,0.07999999999999963
9,0.4602,0.0795999999999999
9,0.46040000000000003,0.07919999999999972
9,0.4606,0.07879999999999976
9,0.46080000000000004,0.0783999999999998
9,0.461,0.07799999999999985
9,0.4612,0.07759999999999989
9,0.46140000000000003,0.07719999999999949
9,0.4616,0.07679999999999954
9,0.46180000000000004,0.0763999999999998
9,0.462,0.07599999999999962
9,0.4622,0.07559999999999989
9,0.46240000000000003,0.07519999999999971
9,0.4626,0.07479999999999976
9,0.46280000000000004,0.0743999999999998
9,0.463,0.07399999999999984
9,0.4632,0.07359999999999989
9,0.46340000000000003,0.07319999999999993
9,0.4636,0.07279999999999998
9,0.46380000000000005,0.07239999999999958
9,0.464,0.07199999999999984
9,0.4642,0.07159999999999966
9,0.46440000000000003,0.07119999999999971
9,0.4646,0.07079999999999975
9,0.46480000000000005,0.0703999999999998
9,0.465,0.06999999999999984
9,0.4652,0.06959999999999988
9,0.46540000000000004,0.06919999999999948
9,0.4656,0.06879999999999953
9,0.46580000000000005,0.06839999999999957
9,0.466,0.06799999999999984
9,0.4662,0.06759999999999966
9,0.46640000000000004,0.0671999999999997
9,0.4666,0.06679999999999975
9,0.46680000000000005,0.06639999999999979
9,0.467,0.06599999999999984
9,0.4672,0.06559999999999988
9,0.46740000000000004,0.06519999999999992
9,0.4676,0.06479999999999997
9,0.46780000000000005,0.06439999999999979
9,0.468,0.06399999999999961
9,0.4682,0.06359999999999988
9,0.46840000000000004,0.0631999999999997
9,0.4686,0.06279999999999974
9,0.46880000000000005,0.06239999999999979
9,0.46900000000000003,0.06199999999999983
9,0.4692,0.06159999999999988
9,0.46940000000000004,0.06119999999999948
9,0.4696,0.06079999999999952
9,0.46980000000000005,0.06039999999999979
9,0.47000000000000003,0.05999999999999961
9,0.4702,0.059599999999999875
9,0.47040000000000004,0.0591999999999997
9,0.4706,0.05879999999999974
9,0.4708,0.058399999999999785
9,0.47100000000000003,0.05799999999999983
9,0.4712,0.057599999999999874
9,0.47140000000000004,0.05719999999999992
9,0.4716,0.05679999999999952
9,0.4718,0.056400000000000006
9,0.47200000000000003,0.05599999999999983
9,0.4722,0.05559999999999965
9,0.47240000000000004,0.055199999999999694
9,0.4726,0.05479999999999974
9,0.4728,0.05439999999999978
9,0.47300000000000003,0.053999999999999826
9,0.4732,0.05359999999999987
9,0.47340000000000004,0.05319999999999947
9,0.4736,0.052799999999999514
9,0.4738,0.05239999999999956
9,0.47400000000000003,0.051999999999999824
9,0.4742,0.051599999999999646
9,0.47440000000000004,0.05119999999999969
9,0.4746,0.050799999999999734
9,0.4748,0.05039999999999978
9,0.47500000000000003,0.04999999999999982
9,0.4752,0.049599999999999866
9,0.47540000000000004,0.049199999999999466
9,0.4756,0.048799999999999955
9,0.4758,0.0484
9,0.47600000000000003,0.0479999999999996
9,0.4762,0.047599999999999865
9,0.47640000000000005,0.04719999999999969
9,0.4766,0.04679999999999973
9,0.4768,0.046399999999999775
9,0.47700000000000004,0.04599999999999982
9,0.4772,0.04559999999999986
9,0.47740000000000005,0.04519999999999946
9,0.4776,0.04479999999999951
9,0.4778,0.04439999999999955
9,0.47800000000000004,0.043999999999999595
9,0.4782,0.04359999999999986
9,0.47840000000000005,0.04319999999999968
9,0.4786,0.04279999999999973
9,0.4788,0.04239999999999977
9,0.47900000000000004,0.041999999999999815
9,0.4792,0.04159999999999986
9,0.47940000000000005,0.0411999999999999
9,0.4796,0.04079999999999995
9,0.4798,0.04039999999999999
9,0.48000000000000004,0.039999999999999813
9,0.4802,0.039599999999999635
9,0.48040000000000005,0.03919999999999968
9,0.4806,0.038799999999999724
9,0.4808,0.03839999999999977
9,0.48100000000000004,0.03799999999999981
9,0.4812,0.037599999999999856
9,0.48140000000000005,0.037199999999999456
9,0.48160000000000003,0.0367999999999995
9,0.4818,0.036399999999999544
9,0.48200000000000004,0.03599999999999981
9,0.4822,0.03559999999999963
9,0.48240000000000005,0.035199999999999676
9,0.48260000000000003,0.03479999999999972
9,0.4828,0.034399999999999764
9,0.48300000000000004,0.03399999999999981
9,0.4832,0.03359999999999985
9,0.4834,0.033199999999999896
9,0.48360000000000003,0.03279999999999994
9,0.4838,0.03239999999999954
9,0.48400000000000004,0.031999999999999584
9,0.4842,0.03159999999999985
9,0.4844,0.031199999999999672
9,0.48460000000000003,0.030799999999999716
9,0.4848,0.03039999999999976
9,0.48500000000000004,0.029999999999999805
9,0.4852,0.02959999999999985
9,0.4854,0.029199999999999893
9,0.48560000000000003,0.028799999999999493
9,0.4858,0.028399999999999537
9,0.48600000000000004,0.02799999999999958
9,0.4862,0.027599999999999847
9,0.4864,0.02719999999999967
9,0.48660000000000003,0.026799999999999713
9,0.4868,0.026399999999999757
9,0.48700000000000004,0.0259999999999998
9,0.4872,0.025599999999999845
9,0.4874,0.02519999999999989
9,0.48760000000000003,0.02479999999999949
9,0.4878,0.024399999999999977
9,0.48800000000000004,0.0239999999999998
9,0.4882,0.02359999999999962
9,0.4884,0.023199999999999887
9,0.48860000000000003,0.02279999999999971
9,0.4888,0.022399999999999753
9,0.48900000000000005,0.021999999999999797
9,0.4892,0.02159999999999984
9,0.4894,0.021199999999999886
9,0.48960000000000004,0.020799999999999486
9,0.4898,0.02039999999999953
9,0.49000000000000005,0.019999999999999796
9,0.4902,0.019599999999999618
9,0.4904,0.019199999999999884
9,0.49060000000000004,0.018799999999999706
9,0.4908,0.01839999999999975
9,0.49100000000000005,0.017999999999999794
9,0.4912,0.017599999999999838
9,0.4914,0.017199999999999882
9,0.49160000000000004,0.016799999999999926
9,0.4918,0.01639999999999997
9,0.49200000000000005,0.01599999999999957
9,0.4922,0.015599999999999836
9,0.4924,0.015199999999999658
9,0.49260000000000004,0.014799999999999702
9,0.4928,0.014399999999999746
9,0.49300000000000005,0.01399999999999979
9,0.4932,0.013599999999999834
9,0.4934,0.013199999999999878
9,0.49360000000000004,0.012799999999999478
9,0.4938,0.012399999999999523
9,0.49400000000000005,0.011999999999999567
9,0.49420000000000003,0.011599999999999833
9,0.4944,0.011199999999999655
9,0.49460000000000004,0.010799999999999699
9,0.4948,0.010399999999999743
9,0.49500000000000005,0.009999999999999787
9,0.49520000000000003,0.009599999999999831
9,0.4954,0.009199999999999875
9,0.49560000000000004,0.008799999999999919
9,0.4958,0.008399999999999963
9,0.49600000000000005,0.007999999999999785
9,0.49620000000000003,0.007599999999999607
9,0.4964,0.007199999999999873
9,0.49660000000000004,0.006799999999999695
9,0.4968,0.006399999999999739
9,0.497,0.005999999999999783
9,0.49720000000000003,0.005599999999999827
9,0.4974,0.005199999999999871
9,0.49760000000000004,0.004799999999999471
9,0.4978,0.004399999999999515
9,0.498,0.0039999999999995595
9,0.49820000000000003,0.0035999999999996035
9,0.4984,0.0031999999999998696
9,0.49860000000000004,0.0027999999999996916
9,0.4988,0.0023999999999997357
9,0.499,0.0019999999999997797
15,0.001,0.0009999999999999992
15,0.0012000000000000001,0.0011999999999999997
15,0.0014,0.0013999999999999985
15,0.0016,0.0015999999999999973
15,0.0018,0.0017999999999999995
15,0.002,0.0019999999999999983
15,0.0022,0.002199999999999997
15,0.0024000000000000002,0.0023999999999999994
15,0.0026,0.002599999999999998
15,0.0028000000000000004,0.002799999999999997
15,0.003,0.0029999999999999957
15,0.0032,0.0031999999999999945
15,0.0034000000000000002,0.0034000000000000002
15,0.0036000000000000003,0.003599999999999999
15,0.0038,0.003799999999999998
15,0.004,0.003999999999999997
15,0.004200000000000001,0.004199999999999995
15,0.0044,0.004399999999999994
15,0.0046,0.0046
15,0.0048000000000000004,0.004799999999999999
15,0.005,0.0049999999999999906
15,0.005200000000000001,0.005199999999999996
15,0.0054,0.005399999999999995
15,0.0056,0.005599999999999994
15,0.0058000000000000005,0.0058
15,0.006,0.0059999999999999915
15,0.006200000000000001,0.006199999999999997
15,0.0064,0.006399999999999989
15,0.0066,0.006599999999999995
15,0.0068000000000000005,0.0068000000000000005
15,0.007,0.006999999999999992
15,0.007200000000000001,0.007199999999999998
15,0.0074,0.00739999999999999
15,0.0076,0.007599999999999996
15,0.0078000000000000005,0.0077999999999999944
15,0.008,0.007999999999999993
15,0.0082,0.008199999999999999
15,0.008400000000000001,0.00839999999999999
15,0.0086,0.008599999999999997
15,0.0088,0.008799999999999988
15,0.009000000000000001,0.00899999999999998
15,0.0092,0.0092
15,0.009400000000000002,0.009399999999999992
15,0.009600000000000001,0.009599999999999997
15,0.0098,0.00979999999999999
15,0.010000000000000002,0.009999999999999981
15,0.0102,0.010199999999999987
15,0.0104,0.010399999999999993
15,0.010600000000000002,0.010599999999999998
15,0.0108,0.01079999999999999
15,0.011,0.010999999999999982
15,0.011200000000000002,0.011199999999999988
15,0.0114,0.011399999999999993
15,0.0116,0.0116
15,0.011800000000000001,0.011799999999999977
15,0.012,0.011999999999999983
15,0.012199999999999999,0.012199999999999989
15,0.012400000000000001,0.012399999999999994
15,0.0126,0.0126
15,0.012799999999999999,0.012799999999999978
15,0.013000000000000001,0.012999999999999984
15,0.0132,0.01319999999999999
15,0.013400000000000002,0.013399999999999995
15,0.013600000000000001,0.013600000000000001
15,0.0138,0.013799999999999979
15,0.014000000000000002,0.013999999999999985
15,0.0142,0.01419999999999999
15,0.0144,0.014399999999999996
15,0.014600000000000002,0.014600000000000002
15,0.0148,0.01479999999999998
15,0.015,0.014999999999999986
15,0.015200000000000002,0.015199999999999991
15,0.0154,0.015399999999999997
15,0.0156,0.015599999999999975
15,0.0158,0.01579999999999998
15,0.016,0.015999999999999986
15,0.0162,0.016199999999999992
15,0.0164,0.016399999999999998
15,0.0166,0.016599999999999976
15,0.016800000000000002,0.01679999999999998
15,0.017,0.016999999999999987
15,0.0172,0.017199999999999993
15,0.017400000000000002,0.01739999999999997
15,0.0176,0.017599999999999977
15,0.017800000000000003,0.017799999999999983
15,0.018000000000000002,0.01799999999999996
15,0.0182,0.018199999999999994
15,0.018400000000000003,0.018399999999999972
15,0.018600000000000002,0.018599999999999978
15,0.0188,0.018799999999999983
15,0.019000000000000003,0.01899999999999996
15,0.019200000000000002,0.019199999999999995
15,0.0194,0.019399999999999973
15,0.019600000000000003,0.01959999999999998
15,0.0198,0.019799999999999984
15,0.02,0.019999999999999962
15,0.020200000000000003,0.020199999999999996
15,0.0204,0.020399999999999974
15,0.0206,0.02059999999999998
15,0.020800000000000003,0.020799999999999985
15,0.021,0.020999999999999963
15,0.021200000000000004,0.021199999999999997
15,0.021400000000000002,0.021399999999999975
15,0.0216,0.02159999999999998
15,0.021800000000000003,0.021799999999999986
15,0.022000000000000002,0.021999999999999964
15,0.0222,0.022199999999999998
15,0.022400000000000003,0.022399999999999975
15,0.022600000000000002,0.02259999999999998
15,0.0228,0.022799999999999987
15,0.023000000000000003,0.022999999999999965
15,0.023200000000000002,0.0232
15,0.0234,0.023399999999999976
15,0.023600000000000003,0.023599999999999954
15,0.0238,0.023799999999999988
15,0.024,0.023999999999999966
15,0.024200000000000003,0.0242
15,0.0244,0.024399999999999977
15,0.0246,0.024599999999999955
15,0.024800000000000003,0.02479999999999999
15,0.025,0.024999999999999967
15,0.025200000000000004,0.0252
15,0.025400000000000002,0.025399999999999978
15,0.0256,0.025599999999999956
15,0.025800000000000003,0.02579999999999999
15,0.026000000000000002,0.025999999999999968
15,0.0262,0.0262
15,0.026400000000000003,0.02639999999999998
15,0.026600000000000002,0.026599999999999957
15,0.0268,0.02679999999999999
15,0.027000000000000003,0.02699999999999997
15,0.027200000000000002,0.027200000000000002
15,0.0274,0.02739999999999998
15,0.027600000000000003,0.027599999999999958
15,0.027800000000000002,0.02779999999999999
15,0.028,0.02799999999999997
15,0.028200000000000003,0.028200000000000003
15,0.0284,0.02839999999999998
15,0.028600000000000004,0.02859999999999996
15,0.028800000000000003,0.028799999999999992
15,0.029,0.02899999999999997
15,0.029200000000000004,0.029200000000000004
15,0.029400000000000003,0.02939999999999998
15,0.0296,0.02959999999999996
15,0.029800000000000004,0.029799999999999993
15,0.030000000000000002,0.02999999999999997
15,0.0302,0.030199999999999977
15,0.030400000000000003,0.030399999999999983
15,0.030600000000000002,0.03059999999999996
15,0.0308,0.030799999999999994
15,0.031000000000000003,0.030999999999999972
15,0.031200000000000002,0.031199999999999978
15,0.0314,0.031399999999999983
15,0.0316,0.03159999999999996
15,0.0318,0.031799999999999995
15,0.032,0.03199999999999997
15,0.0322,0.03219999999999995
15,0.032400000000000005,0.032399999999999984
15,0.032600000000000004,0.03259999999999996
15,0.0328,0.032799999999999996
15,0.033,0.032999999999999974
15,0.0332,0.03319999999999995
15,0.0334,0.033399999999999985
15,0.033600000000000005,0.03359999999999996
15,0.033800000000000004,0.03379999999999994
15,0.034,0.033999999999999975
15,0.0342,0.03419999999999995
15,0.0344,0.034399999999999986
15,0.034600000000000006,0.034599999999999964
15,0.034800000000000005,0.03479999999999994
15,0.035,0.034999999999999976
15,0.0352,0.035199999999999954
15,0.0354,0.03539999999999999
15,0.0356,0.035599999999999965
15,0.035800000000000005,0.03579999999999994
15,0.036000000000000004,0.03599999999999992
15,0.0362,0.036199999999999954
15,0.0364,0.03639999999999999
15,0.0366,0.036599999999999966
15,0.0368,0.0368
15,0.037000000000000005,0.03699999999999992
15,0.037200000000000004,0.037199999999999955
15,0.0374,0.03739999999999999
15,0.0376,0.03759999999999997
15,0.0378,0.037799999999999945
15,0.038000000000000006,0.03799999999999992
15,0.038200000000000005,0.038199999999999956
15,0.038400000000000004,0.03839999999999999
15,0.0386,0.03859999999999997
15,0.0388,0.038799999999999946
15,0.039,0.038999999999999924
15,0.039200000000000006,0.03919999999999996
15,0.039400000000000004,0.03939999999999999
15,0.0396,0.03959999999999997
15,0.0398,0.03979999999999995
15,0.04,0.039999999999999925
15,0.0402,0.04019999999999996
15,0.040400000000000005,0.04039999999999999
15,0.040600000000000004,0.04059999999999997
15,0.0408,0.04079999999999995
15,0.041,0.040999999999999925
15,0.0412,0.04119999999999996
15,0.041400000000000006,0.04139999999999999
15,0.041600000000000005,0.04159999999999997
15,0.041800000000000004,0.04179999999999995
15,0.042,0.041999999999999926
15,0.0422,0.04219999999999996
15,0.0424,0.04239999999999999
15,0.042600000000000006,0.04259999999999997
15,0.042800000000000005,0.04279999999999995
15,0.043000000000000003,0.04299999999999993
15,0.0432,0.04319999999999996
15,0.0434,0.043399999999999994
15,0.0436,0.04359999999999997
15,0.043800000000000006,0.04379999999999995
15,0.044000000000000004,0.04399999999999993
15,0.0442,0.04419999999999996
15,0.0444,0.044399999999999995
15,0.0446,0.04459999999999997
15,0.0448,0.04479999999999995
15,0.045000000000000005,0.04499999999999993
15,0.045200000000000004,0.04519999999999996
15,0.0454,0.045399999999999996
15,0.0456,0.045599999999999974
15,0.0458,0.04579999999999995
15,0.046000000000000006,0.04599999999999993
15,0.046200000000000005,0.04619999999999991
15,0.046400000000000004,0.0464
15,0.0466,0.046599999999999975
15,0.0468,0.04679999999999995
15,0.047,0.04699999999999993
15,0.047200000000000006,0.04719999999999991
15,0.047400000000000005,0.0474
15,0.0476,0.047599999999999976
15,0.0478,0.047799999999999954
15,0.048,0.04799999999999993
15,0.0482,0.04819999999999991
15,0.048400000000000006,0.0484
15,0.048600000000000004,0.04859999999999998
15,0.0488,0.048799999999999955
15,0.049,0.04899999999999993
15,0.0492,0.04919999999999991
15,0.049400000000000006,0.0494
15,0.049600000000000005,0.04959999999999998
15,0.049800000000000004,0.049799999999999955
15,0.05,0.04999999999999993
15,0.0502,0.05019999999999991
15,0.0504,0.0504
15,0.050600000000000006,0.05059999999999998
15,0.050800000000000005,0.050799999999999956
15,0.051000000000000004,0.050999999999999934
15,0.0512,0.05119999999999991
15,0.0514,0.0514
15,0.0516,0.05159999999999998
15,0.051800000000000006,0.05179999999999996
15,0.052000000000000005,0.051999999999999935
15,0.0522,0.05219999999999991
15,0.0524,0.0524
15,0.0526,0.05259999999999998
15,0.05280000000000001,0.05279999999999996
15,0.053000000000000005,0.052999999999999936
15,0.053200000000000004,0.053199999999999914
15,0.0534,0.0534
15,0.0536,0.05359999999999998
15,0.0538,0.05379999999999996
15,0.054000000000000006,0.05399999999999994
15,0.054200000000000005,0.054199999999999915
15,0.054400000000000004,0.054400000000000004
15,0.0546,0.05459999999999998
15,0.0548,0.05479999999999996
15,0.055,0.05499999999999994
15,0.055200000000000006,0.055199999999999916
15,0.055400000000000005,0.055400000000000005
15,0.055600000000000004,0.05559999999999998
15,0.0558,0.05579999999999996
15,0.056,0.05599999999999994
15,0.05620000000000001,0.05619999999999992
15,0.056400000000000006,0.056400000000000006
15,0.056600000000000004,0.056599999999999984
15,0.0568,0.05679999999999996
15,0.057,0.05699999999999994
15,0.0572,0.05719999999999992
15,0.05740000000000001,0.05740000000000001
15,0.057600000000000005,0.057599999999999985
15,0.057800000000000004,0.05779999999999996
15,0.058,0.05799999999999994
15,0.0582,0.05819999999999992
15,0.0584,0.05839999999999995
15,0.058600000000000006,0.058599999999999985
15,0.058800000000000005,0.05879999999999996
15,0.059000000000000004,0.05899999999999994
15,0.0592,0.05919999999999992
15,0.0594,0.05939999999999995
15,0.05960000000000001,0.059599999999999986
15,0.059800000000000006,0.059799999999999964
15,0.060000000000000005,0.05999999999999994
15,0.060200000000000004,0.06019999999999992
15,0.0604,0.060399999999999954
15,0.0606,0.06059999999999999
15,0.06080000000000001,0.060799999999999965
15,0.061000000000000006,0.06099999999999994
15,0.061200000000000004,0.06119999999999992
15,0.0614,0.061399999999999955
15,0.0616,0.06159999999999999
15,0.0618,0.061799999999999966
15,0.062000000000000006,0.061999999999999944
15,0.062200000000000005,0.06219999999999992
15,0.062400000000000004,0.062399999999999956
15,0.0626,0.06259999999999999
15,0.0628,0.06279999999999997
15,0.063,0.06299999999999994
15,0.0632,0.06319999999999992
15,0.0634,0.0633999999999999
15,0.0636,0.06359999999999999
15,0.06380000000000001,0.06379999999999997
15,0.064,0.06399999999999995
15,0.06420000000000001,0.06419999999999992
15,0.0644,0.0643999999999999
15,0.0646,0.06459999999999999
15,0.06480000000000001,0.06479999999999997
15,0.065,0.06499999999999995
15,0.06520000000000001,0.06519999999999992
15,0.0654,0.0653999999999999
15,0.0656,0.06559999999999999
15,0.0658,0.06579999999999997
15,0.066,0.06599999999999995
15,0.06620000000000001,0.06619999999999993
15,0.0664,0.0663999999999999
15,0.0666,0.06659999999999999
15,0.0668,0.0648
15,0.067,0.06199999999999989
15,0.06720000000000001,0.05919999999999978
15,0.0674,0.05639999999999988
15,0.06760000000000001,0.053599999999999995
15,0.0678,0.050800000000000095
15,0.068,0.04799999999999999
15,0.06820000000000001,0.04519999999999988
15,0.0684,0.04239999999999998
15,0.06860000000000001,0.03959999999999987
15,0.0688,0.03679999999999997
15,0.069,0.033999999999999864
15,0.0692,0.031199999999999964
15,0.0694,0.028399999999999856
15,0.06960000000000001,0.02559999999999997
15,0.0698,0.02280000000000007
15,0.07,0.019999999999999962
15,0.0702,0.017200000000000062
15,0.0704,0.014399999999999955
15,0.07060000000000001,0.011599999999999847
15,0.0708,0.008799999999999947
15,0.07100000000000001,0.005999999999999839
15,0.0712,0.003199999999999939
15,0.0714,0.00039999999999983105
15,0.07160000000000001,0.002400000000000055
15,0.0718,0.005199999999999955
15,0.07200000000000001,0.008000000000000063
15,0.0722,0.010799999999999962
15,0.0724,0.01360000000000007
15,0.0726,0.01639999999999997
15,0.0728,0.019200000000000078
15,0.07300000000000001,0.022000000000000186
15,0.0732,0.024800000000000086
15,0.0734,0.027600000000000194
15,0.0736,0.030400000000000094
15,0.0738,0.03319999999999998
15,0.07400000000000001,0.03600000000000009
15,0.0742,0.035400000000000015
15,0.07440000000000001,0.03279999999999991
15,0.0746,0.030200000000000005
15,0.0748,0.027599999999999875
15,0.07500000000000001,0.024999999999999745
15,0.0752,0.022399999999999892
15,0.07540000000000001,0.01979999999999979
15,0.0756,0.017199999999999993
15,0.0758,0.014599999999999863
15,0.076,0.011999999999999941
15,0.0762,0.009399999999999992
15,0.07640000000000001,0.0067999999999998895
15,0.0766,0.0041999999999999815
15,0.07680000000000001,0.0015999999999998515
15,0.077,0.0010000000000000286
15,0.0772,0.0035999999999999782
15,0.07740000000000001,0.006200000000000108
15,0.0776,0.00880000000000003
15,0.07780000000000001,0.011400000000000021
15,0.078,0.01399999999999993
15,0.0782,0.01659999999999999
15,0.07840000000000001,0.01920000000000012
15,0.0786,0.02180000000000004
15,0.07880000000000001,0.024400000000000144
15,0.079,0.027000000000000052
15,0.0792,0.0296
15,0.0794,0.03219999999999992
15,0.0796,0.03479999999999994
15,0.07980000000000001,0.037400000000000044
15,0.08,0.0399999999999999
15,0.08020000000000001,0.037599999999999814
15,0.0804,0.03520000000000004
15,0.0806,0.03279999999999994
15,0.08080000000000001,0.03039999999999979
15,0.081,0.027999999999999886
15,0.08120000000000001,0.025599999999999845
15,0.0814,0.023199999999999915
15,0.0816,0.02079999999999982
15,0.08180000000000001,0.018399999999999805
15,0.082,0.015999999999999875
15,0.08220000000000001,0.013599999999999793
15,0.0824,0.011200000000000015
15,0.0826,0.008799999999999919
15,0.0828,0.006399999999999975
15,0.083,0.003999999999999865
15,0.08320000000000001,0.0015999999999998238
15,0.0834,0.0007999999999999674
15,0.08360000000000001,0.0031999999999999806
15,0.0838,0.005599999999999883
15,0.084,0.008000000000000007
15,0.08420000000000001,0.010400000000000048
15,0.0844,0.01279999999999995
15,0.08460000000000001,0.015200000000000102
15,0.0848,0.017600000000000005
15,0.085,0.019999999999999976
15,0.08520000000000001,0.02240000000000006
15,0.0854,0.02479999999999999
15,0.08560000000000001,0.027200000000000002
15,0.0858,0.029599999999999904
15,0.08600000000000001,0.03200000000000003
15,0.0862,0.034399999999999875
15,0.0864,0.03679999999999997
15,0.08660000000000001,0.039200000000000124
15,0.0868,0.041600000000000026
15,0.08700000000000001,0.042999999999999816
15,0.0872,0.04079999999999989
15,0.0874,0.03859999999999986
15,0.08760000000000001,0.036399999999999766
15,0.0878,0.03419999999999991
15,0.08800000000000001,0.031999999999999806
15,0.0882,0.029799999999999938
15,0.0884,0.027599999999999958
15,0.0886,0.025400000000000034
15,0.0888,0.0231999999999999
15,0.08900000000000001,0.020999999999999797
15,0.0892,0.018799999999999872
15,0.08940000000000001,0.016599999999999837
15,0.0896,0.014399999999999913
15,0.0898,0.012199999999999891
15,0.09000000000000001,0.009999999999999787
15,0.0902,0.007799999999999918
15,0.09040000000000001,0.005599999999999938
15,0.0906,0.003400000000000014
15,0.0908,0.0011999999999998817
15,0.09100000000000001,0.0010000000000000286
15,0.0912,0.0031999999999999806
15,0.09140000000000001,0.005399999999999988
15,0.0916,0.007599999999999954
15,0.0918,0.009799999999999975
15,0.092,0.0119999999999999
15,0.0922,0.014199999999999935
15,0.09240000000000001,0.016399999999999998
15,0.0926,0.018599999999999964
15,0.09280000000000001,0.020800000000000096
15,0.093,0.02300000000000002
15,0.0932,0.0252
15,0.09340000000000001,0.027400000000000008
15,0.0936,0.029599999999999974
15,0.09380000000000001,0.031799999999999995
15,0.094,0.03399999999999992
15,0.0942,0.036199999999999954
15,0.09440000000000001,0.03840000000000002
15,0.0946,0.04059999999999998
15,0.09480000000000001,0.042800000000000116
15,0.095,0.04500000000000004
15,0.0952,0.04720000000000002
15,0.0954,0.04599999999999993
15,0.0956,0.04399999999999987
15,0.09580000000000001,0.04199999999999984
15,0.096,0.03999999999999987
15,0.09620000000000001,0.03799999999999987
15,0.0964,0.03599999999999992
15,0.0966,0.033999999999999975
15,0.09680000000000001,0.03199999999999982
15,0.097,0.02999999999999986
15,0.09720000000000001,0.027999999999999803
15,0.0974,0.025999999999999912
15,0.0976,0.023999999999999855
15,0.09780000000000001,0.021999999999999825
15,0.098,0.01999999999999985
15,0.09820000000000001,0.01799999999999985
15,0.0984,0.015999999999999903
15,0.09860000000000001,0.013999999999999957
15,0.0988,0.01200000000000001
15,0.099,0.009999999999999842
15,0.09920000000000001,0.007999999999999785
15,0.0994,0.005999999999999894
15,0.09960000000000001,0.003999999999999837
15,0.0998,0.0019999999999998908
15,0.1,0.0
15,0.10020000000000001,0.0020000000000000018
15,0.1004,0.003999999999999948
15,0.10060000000000001,0.006000000000000019
15,0.1008,0.008000000000000007
15,0.101,0.009999999999999981
15,0.10120000000000001,0.012000000000000066
15,0.1014,0.013999999999999943
15,0.10160000000000001,0.016000000000000042
15,0.1018,0.017999999999999905
15,0.10200000000000001,0.020000000000000018
15,0.1022,0.02199999999999991
15,0.1024,0.023999999999999966
15,0.10260000000000001,0.026000000000000037
15,0.1028,0.028000000000000025
15,0.10300000000000001,0.03
15,0.1032,0.03199999999999992
15,0.1034,0.03399999999999996
15,0.10360000000000001,0.03600000000000006
15,0.1038,0.03799999999999992
15,0.10400000000000001,0.040000000000000036
15,0.1042,0.041999999999999926
15,0.1044,0.043999999999999984
15,0.10460000000000001,0.046000000000000055
15,0.1048,0.04800000000000004
15,0.10500000000000001,0.05000000000000002
15,0.1052,0.051999999999999935
15,0.10540000000000001,0.05139999999999989
15,0.1056,0.049599999999999866
15,0.1058,0.04779999999999984
15,0.10600000000000001,0.04599999999999982
15,0.1062,0.04419999999999988
15,0.10640000000000001,0.04239999999999983
15,0.1066,0.040599999999999914
15,0.1068,0.038799999999999946
15,0.10700000000000001,0.03699999999999981
15,0.1072,0.0351999999999999
15,0.10740000000000001,0.033399999999999874
15,0.1076,0.03159999999999985
15,0.1078,0.029799999999999827
15,0.10800000000000001,0.027999999999999803
15,0.1082,0.026199999999999862
15,0.10840000000000001,0.02439999999999981
15,0.1086,0.022599999999999898
15,0.10880000000000001,0.02079999999999993
15,0.109,0.01899999999999992
15,0.1092,0.017199999999999882
15,0.10940000000000001,0.015399999999999858
15,0.1096,0.013599999999999834
15,0.10980000000000001,0.01179999999999981
15,0.11,0.009999999999999912
15,0.1102,0.008199999999999846
15,0.11040000000000001,0.006399999999999795
15,0.1106,0.004599999999999882
15,0.11080000000000001,0.0027999999999999137
15,0.111,0.0009999999999999037
15,0.11120000000000001,0.0007999999999999674
15,0.11140000000000001,0.002600000000000019
15,0.1116,0.0043999999999999595
15,0.11180000000000001,0.006199999999999983
15,0.112,0.007999999999999896
15,0.11220000000000001,0.009800000000000031
15,0.1124,0.011599999999999833
15,0.1126,0.013399999999999967
15,0.11280000000000001,0.015200000000000102
15,0.113,0.017000000000000015
15,0.11320000000000001,0.018799999999999983
15,0.1134,0.020599999999999896
15,0.1136,0.022399999999999975
15,0.11380000000000001,0.0242
15,0.114,0.025999999999999912
15,0.11420000000000001,0.027800000000000047
15,0.1144,0.02959999999999985
15,0.11460000000000001,0.031399999999999983
15,0.11480000000000001,0.03320000000000012
15,0.115,0.03500000000000003
15,0.11520000000000001,0.0368
15,0.1154,0.03859999999999991
15,0.11560000000000001,0.04039999999999999
15,0.1158,0.04219999999999992
15,0.116,0.04399999999999993
15,0.11620000000000001,0.04580000000000006
15,0.1164,0.047599999999999865
15,0.11660000000000001,0.0494
15,0.1168,0.051199999999999926
15,0.117,0.05300000000000005
15,0.11720000000000001,0.054800000000000015
15,0.1174,0.05659999999999993
15,0.11760000000000001,0.05840000000000001
15,0.1178,0.057599999999999874
15,0.11800000000000001,0.055999999999999855
15,0.11820000000000001,0.05439999999999978
15,0.1184,0.05279999999999985
15,0.11860000000000001,0.0511999999999998
15,0.1188,0.04959999999999998
15,0.11900000000000001,0.047999999999999834
15,0.1192,0.046399999999999886
15,0.1194,0.04479999999999984
15,0.11960000000000001,0.043199999999999794
15,0.1198,0.04159999999999986
15,0.12000000000000001,0.03999999999999984
15,0.1202,0.03839999999999988
15,0.12040000000000001,0.03679999999999983
15,0.12060000000000001,0.03519999999999979
15,0.1208,0.03359999999999996
15,0.12100000000000001,0.03199999999999982
15,0.1212,0.03039999999999987
15,0.12140000000000001,0.028799999999999826
15,0.1216,0.02719999999999989
15,0.1218,0.025599999999999845
15,0.12200000000000001,0.023999999999999827
15,0.1222,0.022399999999999864
15,0.12240000000000001,0.02079999999999982
15,0.1226,0.019199999999999884
15,0.1228,0.01759999999999995
15,0.12300000000000001,0.015999999999999806
15,0.1232,0.014399999999999857
15,0.12340000000000001,0.012799999999999812
15,0.1236,0.011199999999999877
15,0.12380000000000001,0.009599999999999831
15,0.12400000000000001,0.007999999999999813
15,0.1242,0.00639999999999985
15,0.12440000000000001,0.004799999999999804
15,0.1246,0.0031999999999998696
15,0.12480000000000001,0.0015999999999999348
15,0.125,0.0
15,0.1252,0.0015999999999999348
15,0.1254,0.0031999999999999806
15,0.1256,0.004799999999999804
15,0.1258,0.00639999999999985
15,0.126,0.007999999999999896
15,0.1262,0.009599999999999942
15,0.1264,0.011199999999999988
15,0.12660000000000002,0.012800000000000034
15,0.1268,0.014399999999999857
15,0.127,0.016000000000000014
15,0.1272,0.01759999999999995
15,0.1274,0.019199999999999995
15,0.12760000000000002,0.02080000000000004
15,0.1278,0.022399999999999864
15,0.128,0.02399999999999991
15,0.1282,0.025599999999999956
15,0.12840000000000001,0.027200000000000002
15,0.12860000000000002,0.028800000000000048
15,0.1288,0.03039999999999987
15,0.129,0.03200000000000003
15,0.1292,0.03359999999999996
15,0.12940000000000002,0.03520000000000001
15,0.12960000000000002,0.036800000000000055
15,0.1298,0.03839999999999988
15,0.13,0.039999999999999925
15,0.1302,0.04159999999999997
15,0.13040000000000002,0.043200000000000016
15,0.1306,0.04479999999999984
15,0.1308,0.046399999999999886
15,0.131,0.04800000000000004
15,0.1312,0.04959999999999998
15,0.13140000000000002,0.05120000000000002
15,0.1316,0.05279999999999985
15,0.1318,0.05439999999999989
15,0.132,0.05599999999999994
15,0.1322,0.057599999999999985
15,0.13240000000000002,0.05920000000000003
15,0.1326,0.060799999999999854
15,0.1328,0.0623999999999999
15,0.133,0.06400000000000006
15,0.1332,0.06559999999999999
15,0.13340000000000002,0.06619999999999981
15,0.1336,0.06479999999999997
15,0.1338,0.0633999999999999
15,0.134,0.06199999999999983
15,0.1342,0.060599999999999765
15,0.13440000000000002,0.0591999999999997
15,0.1346,0.05779999999999985
15,0.1348,0.056399999999999784
15,0.135,0.054999999999999716
15,0.13520000000000001,0.05359999999999976
15,0.13540000000000002,0.0521999999999998
15,0.1356,0.050799999999999956
15,0.1358,0.04939999999999989
15,0.136,0.04799999999999982
15,0.13620000000000002,0.04659999999999975
15,0.13640000000000002,0.04519999999999974
15,0.1366,0.043799999999999895
15,0.1368,0.04239999999999988
15,0.137,0.040999999999999925
15,0.13720000000000002,0.039599999999999747
15,0.1374,0.0381999999999999
15,0.1376,0.036799999999999944
15,0.1378,0.035399999999999876
15,0.138,0.03399999999999981
15,0.13820000000000002,0.03259999999999974
15,0.1384,0.031199999999999894
15,0.1386,0.029799999999999827
15,0.1388,0.02839999999999976
15,0.139,0.026999999999999913
15,0.13920000000000002,0.025599999999999734
15,0.1394,0.02419999999999989
15,0.1396,0.02279999999999993
15,0.1398,0.021399999999999864
15,0.14,0.019999999999999796
15,0.14020000000000002,0.018599999999999728
15,0.1404,0.017199999999999882
15,0.1406,0.01579999999999987
15,0.1408,0.014399999999999857
15,0.14100000000000001,0.0129999999999999
15,0.14120000000000002,0.011599999999999722
15,0.1414,0.010199999999999876
15,0.1416,0.008799999999999919
15,0.1418,0.007399999999999851
15,0.14200000000000002,0.005999999999999783
15,0.14220000000000002,0.004599999999999715
15,0.1424,0.0031999999999998696
15,0.1426,0.0017999999999998018
15,0.1428,0.0003999999999997339
15,0.14300000000000002,0.001000000000000112
15,0.1432,0.0023999999999997357
15,0.1434,0.0037999999999998035
15,0.1436,0.005199999999999871
15,0.1438,0.006599999999999939
15,0.14400000000000002,0.008000000000000007
15,0.1442,0.009399999999999853
15,0.1444,0.01079999999999992
15,0.1446,0.012199999999999989
15,0.1448,0.013599999999999945
15,0.14500000000000002,0.015000000000000124
15,0.1452,0.01639999999999997
15,0.1454,0.017799999999999927
15,0.1456,0.01919999999999994
15,0.1458,0.02059999999999995
15,0.14600000000000002,0.02200000000000002
15,0.1462,0.023399999999999865
15,0.1464,0.024799999999999933
15,0.1466,0.0262
15,0.1468,0.027599999999999958
15,0.14700000000000002,0.028999999999999915
15,0.1472,0.030399999999999983
15,0.1474,0.03179999999999983
15,0.1476,0.033199999999999896
15,0.14780000000000001,0.034599999999999964
15,0.14800000000000002,0.03600000000000003
15,0.1482,0.03739999999999988
15,0.1484,0.038799999999999946
15,0.1486,0.040200000000000014
15,0.14880000000000002,0.04159999999999997
15,0.14900000000000002,0.04300000000000015
15,0.1492,0.044399999999999995
15,0.1494,0.04579999999999995
15,0.1496,0.047199999999999964
15,0.14980000000000002,0.04859999999999998
15,0.15,0.04999999999999982
15,0.1502,0.047399999999999776
15,0.1504,0.044799999999999784
15,0.1506,0.04219999999999968
15,0.15080000000000002,0.03959999999999958
15,0.151,0.036999999999999866
15,0.1512,0.034399999999999986
15,0.1514,0.031799999999999856
15,0.1516,0.029199999999999726
15,0.15180000000000002,0.026599999999999596
15,0.152,0.023999999999999883
15,0.1522,0.021400000000000086
15,0.1524,0.018799999999999983
15,0.1526,0.01619999999999988
15,0.15280000000000002,0.013599999999999779
15,0.153,0.011000000000000065
15,0.1532,0.008399999999999963
15,0.1534,0.005799999999999833
15,0.15360000000000001,0.003199999999999703
15,0.15380000000000002,0.0005999999999995731
15,0.154,0.0020000000000000573
15,0.1542,0.0046000000000001595
15,0.1544,0.0071999999999999564
15,0.15460000000000002,0.009800000000000086
15,0.15480000000000002,0.012400000000000216
15,0.155,0.01499999999999993
15,0.1552,0.01760000000000006
15,0.1554,0.02019999999999994
15,0.15560000000000002,0.022800000000000042
15,0.15580000000000002,0.025400000000000145
15,0.156,0.02799999999999986
15,0.1562,0.03059999999999985
15,0.1564,0.03319999999999998
15,0.15660000000000002,0.03580000000000011
15,0.1568,0.03839999999999982
15,0.157,0.04099999999999995
15,0.1572,0.04360000000000008
15,0.1574,0.046200000000000185
15,0.15760000000000002,0.04880000000000029
15,0.1578,0.0514
15,0.158,0.051999999999999824
15,0.1582,0.050799999999999734
15,0.1584,0.049599999999999866
15,0.15860000000000002,0.04839999999999978
15,0.1588,0.04719999999999991
15,0.159,0.04599999999999982
15,0.1592,0.04479999999999973
15,0.15940000000000001,0.04359999999999986
15,0.15960000000000002,0.04239999999999977
15,0.1598,0.0411999999999999
15,0.16,0.039999999999999813
15,0.1602,0.038799999999999724
15,0.16040000000000001,0.037599999999999634
15,0.16060000000000002,0.036399999999999766
15,0.1608,0.0351999999999999
15,0.161,0.03399999999999992
15,0.1612,0.03279999999999994
15,0.16140000000000002,0.03159999999999985
15,0.16160000000000002,0.03039999999999976
15,0.1618,0.029199999999999893
15,0.162,0.027999999999999803
15,0.1622,0.026799999999999713
15,0.16240000000000002,0.025599999999999845
15,0.16260000000000002,0.024399999999999755
15,0.1628,0.023199999999999887
15,0.163,0.021999999999999797
15,0.1632,0.020799999999999708
15,0.16340000000000002,0.01959999999999984
15,0.1636,0.018399999999999972
15,0.1638,0.017199999999999882
15,0.164,0.015999999999999792
15,0.1642,0.014799999999999702
15,0.16440000000000002,0.013599999999999612
15,0.1646,0.012399999999999745
15,0.1648,0.011199999999999877
15,0.165,0.009999999999999898
15,0.1652,0.008799999999999919
15,0.16540000000000002,0.007599999999999829
15,0.1656,0.006399999999999961
15,0.1658,0.005199999999999871
15,0.166,0.0039999999999997815
15,0.16620000000000001,0.0027999999999996916
15,0.16640000000000002,0.0015999999999998238
15,0.1666,0.00039999999999995595
15,0.1668,0.0007999999999999119
15,0.167,0.0020000000000000018
15,0.16720000000000002,0.0031999999999998696
15,0.16740000000000002,0.0043999999999999595
15,0.1676,0.005599999999999827
15,0.1678,0.006799999999999917
15,0.168,0.008000000000000007
15,0.16820000000000002,0.009199999999999875
15,0.16840000000000002,0.010399999999999965
15,0.1686,0.011599999999999833
15,0.1688,0.012799999999999923
15,0.169,0.014000000000000012
15,0.16920000000000002,0.015200000000000102
15,0.16940000000000002,0.01640000000000008
15,0.1696,0.01759999999999995
15,0.1698,0.018799999999999928
15,0.17,0.019999999999999796
15,0.17020000000000002,0.021199999999999886
15,0.1704,0.022399999999999753
15,0.1706,0.023599999999999843
15,0.1708,0.024799999999999933
15,0.171,0.026000000000000023
15,0.17120000000000002,0.02719999999999989
15,0.1714,0.02839999999999976
15,0.1716,0.02959999999999985
15,0.1718,0.03079999999999994
15,0.17200000000000001,0.03200000000000003
15,0.17220000000000002,0.033199999999999896
15,0.1724,0.034399999999999764
15,0.1726,0.035599999999999854
15,0.1728,0.036799999999999944
15,0.17300000000000001,0.038000000000000034
15,0.17320000000000002,0.039200000000000124
15,0.1734,0.04039999999999999
15,0.1736,0.04159999999999997
15,0.1738,0.04279999999999995
15,0.17400000000000002,0.04399999999999982
15,0.17420000000000002,0.04519999999999991
15,0.1744,0.046399999999999775
15,0.1746,0.047599999999999865
15,0.1748,0.048799999999999955
15,0.17500000000000002,0.050000000000000044
15,0.17520000000000002,0.05119999999999991
15,0.1754,0.05239999999999978
15,0.1756,0.05359999999999987
15,0.1758,0.05479999999999996
15,0.17600000000000002,0.05600000000000005
15,0.1762,0.05719999999999992
15,0.1764,0.058399999999999785
15,0.1766,0.05739999999999973
15,0.1768,0.055199999999999916
15,0.17700000000000002,0.052999999999999825
15,0.1772,0.05080000000000007
15,0.1774,0.04859999999999998
15,0.1776,0.0463999999999998
15,0.1778,0.04419999999999963
15,0.17800000000000002,0.04199999999999959
15,0.1782,0.039799999999999836
15,0.1784,0.037599999999999745
15,0.1786,0.035399999999999765
15,0.17880000000000001,0.033199999999999674
15,0.17900000000000002,0.030999999999999583
15,0.1792,0.028799999999999826
15,0.1794,0.026599999999999735
15,0.1796,0.024399999999999783
15,0.17980000000000002,0.02219999999999961
15,0.18000000000000002,0.019999999999999574
15,0.1802,0.017799999999999816
15,0.1804,0.015599999999999836
15,0.1806,0.01339999999999969
15,0.18080000000000002,0.011199999999999877
15,0.18100000000000002,0.008999999999999786
15,0.1812,0.006800000000000028
15,0.1814,0.0045999999999999375
15,0.1816,0.0023999999999997634
15,0.18180000000000002,0.0001999999999995894
15,0.18200000000000002,0.0020000000000000573
15,0.1822,0.004199999999999815
15,0.1824,0.006399999999999961
15,0.1826,0.008599999999999941
15,0.18280000000000002,0.010799999999999976
15,0.183,0.012999999999999734
15,0.1832,0.015199999999999908
15,0.1834,0.01739999999999986
15,0.1836,0.01959999999999995
15,0.18380000000000002,0.02180000000000004
15,0.184,0.0239999999999998
15,0.1842,0.02619999999999989
15,0.1844,0.02839999999999987
15,0.18460000000000001,0.03059999999999996
15,0.18480000000000002,0.032799999999999996
15,0.185,0.034999999999999754
15,0.1852,0.03719999999999993
15,0.1854,0.0394000000000001
15,0.18560000000000001,0.04160000000000019
15,0.18580000000000002,0.04380000000000028
15,0.186,0.04600000000000004
15,0.1862,0.048199999999999854
15,0.1864,0.0504
15,0.18660000000000002,0.05259999999999998
15,0.18680000000000002,0.054800000000000015
15,0.187,0.05699999999999977
15,0.1872,0.05919999999999995
15,0.1874,0.0613999999999999
15,0.18760000000000002,0.06199999999999983
15,0.18780000000000002,0.06099999999999972
15,0.188,0.05999999999999983
15,0.1882,0.05899999999999972
15,0.1884,0.05799999999999983
15,0.18860000000000002,0.05699999999999972
15,0.18880000000000002,0.055999999999999606
15,0.189,0.054999999999999716
15,0.1892,0.05399999999999994
15,0.1894,0.052999999999999936
15,0.18960000000000002,0.051999999999999824
15,0.1898,0.050999999999999934
15,0.19,0.04999999999999982
15,0.1902,0.04899999999999971
15,0.1904,0.0479999999999996
15,0.19060000000000002,0.04699999999999971
15,0.1908,0.04599999999999982
15,0.191,0.04499999999999993
15,0.1912,0.04399999999999982
15,0.19140000000000001,0.042999999999999705
15,0.19160000000000002,0.041999999999999815
15,0.1918,0.040999999999999925
15,0.192,0.039999999999999813
15,0.1922,0.0389999999999997
15,0.19240000000000002,0.03799999999999981
15,0.19260000000000002,0.0369999999999997
15,0.1928,0.03599999999999981
15,0.193,0.0349999999999997
15,0.1932,0.03399999999999992
15,0.19340000000000002,0.03299999999999992
15,0.19360000000000002,0.031999999999999806
15,0.1938,0.030999999999999917
15,0.194,0.029999999999999805
15,0.1942,0.028999999999999693
15,0.19440000000000002,0.02799999999999958
15,0.19460000000000002,0.02699999999999969
15,0.1948,0.0259999999999998
15,0.195,0.02499999999999991
15,0.1952,0.0239999999999998
15,0.19540000000000002,0.022999999999999687
15,0.19560000000000002,0.021999999999999797
15,0.1958,0.020999999999999908
15,0.196,0.019999999999999796
15,0.1962,0.018999999999999684
15,0.19640000000000002,0.017999999999999794
15,0.1966,0.016999999999999904
15,0.1968,0.015999999999999792
15,0.197,0.01499999999999968
15,0.19720000000000001,0.013999999999999901
15,0.19740000000000002,0.0129999999999999
15,0.1976,0.01200000000000001
15,0.1978,0.010999999999999899
15,0.198,0.009999999999999787
15,0.19820000000000002,0.008999999999999675
15,0.19840000000000002,0.007999999999999563
15,0.1986,0.006999999999999673
15,0.1988,0.005999999999999783
15,0.199,0.004999999999999893
15,0.19920000000000002,0.0039999999999997815
15,0.19940000000000002,0.0029999999999996696
15,0.1996,0.0019999999999997797
15,0.1998,0.0009999999999998899
15,0.2,0.0
15,0.20020000000000002,0.0009999999999998899
15,0.20040000000000002,0.0019999999999997797
15,0.2006,0.0029999999999996696
15,0.2008,0.0039999999999997815
15,0.201,0.004999999999999893
15,0.20120000000000002,0.006000000000000005
15,0.20140000000000002,0.007000000000000117
15,0.2016,0.008000000000000007
15,0.2018,0.008999999999999897
15,0.202,0.009999999999999787
15,0.20220000000000002,0.010999999999999899
15,0.20240000000000002,0.01200000000000001
15,0.2026,0.0129999999999999
15,0.2028,0.01399999999999979
15,0.203,0.014999999999999902
15,0.20320000000000002,0.016000000000000014
15,0.2034,0.016999999999999904
15,0.2036,0.017999999999999794
15,0.2038,0.018999999999999684
15,0.20400000000000001,0.020000000000000018
15,0.20420000000000002,0.020999999999999908
15,0.2044,0.021999999999999797
15,0.2046,0.022999999999999687
15,0.2048,0.0239999999999998
15,0.20500000000000002,0.02499999999999991
15,0.20520000000000002,0.026000000000000023
15,0.2054,0.026999999999999913
15,0.2056,0.028000000000000025
15,0.2058,0.028999999999999915
15,0.20600000000000002,0.029999999999999805
15,0.20620000000000002,0.030999999999999917
15,0.2064,0.031999999999999806
15,0.2066,0.03299999999999992
15,0.2068,0.03399999999999981
15,0.20700000000000002,0.03499999999999992
15,0.20720000000000002,0.03600000000000003
15,0.2074,0.03699999999999992
15,0.2076,0.03799999999999981
15,0.2078,0.0389999999999997
15,0.20800000000000002,0.040000000000000036
15,0.20820000000000002,0.040999999999999925
15,0.2084,0.041999999999999815
15,0.2086,0.042999999999999705
15,0.2088,0.04399999999999982
15,0.20900000000000002,0.04499999999999993
15,0.2092,0.04599999999999982
15,0.2094,0.04699999999999993
15,0.2096,0.04800000000000004
15,0.20980000000000001,0.04899999999999993
15,0.21000000000000002,0.04999999999999982
15,0.2102,0.05099999999999971
15,0.2104,0.051999999999999824
15,0.2106,0.05159999999999976
15,0.21080000000000002,0.04879999999999965
15,0.21100000000000002,0.04599999999999954
15,0.2112,0.04319999999999985
15,0.2114,0.04039999999999974
15,0.2116,0.037599999999999634
15,0.21180000000000002,0.03479999999999997
15,0.21200000000000002,0.03199999999999986
15,0.2122,0.02920000000000017
15,0.2124,0.026400000000000062
15,0.2126,0.023599999999999954
15,0.21280000000000002,0.020799999999999846
15,0.21300000000000002,0.01799999999999974
15,0.2132,0.015200000000000047
15,0.2134,0.012399999999999939
15,0.2136,0.009599999999999831
15,0.21380000000000002,0.006799999999999723
15,0.21400000000000002,0.003999999999999615
15,0.2142,0.0011999999999999234
15,0.2144,0.0016000000000001846
15,0.2146,0.0044000000000002926
15,0.21480000000000002,0.0072000000000004005
15,0.21500000000000002,0.010000000000000508
15,0.2152,0.0128000000000002
15,0.2154,0.015600000000000308
15,0.2156,0.018399999999999972
15,0.21580000000000002,0.02120000000000008
15,0.216,0.02399999999999977
15,0.2162,0.02679999999999988
15,0.2164,0.029599999999999987
15,0.21660000000000001,0.032400000000000095
15,0.21680000000000002,0.0352000000000002
15,0.217,0.037999999999999895
15,0.2172,0.0408
15,0.2174,0.04339999999999988
15,0.21760000000000002,0.04159999999999986
15,0.21780000000000002,0.03979999999999964
15,0.218,0.03799999999999984
15,0.2182,0.03619999999999979
15,0.2184,0.034399999999999764
15,0.21860000000000002,0.03259999999999952
15,0.21880000000000002,0.030799999999999716
15,0.219,0.028999999999999915
15,0.2192,0.02719999999999967
15,0.2194,0.025399999999999645
15,0.21960000000000002,0.02359999999999962
15,0.21980000000000002,0.021799999999999625
15,0.22,0.019999999999999823
15,0.2202,0.018199999999999772
15,0.2204,0.016399999999999693
15,0.22060000000000002,0.014599999999999613
15,0.22080000000000002,0.01279999999999959
15,0.221,0.010999999999999788
15,0.2212,0.009199999999999764
15,0.2214,0.007399999999999851
15,0.22160000000000002,0.005599999999999827
15,0.22180000000000002,0.0037999999999996092
15,0.222,0.0019999999999998075
15,0.2222,0.00019999999999975593
15,0.22240000000000001,0.0015999999999999348
15,0.22260000000000002,0.0033999999999999586
15,0.2228,0.00519999999999976
15,0.223,0.00699999999999984
15,0.2232,0.008799999999999919
15,0.22340000000000002,0.01059999999999997
15,0.22360000000000002,0.012399999999999967
15,0.2238,0.014199999999999768
15,0.224,0.015999999999999792
15,0.2242,0.017799999999999816
15,0.22440000000000002,0.019600000000000062
15,0.22460000000000002,0.021399999999999864
15,0.2248,0.023199999999999665
15,0.225,0.02499999999999991
15,0.2252,0.026799999999999935
15,0.22540000000000002,0.028599999999999987
15,0.22560000000000002,0.030400000000000205
15,0.2258,0.032200000000000006
15,0.226,0.03400000000000003
15,0.2262,0.03579999999999994
15,0.22640000000000002,0.03759999999999997
15,0.22660000000000002,0.03939999999999999
15,0.2268,0.04119999999999979
15,0.227,0.04299999999999987
15,0.2272,0.04479999999999995
15,0.22740000000000002,0.04379999999999956
15,0.22760000000000002,0.04119999999999946
15,0.2278,0.03859999999999997
15,0.228,0.03599999999999984
15,0.22820000000000001,0.03339999999999971
15,0.22840000000000002,0.030799999999999578
15,0.22860000000000003,0.02819999999999978
15,0.2288,0.025600000000000067
15,0.229,0.022999999999999965
15,0.22920000000000001,0.020399999999999863
15,0.22940000000000002,0.01779999999999976
15,0.2296,0.015200000000000047
15,0.2298,0.012599999999999945
15,0.23,0.009999999999999815
15,0.23020000000000002,0.007399999999999685
15,0.23040000000000002,0.004799999999999555
15,0.2306,0.002199999999999841
15,0.2308,0.000400000000000178
15,0.231,0.002999999999999975
15,0.23120000000000002,0.005600000000000105
15,0.23140000000000002,0.008200000000000235
15,0.2316,0.010799999999999949
15,0.2318,0.013400000000000079
15,0.232,0.01599999999999996
15,0.23220000000000002,0.01860000000000006
15,0.23240000000000002,0.021200000000000163
15,0.2326,0.023799999999999877
15,0.2328,0.026399999999999868
15,0.233,0.028999999999999998
15,0.23320000000000002,0.03160000000000013
15,0.23340000000000002,0.03420000000000026
15,0.2336,0.03679999999999997
15,0.2338,0.0394000000000001
15,0.234,0.042000000000000204
15,0.23420000000000002,0.044600000000000306
15,0.23440000000000003,0.04720000000000041
15,0.2346,0.04980000000000012
15,0.2348,0.052400000000000224
15,0.23500000000000001,0.05500000000000002
15,0.23520000000000002,0.05760000000000015
15,0.23540000000000003,0.058399999999999785
15,0.2356,0.057599999999999874
15,0.2358,0.05679999999999974
15,0.23600000000000002,0.05599999999999983
15,0.23620000000000002,0.055199999999999694
15,0.2364,0.05439999999999978
15,0.2366,0.05359999999999987
15,0.2368,0.052799999999999736
15,0.23700000000000002,0.0519999999999996
15,0.23720000000000002,0.05119999999999969
15,0.2374,0.05039999999999978
15,0.2376,0.049599999999999866
15,0.2378,0.048799999999999955
15,0.23800000000000002,0.04799999999999982
15,0.23820000000000002,0.04719999999999969
15,0.2384,0.046399999999999775
15,0.2386,0.04559999999999986
15,0.2388,0.04479999999999951
15,0.23900000000000002,0.043999999999999595
15,0.23920000000000002,0.04319999999999968
15,0.2394,0.04239999999999977
15,0.2396,0.04159999999999986
15,0.2398,0.040799999999999725
15,0.24000000000000002,0.039999999999999813
15,0.24020000000000002,0.03919999999999968
15,0.2404,0.03839999999999977
15,0.2406,0.037599999999999856
15,0.24080000000000001,0.03679999999999972
15,0.24100000000000002,0.03599999999999959
15,0.24120000000000003,0.035199999999999676
15,0.2414,0.034399999999999764
15,0.2416,0.03359999999999985
15,0.24180000000000001,0.03279999999999994
15,0.24200000000000002,0.031999999999999806
15,0.2422,0.031199999999999894
15,0.2424,0.03039999999999976
15,0.2426,0.02959999999999985
15,0.24280000000000002,0.028799999999999493
15,0.24300000000000002,0.02799999999999958
15,0.2432,0.02719999999999967
15,0.2434,0.026399999999999757
15,0.2436,0.025599999999999845
15,0.24380000000000002,0.02479999999999971
15,0.24400000000000002,0.0239999999999998
15,0.2442,0.023199999999999887
15,0.2444,0.022399999999999753
15,0.2446,0.02159999999999984
15,0.24480000000000002,0.020799999999999708
15,0.24500000000000002,0.019999999999999574
15,0.2452,0.019199999999999662
15,0.2454,0.01839999999999975
15,0.2456,0.017599999999999838
15,0.24580000000000002,0.016799999999999926
15,0.24600000000000002,0.015999999999999792
15,0.2462,0.01519999999999988
15,0.2464,0.014399999999999746
15,0.2466,0.013599999999999834
15,0.24680000000000002,0.012799999999999478
15,0.24700000000000003,0.011999999999999567
15,0.2472,0.011199999999999655
15,0.2474,0.010399999999999743
15,0.24760000000000001,0.009599999999999831
15,0.24780000000000002,0.008799999999999697
15,0.24800000000000003,0.007999999999999785
15,0.2482,0.007199999999999873
15,0.2484,0.006399999999999739
15,0.24860000000000002,0.005599999999999827
15,0.24880000000000002,0.004799999999999693
15,0.249,0.0039999999999997815
15,0.2492,0.0031999999999996476
15,0.2494,0.0023999999999997357
15,0.24960000000000002,0.0015999999999998238
15,0.24980000000000002,0.0007999999999999119
15,0.25,0.0
15,0.2502,0.0007999999999999119
15,0.2504,0.0015999999999998238
15,0.2506,0.0023999999999997357
15,0.2508,0.0031999999999998696
15,0.251,0.0039999999999997815
15,0.25120000000000003,0.0047999999999999154
15,0.2514,0.005599999999999827
15,0.2516,0.006399999999999739
15,0.2518,0.007199999999999873
15,0.252,0.007999999999999785
15,0.25220000000000004,0.008799999999999919
15,0.2524,0.009599999999999831
15,0.2526,0.010399999999999743
15,0.2528,0.011199999999999655
15,0.253,0.011999999999999567
15,0.25320000000000004,0.012799999999999923
15,0.2534,0.013599999999999834
15,0.2536,0.014399999999999746
15,0.2538,0.015200000000000102
15,0.254,0.016000000000000014
15,0.25420000000000004,0.016799999999999926
15,0.2544,0.017599999999999838
15,0.2546,0.01839999999999975
15,0.2548,0.019199999999999884
15,0.255,0.019999999999999796
15,0.25520000000000004,0.02079999999999993
15,0.2554,0.02159999999999984
15,0.2556,0.022399999999999753
15,0.2558,0.023199999999999887
15,0.256,0.0239999999999998
15,0.25620000000000004,0.024799999999999933
15,0.2564,0.025599999999999845
15,0.2566,0.026399999999999757
15,0.25680000000000003,0.02719999999999967
15,0.257,0.02799999999999958
15,0.25720000000000004,0.028799999999999937
15,0.2574,0.02959999999999985
15,0.2576,0.03039999999999976
15,0.25780000000000003,0.031200000000000117
15,0.258,0.03200000000000003
15,0.25820000000000004,0.03279999999999994
15,0.2584,0.03359999999999985
15,0.2586,0.034399999999999764
15,0.25880000000000003,0.0351999999999999
15,0.259,0.03599999999999981
15,0.2592,0.03679999999999972
15,0.2594,0.037599999999999856
15,0.2596,0.03839999999999977
15,0.25980000000000003,0.0391999999999999
15,0.26,0.039999999999999813
15,0.2602,0.040799999999999725
15,0.2604,0.04159999999999986
15,0.2606,0.04239999999999977
15,0.26080000000000003,0.04319999999999968
15,0.261,0.043999999999999595
15,0.2612,0.04479999999999951
15,0.2614,0.04559999999999986
15,0.2616,0.046399999999999775
15,0.26180000000000003,0.04720000000000013
15,0.262,0.04800000000000004
15,0.2622,0.048799999999999955
15,0.2624,0.049599999999999866
15,0.2626,0.05039999999999978
15,0.26280000000000003,0.05119999999999991
15,0.263,0.051999999999999824
15,0.2632,0.052799999999999736
15,0.2634,0.05359999999999987
15,0.2636,0.05439999999999978
15,0.26380000000000003,0.055199999999999916
15,0.264,0.05599999999999983
15,0.2642,0.05679999999999974
15,0.2644,0.057599999999999874
15,0.2646,0.058399999999999785
15,0.26480000000000004,0.0591999999999997
15,0.265,0.05999999999999961
15,0.2652,0.06079999999999952
15,0.2654,0.06159999999999988
15,0.2656,0.06239999999999979
15,0.26580000000000004,0.06320000000000014
15,0.266,0.06400000000000006
15,0.2662,0.06479999999999997
15,0.2664,0.06559999999999988
15,0.2666,0.06639999999999979
15,0.26680000000000004,0.06519999999999937
15,0.267,0.06299999999999961
15,0.2672,0.060799999999999854
15,0.2674,0.05859999999999965
15,0.2676,0.056399999999999784
15,0.26780000000000004,0.05419999999999936
15,0.268,0.0519999999999996
15,0.2682,0.049799999999999844
15,0.2684,0.04759999999999942
15,0.2686,0.04539999999999972
15,0.26880000000000004,0.04319999999999924
15,0.269,0.0409999999999997
15,0.2692,0.038799999999999724
15,0.26940000000000003,0.036599999999999744
15,0.2696,0.03439999999999954
15,0.26980000000000004,0.03219999999999956
15,0.27,0.02999999999999936
15,0.2702,0.027800000000000047
15,0.27040000000000003,0.025599999999999457
15,0.2706,0.0233999999999997
15,0.27080000000000004,0.02119999999999933
15,0.271,0.018999999999999573
15,0.2712,0.016799999999999815
15,0.27140000000000003,0.014599999999999502
15,0.2716,0.012399999999999856
15,0.27180000000000004,0.01019999999999932
15,0.272,0.007999999999999563
15,0.2722,0.005799999999999805
15,0.27240000000000003,0.003599999999999437
15,0.2726,0.0013999999999996238
15,0.2728,0.0007999999999996898
15,0.273,0.0030000000000000027
15,0.2732,0.00519999999999976
15,0.27340000000000003,0.007400000000000129
15,0.2736,0.009599999999999886
15,0.2738,0.011799999999999644
15,0.274,0.014000000000000234
15,0.2742,0.016199999999999548
15,0.27440000000000003,0.018400000000000416
15,0.2746,0.02059999999999973
15,0.2748,0.02279999999999993
15,0.275,0.02499999999999991
15,0.2752,0.02719999999999989
15,0.27540000000000003,0.029400000000000093
15,0.2756,0.031599999999999906
15,0.2758,0.03379999999999961
15,0.276,0.03600000000000003
15,0.2762,0.03819999999999979
15,0.27640000000000003,0.040400000000000325
15,0.2766,0.04259999999999997
15,0.2768,0.04479999999999984
15,0.277,0.04700000000000004
15,0.2772,0.0491999999999998
15,0.27740000000000004,0.05140000000000017
15,0.2776,0.053599999999999925
15,0.2778,0.055399999999999894
15,0.278,0.053999999999999826
15,0.2782,0.05259999999999998
15,0.27840000000000004,0.05119999999999947
15,0.2786,0.04979999999999962
15,0.2788,0.04839999999999978
15,0.279,0.04699999999999971
15,0.2792,0.04559999999999986
15,0.27940000000000004,0.04419999999999957
15,0.2796,0.04279999999999973
15,0.2798,0.04139999999999988
15,0.28,0.03999999999999959
15,0.2802,0.038599999999999746
15,0.28040000000000004,0.037199999999999456
15,0.2806,0.03579999999999961
15,0.2808,0.034399999999999764
15,0.281,0.032999999999999474
15,0.2812,0.03159999999999974
15,0.28140000000000004,0.03019999999999934
15,0.2816,0.028799999999999715
15,0.2818,0.027399999999999647
15,0.28200000000000003,0.0259999999999998
15,0.2822,0.02459999999999951
15,0.28240000000000004,0.023199999999999443
15,0.2826,0.021799999999999597
15,0.2828,0.02039999999999975
15,0.28300000000000003,0.018999999999999684
15,0.2832,0.017599999999999838
15,0.28340000000000004,0.016199999999999548
15,0.2836,0.014799999999999702
15,0.2838,0.013399999999999856
15,0.28400000000000003,0.011999999999999567
15,0.2842,0.01059999999999972
15,0.28440000000000004,0.00919999999999943
15,0.2846,0.007799999999999585
15,0.2848,0.006399999999999739
15,0.28500000000000003,0.00499999999999956
15,0.2852,0.0035999999999996035
15,0.2854,0.0021999999999998687
15,0.2856,0.0007999999999994678
15,0.2858,0.0005999999999997119
15,0.28600000000000003,0.002000000000000224
15,0.2862,0.0034000000000000696
15,0.2864,0.004799999999999471
15,0.2866,0.006199999999999983
15,0.2868,0.007599999999999607
15,0.28700000000000003,0.009000000000000008
15,0.2872,0.010399999999999743
15,0.2874,0.0117999999999997
15,0.2876,0.013199999999999878
15,0.2878,0.014599999999999724
15,0.28800000000000003,0.016000000000000014
15,0.2882,0.01739999999999986
15,0.2884,0.018799999999999706
15,0.2886,0.020199999999999996
15,0.2888,0.02159999999999984
15,0.28900000000000003,0.02300000000000013
15,0.2892,0.024399999999999977
15,0.2894,0.025799999999999823
15,0.2896,0.02719999999999989
15,0.2898,0.028599999999999737
15,0.29000000000000004,0.03000000000000025
15,0.2902,0.03139999999999965
15,0.2904,0.03279999999999994
15,0.2906,0.034199999999999786
15,0.2908,0.035599999999999854
15,0.29100000000000004,0.03699999999999992
15,0.2912,0.03839999999999988
15,0.2914,0.03979999999999961
15,0.2916,0.0411999999999999
15,0.2918,0.04259999999999975
15,0.29200000000000004,0.04400000000000004
15,0.2922,0.045399999999999885
15,0.2924,0.04679999999999973
15,0.2926,0.04820000000000002
15,0.2928,0.049599999999999866
15,0.29300000000000004,0.051000000000000156
15,0.2932,0.0524
15,0.2934,0.05379999999999985
15,0.2936,0.055199999999999916
15,0.2938,0.05659999999999976
15,0.29400000000000004,0.05799999999999983
15,0.2942,0.05799999999999983
15,0.2944,0.055999999999999606
15,0.29460000000000003,0.05399999999999949
15,0.2948,0.05199999999999971
15,0.29500000000000004,0.04999999999999938
15,0.2952,0.0479999999999996
15,0.2954,0.04599999999999982
15,0.29560000000000003,0.04399999999999937
15,0.2958,0.04199999999999959
15,0.29600000000000004,0.03999999999999937
15,0.2962,0.03799999999999937
15,0.2964,0.03599999999999981
15,0.29660000000000003,0.033999999999999364
15,0.2968,0.031999999999999695
15,0.29700000000000004,0.02999999999999936
15,0.2972,0.027999999999999692
15,0.2974,0.0259999999999998
15,0.29760000000000003,0.02399999999999952
15,0.2978,0.021999999999999575
15,0.29800000000000004,0.019999999999999574
15,0.2982,0.01799999999999935
15,0.2984,0.016000000000000014
15,0.29860000000000003,0.013999999999999457
15,0.2988,0.011999999999999678
15,0.299,0.009999999999999898
15,0.2992,0.007999999999999563
15,0.2994,0.005999999999999783
15,0.29960000000000003,0.003999999999999337
15,0.2998,0.0019999999999995577
15,0.3,0.0
15,0.3002,0.0019999999999997797
15,0.3004,0.0039999999999997815
15,0.30060000000000003,0.006000000000000005
15,0.3008,0.007999999999999785
15,0.301,0.009999999999999565
15,0.3012,0.01200000000000001
15,0.3014,0.01399999999999979
15,0.30160000000000003,0.016000000000000125
15,0.3018,0.017999999999999905
15,0.302,0.019999999999999685
15,0.3022,0.02200000000000024
15,0.3024,0.023999999999999577
15,0.30260000000000004,0.02600000000000019
15,0.3028,0.027999999999999803
15,0.303,0.02999999999999975
15,0.3032,0.03200000000000003
15,0.3034,0.03399999999999992
15,0.30360000000000004,0.03600000000000003
15,0.3038,0.03799999999999992
15,0.304,0.03999999999999959
15,0.3042,0.04200000000000004
15,0.3044,0.04280000000000017
15,0.30460000000000004,0.040199999999999236
15,0.3048,0.03759999999999997
15,0.305,0.03499999999999981
15,0.3052,0.03239999999999976
15,0.3054,0.029799999999999605
15,0.30560000000000004,0.027199999999999558
15,0.3058,0.0245999999999994
15,0.306,0.02200000000000013
15,0.3062,0.01939999999999964
15,0.3064,0.016799999999999926
15,0.30660000000000004,0.01419999999999938
15,0.3068,0.011599999999999666
15,0.307,0.008999999999999952
15,0.30720000000000003,0.006399999999999406
15,0.3074,0.0037999999999996925
15,0.30760000000000004,0.0011999999999991462
15,0.3078,0.0013999999999999568
15,0.308,0.004000000000000115
15,0.30820000000000003,0.006599999999999939
15,0.3084,0.009200000000000319
15,0.30860000000000004,0.0118000000000002
15,0.3088,0.014399999999999913
15,0.309,0.016999999999999627
15,0.30920000000000003,0.019600000000000173
15,0.3094,0.022199999999999886
15,0.30960000000000004,0.024800000000000433
15,0.3098,0.027400000000000146
15,0.31,0.02999999999999986
15,0.31020000000000003,0.032600000000000406
15,0.3104,0.03520000000000012
15,0.31060000000000004,0.03780000000000061
15,0.3108,0.04039999999999988
15,0.311,0.04300000000000004
15,0.31120000000000003,0.045600000000000085
15,0.3114,0.04820000000000024
15,0.3116,0.05079999999999951
15,0.3118,0.05340000000000045
15,0.312,0.05599999999999972
15,0.31220000000000003,0.05860000000000065
15,0.3124,0.0611999999999997
15,0.3126,0.06219999999999981
15,0.3128,0.06159999999999943
15,0.313,0.06099999999999994
15,0.31320000000000003,0.060399999999999565
15,0.3134,0.05979999999999963
15,0.3136,0.0591999999999997
15,0.3138,0.05859999999999932
15,0.314,0.05799999999999983
15,0.31420000000000003,0.05739999999999945
15,0.3144,0.05679999999999996
15,0.3146,0.056199999999999584
15,0.3148,0.05559999999999965
15,0.315,0.054999999999999716
15,0.31520000000000004,0.05439999999999934
15,0.3154,0.05379999999999985
15,0.3156,0.05319999999999947
15,0.3158,0.052599999999999536
15,0.316,0.0519999999999996
15,0.31620000000000004,0.05139999999999967
15,0.3164,0.050799999999999734
15,0.3166,0.0501999999999998
15,0.3168,0.049599999999999866
15,0.317,0.04899999999999949
15,0.31720000000000004,0.048399999999999554
15,0.3174,0.04779999999999962
15,0.3176,0.04719999999999969
15,0.3178,0.04659999999999975
15,0.318,0.045999999999999375
15,0.31820000000000004,0.045399999999999885
15,0.3184,0.04479999999999951
15,0.3186,0.04420000000000002
15,0.31880000000000003,0.04359999999999964
15,0.319,0.042999999999999705
15,0.31920000000000004,0.04239999999999977
15,0.3194,0.04179999999999939
15,0.3196,0.0411999999999999
15,0.31980000000000003,0.040599999999999525
15,0.32,0.03999999999999959
15,0.32020000000000004,0.03939999999999966
15,0.3204,0.038799999999999724
15,0.3206,0.03819999999999979
15,0.32080000000000003,0.03759999999999941
15,0.321,0.03699999999999992
15,0.32120000000000004,0.036399999999999544
15,0.3214,0.03579999999999961
15,0.3216,0.035199999999999676
15,0.32180000000000003,0.0345999999999993
15,0.322,0.03399999999999981
15,0.32220000000000004,0.03339999999999943
15,0.3224,0.03279999999999994
15,0.3226,0.03219999999999956
15,0.32280000000000003,0.03159999999999963
15,0.323,0.030999999999999694
15,0.32320000000000004,0.030399999999999316
15,0.3234,0.029799999999999827
15,0.3236,0.02919999999999945
15,0.32380000000000003,0.028599999999999515
15,0.324,0.02799999999999958
15,0.32420000000000004,0.027399999999999647
15,0.3244,0.026799999999999713
15,0.3246,0.02619999999999978
15,0.32480000000000003,0.025599999999999845
15,0.325,0.024999999999999467
15,0.3252,0.024399999999999977
15,0.3254,0.0237999999999996
15,0.3256,0.023199999999999665
15,0.32580000000000003,0.02259999999999973
15,0.326,0.021999999999999353
15,0.3262,0.021399999999999864
15,0.3264,0.020799999999999486
15,0.3266,0.020199999999999996
15,0.32680000000000003,0.019599999999999618
15,0.327,0.018999999999999684
15,0.3272,0.01839999999999975
15,0.3274,0.017799999999999372
15,0.3276,0.017199999999999882
15,0.32780000000000004,0.016599999999999504
15,0.328,0.01599999999999957
15,0.3282,0.015399999999999636
15,0.3284,0.014799999999999702
15,0.3286,0.014199999999999768
15,0.32880000000000004,0.01359999999999939
15,0.329,0.0129999999999999
15,0.3292,0.012399999999999523
15,0.3294,0.011799999999999589
15,0.3296,0.011199999999999655
15,0.32980000000000004,0.010599999999999277
15,0.33,0.009999999999999787
15,0.3302,0.009399999999999409
15,0.3304,0.008799999999999919
15,0.3306,0.008199999999999541
15,0.33080000000000004,0.007599999999999607
15,0.331,0.006999999999999673
15,0.3312,0.006399999999999739
15,0.33140000000000003,0.005799999999999805
15,0.3316,0.005199999999999427
15,0.33180000000000004,0.004599999999999493
15,0.332,0.0039999999999995595
15,0.3322,0.0033999999999996255
15,0.33240000000000003,0.0027999999999996916
15,0.3326,0.0021999999999997577
15,0.33280000000000004,0.0015999999999998238
15,0.333,0.0009999999999994458
15,0.3332,0.00039999999999995595
15,0.33340000000000003,0.00019999999999953388
15,0.3336,0.0007999999999994678
15,0.33380000000000004,0.0013999999999998458
15,0.334,0.0019999999999997797
15,0.3342,0.0025999999999997137
15,0.33440000000000003,0.0031999999999996476
15,0.3346,0.0038000000000000256
15,0.33480000000000004,0.004399999999999515
15,0.335,0.004999999999999893
15,0.3352,0.005599999999999383
15,0.33540000000000003,0.006199999999999761
15,0.3356,0.006799999999999251
15,0.33580000000000004,0.007399999999999629
15,0.336,0.008000000000000007
15,0.3362,0.008599999999999497
15,0.33640000000000003,0.009199999999999875
15,0.3366,0.009799999999999809
15,0.33680000000000004,0.010399999999999743
15,0.337,0.010999999999999677
15,0.3372,0.01159999999999961
15,0.33740000000000003,0.012199999999999545
15,0.3376,0.012799999999999478
15,0.33780000000000004,0.013399999999999856
15,0.338,0.01399999999999979
15,0.3382,0.014599999999999724
15,0.33840000000000003,0.015200000000000102
15,0.3386,0.015799999999999592
15,0.3388,0.01639999999999997
15,0.339,0.01699999999999946
15,0.3392,0.017599999999999838
15,0.33940000000000003,0.018199999999999328
15,0.3396,0.018799999999999706
15,0.3398,0.019399999999999196
15,0.34,0.019999999999999574
15,0.3402,0.02059999999999995
15,0.34040000000000004,0.021199999999999886
15,0.3406,0.02179999999999982
15,0.3408,0.022399999999999753
15,0.341,0.022999999999999687
15,0.3412,0.02359999999999962
15,0.34140000000000004,0.024199999999999555
15,0.3416,0.02479999999999949
15,0.3418,0.025399999999999423
15,0.342,0.0259999999999998
15,0.3422,0.026599999999999735
15,0.34240000000000004,0.02719999999999967
15,0.3426,0.027800000000000047
15,0.3428,0.028399999999999537
15,0.343,0.028999999999999915
15,0.3432,0.029599999999999405
15,0.34340000000000004,0.030199999999999783
15,0.3436,0.030799999999999272
15,0.3438,0.03139999999999965
15,0.34400000000000003,0.03200000000000003
15,0.3442,0.03259999999999952
15,0.34440000000000004,0.033199999999999896
15,0.3446,0.03379999999999983
15,0.3448,0.034399999999999764
15,0.34500000000000003,0.0349999999999997
15,0.3452,0.03559999999999963
15,0.34540000000000004,0.036199999999999566
15,0.3456,0.0367999999999995
15,0.3458,0.037399999999999434
15,0.34600000000000003,0.03799999999999981
15,0.3462,0.038599999999999746
15,0.34640000000000004,0.039200000000000124
15,0.3466,0.03979999999999961
15,0.3468,0.04039999999999999
15,0.34700000000000003,0.04099999999999948
15,0.3472,0.04159999999999986
15,0.34740000000000004,0.04219999999999935
15,0.3476,0.04279999999999973
15,0.3478,0.04339999999999922
15,0.34800000000000003,0.043999999999999595
15,0.3482,0.04459999999999997
15,0.34840000000000004,0.04519999999999991
15,0.3486,0.04579999999999984
15,0.3488,0.046399999999999775
15,0.34900000000000003,0.04699999999999971
15,0.3492,0.04759999999999964
15,0.34940000000000004,0.048199999999999577
15,0.3496,0.04879999999999951
15,0.3498,0.049399999999999444
15,0.35000000000000003,0.04999999999999982
15,0.3502,0.050599999999999756
15,0.35040000000000004,0.05119999999999969
15,0.3506,0.05180000000000007
15,0.3508,0.05239999999999956
15,0.35100000000000003,0.052999999999999936
15,0.3512,0.053599999999999426
15,0.3514,0.054199999999999804
15,0.3516,0.054799999999999294
15,0.3518,0.05539999999999967
15,0.35200000000000004,0.05600000000000005
15,0.3522,0.05659999999999954
15,0.3524,0.05719999999999992
15,0.3526,0.05779999999999985
15,0.3528,0.058399999999999785
15,0.35300000000000004,0.05799999999999922
15,0.3532,0.05519999999999997
15,0.3534,0.052399999999999836
15,0.3536,0.049599999999999755
15,0.3538,0.04679999999999962
15,0.35400000000000004,0.04399999999999954
15,0.3542,0.041199999999999404
15,0.3544,0.038400000000000156
15,0.3546,0.03559999999999919
15,0.3548,0.03279999999999994
15,0.35500000000000004,0.02999999999999986
15,0.3552,0.027199999999999724
15,0.3554,0.024400000000000477
15,0.3556,0.02159999999999951
15,0.3558,0.01880000000000026
15,0.35600000000000004,0.015999999999999293
15,0.3562,0.013200000000000045
15,0.3564,0.01039999999999991
15,0.35660000000000003,0.007599999999999829
15,0.3568,0.004799999999999693
15,0.35700000000000004,0.001999999999999613
15,0.3572,0.0008000000000005225
15,0.3574,0.00359999999999977
15,0.35760000000000003,0.006400000000000738
15,0.3578,0.009199999999999986
15,0.35800000000000004,0.012000000000000954
15,0.3582,0.014800000000000202
15,0.3584,0.017600000000000338
15,0.35860000000000003,0.020400000000000418
15,0.3588,0.023199999999999665
15,0.35900000000000004,0.026000000000000634
15,0.3592,0.02879999999999988
15,0.3594,0.03160000000000002
15,0.35960000000000003,0.0344000000000001
15,0.3598,0.03720000000000023
15,0.36000000000000004,0.03999999999999915
15,0.3602,0.03779999999999939
15,0.3604,0.03559999999999963
15,0.36060000000000003,0.03339999999999921
15,0.3608,0.031199999999999672
15,0.36100000000000004,0.02899999999999925
15,0.3612,0.02679999999999938
15,0.3614,0.024599999999999733
15,0.36160000000000003,0.022399999999999753
15,0.3618,0.02019999999999955
15,0.36200000000000004,0.017999999999999572
15,0.3622,0.01579999999999937
15,0.3624,0.013600000000000056
15,0.36260000000000003,0.011399999999999189
15,0.3628,0.009199999999999875
15,0.36300000000000004,0.006999999999999285
15,0.3632,0.004799999999999527
15,0.3634,0.002599999999999769
15,0.36360000000000003,0.0003999999999991788
15,0.3638,0.0017999999999998018
15,0.36400000000000005,0.004000000000000115
15,0.3642,0.006199999999999983
15,0.3644,0.00839999999999963
15,0.36460000000000004,0.010599999999999943
15,0.3648,0.012799999999999923
15,0.365,0.014999999999999458
15,0.3652,0.017199999999999882
15,0.3654,0.01939999999999964
15,0.36560000000000004,0.021599999999999953
15,0.3658,0.02379999999999971
15,0.366,0.025999999999999468
15,0.3662,0.02820000000000006
15,0.3664,0.030399999999999816
15,0.36660000000000004,0.032600000000000406
15,0.3668,0.03479999999999972
15,0.367,0.03699999999999992
15,0.3672,0.0391999999999999
15,0.3674,0.0414000000000001
15,0.36760000000000004,0.04360000000000008
15,0.3678,0.045800000000000285
15,0.368,0.0479999999999996
15,0.3682,0.05019999999999991
15,0.3684,0.05239999999999978
15,0.36860000000000004,0.051199999999999246
15,0.3688,0.049599999999999644
15,0.369,0.0479999999999996
15,0.36920000000000003,0.04639999999999933
15,0.3694,0.04479999999999951
15,0.36960000000000004,0.04319999999999924
15,0.3698,0.041599999999999415
15,0.37,0.03999999999999959
15,0.37020000000000003,0.038399999999999324
15,0.3704,0.03679999999999983
15,0.37060000000000004,0.03519999999999923
15,0.3708,0.03359999999999985
15,0.371,0.031999999999999584
15,0.37120000000000003,0.03039999999999954
15,0.3714,0.028799999999999715
15,0.37160000000000004,0.027199999999999225
15,0.3718,0.0255999999999994
15,0.372,0.023999999999999577
15,0.37220000000000003,0.02239999999999931
15,0.3724,0.020799999999999486
15,0.37260000000000004,0.01919999999999944
15,0.3728,0.017599999999999394
15,0.373,0.015999999999999792
15,0.37320000000000003,0.014399999999999302
15,0.3734,0.012799999999999478
15,0.37360000000000004,0.01119999999999921
15,0.3738,0.009599999999999387
15,0.374,0.007999999999999563
15,0.37420000000000003,0.006399999999999628
15,0.3744,0.004799999999999471
15,0.37460000000000004,0.0031999999999996476
15,0.3748,0.0015999999999993797
15,0.375,0.0
15,0.37520000000000003,0.0015999999999998238
15,0.3754,0.0031999999999999806
15,0.37560000000000004,0.0047999999999999154
15,0.3758,0.006399999999999739
15,0.376,0.007999999999999563
15,0.37620000000000003,0.009599999999999831
15,0.3764,0.011199999999999655
15,0.37660000000000005,0.012800000000000145
15,0.3768,0.014399999999999746
15,0.377,0.015999999999999792
15,0.37720000000000004,0.017599999999999838
15,0.3774,0.019199999999999662
15,0.3776,0.020799999999999486
15,0.3778,0.022399999999999753
15,0.378,0.023999999999999577
15,0.37820000000000004,0.025600000000000067
15,0.3784,0.02719999999999989
15,0.3786,0.028799999999999715
15,0.3788,0.030400000000000205
15,0.379,0.031999999999999584
15,0.37920000000000004,0.033600000000000185
15,0.3794,0.035199999999999676
15,0.3796,0.03679999999999983
15,0.3798,0.03839999999999977
15,0.38,0.03999999999999959
15,0.38020000000000004,0.04159999999999986
15,0.3804,0.04319999999999968
15,0.3806,0.04479999999999951
15,0.3808,0.0464
15,0.381,0.04700000000000015
15,0.38120000000000004,0.04439999999999922
15,0.3814,0.04179999999999995
15,0.3816,0.03919999999999979
15,0.38180000000000003,0.036599999999999744
15,0.382,0.033999999999999586
15,0.38220000000000004,0.03139999999999954
15,0.3824,0.02879999999999938
15,0.3826,0.026200000000000112
15,0.38280000000000003,0.023599999999999177
15,0.383,0.020999999999999908
15,0.38320000000000004,0.01839999999999936
15,0.3834,0.015799999999999648
15,0.3836,0.013199999999999934
15,0.38380000000000003,0.010599999999999388
15,0.384,0.007999999999999674
15,0.38420000000000004,0.005399999999999128
15,0.3844,0.002799999999999414
15,0.3846,0.00019999999999970042
15,0.38480000000000003,0.0023999999999999577
15,0.385,0.0050000000000003375
15,0.38520000000000004,0.007600000000000218
15,0.3854,0.010199999999999931
15,0.3856,0.012799999999999645
15,0.38580000000000003,0.015400000000000191
15,0.386,0.017999999999999905
15,0.38620000000000004,0.02060000000000045
15,0.3864,0.023200000000000165
15,0.3866,0.02579999999999988
15,0.38680000000000003,0.028400000000000425
15,0.387,0.030999999999999694
15,0.38720000000000004,0.03360000000000063
15,0.3874,0.0361999999999999
15,0.3876,0.03880000000000006
15,0.38780000000000003,0.0414000000000001
15,0.388,0.04400000000000026
15,0.38820000000000005,0.04660000000000031
15,0.3884,0.049200000000000466
15,0.3886,0.051799999999999735
15,0.38880000000000003,0.05440000000000067
15,0.389,0.054999999999999716
15,0.38920000000000005,0.05399999999999938
15,0.3894,0.05299999999999949
15,0.3896,0.0519999999999996
15,0.38980000000000004,0.05099999999999927
15,0.39,0.04999999999999982
15,0.39020000000000005,0.04899999999999971
15,0.3904,0.0479999999999996
15,0.3906,0.04699999999999993
15,0.39080000000000004,0.045999999999999375
15,0.391,0.04499999999999993
15,0.3912,0.043999999999999595
15,0.3914,0.042999999999999705
15,0.3916,0.041999999999999815
15,0.39180000000000004,0.04099999999999948
15,0.392,0.03999999999999959
15,0.3922,0.0389999999999997
15,0.3924,0.03799999999999937
15,0.3926,0.03699999999999948
15,0.39280000000000004,0.03599999999999959
15,0.393,0.034999999999999254
15,0.3932,0.03399999999999981
15,0.3934,0.032999999999999474
15,0.3936,0.031999999999999584
15,0.39380000000000004,0.030999999999999694
15,0.394,0.02999999999999936
15,0.3942,0.028999999999999915
15,0.39440000000000003,0.027999999999999803
15,0.3946,0.02699999999999969
15,0.39480000000000004,0.0259999999999998
15,0.395,0.024999999999999467
15,0.3952,0.02400000000000002
15,0.39540000000000003,0.022999999999999687
15,0.3956,0.021999999999999797
15,0.39580000000000004,0.020999999999999464
15,0.396,0.019999999999999574
15,0.3962,0.018999999999999684
15,0.39640000000000003,0.01799999999999935
15,0.3966,0.01699999999999946
15,0.39680000000000004,0.015999999999999126
15,0.397,0.01499999999999968
15,0.3972,0.013999999999999346
15,0.39740000000000003,0.012999999999999456
15,0.3976,0.011999999999999567
15,0.39780000000000004,0.010999999999999233
15,0.398,0.009999999999999787
15,0.3982,0.008999999999999453
15,0.39840000000000003,0.007999999999999563
15,0.3986,0.006999999999999895
15,0.39880000000000004,0.005999999999999339
15,0.399,0.004999999999999893
15,0.3992,0.0039999999999995595
15,0.39940000000000003,0.0029999999999996696
15,0.3996,0.0019999999999997797
15,0.39980000000000004,0.0009999999999994458
15,0.4,0.0
15,0.4002,0.0009999999999994458
15,0.40040000000000003,0.0019999999999997797
15,0.4006,0.0029999999999996696
15,0.40080000000000005,0.0039999999999995595
15,0.401,0.004999999999999893
15,0.4012,0.005999999999999339
15,0.40140000000000003,0.006999999999999673
15,0.4016,0.007999999999999563
15,0.40180000000000005,0.008999999999999897
15,0.402,0.009999999999999787
15,0.4022,0.010999999999999677
15,0.40240000000000004,0.01200000000000001
15,0.4026,0.0129999999999999
15,0.40280000000000005,0.014000000000000234
15,0.403,0.01499999999999968
15,0.4032,0.016000000000000014
15,0.40340000000000004,0.01699999999999946
15,0.4036,0.017999999999999794
15,0.40380000000000005,0.019000000000000128
15,0.404,0.019999999999999574
15,0.4042,0.020999999999999908
15,0.40440000000000004,0.021999999999999797
15,0.4046,0.022999999999999687
15,0.4048,0.023999999999999577
15,0.405,0.024999999999999467
15,0.4052,0.0259999999999998
15,0.40540000000000004,0.02699999999999969
15,0.4056,0.02799999999999958
15,0.4058,0.02899999999999947
15,0.406,0.029999999999999805
15,0.4062,0.030999999999999694
15,0.40640000000000004,0.03200000000000003
15,0.4066,0.03299999999999992
15,0.4068,0.03399999999999981
15,0.40700000000000003,0.03500000000000014
15,0.4072,0.03599999999999959
15,0.40740000000000004,0.03699999999999992
15,0.4076,0.03799999999999937
15,0.4078,0.0389999999999997
15,0.40800000000000003,0.040000000000000036
15,0.4082,0.04099999999999948
15,0.40840000000000004,0.041999999999999815
15,0.4086,0.042999999999999705
15,0.4088,0.043999999999999595
15,0.40900000000000003,0.04499999999999993
15,0.4092,0.045999999999999375
15,0.40940000000000004,0.04699999999999971
15,0.4096,0.0479999999999996
15,0.4098,0.04899999999999949
15,0.41000000000000003,0.04999999999999982
15,0.4102,0.05099999999999971
15,0.41040000000000004,0.052000000000000046
15,0.4106,0.052999999999999936
15,0.4108,0.053999999999999826
15,0.41100000000000003,0.054999999999999716
15,0.4112,0.05600000000000005
15,0.41140000000000004,0.056999999999999496
15,0.4116,0.05799999999999983
15,0.4118,0.058399999999999896
15,0.41200000000000003,0.05599999999999927
15,0.4122,0.05359999999999965
15,0.41240000000000004,0.051199999999999135
15,0.4126,0.0487999999999994
15,0.4128,0.046399999999999664
15,0.41300000000000003,0.04399999999999937
15,0.4132,0.041599999999999415
15,0.41340000000000005,0.03919999999999907
15,0.4136,0.0367999999999995
15,0.4138,0.0343999999999996
15,0.41400000000000003,0.03199999999999914
15,0.4142,0.02959999999999985
15,0.41440000000000005,0.027199999999999003
15,0.4146,0.02479999999999971
15,0.4148,0.02239999999999953
15,0.41500000000000004,0.019999999999999574
15,0.4152,0.017599999999999394
15,0.41540000000000005,0.01519999999999927
15,0.4156,0.01279999999999959
15,0.4158,0.010399999999999798
15,0.41600000000000004,0.007999999999999341
15,0.4162,0.005599999999999494
15,0.41640000000000005,0.0031999999999990925
15,0.4166,0.0007999999999993568
15,0.4168,0.0015999999999998238
15,0.41700000000000004,0.004000000000000226
15,0.4172,0.006399999999999739
15,0.4174,0.008799999999999697
15,0.4176,0.011199999999999988
15,0.4178,0.013599999999999723
15,0.41800000000000004,0.016000000000000125
15,0.4182,0.018399999999999972
15,0.4184,0.020799999999999597
15,0.4186,0.02320000000000022
15,0.4188,0.0255999999999999
15,0.41900000000000004,0.028000000000000025
15,0.4192,0.030400000000000205
15,0.4194,0.032799999999999496
15,0.41960000000000003,0.03520000000000034
15,0.4198,0.037599999999999634
15,0.42000000000000004,0.04000000000000048
15,0.4202,0.04239999999999977
15,0.4204,0.04479999999999995
15,0.42060000000000003,0.04720000000000013
15,0.4208,0.0495999999999997
15,0.42100000000000004,0.052000000000000046
15,0.4212,0.051599999999999646
15,0.4214,0.05019999999999958
15,0.42160000000000003,0.04879999999999951
15,0.4218,0.047399999999999665
15,0.42200000000000004,0.045999999999999375
15,0.4222,0.04459999999999953
15,0.4224,0.04319999999999968
15,0.42260000000000003,0.041799999999999726
15,0.4228,0.04039999999999955
15,0.42300000000000004,0.0389999999999997
15,0.4232,0.03759999999999941
15,0.4234,0.03620000000000001
15,0.42360000000000003,0.0347999999999995
15,0.4238,0.03339999999999965
15,0.42400000000000004,0.03199999999999914
15,0.4242,0.030599999999999294
15,0.4244,0.02919999999999945
15,0.42460000000000003,0.027799999999999603
15,0.4248,0.026399999999999535
15,0.42500000000000004,0.024999999999999467
15,0.4252,0.0235999999999994
15,0.4254,0.022199999999999775
15,0.42560000000000003,0.020799999999999486
15,0.4258,0.01939999999999964
15,0.42600000000000005,0.01799999999999935
15,0.4262,0.016599999999999504
15,0.4264,0.015199999999999658
15,0.42660000000000003,0.013799999999999368
15,0.4268,0.012399999999999856
15,0.42700000000000005,0.010999999999999233
15,0.4272,0.009599999999999831
15,0.4274,0.008199999999999541
15,0.42760000000000004,0.006799999999999473
15,0.4278,0.005399999999999627
15,0.42800000000000005,0.003999999999999115
15,0.4282,0.0025999999999992696
15,0.4284,0.0011999999999994237
15,0.42860000000000004,0.00019999999999997797
15,0.4288,0.0015999999999998238
15,0.42900000000000005,0.0030000000000001137
15,0.4292,0.0043999999999997375
15,0.4294,0.005799999999999805
15,0.42960000000000004,0.007199999999999873
15,0.4298,0.008599999999999941
15,0.43000000000000005,0.009999999999999787
15,0.4302,0.011399999999999633
15,0.4304,0.012799999999999478
15,0.43060000000000004,0.01419999999999999
15,0.4308,0.015599999999999836
15,0.431,0.016999999999999682
15,0.4312,0.01839999999999975
15,0.4314,0.01980000000000004
15,0.43160000000000004,0.021199999999999886
15,0.4318,0.022600000000000064
15,0.432,0.023999999999999577
15,0.43220000000000003,0.025399999999999867
15,0.4324,0.026799999999999713
15,0.43260000000000004,0.028200000000000003
15,0.4328,0.02959999999999985
15,0.433,0.030999999999999694
15,0.43320000000000003,0.032399999999999984
15,0.4334,0.03379999999999961
15,0.43360000000000004,0.03520000000000012
15,0.4338,0.036599999999999744
15,0.434,0.03799999999999981
15,0.43420000000000003,0.03939999999999966
15,0.4344,0.0407999999999995
15,0.43460000000000004,0.042200000000000015
15,0.4348,0.04359999999999986
15,0.435,0.04499999999999971
15,0.43520000000000003,0.04640000000000022
15,0.4354,0.04779999999999962
15,0.43560000000000004,0.049200000000000244
15,0.4358,0.050599999999999756
15,0.436,0.051999999999999935
15,0.43620000000000003,0.05339999999999989
15,0.4364,0.05479999999999974
15,0.43660000000000004,0.05620000000000003
15,0.4368,0.057599999999999874
15,0.437,0.05899999999999972
15,0.43720000000000003,0.06039999999999979
15,0.4374,0.061799999999999855
15,0.43760000000000004,0.06159999999999943
15,0.4378,0.05979999999999941
15,0.438,0.05799999999999983
15,0.43820000000000003,0.05619999999999936
15,0.4384,0.05439999999999934
15,0.43860000000000005,0.052599999999999536
15,0.4388,0.05079999999999929
15,0.439,0.04899999999999993
15,0.43920000000000003,0.04719999999999924
15,0.4394,0.045399999999999885
15,0.43960000000000005,0.04359999999999925
15,0.4398,0.04179999999999945
15,0.44,0.03999999999999965
15,0.44020000000000004,0.038199999999999346
15,0.4404,0.036399999999999544
15,0.44060000000000005,0.0345999999999993
15,0.4408,0.032799999999999385
15,0.441,0.030999999999999694
15,0.44120000000000004,0.029199999999999227
15,0.4414,0.027399999999999203
15,0.44160000000000005,0.02559999999999918
15,0.4418,0.0237999999999996
15,0.442,0.021999999999999575
15,0.44220000000000004,0.020199999999999108
15,0.4424,0.018399999999999528
15,0.44260000000000005,0.01659999999999906
15,0.4428,0.014799999999999702
15,0.443,0.012999999999999456
15,0.44320000000000004,0.011199999999999655
15,0.4434,0.009399999999999409
15,0.44360000000000005,0.0075999999999992185
15,0.44380000000000003,0.005799999999999417
15,0.444,0.003999999999999615
15,0.44420000000000004,0.0021999999999993136
15,0.4444,0.00039999999999951186
15,0.4446,0.0013999999999994017
15,0.44480000000000003,0.0031999999999998696
15,0.445,0.004999999999999893
15,0.44520000000000004,0.006799999999999917
15,0.4454,0.008599999999999497
15,0.4456,0.01039999999999952
15,0.44580000000000003,0.012199999999999989
15,0.446,0.01399999999999968
15,0.44620000000000004,0.015800000000000036
15,0.4464,0.017599999999999838
15,0.4466,0.01939999999999964
15,0.44680000000000003,0.02119999999999994
15,0.447,0.022999999999999743
15,0.44720000000000004,0.024799999999999933
15,0.4474,0.02660000000000018
15,0.4476,0.028399999999999537
15,0.44780000000000003,0.030200000000000227
15,0.448,0.031999999999999584
15,0.44820000000000004,0.03380000000000005
15,0.4484,0.03559999999999963
15,0.4486,0.037399999999999656
15,0.44880000000000003,0.039200000000000124
15,0.449,0.0409999999999997
15,0.44920000000000004,0.04279999999999973
15,0.4494,0.04459999999999975
15,0.4496,0.04639999999999933
15,0.44980000000000003,0.04819999999999991
15,0.45,0.04999999999999949
15,0.45020000000000004,0.047799999999999176
15,0.4504,0.04559999999999986
15,0.4506,0.04339999999999966
15,0.45080000000000003,0.04119999999999968
15,0.451,0.03899999999999948
15,0.45120000000000005,0.0367999999999995
15,0.4514,0.0345999999999993
15,0.4516,0.032399999999999984
15,0.45180000000000003,0.030199999999999394
15,0.452,0.027999999999999636
15,0.45220000000000005,0.025799999999999046
15,0.4524,0.023599999999999288
15,0.4526,0.02139999999999953
15,0.45280000000000004,0.019199999999999218
15,0.453,0.01699999999999946
15,0.45320000000000005,0.014799999999999036
15,0.4534,0.0125999999999995
15,0.4536,0.01039999999999952
15,0.45380000000000004,0.008199999999999208
15,0.454,0.005999999999999561
15,0.45420000000000005,0.0037999999999995815
15,0.4544,0.0015999999999993797
15,0.4546,0.0005999999999996009
15,0.45480000000000004,0.0028000000000001912
15,0.455,0.004999999999999949
15,0.45520000000000005,0.007200000000000095
15,0.4554,0.009400000000000297
15,0.4556,0.01159999999999961
15,0.45580000000000004,0.013800000000000479
15,0.456,0.015999999999999792
15,0.45620000000000005,0.01820000000000066
15,0.45640000000000003,0.020399999999999974
15,0.4566,0.022600000000000176
15,0.45680000000000004,0.024800000000000155
15,0.457,0.026999999999999802
15,0.4572,0.02919999999999967
15,0.45740000000000003,0.031400000000000095
15,0.4576,0.03359999999999963
15,0.45780000000000004,0.035800000000000054
15,0.458,0.03799999999999981
15,0.4582,0.04019999999999957
15,0.45840000000000003,0.040799999999999725
15,0.4586,0.03819999999999957
15,0.45880000000000004,0.03559999999999952
15,0.459,0.03299999999999936
15,0.4592,0.030400000000000094
15,0.45940000000000003,0.027799999999999603
15,0.4596,0.02519999999999989
15,0.45980000000000004,0.022599999999999343
15,0.46,0.01999999999999963
15,0.4602,0.017399999999999916
15,0.46040000000000003,0.01479999999999937
15,0.4606,0.012199999999999656
15,0.46080000000000004,0.00959999999999911
15,0.461,0.006999999999999396
15,0.4612,0.004399999999999682
15,0.46140000000000003,0.0017999999999998018
15,0.4616,0.000800000000000356
15,0.46180000000000004,0.003400000000000236
15,0.462,0.00599999999999995
15,0.4622,0.008599999999999663
15,0.46240000000000003,0.01120000000000021
15,0.4626,0.013799999999999923
15,0.46280000000000004,0.01640000000000047
15,0.463,0.019000000000000183
15,0.4632,0.021599999999999897
15,0.46340000000000003,0.024200000000000443
15,0.4636,0.026800000000000157
15,0.46380000000000005,0.029400000000000648
15,0.464,0.03199999999999992
15,0.4642,0.034600000000000075
15,0.46440000000000003,0.03720000000000012
15,0.4646,0.03980000000000028
15,0.46480000000000005,0.042400000000000326
15,0.465,0.045000000000000484
15,0.4652,0.047599999999999754
15,0.46540000000000004,0.05020000000000069
15,0.4656,0.052799999999999736
15,0.46580000000000005,0.05540000000000028
15,0.466,0.057999999999999996
15,0.4662,0.06059999999999971
15,0.46640000000000004,0.06320000000000026
15,0.4666,0.06579999999999997
15,0.46680000000000005,0.06639999999999979
15,0.467,0.06599999999999984
15,0.4672,0.06559999999999988
15,0.46740000000000004,0.06519999999999904
15,0.4676,0.06479999999999997
15,0.46780000000000005,0.06439999999999957
15,0.468,0.06399999999999961
15,0.4682,0.06359999999999966
15,0.46840000000000004,0.06319999999999926
15,0.4686,0.0627999999999993
15,0.46880000000000005,0.062399999999999345
15,0.46900000000000003,0.06199999999999939
15,0.4692,0.06159999999999943
15,0.46940000000000004,0.06119999999999948
15,0.4696,0.06079999999999952
15,0.46980000000000005,0.060399999999999565
15,0.47000000000000003,0.05999999999999961
15,0.4702,0.05959999999999965
15,0.47040000000000004,0.0591999999999997
15,0.4706,0.05879999999999974
15,0.4708,0.058399999999999785
15,0.47100000000000003,0.05799999999999983
15,0.4712,0.057599999999999874
15,0.47140000000000004,0.05719999999999992
15,0.4716,0.05679999999999907
15,0.4718,0.056400000000000006
15,0.47200000000000003,0.055999999999999606
15,0.4722,0.05559999999999965
15,0.47240000000000004,0.05519999999999925
15,0.4726,0.054799999999999294
15,0.4728,0.05439999999999934
15,0.47300000000000003,0.05399999999999938
15,0.4732,0.053599999999999426
15,0.47340000000000004,0.05319999999999947
15,0.4736,0.052799999999999514
15,0.4738,0.05239999999999956
15,0.47400000000000003,0.0519999999999996
15,0.4742,0.051599999999999646
15,0.47440000000000004,0.05119999999999969
15,0.4746,0.050799999999999734
15,0.4748,0.05039999999999978
15,0.47500000000000003,0.04999999999999982
15,0.4752,0.049599999999999866
15,0.47540000000000004,0.04919999999999902
15,0.4756,0.048799999999999955
15,0.4758,0.04839999999999911
15,0.47600000000000003,0.0479999999999996
15,0.4762,0.04759999999999964
15,0.47640000000000005,0.04719999999999924
15,0.4766,0.04679999999999929
15,0.4768,0.04639999999999933
15,0.47700000000000004,0.045999999999999375
15,0.4772,0.04559999999999942
15,0.47740000000000005,0.04519999999999946
15,0.4776,0.04479999999999951
15,0.4778,0.04439999999999955
15,0.47800000000000004,0.043999999999999595
15,0.4782,0.04359999999999964
15,0.47840000000000005,0.04319999999999968
15,0.4786,0.04279999999999973
15,0.4788,0.04239999999999977
15,0.47900000000000004,0.041999999999999815
15,0.4792,0.04159999999999986
15,0.47940000000000005,0.0411999999999999
15,0.4796,0.04079999999999906
15,0.4798,0.04039999999999999
15,0.48000000000000004,0.03999999999999959
15,0.4802,0.039599999999999635
15,0.48040000000000005,0.039199999999999235
15,0.4806,0.03879999999999928
15,0.4808,0.038399999999999324
15,0.48100000000000004,0.03799999999999937
15,0.4812,0.03759999999999941
15,0.48140000000000005,0.037199999999999456
15,0.48160000000000003,0.0367999999999995
15,0.4818,0.036399999999999544
15,0.48200000000000004,0.03599999999999959
15,0.4822,0.03559999999999963
15,0.48240000000000005,0.035199999999999676
15,0.48260000000000003,0.03479999999999972
15,0.4828,0.034399999999999764
15,0.48300000000000004,0.03399999999999981
15,0.4832,0.03359999999999985
15,0.4834,0.033199999999999896
15,0.48360000000000003,0.03279999999999994
15,0.4838,0.032399999999999096
15,0.48400000000000004,0.031999999999999584
15,0.4842,0.03159999999999963
15,0.4844,0.031199999999999672
15,0.48460000000000003,0.030799999999999272
15,0.4848,0.030399999999999316
15,0.48500000000000004,0.02999999999999936
15,0.4852,0.029599999999999405
15,0.4854,0.02919999999999945
15,0.48560000000000003,0.028799999999999493
15,0.4858,0.028399999999999537
15,0.48600000000000004,0.02799999999999958
15,0.4862,0.027599999999999625
15,0.4864,0.02719999999999967
15,0.48660000000000003,0.026799999999999713
15,0.4868,0.026399999999999757
15,0.48700000000000004,0.0259999999999998
15,0.4872,0.025599999999999845
15,0.4874,0.02519999999999989
15,0.48760000000000003,0.024799999999999045
15,0.4878,0.024399999999999977
15,0.48800000000000004,0.023999999999999577
15,0.4882,0.02359999999999962
15,0.4884,0.023199999999999665
15,0.48860000000000003,0.022799999999999265
15,0.4888,0.02239999999999931
15,0.48900000000000005,0.021999999999999353
15,0.4892,0.021599999999999397
15,0.4894,0.02119999999999944
15,0.48960000000000004,0.020799999999999486
15,0.4898,0.02039999999999953
15,0.49000000000000005,0.019999999999999574
15,0.4902,0.019599999999999618
15,0.4904,0.019199999999999662
15,0.49060000000000004,0.018799999999999706
15,0.4908,0.01839999999999975
15,0.49100000000000005,0.017999999999999794
15,0.4912,0.017599999999999838
15,0.4914,0.017199999999999882
15,0.49160000000000004,0.016799999999999926
15,0.4918,0.016399999999999082
15,0.49200000000000005,0.01599999999999957
15,0.4922,0.015599999999999614
15,0.4924,0.015199999999999658
15,0.49260000000000004,0.014799999999999258
15,0.4928,0.014399999999999302
15,0.49300000000000005,0.013999999999999346
15,0.4932,0.01359999999999939
15,0.4934,0.013199999999999434
15,0.49360000000000004,0.012799999999999478
15,0.4938,0.012399999999999523
15,0.49400000000000005,0.011999999999999567
15,0.49420000000000003,0.01159999999999961
15,0.4944,0.011199999999999655
15,0.49460000000000004,0.010799999999999699
15,0.4948,0.010399999999999743
15,0.49500000000000005,0.009999999999999787
15,0.49520000000000003,0.009599999999999831
15,0.4954,0.009199999999999875
15,0.49560000000000004,0.00879999999999903
15,0.4958,0.008399999999999963
15,0.49600000000000005,0.007999999999999563
15,0.49620000000000003,0.007599999999999607
15,0.4964,0.007199999999999651
15,0.49660000000000004,0.006799999999999251
15,0.4968,0.006399999999999295
15,0.497,0.005999999999999339
15,0.49720000000000003,0.005599999999999383
15,0.4974,0.005199999999999427
15,0.49760000000000004,0.004799999999999471
15,0.4978,0.004399999999999515
15,0.498,0.0039999999999995595
15,0.49820000000000003,0.0035999999999996035
15,0.4984,0.0031999999999996476
15,0.49860000000000004,0.0027999999999996916
15,0.4988,0.0023999999999997357
15,0.499,0.0019999999999997797
30,0.001,0.0009999999999999974
30,0.0012000000000000001,0.0011999999999999997
30,0.0014,0.0013999999999999985
30,0.0016,0.0015999999999999973
30,0.0018,0.001799999999999996
30,0.002,0.001999999999999995
30,0.0022,0.0021999999999999936
30,0.0024000000000000002,0.0023999999999999994
30,0.0026,0.002599999999999991
30,0.0028000000000000004,0.002799999999999997
30,0.003,0.002999999999999989
30,0.0032,0.0031999999999999945
30,0.0034000000000000002,0.0034000000000000002
30,0.0036000000000000003,0.003599999999999992
30,0.0038,0.003799999999999998
30,0.004,0.00399999999999999
30,0.004200000000000001,0.004199999999999995
30,0.0044,0.004399999999999987
30,0.0046,0.004599999999999993
30,0.0048000000000000004,0.004799999999999999
30,0.005,0.004999999999999977
30,0.005200000000000001,0.005199999999999982
30,0.0054,0.005399999999999988
30,0.0056,0.005599999999999994
30,0.0058000000000000005,0.0058
30,0.006,0.005999999999999978
30,0.006200000000000001,0.006199999999999983
30,0.0064,0.006399999999999989
30,0.0066,0.006599999999999995
30,0.0068000000000000005,0.0068000000000000005
30,0.007,0.0069999999999999785
30,0.007200000000000001,0.007199999999999984
30,0.0074,0.00739999999999999
30,0.0076,0.007599999999999996
30,0.0078000000000000005,0.0077999999999999875
30,0.008,0.00799999999999998
30,0.0082,0.008199999999999985
30,0.008400000000000001,0.00839999999999999
30,0.0086,0.008599999999999997
30,0.0088,0.008799999999999975
30,0.009000000000000001,0.00899999999999998
30,0.0092,0.009199999999999986
30,0.009400000000000002,0.009399999999999964
30,0.009600000000000001,0.009599999999999997
30,0.0098,0.009799999999999975
30,0.010000000000000002,0.009999999999999953
30,0.0102,0.010199999999999987
30,0.0104,0.010399999999999965
30,0.010600000000000002,0.010599999999999998
30,0.0108,0.010799999999999976
30,0.011,0.010999999999999954
30,0.011200000000000002,0.011199999999999988
30,0.0114,0.011399999999999966
30,0.0116,0.0116
30,0.011800000000000001,0.011799999999999977
30,0.012,0.011999999999999955
30,0.012199999999999999,0.012199999999999989
30,0.012400000000000001,0.012399999999999967
30,0.0126,0.0126
30,0.012799999999999999,0.012799999999999978
30,0.013000000000000001,0.012999999999999956
30,0.0132,0.01319999999999999
30,0.013400000000000002,0.013399999999999967
30,0.013600000000000001,0.013600000000000001
30,0.0138,0.013799999999999979
30,0.014000000000000002,0.013999999999999957
30,0.0142,0.01419999999999999
30,0.0144,0.014399999999999968
30,0.014600000000000002,0.014600000000000002
30,0.0148,0.01479999999999998
30,0.015,0.014999999999999958
30,0.015200000000000002,0.015199999999999991
30,0.0154,0.01539999999999997
30,0.0156,0.015599999999999947
30,0.0158,0.01579999999999998
30,0.016,0.01599999999999996
30,0.0162,0.016199999999999992
30,0.0164,0.01639999999999997
30,0.0166,0.016599999999999948
30,0.016800000000000002,0.01679999999999998
30,0.017,0.01699999999999996
30,0.0172,0.017199999999999993
30,0.017400000000000002,0.01739999999999997
30,0.0176,0.01759999999999995
30,0.017800000000000003,0.017799999999999983
30,0.018000000000000002,0.01799999999999996
30,0.0182,0.018199999999999994
30,0.018400000000000003,0.018399999999999972
30,0.018600000000000002,0.01859999999999995
30,0.0188,0.018799999999999928
30,0.019000000000000003,0.018999999999999906
30,0.019200000000000002,0.019199999999999995
30,0.0194,0.019399999999999973
30,0.019600000000000003,0.01959999999999995
30,0.0198,0.01979999999999993
30,0.02,0.019999999999999907
30,0.020200000000000003,0.020199999999999996
30,0.0204,0.020399999999999974
30,0.0206,0.02059999999999995
30,0.020800000000000003,0.02079999999999993
30,0.021,0.020999999999999908
30,0.021200000000000004,0.021199999999999997
30,0.021400000000000002,0.021399999999999975
30,0.0216,0.021599999999999953
30,0.021800000000000003,0.02179999999999993
30,0.022000000000000002,0.02199999999999991
30,0.0222,0.022199999999999998
30,0.022400000000000003,0.022399999999999975
30,0.022600000000000002,0.022599999999999953
30,0.0228,0.02279999999999993
30,0.023000000000000003,0.02299999999999991
30,0.023200000000000002,0.0232
30,0.0234,0.023399999999999976
30,0.023600000000000003,0.023599999999999954
30,0.0238,0.023799999999999932
30,0.024,0.02399999999999991
30,0.024200000000000003,0.0242
30,0.0244,0.024399999999999977
30,0.0246,0.024599999999999955
30,0.024800000000000003,0.024799999999999933
30,0.025,0.02499999999999991
30,0.025200000000000004,0.0252
30,0.025400000000000002,0.025399999999999978
30,0.0256,0.025599999999999956
30,0.025800000000000003,0.025799999999999934
30,0.026000000000000002,0.025999999999999912
30,0.0262,0.0262
30,0.026400000000000003,0.02639999999999998
30,0.026600000000000002,0.026599999999999957
30,0.0268,0.026799999999999935
30,0.027000000000000003,0.026999999999999913
30,0.027200000000000002,0.027200000000000002
30,0.0274,0.02739999999999998
30,0.027600000000000003,0.027599999999999958
30,0.027800000000000002,0.027799999999999936
30,0.028,0.027999999999999914
30,0.028200000000000003,0.028200000000000003
30,0.0284,0.02839999999999998
30,0.028600000000000004,0.02859999999999996
30,0.028800000000000003,0.028799999999999937
30,0.029,0.028999999999999915
30,0.029200000000000004,0.029200000000000004
30,0.029400000000000003,0.02939999999999998
30,0.0296,0.02959999999999996
30,0.029800000000000004,0.029799999999999938
30,0.030000000000000002,0.029999999999999916
30,0.0302,0.03019999999999995
30,0.030400000000000003,0.030399999999999983
30,0.030600000000000002,0.03059999999999996
30,0.0308,0.03079999999999994
30,0.031000000000000003,0.030999999999999917
30,0.031200000000000002,0.03119999999999995
30,0.0314,0.031399999999999983
30,0.0316,0.03159999999999996
30,0.0318,0.03179999999999994
30,0.032,0.03199999999999992
30,0.0322,0.032199999999999895
30,0.032400000000000005,0.032399999999999984
30,0.032600000000000004,0.03259999999999996
30,0.0328,0.03279999999999994
30,0.033,0.03299999999999992
30,0.0332,0.033199999999999896
30,0.0334,0.0314
30,0.033600000000000005,0.025599999999999776
30,0.033800000000000004,0.01979999999999999
30,0.034,0.013999999999999985
30,0.0342,0.008199999999999978
30,0.0344,0.0023999999999999716
30,0.034600000000000006,0.00340000000000025
30,0.034800000000000005,0.009200000000000035
30,0.035,0.015000000000000041
30,0.0352,0.01439999999999985
30,0.0354,0.008799999999999947
30,0.0356,0.003199999999999939
30,0.035800000000000005,0.002400000000000055
30,0.036000000000000004,0.008000000000000035
30,0.0362,0.013600000000000063
30,0.0364,0.017199999999999896
30,0.0366,0.01179999999999988
30,0.0368,0.006399999999999906
30,0.037000000000000005,0.0009999999999998344
30,0.037200000000000004,0.0044000000000000775
30,0.0374,0.009800000000000003
30,0.0376,0.015199999999999957
30,0.0378,0.017199999999999938
30,0.038000000000000006,0.01199999999999976
30,0.038200000000000005,0.0067999999999998895
30,0.038400000000000004,0.0015999999999998377
30,0.0386,0.0035999999999999782
30,0.0388,0.008799999999999975
30,0.039,0.01399999999999993
30,0.039200000000000006,0.01920000000000012
30,0.039400000000000004,0.014999999999999805
30,0.0396,0.009999999999999842
30,0.0398,0.004999999999999838
30,0.04,3.469446951953614e-17
30,0.0402,0.004999999999999907
30,0.040400000000000005,0.010000000000000175
30,0.040600000000000004,0.015000000000000013
30,0.0408,0.019999999999999962
30,0.041,0.01599999999999987
30,0.0412,0.011199999999999932
30,0.041400000000000006,0.006399999999999767
30,0.041600000000000005,0.0015999999999998238
30,0.041800000000000004,0.0031999999999999806
30,0.042,0.007999999999999952
30,0.0422,0.012799999999999936
30,0.0424,0.017600000000000005
30,0.042600000000000006,0.020199999999999774
30,0.042800000000000005,0.01559999999999978
30,0.043000000000000003,0.01099999999999983
30,0.0432,0.00639999999999985
30,0.0434,0.0017999999999999197
30,0.0436,0.0027999999999999414
30,0.043800000000000006,0.007400000000000018
30,0.044000000000000004,0.01200000000000001
30,0.0442,0.016599999999999962
30,0.0444,0.021200000000000052
30,0.0446,0.018799999999999872
30,0.0448,0.014399999999999913
30,0.045000000000000005,0.009999999999999787
30,0.045200000000000004,0.005599999999999827
30,0.0454,0.0011999999999998817
30,0.0456,0.003199999999999953
30,0.0458,0.007599999999999912
30,0.046000000000000006,0.01200000000000001
30,0.046200000000000005,0.016399999999999998
30,0.046400000000000004,0.020800000000000096
30,0.0466,0.021399999999999864
30,0.0468,0.017199999999999882
30,0.047,0.0129999999999999
30,0.047200000000000006,0.008799999999999794
30,0.047400000000000005,0.004599999999999833
30,0.0476,0.0003999999999998449
30,0.0478,0.00379999999999997
30,0.048,0.007999999999999952
30,0.0482,0.012199999999999878
30,0.048400000000000006,0.016400000000000137
30,0.048600000000000004,0.020600000000000007
30,0.0488,0.023999999999999848
30,0.049,0.01999999999999985
30,0.0492,0.015999999999999882
30,0.049400000000000006,0.011999999999999802
30,0.049600000000000005,0.007999999999999785
30,0.049800000000000004,0.003999999999999809
30,0.05,0.0
30,0.0502,0.003999999999999948
30,0.0504,0.008000000000000007
30,0.050600000000000006,0.01200000000000001
30,0.050800000000000005,0.016000000000000014
30,0.051000000000000004,0.019999999999999962
30,0.0512,0.023999999999999966
30,0.0514,0.023399999999999865
30,0.0516,0.019599999999999895
30,0.051800000000000006,0.015799999999999786
30,0.052000000000000005,0.011999999999999789
30,0.0522,0.008199999999999819
30,0.0524,0.0043999999999999595
30,0.0526,0.0005999999999998784
30,0.05280000000000001,0.003200000000000036
30,0.053000000000000005,0.007000000000000006
30,0.053200000000000004,0.010799999999999976
30,0.0534,0.014599999999999946
30,0.0536,0.018399999999999916
30,0.0538,0.022199999999999886
30,0.054000000000000006,0.026000000000000023
30,0.054200000000000005,0.02439999999999981
30,0.054400000000000004,0.02079999999999993
30,0.0546,0.017199999999999827
30,0.0548,0.013599999999999834
30,0.055,0.009999999999999898
30,0.055200000000000006,0.006399999999999795
30,0.055400000000000005,0.0027999999999998026
30,0.055600000000000004,0.0007999999999999674
30,0.0558,0.0043999999999999595
30,0.056,0.007999999999999896
30,0.05620000000000001,0.011600000000000055
30,0.056400000000000006,0.015200000000000102
30,0.056600000000000004,0.018799999999999983
30,0.0568,0.022399999999999975
30,0.057,0.025999999999999912
30,0.0572,0.027599999999999875
30,0.05740000000000001,0.024199999999999777
30,0.057600000000000005,0.02079999999999982
30,0.057800000000000004,0.01739999999999986
30,0.058,0.013999999999999846
30,0.0582,0.01059999999999986
30,0.0584,0.007199999999999984
30,0.058600000000000006,0.0037999999999998035
30,0.058800000000000005,0.00039999999999981717
30,0.059000000000000004,0.002999999999999947
30,0.0592,0.006399999999999961
30,0.0594,0.009799999999999927
30,0.05960000000000001,0.01319999999999999
30,0.059800000000000006,0.016600000000000004
30,0.060000000000000005,0.01999999999999999
30,0.060200000000000004,0.023399999999999976
30,0.0604,0.026799999999999942
30,0.0606,0.030199999999999894
30,0.06080000000000001,0.02719999999999978
30,0.061000000000000006,0.0239999999999998
30,0.061200000000000004,0.02079999999999982
30,0.0614,0.017599999999999838
30,0.0616,0.014399999999999857
30,0.0618,0.011199999999999877
30,0.062000000000000006,0.007999999999999785
30,0.062200000000000005,0.004799999999999804
30,0.062400000000000004,0.0015999999999999348
30,0.0626,0.0015999999999999348
30,0.0628,0.004799999999999804
30,0.063,0.007999999999999896
30,0.0632,0.011199999999999988
30,0.0634,0.014399999999999857
30,0.0636,0.01759999999999995
30,0.06380000000000001,0.02080000000000004
30,0.064,0.02399999999999991
30,0.06420000000000001,0.027200000000000002
30,0.0644,0.03039999999999987
30,0.0646,0.030999999999999805
30,0.06480000000000001,0.027999999999999747
30,0.065,0.024999999999999856
30,0.06520000000000001,0.021999999999999797
30,0.0654,0.018999999999999906
30,0.0656,0.015999999999999792
30,0.0658,0.0129999999999999
30,0.066,0.009999999999999787
30,0.06620000000000001,0.006999999999999784
30,0.0664,0.0039999999999998925
30,0.0666,0.0009999999999997788
30,0.0668,0.0019999999999998908
30,0.067,0.004999999999999893
30,0.06720000000000001,0.008000000000000007
30,0.0674,0.010999999999999899
30,0.06760000000000001,0.014000000000000012
30,0.0678,0.016999999999999904
30,0.068,0.019999999999999962
30,0.06820000000000001,0.022199999999999748
30,0.0684,0.016399999999999956
30,0.06860000000000001,0.010599999999999735
30,0.0688,0.004799999999999943
30,0.069,0.0010000000000002784
30,0.0692,0.00680000000000007
30,0.0694,0.012600000000000292
30,0.06960000000000001,0.01840000000000007
30,0.0698,0.022799999999999904
30,0.07,0.019999999999999796
30,0.0702,0.017199999999999882
30,0.0704,0.014399999999999746
30,0.07060000000000001,0.011599999999999722
30,0.0708,0.008799999999999919
30,0.07100000000000001,0.005999999999999783
30,0.0712,0.0031999999999998696
30,0.0714,0.0003999999999997339
30,0.07160000000000001,0.0023999999999999577
30,0.0718,0.005199999999999871
30,0.07200000000000001,0.008000000000000007
30,0.0722,0.01079999999999992
30,0.0724,0.013599999999999945
30,0.0726,0.01639999999999997
30,0.0728,0.01919999999999994
30,0.07300000000000001,0.02200000000000002
30,0.0732,0.02359999999999976
30,0.0734,0.018199999999999605
30,0.0736,0.012799999999999812
30,0.0738,0.007399999999999768
30,0.07400000000000001,0.0019999999999996687
30,0.0742,0.0033999999999998892
30,0.07440000000000001,0.008800000000000155
30,0.0746,0.01419999999999999
30,0.0748,0.019600000000000006
30,0.07500000000000001,0.02499999999999969
30,0.0752,0.022399999999999753
30,0.07540000000000001,0.019799999999999596
30,0.0756,0.017199999999999882
30,0.0758,0.014599999999999724
30,0.076,0.011999999999999789
30,0.0762,0.009399999999999853
30,0.07640000000000001,0.006799999999999806
30,0.0766,0.0041999999999999815
30,0.07680000000000001,0.0015999999999998238
30,0.077,0.0009999999999998899
30,0.0772,0.0035999999999998256
30,0.07740000000000001,0.006199999999999983
30,0.0776,0.008799999999999919
30,0.07780000000000001,0.011399999999999855
30,0.078,0.01399999999999979
30,0.0782,0.016599999999999948
30,0.07840000000000001,0.019199999999999995
30,0.0786,0.02179999999999982
30,0.07880000000000001,0.024399999999999977
30,0.079,0.0249999999999998
30,0.0792,0.019999999999999685
30,0.0794,0.014999999999999847
30,0.0796,0.009999999999999676
30,0.07980000000000001,0.00499999999999956
30,0.08,6.938893903907228e-17
30,0.08020000000000001,0.004999999999999977
30,0.0804,0.009999999999999815
30,0.0806,0.015000000000000124
30,0.08080000000000001,0.02000000000000035
30,0.081,0.02499999999999987
30,0.08120000000000001,0.025599999999999623
30,0.0814,0.023199999999999887
30,0.0816,0.020799999999999708
30,0.08180000000000001,0.01839999999999975
30,0.082,0.015999999999999792
30,0.08220000000000001,0.013599999999999612
30,0.0824,0.011199999999999877
30,0.0826,0.008799999999999697
30,0.0828,0.006399999999999961
30,0.083,0.0039999999999997815
30,0.08320000000000001,0.0015999999999998238
30,0.0834,0.0007999999999999119
30,0.08360000000000001,0.0031999999999998696
30,0.0838,0.005599999999999827
30,0.084,0.007999999999999785
30,0.08420000000000001,0.010399999999999965
30,0.0844,0.012799999999999923
30,0.08460000000000001,0.015200000000000102
30,0.0848,0.01759999999999995
30,0.085,0.019999999999999796
30,0.08520000000000001,0.022399999999999975
30,0.0854,0.024799999999999933
30,0.08560000000000001,0.02719999999999989
30,0.0858,0.02659999999999979
30,0.08600000000000001,0.02199999999999966
30,0.0862,0.017399999999999916
30,0.0864,0.0127999999999997
30,0.08660000000000001,0.008199999999999541
30,0.0868,0.0035999999999998394
30,0.08700000000000001,0.0010000000000000009
30,0.0872,0.005599999999999883
30,0.0874,0.010199999999999904
30,0.08760000000000001,0.014800000000000035
30,0.0878,0.019399999999999862
30,0.08800000000000001,0.02400000000000002
30,0.0882,0.028599999999999792
30,0.0884,0.027599999999999625
30,0.0886,0.025399999999999978
30,0.0888,0.023199999999999887
30,0.08900000000000001,0.020999999999999686
30,0.0892,0.018799999999999706
30,0.08940000000000001,0.016599999999999726
30,0.0896,0.014399999999999746
30,0.0898,0.012199999999999767
30,0.09000000000000001,0.009999999999999787
30,0.0902,0.007799999999999807
30,0.09040000000000001,0.005599999999999827
30,0.0906,0.0033999999999998476
30,0.0908,0.0011999999999998678
30,0.09100000000000001,0.0009999999999998899
30,0.0912,0.0031999999999998696
30,0.09140000000000001,0.005399999999999849
30,0.0916,0.007599999999999829
30,0.0918,0.009799999999999809
30,0.092,0.011999999999999789
30,0.0922,0.014199999999999768
30,0.09240000000000001,0.01639999999999997
30,0.0926,0.01859999999999995
30,0.09280000000000001,0.02080000000000004
30,0.093,0.022999999999999687
30,0.0932,0.02519999999999989
30,0.09340000000000001,0.02739999999999987
30,0.0936,0.02959999999999985
30,0.09380000000000001,0.03019999999999967
30,0.094,0.0259999999999998
30,0.0942,0.02179999999999971
30,0.09440000000000001,0.017599999999999588
30,0.0946,0.013399999999999745
30,0.09480000000000001,0.009199999999999667
30,0.095,0.004999999999999782
30,0.0952,0.0007999999999996898
30,0.0954,0.003399999999999778
30,0.0956,0.00759999999999994
30,0.09580000000000001,0.011800000000000033
30,0.096,0.015999999999999903
30,0.09620000000000001,0.020199999999999996
30,0.0964,0.024399999999999755
30,0.0966,0.028599999999999973
30,0.09680000000000001,0.031999999999999806
30,0.097,0.029999999999999805
30,0.09720000000000001,0.02799999999999958
30,0.0974,0.0259999999999998
30,0.0976,0.0239999999999998
30,0.09780000000000001,0.021999999999999797
30,0.098,0.019999999999999796
30,0.09820000000000001,0.017999999999999794
30,0.0984,0.015999999999999792
30,0.09860000000000001,0.01399999999999979
30,0.0988,0.011999999999999789
30,0.099,0.009999999999999787
30,0.09920000000000001,0.007999999999999563
30,0.0994,0.005999999999999783
30,0.09960000000000001,0.0039999999999997815
30,0.0998,0.0019999999999997797
30,0.1,0.0
30,0.10020000000000001,0.0019999999999997797
30,0.1004,0.0039999999999997815
30,0.10060000000000001,0.006000000000000005
30,0.1008,0.008000000000000007
30,0.101,0.009999999999999787
30,0.10120000000000001,0.01200000000000001
30,0.1014,0.01399999999999979
30,0.10160000000000001,0.015999999999999792
30,0.1018,0.017999999999999794
30,0.10200000000000001,0.019999999999999796
30,0.1022,0.021999999999999797
30,0.1024,0.0239999999999998
30,0.10260000000000001,0.02459999999999972
30,0.1028,0.018799999999999928
30,0.10300000000000001,0.012999999999999706
30,0.1032,0.007199999999999915
30,0.1034,0.0013999999999996932
30,0.10360000000000001,0.0044000000000005285
30,0.1038,0.010199999999999876
30,0.10400000000000001,0.016000000000000097
30,0.1042,0.020199999999999774
30,0.1044,0.016399999999999637
30,0.10460000000000001,0.012599999999999723
30,0.1048,0.008799999999999919
30,0.10500000000000001,0.00499999999999956
30,0.1052,0.0011999999999997568
30,0.10540000000000001,0.0025999999999999357
30,0.1056,0.006399999999999739
30,0.1058,0.010199999999999876
30,0.10600000000000001,0.014000000000000012
30,0.1062,0.017799999999999816
30,0.10640000000000001,0.020799999999999666
30,0.1066,0.015199999999999853
30,0.1068,0.009599999999999831
30,0.10700000000000001,0.003999999999999615
30,0.1072,0.0016000000000000042
30,0.10740000000000001,0.007200000000000248
30,0.1076,0.012800000000000061
30,0.1078,0.018399999999999972
30,0.10800000000000001,0.024000000000000188
30,0.1082,0.02619999999999978
30,0.10840000000000001,0.024399999999999755
30,0.1086,0.02259999999999973
30,0.10880000000000001,0.02079999999999993
30,0.109,0.018999999999999906
30,0.1092,0.01719999999999966
30,0.10940000000000001,0.015399999999999636
30,0.1096,0.013599999999999834
30,0.10980000000000001,0.011799999999999589
30,0.11,0.009999999999999787
30,0.1102,0.008199999999999763
30,0.11040000000000001,0.006399999999999739
30,0.1106,0.004599999999999715
30,0.11080000000000001,0.0027999999999996916
30,0.111,0.0009999999999998899
30,0.11120000000000001,0.0007999999999999119
30,0.11140000000000001,0.0025999999999999357
30,0.1116,0.0043999999999997375
30,0.11180000000000001,0.006199999999999761
30,0.112,0.007999999999999785
30,0.11220000000000001,0.009799999999999809
30,0.1124,0.01159999999999961
30,0.1126,0.013399999999999856
30,0.11280000000000001,0.015200000000000102
30,0.113,0.016999999999999904
30,0.11320000000000001,0.018799999999999928
30,0.1134,0.02059999999999973
30,0.1136,0.022399999999999753
30,0.11380000000000001,0.0242
30,0.114,0.0259999999999998
30,0.11420000000000001,0.027800000000000047
30,0.1144,0.0255999999999999
30,0.11460000000000001,0.02039999999999964
30,0.11480000000000001,0.015199999999999436
30,0.115,0.009999999999999815
30,0.11520000000000001,0.004799999999999555
30,0.1154,0.00040000000000001146
30,0.11560000000000001,0.005600000000000105
30,0.1158,0.010799999999999824
30,0.116,0.01599999999999996
30,0.11620000000000001,0.021200000000000108
30,0.1164,0.02119999999999972
30,0.11660000000000001,0.017799999999999594
30,0.1168,0.014399999999999968
30,0.117,0.01099999999999969
30,0.11720000000000001,0.007599999999999607
30,0.1174,0.0041999999999997595
30,0.11760000000000001,0.0007999999999996343
30,0.1178,0.0025999999999998247
30,0.11800000000000001,0.005999999999999894
30,0.11820000000000001,0.009400000000000075
30,0.1184,0.012799999999999923
30,0.11860000000000001,0.016199999999999992
30,0.1188,0.019599999999999854
30,0.11900000000000001,0.02299999999999991
30,0.1192,0.019999999999999823
30,0.1194,0.014999999999999625
30,0.11960000000000001,0.00999999999999951
30,0.1198,0.004999999999999671
30,0.12000000000000001,0.0
30,0.1202,0.004999999999999893
30,0.12040000000000001,0.009999999999999953
30,0.12060000000000001,0.015000000000000152
30,0.1208,0.02000000000000003
30,0.12100000000000001,0.025000000000000244
30,0.1212,0.030000000000000138
30,0.12140000000000001,0.028799999999999493
30,0.1216,0.02719999999999967
30,0.1218,0.025599999999999845
30,0.12200000000000001,0.023999999999999577
30,0.1222,0.022399999999999753
30,0.12240000000000001,0.020799999999999708
30,0.1226,0.019199999999999662
30,0.1228,0.017599999999999838
30,0.12300000000000001,0.015999999999999792
30,0.1232,0.014399999999999746
30,0.12340000000000001,0.012799999999999478
30,0.1236,0.011199999999999655
30,0.12380000000000001,0.009599999999999831
30,0.12400000000000001,0.007999999999999563
30,0.1242,0.006399999999999739
30,0.12440000000000001,0.004799999999999693
30,0.1246,0.0031999999999996476
30,0.12480000000000001,0.0015999999999998238
30,0.125,0.0
30,0.1252,0.0015999999999998238
30,0.1254,0.0031999999999998696
30,0.1256,0.004799999999999693
30,0.1258,0.006399999999999739
30,0.126,0.007999999999999785
30,0.1262,0.009599999999999831
30,0.1264,0.011199999999999655
30,0.12660000000000002,0.012799999999999923
30,0.1268,0.014399999999999746
30,0.127,0.015999999999999792
30,0.1272,0.017599999999999838
30,0.1274,0.019199999999999884
30,0.12760000000000002,0.02079999999999993
30,0.1278,0.022399999999999753
30,0.128,0.0239999999999998
30,0.1282,0.025599999999999845
30,0.12840000000000001,0.02719999999999967
30,0.12860000000000002,0.028799999999999937
30,0.1288,0.03039999999999976
30,0.129,0.03200000000000003
30,0.1292,0.028399999999999564
30,0.12940000000000002,0.023799999999999377
30,0.12960000000000002,0.01919999999999933
30,0.1298,0.014599999999999835
30,0.13,0.009999999999999676
30,0.1302,0.005399999999999544
30,0.13040000000000002,0.0007999999999995233
30,0.1306,0.0037999999999995815
30,0.1308,0.008399999999999769
30,0.131,0.0129999999999999
30,0.1312,0.01760000000000006
30,0.13140000000000002,0.022200000000000275
30,0.1316,0.0259999999999998
30,0.1318,0.022999999999999687
30,0.132,0.019999999999999574
30,0.1322,0.016999999999999682
30,0.13240000000000002,0.013999999999999568
30,0.1326,0.010999999999999899
30,0.1328,0.007999999999999785
30,0.133,0.004999999999999893
30,0.1332,0.0019999999999995577
30,0.13340000000000002,0.001000000000000112
30,0.1336,0.0039999999999997815
30,0.1338,0.006999999999999895
30,0.134,0.009999999999999787
30,0.1342,0.0129999999999999
30,0.13440000000000002,0.016000000000000014
30,0.1346,0.018999999999999684
30,0.1348,0.021999999999999797
30,0.135,0.02499999999999991
30,0.13520000000000001,0.025599999999999457
30,0.13540000000000002,0.02119999999999933
30,0.1356,0.016799999999999815
30,0.1358,0.012399999999999745
30,0.136,0.007999999999999563
30,0.13620000000000002,0.003599999999999437
30,0.13640000000000002,0.000800000000000245
30,0.1366,0.00519999999999976
30,0.1368,0.009599999999999886
30,0.137,0.014000000000000234
30,0.13720000000000002,0.018400000000000166
30,0.1374,0.015400000000000108
30,0.1376,0.009599999999999886
30,0.1378,0.0037999999999996648
30,0.138,0.002000000000000557
30,0.13820000000000002,0.0078000000000007785
30,0.1384,0.01360000000000014
30,0.1386,0.01940000000000036
30,0.1388,0.025200000000000583
30,0.139,0.02699999999999969
30,0.13920000000000002,0.025599999999999623
30,0.1394,0.024199999999999555
30,0.1396,0.02279999999999971
30,0.1398,0.021399999999999864
30,0.14,0.019999999999999574
30,0.14020000000000002,0.018599999999999728
30,0.1404,0.017199999999999882
30,0.1406,0.015799999999999814
30,0.1408,0.014399999999999746
30,0.14100000000000001,0.0129999999999999
30,0.14120000000000002,0.01159999999999961
30,0.1414,0.010199999999999765
30,0.1416,0.008799999999999919
30,0.1418,0.007399999999999629
30,0.14200000000000002,0.005999999999999783
30,0.14220000000000002,0.004599999999999493
30,0.1424,0.0031999999999996476
30,0.1426,0.0017999999999998018
30,0.1428,0.00039999999999951186
30,0.14300000000000002,0.0009999999999998899
30,0.1432,0.0023999999999997357
30,0.1434,0.0037999999999995815
30,0.1436,0.005199999999999871
30,0.1438,0.006599999999999717
30,0.14400000000000002,0.007999999999999563
30,0.1442,0.009399999999999409
30,0.1444,0.010799999999999699
30,0.1446,0.012199999999999989
30,0.1448,0.013599999999999834
30,0.14500000000000002,0.01499999999999968
30,0.1452,0.01639999999999997
30,0.1454,0.017799999999999816
30,0.1456,0.019199999999999884
30,0.1458,0.02059999999999995
30,0.14600000000000002,0.021999999999999797
30,0.1462,0.023399999999999643
30,0.1464,0.02479999999999949
30,0.1466,0.02619999999999978
30,0.1468,0.027599999999999625
30,0.14700000000000002,0.028999999999999915
30,0.1472,0.025599999999999623
30,0.1474,0.020199999999999607
30,0.1476,0.014799999999999536
30,0.14780000000000001,0.00939999999999927
30,0.14800000000000002,0.003999999999999337
30,0.1482,0.0013999999999995127
30,0.1484,0.0067999999999997784
30,0.1486,0.012200000000000044
30,0.14880000000000002,0.01760000000000031
30,0.14900000000000002,0.019999999999999574
30,0.1492,0.01599999999999957
30,0.1494,0.011999999999999678
30,0.1496,0.007999999999999563
30,0.14980000000000002,0.003999999999999337
30,0.15,0.0
30,0.1502,0.0039999999999995595
30,0.1504,0.007999999999999785
30,0.1506,0.011999999999999789
30,0.15080000000000002,0.016000000000000014
30,0.151,0.019999999999999574
30,0.1512,0.023999999999999577
30,0.1514,0.027999999999999803
30,0.1516,0.02919999999999945
30,0.15180000000000002,0.02659999999999929
30,0.152,0.023999999999999577
30,0.1522,0.021399999999999753
30,0.1524,0.018799999999999706
30,0.1526,0.016199999999999548
30,0.15280000000000002,0.013599999999999612
30,0.153,0.010999999999999677
30,0.1532,0.008399999999999963
30,0.1534,0.005799999999999583
30,0.15360000000000001,0.0031999999999996476
30,0.15380000000000002,0.0005999999999994898
30,0.154,0.0019999999999997797
30,0.1542,0.0045999999999998264
30,0.1544,0.007199999999999651
30,0.15460000000000002,0.009799999999999809
30,0.15480000000000002,0.012399999999999967
30,0.155,0.01499999999999968
30,0.1552,0.017599999999999838
30,0.1554,0.02019999999999955
30,0.15560000000000002,0.02279999999999971
30,0.15580000000000002,0.025399999999999867
30,0.156,0.02799999999999958
30,0.1562,0.03059999999999974
30,0.1564,0.028399999999999315
30,0.15660000000000002,0.024599999999999456
30,0.1568,0.020799999999999874
30,0.157,0.016999999999999793
30,0.1572,0.013199999999999434
30,0.1574,0.00939999999999952
30,0.15760000000000002,0.005599999999999383
30,0.1578,0.0017999999999998018
30,0.158,0.0019999999999995577
30,0.1582,0.005799999999999805
30,0.1584,0.009599999999999831
30,0.15860000000000002,0.013399999999999856
30,0.1588,0.01719999999999966
30,0.159,0.020999999999999686
30,0.1592,0.01999999999999935
30,0.15940000000000001,0.014999999999999292
30,0.15960000000000002,0.00999999999999912
30,0.1598,0.004999999999999838
30,0.16,1.3877787807814457e-16
30,0.1602,0.004999999999999782
30,0.16040000000000001,0.009999999999999953
30,0.16060000000000002,0.01500000000000018
30,0.1608,0.01999999999999963
30,0.161,0.02499999999999994
30,0.1612,0.03000000000000025
30,0.16140000000000002,0.03159999999999963
30,0.16160000000000002,0.030399999999999316
30,0.1618,0.02919999999999945
30,0.162,0.02799999999999958
30,0.1622,0.026799999999999713
30,0.16240000000000002,0.0255999999999994
30,0.16260000000000002,0.024399999999999533
30,0.1628,0.023199999999999665
30,0.163,0.021999999999999353
30,0.1632,0.020799999999999486
30,0.16340000000000002,0.019599999999999618
30,0.1636,0.01839999999999975
30,0.1638,0.017199999999999438
30,0.164,0.01599999999999957
30,0.1642,0.014799999999999702
30,0.16440000000000002,0.01359999999999939
30,0.1646,0.012399999999999523
30,0.1648,0.011199999999999655
30,0.165,0.009999999999999787
30,0.1652,0.008799999999999475
30,0.16540000000000002,0.007599999999999607
30,0.1656,0.006399999999999739
30,0.1658,0.005199999999999427
30,0.166,0.0039999999999995595
30,0.16620000000000001,0.0027999999999996916
30,0.16640000000000002,0.0015999999999998238
30,0.1666,0.00039999999999951186
30,0.1668,0.0007999999999994678
30,0.167,0.0019999999999997797
30,0.16720000000000002,0.0031999999999996476
30,0.16740000000000002,0.004399999999999515
30,0.1676,0.005599999999999383
30,0.1678,0.006799999999999251
30,0.168,0.007999999999999563
30,0.16820000000000002,0.009199999999999875
30,0.16840000000000002,0.010399999999999743
30,0.1686,0.01159999999999961
30,0.1688,0.012799999999999478
30,0.169,0.01399999999999979
30,0.16920000000000002,0.015200000000000102
30,0.16940000000000002,0.01639999999999997
30,0.1696,0.017599999999999838
30,0.1698,0.018799999999999706
30,0.17,0.019999999999999574
30,0.17020000000000002,0.021199999999999886
30,0.1704,0.022399999999999753
30,0.1706,0.02359999999999962
30,0.1708,0.02479999999999949
30,0.171,0.0259999999999998
30,0.17120000000000002,0.02719999999999967
30,0.1714,0.028399999999999537
30,0.1716,0.023600000000000315
30,0.1718,0.017800000000000094
30,0.17200000000000001,0.011999999999999872
30,0.17220000000000002,0.00619999999999965
30,0.1724,0.000400000000000289
30,0.1726,0.005399999999999933
30,0.1728,0.011200000000000154
30,0.17300000000000001,0.017000000000000376
30,0.17320000000000002,0.016399999999999082
30,0.1734,0.011800000000000033
30,0.1736,0.007199999999999679
30,0.1738,0.002599999999999325
30,0.17400000000000002,0.0020000000000000018
30,0.17420000000000002,0.006600000000000161
30,0.1744,0.011199999999999766
30,0.1746,0.015799999999999814
30,0.1748,0.020399999999999807
30,0.17500000000000002,0.024999999999999467
30,0.17520000000000002,0.021599999999999175
30,0.1754,0.018199999999999328
30,0.1756,0.01479999999999948
30,0.1758,0.01139999999999941
30,0.17600000000000002,0.007999999999999341
30,0.1762,0.004599999999999715
30,0.1764,0.0011999999999996458
30,0.1766,0.0021999999999997577
30,0.1768,0.005599999999999827
30,0.17700000000000002,0.009000000000000119
30,0.1772,0.012399999999999745
30,0.1774,0.015799999999999592
30,0.1776,0.019199999999999995
30,0.1778,0.02159999999999951
30,0.17800000000000002,0.01599999999999921
30,0.1782,0.01039999999999991
30,0.1784,0.004799999999999582
30,0.1786,0.0008000000000002172
30,0.17880000000000001,0.006400000000000017
30,0.17900000000000002,0.012000000000000705
30,0.1792,0.017599999999999644
30,0.1794,0.023199999999999665
30,0.1796,0.024399999999999533
30,0.17980000000000002,0.02219999999999933
30,0.18000000000000002,0.019999999999999574
30,0.1802,0.017799999999999816
30,0.1804,0.015599999999999614
30,0.1806,0.013399999999999412
30,0.18080000000000002,0.011199999999999655
30,0.18100000000000002,0.008999999999999675
30,0.1812,0.006799999999999695
30,0.1814,0.0045999999999999375
30,0.1816,0.0023999999999997357
30,0.18180000000000002,0.00019999999999953388
30,0.18200000000000002,0.0019999999999997797
30,0.1822,0.0041999999999995374
30,0.1824,0.006399999999999739
30,0.1826,0.008599999999999941
30,0.18280000000000002,0.010799999999999699
30,0.183,0.012999999999999456
30,0.1832,0.015199999999999658
30,0.1834,0.017399999999999416
30,0.1836,0.019599999999999618
30,0.18380000000000002,0.02179999999999982
30,0.184,0.023999999999999577
30,0.1842,0.02619999999999978
30,0.1844,0.021199999999999997
30,0.18460000000000001,0.015799999999999426
30,0.18480000000000002,0.01039999999999952
30,0.185,0.004999999999999782
30,0.1852,0.0003999999999999837
30,0.1854,0.005799999999999805
30,0.18560000000000001,0.011200000000000432
30,0.18580000000000002,0.01660000000000028
30,0.186,0.02200000000000002
30,0.1862,0.020799999999999486
30,0.1864,0.017599999999999394
30,0.18660000000000002,0.014399999999999302
30,0.18680000000000002,0.01119999999999921
30,0.187,0.007999999999999563
30,0.1872,0.004799999999999471
30,0.1874,0.0015999999999993797
30,0.18760000000000002,0.0015999999999998238
30,0.18780000000000002,0.0047999999999999154
30,0.188,0.007999999999999563
30,0.1882,0.011199999999999655
30,0.1884,0.014399999999999746
30,0.18860000000000002,0.017599999999999838
30,0.18880000000000002,0.02079999999999993
30,0.189,0.023999999999999577
30,0.1892,0.02679999999999949
30,0.1894,0.02259999999999973
30,0.18960000000000002,0.018399999999999334
30,0.1898,0.014199999999999796
30,0.19,0.009999999999999565
30,0.1902,0.005799999999999361
30,0.1904,0.0015999999999993797
30,0.19060000000000002,0.002600000000000019
30,0.1908,0.006799999999999556
30,0.191,0.010999999999999677
30,0.1912,0.01519999999999988
30,0.19140000000000001,0.019399999999999862
30,0.19160000000000002,0.018399999999999195
30,0.1918,0.013199999999999684
30,0.192,0.007999999999999563
30,0.1922,0.002799999999999414
30,0.19240000000000002,0.0023999999999999577
30,0.19260000000000002,0.007600000000000218
30,0.1928,0.012799999999999562
30,0.193,0.017999999999999905
30,0.1932,0.023200000000000137
30,0.19340000000000002,0.02839999999999998
30,0.19360000000000002,0.031999999999999584
30,0.1938,0.030999999999999694
30,0.194,0.02999999999999936
30,0.1942,0.02899999999999947
30,0.19440000000000002,0.02799999999999958
30,0.19460000000000002,0.026999999999999247
30,0.1948,0.0259999999999998
30,0.195,0.024999999999999467
30,0.1952,0.023999999999999133
30,0.19540000000000002,0.022999999999999687
30,0.19560000000000002,0.021999999999999353
30,0.1958,0.020999999999999464
30,0.196,0.019999999999999574
30,0.1962,0.01899999999999924
30,0.19640000000000002,0.017999999999999794
30,0.1966,0.01699999999999946
30,0.1968,0.01599999999999957
30,0.197,0.01499999999999968
30,0.19720000000000001,0.013999999999999346
30,0.19740000000000002,0.0129999999999999
30,0.1976,0.011999999999999567
30,0.1978,0.010999999999999677
30,0.198,0.009999999999999343
30,0.19820000000000002,0.008999999999999453
30,0.19840000000000002,0.007999999999999119
30,0.1986,0.006999999999999673
30,0.1988,0.005999999999999339
30,0.199,0.004999999999999893
30,0.19920000000000002,0.0039999999999995595
30,0.19940000000000002,0.0029999999999992255
30,0.1996,0.0019999999999997797
30,0.1998,0.0009999999999994458
30,0.2,0.0
30,0.20020000000000002,0.0009999999999994458
30,0.20040000000000002,0.0019999999999997797
30,0.2006,0.0029999999999992255
30,0.2008,0.0039999999999995595
30,0.201,0.004999999999999449
30,0.20120000000000002,0.005999999999999783
30,0.20140000000000002,0.006999999999999673
30,0.2016,0.008000000000000007
30,0.2018,0.008999999999999453
30,0.202,0.009999999999999787
30,0.20220000000000002,0.010999999999999677
30,0.20240000000000002,0.011999999999999567
30,0.2026,0.012999999999999456
30,0.2028,0.013999999999999346
30,0.203,0.01499999999999968
30,0.20320000000000002,0.01599999999999957
30,0.2034,0.01699999999999946
30,0.2036,0.017999999999999794
30,0.2038,0.01899999999999924
30,0.20400000000000001,0.019999999999999574
30,0.20420000000000002,0.020999999999999908
30,0.2044,0.021999999999999353
30,0.2046,0.022999999999999687
30,0.2048,0.023999999999999577
30,0.20500000000000002,0.024999999999999467
30,0.20520000000000002,0.0259999999999998
30,0.2054,0.02699999999999969
30,0.2056,0.02799999999999958
30,0.2058,0.028999999999999915
30,0.20600000000000002,0.025999999999999412
30,0.20620000000000002,0.02019999999999919
30,0.2064,0.01439999999999983
30,0.2066,0.008599999999999608
30,0.2068,0.0027999999999993863
30,0.20700000000000002,0.0030000000000008353
30,0.20720000000000002,0.008800000000001057
30,0.2074,0.014600000000000418
30,0.2076,0.017599999999999394
30,0.2078,0.012799999999999367
30,0.20800000000000002,0.007999999999999119
30,0.20820000000000002,0.0031999999999990647
30,0.2084,0.0015999999999996017
30,0.2086,0.006399999999999739
30,0.2088,0.011199999999999877
30,0.20900000000000002,0.016000000000000125
30,0.2092,0.02079999999999954
30,0.2094,0.02139999999999942
30,0.2096,0.017599999999999838
30,0.20980000000000001,0.013799999999999396
30,0.21000000000000002,0.00999999999999912
30,0.2102,0.006199999999999539
30,0.2104,0.0023999999999995136
30,0.2106,0.0013999999999997348
30,0.21080000000000002,0.005199999999999871
30,0.21100000000000002,0.008999999999999897
30,0.2112,0.012799999999999478
30,0.2114,0.016599999999999726
30,0.2116,0.02039999999999975
30,0.21180000000000002,0.024199999999999944
30,0.21200000000000002,0.028000000000000025
30,0.2122,0.02919999999999945
30,0.2124,0.026399999999999535
30,0.2126,0.0235999999999994
30,0.21280000000000002,0.020799999999999264
30,0.21300000000000002,0.01799999999999935
30,0.2132,0.015199999999999658
30,0.2134,0.012399999999999856
30,0.2136,0.009599999999999387
30,0.21380000000000002,0.006799999999999473
30,0.21400000000000002,0.003999999999999115
30,0.2142,0.0011999999999994237
30,0.2144,0.0015999999999996017
30,0.2146,0.0043999999999997375
30,0.21480000000000002,0.007199999999999873
30,0.21500000000000002,0.009999999999999787
30,0.2152,0.012799999999999478
30,0.2154,0.015599999999999614
30,0.2156,0.01839999999999975
30,0.21580000000000002,0.021199999999999886
30,0.216,0.023999999999999577
30,0.2162,0.026799999999999713
30,0.2164,0.022799999999999487
30,0.21660000000000001,0.01819999999999944
30,0.21680000000000002,0.013599999999999168
30,0.217,0.008999999999999675
30,0.2172,0.0043999999999999595
30,0.2174,0.00020000000000000573
30,0.21760000000000002,0.0048000000000003595
30,0.21780000000000002,0.009400000000000075
30,0.218,0.014000000000000012
30,0.2182,0.018599999999999728
30,0.2184,0.023199999999999887
30,0.21860000000000002,0.027800000000000158
30,0.21880000000000002,0.030799999999999272
30,0.219,0.028999999999999915
30,0.2192,0.02719999999999967
30,0.2194,0.025399999999999423
30,0.21960000000000002,0.023599999999999177
30,0.21980000000000002,0.021799999999999375
30,0.22,0.019999999999999574
30,0.2202,0.018199999999999328
30,0.2204,0.016399999999999526
30,0.22060000000000002,0.01459999999999928
30,0.22080000000000002,0.012799999999999478
30,0.221,0.010999999999999677
30,0.2212,0.00919999999999943
30,0.2214,0.007399999999999629
30,0.22160000000000002,0.005599999999999383
30,0.22180000000000002,0.0037999999999995815
30,0.222,0.0019999999999997797
30,0.2222,0.00019999999999953388
30,0.22240000000000001,0.0015999999999998238
30,0.22260000000000002,0.0033999999999996255
30,0.2228,0.005199999999999427
30,0.223,0.006999999999999673
30,0.2232,0.008799999999999475
30,0.22340000000000002,0.01059999999999972
30,0.22360000000000002,0.012399999999999523
30,0.2238,0.014199999999999768
30,0.224,0.01599999999999957
30,0.2242,0.017799999999999372
30,0.22440000000000002,0.019599999999999618
30,0.22460000000000002,0.021399999999999864
30,0.2248,0.02319999999999922
30,0.225,0.024999999999999467
30,0.2252,0.026799999999999713
30,0.22540000000000002,0.02859999999999996
30,0.22560000000000002,0.030400000000000205
30,0.2258,0.03219999999999956
30,0.226,0.02799999999999961
30,0.2262,0.023599999999999288
30,0.22640000000000002,0.019199999999999218
30,0.22660000000000002,0.014799999999999036
30,0.2268,0.01039999999999952
30,0.227,0.005999999999999561
30,0.2272,0.0015999999999993797
30,0.22740000000000002,0.0028000000000001357
30,0.22760000000000002,0.007200000000000095
30,0.2278,0.01159999999999961
30,0.228,0.015999999999999764
30,0.22820000000000001,0.020399999999999974
30,0.22840000000000002,0.024800000000000155
30,0.22860000000000003,0.028199999999999115
30,0.2288,0.0255999999999994
30,0.229,0.022999999999999687
30,0.22920000000000001,0.02039999999999953
30,0.22940000000000002,0.017799999999999705
30,0.2296,0.015199999999999658
30,0.2298,0.012599999999999945
30,0.23,0.009999999999999565
30,0.23020000000000002,0.007399999999999185
30,0.23040000000000002,0.004799999999999471
30,0.2306,0.0021999999999997577
30,0.2308,0.00039999999999951186
30,0.231,0.0029999999999996696
30,0.23120000000000002,0.005599999999999827
30,0.23140000000000002,0.008199999999999985
30,0.2316,0.010799999999999699
30,0.2318,0.013399999999999634
30,0.232,0.01599999999999957
30,0.23220000000000002,0.018599999999999728
30,0.23240000000000002,0.021199999999999886
30,0.2326,0.0237999999999996
30,0.2328,0.026399999999999757
30,0.233,0.028999999999999915
30,0.23320000000000002,0.03159999999999963
30,0.23340000000000002,0.03219999999999912
30,0.2336,0.028799999999999937
30,0.2338,0.025399999999999423
30,0.234,0.02199999999999938
30,0.23420000000000002,0.018599999999999284
30,0.23440000000000003,0.015199999999999214
30,0.2346,0.011799999999999589
30,0.2348,0.008399999999999519
30,0.23500000000000001,0.004999999999999449
30,0.23520000000000002,0.0015999999999992687
30,0.23540000000000003,0.0018000000000001348
30,0.2356,0.005199999999999649
30,0.2358,0.008599999999999497
30,0.23600000000000002,0.011999999999999789
30,0.23620000000000002,0.01539999999999997
30,0.2364,0.018799999999999706
30,0.2366,0.022199999999999775
30,0.2368,0.025599999999999845
30,0.23700000000000002,0.022999999999999243
30,0.23720000000000002,0.018799999999999206
30,0.2374,0.014599999999999613
30,0.2376,0.01039999999999952
30,0.2378,0.006199999999999761
30,0.23800000000000002,0.0019999999999993634
30,0.23820000000000002,0.0022000000000000908
30,0.2384,0.006399999999999684
30,0.2386,0.01059999999999972
30,0.2388,0.014799999999999924
30,0.23900000000000002,0.01899999999999999
30,0.23920000000000002,0.01999999999999902
30,0.2394,0.01499999999999968
30,0.2396,0.009999999999999343
30,0.2398,0.004999999999999227
30,0.24000000000000002,0.0
30,0.24020000000000002,0.0050000000000002265
30,0.2404,0.009999999999999787
30,0.2406,0.014999999999999902
30,0.24080000000000001,0.016799999999999815
30,0.24100000000000002,0.010999999999999593
30,0.24120000000000003,0.005199999999999372
30,0.2414,0.0005999999999999894
30,0.2416,0.006400000000000211
30,0.24180000000000001,0.012200000000000433
30,0.24200000000000002,0.018000000000000654
30,0.2422,0.023800000000000016
30,0.2424,0.029600000000000237
30,0.2426,0.029599999999999405
30,0.24280000000000002,0.028799999999999493
30,0.24300000000000002,0.02799999999999958
30,0.2432,0.02719999999999967
30,0.2434,0.026399999999999757
30,0.2436,0.025599999999999845
30,0.24380000000000002,0.024799999999999045
30,0.24400000000000002,0.023999999999999133
30,0.2442,0.02319999999999922
30,0.2444,0.02239999999999931
30,0.2446,0.021599999999999397
30,0.24480000000000002,0.020799999999999486
30,0.24500000000000002,0.019999999999999574
30,0.2452,0.019199999999999662
30,0.2454,0.01839999999999975
30,0.2456,0.017599999999999838
30,0.24580000000000002,0.016799999999999926
30,0.24600000000000002,0.01599999999999957
30,0.2462,0.015199999999999658
30,0.2464,0.014399999999999302
30,0.2466,0.01359999999999939
30,0.24680000000000002,0.012799999999999478
30,0.24700000000000003,0.011999999999999567
30,0.2472,0.011199999999999655
30,0.2474,0.010399999999999743
30,0.24760000000000001,0.009599999999999831
30,0.24780000000000002,0.00879999999999903
30,0.24800000000000003,0.007999999999999119
30,0.2482,0.007199999999999207
30,0.2484,0.006399999999999295
30,0.24860000000000002,0.005599999999999383
30,0.24880000000000002,0.004799999999999471
30,0.249,0.0039999999999995595
30,0.2492,0.0031999999999996476
30,0.2494,0.0023999999999997357
30,0.24960000000000002,0.0015999999999998238
30,0.24980000000000002,0.0007999999999994678
30,0.25,0.0
30,0.2502,0.0007999999999994678
30,0.2504,0.0015999999999998238
30,0.2506,0.0023999999999997357
30,0.2508,0.0031999999999996476
30,0.251,0.0039999999999995595
30,0.25120000000000003,0.004799999999999471
30,0.2514,0.005599999999999383
30,0.2516,0.006399999999999295
30,0.2518,0.007199999999999207
30,0.252,0.007999999999999119
30,0.25220000000000004,0.008799999999999919
30,0.2524,0.009599999999999831
30,0.2526,0.010399999999999743
30,0.2528,0.011199999999999655
30,0.253,0.011999999999999567
30,0.25320000000000004,0.012799999999999478
30,0.2534,0.01359999999999939
30,0.2536,0.014399999999999302
30,0.2538,0.015200000000000102
30,0.254,0.01599999999999957
30,0.25420000000000004,0.016799999999999926
30,0.2544,0.017599999999999838
30,0.2546,0.01839999999999975
30,0.2548,0.019199999999999662
30,0.255,0.019999999999999574
30,0.25520000000000004,0.020799999999999486
30,0.2554,0.021599999999999397
30,0.2556,0.02239999999999931
30,0.2558,0.02319999999999922
30,0.256,0.023999999999999133
30,0.25620000000000004,0.024799999999999933
30,0.2564,0.025599999999999845
30,0.2566,0.026399999999999757
30,0.25680000000000003,0.02719999999999967
30,0.257,0.02799999999999958
30,0.25720000000000004,0.028799999999999493
30,0.2574,0.029599999999999405
30,0.2576,0.030399999999999316
30,0.25780000000000003,0.031199999999999672
30,0.258,0.03200000000000003
30,0.25820000000000004,0.028599999999998682
30,0.2584,0.023199999999999277
30,0.2586,0.01779999999999987
30,0.25880000000000003,0.012399999999998745
30,0.259,0.00699999999999934
30,0.2592,0.0015999999999999348
30,0.2594,0.003800000000000303
30,0.2596,0.009199999999999542
30,0.25980000000000003,0.01460000000000039
30,0.26,0.01999999999999935
30,0.2602,0.015399999999999858
30,0.2604,0.010799999999999088
30,0.2606,0.006199999999999595
30,0.26080000000000003,0.0015999999999990466
30,0.261,0.0029999999999996696
30,0.2612,0.007599999999999163
30,0.2614,0.012200000000000044
30,0.2616,0.016799999999999538
30,0.26180000000000003,0.021400000000000752
30,0.262,0.021999999999999353
30,0.2622,0.018200000000000216
30,0.2624,0.01439999999999908
30,0.2626,0.010599999999999499
30,0.26280000000000003,0.006799999999998807
30,0.263,0.0029999999999992255
30,0.2632,0.0007999999999993568
30,0.2634,0.0045999999999999375
30,0.2636,0.008399999999999519
30,0.26380000000000003,0.01220000000000021
30,0.264,0.015999999999999792
30,0.2642,0.019799999999999374
30,0.2644,0.023600000000000065
30,0.2646,0.027399999999999647
30,0.26480000000000004,0.027999999999999137
30,0.265,0.024999999999999467
30,0.2652,0.021999999999999797
30,0.2654,0.01899999999999924
30,0.2656,0.01599999999999957
30,0.26580000000000004,0.012999999999999012
30,0.266,0.009999999999999787
30,0.2662,0.006999999999999673
30,0.2664,0.003999999999999115
30,0.2666,0.0009999999999994458
30,0.26680000000000004,0.002000000000000224
30,0.267,0.004999999999999893
30,0.2672,0.007999999999999563
30,0.2674,0.01100000000000012
30,0.2676,0.01399999999999979
30,0.26780000000000004,0.017000000000000126
30,0.268,0.019999999999999574
30,0.2682,0.022999999999999465
30,0.2684,0.02159999999999873
30,0.2686,0.016399999999999526
30,0.26880000000000004,0.011199999999998322
30,0.269,0.005999999999999228
30,0.2692,0.0007999999999994678
30,0.26940000000000003,0.004400000000000459
30,0.2696,0.009599999999999942
30,0.26980000000000004,0.014800000000001035
30,0.27,0.020000000000000018
30,0.2702,0.02519999999999989
30,0.27040000000000003,0.025599999999998957
30,0.2706,0.023399999999999643
30,0.27080000000000004,0.02119999999999922
30,0.271,0.01899999999999924
30,0.2712,0.016799999999999704
30,0.27140000000000003,0.01459999999999928
30,0.2716,0.012399999999999523
30,0.27180000000000004,0.01019999999999932
30,0.272,0.007999999999999119
30,0.2722,0.005799999999999805
30,0.27240000000000003,0.0035999999999991594
30,0.2726,0.0013999999999994017
30,0.2728,0.0007999999999994678
30,0.273,0.0029999999999998916
30,0.2732,0.005199999999999427
30,0.27340000000000003,0.007399999999999629
30,0.2736,0.009599999999999831
30,0.2738,0.011799999999999145
30,0.274,0.014000000000000234
30,0.2742,0.016199999999999548
30,0.27440000000000003,0.01839999999999975
30,0.2746,0.020599999999999064
30,0.2748,0.022799999999999265
30,0.275,0.024999999999999467
30,0.2752,0.019199999999999773
30,0.27540000000000003,0.013399999999999579
30,0.2756,0.0075999999999993295
30,0.2758,0.0018000000000008565
30,0.276,0.004000000000001114
30,0.2762,0.009799999999999587
30,0.27640000000000003,0.015600000000001557
30,0.2766,0.02119999999999944
30,0.2768,0.017599999999999394
30,0.277,0.013999999999998902
30,0.2772,0.010399999999999299
30,0.27740000000000004,0.006799999999999029
30,0.2776,0.0031999999999987594
30,0.2778,0.00039999999999951186
30,0.278,0.0039999999999995595
30,0.2782,0.007600000000000051
30,0.27840000000000004,0.011199999999999655
30,0.2786,0.014799999999999702
30,0.2788,0.01839999999999886
30,0.279,0.02200000000000002
30,0.2792,0.019999999999999463
30,0.27940000000000004,0.014999999999998792
30,0.2796,0.009999999999999232
30,0.2798,0.004999999999999671
30,0.28,2.220446049250313e-16
30,0.2802,0.004999999999999671
30,0.28040000000000004,0.010000000000000453
30,0.2806,0.015000000000000013
30,0.2808,0.019999999999999574
30,0.281,0.025000000000000244
30,0.2812,0.029999999999999694
30,0.28140000000000004,0.030199999999998894
30,0.2816,0.028799999999999493
30,0.2818,0.027399999999999203
30,0.28200000000000003,0.0259999999999998
30,0.2822,0.02459999999999951
30,0.28240000000000004,0.02319999999999922
30,0.2826,0.02179999999999893
30,0.2828,0.02039999999999953
30,0.28300000000000003,0.01899999999999924
30,0.2832,0.017599999999999838
30,0.28340000000000004,0.016199999999999548
30,0.2836,0.014799999999999258
30,0.2838,0.013399999999999856
30,0.28400000000000003,0.011999999999999567
30,0.2842,0.010599999999999277
30,0.28440000000000004,0.009199999999998987
30,0.2846,0.007799999999999585
30,0.2848,0.006399999999999295
30,0.28500000000000003,0.004999999999999449
30,0.2852,0.0035999999999996035
30,0.2854,0.0021999999999993136
30,0.2856,0.0007999999999990237
30,0.2858,0.0005999999999994898
30,0.28600000000000003,0.0019999999999997797
30,0.2862,0.0034000000000000696
30,0.2864,0.004799999999999471
30,0.2866,0.006199999999999761
30,0.2868,0.007599999999999163
30,0.28700000000000003,0.008999999999999453
30,0.2872,0.010399999999999743
30,0.2874,0.011799999999999589
30,0.2876,0.013199999999999434
30,0.2878,0.014599999999999724
30,0.28800000000000003,0.015999999999999126
30,0.2882,0.017399999999999416
30,0.2884,0.018799999999998818
30,0.2886,0.020199999999999108
30,0.2888,0.021599999999999397
30,0.28900000000000003,0.022999999999999687
30,0.2892,0.024399999999999977
30,0.2894,0.02579999999999938
30,0.2896,0.02719999999999967
30,0.2898,0.02859999999999907
30,0.29000000000000004,0.02999999999999936
30,0.2902,0.03139999999999965
30,0.2904,0.030400000000000205
30,0.2906,0.025599999999999068
30,0.2908,0.02079999999999954
30,0.29100000000000004,0.015999999999998238
30,0.2912,0.01119999999999921
30,0.2914,0.006399999999999739
30,0.2916,0.0015999999999987136
30,0.2918,0.0031999999999992035
30,0.29200000000000004,0.008000000000000451
30,0.2922,0.012799999999999478
30,0.2924,0.017599999999999394
30,0.2926,0.022399999999999975
30,0.2928,0.02239999999999931
30,0.29300000000000004,0.018999999999998796
30,0.2932,0.01559999999999917
30,0.2934,0.012199999999999656
30,0.2936,0.008799999999998587
30,0.2938,0.005399999999998961
30,0.29400000000000004,0.0019999999999988916
30,0.2942,0.00140000000000029
30,0.2944,0.004799999999999471
30,0.29460000000000003,0.008199999999999541
30,0.2948,0.011599999999999167
30,0.29500000000000004,0.015000000000000235
30,0.2952,0.01839999999999975
30,0.2954,0.021799999999999375
30,0.29560000000000003,0.01879999999999854
30,0.2958,0.013399999999999135
30,0.29600000000000004,0.007999999999998675
30,0.2962,0.0025999999999986034
30,0.2964,0.0027999999999990255
30,0.29660000000000003,0.008200000000000152
30,0.2968,0.013599999999999557
30,0.29700000000000004,0.019000000000000683
30,0.2972,0.02440000000000009
30,0.2974,0.0259999999999998
30,0.29760000000000003,0.023999999999999133
30,0.2978,0.021999999999999353
30,0.29800000000000004,0.019999999999999574
30,0.2982,0.017999999999998906
30,0.2984,0.015999999999999126
30,0.29860000000000003,0.013999999999999346
30,0.2988,0.011999999999999567
30,0.299,0.009999999999999787
30,0.2992,0.007999999999999119
30,0.2994,0.005999999999999339
30,0.29960000000000003,0.003999999999998671
30,0.2998,0.0019999999999988916
30,0.3,0.0
30,0.3002,0.0019999999999988916
30,0.3004,0.0039999999999995595
30,0.30060000000000003,0.005999999999999339
30,0.3008,0.007999999999999119
30,0.301,0.009999999999998899
30,0.3012,0.011999999999999567
30,0.3014,0.013999999999999346
30,0.30160000000000003,0.016000000000000014
30,0.3018,0.017999999999999794
30,0.302,0.019999999999999574
30,0.3022,0.021999999999999353
30,0.3024,0.023999999999999133
30,0.30260000000000004,0.0259999999999998
30,0.3028,0.02799999999999958
30,0.303,0.02999999999999936
30,0.3032,0.026399999999998647
30,0.3034,0.021799999999999375
30,0.30360000000000004,0.01719999999999855
30,0.3038,0.012599999999999056
30,0.304,0.007999999999999563
30,0.3042,0.0033999999999985153
30,0.3044,0.0011999999999992017
30,0.30460000000000004,0.005800000000000249
30,0.3048,0.01039999999999952
30,0.305,0.014999999999999236
30,0.3052,0.019600000000000062
30,0.3054,0.024199999999999555
30,0.30560000000000004,0.027199999999999225
30,0.3058,0.024599999999998623
30,0.306,0.021999999999999353
30,0.3062,0.019399999999999196
30,0.3064,0.016799999999999926
30,0.30660000000000004,0.01419999999999888
30,0.3068,0.011599999999999167
30,0.307,0.008999999999999453
30,0.30720000000000003,0.006399999999999295
30,0.3074,0.0037999999999991374
30,0.30760000000000004,0.0011999999999989797
30,0.3078,0.0013999999999994017
30,0.308,0.0039999999999995595
30,0.30820000000000003,0.006599999999999717
30,0.3084,0.009199999999999653
30,0.30860000000000004,0.011800000000000033
30,0.3088,0.014399999999999302
30,0.309,0.01699999999999946
30,0.30920000000000003,0.019599999999999618
30,0.3094,0.022199999999999775
30,0.30960000000000004,0.02159999999999801
30,0.3098,0.015799999999999537
30,0.31,0.009999999999999287
30,0.31020000000000003,0.004199999999999093
30,0.3104,0.001600000000001156
30,0.31060000000000004,0.00740000000000135
30,0.3108,0.013199999999999823
30,0.311,0.019000000000000072
30,0.31120000000000003,0.02079999999999904
30,0.3114,0.01759999999999895
30,0.3116,0.014399999999999302
30,0.3118,0.011199999999998766
30,0.312,0.007999999999999119
30,0.31220000000000003,0.004799999999998583
30,0.3124,0.0015999999999989356
30,0.3126,0.0015999999999989356
30,0.3128,0.004799999999999471
30,0.313,0.007999999999999119
30,0.31320000000000003,0.011199999999999655
30,0.3134,0.014399999999999302
30,0.3136,0.01759999999999895
30,0.3138,0.020799999999999486
30,0.314,0.023999999999999577
30,0.31420000000000003,0.02719999999999967
30,0.3144,0.02639999999999887
30,0.3146,0.022599999999999287
30,0.3148,0.01879999999999904
30,0.315,0.014999999999999236
30,0.31520000000000004,0.011199999999998766
30,0.3154,0.007399999999998741
30,0.3156,0.0035999999999996035
30,0.3158,0.00019999999999997797
30,0.316,0.003999999999999115
30,0.31620000000000004,0.007799999999999585
30,0.3164,0.01159999999999961
30,0.3166,0.015399999999998748
30,0.3168,0.019199999999999662
30,0.317,0.022999999999999243
30,0.31720000000000004,0.02159999999999851
30,0.3174,0.017199999999998994
30,0.3176,0.012799999999999478
30,0.3178,0.00839999999999902
30,0.318,0.003999999999999115
30,0.31820000000000004,0.00039999999999995595
30,0.3184,0.004799999999999471
30,0.3186,0.009199999999999875
30,0.31880000000000003,0.013599999999999834
30,0.319,0.01799999999999935
30,0.31920000000000004,0.01999999999999824
30,0.3194,0.014999999999998903
30,0.3196,0.009999999999999676
30,0.31980000000000003,0.004999999999998561
30,0.32,2.7755575615628914e-16
30,0.32020000000000004,0.0050000000000003375
30,0.3204,0.009999999999999565
30,0.3206,0.014999999999999458
30,0.32080000000000003,0.017599999999999505
30,0.321,0.011999999999998956
30,0.32120000000000004,0.006399999999998296
30,0.3214,0.0007999999999988017
30,0.3216,0.004799999999999582
30,0.32180000000000003,0.010400000000000242
30,0.322,0.016000000000000125
30,0.32220000000000004,0.021600000000000286
30,0.3224,0.027200000000000557
30,0.3226,0.03219999999999956
30,0.32280000000000003,0.031599999999999184
30,0.323,0.030999999999998806
30,0.32320000000000004,0.030399999999999316
30,0.3234,0.029799999999999827
30,0.3236,0.02919999999999945
30,0.32380000000000003,0.02859999999999907
30,0.324,0.027999999999998693
30,0.32420000000000004,0.027399999999999203
30,0.3244,0.026799999999999713
30,0.3246,0.026199999999999335
30,0.32480000000000003,0.025599999999998957
30,0.325,0.024999999999999467
30,0.3252,0.024399999999999977
30,0.3254,0.0237999999999996
30,0.3256,0.02319999999999922
30,0.32580000000000003,0.022599999999998843
30,0.326,0.021999999999998465
30,0.3262,0.021399999999999864
30,0.3264,0.020799999999999486
30,0.3266,0.020199999999999108
30,0.32680000000000003,0.01959999999999873
30,0.327,0.01899999999999924
30,0.3272,0.01839999999999975
30,0.3274,0.017799999999999372
30,0.3276,0.017199999999998994
30,0.32780000000000004,0.016599999999998616
30,0.328,0.015999999999999126
30,0.3282,0.015399999999999636
30,0.3284,0.014799999999999258
30,0.3286,0.01419999999999888
30,0.32880000000000004,0.01359999999999939
30,0.329,0.0129999999999999
30,0.3292,0.012399999999999523
30,0.3294,0.011799999999999145
30,0.3296,0.011199999999998766
30,0.32980000000000004,0.010599999999998388
30,0.33,0.009999999999999787
30,0.3302,0.009399999999999409
30,0.3304,0.00879999999999903
30,0.3306,0.008199999999998653
30,0.33080000000000004,0.007599999999999163
30,0.331,0.006999999999999673
30,0.3312,0.006399999999999295
30,0.33140000000000003,0.005799999999998917
30,0.3316,0.005199999999999427
30,0.33180000000000004,0.004599999999999049
30,0.332,0.0039999999999995595
30,0.3322,0.0033999999999991815
30,0.33240000000000003,0.0027999999999988034
30,0.3326,0.0021999999999993136
30,0.33280000000000004,0.0015999999999998238
30,0.333,0.0009999999999994458
30,0.3332,0.00039999999999906777
30,0.33340000000000003,0.00019999999999953388
30,0.3336,0.0007999999999990237
30,0.33380000000000004,0.0013999999999994017
30,0.334,0.0019999999999988916
30,0.3342,0.0025999999999992696
30,0.33440000000000003,0.0031999999999996476
30,0.3346,0.0038000000000000256
30,0.33480000000000004,0.004399999999998627
30,0.335,0.004999999999999005
30,0.3352,0.005599999999999383
30,0.33540000000000003,0.006199999999999761
30,0.3356,0.006799999999998363
30,0.33580000000000004,0.007399999999999629
30,0.336,0.007999999999999119
30,0.3362,0.008599999999999497
30,0.33640000000000003,0.009199999999999875
30,0.3366,0.009799999999999365
30,0.33680000000000004,0.010399999999998855
30,0.337,0.010999999999999233
30,0.3372,0.01159999999999961
30,0.33740000000000003,0.0121999999999991
30,0.3376,0.012799999999999478
30,0.33780000000000004,0.013399999999998968
30,0.338,0.013999999999999346
30,0.3382,0.014599999999999724
30,0.33840000000000003,0.015200000000000102
30,0.3386,0.015799999999998704
30,0.3388,0.016399999999999082
30,0.339,0.01699999999999946
30,0.3392,0.017599999999999838
30,0.33940000000000003,0.01819999999999844
30,0.3396,0.018799999999998818
30,0.3398,0.019399999999999196
30,0.34,0.019999999999999574
30,0.3402,0.02059999999999995
30,0.34040000000000004,0.02119999999999944
30,0.3406,0.02179999999999893
30,0.3408,0.02239999999999931
30,0.341,0.022999999999999687
30,0.3412,0.023599999999999177
30,0.34140000000000004,0.024199999999999555
30,0.3416,0.024799999999999045
30,0.3418,0.025399999999999423
30,0.342,0.0259999999999998
30,0.3422,0.02659999999999929
30,0.34240000000000004,0.02719999999999878
30,0.3426,0.02779999999999916
30,0.3428,0.028399999999999537
30,0.343,0.028999999999999915
30,0.3432,0.029599999999998516
30,0.34340000000000004,0.030199999999998894
30,0.3436,0.030799999999999272
30,0.3438,0.029799999999999938
30,0.34400000000000003,0.023999999999999744
30,0.3442,0.018199999999999494
30,0.34440000000000004,0.0123999999999993
30,0.3446,0.006599999999999051
30,0.3448,0.000800000000000578
30,0.34500000000000003,0.005000000000001392
30,0.3452,0.010799999999999865
30,0.34540000000000004,0.016600000000001836
30,0.3456,0.014399999999998858
30,0.3458,0.00919999999999932
30,0.34600000000000003,0.003999999999999337
30,0.3462,0.0011999999999996458
30,0.34640000000000004,0.006400000000000183
30,0.3466,0.01159999999999961
30,0.3468,0.016799999999999926
30,0.34700000000000003,0.018999999999998574
30,0.3472,0.014399999999999358
30,0.34740000000000004,0.009799999999998144
30,0.3476,0.00519999999999865
30,0.3478,0.0005999999999991568
30,0.34800000000000003,0.0040000000000000036
30,0.3482,0.008599999999999497
30,0.34840000000000004,0.013200000000000323
30,0.3486,0.017799999999999594
30,0.3488,0.02239999999999953
30,0.34900000000000003,0.019999999999998685
30,0.3492,0.015999999999999126
30,0.34940000000000004,0.011999999999998678
30,0.3496,0.007999999999998675
30,0.3498,0.003999999999999115
30,0.35000000000000003,0.0
30,0.3502,0.0039999999999997815
30,0.35040000000000004,0.008000000000000007
30,0.3506,0.012000000000000455
30,0.3508,0.015999999999999126
30,0.35100000000000003,0.020000000000000018
30,0.3512,0.023999999999999577
30,0.3514,0.02619999999999978
30,0.3516,0.02279999999999882
30,0.3518,0.019399999999999196
30,0.35200000000000004,0.015999999999998682
30,0.3522,0.012599999999999056
30,0.3524,0.00919999999999943
30,0.3526,0.005799999999998917
30,0.3528,0.0023999999999992916
30,0.35300000000000004,0.0009999999999998899
30,0.3532,0.004399999999999515
30,0.3534,0.007799999999999141
30,0.3536,0.011199999999999655
30,0.3538,0.01459999999999928
30,0.35400000000000004,0.018000000000000238
30,0.3542,0.02139999999999942
30,0.3544,0.02479999999999949
30,0.3546,0.02819999999999956
30,0.3548,0.031599999999999184
30,0.35500000000000004,0.029999999999998472
30,0.3552,0.027199999999999225
30,0.3554,0.02439999999999909
30,0.3556,0.02159999999999851
30,0.3558,0.018799999999998818
30,0.35600000000000004,0.015999999999998238
30,0.3562,0.01319999999999899
30,0.3564,0.010399999999999299
30,0.35660000000000003,0.007599999999999163
30,0.3568,0.004799999999999471
30,0.35700000000000004,0.0019999999999988916
30,0.3572,0.0007999999999994678
30,0.3574,0.0035999999999987153
30,0.35760000000000003,0.006399999999999295
30,0.3578,0.009199999999998987
30,0.35800000000000004,0.011999999999999567
30,0.3582,0.014799999999999702
30,0.3584,0.01759999999999895
30,0.35860000000000003,0.02039999999999953
30,0.3588,0.02319999999999922
30,0.35900000000000004,0.024999999999998634
30,0.3592,0.019999999999998797
30,0.3594,0.014999999999999736
30,0.35960000000000003,0.009999999999998455
30,0.3598,0.004999999999999116
30,0.36000000000000004,4.440892098500626e-16
30,0.3602,0.004999999999999727
30,0.3604,0.00999999999999912
30,0.36060000000000003,0.015000000000000124
30,0.3608,0.01999999999999935
30,0.36100000000000004,0.025000000000000355
30,0.3612,0.026799999999998825
30,0.3614,0.02459999999999951
30,0.36160000000000003,0.02239999999999931
30,0.3618,0.020199999999999108
30,0.36200000000000004,0.01799999999999935
30,0.3622,0.015799999999998704
30,0.3624,0.01359999999999939
30,0.36260000000000003,0.0113999999999983
30,0.3628,0.009199999999999875
30,0.36300000000000004,0.006999999999998785
30,0.3632,0.004799999999999471
30,0.3634,0.0025999999999992696
30,0.36360000000000003,0.00039999999999906777
30,0.3638,0.0017999999999993577
30,0.36400000000000005,0.0039999999999995595
30,0.3642,0.006199999999999761
30,0.3644,0.008399999999999075
30,0.36460000000000004,0.010599999999999277
30,0.3648,0.012799999999999478
30,0.365,0.014999999999998792
30,0.3652,0.017199999999999882
30,0.3654,0.019399999999999196
30,0.36560000000000004,0.021599999999999397
30,0.3658,0.0237999999999996
30,0.366,0.025999999999998913
30,0.3662,0.028200000000000003
30,0.3664,0.030399999999999316
30,0.36660000000000004,0.032600000000000406
30,0.3668,0.03079999999999883
30,0.367,0.026999999999999247
30,0.3672,0.023199999999998777
30,0.3674,0.019399999999999418
30,0.36760000000000004,0.015599999999998282
30,0.3678,0.0117999999999987
30,0.368,0.007999999999999119
30,0.3682,0.004199999999998649
30,0.3684,0.00039999999999906777
30,0.36860000000000004,0.0034000000000000696
30,0.3688,0.007199999999999207
30,0.369,0.010999999999999233
30,0.36920000000000003,0.014799999999999702
30,0.3694,0.018599999999999284
30,0.36960000000000004,0.02079999999999904
30,0.3698,0.015399999999998748
30,0.37,0.009999999999999565
30,0.37020000000000003,0.004599999999998383
30,0.3704,0.0007999999999999674
30,0.37060000000000004,0.0062000000000006494
30,0.3708,0.01159999999999961
30,0.371,0.016999999999999016
30,0.37120000000000003,0.022400000000000864
30,0.3714,0.02779999999999938
30,0.37160000000000004,0.02719999999999878
30,0.3718,0.025599999999998957
30,0.372,0.023999999999999133
30,0.37220000000000003,0.02239999999999931
30,0.3724,0.020799999999999486
30,0.37260000000000004,0.019199999999998774
30,0.3728,0.01759999999999895
30,0.373,0.015999999999999126
30,0.37320000000000003,0.014399999999998414
30,0.3734,0.012799999999999478
30,0.37360000000000004,0.011199999999998766
30,0.3738,0.009599999999998943
30,0.374,0.007999999999999119
30,0.37420000000000003,0.006399999999999295
30,0.3744,0.004799999999999471
30,0.37460000000000004,0.0031999999999987594
30,0.3748,0.0015999999999989356
30,0.375,0.0
30,0.37520000000000003,0.0015999999999998238
30,0.3754,0.0031999999999996476
30,0.37560000000000004,0.004799999999999471
30,0.3758,0.006399999999999295
30,0.376,0.007999999999999119
30,0.37620000000000003,0.009599999999999831
30,0.3764,0.011199999999998766
30,0.37660000000000005,0.012799999999999478
30,0.3768,0.014399999999999302
30,0.377,0.015999999999999126
30,0.37720000000000004,0.017599999999999838
30,0.3774,0.019199999999999662
30,0.3776,0.020799999999999486
30,0.3778,0.02239999999999931
30,0.378,0.023999999999999133
30,0.37820000000000004,0.025599999999999845
30,0.3784,0.0263999999999997
30,0.3786,0.020599999999999452
30,0.3788,0.014799999999999258
30,0.379,0.008999999999999009
30,0.37920000000000004,0.003199999999998815
30,0.3794,0.002599999999999658
30,0.3796,0.008399999999999908
30,0.3798,0.014200000000000101
30,0.38,0.01999999999999913
30,0.38020000000000004,0.015799999999998426
30,0.3804,0.011599999999998722
30,0.3806,0.0073999999999993515
30,0.3808,0.0031999999999987594
30,0.381,0.0009999999999994458
30,0.38120000000000004,0.005200000000000038
30,0.3814,0.009399999999999742
30,0.3816,0.013599999999999113
30,0.38180000000000003,0.017799999999999816
30,0.382,0.021999999999999353
30,0.38220000000000004,0.02620000000000028
30,0.3824,0.028799999999998604
30,0.3826,0.02619999999999978
30,0.38280000000000003,0.02359999999999829
30,0.383,0.02099999999999902
30,0.38320000000000004,0.01839999999999886
30,0.3834,0.015799999999999148
30,0.3836,0.013199999999999434
30,0.38380000000000003,0.010599999999998388
30,0.384,0.007999999999999119
30,0.38420000000000004,0.005399999999998961
30,0.3844,0.0027999999999988034
30,0.3846,0.00019999999999953388
30,0.38480000000000003,0.0023999999999997357
30,0.385,0.004999999999999005
30,0.38520000000000004,0.007600000000000051
30,0.3854,0.01019999999999932
30,0.3856,0.012799999999999478
30,0.38580000000000003,0.015399999999999636
30,0.386,0.017999999999998906
30,0.38620000000000004,0.02059999999999995
30,0.3864,0.023199999999999665
30,0.3866,0.02579999999999938
30,0.38680000000000003,0.028399999999999537
30,0.387,0.030999999999998806
30,0.38720000000000004,0.03039999999999865
30,0.3874,0.026799999999998825
30,0.3876,0.023199999999999443
30,0.38780000000000003,0.01959999999999873
30,0.388,0.015999999999999126
30,0.38820000000000005,0.012399999999998412
30,0.3884,0.00879999999999903
30,0.3886,0.005199999999999205
30,0.38880000000000003,0.0015999999999984915
30,0.389,0.0019999999999993356
30,0.38920000000000005,0.005600000000000049
30,0.3894,0.00919999999999943
30,0.3896,0.012799999999999256
30,0.38980000000000004,0.01639999999999997
30,0.39,0.019999999999999574
30,0.39020000000000005,0.023600000000000287
30,0.3904,0.020799999999998597
30,0.3906,0.016199999999999104
30,0.39080000000000004,0.011599999999998278
30,0.391,0.006999999999999673
30,0.3912,0.0023999999999992916
30,0.3914,0.0021999999999997577
30,0.3916,0.006799999999999251
30,0.39180000000000004,0.011400000000000965
30,0.392,0.01599999999999957
30,0.3922,0.018399999999999972
30,0.3924,0.012799999999999812
30,0.3926,0.007199999999999374
30,0.39280000000000004,0.0015999999999987136
30,0.393,0.004000000000000226
30,0.3932,0.009599999999999165
30,0.3934,0.015200000000001324
30,0.3936,0.02079999999999982
30,0.39380000000000004,0.0264000000000012
30,0.394,0.02999999999999936
30,0.3942,0.028999999999999915
30,0.39440000000000003,0.027999999999998693
30,0.3946,0.026999999999999247
30,0.39480000000000004,0.0259999999999998
30,0.395,0.02499999999999858
30,0.3952,0.023999999999999133
30,0.39540000000000003,0.0229999999999988
30,0.3956,0.021999999999999353
30,0.39580000000000004,0.02099999999999902
30,0.396,0.019999999999998685
30,0.3962,0.01899999999999924
30,0.39640000000000003,0.017999999999998906
30,0.3966,0.01699999999999946
30,0.39680000000000004,0.015999999999998238
30,0.397,0.014999999999998792
30,0.3972,0.013999999999999346
30,0.39740000000000003,0.012999999999999012
30,0.3976,0.011999999999998678
30,0.39780000000000004,0.010999999999999233
30,0.398,0.009999999999999787
30,0.3982,0.008999999999998565
30,0.39840000000000003,0.007999999999999119
30,0.3986,0.006999999999999673
30,0.39880000000000004,0.005999999999998451
30,0.399,0.004999999999999005
30,0.3992,0.0039999999999995595
30,0.39940000000000003,0.0029999999999992255
30,0.3996,0.0019999999999988916
30,0.39980000000000004,0.0009999999999985576
30,0.4,0.0
30,0.4002,0.0009999999999994458
30,0.40040000000000003,0.0019999999999988916
30,0.4006,0.0029999999999992255
30,0.40080000000000005,0.0039999999999995595
30,0.401,0.004999999999999005
30,0.4012,0.005999999999998451
30,0.40140000000000003,0.006999999999999673
30,0.4016,0.007999999999999119
30,0.40180000000000005,0.008999999999999453
30,0.402,0.009999999999998899
30,0.4022,0.010999999999999233
30,0.40240000000000004,0.011999999999999567
30,0.4026,0.012999999999999012
30,0.40280000000000005,0.013999999999999346
30,0.403,0.014999999999998792
30,0.4032,0.016000000000000014
30,0.40340000000000004,0.01699999999999946
30,0.4036,0.017999999999998906
30,0.40380000000000005,0.019000000000000128
30,0.404,0.019999999999999574
30,0.4042,0.02099999999999902
30,0.40440000000000004,0.021999999999999353
30,0.4046,0.022999999999999687
30,0.4048,0.023999999999999133
30,0.405,0.02499999999999858
30,0.4052,0.025999999999998913
30,0.40540000000000004,0.026999999999999247
30,0.4056,0.027999999999998693
30,0.4058,0.028999999999999027
30,0.406,0.02999999999999936
30,0.4062,0.030999999999998806
30,0.40640000000000004,0.027199999999998115
30,0.4066,0.02179999999999882
30,0.4068,0.016399999999999304
30,0.40700000000000003,0.010999999999999233
30,0.4072,0.005599999999998939
30,0.40740000000000004,0.00019999999999870122
30,0.4076,0.005199999999999649
30,0.4078,0.010599999999999943
30,0.40800000000000003,0.016000000000000014
30,0.4082,0.01959999999999895
30,0.40840000000000004,0.015199999999998326
30,0.4086,0.01079999999999881
30,0.4088,0.006399999999999295
30,0.40900000000000003,0.0019999999999984475
30,0.4092,0.0023999999999992916
30,0.40940000000000004,0.006800000000000139
30,0.4096,0.011199999999999655
30,0.4098,0.01559999999999917
30,0.41000000000000003,0.019999999999999796
30,0.4102,0.02439999999999931
30,0.41040000000000004,0.023199999999998333
30,0.4106,0.019799999999998708
30,0.4108,0.01639999999999986
30,0.41100000000000003,0.012999999999998124
30,0.4112,0.009599999999998943
30,0.41140000000000004,0.006199999999998429
30,0.4116,0.0027999999999990255
30,0.4118,0.0005999999999990457
30,0.41200000000000003,0.0039999999999995595
30,0.4122,0.007399999999999629
30,0.41240000000000004,0.010800000000000143
30,0.4126,0.014199999999999768
30,0.4128,0.017599999999999172
30,0.41300000000000003,0.020999999999999908
30,0.4132,0.017199999999999216
30,0.41340000000000005,0.011399999999999022
30,0.4136,0.005599999999998773
30,0.4138,0.00019999999999970042
30,0.41400000000000003,0.006000000000001671
30,0.4142,0.011800000000000144
30,0.41440000000000005,0.017600000000002114
30,0.4146,0.023400000000000587
30,0.4148,0.02239999999999931
30,0.41500000000000004,0.019999999999998685
30,0.4152,0.01759999999999895
30,0.41540000000000005,0.01519999999999877
30,0.4156,0.01279999999999859
30,0.4158,0.010399999999999299
30,0.41600000000000004,0.007999999999999119
30,0.4162,0.005599999999999383
30,0.41640000000000005,0.0031999999999987594
30,0.4166,0.0007999999999990237
30,0.4168,0.0015999999999989356
30,0.41700000000000004,0.0039999999999995595
30,0.4172,0.006399999999999295
30,0.4174,0.00879999999999903
30,0.4176,0.011199999999999655
30,0.4178,0.01359999999999939
30,0.41800000000000004,0.016000000000000014
30,0.4182,0.018399999999999306
30,0.4184,0.020799999999999486
30,0.4186,0.02319999999999922
30,0.4188,0.0255999999999994
30,0.41900000000000004,0.02799999999999958
30,0.4192,0.030400000000000205
30,0.4194,0.031399999999999206
30,0.41960000000000003,0.027599999999998792
30,0.4198,0.023799999999999155
30,0.42000000000000004,0.01999999999999824
30,0.4202,0.01619999999999866
30,0.4204,0.012399999999999078
30,0.42060000000000003,0.008599999999998609
30,0.4208,0.004799999999999027
30,0.42100000000000004,0.0009999999999983356
30,0.4212,0.0027999999999994696
30,0.4214,0.006599999999998829
30,0.42160000000000003,0.010399999999999743
30,0.4218,0.014199999999999324
30,0.42200000000000004,0.017999999999999794
30,0.4222,0.021799999999999375
30,0.4224,0.017599999999999394
30,0.42260000000000003,0.012399999999998412
30,0.4228,0.007199999999998985
30,0.42300000000000004,0.0019999999999988916
30,0.4232,0.0032000000000000917
30,0.4234,0.008399999999999075
30,0.42360000000000003,0.013600000000000056
30,0.4238,0.018800000000000372
30,0.42400000000000004,0.024000000000000354
30,0.4242,0.029199999999999893
30,0.4244,0.02919999999999945
30,0.42460000000000003,0.02779999999999916
30,0.4248,0.02639999999999887
30,0.42500000000000004,0.02499999999999858
30,0.4252,0.023599999999999177
30,0.4254,0.022199999999999775
30,0.42560000000000003,0.020799999999998597
30,0.4258,0.019399999999999196
30,0.42600000000000005,0.017999999999998906
30,0.4262,0.016599999999998616
30,0.4264,0.015199999999999214
30,0.42660000000000003,0.013799999999998924
30,0.4268,0.012399999999999523
30,0.42700000000000005,0.010999999999999233
30,0.4272,0.009599999999998943
30,0.4274,0.008199999999998653
30,0.42760000000000004,0.006799999999999251
30,0.4278,0.005399999999998961
30,0.42800000000000005,0.003999999999998671
30,0.4282,0.0025999999999992696
30,0.4284,0.0011999999999989797
30,0.42860000000000004,0.00019999999999953388
30,0.4288,0.0015999999999989356
30,0.42900000000000005,0.0030000000000001137
30,0.4292,0.004399999999999515
30,0.4294,0.005799999999998917
30,0.42960000000000004,0.007199999999999207
30,0.4298,0.008599999999999497
30,0.43000000000000005,0.009999999999999787
30,0.4302,0.011399999999999189
30,0.4304,0.012799999999999478
30,0.43060000000000004,0.014199999999999768
30,0.4308,0.01559999999999917
30,0.431,0.01699999999999946
30,0.4312,0.01839999999999975
30,0.4314,0.01980000000000004
30,0.43160000000000004,0.02119999999999944
30,0.4318,0.022599999999998843
30,0.432,0.023999999999999133
30,0.43220000000000003,0.025399999999999423
30,0.4324,0.026799999999999713
30,0.43260000000000004,0.028199999999999115
30,0.4328,0.029599999999998516
30,0.433,0.030999999999998806
30,0.43320000000000003,0.032399999999999096
30,0.4334,0.03179999999999872
30,0.43360000000000004,0.027199999999998337
30,0.4338,0.022599999999998843
30,0.434,0.01799999999999935
30,0.43420000000000003,0.013399999999998524
30,0.4344,0.008799999999999919
30,0.43460000000000004,0.004199999999998205
30,0.4348,0.00040000000000001146
30,0.435,0.004999999999999227
30,0.43520000000000003,0.009600000000000719
30,0.4354,0.014199999999999324
30,0.43560000000000004,0.01880000000000015
30,0.4358,0.023399999999999643
30,0.436,0.023999999999999355
30,0.43620000000000003,0.020799999999998597
30,0.4364,0.01759999999999895
30,0.43660000000000004,0.014399999999998414
30,0.4368,0.011199999999998766
30,0.437,0.007999999999999119
30,0.43720000000000003,0.004799999999998583
30,0.4374,0.0015999999999989356
30,0.43760000000000004,0.0015999999999998238
30,0.4378,0.004799999999999471
30,0.438,0.007999999999999119
30,0.43820000000000003,0.011199999999999655
30,0.4384,0.014399999999999302
30,0.43860000000000005,0.01760000000000006
30,0.4388,0.020799999999999486
30,0.439,0.023999999999999355
30,0.43920000000000003,0.01999999999999824
30,0.4394,0.014999999999998792
30,0.43960000000000005,0.009999999999998233
30,0.4398,0.004999999999999061
30,0.44,2.220446049250313e-16
30,0.44020000000000004,0.0050000000000003375
30,0.4404,0.009999999999999787
30,0.44060000000000005,0.015000000000000402
30,0.4408,0.020000000000000018
30,0.441,0.0249999999999993
30,0.44120000000000004,0.02919999999999856
30,0.4414,0.027399999999998315
30,0.44160000000000005,0.025599999999998957
30,0.4418,0.0237999999999996
30,0.442,0.021999999999999353
30,0.44220000000000004,0.020199999999999108
30,0.4424,0.01839999999999886
30,0.44260000000000005,0.016599999999998616
30,0.4428,0.014799999999999258
30,0.443,0.012999999999999012
30,0.44320000000000004,0.011199999999998766
30,0.4434,0.009399999999999409
30,0.44360000000000005,0.007599999999999163
30,0.44380000000000003,0.005799999999998917
30,0.444,0.0039999999999995595
30,0.44420000000000004,0.0021999999999984254
30,0.4444,0.00039999999999906777
30,0.4446,0.0013999999999985135
30,0.44480000000000003,0.0031999999999996476
30,0.445,0.004999999999999005
30,0.44520000000000004,0.006799999999999251
30,0.4454,0.008599999999999497
30,0.4456,0.010399999999998855
30,0.44580000000000003,0.012199999999999989
30,0.446,0.013999999999999346
30,0.44620000000000004,0.015799999999999592
30,0.4464,0.01759999999999895
30,0.4466,0.019399999999999196
30,0.44680000000000003,0.02119999999999944
30,0.447,0.022999999999999687
30,0.44720000000000004,0.024799999999999045
30,0.4474,0.025399999999999423
30,0.4476,0.019599999999999174
30,0.44780000000000003,0.01379999999999898
30,0.448,0.008000000000000507
30,0.44820000000000004,0.0021999999999985365
30,0.4484,0.0035999999999999366
30,0.4486,0.009400000000000186
30,0.44880000000000003,0.01520000000000038
30,0.449,0.01999999999999913
30,0.44920000000000004,0.01599999999999846
30,0.4494,0.011999999999998678
30,0.4496,0.007999999999999119
30,0.44980000000000003,0.003999999999998671
30,0.45,0.0
30,0.45020000000000004,0.0040000000000000036
30,0.4504,0.007999999999999563
30,0.4506,0.011999999999999122
30,0.45080000000000003,0.016000000000000125
30,0.451,0.019999999999999574
30,0.45120000000000005,0.02400000000000091
30,0.4514,0.02799999999999958
30,0.4516,0.03199999999999914
30,0.45180000000000003,0.030199999999998894
30,0.452,0.027999999999999137
30,0.45220000000000005,0.02579999999999849
30,0.4524,0.023599999999999177
30,0.4526,0.021399999999998975
30,0.45280000000000004,0.019199999999998774
30,0.453,0.016999999999999016
30,0.45320000000000005,0.01479999999999837
30,0.4534,0.012599999999999056
30,0.4536,0.010399999999998855
30,0.45380000000000004,0.008199999999998653
30,0.454,0.005999999999998451
30,0.45420000000000005,0.0037999999999982492
30,0.4544,0.0015999999999989356
30,0.4546,0.0005999999999994898
30,0.45480000000000004,0.0027999999999996916
30,0.455,0.004999999999999449
30,0.45520000000000005,0.007199999999999207
30,0.4554,0.009399999999999409
30,0.4556,0.01159999999999961
30,0.45580000000000004,0.013799999999999812
30,0.456,0.015999999999999126
30,0.45620000000000005,0.018200000000000216
30,0.45640000000000003,0.02039999999999953
30,0.4566,0.022599999999998843
30,0.45680000000000004,0.024799999999999045
30,0.457,0.026999999999999247
30,0.4572,0.027199999999999447
30,0.45740000000000003,0.02239999999999842
30,0.4576,0.017599999999999394
30,0.45780000000000004,0.01279999999999859
30,0.458,0.007999999999998786
30,0.4582,0.0031999999999992035
30,0.45840000000000003,0.0016000000000000458
30,0.4586,0.006399999999999739
30,0.45880000000000004,0.011200000000000598
30,0.459,0.015999999999999626
30,0.4592,0.020799999999999597
30,0.45940000000000003,0.025599999999999845
30,0.4596,0.02519999999999989
30,0.45980000000000004,0.022599999999998843
30,0.46,0.01999999999999913
30,0.4602,0.017399999999999416
30,0.46040000000000003,0.01479999999999837
30,0.4606,0.0121999999999991
30,0.46080000000000004,0.009599999999998943
30,0.461,0.006999999999998785
30,0.4612,0.004399999999999515
30,0.46140000000000003,0.0017999999999984695
30,0.4616,0.0007999999999990237
30,0.46180000000000004,0.0034000000000000696
30,0.462,0.005999999999999339
30,0.4622,0.008599999999999497
30,0.46240000000000003,0.011199999999999655
30,0.4626,0.013799999999998924
30,0.46280000000000004,0.01639999999999997
30,0.463,0.018999999999999684
30,0.4632,0.021599999999999397
30,0.46340000000000003,0.024200000000000443
30,0.4636,0.019199999999998774
30,0.46380000000000005,0.013599999999998613
30,0.464,0.00799999999999873
30,0.4642,0.002399999999999791
30,0.46440000000000003,0.0032000000000003137
30,0.4646,0.008799999999999808
30,0.46480000000000005,0.014400000000000468
30,0.465,0.020000000000001017
30,0.4652,0.02199999999999913
30,0.46540000000000004,0.01899999999999835
30,0.4656,0.015999999999999126
30,0.46580000000000005,0.012999999999998124
30,0.466,0.009999999999998899
30,0.4662,0.006999999999999673
30,0.46640000000000004,0.003999999999998671
30,0.4666,0.0009999999999990017
30,0.46680000000000005,0.0020000000000000018
30,0.467,0.004999999999999893
30,0.4672,0.007999999999999341
30,0.46740000000000004,0.010999999999999233
30,0.4676,0.013999999999999346
30,0.46780000000000005,0.016999999999999904
30,0.468,0.02000000000000035
30,0.4682,0.022999999999999243
30,0.46840000000000004,0.0259999999999998
30,0.4686,0.02899999999999947
30,0.46880000000000005,0.03039999999999843
30,0.46900000000000003,0.02699999999999869
30,0.4692,0.023599999999999177
30,0.46940000000000004,0.02019999999999844
30,0.4696,0.016799999999999038
30,0.46980000000000005,0.01339999999999808
30,0.47000000000000003,0.009999999999998899
30,0.4702,0.006599999999998829
30,0.47040000000000004,0.0031999999999985373
30,0.4706,0.00019999999999953388
30,0.4708,0.0035999999999991594
30,0.47100000000000003,0.006999999999999729
30,0.4712,0.010399999999999299
30,0.47140000000000004,0.013799999999999812
30,0.4716,0.017199999999998994
30,0.4718,0.02059999999999995
30,0.47200000000000003,0.023999999999999577
30,0.4722,0.027399999999999203
30,0.47240000000000004,0.0243999999999982
30,0.4726,0.02059999999999862
30,0.4728,0.016799999999999038
30,0.47300000000000003,0.01299999999999879
30,0.4732,0.009199999999998987
30,0.47340000000000004,0.005399999999998073
30,0.4736,0.0015999999999987136
30,0.4738,0.0021999999999990916
30,0.47400000000000003,0.005999999999999783
30,0.4742,0.009799999999999365
30,0.47440000000000004,0.013599999999999834
30,0.4746,0.017399999999999416
30,0.4748,0.021199999999998997
30,0.47500000000000003,0.02499999999999858
30,0.4752,0.02079999999999904
30,0.47540000000000004,0.016599999999998172
30,0.4756,0.012399999999999523
30,0.4758,0.008199999999998653
30,0.47600000000000003,0.003999999999998727
30,0.4762,0.00019999999999953388
30,0.47640000000000005,0.0044000000000001815
30,0.4766,0.008599999999999497
30,0.4768,0.012799999999999367
30,0.47700000000000004,0.016999999999999904
30,0.4772,0.02119999999999944
30,0.47740000000000005,0.019799999999998485
30,0.4776,0.015199999999998326
30,0.4778,0.010599999999999277
30,0.47800000000000004,0.005999999999998451
30,0.4782,0.0013999999999989576
30,0.47840000000000005,0.0032000000000002027
30,0.4786,0.007799999999999696
30,0.4788,0.01239999999999919
30,0.47900000000000004,0.017000000000000404
30,0.4792,0.019999999999998685
30,0.47940000000000005,0.014999999999998792
30,0.4796,0.009999999999998455
30,0.4798,0.004999999999999005
30,0.48000000000000004,0.0
30,0.4802,0.0050000000000003375
30,0.48040000000000005,0.010000000000000453
30,0.4806,0.015000000000000124
30,0.4808,0.018399999999999084
30,0.48100000000000004,0.01299999999999829
30,0.4812,0.007599999999998885
30,0.48140000000000005,0.0021999999999977593
30,0.48160000000000003,0.0031999999999998696
30,0.4818,0.008600000000000607
30,0.48200000000000004,0.014000000000000401
30,0.4822,0.016199999999998937
30,0.48240000000000005,0.010399999999998744
30,0.48260000000000003,0.004599999999998494
30,0.4828,0.0011999999999999789
30,0.48300000000000004,0.007000000000001949
30,0.4832,0.012800000000000422
30,0.4834,0.01860000000000067
30,0.48360000000000003,0.024400000000000865
30,0.4838,0.03019999999999934
30,0.48400000000000004,0.03199999999999914
30,0.4842,0.031599999999999184
30,0.4844,0.03119999999999923
30,0.48460000000000003,0.030799999999999272
30,0.4848,0.03039999999999843
30,0.48500000000000004,0.02999999999999936
30,0.4852,0.029599999999998516
30,0.4854,0.02919999999999945
30,0.48560000000000003,0.028799999999998604
30,0.4858,0.028399999999999537
30,0.48600000000000004,0.027999999999998693
30,0.4862,0.027599999999999625
30,0.4864,0.02719999999999878
30,0.48660000000000003,0.026799999999999713
30,0.4868,0.02639999999999887
30,0.48700000000000004,0.0259999999999998
30,0.4872,0.025599999999998957
30,0.4874,0.02519999999999989
30,0.48760000000000003,0.024799999999999045
30,0.4878,0.024399999999999977
30,0.48800000000000004,0.023999999999999133
30,0.4882,0.023599999999999177
30,0.4884,0.02319999999999922
30,0.48860000000000003,0.022799999999998377
30,0.4888,0.02239999999999931
30,0.48900000000000005,0.021999999999998465
30,0.4892,0.021599999999999397
30,0.4894,0.021199999999998553
30,0.48960000000000004,0.020799999999999486
30,0.4898,0.02039999999999864
30,0.49000000000000005,0.019999999999999574
30,0.4902,0.01959999999999873
30,0.4904,0.019199999999999662
30,0.49060000000000004,0.018799999999998818
30,0.4908,0.01839999999999975
30,0.49100000000000005,0.017999999999998906
30,0.4912,0.017599999999999838
30,0.4914,0.017199999999998994
30,0.49160000000000004,0.016799999999999926
30,0.4918,0.016399999999999082
30,0.49200000000000005,0.015999999999999126
30,0.4922,0.01559999999999917
30,0.4924,0.015199999999999214
30,0.49260000000000004,0.014799999999999258
30,0.4928,0.014399999999998414
30,0.49300000000000005,0.013999999999999346
30,0.4932,0.013599999999998502
30,0.4934,0.013199999999999434
30,0.49360000000000004,0.01279999999999859
30,0.4938,0.012399999999999523
30,0.49400000000000005,0.011999999999998678
30,0.49420000000000003,0.01159999999999961
30,0.4944,0.011199999999998766
30,0.49460000000000004,0.010799999999999699
30,0.4948,0.010399999999998855
30,0.49500000000000005,0.009999999999999787
30,0.49520000000000003,0.009599999999998943
30,0.4954,0.009199999999999875
30,0.49560000000000004,0.00879999999999903
30,0.4958,0.008399999999998187
30,0.49600000000000005,0.007999999999999119
30,0.49620000000000003,0.007599999999999163
30,0.4964,0.007199999999999207
30,0.49660000000000004,0.006799999999998363
30,0.4968,0.006399999999999295
30,0.497,0.005999999999998451
30,0.49720000000000003,0.005599999999999383
30,0.4974,0.005199999999998539
30,0.49760000000000004,0.004799999999999471
30,0.4978,0.004399999999998627
30,0.498,0.0039999999999995595
30,0.49820000000000003,0.0035999999999987153
30,0.4984,0.0031999999999996476
30,0.49860000000000004,0.0027999999999988034
30,0.4988,0.0023999999999997357
30,0.499,0.0019999999999988916
