scenario,N,tau0,finesse_nominal,finesse_nominal_ceiling,finesse_actual,finesse_actual_ceiling,finesse_scale,finesse_relative_error,rho_nominal,rho_actual,reflectivity_nominal,reflectivity_actual,reflectivity_abs_error,rho_crosses_1p00,rho_crosses_1p05,rho_crosses_1p10,math_optimal_branches,geometry_engineering_branches,geometry_warning_branches,w0_experimental_ok_branches,w0_high_risk_branches,final_engineering_branches,geometry_warning_branch_list,w0_experimental_ok_branch_list,w0_high_risk_branch_list,final_branch_list,max_final_platform_width_L_mm,mean_final_platform_width_L_mm
CURRENT_PLATFORM,9,3.000000000000,28.350000000000,29,25.515000000000,26,0.900000000000,-0.100000000000,1.050000000000,0.945000000000,0.895155409059,0.884219769368,-0.010935639691,no,no,no,3,2,2,0,3,0,"2,4",-,"1,2,4",-,0.000000000,0.000000000
CURRENT_PLATFORM,9,3.000000000000,28.350000000000,29,26.932500000000,27,0.950000000000,-0.050000000000,1.050000000000,0.997500000000,0.895155409059,0.889958122936,-0.005197286123,no,no,no,3,2,2,0,3,0,"2,4",-,"1,2,4",-,0.000000000,0.000000000
CURRENT_PLATFORM,9,3.000000000000,28.350000000000,29,27.783000000000,28,0.980000000000,-0.020000000000,1.050000000000,1.029000000000,0.895155409059,0.893136439932,-0.002018969127,yes,no,no,3,2,2,0,3,1,"2,4",-,"1,2,4",2,0.109000920,0.109000920
CURRENT_PLATFORM,9,3.000000000000,28.350000000000,29,28.350000000000,29,1.000000000000,0.000000000000,1.050000000000,1.050000000000,0.895155409059,0.895155409059,0.000000000000,yes,yes,no,3,2,2,0,3,1,"2,4",-,"1,2,4",2,0.184183826,0.184183826
CURRENT_PLATFORM,9,3.000000000000,28.350000000000,29,28.917000000000,29,1.020000000000,0.020000000000,1.050000000000,1.071000000000,0.895155409059,0.897099621010,0.001944211951,yes,yes,no,3,2,2,0,3,2,"2,4",-,"1,2,4","2,4",0.256425185,0.190363331
CURRENT_PLATFORM,9,3.000000000000,28.350000000000,29,29.767500000000,30,1.050000000000,0.050000000000,1.050000000000,1.102500000000,0.895155409059,0.899884592717,0.004729183658,yes,yes,yes,3,2,2,0,3,2,"2,4",-,"1,2,4","2,4",0.359637395,0.266158846
CURRENT_PLATFORM,9,3.000000000000,28.350000000000,29,31.185000000000,32,1.100000000000,0.100000000000,1.050000000000,1.155000000000,0.895155409059,0.904206102975,0.009050693916,yes,yes,yes,3,2,2,0,3,2,"2,4",-,"1,2,4","2,4",0.519166938,0.382375136
CURRENT_PLATFORM,9,3.000000000000,29.700000000000,30,26.730000000000,27,0.900000000000,-0.100000000000,1.100000000000,0.990000000000,0.899669074269,0.889173367550,-0.010495706719,no,no,no,3,2,2,0,3,0,"2,4",-,"1,2,4",-,0.000000000,0.000000000
CURRENT_PLATFORM,9,3.000000000000,29.700000000000,30,28.215000000000,29,0.950000000000,-0.050000000000,1.100000000000,1.045000000000,0.899669074269,0.894681641616,-0.004987432653,yes,no,no,3,2,2,0,3,1,"2,4",-,"1,2,4",2,0.166556538,0.166556538
CURRENT_PLATFORM,9,3.000000000000,29.700000000000,30,29.106000000000,30,0.980000000000,-0.020000000000,1.100000000000,1.078000000000,0.899669074269,0.897731791035,-0.001937283234,yes,yes,no,3,2,2,0,3,2,"2,4",-,"1,2,4","2,4",0.279881495,0.207630582
CURRENT_PLATFORM,9,3.000000000000,29.700000000000,30,29.700000000000,30,1.000000000000,0.000000000000,1.100000000000,1.100000000000,0.899669074269,0.899669074269,0.000000000000,yes,yes,yes,3,2,2,0,3,2,"2,4",-,"1,2,4","2,4",0.351661512,0.260318587
CURRENT_PLATFORM,9,3.000000000000,29.700000000000,30,30.294000000000,31,1.020000000000,0.020000000000,1.100000000000,1.122000000000,0.899669074269,0.901534427646,0.001865353377,yes,yes,yes,3,2,2,0,3,2,"2,4",-,"1,2,4","2,4",0.420631433,0.310727099
CURRENT_PLATFORM,9,3.000000000000,29.700000000000,30,31.185000000000,32,1.050000000000,0.050000000000,1.100000000000,1.155000000000,0.899669074269,0.904206102975,0.004537028706,yes,yes,yes,3,2,2,0,3,2,"2,4",-,"1,2,4","2,4",0.519166938,0.382375136
CURRENT_PLATFORM,9,3.000000000000,29.700000000000,30,32.670000000000,33,1.100000000000,0.100000000000,1.100000000000,1.210000000000,0.899669074269,0.908351028751,0.008681954482,yes,yes,yes,3,2,2,0,3,2,"2,4",-,"1,2,4","2,4",0.671461908,0.492256703
CURRENT_PLATFORM,9,3.000000000000,31.050000000000,32,27.945000000000,28,0.900000000000,-0.100000000000,1.150000000000,1.035000000000,0.903810648856,0.893721166136,-0.010089482720,yes,no,no,3,2,2,0,3,1,"2,4",-,"1,2,4",2,0.130792282,0.130792282
CURRENT_PLATFORM,9,3.000000000000,31.050000000000,32,29.497500000000,30,0.950000000000,-0.050000000000,1.150000000000,1.092500000000,0.903810648856,0.899016923739,-0.004793725118,yes,yes,no,3,2,2,0,3,2,"2,4",-,"1,2,4","2,4",0.327515231,0.242620394
CURRENT_PLATFORM,9,3.000000000000,31.050000000000,32,30.429000000000,31,0.980000000000,-0.020000000000,1.150000000000,1.127000000000,0.903810648856,0.901948752487,-0.001861896369,yes,yes,yes,3,2,2,0,3,2,"2,4",-,"1,2,4","2,4",0.435931464,0.321880705
CURRENT_PLATFORM,9,3.000000000000,31.050000000000,32,31.050000000000,32,1.000000000000,0.000000000000,1.150000000000,1.150000000000,0.903810648856,0.903810648856,0.000000000000,yes,yes,yes,3,2,2,0,3,2,"2,4",-,"1,2,4","2,4",0.504600351,0.371810740
CURRENT_PLATFORM,9,3.000000000000,31.050000000000,32,31.671000000000,32,1.020000000000,0.020000000000,1.150000000000,1.173000000000,0.903810648856,0.905603241639,0.001792592783,yes,yes,yes,3,2,2,0,3,2,"2,4",-,"1,2,4","2,4",0.570579577,0.419586023
CURRENT_PLATFORM,9,3.000000000000,31.050000000000,32,32.602500000000,33,1.050000000000,0.050000000000,1.150000000000,1.207500000000,0.903810648856,0.908170410476,0.004359761620,yes,yes,yes,3,2,2,0,3,2,"2,4",-,"1,2,4","2,4",0.664840131,0.487500723
CURRENT_PLATFORM,9,3.000000000000,31.050000000000,32,34.155000000000,35,1.100000000000,0.100000000000,1.150000000000,1.265000000000,0.903810648856,0.912152518771,0.008341869915,yes,yes,yes,3,2,2,0,3,2,"2,4",-,"1,2,4","2,4",0.810522934,0.591679026
CURRENT_PLATFORM,9,3.000000000000,32.400000000000,33,29.160000000000,30,0.900000000000,-0.100000000000,1.200000000000,1.080000000000,0.907624264072,0.897910989039,-0.009713275034,yes,yes,no,3,2,2,0,3,2,"2,4",-,"1,2,4","2,4",0.286527562,0.212518591
CURRENT_PLATFORM,9,3.000000000000,32.400000000000,33,30.780000000000,31,0.950000000000,-0.050000000000,1.200000000000,1.140000000000,0.907624264072,0.903009877550,-0.004614386522,yes,yes,yes,3,2,2,0,3,2,"2,4",-,"1,2,4","2,4",0.475084325,0.350375134
CURRENT_PLATFORM,9,3.000000000000,32.400000000000,33,31.752000000000,32,0.980000000000,-0.020000000000,1.200000000000,1.176000000000,0.907624264072,0.905832150570,-0.001792113503,yes,yes,yes,3,2,2,0,3,2,"2,4",-,"1,2,4","2,4",0.578995497,0.425665913
CURRENT_PLATFORM,9,3.000000000000,32.400000000000,33,32.400000000000,33,1.000000000000,0.000000000000,1.200000000000,1.200000000000,0.907624264072,0.907624264072,0.000000000000,yes,yes,yes,3,2,2,0,3,2,"2,4",-,"1,2,4","2,4",0.644809378,0.473101973
CURRENT_PLATFORM,9,3.000000000000,32.400000000000,33,33.048000000000,34,1.020000000000,0.020000000000,1.200000000000,1.224000000000,0.907624264072,0.909349519281,0.001725255209,yes,yes,yes,3,2,2,0,3,2,"2,4",-,"1,2,4","2,4",0.708044316,0.518495855
CURRENT_PLATFORM,9,3.000000000000,32.400000000000,33,34.020000000000,35,1.050000000000,0.050000000000,1.200000000000,1.260000000000,0.907624264072,0.911819994993,0.004195730921,yes,yes,yes,3,2,2,0,3,2,"2,4",-,"1,2,4","2,4",0.798382463,0.583033847
CURRENT_PLATFORM,9,3.000000000000,32.400000000000,33,35.640000000000,36,1.100000000000,0.100000000000,1.200000000000,1.320000000000,0.907624264072,0.915651515011,0.008027250939,yes,yes,yes,3,2,2,0,3,2,"2,4",-,"1,2,4","2,4",0.937999115,0.682052689
CURRENT_PLATFORM,12,3.000000000000,37.800000000000,38,34.020000000000,35,0.900000000000,-0.100000000000,1.050000000000,0.945000000000,0.920271066136,0.911819994993,-0.008451071144,no,no,no,2,1,1,0,2,0,5,-,"1,5",-,0.000000000,0.000000000
CURRENT_PLATFORM,12,3.000000000000,37.800000000000,38,35.910000000000,36,0.950000000000,-0.050000000000,1.050000000000,0.997500000000,0.920271066136,0.916257994751,-0.004013071386,no,no,no,2,1,1,0,2,0,5,-,"1,5",-,0.000000000,0.000000000
CURRENT_PLATFORM,12,3.000000000000,37.800000000000,38,37.044000000000,38,0.980000000000,-0.020000000000,1.050000000000,1.029000000000,0.920271066136,0.918712850800,-0.001558215336,yes,no,no,2,1,1,0,2,0,5,-,"1,5",-,0.000000000,0.000000000
CURRENT_PLATFORM,12,3.000000000000,37.800000000000,38,37.800000000000,38,1.000000000000,0.000000000000,1.050000000000,1.050000000000,0.920271066136,0.920271066136,0.000000000000,yes,yes,no,2,1,1,0,2,0,5,-,"1,5",-,0.000000000,0.000000000
CURRENT_PLATFORM,12,3.000000000000,37.800000000000,38,38.556000000000,39,1.020000000000,0.020000000000,1.050000000000,1.071000000000,0.920271066136,0.921770716149,0.001499650013,yes,yes,no,2,1,1,0,2,0,5,-,"1,5",-,0.000000000,0.000000000
CURRENT_PLATFORM,12,3.000000000000,37.800000000000,38,39.690000000000,40,1.050000000000,0.050000000000,1.050000000000,1.102500000000,0.920271066136,0.923917399767,0.003646333630,yes,yes,yes,2,1,1,0,2,1,5,-,"1,5",5,0.104562656,0.104562656
CURRENT_PLATFORM,12,3.000000000000,37.800000000000,38,41.580000000000,42,1.100000000000,0.100000000000,1.050000000000,1.155000000000,0.920271066136,0.927245033413,0.006973967276,yes,yes,yes,2,1,1,0,2,1,5,-,"1,5",5,0.151090698,0.151090698
CURRENT_PLATFORM,12,3.000000000000,39.600000000000,40,35.640000000000,36,0.900000000000,-0.100000000000,1.100000000000,0.990000000000,0.923751338026,0.915651515011,-0.008099823015,no,no,no,2,1,1,0,2,0,5,-,"1,5",-,0.000000000,0.000000000
CURRENT_PLATFORM,12,3.000000000000,39.600000000000,40,37.620000000000,38,0.950000000000,-0.050000000000,1.100000000000,1.045000000000,0.923751338026,0.919905500951,-0.003845837075,yes,no,no,2,1,1,0,2,0,5,-,"1,5",-,0.000000000,0.000000000
CURRENT_PLATFORM,12,3.000000000000,39.600000000000,40,38.808000000000,39,0.980000000000,-0.020000000000,1.100000000000,1.078000000000,0.923751338026,0.922258151586,-0.001493186441,yes,yes,no,2,1,1,0,2,0,5,-,"1,5",-,0.000000000,0.000000000
CURRENT_PLATFORM,12,3.000000000000,39.600000000000,40,39.600000000000,40,1.000000000000,0.000000000000,1.100000000000,1.100000000000,0.923751338026,0.923751338026,0.000000000000,yes,yes,yes,2,1,1,0,2,1,5,-,"1,5",5,0.102238801,0.102238801
CURRENT_PLATFORM,12,3.000000000000,39.600000000000,40,40.392000000000,41,1.020000000000,0.020000000000,1.100000000000,1.122000000000,0.923751338026,0.925188290501,0.001436952475,yes,yes,yes,2,1,1,0,2,1,5,-,"1,5",5,0.122341340,0.122341340
CURRENT_PLATFORM,12,3.000000000000,39.600000000000,40,41.580000000000,42,1.050000000000,0.050000000000,1.100000000000,1.155000000000,0.923751338026,0.927245033413,0.003493695386,yes,yes,yes,2,1,1,0,2,1,5,-,"1,5",5,0.151090698,0.151090698
CURRENT_PLATFORM,12,3.000000000000,39.600000000000,40,43.560000000000,44,1.100000000000,0.100000000000,1.100000000000,1.210000000000,0.923751338026,0.930432802515,0.006681464488,yes,yes,yes,2,1,1,0,2,1,5,-,"1,5",5,0.195593940,0.195593940
CURRENT_PLATFORM,12,3.000000000000,41.400000000000,42,37.260000000000,38,0.900000000000,-0.100000000000,1.150000000000,1.035000000000,0.926940699914,0.919164229974,-0.007776469940,yes,no,no,2,1,1,0,2,0,5,-,"1,5",-,0.000000000,0.000000000
CURRENT_PLATFORM,12,3.000000000000,41.400000000000,42,39.330000000000,40,0.950000000000,-0.050000000000,1.150000000000,1.092500000000,0.926940699914,0.923248778309,-0.003691921605,yes,yes,no,2,1,1,0,2,0,5,-,"1,5",-,0.000000000,0.000000000
CURRENT_PLATFORM,12,3.000000000000,41.400000000000,42,40.572000000000,41,0.980000000000,-0.020000000000,1.150000000000,1.127000000000,0.926940699914,0.925507355310,-0.001433344604,yes,yes,yes,2,1,1,0,2,1,5,-,"1,5",5,0.126803103,0.126803103
CURRENT_PLATFORM,12,3.000000000000,41.400000000000,42,41.400000000000,42,1.000000000000,0.000000000000,1.150000000000,1.150000000000,0.926940699914,0.926940699914,0.000000000000,yes,yes,yes,2,1,1,0,2,1,5,-,"1,5",5,0.146838468,0.146838468
CURRENT_PLATFORM,12,3.000000000000,41.400000000000,42,42.228000000000,43,1.020000000000,0.020000000000,1.150000000000,1.173000000000,0.926940699914,0.928319965560,0.001379265646,yes,yes,yes,2,1,1,0,2,1,5,-,"1,5",5,0.166105000,0.166105000
CURRENT_PLATFORM,12,3.000000000000,41.400000000000,42,43.470000000000,44,1.050000000000,0.050000000000,1.150000000000,1.207500000000,0.926940699914,0.930293972071,0.003353272157,yes,yes,yes,2,1,1,0,2,1,5,-,"1,5",5,0.193657194,0.193657194
CURRENT_PLATFORM,12,3.000000000000,41.400000000000,42,45.540000000000,46,1.100000000000,0.100000000000,1.150000000000,1.265000000000,0.926940699914,0.933353117779,0.006412417865,yes,yes,yes,2,1,1,0,2,1,5,-,"1,5",5,0.236303680,0.236303680
CURRENT_PLATFORM,12,3.000000000000,43.200000000000,44,38.880000000000,39,0.900000000000,-0.100000000000,1.200000000000,1.080000000000,0.929874138355,0.922396306098,-0.007477832258,yes,yes,no,2,1,1,0,2,0,5,-,"1,5",-,0.000000000,0.000000000
CURRENT_PLATFORM,12,3.000000000000,43.200000000000,44,41.040000000000,42,0.950000000000,-0.050000000000,1.200000000000,1.140000000000,0.929874138355,0.926324336182,-0.003549802173,yes,yes,yes,2,1,1,0,2,1,5,-,"1,5",5,0.138224579,0.138224579
CURRENT_PLATFORM,12,3.000000000000,43.200000000000,44,42.336000000000,43,0.980000000000,-0.020000000000,1.200000000000,1.176000000000,0.929874138355,0.928496042579,-0.001378095777,yes,yes,yes,2,1,1,0,2,1,5,-,"1,5",5,0.168563652,0.168563652
CURRENT_PLATFORM,12,3.000000000000,43.200000000000,44,43.200000000000,44,1.000000000000,0.000000000000,1.200000000000,1.200000000000,0.929874138355,0.929874138355,0.000000000000,yes,yes,yes,2,1,1,0,2,1,5,-,"1,5",5,0.187799546,0.187799546
CURRENT_PLATFORM,12,3.000000000000,43.200000000000,44,44.064000000000,45,1.020000000000,0.020000000000,1.200000000000,1.224000000000,0.929874138355,0.931200152845,0.001326014490,yes,yes,yes,2,1,1,0,2,1,5,-,"1,5",5,0.206296485,0.206296485
CURRENT_PLATFORM,12,3.000000000000,43.200000000000,44,45.360000000000,46,1.050000000000,0.050000000000,1.200000000000,1.260000000000,0.929874138355,0.933097798471,0.003223660115,yes,yes,yes,2,1,1,0,2,1,5,-,"1,5",5,0.232746764,0.232746764
CURRENT_PLATFORM,12,3.000000000000,43.200000000000,44,47.520000000000,48,1.100000000000,0.100000000000,1.200000000000,1.320000000000,0.929874138355,0.936038264079,0.006164125724,yes,yes,yes,2,1,1,0,2,1,5,-,"1,5",5,0.273684551,0.273684551
CURRENT_PLATFORM,30,3.000000000000,94.500000000000,95,85.050000000000,86,0.900000000000,-0.100000000000,1.050000000000,0.945000000000,0.967303634912,0.963737730130,-0.003565904782,no,no,no,4,3,3,0,4,0,"7,11,13",-,"1,7,11,13",-,0.000000000,0.000000000
CURRENT_PLATFORM,30,3.000000000000,94.500000000000,95,89.775000000000,90,0.950000000000,-0.050000000000,1.050000000000,0.997500000000,0.967303634912,0.965612866018,-0.001690768894,no,no,no,4,3,3,0,4,0,"7,11,13",-,"1,7,11,13",-,0.000000000,0.000000000
CURRENT_PLATFORM,30,3.000000000000,94.500000000000,95,92.610000000000,93,0.980000000000,-0.020000000000,1.050000000000,1.029000000000,0.967303634912,0.966647676529,-0.000655958383,yes,no,no,4,3,3,0,4,0,"7,11,13",-,"1,7,11,13",-,0.000000000,0.000000000
CURRENT_PLATFORM,30,3.000000000000,94.500000000000,95,94.500000000000,95,1.000000000000,0.000000000000,1.050000000000,1.050000000000,0.967303634912,0.967303634912,0.000000000000,yes,yes,no,4,3,3,0,4,0,"7,11,13",-,"1,7,11,13",-,0.000000000,0.000000000
CURRENT_PLATFORM,30,3.000000000000,94.500000000000,95,96.390000000000,97,1.020000000000,0.020000000000,1.050000000000,1.071000000000,0.967303634912,0.967934292207,0.000630657295,yes,yes,no,4,3,3,0,4,0,"7,11,13",-,"1,7,11,13",-,0.000000000,0.000000000
CURRENT_PLATFORM,30,3.000000000000,94.500000000000,95,99.225000000000,100,1.050000000000,0.050000000000,1.050000000000,1.102500000000,0.967303634912,0.968835950324,0.001532315411,yes,yes,yes,4,3,3,0,4,0,"7,11,13",-,"1,7,11,13",-,0.000000000,0.000000000
CURRENT_PLATFORM,30,3.000000000000,94.500000000000,95,103.950000000000,104,1.100000000000,0.100000000000,1.050000000000,1.155000000000,0.967303634912,0.970231087337,0.002927452424,yes,yes,yes,4,3,3,0,4,0,"7,11,13",-,"1,7,11,13",-,0.000000000,0.000000000
CURRENT_PLATFORM,30,3.000000000000,99.000000000000,99,89.100000000000,90,0.900000000000,-0.100000000000,1.100000000000,0.990000000000,0.968766246569,0.965356949074,-0.003409297495,no,no,no,4,3,3,0,4,0,"7,11,13",-,"1,7,11,13",-,0.000000000,0.000000000
CURRENT_PLATFORM,30,3.000000000000,99.000000000000,99,94.050000000000,95,0.950000000000,-0.050000000000,1.100000000000,1.045000000000,0.968766246569,0.967149805356,-0.001616441212,yes,no,no,4,3,3,0,4,0,"7,11,13",-,"1,7,11,13",-,0.000000000,0.000000000
CURRENT_PLATFORM,30,3.000000000000,99.000000000000,99,97.020000000000,98,0.980000000000,-0.020000000000,1.100000000000,1.078000000000,0.968766246569,0.968139140200,-0.000627106369,yes,yes,no,4,3,3,0,4,0,"7,11,13",-,"1,7,11,13",-,0.000000000,0.000000000
CURRENT_PLATFORM,30,3.000000000000,99.000000000000,99,99.000000000000,99,1.000000000000,0.000000000000,1.100000000000,1.100000000000,0.968766246569,0.968766246569,0.000000000000,yes,yes,yes,4,3,3,0,4,0,"7,11,13",-,"1,7,11,13",-,0.000000000,0.000000000
CURRENT_PLATFORM,30,3.000000000000,99.000000000000,99,100.980000000000,101,1.020000000000,0.020000000000,1.100000000000,1.122000000000,0.968766246569,0.969369146188,0.000602899619,yes,yes,yes,4,3,3,0,4,0,"7,11,13",-,"1,7,11,13",-,0.000000000,0.000000000
CURRENT_PLATFORM,30,3.000000000000,99.000000000000,99,103.950000000000,104,1.050000000000,0.050000000000,1.100000000000,1.155000000000,0.968766246569,0.970231087337,0.001464840768,yes,yes,yes,4,3,3,0,4,0,"7,11,13",-,"1,7,11,13",-,0.000000000,0.000000000
CURRENT_PLATFORM,30,3.000000000000,99.000000000000,99,108.900000000000,109,1.100000000000,0.100000000000,1.100000000000,1.210000000000,0.968766246569,0.971564697292,0.002798450723,yes,yes,yes,4,3,3,0,4,0,"7,11,13",-,"1,7,11,13",-,0.000000000,0.000000000
CURRENT_PLATFORM,30,3.000000000000,103.500000000000,104,93.150000000000,94,0.900000000000,-0.100000000000,1.150000000000,1.035000000000,0.970103621323,0.966837763214,-0.003265858109,yes,no,no,4,3,3,0,4,0,"7,11,13",-,"1,7,11,13",-,0.000000000,0.000000000
CURRENT_PLATFORM,30,3.000000000000,103.500000000000,104,98.325000000000,99,0.950000000000,-0.050000000000,1.150000000000,1.092500000000,0.970103621323,0.968555252056,-0.001548369267,yes,yes,no,4,3,3,0,4,0,"7,11,13",-,"1,7,11,13",-,0.000000000,0.000000000
CURRENT_PLATFORM,30,3.000000000000,103.500000000000,104,101.430000000000,102,0.980000000000,-0.020000000000,1.150000000000,1.127000000000,0.970103621323,0.969502937357,-0.000600683965,yes,yes,yes,4,3,3,0,4,0,"7,11,13",-,"1,7,11,13",-,0.000000000,0.000000000
CURRENT_PLATFORM,30,3.000000000000,103.500000000000,104,103.500000000000,104,1.000000000000,0.000000000000,1.150000000000,1.150000000000,0.970103621323,0.970103621323,0.000000000000,yes,yes,yes,4,3,3,0,4,0,"7,11,13",-,"1,7,11,13",-,0.000000000,0.000000000
CURRENT_PLATFORM,30,3.000000000000,103.500000000000,104,105.570000000000,106,1.020000000000,0.020000000000,1.150000000000,1.173000000000,0.970103621323,0.970681102279,0.000577480956,yes,yes,yes,4,3,3,0,4,0,"7,11,13",-,"1,7,11,13",-,0.000000000,0.000000000
CURRENT_PLATFORM,30,3.000000000000,103.500000000000,104,108.675000000000,109,1.050000000000,0.050000000000,1.150000000000,1.207500000000,0.970103621323,0.971506675872,0.001403054549,yes,yes,yes,4,3,3,0,4,0,"7,11,13",-,"1,7,11,13",-,0.000000000,0.000000000
CURRENT_PLATFORM,30,3.000000000000,103.500000000000,104,113.850000000000,114,1.100000000000,0.100000000000,1.150000000000,1.265000000000,0.970103621323,0.972783953592,0.002680332269,yes,yes,yes,4,3,3,0,4,0,"7,11,13",-,"1,7,11,13",-,0.000000000,0.000000000
CURRENT_PLATFORM,30,3.000000000000,108.000000000000,108,97.200000000000,98,0.900000000000,-0.100000000000,1.200000000000,1.080000000000,0.971331182323,0.968197188410,-0.003133993913,yes,yes,no,4,3,3,0,4,0,"7,11,13",-,"1,7,11,13",-,0.000000000,0.000000000
CURRENT_PLATFORM,30,3.000000000000,108.000000000000,108,102.600000000000,103,0.950000000000,-0.050000000000,1.200000000000,1.140000000000,0.971331182323,0.969845386660,-0.001485795663,yes,yes,yes,4,3,3,0,4,0,"7,11,13",-,"1,7,11,13",-,0.000000000,0.000000000
CURRENT_PLATFORM,30,3.000000000000,108.000000000000,108,105.840000000000,106,0.980000000000,-0.020000000000,1.200000000000,1.176000000000,0.971331182323,0.970754785465,-0.000576396858,yes,yes,yes,4,3,3,0,4,0,"7,11,13",-,"1,7,11,13",-,0.000000000,0.000000000
CURRENT_PLATFORM,30,3.000000000000,108.000000000000,108,108.000000000000,108,1.000000000000,0.000000000000,1.200000000000,1.200000000000,0.971331182323,0.971331182323,0.000000000000,yes,yes,yes,4,3,3,0,4,0,"7,11,13",-,"1,7,11,13",-,0.000000000,0.000000000
CURRENT_PLATFORM,30,3.000000000000,108.000000000000,108,110.160000000000,111,1.020000000000,0.020000000000,1.200000000000,1.224000000000,0.971331182323,0.971885300100,0.000554117777,yes,yes,yes,4,3,3,0,4,0,"7,11,13",-,"1,7,11,13",-,0.000000000,0.000000000
CURRENT_PLATFORM,30,3.000000000000,108.000000000000,108,113.400000000000,114,1.050000000000,0.050000000000,1.200000000000,1.260000000000,0.971331182323,0.972677449223,0.001346266900,yes,yes,yes,4,3,3,0,4,0,"7,11,13",-,"1,7,11,13",-,0.000000000,0.000000000
CURRENT_PLATFORM,30,3.000000000000,108.000000000000,108,118.800000000000,119,1.100000000000,0.100000000000,1.200000000000,1.320000000000,0.971331182323,0.973902958593,0.002571776270,yes,yes,yes,4,3,3,0,4,0,"7,11,13",-,"1,7,11,13",-,0.000000000,0.000000000
CURRENT_PLATFORM,50,3.000000000000,157.500000000000,158,141.750000000000,142,0.900000000000,-0.100000000000,1.050000000000,0.945000000000,0.980251321813,0.978081325432,-0.002169996380,no,no,no,10,7,7,0,10,0,"7,9,11,13,17,19,21",-,"1,3,7,9,11,13,17,19,21,23",-,0.000000000,0.000000000
CURRENT_PLATFORM,50,3.000000000000,157.500000000000,158,149.625000000000,150,0.950000000000,-0.050000000000,1.050000000000,0.997500000000,0.980251321813,0.979222826157,-0.001028495656,no,no,no,10,7,7,0,10,0,"7,9,11,13,17,19,21",-,"1,3,7,9,11,13,17,19,21,23",-,0.000000000,0.000000000
CURRENT_PLATFORM,50,3.000000000000,157.500000000000,158,154.350000000000,155,0.980000000000,-0.020000000000,1.050000000000,1.029000000000,0.980251321813,0.979852388556,-0.000398933256,yes,no,no,10,7,7,0,10,0,"7,9,11,13,17,19,21",-,"1,3,7,9,11,13,17,19,21,23",-,0.000000000,0.000000000
CURRENT_PLATFORM,50,3.000000000000,157.500000000000,158,157.500000000000,158,1.000000000000,0.000000000000,1.050000000000,1.050000000000,0.980251321813,0.980251321813,0.000000000000,yes,yes,no,10,7,7,0,10,0,"7,9,11,13,17,19,21",-,"1,3,7,9,11,13,17,19,21,23",-,0.000000000,0.000000000
CURRENT_PLATFORM,50,3.000000000000,157.500000000000,158,160.650000000000,161,1.020000000000,0.020000000000,1.050000000000,1.071000000000,0.980251321813,0.980634764381,0.000383442568,yes,yes,no,10,7,7,0,10,0,"7,9,11,13,17,19,21",-,"1,3,7,9,11,13,17,19,21,23",-,0.000000000,0.000000000
CURRENT_PLATFORM,50,3.000000000000,157.500000000000,158,165.375000000000,166,1.050000000000,0.050000000000,1.050000000000,1.102500000000,0.980251321813,0.981182800950,0.000931479137,yes,yes,yes,10,7,7,0,10,0,"7,9,11,13,17,19,21",-,"1,3,7,9,11,13,17,19,21,23",-,0.000000000,0.000000000
CURRENT_PLATFORM,50,3.000000000000,157.500000000000,158,173.250000000000,174,1.100000000000,0.100000000000,1.050000000000,1.155000000000,0.980251321813,0.982030371890,0.001779050078,yes,yes,yes,10,7,7,0,10,0,"7,9,11,13,17,19,21",-,"1,3,7,9,11,13,17,19,21,23",-,0.000000000,0.000000000
CURRENT_PLATFORM,50,3.000000000000,165.000000000000,165,148.500000000000,149,0.900000000000,-0.100000000000,1.100000000000,0.990000000000,0.981140441700,0.979067088134,-0.002073353566,no,no,no,10,7,7,0,10,0,"7,9,11,13,17,19,21",-,"1,3,7,9,11,13,17,19,21,23",-,0.000000000,0.000000000
CURRENT_PLATFORM,50,3.000000000000,165.000000000000,165,156.750000000000,157,0.950000000000,-0.050000000000,1.100000000000,1.045000000000,0.981140441700,0.980157777359,-0.000982664341,yes,no,no,10,7,7,0,10,0,"7,9,11,13,17,19,21",-,"1,3,7,9,11,13,17,19,21,23",-,0.000000000,0.000000000
CURRENT_PLATFORM,50,3.000000000000,165.000000000000,165,161.700000000000,162,0.980000000000,-0.020000000000,1.100000000000,1.078000000000,0.981140441700,0.980759291132,-0.000381150569,yes,yes,no,10,7,7,0,10,0,"7,9,11,13,17,19,21",-,"1,3,7,9,11,13,17,19,21,23",-,0.000000000,0.000000000
CURRENT_PLATFORM,50,3.000000000000,165.000000000000,165,165.000000000000,165,1.000000000000,0.000000000000,1.100000000000,1.100000000000,0.981140441700,0.981140441700,0.000000000000,yes,yes,yes,10,7,7,0,10,0,"7,9,11,13,17,19,21",-,"1,3,7,9,11,13,17,19,21,23",-,0.000000000,0.000000000
CURRENT_PLATFORM,50,3.000000000000,165.000000000000,165,168.300000000000,169,1.020000000000,0.020000000000,1.100000000000,1.122000000000,0.981140441700,0.981506785378,0.000366343678,yes,yes,yes,10,7,7,0,10,0,"7,9,11,13,17,19,21",-,"1,3,7,9,11,13,17,19,21,23",-,0.000000000,0.000000000
CURRENT_PLATFORM,50,3.000000000000,165.000000000000,165,173.250000000000,174,1.050000000000,0.050000000000,1.100000000000,1.155000000000,0.981140441700,0.982030371890,0.000889930190,yes,yes,yes,10,7,7,0,10,0,"7,9,11,13,17,19,21",-,"1,3,7,9,11,13,17,19,21,23",-,0.000000000,0.000000000
CURRENT_PLATFORM,50,3.000000000000,165.000000000000,165,181.500000000000,182,1.100000000000,0.100000000000,1.100000000000,1.210000000000,0.981140441700,0.982840102962,0.001699661262,yes,yes,yes,10,7,7,0,10,0,"7,9,11,13,17,19,21",-,"1,3,7,9,11,13,17,19,21,23",-,0.000000000,0.000000000
CURRENT_PLATFORM,50,3.000000000000,172.500000000000,173,155.250000000000,156,0.900000000000,-0.100000000000,1.150000000000,1.035000000000,0.981952954475,0.979968004588,-0.001984949888,yes,no,no,10,7,7,0,10,0,"7,9,11,13,17,19,21",-,"1,3,7,9,11,13,17,19,21,23",-,0.000000000,0.000000000
CURRENT_PLATFORM,50,3.000000000000,172.500000000000,173,163.875000000000,164,0.950000000000,-0.050000000000,1.150000000000,1.092500000000,0.981952954475,0.981012211970,-0.000940742505,yes,yes,no,10,7,7,0,10,0,"7,9,11,13,17,19,21",-,"1,3,7,9,11,13,17,19,21,23",-,0.000000000,0.000000000
CURRENT_PLATFORM,50,3.000000000000,172.500000000000,173,169.050000000000,170,0.980000000000,-0.020000000000,1.150000000000,1.127000000000,0.981952954475,0.981588069235,-0.000364885241,yes,yes,yes,10,7,7,0,10,0,"7,9,11,13,17,19,21",-,"1,3,7,9,11,13,17,19,21,23",-,0.000000000,0.000000000
CURRENT_PLATFORM,50,3.000000000000,172.500000000000,173,172.500000000000,173,1.000000000000,0.000000000000,1.150000000000,1.150000000000,0.981952954475,0.981952954475,0.000000000000,yes,yes,yes,10,7,7,0,10,0,"7,9,11,13,17,19,21",-,"1,3,7,9,11,13,17,19,21,23",-,0.000000000,0.000000000
CURRENT_PLATFORM,50,3.000000000000,172.500000000000,173,175.950000000000,176,1.020000000000,0.020000000000,1.150000000000,1.173000000000,0.981952954475,0.982303658836,0.000350704361,yes,yes,yes,10,7,7,0,10,0,"7,9,11,13,17,19,21",-,"1,3,7,9,11,13,17,19,21,23",-,0.000000000,0.000000000
CURRENT_PLATFORM,50,3.000000000000,172.500000000000,173,181.125000000000,182,1.050000000000,0.050000000000,1.150000000000,1.207500000000,0.981952954475,0.982804883322,0.000851928847,yes,yes,yes,10,7,7,0,10,0,"7,9,11,13,17,19,21",-,"1,3,7,9,11,13,17,19,21,23",-,0.000000000,0.000000000
CURRENT_PLATFORM,50,3.000000000000,172.500000000000,173,189.750000000000,190,1.100000000000,0.100000000000,1.150000000000,1.265000000000,0.981952954475,0.983580008250,0.001627053775,yes,yes,yes,10,7,7,0,10,0,"7,9,11,13,17,19,21",-,"1,3,7,9,11,13,17,19,21,23",-,0.000000000,0.000000000
CURRENT_PLATFORM,50,3.000000000000,180.000000000000,180,162.000000000000,162,0.900000000000,-0.100000000000,1.200000000000,1.080000000000,0.982698351630,0.980794576600,-0.001903775031,yes,yes,no,10,7,7,0,10,0,"7,9,11,13,17,19,21",-,"1,3,7,9,11,13,17,19,21,23",-,0.000000000,0.000000000
CURRENT_PLATFORM,50,3.000000000000,180.000000000000,180,171.000000000000,171,0.950000000000,-0.050000000000,1.200000000000,1.140000000000,0.982698351630,0.981796101143,-0.000902250488,yes,yes,yes,10,7,7,0,10,0,"7,9,11,13,17,19,21",-,"1,3,7,9,11,13,17,19,21,23",-,0.000000000,0.000000000
CURRENT_PLATFORM,50,3.000000000000,180.000000000000,180,176.400000000000,177,0.980000000000,-0.020000000000,1.200000000000,1.176000000000,0.982698351630,0.982348400582,-0.000349951048,yes,yes,yes,10,7,7,0,10,0,"7,9,11,13,17,19,21",-,"1,3,7,9,11,13,17,19,21,23",-,0.000000000,0.000000000
CURRENT_PLATFORM,50,3.000000000000,180.000000000000,180,180.000000000000,180,1.000000000000,0.000000000000,1.200000000000,1.200000000000,0.982698351630,0.982698351630,0.000000000000,yes,yes,yes,10,7,7,0,10,0,"7,9,11,13,17,19,21",-,"1,3,7,9,11,13,17,19,21,23",-,0.000000000,0.000000000
CURRENT_PLATFORM,50,3.000000000000,180.000000000000,180,183.600000000000,184,1.020000000000,0.020000000000,1.200000000000,1.224000000000,0.982698351630,0.983034697049,0.000336345419,yes,yes,yes,10,7,7,0,10,0,"7,9,11,13,17,19,21",-,"1,3,7,9,11,13,17,19,21,23",-,0.000000000,0.000000000
CURRENT_PLATFORM,50,3.000000000000,180.000000000000,180,189.000000000000,189,1.050000000000,0.050000000000,1.200000000000,1.260000000000,0.982698351630,0.983515391065,0.000817039434,yes,yes,yes,10,7,7,0,10,0,"7,9,11,13,17,19,21",-,"1,3,7,9,11,13,17,19,21,23",-,0.000000000,0.000000000
CURRENT_PLATFORM,50,3.000000000000,180.000000000000,180,198.000000000000,198,1.100000000000,0.100000000000,1.200000000000,1.320000000000,0.982698351630,0.984258746108,0.001560394478,yes,yes,yes,10,7,7,0,10,1,"7,9,11,13,17,19,21",-,"1,3,7,9,11,13,17,19,21,23",17,0.114356021,0.114356021
CURRENT_PLATFORM,9,4.000000000000,37.800000000000,38,34.020000000000,35,0.900000000000,-0.100000000000,1.050000000000,0.945000000000,0.920271066136,0.911819994993,-0.008451071144,no,no,no,3,2,2,0,3,0,"2,4",-,"1,2,4",-,0.000000000,0.000000000
CURRENT_PLATFORM,9,4.000000000000,37.800000000000,38,35.910000000000,36,0.950000000000,-0.050000000000,1.050000000000,0.997500000000,0.920271066136,0.916257994751,-0.004013071386,no,no,no,3,2,2,0,3,0,"2,4",-,"1,2,4",-,0.000000000,0.000000000
CURRENT_PLATFORM,9,4.000000000000,37.800000000000,38,37.044000000000,38,0.980000000000,-0.020000000000,1.050000000000,1.029000000000,0.920271066136,0.918712850800,-0.001558215336,yes,no,no,3,2,2,0,3,1,"2,4",-,"1,2,4",2,0.109000920,0.109000920
CURRENT_PLATFORM,9,4.000000000000,37.800000000000,38,37.800000000000,38,1.000000000000,0.000000000000,1.050000000000,1.050000000000,0.920271066136,0.920271066136,0.000000000000,yes,yes,no,3,2,2,0,3,1,"2,4",-,"1,2,4",2,0.184183826,0.184183826
CURRENT_PLATFORM,9,4.000000000000,37.800000000000,38,38.556000000000,39,1.020000000000,0.020000000000,1.050000000000,1.071000000000,0.920271066136,0.921770716149,0.001499650013,yes,yes,no,3,2,2,0,3,2,"2,4",-,"1,2,4","2,4",0.256425185,0.190363331
CURRENT_PLATFORM,9,4.000000000000,37.800000000000,38,39.690000000000,40,1.050000000000,0.050000000000,1.050000000000,1.102500000000,0.920271066136,0.923917399767,0.003646333630,yes,yes,yes,3,2,2,0,3,2,"2,4",-,"1,2,4","2,4",0.359637395,0.266158846
CURRENT_PLATFORM,9,4.000000000000,37.800000000000,38,41.580000000000,42,1.100000000000,0.100000000000,1.050000000000,1.155000000000,0.920271066136,0.927245033413,0.006973967276,yes,yes,yes,3,2,2,0,3,2,"2,4",-,"1,2,4","2,4",0.519166938,0.382375136
CURRENT_PLATFORM,9,4.000000000000,39.600000000000,40,35.640000000000,36,0.900000000000,-0.100000000000,1.100000000000,0.990000000000,0.923751338026,0.915651515011,-0.008099823015,no,no,no,3,2,2,0,3,0,"2,4",-,"1,2,4",-,0.000000000,0.000000000
CURRENT_PLATFORM,9,4.000000000000,39.600000000000,40,37.620000000000,38,0.950000000000,-0.050000000000,1.100000000000,1.045000000000,0.923751338026,0.919905500951,-0.003845837075,yes,no,no,3,2,2,0,3,1,"2,4",-,"1,2,4",2,0.166556538,0.166556538
CURRENT_PLATFORM,9,4.000000000000,39.600000000000,40,38.808000000000,39,0.980000000000,-0.020000000000,1.100000000000,1.078000000000,0.923751338026,0.922258151586,-0.001493186441,yes,yes,no,3,2,2,0,3,2,"2,4",-,"1,2,4","2,4",0.279881495,0.207630582
CURRENT_PLATFORM,9,4.000000000000,39.600000000000,40,39.600000000000,40,1.000000000000,0.000000000000,1.100000000000,1.100000000000,0.923751338026,0.923751338026,0.000000000000,yes,yes,yes,3,2,2,0,3,2,"2,4",-,"1,2,4","2,4",0.351661512,0.260318587
CURRENT_PLATFORM,9,4.000000000000,39.600000000000,40,40.392000000000,41,1.020000000000,0.020000000000,1.100000000000,1.122000000000,0.923751338026,0.925188290501,0.001436952475,yes,yes,yes,3,2,2,0,3,2,"2,4",-,"1,2,4","2,4",0.420631433,0.310727099
CURRENT_PLATFORM,9,4.000000000000,39.600000000000,40,41.580000000000,42,1.050000000000,0.050000000000,1.100000000000,1.155000000000,0.923751338026,0.927245033413,0.003493695386,yes,yes,yes,3,2,2,0,3,2,"2,4",-,"1,2,4","2,4",0.519166938,0.382375136
CURRENT_PLATFORM,9,4.000000000000,39.600000000000,40,43.560000000000,44,1.100000000000,0.100000000000,1.100000000000,1.210000000000,0.923751338026,0.930432802515,0.006681464488,yes,yes,yes,3,2,2,0,3,2,"2,4",-,"1,2,4","2,4",0.671461908,0.492256703
CURRENT_PLATFORM,9,4.000000000000,41.400000000000,42,37.260000000000,38,0.900000000000,-0.100000000000,1.150000000000,1.035000000000,0.926940699914,0.919164229974,-0.007776469940,yes,no,no,3,2,2,0,3,1,"2,4",-,"1,2,4",2,0.130792282,0.130792282
CURRENT_PLATFORM,9,4.000000000000,41.400000000000,42,39.330000000000,40,0.950000000000,-0.050000000000,1.150000000000,1.092500000000,0.926940699914,0.923248778309,-0.003691921605,yes,yes,no,3,2,2,0,3,2,"2,4",-,"1,2,4","2,4",0.327515231,0.242620394
CURRENT_PLATFORM,9,4.000000000000,41.400000000000,42,40.572000000000,41,0.980000000000,-0.020000000000,1.150000000000,1.127000000000,0.926940699914,0.925507355310,-0.001433344604,yes,yes,yes,3,2,2,0,3,2,"2,4",-,"1,2,4","2,4",0.435931464,0.321880705
CURRENT_PLATFORM,9,4.000000000000,41.400000000000,42,41.400000000000,42,1.000000000000,0.000000000000,1.150000000000,1.150000000000,0.926940699914,0.926940699914,0.000000000000,yes,yes,yes,3,2,2,0,3,2,"2,4",-,"1,2,4","2,4",0.504600351,0.371810740
CURRENT_PLATFORM,9,4.000000000000,41.400000000000,42,42.228000000000,43,1.020000000000,0.020000000000,1.150000000000,1.173000000000,0.926940699914,0.928319965560,0.001379265646,yes,yes,yes,3,2,2,0,3,2,"2,4",-,"1,2,4","2,4",0.570579577,0.419586023
CURRENT_PLATFORM,9,4.000000000000,41.400000000000,42,43.470000000000,44,1.050000000000,0.050000000000,1.150000000000,1.207500000000,0.926940699914,0.930293972071,0.003353272157,yes,yes,yes,3,2,2,0,3,2,"2,4",-,"1,2,4","2,4",0.664840131,0.487500723
CURRENT_PLATFORM,9,4.000000000000,41.400000000000,42,45.540000000000,46,1.100000000000,0.100000000000,1.150000000000,1.265000000000,0.926940699914,0.933353117779,0.006412417865,yes,yes,yes,3,2,2,0,3,2,"2,4",-,"1,2,4","2,4",0.810522934,0.591679026
CURRENT_PLATFORM,9,4.000000000000,43.200000000000,44,38.880000000000,39,0.900000000000,-0.100000000000,1.200000000000,1.080000000000,0.929874138355,0.922396306098,-0.007477832258,yes,yes,no,3,2,2,0,3,2,"2,4",-,"1,2,4","2,4",0.286527562,0.212518591
CURRENT_PLATFORM,9,4.000000000000,43.200000000000,44,41.040000000000,42,0.950000000000,-0.050000000000,1.200000000000,1.140000000000,0.929874138355,0.926324336182,-0.003549802173,yes,yes,yes,3,2,2,0,3,2,"2,4",-,"1,2,4","2,4",0.475084325,0.350375134
CURRENT_PLATFORM,9,4.000000000000,43.200000000000,44,42.336000000000,43,0.980000000000,-0.020000000000,1.200000000000,1.176000000000,0.929874138355,0.928496042579,-0.001378095777,yes,yes,yes,3,2,2,0,3,2,"2,4",-,"1,2,4","2,4",0.578995497,0.425665913
CURRENT_PLATFORM,9,4.000000000000,43.200000000000,44,43.200000000000,44,1.000000000000,0.000000000000,1.200000000000,1.200000000000,0.929874138355,0.929874138355,0.000000000000,yes,yes,yes,3,2,2,0,3,2,"2,4",-,"1,2,4","2,4",0.644809378,0.473101973
CURRENT_PLATFORM,9,4.000000000000,43.200000000000,44,44.064000000000,45,1.020000000000,0.020000000000,1.200000000000,1.224000000000,0.929874138355,0.931200152845,0.001326014490,yes,yes,yes,3,2,2,0,3,2,"2,4",-,"1,2,4","2,4",0.708044316,0.518495855
CURRENT_PLATFORM,9,4.000000000000,43.200000000000,44,45.360000000000,46,1.050000000000,0.050000000000,1.200000000000,1.260000000000,0.929874138355,0.933097798471,0.003223660115,yes,yes,yes,3,2,2,0,3,2,"2,4",-,"1,2,4","2,4",0.798382463,0.583033847
CURRENT_PLATFORM,9,4.000000000000,43.200000000000,44,47.520000000000,48,1.100000000000,0.100000000000,1.200000000000,1.320000000000,0.929874138355,0.936038264079,0.006164125724,yes,yes,yes,3,2,2,0,3,2,"2,4",-,"1,2,4","2,4",0.937999115,0.682052689
CURRENT_PLATFORM,12,4.000000000000,50.400000000000,51,45.360000000000,46,0.900000000000,-0.100000000000,1.050000000000,0.945000000000,0.939579259038,0.933097798471,-0.006481460567,no,no,no,2,1,1,0,2,0,5,-,"1,5",-,0.000000000,0.000000000
CURRENT_PLATFORM,12,4.000000000000,50.400000000000,51,47.880000000000,48,0.950000000000,-0.050000000000,1.050000000000,0.997500000000,0.939579259038,0.936503408616,-0.003075850421,no,no,no,2,1,1,0,2,0,5,-,"1,5",-,0.000000000,0.000000000
CURRENT_PLATFORM,12,4.000000000000,50.400000000000,51,49.392000000000,50,0.980000000000,-0.020000000000,1.050000000000,1.029000000000,0.939579259038,0.938385365904,-0.001193893134,yes,no,no,2,1,1,0,2,0,5,-,"1,5",-,0.000000000,0.000000000
CURRENT_PLATFORM,12,4.000000000000,50.400000000000,51,50.400000000000,51,1.000000000000,0.000000000000,1.050000000000,1.050000000000,0.939579259038,0.939579259038,0.000000000000,yes,yes,no,2,1,1,0,2,0,5,-,"1,5",-,0.000000000,0.000000000
CURRENT_PLATFORM,12,4.000000000000,50.400000000000,51,51.408000000000,52,1.020000000000,0.020000000000,1.050000000000,1.071000000000,0.939579259038,0.940727785917,0.001148526879,yes,yes,no,2,1,1,0,2,0,5,-,"1,5",-,0.000000000,0.000000000
CURRENT_PLATFORM,12,4.000000000000,50.400000000000,51,52.920000000000,53,1.050000000000,0.050000000000,1.050000000000,1.102500000000,0.939579259038,0.942371011585,0.002791752547,yes,yes,yes,2,1,1,0,2,1,5,-,"1,5",5,0.104562656,0.104562656
CURRENT_PLATFORM,12,4.000000000000,50.400000000000,51,55.440000000000,56,1.100000000000,0.100000000000,1.050000000000,1.155000000000,0.939579259038,0.944916273243,0.005337014205,yes,yes,yes,2,1,1,0,2,1,5,-,"1,5",5,0.151090698,0.151090698
CURRENT_PLATFORM,12,4.000000000000,52.800000000000,53,47.520000000000,48,0.900000000000,-0.100000000000,1.100000000000,0.990000000000,0.942243931257,0.936038264079,-0.006205667177,no,no,no,2,1,1,0,2,0,5,-,"1,5",-,0.000000000,0.000000000
CURRENT_PLATFORM,12,4.000000000000,52.800000000000,53,50.160000000000,51,0.950000000000,-0.050000000000,1.100000000000,1.045000000000,0.942243931257,0.939299212694,-0.002944718563,yes,no,no,2,1,1,0,2,0,5,-,"1,5",-,0.000000000,0.000000000
CURRENT_PLATFORM,12,4.000000000000,52.800000000000,53,51.744000000000,52,0.980000000000,-0.020000000000,1.100000000000,1.078000000000,0.942243931257,0.941100990714,-0.001142940542,yes,yes,no,2,1,1,0,2,0,5,-,"1,5",-,0.000000000,0.000000000
CURRENT_PLATFORM,12,4.000000000000,52.800000000000,53,52.800000000000,53,1.000000000000,0.000000000000,1.100000000000,1.100000000000,0.942243931257,0.942243931257,0.000000000000,yes,yes,yes,2,1,1,0,2,1,5,-,"1,5",5,0.102238801,0.102238801
CURRENT_PLATFORM,12,4.000000000000,52.800000000000,53,53.856000000000,54,1.020000000000,0.020000000000,1.100000000000,1.122000000000,0.942243931257,0.943343377534,0.001099446277,yes,yes,yes,2,1,1,0,2,1,5,-,"1,5",5,0.122341340,0.122341340
CURRENT_PLATFORM,12,4.000000000000,52.800000000000,53,55.440000000000,56,1.050000000000,0.050000000000,1.100000000000,1.155000000000,0.942243931257,0.944916273243,0.002672341986,yes,yes,yes,2,1,1,0,2,1,5,-,"1,5",5,0.151090698,0.151090698
CURRENT_PLATFORM,12,4.000000000000,52.800000000000,53,58.080000000000,59,1.100000000000,0.100000000000,1.100000000000,1.210000000000,0.942243931257,0.947352344957,0.005108413700,yes,yes,yes,2,1,1,0,2,1,5,-,"1,5",5,0.195593940,0.195593940
CURRENT_PLATFORM,12,4.000000000000,55.200000000000,56,49.680000000000,50,0.900000000000,-0.100000000000,1.150000000000,1.035000000000,0.944683590777,0.938731263205,-0.005952327572,yes,no,no,2,1,1,0,2,0,5,-,"1,5",-,0.000000000,0.000000000
CURRENT_PLATFORM,12,4.000000000000,55.200000000000,56,52.440000000000,53,0.950000000000,-0.050000000000,1.150000000000,1.092500000000,0.944683590777,0.941859306674,-0.002824284103,yes,yes,no,2,1,1,0,2,0,5,-,"1,5",-,0.000000000,0.000000000
CURRENT_PLATFORM,12,4.000000000000,55.200000000000,56,54.096000000000,55,0.980000000000,-0.020000000000,1.150000000000,1.127000000000,0.944683590777,0.943587441699,-0.001096149079,yes,yes,yes,2,1,1,0,2,1,5,-,"1,5",5,0.126803103,0.126803103
CURRENT_PLATFORM,12,4.000000000000,55.200000000000,56,55.200000000000,56,1.000000000000,0.000000000000,1.150000000000,1.150000000000,0.944683590777,0.944683590777,0.000000000000,yes,yes,yes,2,1,1,0,2,1,5,-,"1,5",5,0.146838468,0.146838468
CURRENT_PLATFORM,12,4.000000000000,55.200000000000,56,56.304000000000,57,1.020000000000,0.020000000000,1.150000000000,1.173000000000,0.944683590777,0.945737970134,0.001054379357,yes,yes,yes,2,1,1,0,2,1,5,-,"1,5",5,0.166105000,0.166105000
CURRENT_PLATFORM,12,4.000000000000,55.200000000000,56,57.960000000000,58,1.050000000000,0.050000000000,1.150000000000,1.207500000000,0.944683590777,0.947246296524,0.002562705746,yes,yes,yes,2,1,1,0,2,1,5,-,"1,5",5,0.193657194,0.193657194
CURRENT_PLATFORM,12,4.000000000000,55.200000000000,56,60.720000000000,61,1.100000000000,0.100000000000,1.150000000000,1.265000000000,0.944683590777,0.949582143317,0.004898552539,yes,yes,yes,2,1,1,0,2,1,5,-,"1,5",5,0.236303680,0.236303680
CURRENT_PLATFORM,12,4.000000000000,57.600000000000,58,51.840000000000,52,0.900000000000,-0.100000000000,1.200000000000,1.080000000000,0.946925573258,0.941206759398,-0.005718813860,yes,yes,no,2,1,1,0,2,0,5,-,"1,5",-,0.000000000,0.000000000
CURRENT_PLATFORM,12,4.000000000000,57.600000000000,58,54.720000000000,55,0.950000000000,-0.050000000000,1.200000000000,1.140000000000,0.946925573258,0.944212280790,-0.002713292468,yes,yes,yes,2,1,1,0,2,1,5,-,"1,5",5,0.138224579,0.138224579
CURRENT_PLATFORM,12,4.000000000000,57.600000000000,58,56.448000000000,57,0.980000000000,-0.020000000000,1.200000000000,1.176000000000,0.946925573258,0.945872543081,-0.001053030177,yes,yes,yes,2,1,1,0,2,1,5,-,"1,5",5,0.168563652,0.168563652
CURRENT_PLATFORM,12,4.000000000000,57.600000000000,58,57.600000000000,58,1.000000000000,0.000000000000,1.200000000000,1.200000000000,0.946925573258,0.946925573258,0.000000000000,yes,yes,yes,2,1,1,0,2,1,5,-,"1,5",5,0.187799546,0.187799546
CURRENT_PLATFORM,12,4.000000000000,57.600000000000,58,58.752000000000,59,1.020000000000,0.020000000000,1.200000000000,1.224000000000,0.946925573258,0.947938427458,0.001012854200,yes,yes,yes,2,1,1,0,2,1,5,-,"1,5",5,0.206296485,0.206296485
CURRENT_PLATFORM,12,4.000000000000,57.600000000000,58,60.480000000000,61,1.050000000000,0.050000000000,1.200000000000,1.260000000000,0.946925573258,0.949387266718,0.002461693460,yes,yes,yes,2,1,1,0,2,1,5,-,"1,5",5,0.232746764,0.232746764
CURRENT_PLATFORM,12,4.000000000000,57.600000000000,58,63.360000000000,64,1.100000000000,0.100000000000,1.200000000000,1.320000000000,0.946925573258,0.951630795163,0.004705221905,yes,yes,yes,2,1,1,0,2,1,5,-,"1,5",5,0.273684551,0.273684551
CURRENT_PLATFORM,30,4.000000000000,126.000000000000,126,113.400000000000,114,0.900000000000,-0.100000000000,1.050000000000,0.945000000000,0.975375621621,0.972677449223,-0.002698172398,no,no,no,4,3,3,0,4,0,"7,11,13",-,"1,7,11,13",-,0.000000000,0.000000000
CURRENT_PLATFORM,30,4.000000000000,126.000000000000,126,119.700000000000,120,0.950000000000,-0.050000000000,1.050000000000,0.997500000000,0.975375621621,0.974096602116,-0.001279019505,no,no,no,4,3,3,0,4,0,"7,11,13",-,"1,7,11,13",-,0.000000000,0.000000000
CURRENT_PLATFORM,30,4.000000000000,126.000000000000,126,123.480000000000,124,0.980000000000,-0.020000000000,1.050000000000,1.029000000000,0.975375621621,0.974879474786,-0.000496146835,yes,no,no,4,3,3,0,4,0,"7,11,13",-,"1,7,11,13",-,0.000000000,0.000000000
CURRENT_PLATFORM,30,4.000000000000,126.000000000000,126,126.000000000000,126,1.000000000000,0.000000000000,1.050000000000,1.050000000000,0.975375621621,0.975375621621,0.000000000000,yes,yes,no,4,3,3,0,4,0,"7,11,13",-,"1,7,11,13",-,0.000000000,0.000000000
CURRENT_PLATFORM,30,4.000000000000,126.000000000000,126,128.520000000000,129,1.020000000000,0.020000000000,1.050000000000,1.071000000000,0.975375621621,0.975852551044,0.000476929424,yes,yes,no,4,3,3,0,4,0,"7,11,13",-,"1,7,11,13",-,0.000000000,0.000000000
CURRENT_PLATFORM,30,4.000000000000,126.000000000000,126,132.300000000000,133,1.050000000000,0.050000000000,1.050000000000,1.102500000000,0.975375621621,0.976534285825,0.001158664204,yes,yes,yes,4,3,3,0,4,0,"7,11,13",-,"1,7,11,13",-,0.000000000,0.000000000
CURRENT_PLATFORM,30,4.000000000000,126.000000000000,126,138.600000000000,139,1.100000000000,0.100000000000,1.050000000000,1.155000000000,0.975375621621,0.977588818378,0.002213196758,yes,yes,yes,4,3,3,0,4,0,"7,11,13",-,"1,7,11,13",-,0.000000000,0.000000000
CURRENT_PLATFORM,30,4.000000000000,132.000000000000,132,118.800000000000,119,0.900000000000,-0.100000000000,1.100000000000,0.990000000000,0.976481589243,0.973902958593,-0.002578630649,no,no,no,4,3,3,0,4,0,"7,11,13",-,"1,7,11,13",-,0.000000000,0.000000000
CURRENT_PLATFORM,30,4.000000000000,132.000000000000,132,125.400000000000,126,0.950000000000,-0.050000000000,1.100000000000,1.045000000000,0.976481589243,0.975259277316,-0.001222311926,yes,no,no,4,3,3,0,4,0,"7,11,13",-,"1,7,11,13",-,0.000000000,0.000000000
CURRENT_PLATFORM,30,4.000000000000,132.000000000000,132,129.360000000000,130,0.980000000000,-0.020000000000,1.100000000000,1.078000000000,0.976481589243,0.976007448711,-0.000474140531,yes,yes,no,4,3,3,0,4,0,"7,11,13",-,"1,7,11,13",-,0.000000000,0.000000000
CURRENT_PLATFORM,30,4.000000000000,132.000000000000,132,132.000000000000,132,1.000000000000,0.000000000000,1.100000000000,1.100000000000,0.976481589243,0.976481589243,0.000000000000,yes,yes,yes,4,3,3,0,4,0,"7,11,13",-,"1,7,11,13",-,0.000000000,0.000000000
CURRENT_PLATFORM,30,4.000000000000,132.000000000000,132,134.640000000000,135,1.020000000000,0.020000000000,1.100000000000,1.122000000000,0.976481589243,0.976937354281,0.000455765039,yes,yes,yes,4,3,3,0,4,0,"7,11,13",-,"1,7,11,13",-,0.000000000,0.000000000
CURRENT_PLATFORM,30,4.000000000000,132.000000000000,132,138.600000000000,139,1.050000000000,0.050000000000,1.100000000000,1.155000000000,0.976481589243,0.977588818378,0.001107229136,yes,yes,yes,4,3,3,0,4,0,"7,11,13",-,"1,7,11,13",-,0.000000000,0.000000000
CURRENT_PLATFORM,30,4.000000000000,132.000000000000,132,145.200000000000,146,1.100000000000,0.100000000000,1.100000000000,1.210000000000,0.976481589243,0.978596485941,0.002114896698,yes,yes,yes,4,3,3,0,4,0,"7,11,13",-,"1,7,11,13",-,0.000000000,0.000000000
CURRENT_PLATFORM,30,4.000000000000,138.000000000000,138,124.200000000000,125,0.900000000000,-0.100000000000,1.150000000000,1.035000000000,0.977492487477,0.975023259319,-0.002469228159,yes,no,no,4,3,3,0,4,0,"7,11,13",-,"1,7,11,13",-,0.000000000,0.000000000
CURRENT_PLATFORM,30,4.000000000000,138.000000000000,138,131.100000000000,132,0.950000000000,-0.050000000000,1.150000000000,1.092500000000,0.977492487477,0.976322069888,-0.001170417589,yes,yes,no,4,3,3,0,4,0,"7,11,13",-,"1,7,11,13",-,0.000000000,0.000000000
CURRENT_PLATFORM,30,4.000000000000,138.000000000000,138,135.240000000000,136,0.980000000000,-0.020000000000,1.150000000000,1.127000000000,0.977492487477,0.977038484659,-0.000454002819,yes,yes,yes,4,3,3,0,4,0,"7,11,13",-,"1,7,11,13",-,0.000000000,0.000000000
CURRENT_PLATFORM,30,4.000000000000,138.000000000000,138,138.000000000000,138,1.000000000000,0.000000000000,1.150000000000,1.150000000000,0.977492487477,0.977492487477,0.000000000000,yes,yes,yes,4,3,3,0,4,0,"7,11,13",-,"1,7,11,13",-,0.000000000,0.000000000
CURRENT_PLATFORM,30,4.000000000000,138.000000000000,138,140.760000000000,141,1.020000000000,0.020000000000,1.150000000000,1.173000000000,0.977492487477,0.977928886110,0.000436398632,yes,yes,yes,4,3,3,0,4,0,"7,11,13",-,"1,7,11,13",-,0.000000000,0.000000000
CURRENT_PLATFORM,30,4.000000000000,138.000000000000,138,144.900000000000,145,1.050000000000,0.050000000000,1.150000000000,1.207500000000,0.977492487477,0.978552652599,0.001060165121,yes,yes,yes,4,3,3,0,4,0,"7,11,13",-,"1,7,11,13",-,0.000000000,0.000000000
CURRENT_PLATFORM,30,4.000000000000,138.000000000000,138,151.800000000000,152,1.100000000000,0.100000000000,1.150000000000,1.265000000000,0.977492487477,0.979517442247,0.002024954770,yes,yes,yes,4,3,3,0,4,0,"7,11,13",-,"1,7,11,13",-,0.000000000,0.000000000
CURRENT_PLATFORM,30,4.000000000000,144.000000000000,144,129.600000000000,130,0.900000000000,-0.100000000000,1.200000000000,1.080000000000,0.978420068755,0.976051340881,-0.002368727875,yes,yes,no,4,3,3,0,4,0,"7,11,13",-,"1,7,11,13",-,0.000000000,0.000000000
CURRENT_PLATFORM,30,4.000000000000,144.000000000000,144,136.800000000000,137,0.950000000000,-0.050000000000,1.200000000000,1.140000000000,0.978420068755,0.977297319921,-0.001122748834,yes,yes,yes,4,3,3,0,4,0,"7,11,13",-,"1,7,11,13",-,0.000000000,0.000000000
CURRENT_PLATFORM,30,4.000000000000,144.000000000000,144,141.120000000000,142,0.980000000000,-0.020000000000,1.200000000000,1.176000000000,0.978420068755,0.977984563287,-0.000435505468,yes,yes,yes,4,3,3,0,4,0,"7,11,13",-,"1,7,11,13",-,0.000000000,0.000000000
CURRENT_PLATFORM,30,4.000000000000,144.000000000000,144,144.000000000000,144,1.000000000000,0.000000000000,1.200000000000,1.200000000000,0.978420068755,0.978420068755,0.000000000000,yes,yes,yes,4,3,3,0,4,0,"7,11,13",-,"1,7,11,13",-,0.000000000,0.000000000
CURRENT_PLATFORM,30,4.000000000000,144.000000000000,144,146.880000000000,147,1.020000000000,0.020000000000,1.200000000000,1.224000000000,0.978420068755,0.978838679249,0.000418610494,yes,yes,yes,4,3,3,0,4,0,"7,11,13",-,"1,7,11,13",-,0.000000000,0.000000000
CURRENT_PLATFORM,30,4.000000000000,144.000000000000,144,151.200000000000,152,1.050000000000,0.050000000000,1.200000000000,1.260000000000,0.978420068755,0.979437006600,0.001016937845,yes,yes,yes,4,3,3,0,4,0,"7,11,13",-,"1,7,11,13",-,0.000000000,0.000000000
CURRENT_PLATFORM,30,4.000000000000,144.000000000000,144,158.400000000000,159,1.100000000000,0.100000000000,1.200000000000,1.320000000000,0.978420068755,0.980362417504,0.001942348749,yes,yes,yes,4,3,3,0,4,0,"7,11,13",-,"1,7,11,13",-,0.000000000,0.000000000
CURRENT_PLATFORM,50,4.000000000000,210.000000000000,210,189.000000000000,189,0.900000000000,-0.100000000000,1.050000000000,0.945000000000,0.985151516759,0.983515391065,-0.001636125694,no,no,no,10,7,7,0,10,0,"7,9,11,13,17,19,21",-,"1,3,7,9,11,13,17,19,21,23",-,0.000000000,0.000000000
CURRENT_PLATFORM,50,4.000000000000,210.000000000000,210,199.500000000000,200,0.950000000000,-0.050000000000,1.050000000000,0.997500000000,0.985151516759,0.984376169512,-0.000775347247,no,no,no,10,7,7,0,10,0,"7,9,11,13,17,19,21",-,"1,3,7,9,11,13,17,19,21,23",-,0.000000000,0.000000000
CURRENT_PLATFORM,50,4.000000000000,210.000000000000,210,205.800000000000,206,0.980000000000,-0.020000000000,1.050000000000,1.029000000000,0.985151516759,0.984850799166,-0.000300717593,yes,no,no,10,7,7,0,10,0,"7,9,11,13,17,19,21",-,"1,3,7,9,11,13,17,19,21,23",-,0.000000000,0.000000000
CURRENT_PLATFORM,50,4.000000000000,210.000000000000,210,210.000000000000,210,1.000000000000,0.000000000000,1.050000000000,1.050000000000,0.985151516759,0.985151516759,0.000000000000,yes,yes,no,10,7,7,0,10,0,"7,9,11,13,17,19,21",-,"1,3,7,9,11,13,17,19,21,23",-,0.000000000,0.000000000
CURRENT_PLATFORM,50,4.000000000000,210.000000000000,210,214.200000000000,215,1.020000000000,0.020000000000,1.050000000000,1.071000000000,0.985151516759,0.985440528321,0.000289011561,yes,yes,no,10,7,7,0,10,0,"7,9,11,13,17,19,21",-,"1,3,7,9,11,13,17,19,21,23",-,0.000000000,0.000000000
CURRENT_PLATFORM,50,4.000000000000,210.000000000000,210,220.500000000000,221,1.050000000000,0.050000000000,1.050000000000,1.102500000000,0.985151516759,0.985853549602,0.000702032843,yes,yes,yes,10,7,7,0,10,0,"7,9,11,13,17,19,21",-,"1,3,7,9,11,13,17,19,21,23",-,0.000000000,0.000000000
CURRENT_PLATFORM,50,4.000000000000,210.000000000000,210,231.000000000000,231,1.100000000000,0.100000000000,1.050000000000,1.155000000000,0.985151516759,0.986492196944,0.001340680185,yes,yes,yes,10,7,7,0,10,0,"7,9,11,13,17,19,21",-,"1,3,7,9,11,13,17,19,21,23",-,0.000000000,0.000000000
CURRENT_PLATFORM,50,4.000000000000,220.000000000000,220,198.000000000000,198,0.900000000000,-0.100000000000,1.100000000000,0.990000000000,0.985821628129,0.984258746108,-0.001562882021,no,no,no,10,7,7,0,10,0,"7,9,11,13,17,19,21",-,"1,3,7,9,11,13,17,19,21,23",-,0.000000000,0.000000000
CURRENT_PLATFORM,50,4.000000000000,220.000000000000,220,209.000000000000,209,0.950000000000,-0.050000000000,1.100000000000,1.045000000000,0.985821628129,0.985081005321,-0.000740622808,yes,no,no,10,7,7,0,10,0,"7,9,11,13,17,19,21",-,"1,3,7,9,11,13,17,19,21,23",-,0.000000000,0.000000000
CURRENT_PLATFORM,50,4.000000000000,220.000000000000,220,215.600000000000,216,0.980000000000,-0.020000000000,1.100000000000,1.078000000000,0.985821628129,0.985534381542,-0.000287246587,yes,yes,no,10,7,7,0,10,0,"7,9,11,13,17,19,21",-,"1,3,7,9,11,13,17,19,21,23",-,0.000000000,0.000000000
CURRENT_PLATFORM,50,4.000000000000,220.000000000000,220,220.000000000000,220,1.000000000000,0.000000000000,1.100000000000,1.100000000000,0.985821628129,0.985821628129,0.000000000000,yes,yes,yes,10,7,7,0,10,0,"7,9,11,13,17,19,21",-,"1,3,7,9,11,13,17,19,21,23",-,0.000000000,0.000000000
CURRENT_PLATFORM,50,4.000000000000,220.000000000000,220,224.400000000000,225,1.020000000000,0.020000000000,1.100000000000,1.122000000000,0.985821628129,0.986097689286,0.000276061158,yes,yes,yes,10,7,7,0,10,0,"7,9,11,13,17,19,21",-,"1,3,7,9,11,13,17,19,21,23",-,0.000000000,0.000000000
CURRENT_PLATFORM,50,4.000000000000,220.000000000000,220,231.000000000000,231,1.050000000000,0.050000000000,1.100000000000,1.155000000000,0.985821628129,0.986492196944,0.000670568815,yes,yes,yes,10,7,7,0,10,0,"7,9,11,13,17,19,21",-,"1,3,7,9,11,13,17,19,21,23",-,0.000000000,0.000000000
CURRENT_PLATFORM,50,4.000000000000,220.000000000000,220,242.000000000000,242,1.100000000000,0.100000000000,1.100000000000,1.210000000000,0.985821628129,0.987102202113,0.001280573984,yes,yes,yes,10,7,7,0,10,0,"7,9,11,13,17,19,21",-,"1,3,7,9,11,13,17,19,21,23",-,0.000000000,0.000000000
CURRENT_PLATFORM,50,4.000000000000,230.000000000000,230,207.000000000000,207,0.900000000000,-0.100000000000,1.150000000000,1.035000000000,0.986433868447,0.984937954201,-0.001495914245,yes,no,no,10,7,7,0,10,0,"7,9,11,13,17,19,21",-,"1,3,7,9,11,13,17,19,21,23",-,0.000000000,0.000000000
CURRENT_PLATFORM,50,4.000000000000,230.000000000000,230,218.500000000000,219,0.950000000000,-0.050000000000,1.150000000000,1.092500000000,0.986433868447,0.985724993470,-0.000708874977,yes,yes,no,10,7,7,0,10,0,"7,9,11,13,17,19,21",-,"1,3,7,9,11,13,17,19,21,23",-,0.000000000,0.000000000
CURRENT_PLATFORM,50,4.000000000000,230.000000000000,230,225.400000000000,226,0.980000000000,-0.020000000000,1.150000000000,1.127000000000,0.986433868447,0.986158937855,-0.000274930592,yes,yes,yes,10,7,7,0,10,0,"7,9,11,13,17,19,21",-,"1,3,7,9,11,13,17,19,21,23",-,0.000000000,0.000000000
CURRENT_PLATFORM,50,4.000000000000,230.000000000000,230,230.000000000000,230,1.000000000000,0.000000000000,1.150000000000,1.150000000000,0.986433868447,0.986433868447,0.000000000000,yes,yes,yes,10,7,7,0,10,0,"7,9,11,13,17,19,21",-,"1,3,7,9,11,13,17,19,21,23",-,0.000000000,0.000000000
CURRENT_PLATFORM,50,4.000000000000,230.000000000000,230,234.600000000000,235,1.020000000000,0.020000000000,1.150000000000,1.173000000000,0.986433868447,0.986698089891,0.000264221444,yes,yes,yes,10,7,7,0,10,0,"7,9,11,13,17,19,21",-,"1,3,7,9,11,13,17,19,21,23",-,0.000000000,0.000000000
CURRENT_PLATFORM,50,4.000000000000,230.000000000000,230,241.500000000000,242,1.050000000000,0.050000000000,1.150000000000,1.207500000000,0.986433868447,0.987075672282,0.000641803835,yes,yes,yes,10,7,7,0,10,0,"7,9,11,13,17,19,21",-,"1,3,7,9,11,13,17,19,21,23",-,0.000000000,0.000000000
CURRENT_PLATFORM,50,4.000000000000,230.000000000000,230,253.000000000000,253,1.100000000000,0.100000000000,1.150000000000,1.265000000000,0.986433868447,0.987659493847,0.001225625401,yes,yes,yes,10,7,7,0,10,0,"7,9,11,13,17,19,21",-,"1,3,7,9,11,13,17,19,21,23",-,0.000000000,0.000000000
CURRENT_PLATFORM,50,4.000000000000,240.000000000000,240,216.000000000000,216,0.900000000000,-0.100000000000,1.200000000000,1.080000000000,0.986995423896,0.985560974919,-0.001434448977,yes,yes,no,10,7,7,0,10,0,"7,9,11,13,17,19,21",-,"1,3,7,9,11,13,17,19,21,23",-,0.000000000,0.000000000
CURRENT_PLATFORM,50,4.000000000000,240.000000000000,240,228.000000000000,228,0.950000000000,-0.050000000000,1.200000000000,1.140000000000,0.986995423896,0.986315687102,-0.000679736794,yes,yes,yes,10,7,7,0,10,0,"7,9,11,13,17,19,21",-,"1,3,7,9,11,13,17,19,21,23",-,0.000000000,0.000000000
CURRENT_PLATFORM,50,4.000000000000,240.000000000000,240,235.200000000000,236,0.980000000000,-0.020000000000,1.200000000000,1.176000000000,0.986995423896,0.986731796712,-0.000263627184,yes,yes,yes,10,7,7,0,10,0,"7,9,11,13,17,19,21",-,"1,3,7,9,11,13,17,19,21,23",-,0.000000000,0.000000000
CURRENT_PLATFORM,50,4.000000000000,240.000000000000,240,240.000000000000,240,1.000000000000,0.000000000000,1.200000000000,1.200000000000,0.986995423896,0.986995423896,0.000000000000,yes,yes,yes,10,7,7,0,10,0,"7,9,11,13,17,19,21",-,"1,3,7,9,11,13,17,19,21,23",-,0.000000000,0.000000000
CURRENT_PLATFORM,50,4.000000000000,240.000000000000,240,244.800000000000,245,1.020000000000,0.020000000000,1.200000000000,1.224000000000,0.986995423896,0.987248779321,0.000253355425,yes,yes,yes,10,7,7,0,10,0,"7,9,11,13,17,19,21",-,"1,3,7,9,11,13,17,19,21,23",-,0.000000000,0.000000000
CURRENT_PLATFORM,50,4.000000000000,240.000000000000,240,252.000000000000,252,1.050000000000,0.050000000000,1.200000000000,1.260000000000,0.986995423896,0.987610828823,0.000615404927,yes,yes,yes,10,7,7,0,10,0,"7,9,11,13,17,19,21",-,"1,3,7,9,11,13,17,19,21,23",-,0.000000000,0.000000000
CURRENT_PLATFORM,50,4.000000000000,240.000000000000,240,264.000000000000,264,1.100000000000,0.100000000000,1.200000000000,1.320000000000,0.986995423896,0.988170621855,0.001175197959,yes,yes,yes,10,7,7,0,10,1,"7,9,11,13,17,19,21",-,"1,3,7,9,11,13,17,19,21,23",17,0.114356021,0.114356021
CURRENT_PLATFORM,9,5.000000000000,47.250000000000,48,42.525000000000,43,0.900000000000,-0.100000000000,1.050000000000,0.945000000000,0.935684911299,0.928802106230,-0.006882805069,no,no,no,3,2,2,0,3,0,"2,4",-,"1,2,4",-,0.000000000,0.000000000
CURRENT_PLATFORM,9,5.000000000000,47.250000000000,48,44.887500000000,45,0.950000000000,-0.050000000000,1.050000000000,0.997500000000,0.935684911299,0.932418189369,-0.003266721930,no,no,no,3,2,2,0,3,0,"2,4",-,"1,2,4",-,0.000000000,0.000000000
CURRENT_PLATFORM,9,5.000000000000,47.250000000000,48,46.305000000000,47,0.980000000000,-0.020000000000,1.050000000000,1.029000000000,0.935684911299,0.934416843794,-0.001268067506,yes,no,no,3,2,2,0,3,1,"2,4",-,"1,2,4",2,0.109000920,0.109000920
CURRENT_PLATFORM,9,5.000000000000,47.250000000000,48,47.250000000000,48,1.000000000000,0.000000000000,1.050000000000,1.050000000000,0.935684911299,0.935684911299,0.000000000000,yes,yes,no,3,2,2,0,3,1,"2,4",-,"1,2,4",2,0.184183826,0.184183826
CURRENT_PLATFORM,9,5.000000000000,47.250000000000,48,48.195000000000,49,1.020000000000,0.020000000000,1.050000000000,1.071000000000,0.935684911299,0.936904898561,0.001219987262,yes,yes,no,3,2,2,0,3,2,"2,4",-,"1,2,4","2,4",0.256425185,0.190363331
CURRENT_PLATFORM,9,5.000000000000,47.250000000000,48,49.612500000000,50,1.050000000000,0.050000000000,1.050000000000,1.102500000000,0.935684911299,0.938650542251,0.002965630952,yes,yes,yes,3,2,2,0,3,2,"2,4",-,"1,2,4","2,4",0.359637395,0.266158846
CURRENT_PLATFORM,9,5.000000000000,47.250000000000,48,51.975000000000,52,1.100000000000,0.100000000000,1.050000000000,1.155000000000,0.935684911299,0.941354855828,0.005669944528,yes,yes,yes,3,2,2,0,3,2,"2,4",-,"1,2,4","2,4",0.519166938,0.382375136
CURRENT_PLATFORM,9,5.000000000000,49.500000000000,50,44.550000000000,45,0.900000000000,-0.100000000000,1.100000000000,0.990000000000,0.938515533873,0.931924244553,-0.006591289320,no,no,no,3,2,2,0,3,0,"2,4",-,"1,2,4",-,0.000000000,0.000000000
CURRENT_PLATFORM,9,5.000000000000,49.500000000000,50,47.025000000000,48,0.950000000000,-0.050000000000,1.100000000000,1.045000000000,0.938515533873,0.935387456244,-0.003128077629,yes,no,no,3,2,2,0,3,1,"2,4",-,"1,2,4",2,0.166556538,0.166556538
CURRENT_PLATFORM,9,5.000000000000,49.500000000000,50,48.510000000000,49,0.980000000000,-0.020000000000,1.100000000000,1.078000000000,0.938515533873,0.937301345886,-0.001214187986,yes,yes,no,3,2,2,0,3,2,"2,4",-,"1,2,4","2,4",0.279881495,0.207630582
CURRENT_PLATFORM,9,5.000000000000,49.500000000000,50,49.500000000000,50,1.000000000000,0.000000000000,1.100000000000,1.100000000000,0.938515533873,0.938515533873,0.000000000000,yes,yes,yes,3,2,2,0,3,2,"2,4",-,"1,2,4","2,4",0.351661512,0.260318587
CURRENT_PLATFORM,9,5.000000000000,49.500000000000,50,50.490000000000,51,1.020000000000,0.020000000000,1.100000000000,1.122000000000,0.938515533873,0.939683611707,0.001168077834,yes,yes,yes,3,2,2,0,3,2,"2,4",-,"1,2,4","2,4",0.420631433,0.310727099
CURRENT_PLATFORM,9,5.000000000000,49.500000000000,50,51.975000000000,52,1.050000000000,0.050000000000,1.100000000000,1.155000000000,0.938515533873,0.941354855828,0.002839321955,yes,yes,yes,3,2,2,0,3,2,"2,4",-,"1,2,4","2,4",0.519166938,0.382375136
CURRENT_PLATFORM,9,5.000000000000,49.500000000000,50,54.450000000000,55,1.100000000000,0.100000000000,1.100000000000,1.210000000000,0.938515533873,0.943943624035,0.005428090163,yes,yes,yes,3,2,2,0,3,2,"2,4",-,"1,2,4","2,4",0.671461908,0.492256703
CURRENT_PLATFORM,9,5.000000000000,51.750000000000,52,46.575000000000,47,0.900000000000,-0.100000000000,1.150000000000,1.035000000000,0.941107612400,0.934784219646,-0.006323392754,yes,no,no,3,2,2,0,3,1,"2,4",-,"1,2,4",2,0.130792282,0.130792282
CURRENT_PLATFORM,9,5.000000000000,51.750000000000,52,49.162500000000,50,0.950000000000,-0.050000000000,1.150000000000,1.092500000000,0.941107612400,0.938106921665,-0.003000690735,yes,yes,no,3,2,2,0,3,2,"2,4",-,"1,2,4","2,4",0.327515231,0.242620394
CURRENT_PLATFORM,9,5.000000000000,51.750000000000,52,50.715000000000,51,0.980000000000,-0.020000000000,1.150000000000,1.127000000000,0.941107612400,0.939942923946,-0.001164688454,yes,yes,yes,3,2,2,0,3,2,"2,4",-,"1,2,4","2,4",0.435931464,0.321880705
CURRENT_PLATFORM,9,5.000000000000,51.750000000000,52,51.750000000000,52,1.000000000000,0.000000000000,1.150000000000,1.150000000000,0.941107612400,0.941107612400,0.000000000000,yes,yes,yes,3,2,2,0,3,2,"2,4",-,"1,2,4","2,4",0.504600351,0.371810740
CURRENT_PLATFORM,9,5.000000000000,51.750000000000,52,52.785000000000,53,1.020000000000,0.020000000000,1.150000000000,1.173000000000,0.941107612400,0.942228006815,0.001120394416,yes,yes,yes,3,2,2,0,3,2,"2,4",-,"1,2,4","2,4",0.570579577,0.419586023
CURRENT_PLATFORM,9,5.000000000000,51.750000000000,52,54.337500000000,55,1.050000000000,0.050000000000,1.150000000000,1.207500000000,0.941107612400,0.943830918831,0.002723306431,yes,yes,yes,3,2,2,0,3,2,"2,4",-,"1,2,4","2,4",0.664840131,0.487500723
CURRENT_PLATFORM,9,5.000000000000,51.750000000000,52,56.925000000000,57,1.100000000000,0.100000000000,1.150000000000,1.265000000000,0.941107612400,0.946313589017,0.005205976617,yes,yes,yes,3,2,2,0,3,2,"2,4",-,"1,2,4","2,4",0.810522934,0.591679026
CURRENT_PLATFORM,9,5.000000000000,54.000000000000,54,48.600000000000,49,0.900000000000,-0.100000000000,1.200000000000,1.080000000000,0.943490068688,0.937413703618,-0.006076365070,yes,yes,no,3,2,2,0,3,2,"2,4",-,"1,2,4","2,4",0.286527562,0.212518591
CURRENT_PLATFORM,9,5.000000000000,54.000000000000,54,51.300000000000,52,0.950000000000,-0.050000000000,1.200000000000,1.140000000000,0.943490068688,0.940606821250,-0.002883247438,yes,yes,yes,3,2,2,0,3,2,"2,4",-,"1,2,4","2,4",0.475084325,0.350375134
CURRENT_PLATFORM,9,5.000000000000,54.000000000000,54,52.920000000000,53,0.980000000000,-0.020000000000,1.200000000000,1.176000000000,0.943490068688,0.942371011585,-0.001119057104,yes,yes,yes,3,2,2,0,3,2,"2,4",-,"1,2,4","2,4",0.578995497,0.425665913
CURRENT_PLATFORM,9,5.000000000000,54.000000000000,54,54.000000000000,54,1.000000000000,0.000000000000,1.200000000000,1.200000000000,0.943490068688,0.943490068688,0.000000000000,yes,yes,yes,3,2,2,0,3,2,"2,4",-,"1,2,4","2,4",0.644809378,0.473101973
CURRENT_PLATFORM,9,5.000000000000,54.000000000000,54,55.080000000000,56,1.020000000000,0.020000000000,1.200000000000,1.224000000000,0.943490068688,0.944566511127,0.001076442439,yes,yes,yes,3,2,2,0,3,2,"2,4",-,"1,2,4","2,4",0.708044316,0.518495855
CURRENT_PLATFORM,9,5.000000000000,54.000000000000,54,56.700000000000,57,1.050000000000,0.050000000000,1.200000000000,1.260000000000,0.943490068688,0.946106447145,0.002616378457,yes,yes,yes,3,2,2,0,3,2,"2,4",-,"1,2,4","2,4",0.798382463,0.583033847
CURRENT_PLATFORM,9,5.000000000000,54.000000000000,54,59.400000000000,60,1.100000000000,0.100000000000,1.200000000000,1.320000000000,0.943490068688,0.948491356064,0.005001287376,yes,yes,yes,3,2,2,0,3,2,"2,4",-,"1,2,4","2,4",0.937999115,0.682052689
CURRENT_PLATFORM,12,5.000000000000,63.000000000000,63,56.700000000000,57,0.900000000000,-0.100000000000,1.050000000000,0.945000000000,0.951361288534,0.946106447145,-0.005254841389,no,no,no,2,1,1,0,2,0,5,-,"1,5",-,0.000000000,0.000000000
CURRENT_PLATFORM,12,5.000000000000,63.000000000000,63,59.850000000000,60,0.950000000000,-0.050000000000,1.050000000000,0.997500000000,0.951361288534,0.948868477159,-0.002492811375,no,no,no,2,1,1,0,2,0,5,-,"1,5",-,0.000000000,0.000000000
CURRENT_PLATFORM,12,5.000000000000,63.000000000000,63,61.740000000000,62,0.980000000000,-0.020000000000,1.050000000000,1.029000000000,0.951361288534,0.950393901869,-0.000967386666,yes,no,no,2,1,1,0,2,0,5,-,"1,5",-,0.000000000,0.000000000
CURRENT_PLATFORM,12,5.000000000000,63.000000000000,63,63.000000000000,63,1.000000000000,0.000000000000,1.050000000000,1.050000000000,0.951361288534,0.951361288534,0.000000000000,yes,yes,no,2,1,1,0,2,0,5,-,"1,5",-,0.000000000,0.000000000
CURRENT_PLATFORM,12,5.000000000000,63.000000000000,63,64.260000000000,65,1.020000000000,0.020000000000,1.050000000000,1.071000000000,0.951361288534,0.952291677547,0.000930389013,yes,yes,no,2,1,1,0,2,0,5,-,"1,5",-,0.000000000,0.000000000
CURRENT_PLATFORM,12,5.000000000000,63.000000000000,63,66.150000000000,67,1.050000000000,0.050000000000,1.050000000000,1.102500000000,0.951361288534,0.953622402548,0.002261114014,yes,yes,yes,2,1,1,0,2,1,5,-,"1,5",5,0.104562656,0.104562656
CURRENT_PLATFORM,12,5.000000000000,63.000000000000,63,69.300000000000,70,1.100000000000,0.100000000000,1.050000000000,1.155000000000,0.951361288534,0.955682679373,0.004321390839,yes,yes,yes,2,1,1,0,2,1,5,-,"1,5",5,0.151090698,0.151090698
CURRENT_PLATFORM,12,5.000000000000,66.000000000000,66,59.400000000000,60,0.900000000000,-0.100000000000,1.100000000000,0.990000000000,0.953519506742,0.948491356064,-0.005028150678,no,no,no,2,1,1,0,2,0,5,-,"1,5",-,0.000000000,0.000000000
CURRENT_PLATFORM,12,5.000000000000,66.000000000000,66,62.700000000000,63,0.950000000000,-0.050000000000,1.100000000000,1.045000000000,0.953519506742,0.951134395522,-0.002385111220,yes,no,no,2,1,1,0,2,0,5,-,"1,5",-,0.000000000,0.000000000
CURRENT_PLATFORM,12,5.000000000000,66.000000000000,66,64.680000000000,65,0.980000000000,-0.020000000000,1.100000000000,1.078000000000,0.953519506742,0.952593949926,-0.000925556816,yes,yes,no,2,1,1,0,2,0,5,-,"1,5",-,0.000000000,0.000000000
CURRENT_PLATFORM,12,5.000000000000,66.000000000000,66,66.000000000000,66,1.000000000000,0.000000000000,1.100000000000,1.100000000000,0.953519506742,0.953519506742,0.000000000000,yes,yes,yes,2,1,1,0,2,1,5,-,"1,5",5,0.102238801,0.102238801
CURRENT_PLATFORM,12,5.000000000000,66.000000000000,66,67.320000000000,68,1.020000000000,0.020000000000,1.100000000000,1.122000000000,0.953519506742,0.954409624370,0.000890117628,yes,yes,yes,2,1,1,0,2,1,5,-,"1,5",5,0.122341340,0.122341340
CURRENT_PLATFORM,12,5.000000000000,66.000000000000,66,69.300000000000,70,1.050000000000,0.050000000000,1.100000000000,1.155000000000,0.953519506742,0.955682679373,0.002163172631,yes,yes,yes,2,1,1,0,2,1,5,-,"1,5",5,0.151090698,0.151090698
CURRENT_PLATFORM,12,5.000000000000,66.000000000000,66,72.600000000000,73,1.100000000000,0.100000000000,1.100000000000,1.210000000000,0.953519506742,0.957653506579,0.004133999836,yes,yes,yes,2,1,1,0,2,1,5,-,"1,5",5,0.195593940,0.195593940
CURRENT_PLATFORM,12,5.000000000000,69.000000000000,69,62.100000000000,63,0.900000000000,-0.100000000000,1.150000000000,1.035000000000,0.955494380506,0.950674201240,-0.004820179266,yes,no,no,2,1,1,0,2,0,5,-,"1,5",-,0.000000000,0.000000000
CURRENT_PLATFORM,12,5.000000000000,69.000000000000,69,65.550000000000,66,0.950000000000,-0.050000000000,1.150000000000,1.092500000000,0.955494380506,0.953208062296,-0.002286318209,yes,yes,no,2,1,1,0,2,0,5,-,"1,5",-,0.000000000,0.000000000
CURRENT_PLATFORM,12,5.000000000000,69.000000000000,69,67.620000000000,68,0.980000000000,-0.020000000000,1.150000000000,1.127000000000,0.955494380506,0.954607191160,-0.000887189346,yes,yes,yes,2,1,1,0,2,1,5,-,"1,5",5,0.126803103,0.126803103
CURRENT_PLATFORM,12,5.000000000000,69.000000000000,69,69.000000000000,69,1.000000000000,0.000000000000,1.150000000000,1.150000000000,0.955494380506,0.955494380506,0.000000000000,yes,yes,yes,2,1,1,0,2,1,5,-,"1,5",5,0.146838468,0.146838468
CURRENT_PLATFORM,12,5.000000000000,69.000000000000,69,70.380000000000,71,1.020000000000,0.020000000000,1.150000000000,1.173000000000,0.955494380506,0.956347563617,0.000853183111,yes,yes,yes,2,1,1,0,2,1,5,-,"1,5",5,0.166105000,0.166105000
CURRENT_PLATFORM,12,5.000000000000,69.000000000000,69,72.450000000000,73,1.050000000000,0.050000000000,1.150000000000,1.207500000000,0.955494380506,0.957567733058,0.002073352552,yes,yes,yes,2,1,1,0,2,1,5,-,"1,5",5,0.193657194,0.193657194
CURRENT_PLATFORM,12,5.000000000000,69.000000000000,69,75.900000000000,76,1.100000000000,0.100000000000,1.150000000000,1.265000000000,0.955494380506,0.959456545330,0.003962164825,yes,yes,yes,2,1,1,0,2,1,5,-,"1,5",5,0.236303680,0.236303680
CURRENT_PLATFORM,12,5.000000000000,72.000000000000,72,64.800000000000,65,0.900000000000,-0.100000000000,1.200000000000,1.080000000000,0.957308315433,0.952679611421,-0.004628704012,yes,yes,no,2,1,1,0,2,0,5,-,"1,5",-,0.000000000,0.000000000
CURRENT_PLATFORM,12,5.000000000000,72.000000000000,72,68.400000000000,69,0.950000000000,-0.050000000000,1.200000000000,1.140000000000,0.957308315433,0.955112942582,-0.002195372851,yes,yes,yes,2,1,1,0,2,1,5,-,"1,5",5,0.138224579,0.138224579
CURRENT_PLATFORM,12,5.000000000000,72.000000000000,72,70.560000000000,71,0.980000000000,-0.020000000000,1.200000000000,1.176000000000,0.957308315433,0.956456443377,-0.000851872056,yes,yes,yes,2,1,1,0,2,1,5,-,"1,5",5,0.168563652,0.168563652
CURRENT_PLATFORM,12,5.000000000000,72.000000000000,72,72.000000000000,72,1.000000000000,0.000000000000,1.200000000000,1.200000000000,0.957308315433,0.957308315433,0.000000000000,yes,yes,yes,2,1,1,0,2,1,5,-,"1,5",5,0.187799546,0.187799546
CURRENT_PLATFORM,12,5.000000000000,72.000000000000,72,73.440000000000,74,1.020000000000,0.020000000000,1.200000000000,1.224000000000,0.957308315433,0.958127503213,0.000819187780,yes,yes,yes,2,1,1,0,2,1,5,-,"1,5",5,0.206296485,0.206296485
CURRENT_PLATFORM,12,5.000000000000,72.000000000000,72,75.600000000000,76,1.050000000000,0.050000000000,1.200000000000,1.260000000000,0.957308315433,0.959299000611,0.001990685178,yes,yes,yes,2,1,1,0,2,1,5,-,"1,5",5,0.232746764,0.232746764
CURRENT_PLATFORM,12,5.000000000000,72.000000000000,72,79.200000000000,80,1.100000000000,0.100000000000,1.200000000000,1.320000000000,0.957308315433,0.961112343794,0.003804028361,yes,yes,yes,2,1,1,0,2,1,5,-,"1,5",5,0.273684551,0.273684551
CURRENT_PLATFORM,30,5.000000000000,157.500000000000,158,141.750000000000,142,0.900000000000,-0.100000000000,1.050000000000,0.945000000000,0.980251321813,0.978081325432,-0.002169996380,no,no,no,4,3,3,0,4,0,"7,11,13",-,"1,7,11,13",-,0.000000000,0.000000000
CURRENT_PLATFORM,30,5.000000000000,157.500000000000,158,149.625000000000,150,0.950000000000,-0.050000000000,1.050000000000,0.997500000000,0.980251321813,0.979222826157,-0.001028495656,no,no,no,4,3,3,0,4,0,"7,11,13",-,"1,7,11,13",-,0.000000000,0.000000000
CURRENT_PLATFORM,30,5.000000000000,157.500000000000,158,154.350000000000,155,0.980000000000,-0.020000000000,1.050000000000,1.029000000000,0.980251321813,0.979852388556,-0.000398933256,yes,no,no,4,3,3,0,4,0,"7,11,13",-,"1,7,11,13",-,0.000000000,0.000000000
CURRENT_PLATFORM,30,5.000000000000,157.500000000000,158,157.500000000000,158,1.000000000000,0.000000000000,1.050000000000,1.050000000000,0.980251321813,0.980251321813,0.000000000000,yes,yes,no,4,3,3,0,4,0,"7,11,13",-,"1,7,11,13",-,0.000000000,0.000000000
CURRENT_PLATFORM,30,5.000000000000,157.500000000000,158,160.650000000000,161,1.020000000000,0.020000000000,1.050000000000,1.071000000000,0.980251321813,0.980634764381,0.000383442568,yes,yes,no,4,3,3,0,4,0,"7,11,13",-,"1,7,11,13",-,0.000000000,0.000000000
CURRENT_PLATFORM,30,5.000000000000,157.500000000000,158,165.375000000000,166,1.050000000000,0.050000000000,1.050000000000,1.102500000000,0.980251321813,0.981182800950,0.000931479137,yes,yes,yes,4,3,3,0,4,0,"7,11,13",-,"1,7,11,13",-,0.000000000,0.000000000
CURRENT_PLATFORM,30,5.000000000000,157.500000000000,158,173.250000000000,174,1.100000000000,0.100000000000,1.050000000000,1.155000000000,0.980251321813,0.982030371890,0.001779050078,yes,yes,yes,4,3,3,0,4,0,"7,11,13",-,"1,7,11,13",-,0.000000000,0.000000000
CURRENT_PLATFORM,30,5.000000000000,165.000000000000,165,148.500000000000,149,0.900000000000,-0.100000000000,1.100000000000,0.990000000000,0.981140441700,0.979067088134,-0.002073353566,no,no,no,4,3,3,0,4,0,"7,11,13",-,"1,7,11,13",-,0.000000000,0.000000000
CURRENT_PLATFORM,30,5.000000000000,165.000000000000,165,156.750000000000,157,0.950000000000,-0.050000000000,1.100000000000,1.045000000000,0.981140441700,0.980157777359,-0.000982664341,yes,no,no,4,3,3,0,4,0,"7,11,13",-,"1,7,11,13",-,0.000000000,0.000000000
CURRENT_PLATFORM,30,5.000000000000,165.000000000000,165,161.700000000000,162,0.980000000000,-0.020000000000,1.100000000000,1.078000000000,0.981140441700,0.980759291132,-0.000381150569,yes,yes,no,4,3,3,0,4,0,"7,11,13",-,"1,7,11,13",-,0.000000000,0.000000000
CURRENT_PLATFORM,30,5.000000000000,165.000000000000,165,165.000000000000,165,1.000000000000,0.000000000000,1.100000000000,1.100000000000,0.981140441700,0.981140441700,0.000000000000,yes,yes,yes,4,3,3,0,4,0,"7,11,13",-,"1,7,11,13",-,0.000000000,0.000000000
CURRENT_PLATFORM,30,5.000000000000,165.000000000000,165,168.300000000000,169,1.020000000000,0.020000000000,1.100000000000,1.122000000000,0.981140441700,0.981506785378,0.000366343678,yes,yes,yes,4,3,3,0,4,0,"7,11,13",-,"1,7,11,13",-,0.000000000,0.000000000
CURRENT_PLATFORM,30,5.000000000000,165.000000000000,165,173.250000000000,174,1.050000000000,0.050000000000,1.100000000000,1.155000000000,0.981140441700,0.982030371890,0.000889930190,yes,yes,yes,4,3,3,0,4,0,"7,11,13",-,"1,7,11,13",-,0.000000000,0.000000000
CURRENT_PLATFORM,30,5.000000000000,165.000000000000,165,181.500000000000,182,1.100000000000,0.100000000000,1.100000000000,1.210000000000,0.981140441700,0.982840102962,0.001699661262,yes,yes,yes,4,3,3,0,4,0,"7,11,13",-,"1,7,11,13",-,0.000000000,0.000000000
CURRENT_PLATFORM,30,5.000000000000,172.500000000000,173,155.250000000000,156,0.900000000000,-0.100000000000,1.150000000000,1.035000000000,0.981952954475,0.979968004588,-0.001984949888,yes,no,no,4,3,3,0,4,0,"7,11,13",-,"1,7,11,13",-,0.000000000,0.000000000
CURRENT_PLATFORM,30,5.000000000000,172.500000000000,173,163.875000000000,164,0.950000000000,-0.050000000000,1.150000000000,1.092500000000,0.981952954475,0.981012211970,-0.000940742505,yes,yes,no,4,3,3,0,4,0,"7,11,13",-,"1,7,11,13",-,0.000000000,0.000000000
CURRENT_PLATFORM,30,5.000000000000,172.500000000000,173,169.050000000000,170,0.980000000000,-0.020000000000,1.150000000000,1.127000000000,0.981952954475,0.981588069235,-0.000364885241,yes,yes,yes,4,3,3,0,4,0,"7,11,13",-,"1,7,11,13",-,0.000000000,0.000000000
CURRENT_PLATFORM,30,5.000000000000,172.500000000000,173,172.500000000000,173,1.000000000000,0.000000000000,1.150000000000,1.150000000000,0.981952954475,0.981952954475,0.000000000000,yes,yes,yes,4,3,3,0,4,0,"7,11,13",-,"1,7,11,13",-,0.000000000,0.000000000
CURRENT_PLATFORM,30,5.000000000000,172.500000000000,173,175.950000000000,176,1.020000000000,0.020000000000,1.150000000000,1.173000000000,0.981952954475,0.982303658836,0.000350704361,yes,yes,yes,4,3,3,0,4,0,"7,11,13",-,"1,7,11,13",-,0.000000000,0.000000000
CURRENT_PLATFORM,30,5.000000000000,172.500000000000,173,181.125000000000,182,1.050000000000,0.050000000000,1.150000000000,1.207500000000,0.981952954475,0.982804883322,0.000851928847,yes,yes,yes,4,3,3,0,4,0,"7,11,13",-,"1,7,11,13",-,0.000000000,0.000000000
CURRENT_PLATFORM,30,5.000000000000,172.500000000000,173,189.750000000000,190,1.100000000000,0.100000000000,1.150000000000,1.265000000000,0.981952954475,0.983580008250,0.001627053775,yes,yes,yes,4,3,3,0,4,0,"7,11,13",-,"1,7,11,13",-,0.000000000,0.000000000
CURRENT_PLATFORM,30,5.000000000000,180.000000000000,180,162.000000000000,162,0.900000000000,-0.100000000000,1.200000000000,1.080000000000,0.982698351630,0.980794576600,-0.001903775031,yes,yes,no,4,3,3,0,4,0,"7,11,13",-,"1,7,11,13",-,0.000000000,0.000000000
CURRENT_PLATFORM,30,5.000000000000,180.000000000000,180,171.000000000000,171,0.950000000000,-0.050000000000,1.200000000000,1.140000000000,0.982698351630,0.981796101143,-0.000902250488,yes,yes,yes,4,3,3,0,4,0,"7,11,13",-,"1,7,11,13",-,0.000000000,0.000000000
CURRENT_PLATFORM,30,5.000000000000,180.000000000000,180,176.400000000000,177,0.980000000000,-0.020000000000,1.200000000000,1.176000000000,0.982698351630,0.982348400582,-0.000349951048,yes,yes,yes,4,3,3,0,4,0,"7,11,13",-,"1,7,11,13",-,0.000000000,0.000000000
CURRENT_PLATFORM,30,5.000000000000,180.000000000000,180,180.000000000000,180,1.000000000000,0.000000000000,1.200000000000,1.200000000000,0.982698351630,0.982698351630,0.000000000000,yes,yes,yes,4,3,3,0,4,0,"7,11,13",-,"1,7,11,13",-,0.000000000,0.000000000
CURRENT_PLATFORM,30,5.000000000000,180.000000000000,180,183.600000000000,184,1.020000000000,0.020000000000,1.200000000000,1.224000000000,0.982698351630,0.983034697049,0.000336345419,yes,yes,yes,4,3,3,0,4,0,"7,11,13",-,"1,7,11,13",-,0.000000000,0.000000000
CURRENT_PLATFORM,30,5.000000000000,180.000000000000,180,189.000000000000,189,1.050000000000,0.050000000000,1.200000000000,1.260000000000,0.982698351630,0.983515391065,0.000817039434,yes,yes,yes,4,3,3,0,4,0,"7,11,13",-,"1,7,11,13",-,0.000000000,0.000000000
CURRENT_PLATFORM,30,5.000000000000,180.000000000000,180,198.000000000000,198,1.100000000000,0.100000000000,1.200000000000,1.320000000000,0.982698351630,0.984258746108,0.001560394478,yes,yes,yes,4,3,3,0,4,0,"7,11,13",-,"1,7,11,13",-,0.000000000,0.000000000
CURRENT_PLATFORM,50,5.000000000000,262.500000000000,263,236.250000000000,237,0.900000000000,-0.100000000000,1.050000000000,0.945000000000,0.988103429890,0.986790374425,-0.001313055466,no,no,no,10,7,7,0,10,0,"7,9,11,13,17,19,21",-,"1,3,7,9,11,13,17,19,21,23",-,0.000000000,0.000000000
CURRENT_PLATFORM,50,5.000000000000,262.500000000000,263,249.375000000000,250,0.950000000000,-0.050000000000,1.050000000000,0.997500000000,0.988103429890,0.987481237910,-0.000622191980,no,no,no,10,7,7,0,10,0,"7,9,11,13,17,19,21",-,"1,3,7,9,11,13,17,19,21,23",-,0.000000000,0.000000000
CURRENT_PLATFORM,50,5.000000000000,262.500000000000,263,257.250000000000,258,0.980000000000,-0.020000000000,1.050000000000,1.029000000000,0.988103429890,0.987862125112,-0.000241304778,yes,no,no,10,7,7,0,10,0,"7,9,11,13,17,19,21",-,"1,3,7,9,11,13,17,19,21,23",-,0.000000000,0.000000000
CURRENT_PLATFORM,50,5.000000000000,262.500000000000,263,262.500000000000,263,1.000000000000,0.000000000000,1.050000000000,1.050000000000,0.988103429890,0.988103429890,0.000000000000,yes,yes,no,10,7,7,0,10,0,"7,9,11,13,17,19,21",-,"1,3,7,9,11,13,17,19,21,23",-,0.000000000,0.000000000
CURRENT_PLATFORM,50,5.000000000000,262.500000000000,263,267.750000000000,268,1.020000000000,0.020000000000,1.050000000000,1.071000000000,0.988103429890,0.988335327423,0.000231897533,yes,yes,no,10,7,7,0,10,0,"7,9,11,13,17,19,21",-,"1,3,7,9,11,13,17,19,21,23",-,0.000000000,0.000000000
CURRENT_PLATFORM,50,5.000000000000,262.500000000000,263,275.625000000000,276,1.050000000000,0.050000000000,1.050000000000,1.102500000000,0.988103429890,0.988666704302,0.000563274412,yes,yes,yes,10,7,7,0,10,0,"7,9,11,13,17,19,21",-,"1,3,7,9,11,13,17,19,21,23",-,0.000000000,0.000000000
CURRENT_PLATFORM,50,5.000000000000,262.500000000000,263,288.750000000000,289,1.100000000000,0.100000000000,1.050000000000,1.155000000000,0.988103429890,0.989179051378,0.001075621488,yes,yes,yes,10,7,7,0,10,0,"7,9,11,13,17,19,21",-,"1,3,7,9,11,13,17,19,21,23",-,0.000000000,0.000000000
CURRENT_PLATFORM,50,5.000000000000,275.000000000000,275,247.500000000000,248,0.900000000000,-0.100000000000,1.100000000000,0.990000000000,0.988641093935,0.987387000687,-0.001254093247,no,no,no,10,7,7,0,10,0,"7,9,11,13,17,19,21",-,"1,3,7,9,11,13,17,19,21,23",-,0.000000000,0.000000000
CURRENT_PLATFORM,50,5.000000000000,275.000000000000,275,261.250000000000,262,0.950000000000,-0.050000000000,1.100000000000,1.045000000000,0.988641093935,0.988046850738,-0.000594243197,yes,no,no,10,7,7,0,10,0,"7,9,11,13,17,19,21",-,"1,3,7,9,11,13,17,19,21,23",-,0.000000000,0.000000000
CURRENT_PLATFORM,50,5.000000000000,275.000000000000,275,269.500000000000,270,0.980000000000,-0.020000000000,1.100000000000,1.078000000000,0.988641093935,0.988410630568,-0.000230463367,yes,yes,no,10,7,7,0,10,0,"7,9,11,13,17,19,21",-,"1,3,7,9,11,13,17,19,21,23",-,0.000000000,0.000000000
CURRENT_PLATFORM,50,5.000000000000,275.000000000000,275,275.000000000000,275,1.000000000000,0.000000000000,1.100000000000,1.100000000000,0.988641093935,0.988641093935,0.000000000000,yes,yes,yes,10,7,7,0,10,0,"7,9,11,13,17,19,21",-,"1,3,7,9,11,13,17,19,21,23",-,0.000000000,0.000000000
CURRENT_PLATFORM,50,5.000000000000,275.000000000000,275,280.500000000000,281,1.020000000000,0.020000000000,1.100000000000,1.122000000000,0.988641093935,0.988862570284,0.000221476349,yes,yes,yes,10,7,7,0,10,0,"7,9,11,13,17,19,21",-,"1,3,7,9,11,13,17,19,21,23",-,0.000000000,0.000000000
CURRENT_PLATFORM,50,5.000000000000,275.000000000000,275,288.750000000000,289,1.050000000000,0.050000000000,1.100000000000,1.155000000000,0.988641093935,0.989179051378,0.000537957444,yes,yes,yes,10,7,7,0,10,0,"7,9,11,13,17,19,21",-,"1,3,7,9,11,13,17,19,21,23",-,0.000000000,0.000000000
CURRENT_PLATFORM,50,5.000000000000,275.000000000000,275,302.500000000000,303,1.100000000000,0.100000000000,1.100000000000,1.210000000000,0.988641093935,0.989668358304,0.001027264369,yes,yes,yes,10,7,7,0,10,0,"7,9,11,13,17,19,21",-,"1,3,7,9,11,13,17,19,21,23",-,0.000000000,0.000000000
CURRENT_PLATFORM,50,5.000000000000,287.500000000000,288,258.750000000000,259,0.900000000000,-0.100000000000,1.150000000000,1.035000000000,0.989132260820,0.987932062442,-0.001200198378,yes,no,no,10,7,7,0,10,0,"7,9,11,13,17,19,21",-,"1,3,7,9,11,13,17,19,21,23",-,0.000000000,0.000000000
CURRENT_PLATFORM,50,5.000000000000,287.500000000000,288,273.125000000000,274,0.950000000000,-0.050000000000,1.150000000000,1.092500000000,0.989132260820,0.988563563630,-0.000568697190,yes,yes,no,10,7,7,0,10,0,"7,9,11,13,17,19,21",-,"1,3,7,9,11,13,17,19,21,23",-,0.000000000,0.000000000
CURRENT_PLATFORM,50,5.000000000000,287.500000000000,288,281.750000000000,282,0.980000000000,-0.020000000000,1.150000000000,1.127000000000,0.989132260820,0.988911706651,-0.000220554169,yes,yes,yes,10,7,7,0,10,0,"7,9,11,13,17,19,21",-,"1,3,7,9,11,13,17,19,21,23",-,0.000000000,0.000000000
CURRENT_PLATFORM,50,5.000000000000,287.500000000000,288,287.500000000000,288,1.000000000000,0.000000000000,1.150000000000,1.150000000000,0.989132260820,0.989132260820,0.000000000000,yes,yes,yes,10,7,7,0,10,0,"7,9,11,13,17,19,21",-,"1,3,7,9,11,13,17,19,21,23",-,0.000000000,0.000000000
CURRENT_PLATFORM,50,5.000000000000,287.500000000000,288,293.250000000000,294,1.020000000000,0.020000000000,1.150000000000,1.173000000000,0.989132260820,0.989344212266,0.000211951446,yes,yes,yes,10,7,7,0,10,0,"7,9,11,13,17,19,21",-,"1,3,7,9,11,13,17,19,21,23",-,0.000000000,0.000000000
CURRENT_PLATFORM,50,5.000000000000,287.500000000000,288,301.875000000000,302,1.050000000000,0.050000000000,1.150000000000,1.207500000000,0.989132260820,0.989647079045,0.000514818225,yes,yes,yes,10,7,7,0,10,0,"7,9,11,13,17,19,21",-,"1,3,7,9,11,13,17,19,21,23",-,0.000000000,0.000000000
CURRENT_PLATFORM,50,5.000000000000,287.500000000000,288,316.250000000000,317,1.100000000000,0.100000000000,1.150000000000,1.265000000000,0.989132260820,0.990115328733,0.000983067913,yes,yes,yes,10,7,7,0,10,0,"7,9,11,13,17,19,21",-,"1,3,7,9,11,13,17,19,21,23",-,0.000000000,0.000000000
CURRENT_PLATFORM,50,5.000000000000,300.000000000000,300,270.000000000000,270,0.900000000000,-0.100000000000,1.200000000000,1.080000000000,0.989582712077,0.988431967505,-0.001150744572,yes,yes,no,10,7,7,0,10,0,"7,9,11,13,17,19,21",-,"1,3,7,9,11,13,17,19,21,23",-,0.000000000,0.000000000
CURRENT_PLATFORM,50,5.000000000000,300.000000000000,300,285.000000000000,285,0.950000000000,-0.050000000000,1.200000000000,1.140000000000,0.989582712077,0.989037455177,-0.000545256900,yes,yes,yes,10,7,7,0,10,0,"7,9,11,13,17,19,21",-,"1,3,7,9,11,13,17,19,21,23",-,0.000000000,0.000000000
CURRENT_PLATFORM,50,5.000000000000,300.000000000000,300,294.000000000000,294,0.980000000000,-0.020000000000,1.200000000000,1.176000000000,0.989582712077,0.989371250164,-0.000211461913,yes,yes,yes,10,7,7,0,10,0,"7,9,11,13,17,19,21",-,"1,3,7,9,11,13,17,19,21,23",-,0.000000000,0.000000000
CURRENT_PLATFORM,50,5.000000000000,300.000000000000,300,300.000000000000,300,1.000000000000,0.000000000000,1.200000000000,1.200000000000,0.989582712077,0.989582712077,0.000000000000,yes,yes,yes,10,7,7,0,10,0,"7,9,11,13,17,19,21",-,"1,3,7,9,11,13,17,19,21,23",-,0.000000000,0.000000000
CURRENT_PLATFORM,50,5.000000000000,300.000000000000,300,306.000000000000,306,1.020000000000,0.020000000000,1.200000000000,1.224000000000,0.989582712077,0.989785924050,0.000203211973,yes,yes,yes,10,7,7,0,10,0,"7,9,11,13,17,19,21",-,"1,3,7,9,11,13,17,19,21,23",-,0.000000000,0.000000000
CURRENT_PLATFORM,50,5.000000000000,300.000000000000,300,315.000000000000,315,1.050000000000,0.050000000000,1.200000000000,1.260000000000,0.989582712077,0.990076299444,0.000493587367,yes,yes,yes,10,7,7,0,10,0,"7,9,11,13,17,19,21",-,"1,3,7,9,11,13,17,19,21,23",-,0.000000000,0.000000000
CURRENT_PLATFORM,50,5.000000000000,300.000000000000,300,330.000000000000,330,1.100000000000,0.100000000000,1.200000000000,1.320000000000,0.989582712077,0.990525229401,0.000942517324,yes,yes,yes,10,7,7,0,10,1,"7,9,11,13,17,19,21",-,"1,3,7,9,11,13,17,19,21,23",17,0.114356021,0.114356021
CURRENT_PLATFORM,9,6.000000000000,56.700000000000,57,51.030000000000,52,0.900000000000,-0.100000000000,1.050000000000,0.945000000000,0.946106447145,0.940302239464,-0.005804207681,no,no,no,3,2,2,0,3,0,"2,4",-,"1,2,4",-,0.000000000,0.000000000
CURRENT_PLATFORM,9,6.000000000000,56.700000000000,57,53.865000000000,54,0.950000000000,-0.050000000000,1.050000000000,0.997500000000,0.946106447145,0.943352568030,-0.002753879116,no,no,no,3,2,2,0,3,0,"2,4",-,"1,2,4",-,0.000000000,0.000000000
CURRENT_PLATFORM,9,6.000000000000,56.700000000000,57,55.566000000000,56,0.980000000000,-0.020000000000,1.050000000000,1.029000000000,0.946106447145,0.945037649971,-0.001068797174,yes,no,no,3,2,2,0,3,1,"2,4",-,"1,2,4",2,0.109000920,0.109000920
CURRENT_PLATFORM,9,6.000000000000,56.700000000000,57,56.700000000000,57,1.000000000000,0.000000000000,1.050000000000,1.050000000000,0.946106447145,0.946106447145,0.000000000000,yes,yes,no,3,2,2,0,3,1,"2,4",-,"1,2,4",2,0.184183826,0.184183826
CURRENT_PLATFORM,9,6.000000000000,56.700000000000,57,57.834000000000,58,1.020000000000,0.020000000000,1.050000000000,1.071000000000,0.946106447145,0.947134485065,0.001028037919,yes,yes,no,3,2,2,0,3,2,"2,4",-,"1,2,4","2,4",0.256425185,0.190363331
CURRENT_PLATFORM,9,6.000000000000,56.700000000000,57,59.535000000000,60,1.050000000000,0.050000000000,1.050000000000,1.102500000000,0.946106447145,0.948605075002,0.002498627856,yes,yes,yes,3,2,2,0,3,2,"2,4",-,"1,2,4","2,4",0.359637395,0.266158846
CURRENT_PLATFORM,9,6.000000000000,56.700000000000,57,62.370000000000,63,1.100000000000,0.100000000000,1.050000000000,1.155000000000,0.946106447145,0.950882356434,0.004775909288,yes,yes,yes,3,2,2,0,3,2,"2,4",-,"1,2,4","2,4",0.519166938,0.382375136
CURRENT_PLATFORM,9,6.000000000000,59.400000000000,60,53.460000000000,54,0.900000000000,-0.100000000000,1.100000000000,0.990000000000,0.948491356064,0.942936023509,-0.005555332555,no,no,no,3,2,2,0,3,0,"2,4",-,"1,2,4",-,0.000000000,0.000000000
CURRENT_PLATFORM,9,6.000000000000,59.400000000000,60,56.430000000000,57,0.950000000000,-0.050000000000,1.100000000000,1.045000000000,0.948491356064,0.945855757964,-0.002635598100,yes,no,no,3,2,2,0,3,1,"2,4",-,"1,2,4",2,0.166556538,0.166556538
CURRENT_PLATFORM,9,6.000000000000,59.400000000000,60,58.212000000000,59,0.980000000000,-0.020000000000,1.100000000000,1.078000000000,0.948491356064,0.947468507047,-0.001022849017,yes,yes,no,3,2,2,0,3,2,"2,4",-,"1,2,4","2,4",0.279881495,0.207630582
CURRENT_PLATFORM,9,6.000000000000,59.400000000000,60,59.400000000000,60,1.000000000000,0.000000000000,1.100000000000,1.100000000000,0.948491356064,0.948491356064,0.000000000000,yes,yes,yes,3,2,2,0,3,2,"2,4",-,"1,2,4","2,4",0.351661512,0.260318587
CURRENT_PLATFORM,9,6.000000000000,59.400000000000,60,60.588000000000,61,1.020000000000,0.020000000000,1.100000000000,1.122000000000,0.948491356064,0.949475147227,0.000983791163,yes,yes,yes,3,2,2,0,3,2,"2,4",-,"1,2,4","2,4",0.420631433,0.310727099
CURRENT_PLATFORM,9,6.000000000000,59.400000000000,60,62.370000000000,63,1.050000000000,0.050000000000,1.100000000000,1.155000000000,0.948491356064,0.950882356434,0.002391000370,yes,yes,yes,3,2,2,0,3,2,"2,4",-,"1,2,4","2,4",0.519166938,0.382375136
CURRENT_PLATFORM,9,6.000000000000,59.400000000000,60,65.340000000000,66,1.100000000000,0.100000000000,1.100000000000,1.210000000000,0.948491356064,0.953061289168,0.004569933104,yes,yes,yes,3,2,2,0,3,2,"2,4",-,"1,2,4","2,4",0.671461908,0.492256703
CURRENT_PLATFORM,9,6.000000000000,62.100000000000,63,55.890000000000,56,0.900000000000,-0.100000000000,1.150000000000,1.035000000000,0.950674201240,0.945347320187,-0.005326881053,yes,no,no,3,2,2,0,3,1,"2,4",-,"1,2,4",2,0.130792282,0.130792282
CURRENT_PLATFORM,9,6.000000000000,62.100000000000,63,58.995000000000,59,0.950000000000,-0.050000000000,1.150000000000,1.092500000000,0.950674201240,0.948147160739,-0.002527040501,yes,yes,no,3,2,2,0,3,2,"2,4",-,"1,2,4","2,4",0.327515231,0.242620394
CURRENT_PLATFORM,9,6.000000000000,62.100000000000,63,60.858000000000,61,0.980000000000,-0.020000000000,1.150000000000,1.127000000000,0.950674201240,0.949693519565,-0.000980681675,yes,yes,yes,3,2,2,0,3,2,"2,4",-,"1,2,4","2,4",0.435931464,0.321880705
CURRENT_PLATFORM,9,6.000000000000,62.100000000000,63,62.100000000000,63,1.000000000000,0.000000000000,1.150000000000,1.150000000000,0.950674201240,0.950674201240,0.000000000000,yes,yes,yes,3,2,2,0,3,2,"2,4",-,"1,2,4","2,4",0.504600351,0.371810740
CURRENT_PLATFORM,9,6.000000000000,62.100000000000,63,63.342000000000,64,1.020000000000,0.020000000000,1.150000000000,1.173000000000,0.950674201240,0.951617390763,0.000943189523,yes,yes,yes,3,2,2,0,3,2,"2,4",-,"1,2,4","2,4",0.570579577,0.419586023
CURRENT_PLATFORM,9,6.000000000000,62.100000000000,63,65.205000000000,66,1.050000000000,0.050000000000,1.150000000000,1.207500000000,0.950674201240,0.952966447953,0.002292246713,yes,yes,yes,3,2,2,0,3,2,"2,4",-,"1,2,4","2,4",0.664840131,0.487500723
CURRENT_PLATFORM,9,6.000000000000,62.100000000000,63,68.310000000000,69,1.100000000000,0.100000000000,1.150000000000,1.265000000000,0.950674201240,0.955055162394,0.004380961155,yes,yes,yes,3,2,2,0,3,2,"2,4",-,"1,2,4","2,4",0.810522934,0.591679026
CURRENT_PLATFORM,9,6.000000000000,64.800000000000,65,58.320000000000,59,0.900000000000,-0.100000000000,1.200000000000,1.080000000000,0.952679611421,0.947563168313,-0.005116443108,yes,yes,no,3,2,2,0,3,2,"2,4",-,"1,2,4","2,4",0.286527562,0.212518591
CURRENT_PLATFORM,9,6.000000000000,64.800000000000,65,61.560000000000,62,0.950000000000,-0.050000000000,1.200000000000,1.140000000000,0.952679611421,0.950252554555,-0.002427056866,yes,yes,yes,3,2,2,0,3,2,"2,4",-,"1,2,4","2,4",0.475084325,0.350375134
CURRENT_PLATFORM,9,6.000000000000,64.800000000000,65,63.504000000000,64,0.980000000000,-0.020000000000,1.200000000000,1.176000000000,0.952679611421,0.951737763659,-0.000941847762,yes,yes,yes,3,2,2,0,3,2,"2,4",-,"1,2,4","2,4",0.578995497,0.425665913
CURRENT_PLATFORM,9,6.000000000000,64.800000000000,65,64.800000000000,65,1.000000000000,0.000000000000,1.200000000000,1.200000000000,0.952679611421,0.952679611421,0.000000000000,yes,yes,yes,3,2,2,0,3,2,"2,4",-,"1,2,4","2,4",0.644809378,0.473101973
CURRENT_PLATFORM,9,6.000000000000,64.800000000000,65,66.096000000000,67,1.020000000000,0.020000000000,1.200000000000,1.224000000000,0.952679611421,0.953585412566,0.000905801145,yes,yes,yes,3,2,2,0,3,2,"2,4",-,"1,2,4","2,4",0.708044316,0.518495855
CURRENT_PLATFORM,9,6.000000000000,64.800000000000,65,68.040000000000,69,1.050000000000,0.050000000000,1.200000000000,1.260000000000,0.952679611421,0.954880926096,0.002201314675,yes,yes,yes,3,2,2,0,3,2,"2,4",-,"1,2,4","2,4",0.798382463,0.583033847
CURRENT_PLATFORM,9,6.000000000000,64.800000000000,65,71.280000000000,72,1.100000000000,0.100000000000,1.200000000000,1.320000000000,0.952679611421,0.956886585956,0.004206974535,yes,yes,yes,3,2,2,0,3,2,"2,4",-,"1,2,4","2,4",0.937999115,0.682052689
CURRENT_PLATFORM,12,6.000000000000,75.600000000000,76,68.040000000000,69,0.900000000000,-0.100000000000,1.050000000000,0.945000000000,0.959299000611,0.954880926096,-0.004418074515,no,no,no,2,1,1,0,2,0,5,-,"1,5",-,0.000000000,0.000000000
CURRENT_PLATFORM,12,6.000000000000,75.600000000000,76,71.820000000000,72,0.950000000000,-0.050000000000,1.050000000000,0.997500000000,0.959299000611,0.957203658264,-0.002095342346,no,no,no,2,1,1,0,2,0,5,-,"1,5",-,0.000000000,0.000000000
CURRENT_PLATFORM,12,6.000000000000,75.600000000000,76,74.088000000000,75,0.980000000000,-0.020000000000,1.050000000000,1.029000000000,0.959299000611,0.958485971238,-0.000813029373,yes,no,no,2,1,1,0,2,0,5,-,"1,5",-,0.000000000,0.000000000
CURRENT_PLATFORM,12,6.000000000000,75.600000000000,76,75.600000000000,76,1.000000000000,0.000000000000,1.050000000000,1.050000000000,0.959299000611,0.959299000611,0.000000000000,yes,yes,no,2,1,1,0,2,0,5,-,"1,5",-,0.000000000,0.000000000
CURRENT_PLATFORM,12,6.000000000000,75.600000000000,76,77.112000000000,78,1.020000000000,0.020000000000,1.050000000000,1.071000000000,0.959299000611,0.960080802836,0.000781802225,yes,yes,no,2,1,1,0,2,0,5,-,"1,5",-,0.000000000,0.000000000
CURRENT_PLATFORM,12,6.000000000000,75.600000000000,76,79.380000000000,80,1.050000000000,0.050000000000,1.050000000000,1.102500000000,0.959299000611,0.961198779777,0.001899779167,yes,yes,yes,2,1,1,0,2,1,5,-,"1,5",5,0.104562656,0.104562656
CURRENT_PLATFORM,12,6.000000000000,75.600000000000,76,83.160000000000,84,1.100000000000,0.100000000000,1.050000000000,1.155000000000,0.959299000611,0.962929148752,0.003630148141,yes,yes,yes,2,1,1,0,2,1,5,-,"1,5",5,0.151090698,0.151090698
CURRENT_PLATFORM,12,6.000000000000,79.200000000000,80,71.280000000000,72,0.900000000000,-0.100000000000,1.100000000000,0.990000000000,0.961112343794,0.956886585956,-0.004225757838,no,no,no,2,1,1,0,2,0,5,-,"1,5",-,0.000000000,0.000000000
CURRENT_PLATFORM,12,6.000000000000,79.200000000000,80,75.240000000000,76,0.950000000000,-0.050000000000,1.100000000000,1.045000000000,0.961112343794,0.959108323552,-0.002004020242,yes,no,no,2,1,1,0,2,0,5,-,"1,5",-,0.000000000,0.000000000
CURRENT_PLATFORM,12,6.000000000000,79.200000000000,80,77.616000000000,78,0.980000000000,-0.020000000000,1.100000000000,1.078000000000,0.961112343794,0.960334773119,-0.000777570675,yes,yes,no,2,1,1,0,2,0,5,-,"1,5",-,0.000000000,0.000000000
CURRENT_PLATFORM,12,6.000000000000,79.200000000000,80,79.200000000000,80,1.000000000000,0.000000000000,1.100000000000,1.100000000000,0.961112343794,0.961112343794,0.000000000000,yes,yes,yes,2,1,1,0,2,1,5,-,"1,5",5,0.102238801,0.102238801
CURRENT_PLATFORM,12,6.000000000000,79.200000000000,80,80.784000000000,81,1.020000000000,0.020000000000,1.100000000000,1.122000000000,0.961112343794,0.961860020419,0.000747676625,yes,yes,yes,2,1,1,0,2,1,5,-,"1,5",5,0.122341340,0.122341340
CURRENT_PLATFORM,12,6.000000000000,79.200000000000,80,83.160000000000,84,1.050000000000,0.050000000000,1.100000000000,1.155000000000,0.961112343794,0.962929148752,0.001816804958,yes,yes,yes,2,1,1,0,2,1,5,-,"1,5",5,0.151090698,0.151090698
CURRENT_PLATFORM,12,6.000000000000,79.200000000000,80,87.120000000000,88,1.100000000000,0.100000000000,1.100000000000,1.210000000000,0.961112343794,0.964583797892,0.003471454098,yes,yes,yes,2,1,1,0,2,1,5,-,"1,5",5,0.195593940,0.195593940
CURRENT_PLATFORM,12,6.000000000000,82.800000000000,83,74.520000000000,75,0.900000000000,-0.100000000000,1.150000000000,1.035000000000,0.962771028160,0.958721560236,-0.004049467924,yes,no,no,2,1,1,0,2,0,5,-,"1,5",-,0.000000000,0.000000000
CURRENT_PLATFORM,12,6.000000000000,82.800000000000,83,78.660000000000,79,0.950000000000,-0.050000000000,1.150000000000,1.092500000000,0.962771028160,0.960850710169,-0.001920317991,yes,yes,no,2,1,1,0,2,0,5,-,"1,5",-,0.000000000,0.000000000
CURRENT_PLATFORM,12,6.000000000000,82.800000000000,83,81.144000000000,82,0.980000000000,-0.020000000000,1.150000000000,1.127000000000,0.962771028160,0.962025955503,-0.000745072657,yes,yes,yes,2,1,1,0,2,1,5,-,"1,5",5,0.126803103,0.126803103
CURRENT_PLATFORM,12,6.000000000000,82.800000000000,83,82.800000000000,83,1.000000000000,0.000000000000,1.150000000000,1.150000000000,0.962771028160,0.962771028160,0.000000000000,yes,yes,yes,2,1,1,0,2,1,5,-,"1,5",5,0.146838468,0.146838468
CURRENT_PLATFORM,12,6.000000000000,82.800000000000,83,84.456000000000,85,1.020000000000,0.020000000000,1.150000000000,1.173000000000,0.962771028160,0.963487430983,0.000716402822,yes,yes,yes,2,1,1,0,2,1,5,-,"1,5",5,0.166105000,0.166105000
CURRENT_PLATFORM,12,6.000000000000,82.800000000000,83,86.940000000000,87,1.050000000000,0.050000000000,1.150000000000,1.207500000000,0.962771028160,0.964511796996,0.001740768836,yes,yes,yes,2,1,1,0,2,1,5,-,"1,5",5,0.193657194,0.193657194
CURRENT_PLATFORM,12,6.000000000000,82.800000000000,83,91.080000000000,92,1.100000000000,0.100000000000,1.150000000000,1.265000000000,0.962771028160,0.966097069978,0.003326041818,yes,yes,yes,2,1,1,0,2,1,5,-,"1,5",5,0.236303680,0.236303680
CURRENT_PLATFORM,12,6.000000000000,86.400000000000,87,77.760000000000,78,0.900000000000,-0.100000000000,1.200000000000,1.080000000000,0.964294027298,0.960406743703,-0.003887283595,yes,yes,no,2,1,1,0,2,0,5,-,"1,5",-,0.000000000,0.000000000
CURRENT_PLATFORM,12,6.000000000000,86.400000000000,87,82.080000000000,83,0.950000000000,-0.050000000000,1.200000000000,1.140000000000,0.964294027298,0.962450706271,-0.001843321027,yes,yes,yes,2,1,1,0,2,1,5,-,"1,5",5,0.138224579,0.138224579
CURRENT_PLATFORM,12,6.000000000000,86.400000000000,87,84.672000000000,85,0.980000000000,-0.020000000000,1.200000000000,1.176000000000,0.964294027298,0.963578847578,-0.000715179720,yes,yes,yes,2,1,1,0,2,1,5,-,"1,5",5,0.168563652,0.168563652
CURRENT_PLATFORM,12,6.000000000000,86.400000000000,87,86.400000000000,87,1.000000000000,0.000000000000,1.200000000000,1.200000000000,0.964294027298,0.964294027298,0.000000000000,yes,yes,yes,2,1,1,0,2,1,5,-,"1,5",5,0.187799546,0.187799546
CURRENT_PLATFORM,12,6.000000000000,86.400000000000,87,88.128000000000,89,1.020000000000,0.020000000000,1.200000000000,1.224000000000,0.964294027298,0.964981665298,0.000687638000,yes,yes,yes,2,1,1,0,2,1,5,-,"1,5",5,0.206296485,0.206296485
CURRENT_PLATFORM,12,6.000000000000,86.400000000000,87,90.720000000000,91,1.050000000000,0.050000000000,1.200000000000,1.260000000000,0.964294027298,0.965964863564,0.001670836266,yes,yes,yes,2,1,1,0,2,1,5,-,"1,5",5,0.232746764,0.232746764
CURRENT_PLATFORM,12,6.000000000000,86.400000000000,87,95.040000000000,96,1.100000000000,0.100000000000,1.200000000000,1.320000000000,0.964294027298,0.967486339553,0.003192312255,yes,yes,yes,2,1,1,0,2,1,5,-,"1,5",5,0.273684551,0.273684551
CURRENT_PLATFORM,30,6.000000000000,189.000000000000,189,170.100000000000,171,0.900000000000,-0.100000000000,1.050000000000,0.945000000000,0.983515391065,0.981700673601,-0.001814717464,no,no,no,4,3,3,0,4,0,"7,11,13",-,"1,7,11,13",-,0.000000000,0.000000000
CURRENT_PLATFORM,30,6.000000000000,189.000000000000,189,179.550000000000,180,0.950000000000,-0.050000000000,1.050000000000,0.997500000000,0.983515391065,0.982655368442,-0.000860022622,no,no,no,4,3,3,0,4,0,"7,11,13",-,"1,7,11,13",-,0.000000000,0.000000000
CURRENT_PLATFORM,30,6.000000000000,189.000000000000,189,185.220000000000,186,0.980000000000,-0.020000000000,1.050000000000,1.029000000000,0.983515391065,0.983181823216,-0.000333567849,yes,no,no,4,3,3,0,4,0,"7,11,13",-,"1,7,11,13",-,0.000000000,0.000000000
CURRENT_PLATFORM,30,6.000000000000,189.000000000000,189,189.000000000000,189,1.000000000000,0.000000000000,1.050000000000,1.050000000000,0.983515391065,0.983515391065,0.000000000000,yes,yes,no,4,3,3,0,4,0,"7,11,13",-,"1,7,11,13",-,0.000000000,0.000000000
CURRENT_PLATFORM,30,6.000000000000,189.000000000000,189,192.780000000000,193,1.020000000000,0.020000000000,1.050000000000,1.071000000000,0.983515391065,0.983835984865,0.000320593800,yes,yes,no,4,3,3,0,4,0,"7,11,13",-,"1,7,11,13",-,0.000000000,0.000000000
CURRENT_PLATFORM,30,6.000000000000,189.000000000000,189,198.450000000000,199,1.050000000000,0.050000000000,1.050000000000,1.102500000000,0.983515391065,0.984294158035,0.000778766970,yes,yes,yes,4,3,3,0,4,0,"7,11,13",-,"1,7,11,13",-,0.000000000,0.000000000
CURRENT_PLATFORM,30,6.000000000000,189.000000000000,189,207.900000000000,208,1.100000000000,0.100000000000,1.050000000000,1.155000000000,0.983515391065,0.985002665220,0.001487274155,yes,yes,yes,4,3,3,0,4,0,"7,11,13",-,"1,7,11,13",-,0.000000000,0.000000000
CURRENT_PLATFORM,30,6.000000000000,198.000000000000,198,178.200000000000,179,0.900000000000,-0.100000000000,1.100000000000,0.990000000000,0.984258746108,0.982525127888,-0.001733618220,no,no,no,4,3,3,0,4,0,"7,11,13",-,"1,7,11,13",-,0.000000000,0.000000000
CURRENT_PLATFORM,30,6.000000000000,198.000000000000,198,188.100000000000,189,0.950000000000,-0.050000000000,1.100000000000,1.045000000000,0.984258746108,0.983437175965,-0.000821570143,yes,no,no,4,3,3,0,4,0,"7,11,13",-,"1,7,11,13",-,0.000000000,0.000000000
CURRENT_PLATFORM,30,6.000000000000,198.000000000000,198,194.040000000000,195,0.980000000000,-0.020000000000,1.100000000000,1.078000000000,0.984258746108,0.983940096325,-0.000318649784,yes,yes,no,4,3,3,0,4,0,"7,11,13",-,"1,7,11,13",-,0.000000000,0.000000000
CURRENT_PLATFORM,30,6.000000000000,198.000000000000,198,198.000000000000,198,1.000000000000,0.000000000000,1.100000000000,1.100000000000,0.984258746108,0.984258746108,0.000000000000,yes,yes,yes,4,3,3,0,4,0,"7,11,13",-,"1,7,11,13",-,0.000000000,0.000000000
CURRENT_PLATFORM,30,6.000000000000,198.000000000000,198,201.960000000000,202,1.020000000000,0.020000000000,1.100000000000,1.122000000000,0.984258746108,0.984564997411,0.000306251303,yes,yes,yes,4,3,3,0,4,0,"7,11,13",-,"1,7,11,13",-,0.000000000,0.000000000
CURRENT_PLATFORM,30,6.000000000000,198.000000000000,198,207.900000000000,208,1.050000000000,0.050000000000,1.100000000000,1.155000000000,0.984258746108,0.985002665220,0.000743919112,yes,yes,yes,4,3,3,0,4,0,"7,11,13",-,"1,7,11,13",-,0.000000000,0.000000000
CURRENT_PLATFORM,30,6.000000000000,198.000000000000,198,217.800000000000,218,1.100000000000,0.100000000000,1.100000000000,1.210000000000,0.984258746108,0.985679445075,0.001420698967,yes,yes,yes,4,3,3,0,4,0,"7,11,13",-,"1,7,11,13",-,0.000000000,0.000000000
CURRENT_PLATFORM,30,6.000000000000,207.000000000000,207,186.300000000000,187,0.900000000000,-0.100000000000,1.150000000000,1.035000000000,0.984937954201,0.983278497855,-0.001659456347,yes,no,no,4,3,3,0,4,0,"7,11,13",-,"1,7,11,13",-,0.000000000,0.000000000
CURRENT_PLATFORM,30,6.000000000000,207.000000000000,207,196.650000000000,197,0.950000000000,-0.050000000000,1.150000000000,1.092500000000,0.984937954201,0.984151545717,-0.000786408485,yes,yes,no,4,3,3,0,4,0,"7,11,13",-,"1,7,11,13",-,0.000000000,0.000000000
CURRENT_PLATFORM,30,6.000000000000,207.000000000000,207,202.860000000000,203,0.980000000000,-0.020000000000,1.150000000000,1.127000000000,0.984937954201,0.984632945446,-0.000305008756,yes,yes,yes,4,3,3,0,4,0,"7,11,13",-,"1,7,11,13",-,0.000000000,0.000000000
CURRENT_PLATFORM,30,6.000000000000,207.000000000000,207,207.000000000000,207,1.000000000000,0.000000000000,1.150000000000,1.150000000000,0.984937954201,0.984937954201,0.000000000000,yes,yes,yes,4,3,3,0,4,0,"7,11,13",-,"1,7,11,13",-,0.000000000,0.000000000
CURRENT_PLATFORM,30,6.000000000000,207.000000000000,207,211.140000000000,212,1.020000000000,0.020000000000,1.150000000000,1.173000000000,0.984937954201,0.985231091164,0.000293136963,yes,yes,yes,4,3,3,0,4,0,"7,11,13",-,"1,7,11,13",-,0.000000000,0.000000000
CURRENT_PLATFORM,30,6.000000000000,207.000000000000,207,217.350000000000,218,1.050000000000,0.050000000000,1.150000000000,1.207500000000,0.984937954201,0.985650010162,0.000712055960,yes,yes,yes,4,3,3,0,4,0,"7,11,13",-,"1,7,11,13",-,0.000000000,0.000000000
CURRENT_PLATFORM,30,6.000000000000,207.000000000000,207,227.700000000000,228,1.100000000000,0.100000000000,1.150000000000,1.265000000000,0.984937954201,0.986297782077,0.001359827876,yes,yes,yes,4,3,3,0,4,0,"7,11,13",-,"1,7,11,13",-,0.000000000,0.000000000
CURRENT_PLATFORM,30,6.000000000000,216.000000000000,216,194.400000000000,195,0.900000000000,-0.100000000000,1.200000000000,1.080000000000,0.985560974919,0.983969596583,-0.001591378336,yes,yes,no,4,3,3,0,4,0,"7,11,13",-,"1,7,11,13",-,0.000000000,0.000000000
CURRENT_PLATFORM,30,6.000000000000,216.000000000000,216,205.200000000000,206,0.950000000000,-0.050000000000,1.200000000000,1.140000000000,0.985560974919,0.984806842327,-0.000754132592,yes,yes,yes,4,3,3,0,4,0,"7,11,13",-,"1,7,11,13",-,0.000000000,0.000000000
CURRENT_PLATFORM,30,6.000000000000,216.000000000000,216,211.680000000000,212,0.980000000000,-0.020000000000,1.200000000000,1.176000000000,0.985560974919,0.985268487379,-0.000292487540,yes,yes,yes,4,3,3,0,4,0,"7,11,13",-,"1,7,11,13",-,0.000000000,0.000000000
CURRENT_PLATFORM,30,6.000000000000,216.000000000000,216,216.000000000000,216,1.000000000000,0.000000000000,1.200000000000,1.200000000000,0.985560974919,0.985560974919,0.000000000000,yes,yes,yes,4,3,3,0,4,0,"7,11,13",-,"1,7,11,13",-,0.000000000,0.000000000
CURRENT_PLATFORM,30,6.000000000000,216.000000000000,216,220.320000000000,221,1.020000000000,0.020000000000,1.200000000000,1.224000000000,0.985560974919,0.985842074443,0.000281099525,yes,yes,yes,4,3,3,0,4,0,"7,11,13",-,"1,7,11,13",-,0.000000000,0.000000000
CURRENT_PLATFORM,30,6.000000000000,216.000000000000,216,226.800000000000,227,1.050000000000,0.050000000000,1.200000000000,1.260000000000,0.985560974919,0.986243784771,0.000682809852,yes,yes,yes,4,3,3,0,4,0,"7,11,13",-,"1,7,11,13",-,0.000000000,0.000000000
CURRENT_PLATFORM,30,6.000000000000,216.000000000000,216,237.600000000000,238,1.100000000000,0.100000000000,1.200000000000,1.320000000000,0.985560974919,0.986864932923,0.001303958004,yes,yes,yes,4,3,3,0,4,0,"7,11,13",-,"1,7,11,13",-,0.000000000,0.000000000
CURRENT_PLATFORM,50,6.000000000000,315.000000000000,315,283.500000000000,284,0.900000000000,-0.100000000000,1.050000000000,0.945000000000,0.990076299444,0.988979773663,-0.001096525781,no,no,no,10,7,7,0,10,0,"7,9,11,13,17,19,21",-,"1,3,7,9,11,13,17,19,21,23",-,0.000000000,0.000000000
CURRENT_PLATFORM,50,6.000000000000,315.000000000000,315,299.250000000000,300,0.950000000000,-0.050000000000,1.050000000000,0.997500000000,0.990076299444,0.989556740630,-0.000519558814,no,no,no,10,7,7,0,10,0,"7,9,11,13,17,19,21",-,"1,3,7,9,11,13,17,19,21,23",-,0.000000000,0.000000000
CURRENT_PLATFORM,50,6.000000000000,315.000000000000,315,308.700000000000,309,0.980000000000,-0.020000000000,1.050000000000,1.029000000000,0.990076299444,0.989874805408,-0.000201494036,yes,no,no,10,7,7,0,10,0,"7,9,11,13,17,19,21",-,"1,3,7,9,11,13,17,19,21,23",-,0.000000000,0.000000000
CURRENT_PLATFORM,50,6.000000000000,315.000000000000,315,315.000000000000,315,1.000000000000,0.000000000000,1.050000000000,1.050000000000,0.990076299444,0.990076299444,0.000000000000,yes,yes,no,10,7,7,0,10,0,"7,9,11,13,17,19,21",-,"1,3,7,9,11,13,17,19,21,23",-,0.000000000,0.000000000
CURRENT_PLATFORM,50,6.000000000000,315.000000000000,315,321.300000000000,322,1.020000000000,0.020000000000,1.050000000000,1.071000000000,0.990076299444,0.990269930483,0.000193631040,yes,yes,no,10,7,7,0,10,0,"7,9,11,13,17,19,21",-,"1,3,7,9,11,13,17,19,21,23",-,0.000000000,0.000000000
CURRENT_PLATFORM,50,6.000000000000,315.000000000000,315,330.750000000000,331,1.050000000000,0.050000000000,1.050000000000,1.102500000000,0.990076299444,0.990546612107,0.000470312663,yes,yes,yes,10,7,7,0,10,0,"7,9,11,13,17,19,21",-,"1,3,7,9,11,13,17,19,21,23",-,0.000000000,0.000000000
CURRENT_PLATFORM,50,6.000000000000,315.000000000000,315,346.500000000000,347,1.100000000000,0.100000000000,1.050000000000,1.155000000000,0.990076299444,0.990974363401,0.000898063957,yes,yes,yes,10,7,7,0,10,0,"7,9,11,13,17,19,21",-,"1,3,7,9,11,13,17,19,21,23",-,0.000000000,0.000000000
CURRENT_PLATFORM,50,6.000000000000,330.000000000000,330,297.000000000000,297,0.900000000000,-0.100000000000,1.100000000000,0.990000000000,0.990525229401,0.989478043447,-0.001047185954,no,no,no,10,7,7,0,10,0,"7,9,11,13,17,19,21",-,"1,3,7,9,11,13,17,19,21,23",-,0.000000000,0.000000000
CURRENT_PLATFORM,50,6.000000000000,330.000000000000,330,313.500000000000,314,0.950000000000,-0.050000000000,1.100000000000,1.045000000000,0.990525229401,0.990029055526,-0.000496173876,yes,no,no,10,7,7,0,10,0,"7,9,11,13,17,19,21",-,"1,3,7,9,11,13,17,19,21,23",-,0.000000000,0.000000000
CURRENT_PLATFORM,50,6.000000000000,330.000000000000,330,323.400000000000,324,0.980000000000,-0.020000000000,1.100000000000,1.078000000000,0.990525229401,0.990332805867,-0.000192423534,yes,yes,no,10,7,7,0,10,0,"7,9,11,13,17,19,21",-,"1,3,7,9,11,13,17,19,21,23",-,0.000000000,0.000000000
CURRENT_PLATFORM,50,6.000000000000,330.000000000000,330,330.000000000000,330,1.000000000000,0.000000000000,1.100000000000,1.100000000000,0.990525229401,0.990525229401,0.000000000000,yes,yes,yes,10,7,7,0,10,0,"7,9,11,13,17,19,21",-,"1,3,7,9,11,13,17,19,21,23",-,0.000000000,0.000000000
CURRENT_PLATFORM,50,6.000000000000,330.000000000000,330,336.600000000000,337,1.020000000000,0.020000000000,1.100000000000,1.122000000000,0.990525229401,0.990710142215,0.000184912814,yes,yes,yes,10,7,7,0,10,0,"7,9,11,13,17,19,21",-,"1,3,7,9,11,13,17,19,21,23",-,0.000000000,0.000000000
CURRENT_PLATFORM,50,6.000000000000,330.000000000000,330,346.500000000000,347,1.050000000000,0.050000000000,1.100000000000,1.155000000000,0.990525229401,0.990974363401,0.000449134000,yes,yes,yes,10,7,7,0,10,0,"7,9,11,13,17,19,21",-,"1,3,7,9,11,13,17,19,21,23",-,0.000000000,0.000000000
CURRENT_PLATFORM,50,6.000000000000,330.000000000000,330,363.000000000000,363,1.100000000000,0.100000000000,1.100000000000,1.210000000000,0.990525229401,0.991382844158,0.000857614757,yes,yes,yes,10,7,7,0,10,0,"7,9,11,13,17,19,21",-,"1,3,7,9,11,13,17,19,21,23",-,0.000000000,0.000000000
CURRENT_PLATFORM,50,6.000000000000,345.000000000000,345,310.500000000000,311,0.900000000000,-0.100000000000,1.150000000000,1.035000000000,0.990935300169,0.989933205245,-0.001002094924,yes,no,no,10,7,7,0,10,0,"7,9,11,13,17,19,21",-,"1,3,7,9,11,13,17,19,21,23",-,0.000000000,0.000000000
CURRENT_PLATFORM,50,6.000000000000,345.000000000000,345,327.750000000000,328,0.950000000000,-0.050000000000,1.150000000000,1.092500000000,0.990935300169,0.990460496936,-0.000474803233,yes,yes,no,10,7,7,0,10,0,"7,9,11,13,17,19,21",-,"1,3,7,9,11,13,17,19,21,23",-,0.000000000,0.000000000
CURRENT_PLATFORM,50,6.000000000000,345.000000000000,345,338.100000000000,339,0.980000000000,-0.020000000000,1.150000000000,1.127000000000,0.990935300169,0.990751165718,-0.000184134450,yes,yes,yes,10,7,7,0,10,0,"7,9,11,13,17,19,21",-,"1,3,7,9,11,13,17,19,21,23",-,0.000000000,0.000000000
CURRENT_PLATFORM,50,6.000000000000,345.000000000000,345,345.000000000000,345,1.000000000000,0.000000000000,1.150000000000,1.150000000000,0.990935300169,0.990935300169,0.000000000000,yes,yes,yes,10,7,7,0,10,0,"7,9,11,13,17,19,21",-,"1,3,7,9,11,13,17,19,21,23",-,0.000000000,0.000000000
CURRENT_PLATFORM,50,6.000000000000,345.000000000000,345,351.900000000000,352,1.020000000000,0.020000000000,1.150000000000,1.173000000000,0.990935300169,0.991112245969,0.000176945800,yes,yes,yes,10,7,7,0,10,0,"7,9,11,13,17,19,21",-,"1,3,7,9,11,13,17,19,21,23",-,0.000000000,0.000000000
CURRENT_PLATFORM,50,6.000000000000,345.000000000000,345,362.250000000000,363,1.050000000000,0.050000000000,1.150000000000,1.207500000000,0.990935300169,0.991365080617,0.000429780448,yes,yes,yes,10,7,7,0,10,0,"7,9,11,13,17,19,21",-,"1,3,7,9,11,13,17,19,21,23",-,0.000000000,0.000000000
CURRENT_PLATFORM,50,6.000000000000,345.000000000000,345,379.500000000000,380,1.100000000000,0.100000000000,1.150000000000,1.265000000000,0.990935300169,0.991755952217,0.000820652048,yes,yes,yes,10,7,7,0,10,0,"7,9,11,13,17,19,21",-,"1,3,7,9,11,13,17,19,21,23",-,0.000000000,0.000000000
CURRENT_PLATFORM,50,6.000000000000,360.000000000000,360,324.000000000000,324,0.900000000000,-0.100000000000,1.200000000000,1.080000000000,0.991311347846,0.990350621287,-0.000960726560,yes,yes,no,10,7,7,0,10,0,"7,9,11,13,17,19,21",-,"1,3,7,9,11,13,17,19,21,23",-,0.000000000,0.000000000
CURRENT_PLATFORM,50,6.000000000000,360.000000000000,360,342.000000000000,342,0.950000000000,-0.050000000000,1.200000000000,1.140000000000,0.991311347846,0.990856150457,-0.000455197390,yes,yes,yes,10,7,7,0,10,0,"7,9,11,13,17,19,21",-,"1,3,7,9,11,13,17,19,21,23",-,0.000000000,0.000000000
CURRENT_PLATFORM,50,6.000000000000,360.000000000000,360,352.800000000000,353,0.980000000000,-0.020000000000,1.200000000000,1.176000000000,0.991311347846,0.991134817864,-0.000176529983,yes,yes,yes,10,7,7,0,10,0,"7,9,11,13,17,19,21",-,"1,3,7,9,11,13,17,19,21,23",-,0.000000000,0.000000000
CURRENT_PLATFORM,50,6.000000000000,360.000000000000,360,360.000000000000,360,1.000000000000,0.000000000000,1.200000000000,1.200000000000,0.991311347846,0.991311347846,0.000000000000,yes,yes,yes,10,7,7,0,10,0,"7,9,11,13,17,19,21",-,"1,3,7,9,11,13,17,19,21,23",-,0.000000000,0.000000000
CURRENT_PLATFORM,50,6.000000000000,360.000000000000,360,367.200000000000,368,1.020000000000,0.020000000000,1.200000000000,1.224000000000,0.991311347846,0.991480984765,0.000169636919,yes,yes,yes,10,7,7,0,10,0,"7,9,11,13,17,19,21",-,"1,3,7,9,11,13,17,19,21,23",-,0.000000000,0.000000000
CURRENT_PLATFORM,50,6.000000000000,360.000000000000,360,378.000000000000,378,1.050000000000,0.050000000000,1.200000000000,1.260000000000,0.991311347846,0.991723373686,0.000412025840,yes,yes,yes,10,7,7,0,10,0,"7,9,11,13,17,19,21",-,"1,3,7,9,11,13,17,19,21,23",-,0.000000000,0.000000000
CURRENT_PLATFORM,50,6.000000000000,360.000000000000,360,396.000000000000,396,1.100000000000,0.100000000000,1.200000000000,1.320000000000,0.991311347846,0.992098091547,0.000786743701,yes,yes,yes,10,7,7,0,10,1,"7,9,11,13,17,19,21",-,"1,3,7,9,11,13,17,19,21,23",17,0.114356021,0.114356021
COMPARISON_RELAXED,9,3.000000000000,28.350000000000,29,25.515000000000,26,0.900000000000,-0.100000000000,1.050000000000,0.945000000000,0.895155409059,0.884219769368,-0.010935639691,no,no,no,3,3,3,0,3,0,"1,2,4",-,"1,2,4",-,0.000000000,0.000000000
COMPARISON_RELAXED,9,3.000000000000,28.350000000000,29,26.932500000000,27,0.950000000000,-0.050000000000,1.050000000000,0.997500000000,0.895155409059,0.889958122936,-0.005197286123,no,no,no,3,3,3,0,3,0,"1,2,4",-,"1,2,4",-,0.000000000,0.000000000
COMPARISON_RELAXED,9,3.000000000000,28.350000000000,29,27.783000000000,28,0.980000000000,-0.020000000000,1.050000000000,1.029000000000,0.895155409059,0.893136439932,-0.002018969127,yes,no,no,3,3,3,0,3,3,"1,2,4",-,"1,2,4","1,2,4",0.176013801,0.112855665
COMPARISON_RELAXED,9,3.000000000000,28.350000000000,29,28.350000000000,29,1.000000000000,0.000000000000,1.050000000000,1.050000000000,0.895155409059,0.895155409059,0.000000000000,yes,yes,no,3,3,3,0,3,3,"1,2,4",-,"1,2,4","1,2,4",0.295244981,0.189767757
COMPARISON_RELAXED,9,3.000000000000,28.350000000000,29,28.917000000000,29,1.020000000000,0.020000000000,1.050000000000,1.071000000000,0.895155409059,0.897099621010,0.001944211951,yes,yes,no,3,3,3,0,3,3,"1,2,4",-,"1,2,4","1,2,4",0.408120440,0.262949034
COMPARISON_RELAXED,9,3.000000000000,28.350000000000,29,29.767500000000,30,1.050000000000,0.050000000000,1.050000000000,1.102500000000,0.895155409059,0.899884592717,0.004729183658,yes,yes,yes,3,3,3,0,3,3,"1,2,4",-,"1,2,4","1,2,4",0.566481105,0.366266266
COMPARISON_RELAXED,9,3.000000000000,28.350000000000,29,31.185000000000,32,1.100000000000,0.100000000000,1.050000000000,1.155000000000,0.895155409059,0.904206102975,0.009050693916,yes,yes,yes,3,3,3,0,3,3,"1,2,4",-,"1,2,4","1,2,4",0.804430099,0.523060123
COMPARISON_RELAXED,9,3.000000000000,29.700000000000,30,26.730000000000,27,0.900000000000,-0.100000000000,1.100000000000,0.990000000000,0.899669074269,0.889173367550,-0.010495706719,no,no,no,3,3,3,0,3,0,"1,2,4",-,"1,2,4",-,0.000000000,0.000000000
COMPARISON_RELAXED,9,3.000000000000,29.700000000000,30,28.215000000000,29,0.950000000000,-0.050000000000,1.100000000000,1.045000000000,0.899669074269,0.894681641616,-0.004987432653,yes,no,no,3,3,3,0,3,3,"1,2,4",-,"1,2,4","1,2,4",0.267450625,0.171803568
COMPARISON_RELAXED,9,3.000000000000,29.700000000000,30,29.106000000000,30,0.980000000000,-0.020000000000,1.100000000000,1.078000000000,0.899669074269,0.897731791035,-0.001937283234,yes,yes,no,3,3,3,0,3,3,"1,2,4",-,"1,2,4","1,2,4",0.444411381,0.286557515
COMPARISON_RELAXED,9,3.000000000000,29.700000000000,30,29.700000000000,30,1.000000000000,0.000000000000,1.100000000000,1.100000000000,0.899669074269,0.899669074269,0.000000000000,yes,yes,yes,3,3,3,0,3,3,"1,2,4",-,"1,2,4","1,2,4",0.554366296,0.358334490
COMPARISON_RELAXED,9,3.000000000000,29.700000000000,30,30.294000000000,31,1.020000000000,0.020000000000,1.100000000000,1.122000000000,0.899669074269,0.901534427646,0.001865353377,yes,yes,yes,3,3,3,0,3,3,"1,2,4",-,"1,2,4","1,2,4",0.658442310,0.426632169
COMPARISON_RELAXED,9,3.000000000000,29.700000000000,30,31.185000000000,32,1.050000000000,0.050000000000,1.100000000000,1.155000000000,0.899669074269,0.904206102975,0.004537028706,yes,yes,yes,3,3,3,0,3,3,"1,2,4",-,"1,2,4","1,2,4",0.804430099,0.523060123
COMPARISON_RELAXED,9,3.000000000000,29.700000000000,30,32.670000000000,33,1.100000000000,0.100000000000,1.100000000000,1.210000000000,0.899669074269,0.908351028751,0.008681954482,yes,yes,yes,3,3,3,0,3,3,"1,2,4",-,"1,2,4","1,2,4",1.023731891,0.669415099
COMPARISON_RELAXED,9,3.000000000000,31.050000000000,32,27.945000000000,28,0.900000000000,-0.100000000000,1.150000000000,1.035000000000,0.903810648856,0.893721166136,-0.010089482720,yes,no,no,3,3,3,0,3,3,"1,2,4",-,"1,2,4","1,2,4",0.210756013,0.135226701
COMPARISON_RELAXED,9,3.000000000000,31.050000000000,32,29.497500000000,30,0.950000000000,-0.050000000000,1.150000000000,1.092500000000,0.903810648856,0.899016923739,-0.004793725118,yes,yes,no,3,3,3,0,3,3,"1,2,4",-,"1,2,4","1,2,4",0.517564067,0.334268285
COMPARISON_RELAXED,9,3.000000000000,31.050000000000,32,30.429000000000,31,0.980000000000,-0.020000000000,1.150000000000,1.127000000000,0.903810648856,0.901948752487,-0.001861896369,yes,yes,yes,3,3,3,0,3,3,"1,2,4",-,"1,2,4","1,2,4",0.681319712,0.441693708
COMPARISON_RELAXED,9,3.000000000000,31.050000000000,32,31.050000000000,32,1.000000000000,0.000000000000,1.150000000000,1.150000000000,0.903810648856,0.903810648856,0.000000000000,yes,yes,yes,3,3,3,0,3,3,"1,2,4",-,"1,2,4","1,2,4",0.783050122,0.508890534
COMPARISON_RELAXED,9,3.000000000000,31.050000000000,32,31.671000000000,32,1.020000000000,0.020000000000,1.150000000000,1.173000000000,0.903810648856,0.905603241639,0.001792592783,yes,yes,yes,3,3,3,0,3,3,"1,2,4",-,"1,2,4","1,2,4",0.879328365,0.572833470
COMPARISON_RELAXED,9,3.000000000000,31.050000000000,32,32.602500000000,33,1.050000000000,0.050000000000,1.150000000000,1.207500000000,0.903810648856,0.908170410476,0.004359761620,yes,yes,yes,3,3,3,0,3,3,"1,2,4",-,"1,2,4","1,2,4",1.014358120,0.663119855
COMPARISON_RELAXED,9,3.000000000000,31.050000000000,32,34.155000000000,35,1.100000000000,0.100000000000,1.150000000000,1.265000000000,0.903810648856,0.912152518771,0.008341869915,yes,yes,yes,3,3,3,0,3,3,"1,2,4",-,"1,2,4","1,2,4",1.217158662,0.800172238
COMPARISON_RELAXED,9,3.000000000000,32.400000000000,33,29.160000000000,30,0.900000000000,-0.100000000000,1.200000000000,1.080000000000,0.907624264072,0.897910989039,-0.009713275034,yes,yes,no,3,3,3,0,3,3,"1,2,4",-,"1,2,4","1,2,4",0.454661851,0.293233011
COMPARISON_RELAXED,9,3.000000000000,32.400000000000,33,30.780000000000,31,0.950000000000,-0.050000000000,1.200000000000,1.140000000000,0.907624264072,0.903009877550,-0.004614386522,yes,yes,yes,3,3,3,0,3,3,"1,2,4",-,"1,2,4","1,2,4",0.739513408,0.480087892
COMPARISON_RELAXED,9,3.000000000000,32.400000000000,33,31.752000000000,32,0.980000000000,-0.020000000000,1.200000000000,1.176000000000,0.907624264072,0.905832150570,-0.001792113503,yes,yes,yes,3,3,3,0,3,3,"1,2,4",-,"1,2,4","1,2,4",0.891505047,0.580945624
COMPARISON_RELAXED,9,3.000000000000,32.400000000000,33,32.400000000000,33,1.000000000000,0.000000000000,1.200000000000,1.200000000000,0.907624264072,0.907624264072,0.000000000000,yes,yes,yes,3,3,3,0,3,3,"1,2,4",-,"1,2,4","1,2,4",0.985912857,0.644038934
COMPARISON_RELAXED,9,3.000000000000,32.400000000000,33,33.048000000000,34,1.020000000000,0.020000000000,1.200000000000,1.224000000000,0.907624264072,0.909349519281,0.001725255209,yes,yes,yes,3,3,3,0,3,3,"1,2,4",-,"1,2,4","1,2,4",1.075251436,0.704081049
COMPARISON_RELAXED,9,3.000000000000,32.400000000000,33,34.020000000000,35,1.050000000000,0.050000000000,1.200000000000,1.260000000000,0.907624264072,0.911819994993,0.004195730921,yes,yes,yes,3,3,3,0,3,3,"1,2,4",-,"1,2,4","1,2,4",1.200533851,0.788867182
COMPARISON_RELAXED,9,3.000000000000,32.400000000000,33,35.640000000000,36,1.100000000000,0.100000000000,1.200000000000,1.320000000000,0.907624264072,0.915651515011,0.008027250939,yes,yes,yes,3,3,3,0,3,3,"1,2,4",-,"1,2,4","1,2,4",1.388666532,0.917590637
COMPARISON_RELAXED,12,3.000000000000,37.800000000000,38,34.020000000000,35,0.900000000000,-0.100000000000,1.050000000000,0.945000000000,0.920271066136,0.911819994993,-0.008451071144,no,no,no,2,1,1,0,2,0,5,-,"1,5",-,0.000000000,0.000000000
COMPARISON_RELAXED,12,3.000000000000,37.800000000000,38,35.910000000000,36,0.950000000000,-0.050000000000,1.050000000000,0.997500000000,0.920271066136,0.916257994751,-0.004013071386,no,no,no,2,1,1,0,2,0,5,-,"1,5",-,0.000000000,0.000000000
COMPARISON_RELAXED,12,3.000000000000,37.800000000000,38,37.044000000000,38,0.980000000000,-0.020000000000,1.050000000000,1.029000000000,0.920271066136,0.918712850800,-0.001558215336,yes,no,no,2,1,1,0,2,0,5,-,"1,5",-,0.000000000,0.000000000
COMPARISON_RELAXED,12,3.000000000000,37.800000000000,38,37.800000000000,38,1.000000000000,0.000000000000,1.050000000000,1.050000000000,0.920271066136,0.920271066136,0.000000000000,yes,yes,no,2,1,1,0,2,1,5,-,"1,5",5,0.053494194,0.053494194
COMPARISON_RELAXED,12,3.000000000000,37.800000000000,38,38.556000000000,39,1.020000000000,0.020000000000,1.050000000000,1.071000000000,0.920271066136,0.921770716149,0.001499650013,yes,yes,no,2,1,1,0,2,1,5,-,"1,5",5,0.074508070,0.074508070
COMPARISON_RELAXED,12,3.000000000000,37.800000000000,38,39.690000000000,40,1.050000000000,0.050000000000,1.050000000000,1.102500000000,0.920271066136,0.923917399767,0.003646333630,yes,yes,yes,2,1,1,0,2,1,5,-,"1,5",5,0.104562656,0.104562656
COMPARISON_RELAXED,12,3.000000000000,37.800000000000,38,41.580000000000,42,1.100000000000,0.100000000000,1.050000000000,1.155000000000,0.920271066136,0.927245033413,0.006973967276,yes,yes,yes,2,1,1,0,2,1,5,-,"1,5",5,0.151090698,0.151090698
COMPARISON_RELAXED,12,3.000000000000,39.600000000000,40,35.640000000000,36,0.900000000000,-0.100000000000,1.100000000000,0.990000000000,0.923751338026,0.915651515011,-0.008099823015,no,no,no,2,1,1,0,2,0,5,-,"1,5",-,0.000000000,0.000000000
COMPARISON_RELAXED,12,3.000000000000,39.600000000000,40,37.620000000000,38,0.950000000000,-0.050000000000,1.100000000000,1.045000000000,0.923751338026,0.919905500951,-0.003845837075,yes,no,no,2,1,1,0,2,0,5,-,"1,5",-,0.000000000,0.000000000
COMPARISON_RELAXED,12,3.000000000000,39.600000000000,40,38.808000000000,39,0.980000000000,-0.020000000000,1.100000000000,1.078000000000,0.923751338026,0.922258151586,-0.001493186441,yes,yes,no,2,1,1,0,2,1,5,-,"1,5",5,0.081335071,0.081335071
COMPARISON_RELAXED,12,3.000000000000,39.600000000000,40,39.600000000000,40,1.000000000000,0.000000000000,1.100000000000,1.100000000000,0.923751338026,0.923751338026,0.000000000000,yes,yes,yes,2,1,1,0,2,1,5,-,"1,5",5,0.102238801,0.102238801
COMPARISON_RELAXED,12,3.000000000000,39.600000000000,40,40.392000000000,41,1.020000000000,0.020000000000,1.100000000000,1.122000000000,0.923751338026,0.925188290501,0.001436952475,yes,yes,yes,2,1,1,0,2,1,5,-,"1,5",5,0.122341340,0.122341340
COMPARISON_RELAXED,12,3.000000000000,39.600000000000,40,41.580000000000,42,1.050000000000,0.050000000000,1.100000000000,1.155000000000,0.923751338026,0.927245033413,0.003493695386,yes,yes,yes,2,1,1,0,2,1,5,-,"1,5",5,0.151090698,0.151090698
COMPARISON_RELAXED,12,3.000000000000,39.600000000000,40,43.560000000000,44,1.100000000000,0.100000000000,1.100000000000,1.210000000000,0.923751338026,0.930432802515,0.006681464488,yes,yes,yes,2,1,1,0,2,1,5,-,"1,5",5,0.195593940,0.195593940
COMPARISON_RELAXED,12,3.000000000000,41.400000000000,42,37.260000000000,38,0.900000000000,-0.100000000000,1.150000000000,1.035000000000,0.926940699914,0.919164229974,-0.007776469940,yes,no,no,2,1,1,0,2,0,5,-,"1,5",-,0.000000000,0.000000000
COMPARISON_RELAXED,12,3.000000000000,41.400000000000,42,39.330000000000,40,0.950000000000,-0.050000000000,1.150000000000,1.092500000000,0.926940699914,0.923248778309,-0.003691921605,yes,yes,no,2,1,1,0,2,1,5,-,"1,5",5,0.095204909,0.095204909
COMPARISON_RELAXED,12,3.000000000000,41.400000000000,42,40.572000000000,41,0.980000000000,-0.020000000000,1.150000000000,1.127000000000,0.926940699914,0.925507355310,-0.001433344604,yes,yes,yes,2,1,1,0,2,1,5,-,"1,5",5,0.126803103,0.126803103
COMPARISON_RELAXED,12,3.000000000000,41.400000000000,42,41.400000000000,42,1.000000000000,0.000000000000,1.150000000000,1.150000000000,0.926940699914,0.926940699914,0.000000000000,yes,yes,yes,2,1,1,0,2,1,5,-,"1,5",5,0.146838468,0.146838468
COMPARISON_RELAXED,12,3.000000000000,41.400000000000,42,42.228000000000,43,1.020000000000,0.020000000000,1.150000000000,1.173000000000,0.926940699914,0.928319965560,0.001379265646,yes,yes,yes,2,1,1,0,2,1,5,-,"1,5",5,0.166105000,0.166105000
COMPARISON_RELAXED,12,3.000000000000,41.400000000000,42,43.470000000000,44,1.050000000000,0.050000000000,1.150000000000,1.207500000000,0.926940699914,0.930293972071,0.003353272157,yes,yes,yes,2,1,1,0,2,1,5,-,"1,5",5,0.193657194,0.193657194
COMPARISON_RELAXED,12,3.000000000000,41.400000000000,42,45.540000000000,46,1.100000000000,0.100000000000,1.150000000000,1.265000000000,0.926940699914,0.933353117779,0.006412417865,yes,yes,yes,2,1,1,0,2,1,5,-,"1,5",5,0.236303680,0.236303680
COMPARISON_RELAXED,12,3.000000000000,43.200000000000,44,38.880000000000,39,0.900000000000,-0.100000000000,1.200000000000,1.080000000000,0.929874138355,0.922396306098,-0.007477832258,yes,yes,no,2,1,1,0,2,1,5,-,"1,5",5,0.083269772,0.083269772
COMPARISON_RELAXED,12,3.000000000000,43.200000000000,44,41.040000000000,42,0.950000000000,-0.050000000000,1.200000000000,1.140000000000,0.929874138355,0.926324336182,-0.003549802173,yes,yes,yes,2,1,1,0,2,1,5,-,"1,5",5,0.138224579,0.138224579
COMPARISON_RELAXED,12,3.000000000000,43.200000000000,44,42.336000000000,43,0.980000000000,-0.020000000000,1.200000000000,1.176000000000,0.929874138355,0.928496042579,-0.001378095777,yes,yes,yes,2,1,1,0,2,1,5,-,"1,5",5,0.168563652,0.168563652
COMPARISON_RELAXED,12,3.000000000000,43.200000000000,44,43.200000000000,44,1.000000000000,0.000000000000,1.200000000000,1.200000000000,0.929874138355,0.929874138355,0.000000000000,yes,yes,yes,2,1,1,0,2,1,5,-,"1,5",5,0.187799546,0.187799546
COMPARISON_RELAXED,12,3.000000000000,43.200000000000,44,44.064000000000,45,1.020000000000,0.020000000000,1.200000000000,1.224000000000,0.929874138355,0.931200152845,0.001326014490,yes,yes,yes,2,1,1,0,2,1,5,-,"1,5",5,0.206296485,0.206296485
COMPARISON_RELAXED,12,3.000000000000,43.200000000000,44,45.360000000000,46,1.050000000000,0.050000000000,1.200000000000,1.260000000000,0.929874138355,0.933097798471,0.003223660115,yes,yes,yes,2,1,1,0,2,1,5,-,"1,5",5,0.232746764,0.232746764
COMPARISON_RELAXED,12,3.000000000000,43.200000000000,44,47.520000000000,48,1.100000000000,0.100000000000,1.200000000000,1.320000000000,0.929874138355,0.936038264079,0.006164125724,yes,yes,yes,2,1,1,0,2,1,5,-,"1,5",5,0.273684551,0.273684551
COMPARISON_RELAXED,30,3.000000000000,94.500000000000,95,85.050000000000,86,0.900000000000,-0.100000000000,1.050000000000,0.945000000000,0.967303634912,0.963737730130,-0.003565904782,no,no,no,4,3,3,0,4,0,"7,11,13",-,"1,7,11,13",-,0.000000000,0.000000000
COMPARISON_RELAXED,30,3.000000000000,94.500000000000,95,89.775000000000,90,0.950000000000,-0.050000000000,1.050000000000,0.997500000000,0.967303634912,0.965612866018,-0.001690768894,no,no,no,4,3,3,0,4,0,"7,11,13",-,"1,7,11,13",-,0.000000000,0.000000000
COMPARISON_RELAXED,30,3.000000000000,94.500000000000,95,92.610000000000,93,0.980000000000,-0.020000000000,1.050000000000,1.029000000000,0.967303634912,0.966647676529,-0.000655958383,yes,no,no,4,3,3,0,4,0,"7,11,13",-,"1,7,11,13",-,0.000000000,0.000000000
COMPARISON_RELAXED,30,3.000000000000,94.500000000000,95,94.500000000000,95,1.000000000000,0.000000000000,1.050000000000,1.050000000000,0.967303634912,0.967303634912,0.000000000000,yes,yes,no,4,3,3,0,4,0,"7,11,13",-,"1,7,11,13",-,0.000000000,0.000000000
COMPARISON_RELAXED,30,3.000000000000,94.500000000000,95,96.390000000000,97,1.020000000000,0.020000000000,1.050000000000,1.071000000000,0.967303634912,0.967934292207,0.000630657295,yes,yes,no,4,3,3,0,4,0,"7,11,13",-,"1,7,11,13",-,0.000000000,0.000000000
COMPARISON_RELAXED,30,3.000000000000,94.500000000000,95,99.225000000000,100,1.050000000000,0.050000000000,1.050000000000,1.102500000000,0.967303634912,0.968835950324,0.001532315411,yes,yes,yes,4,3,3,0,4,0,"7,11,13",-,"1,7,11,13",-,0.000000000,0.000000000
COMPARISON_RELAXED,30,3.000000000000,94.500000000000,95,103.950000000000,104,1.100000000000,0.100000000000,1.050000000000,1.155000000000,0.967303634912,0.970231087337,0.002927452424,yes,yes,yes,4,3,3,0,4,0,"7,11,13",-,"1,7,11,13",-,0.000000000,0.000000000
COMPARISON_RELAXED,30,3.000000000000,99.000000000000,99,89.100000000000,90,0.900000000000,-0.100000000000,1.100000000000,0.990000000000,0.968766246569,0.965356949074,-0.003409297495,no,no,no,4,3,3,0,4,0,"7,11,13",-,"1,7,11,13",-,0.000000000,0.000000000
COMPARISON_RELAXED,30,3.000000000000,99.000000000000,99,94.050000000000,95,0.950000000000,-0.050000000000,1.100000000000,1.045000000000,0.968766246569,0.967149805356,-0.001616441212,yes,no,no,4,3,3,0,4,0,"7,11,13",-,"1,7,11,13",-,0.000000000,0.000000000
COMPARISON_RELAXED,30,3.000000000000,99.000000000000,99,97.020000000000,98,0.980000000000,-0.020000000000,1.100000000000,1.078000000000,0.968766246569,0.968139140200,-0.000627106369,yes,yes,no,4,3,3,0,4,0,"7,11,13",-,"1,7,11,13",-,0.000000000,0.000000000
COMPARISON_RELAXED,30,3.000000000000,99.000000000000,99,99.000000000000,99,1.000000000000,0.000000000000,1.100000000000,1.100000000000,0.968766246569,0.968766246569,0.000000000000,yes,yes,yes,4,3,3,0,4,0,"7,11,13",-,"1,7,11,13",-,0.000000000,0.000000000
COMPARISON_RELAXED,30,3.000000000000,99.000000000000,99,100.980000000000,101,1.020000000000,0.020000000000,1.100000000000,1.122000000000,0.968766246569,0.969369146188,0.000602899619,yes,yes,yes,4,3,3,0,4,0,"7,11,13",-,"1,7,11,13",-,0.000000000,0.000000000
COMPARISON_RELAXED,30,3.000000000000,99.000000000000,99,103.950000000000,104,1.050000000000,0.050000000000,1.100000000000,1.155000000000,0.968766246569,0.970231087337,0.001464840768,yes,yes,yes,4,3,3,0,4,0,"7,11,13",-,"1,7,11,13",-,0.000000000,0.000000000
COMPARISON_RELAXED,30,3.000000000000,99.000000000000,99,108.900000000000,109,1.100000000000,0.100000000000,1.100000000000,1.210000000000,0.968766246569,0.971564697292,0.002798450723,yes,yes,yes,4,3,3,0,4,1,"7,11,13",-,"1,7,11,13",7,0.061338112,0.061338112
COMPARISON_RELAXED,30,3.000000000000,103.500000000000,104,93.150000000000,94,0.900000000000,-0.100000000000,1.150000000000,1.035000000000,0.970103621323,0.966837763214,-0.003265858109,yes,no,no,4,3,3,0,4,0,"7,11,13",-,"1,7,11,13",-,0.000000000,0.000000000
COMPARISON_RELAXED,30,3.000000000000,103.500000000000,104,98.325000000000,99,0.950000000000,-0.050000000000,1.150000000000,1.092500000000,0.970103621323,0.968555252056,-0.001548369267,yes,yes,no,4,3,3,0,4,0,"7,11,13",-,"1,7,11,13",-,0.000000000,0.000000000
COMPARISON_RELAXED,30,3.000000000000,103.500000000000,104,101.430000000000,102,0.980000000000,-0.020000000000,1.150000000000,1.127000000000,0.970103621323,0.969502937357,-0.000600683965,yes,yes,yes,4,3,3,0,4,0,"7,11,13",-,"1,7,11,13",-,0.000000000,0.000000000
COMPARISON_RELAXED,30,3.000000000000,103.500000000000,104,103.500000000000,104,1.000000000000,0.000000000000,1.150000000000,1.150000000000,0.970103621323,0.970103621323,0.000000000000,yes,yes,yes,4,3,3,0,4,0,"7,11,13",-,"1,7,11,13",-,0.000000000,0.000000000
COMPARISON_RELAXED,30,3.000000000000,103.500000000000,104,105.570000000000,106,1.020000000000,0.020000000000,1.150000000000,1.173000000000,0.970103621323,0.970681102279,0.000577480956,yes,yes,yes,4,3,3,0,4,1,"7,11,13",-,"1,7,11,13",7,0.052125106,0.052125106
COMPARISON_RELAXED,30,3.000000000000,103.500000000000,104,108.675000000000,109,1.050000000000,0.050000000000,1.150000000000,1.207500000000,0.970103621323,0.971506675872,0.001403054549,yes,yes,yes,4,3,3,0,4,1,"7,11,13",-,"1,7,11,13",7,0.060733400,0.060733400
COMPARISON_RELAXED,30,3.000000000000,103.500000000000,104,113.850000000000,114,1.100000000000,0.100000000000,1.150000000000,1.265000000000,0.970103621323,0.972783953592,0.002680332269,yes,yes,yes,4,3,3,0,4,2,"7,11,13",-,"1,7,11,13","7,11",0.074036947,0.066291644
COMPARISON_RELAXED,30,3.000000000000,108.000000000000,108,97.200000000000,98,0.900000000000,-0.100000000000,1.200000000000,1.080000000000,0.971331182323,0.968197188410,-0.003133993913,yes,yes,no,4,3,3,0,4,0,"7,11,13",-,"1,7,11,13",-,0.000000000,0.000000000
COMPARISON_RELAXED,30,3.000000000000,108.000000000000,108,102.600000000000,103,0.950000000000,-0.050000000000,1.200000000000,1.140000000000,0.971331182323,0.969845386660,-0.001485795663,yes,yes,yes,4,3,3,0,4,0,"7,11,13",-,"1,7,11,13",-,0.000000000,0.000000000
COMPARISON_RELAXED,30,3.000000000000,108.000000000000,108,105.840000000000,106,0.980000000000,-0.020000000000,1.200000000000,1.176000000000,0.971331182323,0.970754785465,-0.000576396858,yes,yes,yes,4,3,3,0,4,1,"7,11,13",-,"1,7,11,13",7,0.052893708,0.052893708
COMPARISON_RELAXED,30,3.000000000000,108.000000000000,108,108.000000000000,108,1.000000000000,0.000000000000,1.200000000000,1.200000000000,0.971331182323,0.971331182323,0.000000000000,yes,yes,yes,4,3,3,0,4,1,"7,11,13",-,"1,7,11,13",7,0.058904145,0.058904145
COMPARISON_RELAXED,30,3.000000000000,108.000000000000,108,110.160000000000,111,1.020000000000,0.020000000000,1.200000000000,1.224000000000,0.971331182323,0.971885300100,0.000554117777,yes,yes,yes,4,3,3,0,4,2,"7,11,13",-,"1,7,11,13","7,11",0.064678838,0.057909951
COMPARISON_RELAXED,30,3.000000000000,108.000000000000,108,113.400000000000,114,1.050000000000,0.050000000000,1.200000000000,1.260000000000,0.971331182323,0.972677449223,0.001346266900,yes,yes,yes,4,3,3,0,4,2,"7,11,13",-,"1,7,11,13","7,11",0.072928327,0.065298657
COMPARISON_RELAXED,30,3.000000000000,108.000000000000,108,118.800000000000,119,1.100000000000,0.100000000000,1.200000000000,1.320000000000,0.971331182323,0.973902958593,0.002571776270,yes,yes,yes,4,3,3,0,4,2,"7,11,13",-,"1,7,11,13","7,11",0.085677369,0.076718557
COMPARISON_RELAXED,50,3.000000000000,157.500000000000,158,141.750000000000,142,0.900000000000,-0.100000000000,1.050000000000,0.945000000000,0.980251321813,0.978081325432,-0.002169996380,no,no,no,10,8,8,0,10,0,"7,9,11,13,17,19,21,23",-,"1,3,7,9,11,13,17,19,21,23",-,0.000000000,0.000000000
COMPARISON_RELAXED,50,3.000000000000,157.500000000000,158,149.625000000000,150,0.950000000000,-0.050000000000,1.050000000000,0.997500000000,0.980251321813,0.979222826157,-0.001028495656,no,no,no,10,8,8,0,10,0,"7,9,11,13,17,19,21,23",-,"1,3,7,9,11,13,17,19,21,23",-,0.000000000,0.000000000
COMPARISON_RELAXED,50,3.000000000000,157.500000000000,158,154.350000000000,155,0.980000000000,-0.020000000000,1.050000000000,1.029000000000,0.980251321813,0.979852388556,-0.000398933256,yes,no,no,10,8,8,0,10,0,"7,9,11,13,17,19,21,23",-,"1,3,7,9,11,13,17,19,21,23",-,0.000000000,0.000000000
COMPARISON_RELAXED,50,3.000000000000,157.500000000000,158,157.500000000000,158,1.000000000000,0.000000000000,1.050000000000,1.050000000000,0.980251321813,0.980251321813,0.000000000000,yes,yes,no,10,8,8,0,10,0,"7,9,11,13,17,19,21,23",-,"1,3,7,9,11,13,17,19,21,23",-,0.000000000,0.000000000
COMPARISON_RELAXED,50,3.000000000000,157.500000000000,158,160.650000000000,161,1.020000000000,0.020000000000,1.050000000000,1.071000000000,0.980251321813,0.980634764381,0.000383442568,yes,yes,no,10,8,8,0,10,0,"7,9,11,13,17,19,21,23",-,"1,3,7,9,11,13,17,19,21,23",-,0.000000000,0.000000000
COMPARISON_RELAXED,50,3.000000000000,157.500000000000,158,165.375000000000,166,1.050000000000,0.050000000000,1.050000000000,1.102500000000,0.980251321813,0.981182800950,0.000931479137,yes,yes,yes,10,8,8,0,10,0,"7,9,11,13,17,19,21,23",-,"1,3,7,9,11,13,17,19,21,23",-,0.000000000,0.000000000
COMPARISON_RELAXED,50,3.000000000000,157.500000000000,158,173.250000000000,174,1.100000000000,0.100000000000,1.050000000000,1.155000000000,0.980251321813,0.982030371890,0.001779050078,yes,yes,yes,10,8,8,0,10,1,"7,9,11,13,17,19,21,23",-,"1,3,7,9,11,13,17,19,21,23",17,0.063219941,0.063219941
COMPARISON_RELAXED,50,3.000000000000,165.000000000000,165,148.500000000000,149,0.900000000000,-0.100000000000,1.100000000000,0.990000000000,0.981140441700,0.979067088134,-0.002073353566,no,no,no,10,8,8,0,10,0,"7,9,11,13,17,19,21,23",-,"1,3,7,9,11,13,17,19,21,23",-,0.000000000,0.000000000
COMPARISON_RELAXED,50,3.000000000000,165.000000000000,165,156.750000000000,157,0.950000000000,-0.050000000000,1.100000000000,1.045000000000,0.981140441700,0.980157777359,-0.000982664341,yes,no,no,10,8,8,0,10,0,"7,9,11,13,17,19,21,23",-,"1,3,7,9,11,13,17,19,21,23",-,0.000000000,0.000000000
COMPARISON_RELAXED,50,3.000000000000,165.000000000000,165,161.700000000000,162,0.980000000000,-0.020000000000,1.100000000000,1.078000000000,0.981140441700,0.980759291132,-0.000381150569,yes,yes,no,10,8,8,0,10,0,"7,9,11,13,17,19,21,23",-,"1,3,7,9,11,13,17,19,21,23",-,0.000000000,0.000000000
COMPARISON_RELAXED,50,3.000000000000,165.000000000000,165,165.000000000000,165,1.000000000000,0.000000000000,1.100000000000,1.100000000000,0.981140441700,0.981140441700,0.000000000000,yes,yes,yes,10,8,8,0,10,0,"7,9,11,13,17,19,21,23",-,"1,3,7,9,11,13,17,19,21,23",-,0.000000000,0.000000000
COMPARISON_RELAXED,50,3.000000000000,165.000000000000,165,168.300000000000,169,1.020000000000,0.020000000000,1.100000000000,1.122000000000,0.981140441700,0.981506785378,0.000366343678,yes,yes,yes,10,8,8,0,10,1,"7,9,11,13,17,19,21,23",-,"1,3,7,9,11,13,17,19,21,23",17,0.051207631,0.051207631
COMPARISON_RELAXED,50,3.000000000000,165.000000000000,165,173.250000000000,174,1.050000000000,0.050000000000,1.100000000000,1.155000000000,0.981140441700,0.982030371890,0.000889930190,yes,yes,yes,10,8,8,0,10,1,"7,9,11,13,17,19,21,23",-,"1,3,7,9,11,13,17,19,21,23",17,0.063219941,0.063219941
COMPARISON_RELAXED,50,3.000000000000,165.000000000000,165,181.500000000000,182,1.100000000000,0.100000000000,1.100000000000,1.210000000000,0.981140441700,0.982840102962,0.001699661262,yes,yes,yes,10,8,8,0,10,1,"7,9,11,13,17,19,21,23",-,"1,3,7,9,11,13,17,19,21,23",17,0.081799211,0.081799211
COMPARISON_RELAXED,50,3.000000000000,172.500000000000,173,155.250000000000,156,0.900000000000,-0.100000000000,1.150000000000,1.035000000000,0.981952954475,0.979968004588,-0.001984949888,yes,no,no,10,8,8,0,10,0,"7,9,11,13,17,19,21,23",-,"1,3,7,9,11,13,17,19,21,23",-,0.000000000,0.000000000
COMPARISON_RELAXED,50,3.000000000000,172.500000000000,173,163.875000000000,164,0.950000000000,-0.050000000000,1.150000000000,1.092500000000,0.981952954475,0.981012211970,-0.000940742505,yes,yes,no,10,8,8,0,10,0,"7,9,11,13,17,19,21,23",-,"1,3,7,9,11,13,17,19,21,23",-,0.000000000,0.000000000
COMPARISON_RELAXED,50,3.000000000000,172.500000000000,173,169.050000000000,170,0.980000000000,-0.020000000000,1.150000000000,1.127000000000,0.981952954475,0.981588069235,-0.000364885241,yes,yes,yes,10,8,8,0,10,1,"7,9,11,13,17,19,21,23",-,"1,3,7,9,11,13,17,19,21,23",17,0.053072403,0.053072403
COMPARISON_RELAXED,50,3.000000000000,172.500000000000,173,172.500000000000,173,1.000000000000,0.000000000000,1.150000000000,1.150000000000,0.981952954475,0.981952954475,0.000000000000,yes,yes,yes,10,8,8,0,10,1,"7,9,11,13,17,19,21,23",-,"1,3,7,9,11,13,17,19,21,23",17,0.061443734,0.061443734
COMPARISON_RELAXED,50,3.000000000000,172.500000000000,173,175.950000000000,176,1.020000000000,0.020000000000,1.150000000000,1.173000000000,0.981952954475,0.982303658836,0.000350704361,yes,yes,yes,10,8,8,0,10,1,"7,9,11,13,17,19,21,23",-,"1,3,7,9,11,13,17,19,21,23",17,0.069490220,0.069490220
COMPARISON_RELAXED,50,3.000000000000,172.500000000000,173,181.125000000000,182,1.050000000000,0.050000000000,1.150000000000,1.207500000000,0.981952954475,0.982804883322,0.000851928847,yes,yes,yes,10,8,8,0,10,1,"7,9,11,13,17,19,21,23",-,"1,3,7,9,11,13,17,19,21,23",17,0.080991044,0.080991044
COMPARISON_RELAXED,50,3.000000000000,172.500000000000,173,189.750000000000,190,1.100000000000,0.100000000000,1.150000000000,1.265000000000,0.981952954475,0.983580008250,0.001627053775,yes,yes,yes,10,8,8,0,10,1,"7,9,11,13,17,19,21,23",-,"1,3,7,9,11,13,17,19,21,23",17,0.098778543,0.098778543
COMPARISON_RELAXED,50,3.000000000000,180.000000000000,180,162.000000000000,162,0.900000000000,-0.100000000000,1.200000000000,1.080000000000,0.982698351630,0.980794576600,-0.001903775031,yes,yes,no,10,8,8,0,10,0,"7,9,11,13,17,19,21,23",-,"1,3,7,9,11,13,17,19,21,23",-,0.000000000,0.000000000
COMPARISON_RELAXED,50,3.000000000000,180.000000000000,180,171.000000000000,171,0.950000000000,-0.050000000000,1.200000000000,1.140000000000,0.982698351630,0.981796101143,-0.000902250488,yes,yes,yes,10,8,8,0,10,1,"7,9,11,13,17,19,21,23",-,"1,3,7,9,11,13,17,19,21,23",17,0.057845082,0.057845082
COMPARISON_RELAXED,50,3.000000000000,180.000000000000,180,176.400000000000,177,0.980000000000,-0.020000000000,1.200000000000,1.176000000000,0.982698351630,0.982348400582,-0.000349951048,yes,yes,yes,10,8,8,0,10,1,"7,9,11,13,17,19,21,23",-,"1,3,7,9,11,13,17,19,21,23",17,0.070516800,0.070516800
COMPARISON_RELAXED,50,3.000000000000,180.000000000000,180,180.000000000000,180,1.000000000000,0.000000000000,1.200000000000,1.200000000000,0.982698351630,0.982698351630,0.000000000000,yes,yes,yes,10,8,8,0,10,1,"7,9,11,13,17,19,21,23",-,"1,3,7,9,11,13,17,19,21,23",17,0.078546544,0.078546544
COMPARISON_RELAXED,50,3.000000000000,180.000000000000,180,183.600000000000,184,1.020000000000,0.020000000000,1.200000000000,1.224000000000,0.982698351630,0.983034697049,0.000336345419,yes,yes,yes,10,8,8,0,10,1,"7,9,11,13,17,19,21,23",-,"1,3,7,9,11,13,17,19,21,23",17,0.086264550,0.086264550
COMPARISON_RELAXED,50,3.000000000000,180.000000000000,180,189.000000000000,189,1.050000000000,0.050000000000,1.200000000000,1.260000000000,0.982698351630,0.983515391065,0.000817039434,yes,yes,yes,10,8,8,0,10,1,"7,9,11,13,17,19,21,23",-,"1,3,7,9,11,13,17,19,21,23",17,0.097295626,0.097295626
COMPARISON_RELAXED,50,3.000000000000,180.000000000000,180,198.000000000000,198,1.100000000000,0.100000000000,1.200000000000,1.320000000000,0.982698351630,0.984258746108,0.001560394478,yes,yes,yes,10,8,8,0,10,2,"7,9,11,13,17,19,21,23",-,"1,3,7,9,11,13,17,19,21,23","11,17",0.114356021,0.082526775
COMPARISON_RELAXED,9,4.000000000000,37.800000000000,38,34.020000000000,35,0.900000000000,-0.100000000000,1.050000000000,0.945000000000,0.920271066136,0.911819994993,-0.008451071144,no,no,no,3,3,3,0,3,0,"1,2,4",-,"1,2,4",-,0.000000000,0.000000000
COMPARISON_RELAXED,9,4.000000000000,37.800000000000,38,35.910000000000,36,0.950000000000,-0.050000000000,1.050000000000,0.997500000000,0.920271066136,0.916257994751,-0.004013071386,no,no,no,3,3,3,0,3,0,"1,2,4",-,"1,2,4",-,0.000000000,0.000000000
COMPARISON_RELAXED,9,4.000000000000,37.800000000000,38,37.044000000000,38,0.980000000000,-0.020000000000,1.050000000000,1.029000000000,0.920271066136,0.918712850800,-0.001558215336,yes,no,no,3,3,3,0,3,3,"1,2,4",-,"1,2,4","1,2,4",0.176013801,0.112855665
COMPARISON_RELAXED,9,4.000000000000,37.800000000000,38,37.800000000000,38,1.000000000000,0.000000000000,1.050000000000,1.050000000000,0.920271066136,0.920271066136,0.000000000000,yes,yes,no,3,3,3,0,3,3,"1,2,4",-,"1,2,4","1,2,4",0.295244981,0.189767757
COMPARISON_RELAXED,9,4.000000000000,37.800000000000,38,38.556000000000,39,1.020000000000,0.020000000000,1.050000000000,1.071000000000,0.920271066136,0.921770716149,0.001499650013,yes,yes,no,3,3,3,0,3,3,"1,2,4",-,"1,2,4","1,2,4",0.408120440,0.262949034
COMPARISON_RELAXED,9,4.000000000000,37.800000000000,38,39.690000000000,40,1.050000000000,0.050000000000,1.050000000000,1.102500000000,0.920271066136,0.923917399767,0.003646333630,yes,yes,yes,3,3,3,0,3,3,"1,2,4",-,"1,2,4","1,2,4",0.566481105,0.366266266
COMPARISON_RELAXED,9,4.000000000000,37.800000000000,38,41.580000000000,42,1.100000000000,0.100000000000,1.050000000000,1.155000000000,0.920271066136,0.927245033413,0.006973967276,yes,yes,yes,3,3,3,0,3,3,"1,2,4",-,"1,2,4","1,2,4",0.804430099,0.523060123
COMPARISON_RELAXED,9,4.000000000000,39.600000000000,40,35.640000000000,36,0.900000000000,-0.100000000000,1.100000000000,0.990000000000,0.923751338026,0.915651515011,-0.008099823015,no,no,no,3,3,3,0,3,0,"1,2,4",-,"1,2,4",-,0.000000000,0.000000000
COMPARISON_RELAXED,9,4.000000000000,39.600000000000,40,37.620000000000,38,0.950000000000,-0.050000000000,1.100000000000,1.045000000000,0.923751338026,0.919905500951,-0.003845837075,yes,no,no,3,3,3,0,3,3,"1,2,4",-,"1,2,4","1,2,4",0.267450625,0.171803568
COMPARISON_RELAXED,9,4.000000000000,39.600000000000,40,38.808000000000,39,0.980000000000,-0.020000000000,1.100000000000,1.078000000000,0.923751338026,0.922258151586,-0.001493186441,yes,yes,no,3,3,3,0,3,3,"1,2,4",-,"1,2,4","1,2,4",0.444411381,0.286557515
COMPARISON_RELAXED,9,4.000000000000,39.600000000000,40,39.600000000000,40,1.000000000000,0.000000000000,1.100000000000,1.100000000000,0.923751338026,0.923751338026,0.000000000000,yes,yes,yes,3,3,3,0,3,3,"1,2,4",-,"1,2,4","1,2,4",0.554366296,0.358334490
COMPARISON_RELAXED,9,4.000000000000,39.600000000000,40,40.392000000000,41,1.020000000000,0.020000000000,1.100000000000,1.122000000000,0.923751338026,0.925188290501,0.001436952475,yes,yes,yes,3,3,3,0,3,3,"1,2,4",-,"1,2,4","1,2,4",0.658442310,0.426632169
COMPARISON_RELAXED,9,4.000000000000,39.600000000000,40,41.580000000000,42,1.050000000000,0.050000000000,1.100000000000,1.155000000000,0.923751338026,0.927245033413,0.003493695386,yes,yes,yes,3,3,3,0,3,3,"1,2,4",-,"1,2,4","1,2,4",0.804430099,0.523060123
COMPARISON_RELAXED,9,4.000000000000,39.600000000000,40,43.560000000000,44,1.100000000000,0.100000000000,1.100000000000,1.210000000000,0.923751338026,0.930432802515,0.006681464488,yes,yes,yes,3,3,3,0,3,3,"1,2,4",-,"1,2,4","1,2,4",1.023731891,0.669415099
COMPARISON_RELAXED,9,4.000000000000,41.400000000000,42,37.260000000000,38,0.900000000000,-0.100000000000,1.150000000000,1.035000000000,0.926940699914,0.919164229974,-0.007776469940,yes,no,no,3,3,3,0,3,3,"1,2,4",-,"1,2,4","1,2,4",0.210756013,0.135226701
COMPARISON_RELAXED,9,4.000000000000,41.400000000000,42,39.330000000000,40,0.950000000000,-0.050000000000,1.150000000000,1.092500000000,0.926940699914,0.923248778309,-0.003691921605,yes,yes,no,3,3,3,0,3,3,"1,2,4",-,"1,2,4","1,2,4",0.517564067,0.334268285
COMPARISON_RELAXED,9,4.000000000000,41.400000000000,42,40.572000000000,41,0.980000000000,-0.020000000000,1.150000000000,1.127000000000,0.926940699914,0.925507355310,-0.001433344604,yes,yes,yes,3,3,3,0,3,3,"1,2,4",-,"1,2,4","1,2,4",0.681319712,0.441693708
COMPARISON_RELAXED,9,4.000000000000,41.400000000000,42,41.400000000000,42,1.000000000000,0.000000000000,1.150000000000,1.150000000000,0.926940699914,0.926940699914,0.000000000000,yes,yes,yes,3,3,3,0,3,3,"1,2,4",-,"1,2,4","1,2,4",0.783050122,0.508890534
COMPARISON_RELAXED,9,4.000000000000,41.400000000000,42,42.228000000000,43,1.020000000000,0.020000000000,1.150000000000,1.173000000000,0.926940699914,0.928319965560,0.001379265646,yes,yes,yes,3,3,3,0,3,3,"1,2,4",-,"1,2,4","1,2,4",0.879328365,0.572833470
COMPARISON_RELAXED,9,4.000000000000,41.400000000000,42,43.470000000000,44,1.050000000000,0.050000000000,1.150000000000,1.207500000000,0.926940699914,0.930293972071,0.003353272157,yes,yes,yes,3,3,3,0,3,3,"1,2,4",-,"1,2,4","1,2,4",1.014358120,0.663119855
COMPARISON_RELAXED,9,4.000000000000,41.400000000000,42,45.540000000000,46,1.100000000000,0.100000000000,1.150000000000,1.265000000000,0.926940699914,0.933353117779,0.006412417865,yes,yes,yes,3,3,3,0,3,3,"1,2,4",-,"1,2,4","1,2,4",1.217158662,0.800172238
COMPARISON_RELAXED,9,4.000000000000,43.200000000000,44,38.880000000000,39,0.900000000000,-0.100000000000,1.200000000000,1.080000000000,0.929874138355,0.922396306098,-0.007477832258,yes,yes,no,3,3,3,0,3,3,"1,2,4",-,"1,2,4","1,2,4",0.454661851,0.293233011
COMPARISON_RELAXED,9,4.000000000000,43.200000000000,44,41.040000000000,42,0.950000000000,-0.050000000000,1.200000000000,1.140000000000,0.929874138355,0.926324336182,-0.003549802173,yes,yes,yes,3,3,3,0,3,3,"1,2,4",-,"1,2,4","1,2,4",0.739513408,0.480087892
COMPARISON_RELAXED,9,4.000000000000,43.200000000000,44,42.336000000000,43,0.980000000000,-0.020000000000,1.200000000000,1.176000000000,0.929874138355,0.928496042579,-0.001378095777,yes,yes,yes,3,3,3,0,3,3,"1,2,4",-,"1,2,4","1,2,4",0.891505047,0.580945624
COMPARISON_RELAXED,9,4.000000000000,43.200000000000,44,43.200000000000,44,1.000000000000,0.000000000000,1.200000000000,1.200000000000,0.929874138355,0.929874138355,0.000000000000,yes,yes,yes,3,3,3,0,3,3,"1,2,4",-,"1,2,4","1,2,4",0.985912857,0.644038934
COMPARISON_RELAXED,9,4.000000000000,43.200000000000,44,44.064000000000,45,1.020000000000,0.020000000000,1.200000000000,1.224000000000,0.929874138355,0.931200152845,0.001326014490,yes,yes,yes,3,3,3,0,3,3,"1,2,4",-,"1,2,4","1,2,4",1.075251436,0.704081049
COMPARISON_RELAXED,9,4.000000000000,43.200000000000,44,45.360000000000,46,1.050000000000,0.050000000000,1.200000000000,1.260000000000,0.929874138355,0.933097798471,0.003223660115,yes,yes,yes,3,3,3,0,3,3,"1,2,4",-,"1,2,4","1,2,4",1.200533851,0.788867182
COMPARISON_RELAXED,9,4.000000000000,43.200000000000,44,47.520000000000,48,1.100000000000,0.100000000000,1.200000000000,1.320000000000,0.929874138355,0.936038264079,0.006164125724,yes,yes,yes,3,3,3,0,3,3,"1,2,4",-,"1,2,4","1,2,4",1.388666532,0.917590637
COMPARISON_RELAXED,12,4.000000000000,50.400000000000,51,45.360000000000,46,0.900000000000,-0.100000000000,1.050000000000,0.945000000000,0.939579259038,0.933097798471,-0.006481460567,no,no,no,2,1,1,0,2,0,5,-,"1,5",-,0.000000000,0.000000000
COMPARISON_RELAXED,12,4.000000000000,50.400000000000,51,47.880000000000,48,0.950000000000,-0.050000000000,1.050000000000,0.997500000000,0.939579259038,0.936503408616,-0.003075850421,no,no,no,2,1,1,0,2,0,5,-,"1,5",-,0.000000000,0.000000000
COMPARISON_RELAXED,12,4.000000000000,50.400000000000,51,49.392000000000,50,0.980000000000,-0.020000000000,1.050000000000,1.029000000000,0.939579259038,0.938385365904,-0.001193893134,yes,no,no,2,1,1,0,2,0,5,-,"1,5",-,0.000000000,0.000000000
COMPARISON_RELAXED,12,4.000000000000,50.400000000000,51,50.400000000000,51,1.000000000000,0.000000000000,1.050000000000,1.050000000000,0.939579259038,0.939579259038,0.000000000000,yes,yes,no,2,1,1,0,2,1,5,-,"1,5",5,0.053494194,0.053494194
COMPARISON_RELAXED,12,4.000000000000,50.400000000000,51,51.408000000000,52,1.020000000000,0.020000000000,1.050000000000,1.071000000000,0.939579259038,0.940727785917,0.001148526879,yes,yes,no,2,1,1,0,2,1,5,-,"1,5",5,0.074508070,0.074508070
COMPARISON_RELAXED,12,4.000000000000,50.400000000000,51,52.920000000000,53,1.050000000000,0.050000000000,1.050000000000,1.102500000000,0.939579259038,0.942371011585,0.002791752547,yes,yes,yes,2,1,1,0,2,1,5,-,"1,5",5,0.104562656,0.104562656
COMPARISON_RELAXED,12,4.000000000000,50.400000000000,51,55.440000000000,56,1.100000000000,0.100000000000,1.050000000000,1.155000000000,0.939579259038,0.944916273243,0.005337014205,yes,yes,yes,2,1,1,0,2,1,5,-,"1,5",5,0.151090698,0.151090698
COMPARISON_RELAXED,12,4.000000000000,52.800000000000,53,47.520000000000,48,0.900000000000,-0.100000000000,1.100000000000,0.990000000000,0.942243931257,0.936038264079,-0.006205667177,no,no,no,2,1,1,0,2,0,5,-,"1,5",-,0.000000000,0.000000000
COMPARISON_RELAXED,12,4.000000000000,52.800000000000,53,50.160000000000,51,0.950000000000,-0.050000000000,1.100000000000,1.045000000000,0.942243931257,0.939299212694,-0.002944718563,yes,no,no,2,1,1,0,2,0,5,-,"1,5",-,0.000000000,0.000000000
COMPARISON_RELAXED,12,4.000000000000,52.800000000000,53,51.744000000000,52,0.980000000000,-0.020000000000,1.100000000000,1.078000000000,0.942243931257,0.941100990714,-0.001142940542,yes,yes,no,2,1,1,0,2,1,5,-,"1,5",5,0.081335071,0.081335071
COMPARISON_RELAXED,12,4.000000000000,52.800000000000,53,52.800000000000,53,1.000000000000,0.000000000000,1.100000000000,1.100000000000,0.942243931257,0.942243931257,0.000000000000,yes,yes,yes,2,1,1,0,2,1,5,-,"1,5",5,0.102238801,0.102238801
COMPARISON_RELAXED,12,4.000000000000,52.800000000000,53,53.856000000000,54,1.020000000000,0.020000000000,1.100000000000,1.122000000000,0.942243931257,0.943343377534,0.001099446277,yes,yes,yes,2,1,1,0,2,1,5,-,"1,5",5,0.122341340,0.122341340
COMPARISON_RELAXED,12,4.000000000000,52.800000000000,53,55.440000000000,56,1.050000000000,0.050000000000,1.100000000000,1.155000000000,0.942243931257,0.944916273243,0.002672341986,yes,yes,yes,2,1,1,0,2,1,5,-,"1,5",5,0.151090698,0.151090698
COMPARISON_RELAXED,12,4.000000000000,52.800000000000,53,58.080000000000,59,1.100000000000,0.100000000000,1.100000000000,1.210000000000,0.942243931257,0.947352344957,0.005108413700,yes,yes,yes,2,1,1,0,2,1,5,-,"1,5",5,0.195593940,0.195593940
COMPARISON_RELAXED,12,4.000000000000,55.200000000000,56,49.680000000000,50,0.900000000000,-0.100000000000,1.150000000000,1.035000000000,0.944683590777,0.938731263205,-0.005952327572,yes,no,no,2,1,1,0,2,0,5,-,"1,5",-,0.000000000,0.000000000
COMPARISON_RELAXED,12,4.000000000000,55.200000000000,56,52.440000000000,53,0.950000000000,-0.050000000000,1.150000000000,1.092500000000,0.944683590777,0.941859306674,-0.002824284103,yes,yes,no,2,1,1,0,2,1,5,-,"1,5",5,0.095204909,0.095204909
COMPARISON_RELAXED,12,4.000000000000,55.200000000000,56,54.096000000000,55,0.980000000000,-0.020000000000,1.150000000000,1.127000000000,0.944683590777,0.943587441699,-0.001096149079,yes,yes,yes,2,1,1,0,2,1,5,-,"1,5",5,0.126803103,0.126803103
COMPARISON_RELAXED,12,4.000000000000,55.200000000000,56,55.200000000000,56,1.000000000000,0.000000000000,1.150000000000,1.150000000000,0.944683590777,0.944683590777,0.000000000000,yes,yes,yes,2,1,1,0,2,1,5,-,"1,5",5,0.146838468,0.146838468
COMPARISON_RELAXED,12,4.000000000000,55.200000000000,56,56.304000000000,57,1.020000000000,0.020000000000,1.150000000000,1.173000000000,0.944683590777,0.945737970134,0.001054379357,yes,yes,yes,2,1,1,0,2,1,5,-,"1,5",5,0.166105000,0.166105000
COMPARISON_RELAXED,12,4.000000000000,55.200000000000,56,57.960000000000,58,1.050000000000,0.050000000000,1.150000000000,1.207500000000,0.944683590777,0.947246296524,0.002562705746,yes,yes,yes,2,1,1,0,2,1,5,-,"1,5",5,0.193657194,0.193657194
COMPARISON_RELAXED,12,4.000000000000,55.200000000000,56,60.720000000000,61,1.100000000000,0.100000000000,1.150000000000,1.265000000000,0.944683590777,0.949582143317,0.004898552539,yes,yes,yes,2,1,1,0,2,1,5,-,"1,5",5,0.236303680,0.236303680
COMPARISON_RELAXED,12,4.000000000000,57.600000000000,58,51.840000000000,52,0.900000000000,-0.100000000000,1.200000000000,1.080000000000,0.946925573258,0.941206759398,-0.005718813860,yes,yes,no,2,1,1,0,2,1,5,-,"1,5",5,0.083269772,0.083269772
COMPARISON_RELAXED,12,4.000000000000,57.600000000000,58,54.720000000000,55,0.950000000000,-0.050000000000,1.200000000000,1.140000000000,0.946925573258,0.944212280790,-0.002713292468,yes,yes,yes,2,1,1,0,2,1,5,-,"1,5",5,0.138224579,0.138224579
COMPARISON_RELAXED,12,4.000000000000,57.600000000000,58,56.448000000000,57,0.980000000000,-0.020000000000,1.200000000000,1.176000000000,0.946925573258,0.945872543081,-0.001053030177,yes,yes,yes,2,1,1,0,2,1,5,-,"1,5",5,0.168563652,0.168563652
COMPARISON_RELAXED,12,4.000000000000,57.600000000000,58,57.600000000000,58,1.000000000000,0.000000000000,1.200000000000,1.200000000000,0.946925573258,0.946925573258,0.000000000000,yes,yes,yes,2,1,1,0,2,1,5,-,"1,5",5,0.187799546,0.187799546
COMPARISON_RELAXED,12,4.000000000000,57.600000000000,58,58.752000000000,59,1.020000000000,0.020000000000,1.200000000000,1.224000000000,0.946925573258,0.947938427458,0.001012854200,yes,yes,yes,2,1,1,0,2,1,5,-,"1,5",5,0.206296485,0.206296485
COMPARISON_RELAXED,12,4.000000000000,57.600000000000,58,60.480000000000,61,1.050000000000,0.050000000000,1.200000000000,1.260000000000,0.946925573258,0.949387266718,0.002461693460,yes,yes,yes,2,1,1,0,2,1,5,-,"1,5",5,0.232746764,0.232746764
COMPARISON_RELAXED,12,4.000000000000,57.600000000000,58,63.360000000000,64,1.100000000000,0.100000000000,1.200000000000,1.320000000000,0.946925573258,0.951630795163,0.004705221905,yes,yes,yes,2,1,1,0,2,1,5,-,"1,5",5,0.273684551,0.273684551
COMPARISON_RELAXED,30,4.000000000000,126.000000000000,126,113.400000000000,114,0.900000000000,-0.100000000000,1.050000000000,0.945000000000,0.975375621621,0.972677449223,-0.002698172398,no,no,no,4,3,3,0,4,0,"7,11,13",-,"1,7,11,13",-,0.000000000,0.000000000
COMPARISON_RELAXED,30,4.000000000000,126.000000000000,126,119.700000000000,120,0.950000000000,-0.050000000000,1.050000000000,0.997500000000,0.975375621621,0.974096602116,-0.001279019505,no,no,no,4,3,3,0,4,0,"7,11,13",-,"1,7,11,13",-,0.000000000,0.000000000
COMPARISON_RELAXED,30,4.000000000000,126.000000000000,126,123.480000000000,124,0.980000000000,-0.020000000000,1.050000000000,1.029000000000,0.975375621621,0.974879474786,-0.000496146835,yes,no,no,4,3,3,0,4,0,"7,11,13",-,"1,7,11,13",-,0.000000000,0.000000000
COMPARISON_RELAXED,30,4.000000000000,126.000000000000,126,126.000000000000,126,1.000000000000,0.000000000000,1.050000000000,1.050000000000,0.975375621621,0.975375621621,0.000000000000,yes,yes,no,4,3,3,0,4,0,"7,11,13",-,"1,7,11,13",-,0.000000000,0.000000000
COMPARISON_RELAXED,30,4.000000000000,126.000000000000,126,128.520000000000,129,1.020000000000,0.020000000000,1.050000000000,1.071000000000,0.975375621621,0.975852551044,0.000476929424,yes,yes,no,4,3,3,0,4,0,"7,11,13",-,"1,7,11,13",-,0.000000000,0.000000000
COMPARISON_RELAXED,30,4.000000000000,126.000000000000,126,132.300000000000,133,1.050000000000,0.050000000000,1.050000000000,1.102500000000,0.975375621621,0.976534285825,0.001158664204,yes,yes,yes,4,3,3,0,4,0,"7,11,13",-,"1,7,11,13",-,0.000000000,0.000000000
COMPARISON_RELAXED,30,4.000000000000,126.000000000000,126,138.600000000000,139,1.100000000000,0.100000000000,1.050000000000,1.155000000000,0.975375621621,0.977588818378,0.002213196758,yes,yes,yes,4,3,3,0,4,0,"7,11,13",-,"1,7,11,13",-,0.000000000,0.000000000
COMPARISON_RELAXED,30,4.000000000000,132.000000000000,132,118.800000000000,119,0.900000000000,-0.100000000000,1.100000000000,0.990000000000,0.976481589243,0.973902958593,-0.002578630649,no,no,no,4,3,3,0,4,0,"7,11,13",-,"1,7,11,13",-,0.000000000,0.000000000
COMPARISON_RELAXED,30,4.000000000000,132.000000000000,132,125.400000000000,126,0.950000000000,-0.050000000000,1.100000000000,1.045000000000,0.976481589243,0.975259277316,-0.001222311926,yes,no,no,4,3,3,0,4,0,"7,11,13",-,"1,7,11,13",-,0.000000000,0.000000000
COMPARISON_RELAXED,30,4.000000000000,132.000000000000,132,129.360000000000,130,0.980000000000,-0.020000000000,1.100000000000,1.078000000000,0.976481589243,0.976007448711,-0.000474140531,yes,yes,no,4,3,3,0,4,0,"7,11,13",-,"1,7,11,13",-,0.000000000,0.000000000
COMPARISON_RELAXED,30,4.000000000000,132.000000000000,132,132.000000000000,132,1.000000000000,0.000000000000,1.100000000000,1.100000000000,0.976481589243,0.976481589243,0.000000000000,yes,yes,yes,4,3,3,0,4,0,"7,11,13",-,"1,7,11,13",-,0.000000000,0.000000000
COMPARISON_RELAXED,30,4.000000000000,132.000000000000,132,134.640000000000,135,1.020000000000,0.020000000000,1.100000000000,1.122000000000,0.976481589243,0.976937354281,0.000455765039,yes,yes,yes,4,3,3,0,4,0,"7,11,13",-,"1,7,11,13",-,0.000000000,0.000000000
COMPARISON_RELAXED,30,4.000000000000,132.000000000000,132,138.600000000000,139,1.050000000000,0.050000000000,1.100000000000,1.155000000000,0.976481589243,0.977588818378,0.001107229136,yes,yes,yes,4,3,3,0,4,0,"7,11,13",-,"1,7,11,13",-,0.000000000,0.000000000
COMPARISON_RELAXED,30,4.000000000000,132.000000000000,132,145.200000000000,146,1.100000000000,0.100000000000,1.100000000000,1.210000000000,0.976481589243,0.978596485941,0.002114896698,yes,yes,yes,4,3,3,0,4,1,"7,11,13",-,"1,7,11,13",7,0.061338112,0.061338112
COMPARISON_RELAXED,30,4.000000000000,138.000000000000,138,124.200000000000,125,0.900000000000,-0.100000000000,1.150000000000,1.035000000000,0.977492487477,0.975023259319,-0.002469228159,yes,no,no,4,3,3,0,4,0,"7,11,13",-,"1,7,11,13",-,0.000000000,0.000000000
COMPARISON_RELAXED,30,4.000000000000,138.000000000000,138,131.100000000000,132,0.950000000000,-0.050000000000,1.150000000000,1.092500000000,0.977492487477,0.976322069888,-0.001170417589,yes,yes,no,4,3,3,0,4,0,"7,11,13",-,"1,7,11,13",-,0.000000000,0.000000000
COMPARISON_RELAXED,30,4.000000000000,138.000000000000,138,135.240000000000,136,0.980000000000,-0.020000000000,1.150000000000,1.127000000000,0.977492487477,0.977038484659,-0.000454002819,yes,yes,yes,4,3,3,0,4,0,"7,11,13",-,"1,7,11,13",-,0.000000000,0.000000000
COMPARISON_RELAXED,30,4.000000000000,138.000000000000,138,138.000000000000,138,1.000000000000,0.000000000000,1.150000000000,1.150000000000,0.977492487477,0.977492487477,0.000000000000,yes,yes,yes,4,3,3,0,4,0,"7,11,13",-,"1,7,11,13",-,0.000000000,0.000000000
COMPARISON_RELAXED,30,4.000000000000,138.000000000000,138,140.760000000000,141,1.020000000000,0.020000000000,1.150000000000,1.173000000000,0.977492487477,0.977928886110,0.000436398632,yes,yes,yes,4,3,3,0,4,1,"7,11,13",-,"1,7,11,13",7,0.052125106,0.052125106
COMPARISON_RELAXED,30,4.000000000000,138.000000000000,138,144.900000000000,145,1.050000000000,0.050000000000,1.150000000000,1.207500000000,0.977492487477,0.978552652599,0.001060165121,yes,yes,yes,4,3,3,0,4,1,"7,11,13",-,"1,7,11,13",7,0.060733400,0.060733400
COMPARISON_RELAXED,30,4.000000000000,138.000000000000,138,151.800000000000,152,1.100000000000,0.100000000000,1.150000000000,1.265000000000,0.977492487477,0.979517442247,0.002024954770,yes,yes,yes,4,3,3,0,4,2,"7,11,13",-,"1,7,11,13","7,11",0.074036947,0.066291644
COMPARISON_RELAXED,30,4.000000000000,144.000000000000,144,129.600000000000,130,0.900000000000,-0.100000000000,1.200000000000,1.080000000000,0.978420068755,0.976051340881,-0.002368727875,yes,yes,no,4,3,3,0,4,0,"7,11,13",-,"1,7,11,13",-,0.000000000,0.000000000
COMPARISON_RELAXED,30,4.000000000000,144.000000000000,144,136.800000000000,137,0.950000000000,-0.050000000000,1.200000000000,1.140000000000,0.978420068755,0.977297319921,-0.001122748834,yes,yes,yes,4,3,3,0,4,0,"7,11,13",-,"1,7,11,13",-,0.000000000,0.000000000
COMPARISON_RELAXED,30,4.000000000000,144.000000000000,144,141.120000000000,142,0.980000000000,-0.020000000000,1.200000000000,1.176000000000,0.978420068755,0.977984563287,-0.000435505468,yes,yes,yes,4,3,3,0,4,1,"7,11,13",-,"1,7,11,13",7,0.052893708,0.052893708
COMPARISON_RELAXED,30,4.000000000000,144.000000000000,144,144.000000000000,144,1.000000000000,0.000000000000,1.200000000000,1.200000000000,0.978420068755,0.978420068755,0.000000000000,yes,yes,yes,4,3,3,0,4,1,"7,11,13",-,"1,7,11,13",7,0.058904145,0.058904145
COMPARISON_RELAXED,30,4.000000000000,144.000000000000,144,146.880000000000,147,1.020000000000,0.020000000000,1.200000000000,1.224000000000,0.978420068755,0.978838679249,0.000418610494,yes,yes,yes,4,3,3,0,4,2,"7,11,13",-,"1,7,11,13","7,11",0.064678838,0.057909951
COMPARISON_RELAXED,30,4.000000000000,144.000000000000,144,151.200000000000,152,1.050000000000,0.050000000000,1.200000000000,1.260000000000,0.978420068755,0.979437006600,0.001016937845,yes,yes,yes,4,3,3,0,4,2,"7,11,13",-,"1,7,11,13","7,11",0.072928327,0.065298657
COMPARISON_RELAXED,30,4.000000000000,144.000000000000,144,158.400000000000,159,1.100000000000,0.100000000000,1.200000000000,1.320000000000,0.978420068755,0.980362417504,0.001942348749,yes,yes,yes,4,3,3,0,4,2,"7,11,13",-,"1,7,11,13","7,11",0.085677369,0.076718557
COMPARISON_RELAXED,50,4.000000000000,210.000000000000,210,189.000000000000,189,0.900000000000,-0.100000000000,1.050000000000,0.945000000000,0.985151516759,0.983515391065,-0.001636125694,no,no,no,10,8,8,0,10,0,"7,9,11,13,17,19,21,23",-,"1,3,7,9,11,13,17,19,21,23",-,0.000000000,0.000000000
COMPARISON_RELAXED,50,4.000000000000,210.000000000000,210,199.500000000000,200,0.950000000000,-0.050000000000,1.050000000000,0.997500000000,0.985151516759,0.984376169512,-0.000775347247,no,no,no,10,8,8,0,10,0,"7,9,11,13,17,19,21,23",-,"1,3,7,9,11,13,17,19,21,23",-,0.000000000,0.000000000
COMPARISON_RELAXED,50,4.000000000000,210.000000000000,210,205.800000000000,206,0.980000000000,-0.020000000000,1.050000000000,1.029000000000,0.985151516759,0.984850799166,-0.000300717593,yes,no,no,10,8,8,0,10,0,"7,9,11,13,17,19,21,23",-,"1,3,7,9,11,13,17,19,21,23",-,0.000000000,0.000000000
COMPARISON_RELAXED,50,4.000000000000,210.000000000000,210,210.000000000000,210,1.000000000000,0.000000000000,1.050000000000,1.050000000000,0.985151516759,0.985151516759,0.000000000000,yes,yes,no,10,8,8,0,10,0,"7,9,11,13,17,19,21,23",-,"1,3,7,9,11,13,17,19,21,23",-,0.000000000,0.000000000
COMPARISON_RELAXED,50,4.000000000000,210.000000000000,210,214.200000000000,215,1.020000000000,0.020000000000,1.050000000000,1.071000000000,0.985151516759,0.985440528321,0.000289011561,yes,yes,no,10,8,8,0,10,0,"7,9,11,13,17,19,21,23",-,"1,3,7,9,11,13,17,19,21,23",-,0.000000000,0.000000000
COMPARISON_RELAXED,50,4.000000000000,210.000000000000,210,220.500000000000,221,1.050000000000,0.050000000000,1.050000000000,1.102500000000,0.985151516759,0.985853549602,0.000702032843,yes,yes,yes,10,8,8,0,10,0,"7,9,11,13,17,19,21,23",-,"1,3,7,9,11,13,17,19,21,23",-,0.000000000,0.000000000
COMPARISON_RELAXED,50,4.000000000000,210.000000000000,210,231.000000000000,231,1.100000000000,0.100000000000,1.050000000000,1.155000000000,0.985151516759,0.986492196944,0.001340680185,yes,yes,yes,10,8,8,0,10,1,"7,9,11,13,17,19,21,23",-,"1,3,7,9,11,13,17,19,21,23",17,0.063219941,0.063219941
COMPARISON_RELAXED,50,4.000000000000,220.000000000000,220,198.000000000000,198,0.900000000000,-0.100000000000,1.100000000000,0.990000000000,0.985821628129,0.984258746108,-0.001562882021,no,no,no,10,8,8,0,10,0,"7,9,11,13,17,19,21,23",-,"1,3,7,9,11,13,17,19,21,23",-,0.000000000,0.000000000
COMPARISON_RELAXED,50,4.000000000000,220.000000000000,220,209.000000000000,209,0.950000000000,-0.050000000000,1.100000000000,1.045000000000,0.985821628129,0.985081005321,-0.000740622808,yes,no,no,10,8,8,0,10,0,"7,9,11,13,17,19,21,23",-,"1,3,7,9,11,13,17,19,21,23",-,0.000000000,0.000000000
COMPARISON_RELAXED,50,4.000000000000,220.000000000000,220,215.600000000000,216,0.980000000000,-0.020000000000,1.100000000000,1.078000000000,0.985821628129,0.985534381542,-0.000287246587,yes,yes,no,10,8,8,0,10,0,"7,9,11,13,17,19,21,23",-,"1,3,7,9,11,13,17,19,21,23",-,0.000000000,0.000000000
COMPARISON_RELAXED,50,4.000000000000,220.000000000000,220,220.000000000000,220,1.000000000000,0.000000000000,1.100000000000,1.100000000000,0.985821628129,0.985821628129,0.000000000000,yes,yes,yes,10,8,8,0,10,0,"7,9,11,13,17,19,21,23",-,"1,3,7,9,11,13,17,19,21,23",-,0.000000000,0.000000000
COMPARISON_RELAXED,50,4.000000000000,220.000000000000,220,224.400000000000,225,1.020000000000,0.020000000000,1.100000000000,1.122000000000,0.985821628129,0.986097689286,0.000276061158,yes,yes,yes,10,8,8,0,10,1,"7,9,11,13,17,19,21,23",-,"1,3,7,9,11,13,17,19,21,23",17,0.051207631,0.051207631
COMPARISON_RELAXED,50,4.000000000000,220.000000000000,220,231.000000000000,231,1.050000000000,0.050000000000,1.100000000000,1.155000000000,0.985821628129,0.986492196944,0.000670568815,yes,yes,yes,10,8,8,0,10,1,"7,9,11,13,17,19,21,23",-,"1,3,7,9,11,13,17,19,21,23",17,0.063219941,0.063219941
COMPARISON_RELAXED,50,4.000000000000,220.000000000000,220,242.000000000000,242,1.100000000000,0.100000000000,1.100000000000,1.210000000000,0.985821628129,0.987102202113,0.001280573984,yes,yes,yes,10,8,8,0,10,1,"7,9,11,13,17,19,21,23",-,"1,3,7,9,11,13,17,19,21,23",17,0.081799211,0.081799211
COMPARISON_RELAXED,50,4.000000000000,230.000000000000,230,207.000000000000,207,0.900000000000,-0.100000000000,1.150000000000,1.035000000000,0.986433868447,0.984937954201,-0.001495914245,yes,no,no,10,8,8,0,10,0,"7,9,11,13,17,19,21,23",-,"1,3,7,9,11,13,17,19,21,23",-,0.000000000,0.000000000
COMPARISON_RELAXED,50,4.000000000000,230.000000000000,230,218.500000000000,219,0.950000000000,-0.050000000000,1.150000000000,1.092500000000,0.986433868447,0.985724993470,-0.000708874977,yes,yes,no,10,8,8,0,10,0,"7,9,11,13,17,19,21,23",-,"1,3,7,9,11,13,17,19,21,23",-,0.000000000,0.000000000
COMPARISON_RELAXED,50,4.000000000000,230.000000000000,230,225.400000000000,226,0.980000000000,-0.020000000000,1.150000000000,1.127000000000,0.986433868447,0.986158937855,-0.000274930592,yes,yes,yes,10,8,8,0,10,1,"7,9,11,13,17,19,21,23",-,"1,3,7,9,11,13,17,19,21,23",17,0.053072403,0.053072403
COMPARISON_RELAXED,50,4.000000000000,230.000000000000,230,230.000000000000,230,1.000000000000,0.000000000000,1.150000000000,1.150000000000,0.986433868447,0.986433868447,0.000000000000,yes,yes,yes,10,8,8,0,10,1,"7,9,11,13,17,19,21,23",-,"1,3,7,9,11,13,17,19,21,23",17,0.061443734,0.061443734
COMPARISON_RELAXED,50,4.000000000000,230.000000000000,230,234.600000000000,235,1.020000000000,0.020000000000,1.150000000000,1.173000000000,0.986433868447,0.986698089891,0.000264221444,yes,yes,yes,10,8,8,0,10,1,"7,9,11,13,17,19,21,23",-,"1,3,7,9,11,13,17,19,21,23",17,0.069490220,0.069490220
COMPARISON_RELAXED,50,4.000000000000,230.000000000000,230,241.500000000000,242,1.050000000000,0.050000000000,1.150000000000,1.207500000000,0.986433868447,0.987075672282,0.000641803835,yes,yes,yes,10,8,8,0,10,1,"7,9,11,13,17,19,21,23",-,"1,3,7,9,11,13,17,19,21,23",17,0.080991044,0.080991044
COMPARISON_RELAXED,50,4.000000000000,230.000000000000,230,253.000000000000,253,1.100000000000,0.100000000000,1.150000000000,1.265000000000,0.986433868447,0.987659493847,0.001225625401,yes,yes,yes,10,8,8,0,10,1,"7,9,11,13,17,19,21,23",-,"1,3,7,9,11,13,17,19,21,23",17,0.098778543,0.098778543
COMPARISON_RELAXED,50,4.000000000000,240.000000000000,240,216.000000000000,216,0.900000000000,-0.100000000000,1.200000000000,1.080000000000,0.986995423896,0.985560974919,-0.001434448977,yes,yes,no,10,8,8,0,10,0,"7,9,11,13,17,19,21,23",-,"1,3,7,9,11,13,17,19,21,23",-,0.000000000,0.000000000
COMPARISON_RELAXED,50,4.000000000000,240.000000000000,240,228.000000000000,228,0.950000000000,-0.050000000000,1.200000000000,1.140000000000,0.986995423896,0.986315687102,-0.000679736794,yes,yes,yes,10,8,8,0,10,1,"7,9,11,13,17,19,21,23",-,"1,3,7,9,11,13,17,19,21,23",17,0.057845082,0.057845082
COMPARISON_RELAXED,50,4.000000000000,240.000000000000,240,235.200000000000,236,0.980000000000,-0.020000000000,1.200000000000,1.176000000000,0.986995423896,0.986731796712,-0.000263627184,yes,yes,yes,10,8,8,0,10,1,"7,9,11,13,17,19,21,23",-,"1,3,7,9,11,13,17,19,21,23",17,0.070516800,0.070516800
COMPARISON_RELAXED,50,4.000000000000,240.000000000000,240,240.000000000000,240,1.000000000000,0.000000000000,1.200000000000,1.200000000000,0.986995423896,0.986995423896,0.000000000000,yes,yes,yes,10,8,8,0,10,1,"7,9,11,13,17,19,21,23",-,"1,3,7,9,11,13,17,19,21,23",17,0.078546544,0.078546544
COMPARISON_RELAXED,50,4.000000000000,240.000000000000,240,244.800000000000,245,1.020000000000,0.020000000000,1.200000000000,1.224000000000,0.986995423896,0.987248779321,0.000253355425,yes,yes,yes,10,8,8,0,10,1,"7,9,11,13,17,19,21,23",-,"1,3,7,9,11,13,17,19,21,23",17,0.086264550,0.086264550
COMPARISON_RELAXED,50,4.000000000000,240.000000000000,240,252.000000000000,252,1.050000000000,0.050000000000,1.200000000000,1.260000000000,0.986995423896,0.987610828823,0.000615404927,yes,yes,yes,10,8,8,0,10,1,"7,9,11,13,17,19,21,23",-,"1,3,7,9,11,13,17,19,21,23",17,0.097295626,0.097295626
COMPARISON_RELAXED,50,4.000000000000,240.000000000000,240,264.000000000000,264,1.100000000000,0.100000000000,1.200000000000,1.320000000000,0.986995423896,0.988170621855,0.001175197959,yes,yes,yes,10,8,8,0,10,2,"7,9,11,13,17,19,21,23",-,"1,3,7,9,11,13,17,19,21,23","11,17",0.114356021,0.082526775
COMPARISON_RELAXED,9,5.000000000000,47.250000000000,48,42.525000000000,43,0.900000000000,-0.100000000000,1.050000000000,0.945000000000,0.935684911299,0.928802106230,-0.006882805069,no,no,no,3,3,3,0,3,0,"1,2,4",-,"1,2,4",-,0.000000000,0.000000000
COMPARISON_RELAXED,9,5.000000000000,47.250000000000,48,44.887500000000,45,0.950000000000,-0.050000000000,1.050000000000,0.997500000000,0.935684911299,0.932418189369,-0.003266721930,no,no,no,3,3,3,0,3,0,"1,2,4",-,"1,2,4",-,0.000000000,0.000000000
COMPARISON_RELAXED,9,5.000000000000,47.250000000000,48,46.305000000000,47,0.980000000000,-0.020000000000,1.050000000000,1.029000000000,0.935684911299,0.934416843794,-0.001268067506,yes,no,no,3,3,3,0,3,3,"1,2,4",-,"1,2,4","1,2,4",0.176013801,0.112855665
COMPARISON_RELAXED,9,5.000000000000,47.250000000000,48,47.250000000000,48,1.000000000000,0.000000000000,1.050000000000,1.050000000000,0.935684911299,0.935684911299,0.000000000000,yes,yes,no,3,3,3,0,3,3,"1,2,4",-,"1,2,4","1,2,4",0.295244981,0.189767757
COMPARISON_RELAXED,9,5.000000000000,47.250000000000,48,48.195000000000,49,1.020000000000,0.020000000000,1.050000000000,1.071000000000,0.935684911299,0.936904898561,0.001219987262,yes,yes,no,3,3,3,0,3,3,"1,2,4",-,"1,2,4","1,2,4",0.408120440,0.262949034
COMPARISON_RELAXED,9,5.000000000000,47.250000000000,48,49.612500000000,50,1.050000000000,0.050000000000,1.050000000000,1.102500000000,0.935684911299,0.938650542251,0.002965630952,yes,yes,yes,3,3,3,0,3,3,"1,2,4",-,"1,2,4","1,2,4",0.566481105,0.366266266
COMPARISON_RELAXED,9,5.000000000000,47.250000000000,48,51.975000000000,52,1.100000000000,0.100000000000,1.050000000000,1.155000000000,0.935684911299,0.941354855828,0.005669944528,yes,yes,yes,3,3,3,0,3,3,"1,2,4",-,"1,2,4","1,2,4",0.804430099,0.523060123
COMPARISON_RELAXED,9,5.000000000000,49.500000000000,50,44.550000000000,45,0.900000000000,-0.100000000000,1.100000000000,0.990000000000,0.938515533873,0.931924244553,-0.006591289320,no,no,no,3,3,3,0,3,0,"1,2,4",-,"1,2,4",-,0.000000000,0.000000000
COMPARISON_RELAXED,9,5.000000000000,49.500000000000,50,47.025000000000,48,0.950000000000,-0.050000000000,1.100000000000,1.045000000000,0.938515533873,0.935387456244,-0.003128077629,yes,no,no,3,3,3,0,3,3,"1,2,4",-,"1,2,4","1,2,4",0.267450625,0.171803568
COMPARISON_RELAXED,9,5.000000000000,49.500000000000,50,48.510000000000,49,0.980000000000,-0.020000000000,1.100000000000,1.078000000000,0.938515533873,0.937301345886,-0.001214187986,yes,yes,no,3,3,3,0,3,3,"1,2,4",-,"1,2,4","1,2,4",0.444411381,0.286557515
COMPARISON_RELAXED,9,5.000000000000,49.500000000000,50,49.500000000000,50,1.000000000000,0.000000000000,1.100000000000,1.100000000000,0.938515533873,0.938515533873,0.000000000000,yes,yes,yes,3,3,3,0,3,3,"1,2,4",-,"1,2,4","1,2,4",0.554366296,0.358334490
COMPARISON_RELAXED,9,5.000000000000,49.500000000000,50,50.490000000000,51,1.020000000000,0.020000000000,1.100000000000,1.122000000000,0.938515533873,0.939683611707,0.001168077834,yes,yes,yes,3,3,3,0,3,3,"1,2,4",-,"1,2,4","1,2,4",0.658442310,0.426632169
COMPARISON_RELAXED,9,5.000000000000,49.500000000000,50,51.975000000000,52,1.050000000000,0.050000000000,1.100000000000,1.155000000000,0.938515533873,0.941354855828,0.002839321955,yes,yes,yes,3,3,3,0,3,3,"1,2,4",-,"1,2,4","1,2,4",0.804430099,0.523060123
COMPARISON_RELAXED,9,5.000000000000,49.500000000000,50,54.450000000000,55,1.100000000000,0.100000000000,1.100000000000,1.210000000000,0.938515533873,0.943943624035,0.005428090163,yes,yes,yes,3,3,3,0,3,3,"1,2,4",-,"1,2,4","1,2,4",1.023731891,0.669415099
COMPARISON_RELAXED,9,5.000000000000,51.750000000000,52,46.575000000000,47,0.900000000000,-0.100000000000,1.150000000000,1.035000000000,0.941107612400,0.934784219646,-0.006323392754,yes,no,no,3,3,3,0,3,3,"1,2,4",-,"1,2,4","1,2,4",0.210756013,0.135226701
COMPARISON_RELAXED,9,5.000000000000,51.750000000000,52,49.162500000000,50,0.950000000000,-0.050000000000,1.150000000000,1.092500000000,0.941107612400,0.938106921665,-0.003000690735,yes,yes,no,3,3,3,0,3,3,"1,2,4",-,"1,2,4","1,2,4",0.517564067,0.334268285
COMPARISON_RELAXED,9,5.000000000000,51.750000000000,52,50.715000000000,51,0.980000000000,-0.020000000000,1.150000000000,1.127000000000,0.941107612400,0.939942923946,-0.001164688454,yes,yes,yes,3,3,3,0,3,3,"1,2,4",-,"1,2,4","1,2,4",0.681319712,0.441693708
COMPARISON_RELAXED,9,5.000000000000,51.750000000000,52,51.750000000000,52,1.000000000000,0.000000000000,1.150000000000,1.150000000000,0.941107612400,0.941107612400,0.000000000000,yes,yes,yes,3,3,3,0,3,3,"1,2,4",-,"1,2,4","1,2,4",0.783050122,0.508890534
COMPARISON_RELAXED,9,5.000000000000,51.750000000000,52,52.785000000000,53,1.020000000000,0.020000000000,1.150000000000,1.173000000000,0.941107612400,0.942228006815,0.001120394416,yes,yes,yes,3,3,3,0,3,3,"1,2,4",-,"1,2,4","1,2,4",0.879328365,0.572833470
COMPARISON_RELAXED,9,5.000000000000,51.750000000000,52,54.337500000000,55,1.050000000000,0.050000000000,1.150000000000,1.207500000000,0.941107612400,0.943830918831,0.002723306431,yes,yes,yes,3,3,3,0,3,3,"1,2,4",-,"1,2,4","1,2,4",1.014358120,0.663119855
COMPARISON_RELAXED,9,5.000000000000,51.750000000000,52,56.925000000000,57,1.100000000000,0.100000000000,1.150000000000,1.265000000000,0.941107612400,0.946313589017,0.005205976617,yes,yes,yes,3,3,3,0,3,3,"1,2,4",-,"1,2,4","1,2,4",1.217158662,0.800172238
COMPARISON_RELAXED,9,5.000000000000,54.000000000000,54,48.600000000000,49,0.900000000000,-0.100000000000,1.200000000000,1.080000000000,0.943490068688,0.937413703618,-0.006076365070,yes,yes,no,3,3,3,0,3,3,"1,2,4",-,"1,2,4","1,2,4",0.454661851,0.293233011
COMPARISON_RELAXED,9,5.000000000000,54.000000000000,54,51.300000000000,52,0.950000000000,-0.050000000000,1.200000000000,1.140000000000,0.943490068688,0.940606821250,-0.002883247438,yes,yes,yes,3,3,3,0,3,3,"1,2,4",-,"1,2,4","1,2,4",0.739513408,0.480087892
COMPARISON_RELAXED,9,5.000000000000,54.000000000000,54,52.920000000000,53,0.980000000000,-0.020000000000,1.200000000000,1.176000000000,0.943490068688,0.942371011585,-0.001119057104,yes,yes,yes,3,3,3,0,3,3,"1,2,4",-,"1,2,4","1,2,4",0.891505047,0.580945624
COMPARISON_RELAXED,9,5.000000000000,54.000000000000,54,54.000000000000,54,1.000000000000,0.000000000000,1.200000000000,1.200000000000,0.943490068688,0.943490068688,0.000000000000,yes,yes,yes,3,3,3,0,3,3,"1,2,4",-,"1,2,4","1,2,4",0.985912857,0.644038934
COMPARISON_RELAXED,9,5.000000000000,54.000000000000,54,55.080000000000,56,1.020000000000,0.020000000000,1.200000000000,1.224000000000,0.943490068688,0.944566511127,0.001076442439,yes,yes,yes,3,3,3,0,3,3,"1,2,4",-,"1,2,4","1,2,4",1.075251436,0.704081049
COMPARISON_RELAXED,9,5.000000000000,54.000000000000,54,56.700000000000,57,1.050000000000,0.050000000000,1.200000000000,1.260000000000,0.943490068688,0.946106447145,0.002616378457,yes,yes,yes,3,3,3,0,3,3,"1,2,4",-,"1,2,4","1,2,4",1.200533851,0.788867182
COMPARISON_RELAXED,9,5.000000000000,54.000000000000,54,59.400000000000,60,1.100000000000,0.100000000000,1.200000000000,1.320000000000,0.943490068688,0.948491356064,0.005001287376,yes,yes,yes,3,3,3,0,3,3,"1,2,4",-,"1,2,4","1,2,4",1.388666532,0.917590637
COMPARISON_RELAXED,12,5.000000000000,63.000000000000,63,56.700000000000,57,0.900000000000,-0.100000000000,1.050000000000,0.945000000000,0.951361288534,0.946106447145,-0.005254841389,no,no,no,2,1,1,0,2,0,5,-,"1,5",-,0.000000000,0.000000000
COMPARISON_RELAXED,12,5.000000000000,63.000000000000,63,59.850000000000,60,0.950000000000,-0.050000000000,1.050000000000,0.997500000000,0.951361288534,0.948868477159,-0.002492811375,no,no,no,2,1,1,0,2,0,5,-,"1,5",-,0.000000000,0.000000000
COMPARISON_RELAXED,12,5.000000000000,63.000000000000,63,61.740000000000,62,0.980000000000,-0.020000000000,1.050000000000,1.029000000000,0.951361288534,0.950393901869,-0.000967386666,yes,no,no,2,1,1,0,2,0,5,-,"1,5",-,0.000000000,0.000000000
COMPARISON_RELAXED,12,5.000000000000,63.000000000000,63,63.000000000000,63,1.000000000000,0.000000000000,1.050000000000,1.050000000000,0.951361288534,0.951361288534,0.000000000000,yes,yes,no,2,1,1,0,2,1,5,-,"1,5",5,0.053494194,0.053494194
COMPARISON_RELAXED,12,5.000000000000,63.000000000000,63,64.260000000000,65,1.020000000000,0.020000000000,1.050000000000,1.071000000000,0.951361288534,0.952291677547,0.000930389013,yes,yes,no,2,1,1,0,2,1,5,-,"1,5",5,0.074508070,0.074508070
COMPARISON_RELAXED,12,5.000000000000,63.000000000000,63,66.150000000000,67,1.050000000000,0.050000000000,1.050000000000,1.102500000000,0.951361288534,0.953622402548,0.002261114014,yes,yes,yes,2,1,1,0,2,1,5,-,"1,5",5,0.104562656,0.104562656
COMPARISON_RELAXED,12,5.000000000000,63.000000000000,63,69.300000000000,70,1.100000000000,0.100000000000,1.050000000000,1.155000000000,0.951361288534,0.955682679373,0.004321390839,yes,yes,yes,2,1,1,0,2,1,5,-,"1,5",5,0.151090698,0.151090698
COMPARISON_RELAXED,12,5.000000000000,66.000000000000,66,59.400000000000,60,0.900000000000,-0.100000000000,1.100000000000,0.990000000000,0.953519506742,0.948491356064,-0.005028150678,no,no,no,2,1,1,0,2,0,5,-,"1,5",-,0.000000000,0.000000000
COMPARISON_RELAXED,12,5.000000000000,66.000000000000,66,62.700000000000,63,0.950000000000,-0.050000000000,1.100000000000,1.045000000000,0.953519506742,0.951134395522,-0.002385111220,yes,no,no,2,1,1,0,2,0,5,-,"1,5",-,0.000000000,0.000000000
COMPARISON_RELAXED,12,5.000000000000,66.000000000000,66,64.680000000000,65,0.980000000000,-0.020000000000,1.100000000000,1.078000000000,0.953519506742,0.952593949926,-0.000925556816,yes,yes,no,2,1,1,0,2,1,5,-,"1,5",5,0.081335071,0.081335071
COMPARISON_RELAXED,12,5.000000000000,66.000000000000,66,66.000000000000,66,1.000000000000,0.000000000000,1.100000000000,1.100000000000,0.953519506742,0.953519506742,0.000000000000,yes,yes,yes,2,1,1,0,2,1,5,-,"1,5",5,0.102238801,0.102238801
COMPARISON_RELAXED,12,5.000000000000,66.000000000000,66,67.320000000000,68,1.020000000000,0.020000000000,1.100000000000,1.122000000000,0.953519506742,0.954409624370,0.000890117628,yes,yes,yes,2,1,1,0,2,1,5,-,"1,5",5,0.122341340,0.122341340
COMPARISON_RELAXED,12,5.000000000000,66.000000000000,66,69.300000000000,70,1.050000000000,0.050000000000,1.100000000000,1.155000000000,0.953519506742,0.955682679373,0.002163172631,yes,yes,yes,2,1,1,0,2,1,5,-,"1,5",5,0.151090698,0.151090698
COMPARISON_RELAXED,12,5.000000000000,66.000000000000,66,72.600000000000,73,1.100000000000,0.100000000000,1.100000000000,1.210000000000,0.953519506742,0.957653506579,0.004133999836,yes,yes,yes,2,1,1,0,2,1,5,-,"1,5",5,0.195593940,0.195593940
COMPARISON_RELAXED,12,5.000000000000,69.000000000000,69,62.100000000000,63,0.900000000000,-0.100000000000,1.150000000000,1.035000000000,0.955494380506,0.950674201240,-0.004820179266,yes,no,no,2,1,1,0,2,0,5,-,"1,5",-,0.000000000,0.000000000
COMPARISON_RELAXED,12,5.000000000000,69.000000000000,69,65.550000000000,66,0.950000000000,-0.050000000000,1.150000000000,1.092500000000,0.955494380506,0.953208062296,-0.002286318209,yes,yes,no,2,1,1,0,2,1,5,-,"1,5",5,0.095204909,0.095204909
COMPARISON_RELAXED,12,5.000000000000,69.000000000000,69,67.620000000000,68,0.980000000000,-0.020000000000,1.150000000000,1.127000000000,0.955494380506,0.954607191160,-0.000887189346,yes,yes,yes,2,1,1,0,2,1,5,-,"1,5",5,0.126803103,0.126803103
COMPARISON_RELAXED,12,5.000000000000,69.000000000000,69,69.000000000000,69,1.000000000000,0.000000000000,1.150000000000,1.150000000000,0.955494380506,0.955494380506,0.000000000000,yes,yes,yes,2,1,1,0,2,1,5,-,"1,5",5,0.146838468,0.146838468
COMPARISON_RELAXED,12,5.000000000000,69.000000000000,69,70.380000000000,71,1.020000000000,0.020000000000,1.150000000000,1.173000000000,0.955494380506,0.956347563617,0.000853183111,yes,yes,yes,2,1,1,0,2,1,5,-,"1,5",5,0.166105000,0.166105000
COMPARISON_RELAXED,12,5.000000000000,69.000000000000,69,72.450000000000,73,1.050000000000,0.050000000000,1.150000000000,1.207500000000,0.955494380506,0.957567733058,0.002073352552,yes,yes,yes,2,1,1,0,2,1,5,-,"1,5",5,0.193657194,0.193657194
COMPARISON_RELAXED,12,5.000000000000,69.000000000000,69,75.900000000000,76,1.100000000000,0.100000000000,1.150000000000,1.265000000000,0.955494380506,0.959456545330,0.003962164825,yes,yes,yes,2,1,1,0,2,1,5,-,"1,5",5,0.236303680,0.236303680
COMPARISON_RELAXED,12,5.000000000000,72.000000000000,72,64.800000000000,65,0.900000000000,-0.100000000000,1.200000000000,1.080000000000,0.957308315433,0.952679611421,-0.004628704012,yes,yes,no,2,1,1,0,2,1,5,-,"1,5",5,0.083269772,0.083269772
COMPARISON_RELAXED,12,5.000000000000,72.000000000000,72,68.400000000000,69,0.950000000000,-0.050000000000,1.200000000000,1.140000000000,0.957308315433,0.955112942582,-0.002195372851,yes,yes,yes,2,1,1,0,2,1,5,-,"1,5",5,0.138224579,0.138224579
COMPARISON_RELAXED,12,5.000000000000,72.000000000000,72,70.560000000000,71,0.980000000000,-0.020000000000,1.200000000000,1.176000000000,0.957308315433,0.956456443377,-0.000851872056,yes,yes,yes,2,1,1,0,2,1,5,-,"1,5",5,0.168563652,0.168563652
COMPARISON_RELAXED,12,5.000000000000,72.000000000000,72,72.000000000000,72,1.000000000000,0.000000000000,1.200000000000,1.200000000000,0.957308315433,0.957308315433,0.000000000000,yes,yes,yes,2,1,1,0,2,1,5,-,"1,5",5,0.187799546,0.187799546
COMPARISON_RELAXED,12,5.000000000000,72.000000000000,72,73.440000000000,74,1.020000000000,0.020000000000,1.200000000000,1.224000000000,0.957308315433,0.958127503213,0.000819187780,yes,yes,yes,2,1,1,0,2,1,5,-,"1,5",5,0.206296485,0.206296485
COMPARISON_RELAXED,12,5.000000000000,72.000000000000,72,75.600000000000,76,1.050000000000,0.050000000000,1.200000000000,1.260000000000,0.957308315433,0.959299000611,0.001990685178,yes,yes,yes,2,1,1,0,2,1,5,-,"1,5",5,0.232746764,0.232746764
COMPARISON_RELAXED,12,5.000000000000,72.000000000000,72,79.200000000000,80,1.100000000000,0.100000000000,1.200000000000,1.320000000000,0.957308315433,0.961112343794,0.003804028361,yes,yes,yes,2,1,1,0,2,1,5,-,"1,5",5,0.273684551,0.273684551
COMPARISON_RELAXED,30,5.000000000000,157.500000000000,158,141.750000000000,142,0.900000000000,-0.100000000000,1.050000000000,0.945000000000,0.980251321813,0.978081325432,-0.002169996380,no,no,no,4,3,3,0,4,0,"7,11,13",-,"1,7,11,13",-,0.000000000,0.000000000
COMPARISON_RELAXED,30,5.000000000000,157.500000000000,158,149.625000000000,150,0.950000000000,-0.050000000000,1.050000000000,0.997500000000,0.980251321813,0.979222826157,-0.001028495656,no,no,no,4,3,3,0,4,0,"7,11,13",-,"1,7,11,13",-,0.000000000,0.000000000
COMPARISON_RELAXED,30,5.000000000000,157.500000000000,158,154.350000000000,155,0.980000000000,-0.020000000000,1.050000000000,1.029000000000,0.980251321813,0.979852388556,-0.000398933256,yes,no,no,4,3,3,0,4,0,"7,11,13",-,"1,7,11,13",-,0.000000000,0.000000000
COMPARISON_RELAXED,30,5.000000000000,157.500000000000,158,157.500000000000,158,1.000000000000,0.000000000000,1.050000000000,1.050000000000,0.980251321813,0.980251321813,0.000000000000,yes,yes,no,4,3,3,0,4,0,"7,11,13",-,"1,7,11,13",-,0.000000000,0.000000000
COMPARISON_RELAXED,30,5.000000000000,157.500000000000,158,160.650000000000,161,1.020000000000,0.020000000000,1.050000000000,1.071000000000,0.980251321813,0.980634764381,0.000383442568,yes,yes,no,4,3,3,0,4,0,"7,11,13",-,"1,7,11,13",-,0.000000000,0.000000000
COMPARISON_RELAXED,30,5.000000000000,157.500000000000,158,165.375000000000,166,1.050000000000,0.050000000000,1.050000000000,1.102500000000,0.980251321813,0.981182800950,0.000931479137,yes,yes,yes,4,3,3,0,4,0,"7,11,13",-,"1,7,11,13",-,0.000000000,0.000000000
COMPARISON_RELAXED,30,5.000000000000,157.500000000000,158,173.250000000000,174,1.100000000000,0.100000000000,1.050000000000,1.155000000000,0.980251321813,0.982030371890,0.001779050078,yes,yes,yes,4,3,3,0,4,0,"7,11,13",-,"1,7,11,13",-,0.000000000,0.000000000
COMPARISON_RELAXED,30,5.000000000000,165.000000000000,165,148.500000000000,149,0.900000000000,-0.100000000000,1.100000000000,0.990000000000,0.981140441700,0.979067088134,-0.002073353566,no,no,no,4,3,3,0,4,0,"7,11,13",-,"1,7,11,13",-,0.000000000,0.000000000
COMPARISON_RELAXED,30,5.000000000000,165.000000000000,165,156.750000000000,157,0.950000000000,-0.050000000000,1.100000000000,1.045000000000,0.981140441700,0.980157777359,-0.000982664341,yes,no,no,4,3,3,0,4,0,"7,11,13",-,"1,7,11,13",-,0.000000000,0.000000000
COMPARISON_RELAXED,30,5.000000000000,165.000000000000,165,161.700000000000,162,0.980000000000,-0.020000000000,1.100000000000,1.078000000000,0.981140441700,0.980759291132,-0.000381150569,yes,yes,no,4,3,3,0,4,0,"7,11,13",-,"1,7,11,13",-,0.000000000,0.000000000
COMPARISON_RELAXED,30,5.000000000000,165.000000000000,165,165.000000000000,165,1.000000000000,0.000000000000,1.100000000000,1.100000000000,0.981140441700,0.981140441700,0.000000000000,yes,yes,yes,4,3,3,0,4,0,"7,11,13",-,"1,7,11,13",-,0.000000000,0.000000000
COMPARISON_RELAXED,30,5.000000000000,165.000000000000,165,168.300000000000,169,1.020000000000,0.020000000000,1.100000000000,1.122000000000,0.981140441700,0.981506785378,0.000366343678,yes,yes,yes,4,3,3,0,4,0,"7,11,13",-,"1,7,11,13",-,0.000000000,0.000000000
COMPARISON_RELAXED,30,5.000000000000,165.000000000000,165,173.250000000000,174,1.050000000000,0.050000000000,1.100000000000,1.155000000000,0.981140441700,0.982030371890,0.000889930190,yes,yes,yes,4,3,3,0,4,0,"7,11,13",-,"1,7,11,13",-,0.000000000,0.000000000
COMPARISON_RELAXED,30,5.000000000000,165.000000000000,165,181.500000000000,182,1.100000000000,0.100000000000,1.100000000000,1.210000000000,0.981140441700,0.982840102962,0.001699661262,yes,yes,yes,4,3,3,0,4,1,"7,11,13",-,"1,7,11,13",7,0.061338112,0.061338112
COMPARISON_RELAXED,30,5.000000000000,172.500000000000,173,155.250000000000,156,0.900000000000,-0.100000000000,1.150000000000,1.035000000000,0.981952954475,0.979968004588,-0.001984949888,yes,no,no,4,3,3,0,4,0,"7,11,13",-,"1,7,11,13",-,0.000000000,0.000000000
COMPARISON_RELAXED,30,5.000000000000,172.500000000000,173,163.875000000000,164,0.950000000000,-0.050000000000,1.150000000000,1.092500000000,0.981952954475,0.981012211970,-0.000940742505,yes,yes,no,4,3,3,0,4,0,"7,11,13",-,"1,7,11,13",-,0.000000000,0.000000000
COMPARISON_RELAXED,30,5.000000000000,172.500000000000,173,169.050000000000,170,0.980000000000,-0.020000000000,1.150000000000,1.127000000000,0.981952954475,0.981588069235,-0.000364885241,yes,yes,yes,4,3,3,0,4,0,"7,11,13",-,"1,7,11,13",-,0.000000000,0.000000000
COMPARISON_RELAXED,30,5.000000000000,172.500000000000,173,172.500000000000,173,1.000000000000,0.000000000000,1.150000000000,1.150000000000,0.981952954475,0.981952954475,0.000000000000,yes,yes,yes,4,3,3,0,4,0,"7,11,13",-,"1,7,11,13",-,0.000000000,0.000000000
COMPARISON_RELAXED,30,5.000000000000,172.500000000000,173,175.950000000000,176,1.020000000000,0.020000000000,1.150000000000,1.173000000000,0.981952954475,0.982303658836,0.000350704361,yes,yes,yes,4,3,3,0,4,1,"7,11,13",-,"1,7,11,13",7,0.052125106,0.052125106
COMPARISON_RELAXED,30,5.000000000000,172.500000000000,173,181.125000000000,182,1.050000000000,0.050000000000,1.150000000000,1.207500000000,0.981952954475,0.982804883322,0.000851928847,yes,yes,yes,4,3,3,0,4,1,"7,11,13",-,"1,7,11,13",7,0.060733400,0.060733400
COMPARISON_RELAXED,30,5.000000000000,172.500000000000,173,189.750000000000,190,1.100000000000,0.100000000000,1.150000000000,1.265000000000,0.981952954475,0.983580008250,0.001627053775,yes,yes,yes,4,3,3,0,4,2,"7,11,13",-,"1,7,11,13","7,11",0.074036947,0.066291644
COMPARISON_RELAXED,30,5.000000000000,180.000000000000,180,162.000000000000,162,0.900000000000,-0.100000000000,1.200000000000,1.080000000000,0.982698351630,0.980794576600,-0.001903775031,yes,yes,no,4,3,3,0,4,0,"7,11,13",-,"1,7,11,13",-,0.000000000,0.000000000
COMPARISON_RELAXED,30,5.000000000000,180.000000000000,180,171.000000000000,171,0.950000000000,-0.050000000000,1.200000000000,1.140000000000,0.982698351630,0.981796101143,-0.000902250488,yes,yes,yes,4,3,3,0,4,0,"7,11,13",-,"1,7,11,13",-,0.000000000,0.000000000
COMPARISON_RELAXED,30,5.000000000000,180.000000000000,180,176.400000000000,177,0.980000000000,-0.020000000000,1.200000000000,1.176000000000,0.982698351630,0.982348400582,-0.000349951048,yes,yes,yes,4,3,3,0,4,1,"7,11,13",-,"1,7,11,13",7,0.052893708,0.052893708
COMPARISON_RELAXED,30,5.000000000000,180.000000000000,180,180.000000000000,180,1.000000000000,0.000000000000,1.200000000000,1.200000000000,0.982698351630,0.982698351630,0.000000000000,yes,yes,yes,4,3,3,0,4,1,"7,11,13",-,"1,7,11,13",7,0.058904145,0.058904145
COMPARISON_RELAXED,30,5.000000000000,180.000000000000,180,183.600000000000,184,1.020000000000,0.020000000000,1.200000000000,1.224000000000,0.982698351630,0.983034697049,0.000336345419,yes,yes,yes,4,3,3,0,4,2,"7,11,13",-,"1,7,11,13","7,11",0.064678838,0.057909951
COMPARISON_RELAXED,30,5.000000000000,180.000000000000,180,189.000000000000,189,1.050000000000,0.050000000000,1.200000000000,1.260000000000,0.982698351630,0.983515391065,0.000817039434,yes,yes,yes,4,3,3,0,4,2,"7,11,13",-,"1,7,11,13","7,11",0.072928327,0.065298657
COMPARISON_RELAXED,30,5.000000000000,180.000000000000,180,198.000000000000,198,1.100000000000,0.100000000000,1.200000000000,1.320000000000,0.982698351630,0.984258746108,0.001560394478,yes,yes,yes,4,3,3,0,4,2,"7,11,13",-,"1,7,11,13","7,11",0.085677369,0.076718557
COMPARISON_RELAXED,50,5.000000000000,262.500000000000,263,236.250000000000,237,0.900000000000,-0.100000000000,1.050000000000,0.945000000000,0.988103429890,0.986790374425,-0.001313055466,no,no,no,10,8,8,0,10,0,"7,9,11,13,17,19,21,23",-,"1,3,7,9,11,13,17,19,21,23",-,0.000000000,0.000000000
COMPARISON_RELAXED,50,5.000000000000,262.500000000000,263,249.375000000000,250,0.950000000000,-0.050000000000,1.050000000000,0.997500000000,0.988103429890,0.987481237910,-0.000622191980,no,no,no,10,8,8,0,10,0,"7,9,11,13,17,19,21,23",-,"1,3,7,9,11,13,17,19,21,23",-,0.000000000,0.000000000
COMPARISON_RELAXED,50,5.000000000000,262.500000000000,263,257.250000000000,258,0.980000000000,-0.020000000000,1.050000000000,1.029000000000,0.988103429890,0.987862125112,-0.000241304778,yes,no,no,10,8,8,0,10,0,"7,9,11,13,17,19,21,23",-,"1,3,7,9,11,13,17,19,21,23",-,0.000000000,0.000000000
COMPARISON_RELAXED,50,5.000000000000,262.500000000000,263,262.500000000000,263,1.000000000000,0.000000000000,1.050000000000,1.050000000000,0.988103429890,0.988103429890,0.000000000000,yes,yes,no,10,8,8,0,10,0,"7,9,11,13,17,19,21,23",-,"1,3,7,9,11,13,17,19,21,23",-,0.000000000,0.000000000
COMPARISON_RELAXED,50,5.000000000000,262.500000000000,263,267.750000000000,268,1.020000000000,0.020000000000,1.050000000000,1.071000000000,0.988103429890,0.988335327423,0.000231897533,yes,yes,no,10,8,8,0,10,0,"7,9,11,13,17,19,21,23",-,"1,3,7,9,11,13,17,19,21,23",-,0.000000000,0.000000000
COMPARISON_RELAXED,50,5.000000000000,262.500000000000,263,275.625000000000,276,1.050000000000,0.050000000000,1.050000000000,1.102500000000,0.988103429890,0.988666704302,0.000563274412,yes,yes,yes,10,8,8,0,10,0,"7,9,11,13,17,19,21,23",-,"1,3,7,9,11,13,17,19,21,23",-,0.000000000,0.000000000
COMPARISON_RELAXED,50,5.000000000000,262.500000000000,263,288.750000000000,289,1.100000000000,0.100000000000,1.050000000000,1.155000000000,0.988103429890,0.989179051378,0.001075621488,yes,yes,yes,10,8,8,0,10,1,"7,9,11,13,17,19,21,23",-,"1,3,7,9,11,13,17,19,21,23",17,0.063219941,0.063219941
COMPARISON_RELAXED,50,5.000000000000,275.000000000000,275,247.500000000000,248,0.900000000000,-0.100000000000,1.100000000000,0.990000000000,0.988641093935,0.987387000687,-0.001254093247,no,no,no,10,8,8,0,10,0,"7,9,11,13,17,19,21,23",-,"1,3,7,9,11,13,17,19,21,23",-,0.000000000,0.000000000
COMPARISON_RELAXED,50,5.000000000000,275.000000000000,275,261.250000000000,262,0.950000000000,-0.050000000000,1.100000000000,1.045000000000,0.988641093935,0.988046850738,-0.000594243197,yes,no,no,10,8,8,0,10,0,"7,9,11,13,17,19,21,23",-,"1,3,7,9,11,13,17,19,21,23",-,0.000000000,0.000000000
COMPARISON_RELAXED,50,5.000000000000,275.000000000000,275,269.500000000000,270,0.980000000000,-0.020000000000,1.100000000000,1.078000000000,0.988641093935,0.988410630568,-0.000230463367,yes,yes,no,10,8,8,0,10,0,"7,9,11,13,17,19,21,23",-,"1,3,7,9,11,13,17,19,21,23",-,0.000000000,0.000000000
COMPARISON_RELAXED,50,5.000000000000,275.000000000000,275,275.000000000000,275,1.000000000000,0.000000000000,1.100000000000,1.100000000000,0.988641093935,0.988641093935,0.000000000000,yes,yes,yes,10,8,8,0,10,0,"7,9,11,13,17,19,21,23",-,"1,3,7,9,11,13,17,19,21,23",-,0.000000000,0.000000000
COMPARISON_RELAXED,50,5.000000000000,275.000000000000,275,280.500000000000,281,1.020000000000,0.020000000000,1.100000000000,1.122000000000,0.988641093935,0.988862570284,0.000221476349,yes,yes,yes,10,8,8,0,10,1,"7,9,11,13,17,19,21,23",-,"1,3,7,9,11,13,17,19,21,23",17,0.051207631,0.051207631
COMPARISON_RELAXED,50,5.000000000000,275.000000000000,275,288.750000000000,289,1.050000000000,0.050000000000,1.100000000000,1.155000000000,0.988641093935,0.989179051378,0.000537957444,yes,yes,yes,10,8,8,0,10,1,"7,9,11,13,17,19,21,23",-,"1,3,7,9,11,13,17,19,21,23",17,0.063219941,0.063219941
COMPARISON_RELAXED,50,5.000000000000,275.000000000000,275,302.500000000000,303,1.100000000000,0.100000000000,1.100000000000,1.210000000000,0.988641093935,0.989668358304,0.001027264369,yes,yes,yes,10,8,8,0,10,1,"7,9,11,13,17,19,21,23",-,"1,3,7,9,11,13,17,19,21,23",17,0.081799211,0.081799211
COMPARISON_RELAXED,50,5.000000000000,287.500000000000,288,258.750000000000,259,0.900000000000,-0.100000000000,1.150000000000,1.035000000000,0.989132260820,0.987932062442,-0.001200198378,yes,no,no,10,8,8,0,10,0,"7,9,11,13,17,19,21,23",-,"1,3,7,9,11,13,17,19,21,23",-,0.000000000,0.000000000
COMPARISON_RELAXED,50,5.000000000000,287.500000000000,288,273.125000000000,274,0.950000000000,-0.050000000000,1.150000000000,1.092500000000,0.989132260820,0.988563563630,-0.000568697190,yes,yes,no,10,8,8,0,10,0,"7,9,11,13,17,19,21,23",-,"1,3,7,9,11,13,17,19,21,23",-,0.000000000,0.000000000
COMPARISON_RELAXED,50,5.000000000000,287.500000000000,288,281.750000000000,282,0.980000000000,-0.020000000000,1.150000000000,1.127000000000,0.989132260820,0.988911706651,-0.000220554169,yes,yes,yes,10,8,8,0,10,1,"7,9,11,13,17,19,21,23",-,"1,3,7,9,11,13,17,19,21,23",17,0.053072403,0.053072403
COMPARISON_RELAXED,50,5.000000000000,287.500000000000,288,287.500000000000,288,1.000000000000,0.000000000000,1.150000000000,1.150000000000,0.989132260820,0.989132260820,0.000000000000,yes,yes,yes,10,8,8,0,10,1,"7,9,11,13,17,19,21,23",-,"1,3,7,9,11,13,17,19,21,23",17,0.061443734,0.061443734
COMPARISON_RELAXED,50,5.000000000000,287.500000000000,288,293.250000000000,294,1.020000000000,0.020000000000,1.150000000000,1.173000000000,0.989132260820,0.989344212266,0.000211951446,yes,yes,yes,10,8,8,0,10,1,"7,9,11,13,17,19,21,23",-,"1,3,7,9,11,13,17,19,21,23",17,0.069490220,0.069490220
COMPARISON_RELAXED,50,5.000000000000,287.500000000000,288,301.875000000000,302,1.050000000000,0.050000000000,1.150000000000,1.207500000000,0.989132260820,0.989647079045,0.000514818225,yes,yes,yes,10,8,8,0,10,1,"7,9,11,13,17,19,21,23",-,"1,3,7,9,11,13,17,19,21,23",17,0.080991044,0.080991044
COMPARISON_RELAXED,50,5.000000000000,287.500000000000,288,316.250000000000,317,1.100000000000,0.100000000000,1.150000000000,1.265000000000,0.989132260820,0.990115328733,0.000983067913,yes,yes,yes,10,8,8,0,10,1,"7,9,11,13,17,19,21,23",-,"1,3,7,9,11,13,17,19,21,23",17,0.098778543,0.098778543
COMPARISON_RELAXED,50,5.000000000000,300.000000000000,300,270.000000000000,270,0.900000000000,-0.100000000000,1.200000000000,1.080000000000,0.989582712077,0.988431967505,-0.001150744572,yes,yes,no,10,8,8,0,10,0,"7,9,11,13,17,19,21,23",-,"1,3,7,9,11,13,17,19,21,23",-,0.000000000,0.000000000
COMPARISON_RELAXED,50,5.000000000000,300.000000000000,300,285.000000000000,285,0.950000000000,-0.050000000000,1.200000000000,1.140000000000,0.989582712077,0.989037455177,-0.000545256900,yes,yes,yes,10,8,8,0,10,1,"7,9,11,13,17,19,21,23",-,"1,3,7,9,11,13,17,19,21,23",17,0.057845082,0.057845082
COMPARISON_RELAXED,50,5.000000000000,300.000000000000,300,294.000000000000,294,0.980000000000,-0.020000000000,1.200000000000,1.176000000000,0.989582712077,0.989371250164,-0.000211461913,yes,yes,yes,10,8,8,0,10,1,"7,9,11,13,17,19,21,23",-,"1,3,7,9,11,13,17,19,21,23",17,0.070516800,0.070516800
COMPARISON_RELAXED,50,5.000000000000,300.000000000000,300,300.000000000000,300,1.000000000000,0.000000000000,1.200000000000,1.200000000000,0.989582712077,0.989582712077,0.000000000000,yes,yes,yes,10,8,8,0,10,1,"7,9,11,13,17,19,21,23",-,"1,3,7,9,11,13,17,19,21,23",17,0.078546544,0.078546544
COMPARISON_RELAXED,50,5.000000000000,300.000000000000,300,306.000000000000,306,1.020000000000,0.020000000000,1.200000000000,1.224000000000,0.989582712077,0.989785924050,0.000203211973,yes,yes,yes,10,8,8,0,10,1,"7,9,11,13,17,19,21,23",-,"1,3,7,9,11,13,17,19,21,23",17,0.086264550,0.086264550
COMPARISON_RELAXED,50,5.000000000000,300.000000000000,300,315.000000000000,315,1.050000000000,0.050000000000,1.200000000000,1.260000000000,0.989582712077,0.990076299444,0.000493587367,yes,yes,yes,10,8,8,0,10,1,"7,9,11,13,17,19,21,23",-,"1,3,7,9,11,13,17,19,21,23",17,0.097295626,0.097295626
COMPARISON_RELAXED,50,5.000000000000,300.000000000000,300,330.000000000000,330,1.100000000000,0.100000000000,1.200000000000,1.320000000000,0.989582712077,0.990525229401,0.000942517324,yes,yes,yes,10,8,8,0,10,2,"7,9,11,13,17,19,21,23",-,"1,3,7,9,11,13,17,19,21,23","11,17",0.114356021,0.082526775
COMPARISON_RELAXED,9,6.000000000000,56.700000000000,57,51.030000000000,52,0.900000000000,-0.100000000000,1.050000000000,0.945000000000,0.946106447145,0.940302239464,-0.005804207681,no,no,no,3,3,3,0,3,0,"1,2,4",-,"1,2,4",-,0.000000000,0.000000000
COMPARISON_RELAXED,9,6.000000000000,56.700000000000,57,53.865000000000,54,0.950000000000,-0.050000000000,1.050000000000,0.997500000000,0.946106447145,0.943352568030,-0.002753879116,no,no,no,3,3,3,0,3,0,"1,2,4",-,"1,2,4",-,0.000000000,0.000000000
COMPARISON_RELAXED,9,6.000000000000,56.700000000000,57,55.566000000000,56,0.980000000000,-0.020000000000,1.050000000000,1.029000000000,0.946106447145,0.945037649971,-0.001068797174,yes,no,no,3,3,3,0,3,3,"1,2,4",-,"1,2,4","1,2,4",0.176013801,0.112855665
COMPARISON_RELAXED,9,6.000000000000,56.700000000000,57,56.700000000000,57,1.000000000000,0.000000000000,1.050000000000,1.050000000000,0.946106447145,0.946106447145,0.000000000000,yes,yes,no,3,3,3,0,3,3,"1,2,4",-,"1,2,4","1,2,4",0.295244981,0.189767757
COMPARISON_RELAXED,9,6.000000000000,56.700000000000,57,57.834000000000,58,1.020000000000,0.020000000000,1.050000000000,1.071000000000,0.946106447145,0.947134485065,0.001028037919,yes,yes,no,3,3,3,0,3,3,"1,2,4",-,"1,2,4","1,2,4",0.408120440,0.262949034
COMPARISON_RELAXED,9,6.000000000000,56.700000000000,57,59.535000000000,60,1.050000000000,0.050000000000,1.050000000000,1.102500000000,0.946106447145,0.948605075002,0.002498627856,yes,yes,yes,3,3,3,0,3,3,"1,2,4",-,"1,2,4","1,2,4",0.566481105,0.366266266
COMPARISON_RELAXED,9,6.000000000000,56.700000000000,57,62.370000000000,63,1.100000000000,0.100000000000,1.050000000000,1.155000000000,0.946106447145,0.950882356434,0.004775909288,yes,yes,yes,3,3,3,0,3,3,"1,2,4",-,"1,2,4","1,2,4",0.804430099,0.523060123
COMPARISON_RELAXED,9,6.000000000000,59.400000000000,60,53.460000000000,54,0.900000000000,-0.100000000000,1.100000000000,0.990000000000,0.948491356064,0.942936023509,-0.005555332555,no,no,no,3,3,3,0,3,0,"1,2,4",-,"1,2,4",-,0.000000000,0.000000000
COMPARISON_RELAXED,9,6.000000000000,59.400000000000,60,56.430000000000,57,0.950000000000,-0.050000000000,1.100000000000,1.045000000000,0.948491356064,0.945855757964,-0.002635598100,yes,no,no,3,3,3,0,3,3,"1,2,4",-,"1,2,4","1,2,4",0.267450625,0.171803568
COMPARISON_RELAXED,9,6.000000000000,59.400000000000,60,58.212000000000,59,0.980000000000,-0.020000000000,1.100000000000,1.078000000000,0.948491356064,0.947468507047,-0.001022849017,yes,yes,no,3,3,3,0,3,3,"1,2,4",-,"1,2,4","1,2,4",0.444411381,0.286557515
COMPARISON_RELAXED,9,6.000000000000,59.400000000000,60,59.400000000000,60,1.000000000000,0.000000000000,1.100000000000,1.100000000000,0.948491356064,0.948491356064,0.000000000000,yes,yes,yes,3,3,3,0,3,3,"1,2,4",-,"1,2,4","1,2,4",0.554366296,0.358334490
COMPARISON_RELAXED,9,6.000000000000,59.400000000000,60,60.588000000000,61,1.020000000000,0.020000000000,1.100000000000,1.122000000000,0.948491356064,0.949475147227,0.000983791163,yes,yes,yes,3,3,3,0,3,3,"1,2,4",-,"1,2,4","1,2,4",0.658442310,0.426632169
COMPARISON_RELAXED,9,6.000000000000,59.400000000000,60,62.370000000000,63,1.050000000000,0.050000000000,1.100000000000,1.155000000000,0.948491356064,0.950882356434,0.002391000370,yes,yes,yes,3,3,3,0,3,3,"1,2,4",-,"1,2,4","1,2,4",0.804430099,0.523060123
COMPARISON_RELAXED,9,6.000000000000,59.400000000000,60,65.340000000000,66,1.100000000000,0.100000000000,1.100000000000,1.210000000000,0.948491356064,0.953061289168,0.004569933104,yes,yes,yes,3,3,3,0,3,3,"1,2,4",-,"1,2,4","1,2,4",1.023731891,0.669415099
COMPARISON_RELAXED,9,6.000000000000,62.100000000000,63,55.890000000000,56,0.900000000000,-0.100000000000,1.150000000000,1.035000000000,0.950674201240,0.945347320187,-0.005326881053,yes,no,no,3,3,3,0,3,3,"1,2,4",-,"1,2,4","1,2,4",0.210756013,0.135226701
COMPARISON_RELAXED,9,6.000000000000,62.100000000000,63,58.995000000000,59,0.950000000000,-0.050000000000,1.150000000000,1.092500000000,0.950674201240,0.948147160739,-0.002527040501,yes,yes,no,3,3,3,0,3,3,"1,2,4",-,"1,2,4","1,2,4",0.517564067,0.334268285
COMPARISON_RELAXED,9,6.000000000000,62.100000000000,63,60.858000000000,61,0.980000000000,-0.020000000000,1.150000000000,1.127000000000,0.950674201240,0.949693519565,-0.000980681675,yes,yes,yes,3,3,3,0,3,3,"1,2,4",-,"1,2,4","1,2,4",0.681319712,0.441693708
COMPARISON_RELAXED,9,6.000000000000,62.100000000000,63,62.100000000000,63,1.000000000000,0.000000000000,1.150000000000,1.150000000000,0.950674201240,0.950674201240,0.000000000000,yes,yes,yes,3,3,3,0,3,3,"1,2,4",-,"1,2,4","1,2,4",0.783050122,0.508890534
COMPARISON_RELAXED,9,6.000000000000,62.100000000000,63,63.342000000000,64,1.020000000000,0.020000000000,1.150000000000,1.173000000000,0.950674201240,0.951617390763,0.000943189523,yes,yes,yes,3,3,3,0,3,3,"1,2,4",-,"1,2,4","1,2,4",0.879328365,0.572833470
COMPARISON_RELAXED,9,6.000000000000,62.100000000000,63,65.205000000000,66,1.050000000000,0.050000000000,1.150000000000,1.207500000000,0.950674201240,0.952966447953,0.002292246713,yes,yes,yes,3,3,3,0,3,3,"1,2,4",-,"1,2,4","1,2,4",1.014358120,0.663119855
COMPARISON_RELAXED,9,6.000000000000,62.100000000000,63,68.310000000000,69,1.100000000000,0.100000000000,1.150000000000,1.265000000000,0.950674201240,0.955055162394,0.004380961155,yes,yes,yes,3,3,3,0,3,3,"1,2,4",-,"1,2,4","1,2,4",1.217158662,0.800172238
COMPARISON_RELAXED,9,6.000000000000,64.800000000000,65,58.320000000000,59,0.900000000000,-0.100000000000,1.200000000000,1.080000000000,0.952679611421,0.947563168313,-0.005116443108,yes,yes,no,3,3,3,0,3,3,"1,2,4",-,"1,2,4","1,2,4",0.454661851,0.293233011
COMPARISON_RELAXED,9,6.000000000000,64.800000000000,65,61.560000000000,62,0.950000000000,-0.050000000000,1.200000000000,1.140000000000,0.952679611421,0.950252554555,-0.002427056866,yes,yes,yes,3,3,3,0,3,3,"1,2,4",-,"1,2,4","1,2,4",0.739513408,0.480087892
COMPARISON_RELAXED,9,6.000000000000,64.800000000000,65,63.504000000000,64,0.980000000000,-0.020000000000,1.200000000000,1.176000000000,0.952679611421,0.951737763659,-0.000941847762,yes,yes,yes,3,3,3,0,3,3,"1,2,4",-,"1,2,4","1,2,4",0.891505047,0.580945624
COMPARISON_RELAXED,9,6.000000000000,64.800000000000,65,64.800000000000,65,1.000000000000,0.000000000000,1.200000000000,1.200000000000,0.952679611421,0.952679611421,0.000000000000,yes,yes,yes,3,3,3,0,3,3,"1,2,4",-,"1,2,4","1,2,4",0.985912857,0.644038934
COMPARISON_RELAXED,9,6.000000000000,64.800000000000,65,66.096000000000,67,1.020000000000,0.020000000000,1.200000000000,1.224000000000,0.952679611421,0.953585412566,0.000905801145,yes,yes,yes,3,3,3,0,3,3,"1,2,4",-,"1,2,4","1,2,4",1.075251436,0.704081049
COMPARISON_RELAXED,9,6.000000000000,64.800000000000,65,68.040000000000,69,1.050000000000,0.050000000000,1.200000000000,1.260000000000,0.952679611421,0.954880926096,0.002201314675,yes,yes,yes,3,3,3,0,3,3,"1,2,4",-,"1,2,4","1,2,4",1.200533851,0.788867182
COMPARISON_RELAXED,9,6.000000000000,64.800000000000,65,71.280000000000,72,1.100000000000,0.100000000000,1.200000000000,1.320000000000,0.952679611421,0.956886585956,0.004206974535,yes,yes,yes,3,3,3,0,3,3,"1,2,4",-,"1,2,4","1,2,4",1.388666532,0.917590637
COMPARISON_RELAXED,12,6.000000000000,75.600000000000,76,68.040000000000,69,0.900000000000,-0.100000000000,1.050000000000,0.945000000000,0.959299000611,0.954880926096,-0.004418074515,no,no,no,2,1,1,0,2,0,5,-,"1,5",-,0.000000000,0.000000000
COMPARISON_RELAXED,12,6.000000000000,75.600000000000,76,71.820000000000,72,0.950000000000,-0.050000000000,1.050000000000,0.997500000000,0.959299000611,0.957203658264,-0.002095342346,no,no,no,2,1,1,0,2,0,5,-,"1,5",-,0.000000000,0.000000000
COMPARISON_RELAXED,12,6.000000000000,75.600000000000,76,74.088000000000,75,0.980000000000,-0.020000000000,1.050000000000,1.029000000000,0.959299000611,0.958485971238,-0.000813029373,yes,no,no,2,1,1,0,2,0,5,-,"1,5",-,0.000000000,0.000000000
COMPARISON_RELAXED,12,6.000000000000,75.600000000000,76,75.600000000000,76,1.000000000000,0.000000000000,1.050000000000,1.050000000000,0.959299000611,0.959299000611,0.000000000000,yes,yes,no,2,1,1,0,2,1,5,-,"1,5",5,0.053494194,0.053494194
COMPARISON_RELAXED,12,6.000000000000,75.600000000000,76,77.112000000000,78,1.020000000000,0.020000000000,1.050000000000,1.071000000000,0.959299000611,0.960080802836,0.000781802225,yes,yes,no,2,1,1,0,2,1,5,-,"1,5",5,0.074508070,0.074508070
COMPARISON_RELAXED,12,6.000000000000,75.600000000000,76,79.380000000000,80,1.050000000000,0.050000000000,1.050000000000,1.102500000000,0.959299000611,0.961198779777,0.001899779167,yes,yes,yes,2,1,1,0,2,1,5,-,"1,5",5,0.104562656,0.104562656
COMPARISON_RELAXED,12,6.000000000000,75.600000000000,76,83.160000000000,84,1.100000000000,0.100000000000,1.050000000000,1.155000000000,0.959299000611,0.962929148752,0.003630148141,yes,yes,yes,2,1,1,0,2,1,5,-,"1,5",5,0.151090698,0.151090698
COMPARISON_RELAXED,12,6.000000000000,79.200000000000,80,71.280000000000,72,0.900000000000,-0.100000000000,1.100000000000,0.990000000000,0.961112343794,0.956886585956,-0.004225757838,no,no,no,2,1,1,0,2,0,5,-,"1,5",-,0.000000000,0.000000000
COMPARISON_RELAXED,12,6.000000000000,79.200000000000,80,75.240000000000,76,0.950000000000,-0.050000000000,1.100000000000,1.045000000000,0.961112343794,0.959108323552,-0.002004020242,yes,no,no,2,1,1,0,2,0,5,-,"1,5",-,0.000000000,0.000000000
COMPARISON_RELAXED,12,6.000000000000,79.200000000000,80,77.616000000000,78,0.980000000000,-0.020000000000,1.100000000000,1.078000000000,0.961112343794,0.960334773119,-0.000777570675,yes,yes,no,2,1,1,0,2,1,5,-,"1,5",5,0.081335071,0.081335071
COMPARISON_RELAXED,12,6.000000000000,79.200000000000,80,79.200000000000,80,1.000000000000,0.000000000000,1.100000000000,1.100000000000,0.961112343794,0.961112343794,0.000000000000,yes,yes,yes,2,1,1,0,2,1,5,-,"1,5",5,0.102238801,0.102238801
COMPARISON_RELAXED,12,6.000000000000,79.200000000000,80,80.784000000000,81,1.020000000000,0.020000000000,1.100000000000,1.122000000000,0.961112343794,0.961860020419,0.000747676625,yes,yes,yes,2,1,1,0,2,1,5,-,"1,5",5,0.122341340,0.122341340
COMPARISON_RELAXED,12,6.000000000000,79.200000000000,80,83.160000000000,84,1.050000000000,0.050000000000,1.100000000000,1.155000000000,0.961112343794,0.962929148752,0.001816804958,yes,yes,yes,2,1,1,0,2,1,5,-,"1,5",5,0.151090698,0.151090698
COMPARISON_RELAXED,12,6.000000000000,79.200000000000,80,87.120000000000,88,1.100000000000,0.100000000000,1.100000000000,1.210000000000,0.961112343794,0.964583797892,0.003471454098,yes,yes,yes,2,1,1,0,2,1,5,-,"1,5",5,0.195593940,0.195593940
COMPARISON_RELAXED,12,6.000000000000,82.800000000000,83,74.520000000000,75,0.900000000000,-0.100000000000,1.150000000000,1.035000000000,0.962771028160,0.958721560236,-0.004049467924,yes,no,no,2,1,1,0,2,0,5,-,"1,5",-,0.000000000,0.000000000
COMPARISON_RELAXED,12,6.000000000000,82.800000000000,83,78.660000000000,79,0.950000000000,-0.050000000000,1.150000000000,1.092500000000,0.962771028160,0.960850710169,-0.001920317991,yes,yes,no,2,1,1,0,2,1,5,-,"1,5",5,0.095204909,0.095204909
COMPARISON_RELAXED,12,6.000000000000,82.800000000000,83,81.144000000000,82,0.980000000000,-0.020000000000,1.150000000000,1.127000000000,0.962771028160,0.962025955503,-0.000745072657,yes,yes,yes,2,1,1,0,2,1,5,-,"1,5",5,0.126803103,0.126803103
COMPARISON_RELAXED,12,6.000000000000,82.800000000000,83,82.800000000000,83,1.000000000000,0.000000000000,1.150000000000,1.150000000000,0.962771028160,0.962771028160,0.000000000000,yes,yes,yes,2,1,1,0,2,1,5,-,"1,5",5,0.146838468,0.146838468
COMPARISON_RELAXED,12,6.000000000000,82.800000000000,83,84.456000000000,85,1.020000000000,0.020000000000,1.150000000000,1.173000000000,0.962771028160,0.963487430983,0.000716402822,yes,yes,yes,2,1,1,0,2,1,5,-,"1,5",5,0.166105000,0.166105000
COMPARISON_RELAXED,12,6.000000000000,82.800000000000,83,86.940000000000,87,1.050000000000,0.050000000000,1.150000000000,1.207500000000,0.962771028160,0.964511796996,0.001740768836,yes,yes,yes,2,1,1,0,2,1,5,-,"1,5",5,0.193657194,0.193657194
COMPARISON_RELAXED,12,6.000000000000,82.800000000000,83,91.080000000000,92,1.100000000000,0.100000000000,1.150000000000,1.265000000000,0.962771028160,0.966097069978,0.003326041818,yes,yes,yes,2,1,1,0,2,1,5,-,"1,5",5,0.236303680,0.236303680
COMPARISON_RELAXED,12,6.000000000000,86.400000000000,87,77.760000000000,78,0.900000000000,-0.100000000000,1.200000000000,1.080000000000,0.964294027298,0.960406743703,-0.003887283595,yes,yes,no,2,1,1,0,2,1,5,-,"1,5",5,0.083269772,0.083269772
COMPARISON_RELAXED,12,6.000000000000,86.400000000000,87,82.080000000000,83,0.950000000000,-0.050000000000,1.200000000000,1.140000000000,0.964294027298,0.962450706271,-0.001843321027,yes,yes,yes,2,1,1,0,2,1,5,-,"1,5",5,0.138224579,0.138224579
COMPARISON_RELAXED,12,6.000000000000,86.400000000000,87,84.672000000000,85,0.980000000000,-0.020000000000,1.200000000000,1.176000000000,0.964294027298,0.963578847578,-0.000715179720,yes,yes,yes,2,1,1,0,2,1,5,-,"1,5",5,0.168563652,0.168563652
COMPARISON_RELAXED,12,6.000000000000,86.400000000000,87,86.400000000000,87,1.000000000000,0.000000000000,1.200000000000,1.200000000000,0.964294027298,0.964294027298,0.000000000000,yes,yes,yes,2,1,1,0,2,1,5,-,"1,5",5,0.187799546,0.187799546
COMPARISON_RELAXED,12,6.000000000000,86.400000000000,87,88.128000000000,89,1.020000000000,0.020000000000,1.200000000000,1.224000000000,0.964294027298,0.964981665298,0.000687638000,yes,yes,yes,2,1,1,0,2,1,5,-,"1,5",5,0.206296485,0.206296485
COMPARISON_RELAXED,12,6.000000000000,86.400000000000,87,90.720000000000,91,1.050000000000,0.050000000000,1.200000000000,1.260000000000,0.964294027298,0.965964863564,0.001670836266,yes,yes,yes,2,1,1,0,2,1,5,-,"1,5",5,0.232746764,0.232746764
COMPARISON_RELAXED,12,6.000000000000,86.400000000000,87,95.040000000000,96,1.100000000000,0.100000000000,1.200000000000,1.320000000000,0.964294027298,0.967486339553,0.003192312255,yes,yes,yes,2,1,1,0,2,1,5,-,"1,5",5,0.273684551,0.273684551
COMPARISON_RELAXED,30,6.000000000000,189.000000000000,189,170.100000000000,171,0.900000000000,-0.100000000000,1.050000000000,0.945000000000,0.983515391065,0.981700673601,-0.001814717464,no,no,no,4,3,3,0,4,0,"7,11,13",-,"1,7,11,13",-,0.000000000,0.000000000
COMPARISON_RELAXED,30,6.000000000000,189.000000000000,189,179.550000000000,180,0.950000000000,-0.050000000000,1.050000000000,0.997500000000,0.983515391065,0.982655368442,-0.000860022622,no,no,no,4,3,3,0,4,0,"7,11,13",-,"1,7,11,13",-,0.000000000,0.000000000
COMPARISON_RELAXED,30,6.000000000000,189.000000000000,189,185.220000000000,186,0.980000000000,-0.020000000000,1.050000000000,1.029000000000,0.983515391065,0.983181823216,-0.000333567849,yes,no,no,4,3,3,0,4,0,"7,11,13",-,"1,7,11,13",-,0.000000000,0.000000000
COMPARISON_RELAXED,30,6.000000000000,189.000000000000,189,189.000000000000,189,1.000000000000,0.000000000000,1.050000000000,1.050000000000,0.983515391065,0.983515391065,0.000000000000,yes,yes,no,4,3,3,0,4,0,"7,11,13",-,"1,7,11,13",-,0.000000000,0.000000000
COMPARISON_RELAXED,30,6.000000000000,189.000000000000,189,192.780000000000,193,1.020000000000,0.020000000000,1.050000000000,1.071000000000,0.983515391065,0.983835984865,0.000320593800,yes,yes,no,4,3,3,0,4,0,"7,11,13",-,"1,7,11,13",-,0.000000000,0.000000000
COMPARISON_RELAXED,30,6.000000000000,189.000000000000,189,198.450000000000,199,1.050000000000,0.050000000000,1.050000000000,1.102500000000,0.983515391065,0.984294158035,0.000778766970,yes,yes,yes,4,3,3,0,4,0,"7,11,13",-,"1,7,11,13",-,0.000000000,0.000000000
COMPARISON_RELAXED,30,6.000000000000,189.000000000000,189,207.900000000000,208,1.100000000000,0.100000000000,1.050000000000,1.155000000000,0.983515391065,0.985002665220,0.001487274155,yes,yes,yes,4,3,3,0,4,0,"7,11,13",-,"1,7,11,13",-,0.000000000,0.000000000
COMPARISON_RELAXED,30,6.000000000000,198.000000000000,198,178.200000000000,179,0.900000000000,-0.100000000000,1.100000000000,0.990000000000,0.984258746108,0.982525127888,-0.001733618220,no,no,no,4,3,3,0,4,0,"7,11,13",-,"1,7,11,13",-,0.000000000,0.000000000
COMPARISON_RELAXED,30,6.000000000000,198.000000000000,198,188.100000000000,189,0.950000000000,-0.050000000000,1.100000000000,1.045000000000,0.984258746108,0.983437175965,-0.000821570143,yes,no,no,4,3,3,0,4,0,"7,11,13",-,"1,7,11,13",-,0.000000000,0.000000000
COMPARISON_RELAXED,30,6.000000000000,198.000000000000,198,194.040000000000,195,0.980000000000,-0.020000000000,1.100000000000,1.078000000000,0.984258746108,0.983940096325,-0.000318649784,yes,yes,no,4,3,3,0,4,0,"7,11,13",-,"1,7,11,13",-,0.000000000,0.000000000
COMPARISON_RELAXED,30,6.000000000000,198.000000000000,198,198.000000000000,198,1.000000000000,0.000000000000,1.100000000000,1.100000000000,0.984258746108,0.984258746108,0.000000000000,yes,yes,yes,4,3,3,0,4,0,"7,11,13",-,"1,7,11,13",-,0.000000000,0.000000000
COMPARISON_RELAXED,30,6.000000000000,198.000000000000,198,201.960000000000,202,1.020000000000,0.020000000000,1.100000000000,1.122000000000,0.984258746108,0.984564997411,0.000306251303,yes,yes,yes,4,3,3,0,4,0,"7,11,13",-,"1,7,11,13",-,0.000000000,0.000000000
COMPARISON_RELAXED,30,6.000000000000,198.000000000000,198,207.900000000000,208,1.050000000000,0.050000000000,1.100000000000,1.155000000000,0.984258746108,0.985002665220,0.000743919112,yes,yes,yes,4,3,3,0,4,0,"7,11,13",-,"1,7,11,13",-,0.000000000,0.000000000
COMPARISON_RELAXED,30,6.000000000000,198.000000000000,198,217.800000000000,218,1.100000000000,0.100000000000,1.100000000000,1.210000000000,0.984258746108,0.985679445075,0.001420698967,yes,yes,yes,4,3,3,0,4,1,"7,11,13",-,"1,7,11,13",7,0.061338112,0.061338112
COMPARISON_RELAXED,30,6.000000000000,207.000000000000,207,186.300000000000,187,0.900000000000,-0.100000000000,1.150000000000,1.035000000000,0.984937954201,0.983278497855,-0.001659456347,yes,no,no,4,3,3,0,4,0,"7,11,13",-,"1,7,11,13",-,0.000000000,0.000000000
COMPARISON_RELAXED,30,6.000000000000,207.000000000000,207,196.650000000000,197,0.950000000000,-0.050000000000,1.150000000000,1.092500000000,0.984937954201,0.984151545717,-0.000786408485,yes,yes,no,4,3,3,0,4,0,"7,11,13",-,"1,7,11,13",-,0.000000000,0.000000000
COMPARISON_RELAXED,30,6.000000000000,207.000000000000,207,202.860000000000,203,0.980000000000,-0.020000000000,1.150000000000,1.127000000000,0.984937954201,0.984632945446,-0.000305008756,yes,yes,yes,4,3,3,0,4,0,"7,11,13",-,"1,7,11,13",-,0.000000000,0.000000000
COMPARISON_RELAXED,30,6.000000000000,207.000000000000,207,207.000000000000,207,1.000000000000,0.000000000000,1.150000000000,1.150000000000,0.984937954201,0.984937954201,0.000000000000,yes,yes,yes,4,3,3,0,4,0,"7,11,13",-,"1,7,11,13",-,0.000000000,0.000000000
COMPARISON_RELAXED,30,6.000000000000,207.000000000000,207,211.140000000000,212,1.020000000000,0.020000000000,1.150000000000,1.173000000000,0.984937954201,0.985231091164,0.000293136963,yes,yes,yes,4,3,3,0,4,1,"7,11,13",-,"1,7,11,13",7,0.052125106,0.052125106
COMPARISON_RELAXED,30,6.000000000000,207.000000000000,207,217.350000000000,218,1.050000000000,0.050000000000,1.150000000000,1.207500000000,0.984937954201,0.985650010162,0.000712055960,yes,yes,yes,4,3,3,0,4,1,"7,11,13",-,"1,7,11,13",7,0.060733400,0.060733400
COMPARISON_RELAXED,30,6.000000000000,207.000000000000,207,227.700000000000,228,1.100000000000,0.100000000000,1.150000000000,1.265000000000,0.984937954201,0.986297782077,0.001359827876,yes,yes,yes,4,3,3,0,4,2,"7,11,13",-,"1,7,11,13","7,11",0.074036947,0.066291644
COMPARISON_RELAXED,30,6.000000000000,216.000000000000,216,194.400000000000,195,0.900000000000,-0.100000000000,1.200000000000,1.080000000000,0.985560974919,0.983969596583,-0.001591378336,yes,yes,no,4,3,3,0,4,0,"7,11,13",-,"1,7,11,13",-,0.000000000,0.000000000
COMPARISON_RELAXED,30,6.000000000000,216.000000000000,216,205.200000000000,206,0.950000000000,-0.050000000000,1.200000000000,1.140000000000,0.985560974919,0.984806842327,-0.000754132592,yes,yes,yes,4,3,3,0,4,0,"7,11,13",-,"1,7,11,13",-,0.000000000,0.000000000
COMPARISON_RELAXED,30,6.000000000000,216.000000000000,216,211.680000000000,212,0.980000000000,-0.020000000000,1.200000000000,1.176000000000,0.985560974919,0.985268487379,-0.000292487540,yes,yes,yes,4,3,3,0,4,1,"7,11,13",-,"1,7,11,13",7,0.052893708,0.052893708
COMPARISON_RELAXED,30,6.000000000000,216.000000000000,216,216.000000000000,216,1.000000000000,0.000000000000,1.200000000000,1.200000000000,0.985560974919,0.985560974919,0.000000000000,yes,yes,yes,4,3,3,0,4,1,"7,11,13",-,"1,7,11,13",7,0.058904145,0.058904145
COMPARISON_RELAXED,30,6.000000000000,216.000000000000,216,220.320000000000,221,1.020000000000,0.020000000000,1.200000000000,1.224000000000,0.985560974919,0.985842074443,0.000281099525,yes,yes,yes,4,3,3,0,4,2,"7,11,13",-,"1,7,11,13","7,11",0.064678838,0.057909951
COMPARISON_RELAXED,30,6.000000000000,216.000000000000,216,226.800000000000,227,1.050000000000,0.050000000000,1.200000000000,1.260000000000,0.985560974919,0.986243784771,0.000682809852,yes,yes,yes,4,3,3,0,4,2,"7,11,13",-,"1,7,11,13","7,11",0.072928327,0.065298657
COMPARISON_RELAXED,30,6.000000000000,216.000000000000,216,237.600000000000,238,1.100000000000,0.100000000000,1.200000000000,1.320000000000,0.985560974919,0.986864932923,0.001303958004,yes,yes,yes,4,3,3,0,4,2,"7,11,13",-,"1,7,11,13","7,11",0.085677369,0.076718557
COMPARISON_RELAXED,50,6.000000000000,315.000000000000,315,283.500000000000,284,0.900000000000,-0.100000000000,1.050000000000,0.945000000000,0.990076299444,0.988979773663,-0.001096525781,no,no,no,10,8,8,0,10,0,"7,9,11,13,17,19,21,23",-,"1,3,7,9,11,13,17,19,21,23",-,0.000000000,0.000000000
COMPARISON_RELAXED,50,6.000000000000,315.000000000000,315,299.250000000000,300,0.950000000000,-0.050000000000,1.050000000000,0.997500000000,0.990076299444,0.989556740630,-0.000519558814,no,no,no,10,8,8,0,10,0,"7,9,11,13,17,19,21,23",-,"1,3,7,9,11,13,17,19,21,23",-,0.000000000,0.000000000
COMPARISON_RELAXED,50,6.000000000000,315.000000000000,315,308.700000000000,309,0.980000000000,-0.020000000000,1.050000000000,1.029000000000,0.990076299444,0.989874805408,-0.000201494036,yes,no,no,10,8,8,0,10,0,"7,9,11,13,17,19,21,23",-,"1,3,7,9,11,13,17,19,21,23",-,0.000000000,0.000000000
COMPARISON_RELAXED,50,6.000000000000,315.000000000000,315,315.000000000000,315,1.000000000000,0.000000000000,1.050000000000,1.050000000000,0.990076299444,0.990076299444,0.000000000000,yes,yes,no,10,8,8,0,10,0,"7,9,11,13,17,19,21,23",-,"1,3,7,9,11,13,17,19,21,23",-,0.000000000,0.000000000
COMPARISON_RELAXED,50,6.000000000000,315.000000000000,315,321.300000000000,322,1.020000000000,0.020000000000,1.050000000000,1.071000000000,0.990076299444,0.990269930483,0.000193631040,yes,yes,no,10,8,8,0,10,0,"7,9,11,13,17,19,21,23",-,"1,3,7,9,11,13,17,19,21,23",-,0.000000000,0.000000000
COMPARISON_RELAXED,50,6.000000000000,315.000000000000,315,330.750000000000,331,1.050000000000,0.050000000000,1.050000000000,1.102500000000,0.990076299444,0.990546612107,0.000470312663,yes,yes,yes,10,8,8,0,10,0,"7,9,11,13,17,19,21,23",-,"1,3,7,9,11,13,17,19,21,23",-,0.000000000,0.000000000
COMPARISON_RELAXED,50,6.000000000000,315.000000000000,315,346.500000000000,347,1.100000000000,0.100000000000,1.050000000000,1.155000000000,0.990076299444,0.990974363401,0.000898063957,yes,yes,yes,10,8,8,0,10,1,"7,9,11,13,17,19,21,23",-,"1,3,7,9,11,13,17,19,21,23",17,0.063219941,0.063219941
COMPARISON_RELAXED,50,6.000000000000,330.000000000000,330,297.000000000000,297,0.900000000000,-0.100000000000,1.100000000000,0.990000000000,0.990525229401,0.989478043447,-0.001047185954,no,no,no,10,8,8,0,10,0,"7,9,11,13,17,19,21,23",-,"1,3,7,9,11,13,17,19,21,23",-,0.000000000,0.000000000
COMPARISON_RELAXED,50,6.000000000000,330.000000000000,330,313.500000000000,314,0.950000000000,-0.050000000000,1.100000000000,1.045000000000,0.990525229401,0.990029055526,-0.000496173876,yes,no,no,10,8,8,0,10,0,"7,9,11,13,17,19,21,23",-,"1,3,7,9,11,13,17,19,21,23",-,0.000000000,0.000000000
COMPARISON_RELAXED,50,6.000000000000,330.000000000000,330,323.400000000000,324,0.980000000000,-0.020000000000,1.100000000000,1.078000000000,0.990525229401,0.990332805867,-0.000192423534,yes,yes,no,10,8,8,0,10,0,"7,9,11,13,17,19,21,23",-,"1,3,7,9,11,13,17,19,21,23",-,0.000000000,0.000000000
COMPARISON_RELAXED,50,6.000000000000,330.000000000000,330,330.000000000000,330,1.000000000000,0.000000000000,1.100000000000,1.100000000000,0.990525229401,0.990525229401,0.000000000000,yes,yes,yes,10,8,8,0,10,0,"7,9,11,13,17,19,21,23",-,"1,3,7,9,11,13,17,19,21,23",-,0.000000000,0.000000000
COMPARISON_RELAXED,50,6.000000000000,330.000000000000,330,336.600000000000,337,1.020000000000,0.020000000000,1.100000000000,1.122000000000,0.990525229401,0.990710142215,0.000184912814,yes,yes,yes,10,8,8,0,10,1,"7,9,11,13,17,19,21,23",-,"1,3,7,9,11,13,17,19,21,23",17,0.051207631,0.051207631
COMPARISON_RELAXED,50,6.000000000000,330.000000000000,330,346.500000000000,347,1.050000000000,0.050000000000,1.100000000000,1.155000000000,0.990525229401,0.990974363401,0.000449134000,yes,yes,yes,10,8,8,0,10,1,"7,9,11,13,17,19,21,23",-,"1,3,7,9,11,13,17,19,21,23",17,0.063219941,0.063219941
COMPARISON_RELAXED,50,6.000000000000,330.000000000000,330,363.000000000000,363,1.100000000000,0.100000000000,1.100000000000,1.210000000000,0.990525229401,0.991382844158,0.000857614757,yes,yes,yes,10,8,8,0,10,1,"7,9,11,13,17,19,21,23",-,"1,3,7,9,11,13,17,19,21,23",17,0.081799211,0.081799211
COMPARISON_RELAXED,50,6.000000000000,345.000000000000,345,310.500000000000,311,0.900000000000,-0.100000000000,1.150000000000,1.035000000000,0.990935300169,0.989933205245,-0.001002094924,yes,no,no,10,8,8,0,10,0,"7,9,11,13,17,19,21,23",-,"1,3,7,9,11,13,17,19,21,23",-,0.000000000,0.000000000
COMPARISON_RELAXED,50,6.000000000000,345.000000000000,345,327.750000000000,328,0.950000000000,-0.050000000000,1.150000000000,1.092500000000,0.990935300169,0.990460496936,-0.000474803233,yes,yes,no,10,8,8,0,10,0,"7,9,11,13,17,19,21,23",-,"1,3,7,9,11,13,17,19,21,23",-,0.000000000,0.000000000
COMPARISON_RELAXED,50,6.000000000000,345.000000000000,345,338.100000000000,339,0.980000000000,-0.020000000000,1.150000000000,1.127000000000,0.990935300169,0.990751165718,-0.000184134450,yes,yes,yes,10,8,8,0,10,1,"7,9,11,13,17,19,21,23",-,"1,3,7,9,11,13,17,19,21,23",17,0.053072403,0.053072403
COMPARISON_RELAXED,50,6.000000000000,345.000000000000,345,345.000000000000,345,1.000000000000,0.000000000000,1.150000000000,1.150000000000,0.990935300169,0.990935300169,0.000000000000,yes,yes,yes,10,8,8,0,10,1,"7,9,11,13,17,19,21,23",-,"1,3,7,9,11,13,17,19,21,23",17,0.061443734,0.061443734
COMPARISON_RELAXED,50,6.000000000000,345.000000000000,345,351.900000000000,352,1.020000000000,0.020000000000,1.150000000000,1.173000000000,0.990935300169,0.991112245969,0.000176945800,yes,yes,yes,10,8,8,0,10,1,"7,9,11,13,17,19,21,23",-,"1,3,7,9,11,13,17,19,21,23",17,0.069490220,0.069490220
COMPARISON_RELAXED,50,6.000000000000,345.000000000000,345,362.250000000000,363,1.050000000000,0.050000000000,1.150000000000,1.207500000000,0.990935300169,0.991365080617,0.000429780448,yes,yes,yes,10,8,8,0,10,1,"7,9,11,13,17,19,21,23",-,"1,3,7,9,11,13,17,19,21,23",17,0.080991044,0.080991044
COMPARISON_RELAXED,50,6.000000000000,345.000000000000,345,379.500000000000,380,1.100000000000,0.100000000000,1.150000000000,1.265000000000,0.990935300169,0.991755952217,0.000820652048,yes,yes,yes,10,8,8,0,10,1,"7,9,11,13,17,19,21,23",-,"1,3,7,9,11,13,17,19,21,23",17,0.098778543,0.098778543
COMPARISON_RELAXED,50,6.000000000000,360.000000000000,360,324.000000000000,324,0.900000000000,-0.100000000000,1.200000000000,1.080000000000,0.991311347846,0.990350621287,-0.000960726560,yes,yes,no,10,8,8,0,10,0,"7,9,11,13,17,19,21,23",-,"1,3,7,9,11,13,17,19,21,23",-,0.000000000,0.000000000
COMPARISON_RELAXED,50,6.000000000000,360.000000000000,360,342.000000000000,342,0.950000000000,-0.050000000000,1.200000000000,1.140000000000,0.991311347846,0.990856150457,-0.000455197390,yes,yes,yes,10,8,8,0,10,1,"7,9,11,13,17,19,21,23",-,"1,3,7,9,11,13,17,19,21,23",17,0.057845082,0.057845082
COMPARISON_RELAXED,50,6.000000000000,360.000000000000,360,352.800000000000,353,0.980000000000,-0.020000000000,1.200000000000,1.176000000000,0.991311347846,0.991134817864,-0.000176529983,yes,yes,yes,10,8,8,0,10,1,"7,9,11,13,17,19,21,23",-,"1,3,7,9,11,13,17,19,21,23",17,0.070516800,0.070516800
COMPARISON_RELAXED,50,6.000000000000,360.000000000000,360,360.000000000000,360,1.000000000000,0.000000000000,1.200000000000,1.200000000000,0.991311347846,0.991311347846,0.000000000000,yes,yes,yes,10,8,8,0,10,1,"7,9,11,13,17,19,21,23",-,"1,3,7,9,11,13,17,19,21,23",17,0.078546544,0.078546544
COMPARISON_RELAXED,50,6.000000000000,360.000000000000,360,367.200000000000,368,1.020000000000,0.020000000000,1.200000000000,1.224000000000,0.991311347846,0.991480984765,0.000169636919,yes,yes,yes,10,8,8,0,10,1,"7,9,11,13,17,19,21,23",-,"1,3,7,9,11,13,17,19,21,23",17,0.086264550,0.086264550
COMPARISON_RELAXED,50,6.000000000000,360.000000000000,360,378.000000000000,378,1.050000000000,0.050000000000,1.200000000000,1.260000000000,0.991311347846,0.991723373686,0.000412025840,yes,yes,yes,10,8,8,0,10,1,"7,9,11,13,17,19,21,23",-,"1,3,7,9,11,13,17,19,21,23",17,0.097295626,0.097295626
COMPARISON_RELAXED,50,6.000000000000,360.000000000000,360,396.000000000000,396,1.100000000000,0.100000000000,1.200000000000,1.320000000000,0.991311347846,0.992098091547,0.000786743701,yes,yes,yes,10,8,8,0,10,2,"7,9,11,13,17,19,21,23",-,"1,3,7,9,11,13,17,19,21,23","11,17",0.114356021,0.082526775
