detuning_from_l0_peak_mhz,T_l0_exp,T_l9_exp,T_overlap_min_exp
-557.7242280336213,0.0752868228880427,0.07094111467991115,0.07094111467991115
-557.2450226212095,0.07535018646237969,0.07104305687147193,0.07104305687147193
-556.7658172087977,0.07541355003671668,0.07114499906303269,0.07114499906303269
-556.2866117963858,0.07547691361105369,0.07124694125459345,0.07124694125459345
-555.807406383974,0.07554027718539069,0.07134888344615423,0.07134888344615423
-555.3282009715622,0.0756036407597277,0.07145082563771497,0.07145082563771497
-554.8489955591504,0.07566700433406469,0.07155276782927573,0.07155276782927573
-554.3697901467385,0.0757303679084017,0.0716547100208365,0.0716547100208365
-553.8905847343267,0.0757937314827387,0.07175665221239728,0.07175665221239728
-553.4113793219149,0.07585709505707569,0.07185859440395805,0.07185859440395805
-552.932173909503,0.07593367835175174,0.07196053659551879,0.07196053659551879
-552.4529684970912,0.07606040550042575,0.07206247878707957,0.07206247878707957
-551.9737630846794,0.07618713264909975,0.07216442097864034,0.07216442097864034
-551.4945576722675,0.07631385979777375,0.0722663631702011,0.0722663631702011
-551.0153522598557,0.07644058694644774,0.07236830536176186,0.07236830536176186
-550.5361468474439,0.07656731409512176,0.07247024755332263,0.07247024755332263
-550.0569414350321,0.07669404124379574,0.07257218974488341,0.07257218974488341
-549.5777360226202,0.07682076839246973,0.07267413193644418,0.07267413193644418
-549.0985306102084,0.07694749554114373,0.07277607412800492,0.07277607412800492
-548.6193251977966,0.07707422268981774,0.07287801631956568,0.07287801631956568
-548.1401197853847,0.07720094983849173,0.07297995851112646,0.07297995851112646
-547.6609143729729,0.07732767698716574,0.0730819007026872,0.0730819007026872
-547.1817089605611,0.07745440413583975,0.07318384289424798,0.07318384289424798
-546.7025035481493,0.07758113128451374,0.07328578508580876,0.07328578508580876
-546.2232981357374,0.07770785843318773,0.07338772727736953,0.07338772727736953
-545.7440927233256,0.07783458558186172,0.07348966946893028,0.07348966946893028
-545.2648873109138,0.07796131273053573,0.07359161166049102,0.07359161166049102
-544.7856818985019,0.07808803987920974,0.07369355385205181,0.07369355385205181
-544.3064764860901,0.07821476702788373,0.07379549604361259,0.07379549604361259
-543.8272710736783,0.07834149417655774,0.07389743823517333,0.07389743823517333
-543.3480656612664,0.07846822132523174,0.0739993804267341,0.0739993804267341
-542.8688602488546,0.07859494847390573,0.07410132261829487,0.07410132261829487
-542.3896548364428,0.07872167562257973,0.07420326480985565,0.07420326480985565
-541.910449424031,0.07884840277125373,0.07430520700141639,0.07430520700141639
-541.4312440116191,0.07897512991992774,0.07440714919297715,0.07440714919297715
-540.9520385992073,0.07910185706860175,0.07450909138453794,0.07450909138453794
-540.4728331867955,0.07922858421727572,0.0746110335760987,0.0746110335760987
-539.9936277743836,0.07935531136594971,0.07471297576765946,0.07471297576765946
-539.5144223619718,0.07948203851462372,0.07481491795922021,0.07481491795922021
-539.03521694956,0.07960876566329773,0.074916860150781,0.074916860150781
-538.5560115371482,0.07973549281197172,0.07501880234234178,0.07501880234234178
-538.0768061247363,0.07986221996064571,0.07512074453390252,0.07512074453390252
-537.5976007123245,0.07998894710931974,0.07522268672546328,0.07522268672546328
-537.1183952999127,0.08011567425799374,0.07532462891702404,0.07532462891702404
-536.6391898875008,0.08024240140666772,0.07542657110858482,0.07542657110858482
-536.159984475089,0.08036912855534172,0.0755285133001456,0.0755285133001456
-535.6807790626772,0.08049585570401574,0.07563045549170634,0.07563045549170634
-535.2015736502653,0.08062258285268974,0.07573239768326712,0.07573239768326712
-534.7223682378535,0.08074931000136372,0.07583571139628079,0.07583571139628079
-534.2431628254417,0.0808760371500377,0.07594048662386597,0.07594048662386597
-533.7639574130299,0.08100276429871173,0.0760468323310548,0.0760468323310548
-533.284752000618,0.08112949144738572,0.07615500167451994,0.07615500167451994
-532.8055465882062,0.0812562185960597,0.07626518324092509,0.07626518324092509
-532.3263411757944,0.08138294574473369,0.07637693528693384,0.07637693528693384
-531.8471357633825,0.08150967289340771,0.07649025781254624,0.07649025781254624
-531.3679303509707,0.08163640004208171,0.07660522329484927,0.07660522329484927
-530.8887249385589,0.0817631271907557,0.07672238167967795,0.07672238167967795
-530.409519526147,0.08188985433942969,0.07684111054411026,0.07684111054411026
-529.9303141137352,0.08201658148810372,0.07696140988814623,0.07696140988814623
-529.4511087013234,0.08214330863677771,0.0770831986861045,0.0770831986861045
-528.9719032889116,0.0822700357854517,0.07720552929417894,0.07720552929417894
-528.4926978764997,0.08239676293412569,0.07732785990225338,0.07732785990225338
-528.0134924640879,0.0825234900827997,0.07745019051032784,0.07745019051032784
-527.5342870516761,0.0826502172314737,0.0775725211184023,0.0775725211184023
-527.0550816392642,0.0827769443801477,0.07769485172647672,0.07769485172647672
-526.5758762268524,0.08290367152882169,0.07781718233455116,0.07781718233455116
-526.0966708144406,0.0830303986774957,0.0779395129426256,0.0779395129426256
-525.6174654020288,0.0831571258261697,0.07806184355070006,0.07806184355070006
-525.1382599896169,0.0832838529748437,0.07818417415877449,0.07818417415877449
-524.6590545772051,0.08341137230231888,0.07830650476684893,0.07830650476684893
-524.1798491647933,0.08354034261006217,0.0784288353749234,0.0784288353749234
-523.7006437523814,0.08367194824999617,0.07855116598299786,0.07855116598299786
-523.2214383399696,0.08380586696201633,0.07867349659107228,0.07867349659107228
-522.7422329275578,0.08394181165245468,0.07879582719914671,0.07879582719914671
-522.263027515146,0.08407978232131123,0.07891815780722115,0.07891815780722115
-521.7838221027341,0.08422015523882125,0.07904048841529561,0.07904048841529561
-521.3046166903223,0.08436307431195464,0.07916281902337005,0.07916281902337005
-520.8254112779105,0.08450801936350624,0.0792851496314445,0.0792851496314445
-520.3462058654986,0.08465499039347606,0.07940748023951895,0.07940748023951895
-519.8670004530868,0.08480413058856208,0.0795298108475934,0.0795298108475934
-519.387795040675,0.08495605002280873,0.07965214145566783,0.07965214145566783
-518.9085896282631,0.08510873522771475,0.07977447206374226,0.07977447206374226
-518.4293842158513,0.0852617642091168,0.07989680267181672,0.07989680267181672
-517.9501788034395,0.08541479319051883,0.08001913327989117,0.08001913327989117
-517.4709733910277,0.08556782217192085,0.08014146388796561,0.08014146388796561
-516.9917679786158,0.0857208511533229,0.08026379449604006,0.08026379449604006
-516.512562566204,0.08587388013472495,0.08038612510411451,0.08038612510411451
-516.0333571537922,0.08602690911612698,0.08050845571218895,0.08050845571218895
-515.5541517413803,0.08617993809752901,0.0806307863202634,0.0806307863202634
-515.0749463289685,0.08633296707893107,0.08075311692833782,0.08075311692833782
-514.5957409165567,0.08648599606033311,0.08087544753641226,0.08087544753641226
-514.1165355041448,0.08663902504173512,0.08099777814448672,0.08099777814448672
-513.637330091733,0.08679205402313717,0.08112010875256115,0.08112010875256115
-513.1581246793212,0.08694508300453921,0.08124243936063558,0.08124243936063558
-512.6789192669094,0.08709811198594125,0.08136476996871006,0.08136476996871006
-512.1997138544975,0.0872511409673433,0.0814871005767845,0.0814871005767845
-511.7205084420857,0.08740416994874532,0.08160943118485894,0.08160943118485894
-511.2413030296739,0.08755719893014736,0.08173176179293339,0.08173176179293339
-510.76209761726204,0.08771022791154941,0.08185409240100783,0.08185409240100783
-510.2828922048502,0.08786325689295144,0.08197642300908227,0.08197642300908227
-509.8036867924384,0.08801628587435346,0.0820987536171567,0.0820987536171567
-509.32448138002655,0.08816931485575549,0.08222108422523114,0.08222108422523114
-508.8452759676147,0.08832234383715754,0.08234341483330561,0.08234341483330561
-508.3660705552029,0.08847537281855956,0.08246574544138006,0.08246574544138006
-507.88686514279107,0.08862840179996159,0.0825880760494545,0.0825880760494545
-507.40765973037924,0.08878143078136363,0.08271040665752895,0.08271040665752895
-506.9284543179674,0.08893445976276568,0.08283273726560339,0.08283273726560339
-506.4492489055556,0.08908748874416772,0.08295506787367782,0.08295506787367782
-505.97004349314375,0.08924051772556976,0.08307739848175226,0.08307739848175226
-505.4908380807319,0.08939354670697179,0.08319972908982672,0.08319972908982672
-505.0116326683201,0.08954657568837383,0.08332205969790117,0.08332205969790117
-504.53242725590826,0.08969960466977586,0.08344439030597561,0.08344439030597561
-504.05322184349643,0.0898526336511779,0.08356672091405005,0.08356672091405005
-503.5740164310846,0.09000566263257993,0.0836890515221245,0.0836890515221245
-503.0948110186728,0.090158691613982,0.08381138213019895,0.08381138213019895
-502.61560560626094,0.09031172059538403,0.08393371273827338,0.08393371273827338
-502.1364001938491,0.09046474957678606,0.08405604334634781,0.08405604334634781
-501.6571947814373,0.09061777855818812,0.08417837395442226,0.08417837395442226
-501.17798936902545,0.09077080753959015,0.08430107151320747,0.08430107151320747
-500.6987839566136,0.09092383652099216,0.0844249052995806,0.0844249052995806
-500.2195785442018,0.09107686550239419,0.08455157041401459,0.08455157041401459
-499.74037313178997,0.09122989448379623,0.0846803295010274,0.0846803295010274
-499.26116771937814,0.09138292346519826,0.08481118256061904,0.08481118256061904
-498.7819623069663,0.0915359524466003,0.0849441295927895,0.0849441295927895
-498.3027568945545,0.09168898142800233,0.08508004540245917,0.08508004540245917
-497.82355148214265,0.09184201040940439,0.08521810691303261,0.08521810691303261
-497.3443460697308,0.09199503939080642,0.08535826239618485,0.08535826239618485
-496.865140657319,0.09214806837220846,0.08550051185191594,0.08550051185191594
-496.38593524490716,0.09230109735361049,0.085645489179058,0.085645489179058
-495.90672983249533,0.09245412633501253,0.08579285311319206,0.08579285311319206
-495.4275244200835,0.09260715531641457,0.08594158440280888,0.08594158440280888
-494.94831900767167,0.09276018429781661,0.0860910995633005,0.0860910995633005
-494.46911359525984,0.09291321327921864,0.08624061472379212,0.08624061472379212
-493.989908182848,0.09306624226062069,0.08639012988428374,0.08639012988428374
-493.5107027704362,0.09321927124202273,0.08653964504477536,0.08653964504477536
-493.03149735802435,0.09337230022342476,0.08668916020526697,0.08668916020526697
-492.5522919456125,0.0935253292048268,0.08683867536575858,0.08683867536575858
-492.0730865332007,0.09367835818622884,0.08698819052625022,0.08698819052625022
-491.59388112078886,0.09383138716763086,0.08713770568674183,0.08713770568674183
-491.11467570837704,0.0939844161490329,0.08728722084723343,0.08728722084723343
-490.6354702959652,0.09413842776086997,0.08743673600772504,0.08743673600772504
-490.1562648835534,0.09429411810815562,0.08758625116821667,0.08758625116821667
-489.67705947114155,0.09445174644910927,0.08773576632870829,0.08773576632870829
-489.1978540587297,0.09461153540035608,0.0878852814891999,0.0878852814891999
-488.7186486463179,0.09477389724491919,0.08803479664969151,0.08803479664969151
-488.23944323390606,0.09493819708315032,0.08818431181018313,0.08818431181018313
-487.76023782149423,0.09510443491504943,0.08833382697067477,0.08833382697067477
-487.2810324090824,0.0952726107406165,0.08848334213116638,0.08848334213116638
-486.80182699667057,0.09544358173162923,0.08863285729165798,0.08863285729165798
-486.32262158425874,0.0956164910608058,0.0887823724521496,0.0887823724521496
-485.8434161718469,0.09579133838365037,0.08893188761264123,0.08893188761264123
-485.3642107594351,0.09596803032432173,0.08908140277313285,0.08908140277313285
-484.88500534702325,0.09614621889519709,0.08923091793362445,0.08923091793362445
-484.4057999346114,0.09632440746607245,0.08938043309411607,0.08938043309411607
-483.9265945221996,0.09650259603694779,0.08952994825460771,0.08952994825460771
-483.44738910978776,0.09668078460782312,0.08967946341509932,0.08967946341509932
-482.96818369737593,0.09685897317869849,0.08982897857559093,0.08982897857559093
-482.4889782849641,0.09703716174957384,0.08997849373608253,0.08997849373608253
-482.0097728725523,0.09721535032044919,0.09012800889657419,0.09012800889657419
-481.53056746014045,0.09739353889132454,0.09027752405706578,0.09027752405706578
-481.0513620477286,0.0975717274621999,0.09042703921755739,0.09042703921755739
-480.5721566353168,0.09774991603307524,0.09057655437804901,0.09057655437804901
-480.09295122290496,0.09792810460395059,0.09072606953854065,0.09072606953854065
-479.6137458104931,0.09810629317482593,0.09087558469903226,0.09087558469903226
-479.1345403980813,0.09828448174570129,0.09102509985952387,0.09102509985952387
-478.65533498566947,0.09846267031657664,0.09117461502001549,0.09117461502001549
-478.17612957325764,0.09864085888745197,0.09132413018050713,0.09132413018050713
-477.6969241608458,0.09881904745832731,0.09147364534099872,0.09147364534099872
-477.217718748434,0.09899723602920267,0.09162316050149033,0.09162316050149033
-476.73851333602215,0.09917542460007803,0.09177267566198195,0.09177267566198195
-476.2593079236103,0.09935361317095337,0.0919221908224736,0.0919221908224736
-475.7801025111985,0.09953180174182871,0.0920717059829652,0.0920717059829652
-475.30089709878666,0.09970999031270408,0.09222122114345681,0.09222122114345681
-474.82169168637483,0.09988817888357941,0.09237073630394843,0.09237073630394843
-474.342486273963,0.10006636745445477,0.09252025146444005,0.09252025146444005
-473.8632808615512,0.10024455602533011,0.09266976662493166,0.09266976662493166
-473.38407544913935,0.10042274459620545,0.09281928178542327,0.09281928178542327
-472.9048700367275,0.10060093316708082,0.0929687969459149,0.0929687969459149
-472.4256646243157,0.10077912173795615,0.09311831210640652,0.09311831210640652
-471.94645921190386,0.10095731030883151,0.09326782726689813,0.09326782726689813
-471.467253799492,0.10113549887970685,0.09341734242738975,0.09341734242738975
-470.9880483870802,0.10131368745058221,0.09356685758788137,0.09356685758788137
-470.50884297466837,0.10149187602145757,0.093716372748373,0.093716372748373
-470.02963756225654,0.10167006459233291,0.0938658879088646,0.0938658879088646
-469.5504321498447,0.10184825316320825,0.09401540306935621,0.09401540306935621
-469.0712267374329,0.10202644173408361,0.09416491822984784,0.09416491822984784
-468.59202132502105,0.10220463030495895,0.09431443339033946,0.09431443339033946
-468.1128159126092,0.10238281887583431,0.09446394855083107,0.09446394855083107
-467.6336105001974,0.10256100744670966,0.09461346371132269,0.09461346371132269
-467.15440508778556,0.10273919601758502,0.09476348491793919,0.09476348491793919
-466.67519967537373,0.10291738458846035,0.09491487117392661,0.09491487117392661
-466.1959942629619,0.10309557315933571,0.09506835140173224,0.09506835140173224
-465.7167888505501,0.10327376173021106,0.09522465204158213,0.09522465204158213
-465.23758343813824,0.10345195030108639,0.09538324674593295,0.09538324674593295
-464.7583780257264,0.10363013887196174,0.09554393542210197,0.09554393542210197
-464.2791726133146,0.10380832744283709,0.09570671807008921,0.09570671807008921
-463.79996720090276,0.10398651601371246,0.09587208022411998,0.09587208022411998
-463.3207617884909,0.1041647045845878,0.09603997734865241,0.09603997734865241
-462.8415563760791,0.10434289315546315,0.09620996844500304,0.09620996844500304
-462.36235096366727,0.10452108172633849,0.09638205351317189,0.09638205351317189
-461.88314555125544,0.10469927029721385,0.09655647718138356,0.09655647718138356
-461.4039401388436,0.10487745886808919,0.09673299255020616,0.09673299255020616
-460.9247347264318,0.10505564743896453,0.09690969225324042,0.09690969225324042
-460.44552931401995,0.10523383600983988,0.09708639195627469,0.09708639195627469
-459.9663239016081,0.10541202458071523,0.09726309165930898,0.09726309165930898
-459.4871184891963,0.10559021315159059,0.09743979136234326,0.09743979136234326
-459.00791307678446,0.10576840172246593,0.09761649106537754,0.09761649106537754
-458.52870766437263,0.10594659029334129,0.09779319076841182,0.09779319076841182
-458.0495022519608,0.10612477886421665,0.09796989047144612,0.09796989047144612
-457.570296839549,0.10630296743509199,0.09814659017448042,0.09814659017448042
-457.09109142713714,0.10648115600596733,0.0983232898775147,0.0983232898775147
-456.6118860147253,0.10665934457684269,0.09849998958054898,0.09849998958054898
-456.1326806023135,0.10683753314771803,0.09867668928358327,0.09867668928358327
-455.65347518990166,0.10701572171859337,0.09885338898661752,0.09885338898661752
-455.1742697774898,0.10719496034840395,0.09903008868965181,0.09903008868965181
-454.695064365078,0.10737632725700186,0.09920678839268608,0.09920678839268608
-454.21585895266617,0.10756210890431663,0.09938348809572037,0.09938348809572037
-453.73665354025434,0.10775133824351964,0.09956018779875467,0.09956018779875467
-453.2574481278425,0.1079437866234132,0.09973688750178895,0.09973688750178895
-452.7782427154307,0.10813945404399733,0.09991358720482324,0.09991358720482324
-452.29903730301885,0.1083391658610558,0.10009028690785753,0.10009028690785753
-451.819831890607,0.10854269571224504,0.10026698661089183,0.10026698661089183
-451.3406264781952,0.10874944460412482,0.10044368631392608,0.10044368631392608
-450.86142106578336,0.10895941253669517,0.10062038601696037,0.10062038601696037
-450.38221565337153,0.10917305452349735,0.10079708571999464,0.10079708571999464
-449.9030102409597,0.1093908848866728,0.10097378542302893,0.10097378542302893
-449.4238048285479,0.10961017845831567,0.1011504851260632,0.1011504851260632
-448.94459941613604,0.10983015753842214,0.10132718482909749,0.10132718482909749
-448.4653940037242,0.1100501366185286,0.10150388453213179,0.10150388453213179
-447.9861885913124,0.11027011569863505,0.10168058423516607,0.10168058423516607
-447.50698317890055,0.11049009477874151,0.10185728393820036,0.10185728393820036
-447.0277777664887,0.11071007385884798,0.10203398364123463,0.10203398364123463
-446.5485723540769,0.11093005293895444,0.10221068334426892,0.10221068334426892
-446.06936694166507,0.11115003201906089,0.1023873830473032,0.1023873830473032
-445.59016152925324,0.11137001109916735,0.10256408275033747,0.10256408275033747
-445.1109561168414,0.1115899901792738,0.10274078245337176,0.10274078245337176
-444.6317507044296,0.11180996925938025,0.10291748215640605,0.10291748215640605
-444.15254529201775,0.11202994833948668,0.10309418185944033,0.10309418185944033
-443.6733398796059,0.11224992741959315,0.1032708815624746,0.1032708815624746
-443.1941344671941,0.11246990649969962,0.1034475812655089,0.1034475812655089
-442.71492905478226,0.11268988557980607,0.10362428096854319,0.10362428096854319
-442.23572364237043,0.11290986465991253,0.10380098067157748,0.10380098067157748
-441.7565182299586,0.11312984374001898,0.10397768037461173,0.10397768037461173
-441.2773128175468,0.11334982282012544,0.10415438007764602,0.10415438007764602
-440.79810740513494,0.1135698019002319,0.1043310797806803,0.1043310797806803
-440.3189019927231,0.11378978098033836,0.10450777948371458,0.10450777948371458
-439.8396965803113,0.11400976006044482,0.10468447918674886,0.10468447918674886
-439.36049116789945,0.11422973914055128,0.10486117888978316,0.10486117888978316
-438.8812857554876,0.11444971822065773,0.10503787859281745,0.10503787859281745
-438.4020803430758,0.11466969730076419,0.10521457829585174,0.10521457829585174
-437.92287493066397,0.11488967638087065,0.10539127799888601,0.10539127799888601
-437.44366951825214,0.11510965546097711,0.10556797770192031,0.10556797770192031
-436.9644641058403,0.11532963454108357,0.10574467740495458,0.10574467740495458
-436.4852586934285,0.11554961362119003,0.10592137710798885,0.10592137710798885
-436.00605328101665,0.11576959270129648,0.10609807681102312,0.10609807681102312
-435.5268478686048,0.11598957178140293,0.10627477651405741,0.10627477651405741
-435.047642456193,0.11620955086150939,0.10645147621709171,0.10645147621709171
-434.56843704378116,0.11642952994161584,0.106628175920126,0.106628175920126
-434.08923163136933,0.1166495090217223,0.10680487562316028,0.10680487562316028
-433.6100262189575,0.11686948810182879,0.10698157532619457,0.10698157532619457
-433.13082080654567,0.11708946718193523,0.10715827502922885,0.10715827502922885
-432.65161539413384,0.11730944626204168,0.10733983651699903,0.10733983651699903
-432.172409981722,0.11752942534214814,0.1075255804881991,0.1075255804881991
-431.6932045693102,0.1177494044222546,0.10771551240404738,0.10771551240404738
-431.21399915689835,0.11796938350236104,0.10791030660440425,0.10791030660440425
-430.7347937444865,0.11818936258246748,0.10811046747581406,0.10811046747581406
-430.2555883320747,0.11840934166257396,0.10831481629187206,0.10831481629187206
-429.77638291966286,0.11862932074268041,0.10852335305257829,0.10852335305257829
-429.29717750725104,0.11884929982278686,0.10873627028567528,0.10873627028567528
-428.8179720948392,0.11906927890289332,0.10895503600194305,0.10895503600194305
-428.3387666824274,0.11928925798299979,0.109177989662859,0.109177989662859
-427.85956127001555,0.11950923706310625,0.10940513126842318,0.10940513126842318
-427.3803558576037,0.11972921614321269,0.10963617290072866,0.10963617290072866
-426.9011504451919,0.11994919522331915,0.10986724170198324,0.10986724170198324
-426.42194503278006,0.12016917430342562,0.11009831050323783,0.11009831050323783
-425.94273962036823,0.12038915338353208,0.11032937930449244,0.11032937930449244
-425.4635342079564,0.12060913246363851,0.11056044810574704,0.11056044810574704
-424.98432879554457,0.12082911154374498,0.11079151690700162,0.11079151690700162
-424.50512338313274,0.12104909062385145,0.11102258570825621,0.11102258570825621
-424.0259179707209,0.12126906970395791,0.11125365450951082,0.11125365450951082
-423.5467125583091,0.12148904878406437,0.11148472331076542,0.11148472331076542
-423.06750714589725,0.12170902786417083,0.11171579211202,0.11171579211202
-422.5883017334854,0.12192900694427729,0.11194686091327459,0.11194686091327459
-422.1090963210736,0.12214898602438375,0.1121779297145292,0.1121779297145292
-421.62989090866176,0.1223689651044902,0.1124089985157838,0.1124089985157838
-421.15068549624993,0.1225915336764836,0.1126400673170384,0.1126400673170384
-420.6714800838381,0.12281891379684659,0.112871136118293,0.112871136118293
-420.1922746714263,0.12305219874848865,0.1131022049195476,0.1131022049195476
-419.71306925901445,0.1232924841431363,0.1133332737208022,0.1133332737208022
-419.2338638466026,0.12354019150525082,0.11356434252205677,0.11356434252205677
-418.7546584341908,0.12379380369864443,0.11379541132331136,0.11379541132331136
-418.27545302177896,0.1240533207233171,0.11402648012456597,0.11402648012456597
-417.79624760936713,0.12431915885554491,0.11425754892582057,0.11425754892582057
-417.3170421969553,0.12459309829069004,0.11448861772707518,0.11448861772707518
-416.83783678454347,0.12487294255711424,0.1147196865283298,0.1147196865283298
-416.35863137213164,0.12515869165481752,0.11495075532958439,0.11495075532958439
-415.8794259597198,0.1254502445565458,0.11518182413083898,0.11518182413083898
-415.400220547308,0.1257468818493927,0.11541289293209357,0.11541289293209357
-414.92101513489615,0.12604351914223957,0.11564396173334816,0.11564396173334816
-414.4418097224843,0.12634015643508645,0.11587503053460278,0.11587503053460278
-413.9626043100725,0.12663679372793335,0.11610609933585737,0.11610609933585737
-413.48339889766066,0.12693343102078025,0.11633716813711197,0.11633716813711197
-413.00419348524883,0.12723006831362715,0.11656823693836658,0.11656823693836658
-412.524988072837,0.12752670560647406,0.11679930573962116,0.11679930573962116
-412.0457826604252,0.12782334289932096,0.11703037454087574,0.11703037454087574
-411.56657724801335,0.12811998019216783,0.11726144334213033,0.11726144334213033
-411.0873718356015,0.12841661748501473,0.11749251214338495,0.11749251214338495
-410.6081664231897,0.12871325477786164,0.11772358094463956,0.11772358094463956
-410.12896101077786,0.12900989207070854,0.11795464974589415,0.11795464974589415
-409.649755598366,0.12930652936355544,0.11818571854714872,0.11818571854714872
-409.1705501859542,0.12960316665640237,0.11841678734840333,0.11841678734840333
-408.69134477354237,0.12989980394924924,0.11864785614965795,0.11864785614965795
-408.21213936113054,0.13019644124209612,0.11887892495091253,0.11887892495091253
-407.7329339487187,0.13049307853494302,0.11910999375216712,0.11910999375216712
-407.2537285363069,0.13078971582778992,0.11934106255342172,0.11934106255342172
-406.77452312389505,0.13108635312063682,0.11957213135467634,0.11957213135467634
-406.2953177114832,0.1313829904134837,0.11980320015593093,0.11980320015593093
-405.8161122990714,0.1316796277063306,0.12003426895718552,0.12003426895718552
-405.33690688665956,0.1319762649991775,0.1202653377584401,0.1202653377584401
-404.85770147424773,0.1322729022920244,0.12049640655969471,0.12049640655969471
-404.3784960618359,0.13256953958487128,0.1207274753609493,0.1207274753609493
-403.8992906494241,0.13286617687771818,0.1209585441622039,0.1209585441622039
-403.42008523701224,0.13316281417056508,0.12118961296345851,0.12118961296345851
-402.9408798246004,0.13345945146341195,0.12142068176471311,0.12142068176471311
-402.4616744121886,0.13375608875625886,0.12165175056596769,0.12165175056596769
-401.98246899977676,0.13405272604910576,0.12188281936722228,0.12188281936722228
-401.5032635873649,0.13434936334195266,0.12211388816847689,0.12211388816847689
-401.0240581749531,0.13464600063479956,0.1223449569697315,0.1223449569697315
-400.54485276254127,0.13494263792764644,0.12257602577098607,0.12257602577098607
-400.06564735012944,0.13523927522049334,0.12280709457224069,0.12280709457224069
-399.5864419377176,0.13553591251334027,0.12303816337349528,0.12303816337349528
-399.1072365253058,0.13583254980618714,0.12326978109590322,0.12326978109590322
-398.62803111289395,0.13612918709903402,0.12350309736533681,0.12350309736533681
-398.1488257004821,0.13642582439188092,0.12373924533146342,0.12373924533146342
-397.6696202880703,0.13672246168472785,0.12397748726751391,0.12397748726751391
-397.19041487565846,0.13701909897757472,0.12421782317348824,0.12421782317348824
-396.71120946324663,0.13731573627042162,0.1244602530493864,0.1244602530493864
-396.2320040508348,0.13761237356326853,0.12470565132679762,0.12470565132679762
-395.752798638423,0.1379090108561154,0.12495319567461406,0.12495319567461406
-395.27359322601114,0.1382056481489623,0.12520283399235435,0.12520283399235435
-394.7943878135993,0.1385022854418092,0.1254545662800185,0.1254545662800185
-394.3151824011875,0.1387989227346561,0.1257090260634129,0.1257090260634129
-393.83597698877566,0.139095560027503,0.1259658728229953,0.1259658728229953
-393.3567715763638,0.13939219732034985,0.12622372687827077,0.12622372687827077
-392.877566163952,0.13968883461319678,0.12648198019747492,0.12648198019747492
-392.39836075154017,0.1399854719060437,0.1267402335166791,0.1267402335166791
-391.91915533912834,0.14028210919889061,0.12699848683588327,0.12699848683588327
-391.4399499267165,0.14057874649173746,0.12725674015508745,0.12725674015508745
-390.9607445143047,0.14087538378458436,0.1275149934742916,0.1275149934742916
-390.48153910189285,0.14117202107743126,0.12777324679349578,0.12777324679349578
-390.002333689481,0.14146865837027814,0.12803150011269995,0.12803150011269995
-389.5231282770692,0.14176529566312504,0.12828975343190413,0.12828975343190413
-389.04392286465736,0.14206193295597197,0.12854800675110828,0.12854800675110828
-388.56471745224553,0.14235857024881884,0.12880626007031246,0.12880626007031246
-388.0855120398337,0.14265520754166572,0.12906451338951663,0.12906451338951663
-387.6063066274219,0.14295184483451262,0.12932276670872078,0.12932276670872078
-387.12710121501004,0.14324848212735952,0.1295810200279249,0.1295810200279249
-386.6478958025982,0.14354511942020645,0.12983927334712908,0.12983927334712908
-386.1686903901864,0.14384175671305335,0.13009752666633329,0.13009752666633329
-385.68948497777455,0.14413839400590023,0.13035577998553743,0.13035577998553743
-385.2102795653627,0.14443503129874713,0.13061403330474158,0.13061403330474158
-384.7310741529509,0.14473166859159403,0.13087228662394576,0.13087228662394576
-384.25186874053907,0.1450283058844409,0.13113053994314997,0.13113053994314997
-383.77266332812724,0.1453249431772878,0.1313887932623541,0.1313887932623541
-383.2934579157154,0.1456215804701347,0.13164704658155826,0.13164704658155826
-382.8142525033036,0.1459182177629816,0.13190529990076244,0.13190529990076244
-382.33504709089175,0.14621485505582849,0.13216355321996662,0.13216355321996662
-381.8558416784799,0.1465114923486754,0.1324218065391708,0.1324218065391708
-381.3766362660681,0.1468081296415223,0.13268005985837494,0.13268005985837494
-380.89743085365626,0.1471047669343692,0.13293831317757912,0.13293831317757912
-380.41822544124443,0.1474014042272161,0.13319656649678327,0.13319656649678327
-379.9390200288326,0.14769804152006297,0.13345481981598742,0.13345481981598742
-379.4598146164208,0.14799467881290987,0.1337130731351916,0.1337130731351916
-378.98060920400894,0.14829131610575677,0.13397132645439577,0.13397132645439577
-378.5014037915971,0.14858795339860364,0.13422957977359995,0.13422957977359995
-378.0221983791853,0.14888459069145055,0.1344878330928041,0.1344878330928041
-377.54299296677345,0.14918122798429748,0.13474608641200828,0.13474608641200828
-377.0637875543616,0.14947786527714435,0.13500433973121245,0.13500433973121245
-376.5845821419498,0.14977450256999122,0.1352625930504166,0.1352625930504166
-376.10537672953797,0.15007113986283813,0.13552084636962078,0.13552084636962078
-375.62617131712614,0.15036777715568506,0.13577909968882496,0.13577909968882496
-375.1469659047143,0.15066441444853196,0.1360373530080291,0.1360373530080291
-374.6677604923025,0.1509610517413788,0.13629560632723328,0.13629560632723328
-374.18855507989065,0.1512576890342257,0.13655385964643743,0.13655385964643743
-373.7093496674788,0.1515543263270726,0.1368121129656416,0.1368121129656416
-373.230144255067,0.1518509636199195,0.13707036628484578,0.13707036628484578
-372.75093884265516,0.1521476009127664,0.13732861960404993,0.13732861960404993
-372.27173343024333,0.1524442382056133,0.13758687292325408,0.13758687292325408
-371.7925280178315,0.1527408754984602,0.13784512624245826,0.13784512624245826
-371.31332260541967,0.1530375127913071,0.13810337956166244,0.13810337956166244
-370.83411719300784,0.153334150084154,0.13836163288086661,0.13836163288086661
-370.354911780596,0.1536307873770009,0.1386198862000708,0.1386198862000708
-369.8757063681842,0.1539274246698478,0.13887813951927494,0.13887813951927494
-369.39650095577235,0.1542240619626947,0.13913639283847912,0.13913639283847912
-368.9172955433605,0.15452069925554157,0.1393946461576833,0.1393946461576833
-368.4380901309487,0.15481733654838847,0.13965289947688744,0.13965289947688744
-367.95888471853686,0.15511397384123538,0.13991115279609162,0.13991115279609162
-367.47967930612504,0.15541061113408225,0.14016940611529574,0.14016940611529574
-367.0004738937132,0.15570724842692918,0.14042765943449992,0.14042765943449992
-366.5212684813014,0.15600388571977608,0.1406859127537041,0.1406859127537041
-366.04206306888955,0.15630052301262295,0.14094416607290824,0.14094416607290824
-365.5628576564777,0.15659716030546983,0.14120241939211245,0.14120241939211245
-365.0836522440659,0.1568937975983167,0.14146345597152343,0.14146345597152343
-364.60444683165406,0.15719043489116363,0.14172890238611716,0.14172890238611716
-364.12524141924223,0.15748707218401053,0.14200010722232034,0.14200010722232034
-363.6460360068304,0.1577837094768574,0.14227906716683414,0.14227906716683414
-363.16683059441857,0.1580803467697043,0.1425643368113611,0.1425643368113611
-362.68762518200674,0.1583769840625512,0.1428553648774975,0.1428553648774975
-362.2084197695949,0.15867362135539811,0.14315215136524334,0.14315215136524334
-361.7292143571831,0.15897025864824502,0.1434560304699003,0.1434560304699003
-361.25000894477125,0.15926744956269345,0.1437668817659699,0.1437668817659699
-360.7708035323594,0.15956603140112313,0.14408349148364896,0.14408349148364896
-360.2915981199476,0.1598732958028428,0.14440585962293748,0.14440585962293748
-359.81239270753576,0.16018714563672928,0.14473465788773757,0.14473465788773757
-359.33318729512393,0.1605072465017672,0.14506732803671488,0.14506732803671488
-358.8539818827121,0.16083359839795663,0.14540033883634848,0.14540033883634848
-358.3747764703003,0.16116791369259245,0.1457333496359821,0.1457333496359821
-357.89557105788845,0.16150953358423864,0.14606636043561574,0.14606636043561574
-357.4163656454766,0.16185740450703628,0.14639937123524932,0.14639937123524932
-356.9371602330648,0.16221152646098538,0.14673238203488295,0.14673238203488295
-356.45795482065296,0.16257289264853736,0.14706539283451658,0.14706539283451658
-355.97874940824113,0.16294228259794327,0.1473984036341502,0.1473984036341502
-355.4995439958293,0.16331698469662964,0.14773141443378376,0.14773141443378376
-355.02033858341747,0.163694774668225,0.1480644252334174,0.1480644252334174
-354.54113317100564,0.16407256463982034,0.14839743603305103,0.14839743603305103
-354.0619277585938,0.16445035461141563,0.14873044683268463,0.14873044683268463
-353.582722346182,0.16482814458301093,0.14906345763231824,0.14906345763231824
-353.10351693377015,0.16520593455460622,0.14939646843195184,0.14939646843195184
-352.6243115213583,0.1655837245262016,0.14972947923158547,0.14972947923158547
-352.1451061089465,0.16596151449779686,0.15006249003121908,0.15006249003121908
-351.66590069653466,0.16633930446939219,0.15039550083085268,0.15039550083085268
-351.18669528412283,0.1667170944409875,0.15072851163048628,0.15072851163048628
-350.707489871711,0.16709488441258286,0.1510615224301199,0.1510615224301199
-350.2282844592992,0.16747267438417812,0.15139453322975352,0.15139453322975352
-349.74907904688735,0.16785046435577347,0.15172754402938715,0.15172754402938715
-349.2698736344755,0.1682282543273688,0.15206055482902076,0.15206055482902076
-348.7906682220637,0.16860604429896414,0.15239356562865436,0.15239356562865436
-348.31146280965186,0.16898383427055944,0.15272657642828796,0.15272657642828796
-347.83225739724,0.16936162424215476,0.15305958722792157,0.15305958722792157
-347.3530519848282,0.16973941421375008,0.1533925980275552,0.1533925980275552
-346.87384657241637,0.17011720418534543,0.15372560882718883,0.15372560882718883
-346.39464116000454,0.1704949941569407,0.15405861962682244,0.15405861962682244
-345.9154357475927,0.17087278412853604,0.154391630426456,0.154391630426456
-345.4362303351809,0.1712505741001314,0.15472464122608964,0.15472464122608964
-344.95702492276905,0.1716283640717267,0.15505765202572327,0.15505765202572327
-344.4778195103572,0.172006154043322,0.15539066282535688,0.15539066282535688
-343.9986140979454,0.17238394401491733,0.15572367362499048,0.15572367362499048
-343.51940868553356,0.17276173398651268,0.1560566844246241,0.1560566844246241
-343.04020327312173,0.173139523958108,0.15638969522425772,0.15638969522425772
-342.5609978607099,0.1735173139297033,0.15672270602389132,0.15672270602389132
-342.0817924482981,0.17389510390129864,0.15705571682352493,0.15705571682352493
-341.60258703588624,0.174272893872894,0.15738872762315856,0.15738872762315856
-341.1233816234744,0.17465068384448929,0.15772173842279216,0.15772173842279216
-340.6441762110626,0.17502847381608455,0.15805474922242577,0.15805474922242577
-340.16497079865076,0.17540626378767987,0.15838776002205937,0.15838776002205937
-339.6857653862389,0.1757840537592752,0.15872077082169297,0.15872077082169297
-339.2065599738271,0.17616184373087052,0.1590537816213266,0.1590537816213266
-338.72735456141527,0.17653963370246584,0.1593867924209602,0.1593867924209602
-338.24814914900344,0.17691742367406116,0.15971980322059381,0.15971980322059381
-337.7689437365916,0.17729521364565648,0.16005281402022745,0.16005281402022745
-337.2897383241798,0.1776730036172518,0.16038582481986108,0.16038582481986108
-336.81053291176795,0.17805079358884712,0.16071883561949465,0.16071883561949465
-336.3313274993561,0.17842858356044244,0.16105184641912826,0.16105184641912826
-335.8521220869443,0.17880637353203777,0.1613848572187619,0.1613848572187619
-335.37291667453246,0.1791841635036331,0.1617178680183955,0.1617178680183955
-334.89371126212063,0.17956195347522838,0.16205087881802913,0.16205087881802913
-334.4145058497088,0.1799397434468237,0.16238388961766276,0.16238388961766276
-333.935300437297,0.18031753341841905,0.16271690041729636,0.16271690041729636
-333.45609502488514,0.18069532339001437,0.16304991121692997,0.16304991121692997
-332.9768896124733,0.18107311336160967,0.16338292201656357,0.16338292201656357
-332.4976842000615,0.18145090333320502,0.16371593281619717,0.16371593281619717
-332.01847878764966,0.18182869330480037,0.1640489436158308,0.1640489436158308
-331.5392733752378,0.18220648327639566,0.16438222835135996,0.16438222835135996
-331.060067962826,0.18258427324799098,0.16471761115561284,0.16471761115561284
-330.58086255041417,0.18296206321958633,0.16506093306022276,0.16506093306022276
-330.10165713800234,0.18333985319118165,0.16541106037048378,0.16541106037048378
-329.6224517255905,0.18371764316277694,0.1657679930863959,0.1657679930863959
-329.1432463131787,0.1840954331343723,0.1661328257998011,0.1661328257998011
-328.66404090076685,0.18447322310596762,0.16650638055774838,0.16650638055774838
-328.184835488355,0.18485101307756288,0.1668867407213468,0.1668867407213468
-327.7056300759432,0.18522880304915817,0.1672739062905963,0.1672739062905963
-327.22642466353136,0.1856065930207535,0.16766818891315385,0.16766818891315385
-326.74721925111953,0.18599160366643563,0.16807197652443853,0.16807197652443853
-326.2680138387077,0.18638740241337787,0.16848256954137433,0.16848256954137433
-325.7888084262959,0.18679693930946495,0.16889912647707844,0.16889912647707844
-325.30960301388404,0.18722062904479966,0.16932048700416907,0.16932048700416907
-324.8303976014722,0.1876557379240409,0.16974184753125976,0.16974184753125976
-324.3511921890604,0.18810226594718865,0.17016320805835045,0.17016320805835045
-323.87198677664855,0.18856121837673354,0.17058456858544108,0.17058456858544108
-323.3927813642367,0.18903563738827378,0.1710059291125317,0.1710059291125317
-322.9135759518249,0.18952147554372056,0.1714272896396224,0.1714272896396224
-322.43437053941307,0.19001873284307388,0.17184865016671308,0.17184865016671308
-321.95516512700124,0.19052740928633372,0.1722700106938037,0.1722700106938037
-321.4759597145894,0.19105224909382237,0.17269137122089434,0.17269137122089434
-320.9967543021776,0.19157794097370928,0.173112731747985,0.173112731747985
-320.51754888976575,0.192103977545678,0.17353409227507569,0.17353409227507569
-320.0383434773539,0.1926300141176467,0.17395545280216634,0.17395545280216634
-319.5591380649421,0.1931560506896154,0.174376813329257,0.174376813329257
-319.07993265253026,0.1936820872615841,0.17479817385634763,0.17479817385634763
-318.60072724011843,0.1942081238335528,0.1752195343834383,0.1752195343834383
-318.1215218277066,0.1947341604055215,0.17564089491052898,0.17564089491052898
-317.6423164152948,0.19526019697749022,0.17606225543761964,0.17606225543761964
-317.16311100288294,0.19578623354945895,0.1764836159647103,0.1764836159647103
-316.6839055904711,0.19631227012142763,0.17690497649180095,0.17690497649180095
-316.2047001780593,0.19683830669339633,0.17732633701889158,0.17732633701889158
-315.72549476564745,0.19736434326536503,0.17774769754598224,0.17774769754598224
-315.2462893532356,0.19789037983733374,0.17816905807307293,0.17816905807307293
-314.7670839408238,0.19841641640930244,0.1785904186001636,0.1785904186001636
-314.28787852841197,0.19894245298127114,0.17901177912725422,0.17901177912725422
-313.80867311600014,0.19946848955323987,0.17943313965434488,0.17943313965434488
-313.3294677035883,0.1999945261252086,0.17985450018143556,0.17985450018143556
-312.8502622911765,0.2005205626971773,0.18027586070852622,0.18027586070852622
-312.37105687876465,0.201046599269146,0.18069722123561685,0.18069722123561685
-311.8918514663528,0.2015726358411147,0.1811185817627075,0.1811185817627075
-311.412646053941,0.2020986724130834,0.1815399422897982,0.1815399422897982
-310.93344064152916,0.20262470898505208,0.18196130281688888,0.18196130281688888
-310.45423522911733,0.2031507455570208,0.1823826633439795,0.1823826633439795
-309.9750298167055,0.20367678212898954,0.18280402387107017,0.18280402387107017
-309.49582440429367,0.20420281870095824,0.18322538439816086,0.18322538439816086
-309.01661899188184,0.20472885527292692,0.18364674492525154,0.18364674492525154
-308.53741357947,0.20525489184489565,0.18406810545234215,0.18406810545234215
-308.0582081670582,0.20578092841686435,0.1844894659794328,0.1844894659794328
-307.57900275464635,0.20630696498883308,0.18491082650652346,0.18491082650652346
-307.0997973422345,0.20683300156080175,0.18533218703361412,0.18533218703361412
-306.6205919298227,0.20735903813277046,0.18575354756070475,0.18575354756070475
-306.14138651741087,0.2078850747047392,0.18617490808779544,0.18617490808779544
-305.66218110499904,0.2084111112767079,0.18659626861488612,0.18659626861488612
-305.1829756925872,0.20893714784867656,0.18701762914197678,0.18701762914197678
-304.7037702801754,0.2094631844206453,0.1874389896690674,0.1874389896690674
-304.22456486776355,0.209989220992614,0.18786035019615807,0.18786035019615807
-303.7453594553517,0.21051525756458273,0.18828171072324876,0.18828171072324876
-303.2661540429399,0.2110412941365514,0.1887030712503394,0.1887030712503394
-302.78694863052806,0.2115673307085201,0.18912443177743002,0.18912443177743002
-302.30774321811623,0.21209336728048883,0.1895457923045207,0.1895457923045207
-301.8285378057044,0.21261940385245753,0.1899671528316114,0.1899671528316114
-301.34933239329257,0.2131454404244262,0.19038851335870202,0.19038851335870202
-300.87012698088074,0.2136714769963949,0.19080987388579265,0.19080987388579265
-300.3909215684689,0.21419751356836364,0.1912312344128833,0.1912312344128833
-299.9117161560571,0.21472355014033234,0.191652594939974,0.191652594939974
-299.43251074364525,0.21524958671230102,0.19207395546706466,0.19207395546706466
-298.9533053312334,0.21577562328426977,0.1924953159941553,0.1924953159941553
-298.4740999188216,0.21630165985623848,0.192916676521246,0.192916676521246
-297.99489450640976,0.21682769642820718,0.19333803704833666,0.19333803704833666
-297.51568909399793,0.21735373300017585,0.1937593975754273,0.1937593975754273
-297.0364836815861,0.21787976957214455,0.19418349939299845,0.19418349939299845
-296.5572782691743,0.2184058061441133,0.19461607802695852,0.19461607802695852
-296.07807285676245,0.21893184271608201,0.1950592769222094,0.1950592769222094
-295.5988674443506,0.21945787928805066,0.19551032820678887,0.19551032820678887
-295.1196620319388,0.21998391586001945,0.19596923188069695,0.19596923188069695
-294.64045661952696,0.22050995243198812,0.19643598794393363,0.19643598794393363
-294.16125120711513,0.22103598900395682,0.19691387412000794,0.19691387412000794
-293.6820457947033,0.2215620255759255,0.1973998094581017,0.1973998094581017
-293.20284038229147,0.2220880621478942,0.1978935971855241,0.1978935971855241
-292.72363496987964,0.2226238883196939,0.19839523730227512,0.19839523730227512
-292.2444295574678,0.22317029200060673,0.19890710413493506,0.19890710413493506
-291.765224145056,0.22372774646196694,0.19942792352654315,0.19942792352654315
-291.28601873264415,0.22429644155613596,0.19995116985374928,0.19995116985374928
-290.8068133202323,0.2248808872868689,0.20047447235059698,0.20047447235059698
-290.3276079078205,0.2254763837980493,0.20099777484744466,0.20099777484744466
-289.84840249540866,0.22608293108967714,0.20152107734429234,0.20152107734429234
-289.36919708299683,0.22670052916175243,0.20204437984114001,0.20204437984114001
-288.889991670585,0.22733298621162265,0.2025676823379877,0.2025676823379877
-288.4107862581732,0.2279775755530706,0.2030909848348354,0.2030909848348354
-287.93158084576135,0.228633215674966,0.20361428733168302,0.20361428733168302
-287.4523754333495,0.22929831577223955,0.2041375898285307,0.2041375898285307
-286.9731700209377,0.22996781674453576,0.20466089232537837,0.20466089232537837
-286.49396460852586,0.23063731771683194,0.20518419482222608,0.20518419482222608
-286.014759196114,0.23130681868912817,0.2057074973190737,0.2057074973190737
-285.5355537837022,0.23197631966142443,0.20623079981592138,0.20623079981592138
-285.05634837129037,0.2326458206337207,0.20675410231276908,0.20675410231276908
-284.57714295887854,0.23331532160601684,0.20727740480961676,0.20727740480961676
-284.0979375464667,0.23398482257831305,0.2078007073064644,0.2078007073064644
-283.6187321340549,0.23465432355060925,0.2083240098033121,0.2083240098033121
-283.13952672164305,0.23532382452290546,0.20884731230015977,0.20884731230015977
-282.6603213092312,0.23599332549520166,0.20937061479700744,0.20937061479700744
-282.1811158968194,0.23666282646749787,0.2098939172938551,0.2098939172938551
-281.70191048440756,0.2373323274397941,0.21041721979070277,0.21041721979070277
-281.22270507199573,0.23800182841209036,0.21094052228755047,0.21094052228755047
-280.7434996595839,0.2386713293843865,0.21146382478439815,0.21146382478439815
-280.2642942471721,0.23934083035668272,0.21198712728124575,0.21198712728124575
-279.78508883476024,0.24001033132897895,0.21251042977809345,0.21251042977809345
-279.3058834223484,0.24067983230127518,0.21303373227494116,0.21303373227494116
-278.8266780099366,0.24134933327357133,0.21355703477178883,0.21355703477178883
-278.34747259752476,0.2420188342458676,0.21408033726863643,0.21408033726863643
-277.8682671851129,0.24268833521816383,0.21460363976548413,0.21460363976548413
-277.3890617727011,0.24335783619046003,0.21512694226233184,0.21512694226233184
-276.90985636028927,0.24402733716275618,0.21565024475917952,0.21565024475917952
-276.43065094787744,0.24469683813505244,0.2161735472560272,0.2161735472560272
-275.9514455354656,0.24536633910734865,0.21669684975287487,0.21669684975287487
-275.4722401230538,0.24603584007964485,0.21722015224972255,0.21722015224972255
-274.99303471064195,0.24670534105194106,0.21774345474657023,0.21774345474657023
-274.5138292982301,0.2473748420242373,0.21826675724341787,0.21826675724341787
-274.0346238858183,0.24804434299653352,0.21879005974026555,0.21879005974026555
-273.55541847340646,0.24871384396882973,0.21931336223711323,0.21931336223711323
-273.07621306099463,0.2493833449411259,0.2198366647339609,0.2198366647339609
-272.5970076485828,0.25005284591342214,0.22035996723080856,0.22035996723080856
-272.117802236171,0.2507223468857184,0.22088326972765623,0.22088326972765623
-271.63859682375914,0.25139184785801455,0.22140657222450394,0.22140657222450394
-271.1593914113473,0.2520613488303107,0.2219298747213516,0.2219298747213516
-270.6801859989355,0.2527308498026069,0.22245317721819924,0.22245317721819924
-270.20098058652366,0.2534003507749032,0.22297647971504694,0.22297647971504694
-269.7217751741118,0.2540698517471994,0.22349978221189465,0.22349978221189465
-269.2425697617,0.2547393527194956,0.2240230847087423,0.2240230847087423
-268.76336434928817,0.2554088536917919,0.22454638720558995,0.22454638720558995
-268.28415893687634,0.25607835466408807,0.22506968970243765,0.22506968970243765
-267.8049535244645,0.25674785563638425,0.22559299219928533,0.22559299219928533
-267.3257481120527,0.2574173566086804,0.226116294696133,0.226116294696133
-266.84654269964085,0.25808685758097666,0.22663959719298069,0.22663959719298069
-266.367337287229,0.2587563585532729,0.22716289968982836,0.22716289968982836
-265.8881318748172,0.2594258595255691,0.22768620218667604,0.22768620218667604
-265.40892646240536,0.2600953604978653,0.22820950468352366,0.22820950468352366
-264.92972104999353,0.2607648614701615,0.22873280718037134,0.22873280718037134
-264.4505156375817,0.2614343624424577,0.22925610967721904,0.22925610967721904
-263.9713102251699,0.2621038634147539,0.22977941217406672,0.22977941217406672
-263.49210481275804,0.26277336438705007,0.2303027146709144,0.2303027146709144
-263.0128994003462,0.26344286535934636,0.23083588511457048,0.23083588511457048
-262.5336939879344,0.2641123663316426,0.2313810274830255,0.2313810274830255
-262.05448857552256,0.26478186730393877,0.2319397806596972,0.2319397806596972
-261.5752831631107,0.265451368276235,0.23251686166418262,0.23251686166418262
-261.0960777506989,0.2661208692485312,0.23310885891738847,0.23310885891738847
-260.61687233828707,0.2667903702208274,0.233714466978811,0.233714466978811
-260.13766692587524,0.2674598711931236,0.23433368584845016,0.23433368584845016
-259.6584615134634,0.2681293721654198,0.23496966665788802,0.23496966665788802
-259.1792561010516,0.2688015908669055,0.23562212960406137,0.23562212960406137
-258.70005068863975,0.2694796851935253,0.23628820335845138,0.23628820335845138
-258.2208452762279,0.2701756847684424,0.23696788792105808,0.23696788792105808
-257.7416398638161,0.27088526890184866,0.23766276853544838,0.23766276853544838
-257.26243445140426,0.2716077456093805,0.2383623569396572,0.2383623569396572
-256.78322903899243,0.27234311489103785,0.23906235885136215,0.23906235885136215
-256.3040236265806,0.2730949061639378,0.2397623607630671,0.2397623607630671
-255.82481821416877,0.2738617652523816,0.24046236267477203,0.24046236267477203
-255.34561280175694,0.274641516914951,0.24116236458647697,0.24116236458647697
-254.8664073893451,0.2754341611516458,0.24186236649818194,0.24186236649818194
-254.38720197693328,0.2762417441225288,0.24256236840988687,0.24256236840988687
-253.90799656452145,0.2770658781660101,0.24326237032159176,0.24326237032159176
-253.42879115210962,0.2778982964888339,0.2439623722332967,0.2439623722332967
-252.9495857396978,0.2787351725550788,0.24466237414500167,0.24466237414500167
-252.47038032728597,0.2795720486213237,0.24536237605670658,0.24536237605670658
-251.99117491487414,0.2804089246875686,0.24606237796841146,0.24606237796841146
-251.5119695024623,0.2812458007538136,0.24676237988011643,0.24676237988011643
-251.03276409005048,0.2820826768200585,0.24746238179182137,0.24746238179182137
-250.55355867763865,0.2829195528863034,0.2481623837035263,0.2481623837035263
-250.07435326522682,0.2837564289525483,0.24886238561523125,0.24886238561523125
-249.595147852815,0.28459330501879326,0.24956238752693616,0.24956238752693616
-249.11594244040316,0.2854301810850382,0.2502623894386411,0.2502623894386411
-248.63673702799133,0.2862670571512831,0.25096239135034604,0.25096239135034604
-248.1575316155795,0.28710393321752803,0.2516623932620509,0.2516623932620509
-247.67832620316767,0.28794080928377297,0.2523623951737559,0.2523623951737559
-247.19912079075584,0.28877768535001785,0.2530623970854609,0.2530623970854609
-246.719915378344,0.28961456141626274,0.25376239899716574,0.25376239899716574
-246.24070996593218,0.2904514374825076,0.2544624009088707,0.2544624009088707
-245.76150455352035,0.29128831354875256,0.2551624028205757,0.2551624028205757
-245.28229914110852,0.29212518961499745,0.2558624047322806,0.2558624047322806
-244.8030937286967,0.29296206568124233,0.2565624066439855,0.2565624066439855
-244.32388831628487,0.29379894174748733,0.25726240855569044,0.25726240855569044
-243.84468290387304,0.29463581781373227,0.25796241046739543,0.25796241046739543
-243.3654774914612,0.29547269387997716,0.25866241237910037,0.25866241237910037
-242.88627207904938,0.29630956994622204,0.2593624142908053,0.2593624142908053
-242.40706666663755,0.297146446012467,0.2600624162025102,0.2600624162025102
-241.92786125422572,0.29798332207871187,0.2607624181142151,0.2607624181142151
-241.4486558418139,0.29882019814495675,0.26146242002592013,0.26146242002592013
-240.96945042940206,0.29965707421120164,0.26216242193762496,0.26216242193762496
-240.49024501699023,0.3004939502774466,0.2628624238493299,0.2628624238493299
-240.0110396045784,0.30133082634369157,0.2635624257610349,0.2635624257610349
-239.53183419216657,0.30216770240993646,0.26426242767273983,0.26426242767273983
-239.05262877975474,0.30300457847618134,0.2649624295844447,0.2649624295844447
-238.5734233673429,0.3038414545424263,0.26566243149614965,0.26566243149614965
-238.09421795493108,0.3046783306086713,0.2663624334078546,0.2663624334078546
-237.61501254251925,0.3055152066749161,0.2670624353195596,0.2670624353195596
-237.13580713010742,0.30635208274116105,0.26776243723126447,0.26776243723126447
-236.6566017176956,0.307188958807406,0.2684624391429694,0.2684624391429694
-236.17739630528376,0.3080258348736509,0.26916244105467435,0.26916244105467435
-235.69819089287193,0.30886271093989576,0.2698624429663793,0.2698624429663793
-235.2189854804601,0.3096995870061407,0.2705624448780842,0.2705624448780842
-234.73978006804828,0.3105364630723857,0.2712624467897891,0.2712624467897891
-234.26057465563645,0.3113733391386306,0.2719624487014941,0.2719624487014941
-233.78136924322462,0.31221021520487546,0.272662450613199,0.272662450613199
-233.3021638308128,0.31304709127112035,0.2733624525249039,0.2733624525249039
-232.82295841840096,0.3138839673373653,0.27406245443660887,0.27406245443660887
-232.34375300598913,0.31472084340361023,0.2747624563483138,0.2747624563483138
-231.8645475935773,0.31555771946985506,0.27546245826001875,0.27546245826001875
-231.38534218116547,0.31639459553610005,0.27616246017172363,0.27616246017172363
-230.90613676875364,0.317231471602345,0.27686246208342863,0.27686246208342863
-230.4269313563418,0.3180683476685899,0.2775624639951336,0.2775624639951336
-229.94772594392998,0.31890522373483476,0.2782624659068385,0.2782624659068385
-229.46852053151815,0.3197420998010797,0.27896383081428244,0.27896383081428244
-228.98931511910632,0.32057897586732464,0.2796756222945454,0.2796756222945454
-228.5101097066945,0.3214158519335696,0.28040695914533487,0.28040695914533487
-228.03090429428266,0.3222527279998144,0.2811550477569126,0.2811550477569126
-227.55169888187083,0.3230896040660594,0.2819198881292787,0.2819198881292787
-227.072493469459,0.32392648013230435,0.2827041716634547,0.2827041716634547
-226.59328805704718,0.32476335619854924,0.2835099278145802,0.2835099278145802
-226.11408264463535,0.3256002322647941,0.284332435726494,0.284332435726494
-225.63487723222352,0.32643710833103906,0.2851716953991962,0.2851716953991962
-225.1556718198117,0.3272779398068652,0.2860284709872852,0.2860284709872852
-224.67646640739986,0.3281337078066219,0.28690864643874675,0.28690864643874675
-224.19726099498803,0.32900973556477187,0.2878055736509966,0.2878055736509966
-223.7180555825762,0.3299101338414422,0.2887150687310601,0.2887150687310601
-223.23885017016437,0.33083564557937295,0.2896325468045041,0.2896325468045041
-222.75964475775254,0.3317814170756971,0.29055002487794807,0.29055002487794807
-222.2804393453407,0.33274744833041464,0.29146750295139207,0.29146750295139207
-221.80123393292888,0.33373551927124684,0.29238498102483607,0.29238498102483607
-221.32202852051705,0.3347510345057452,0.29330245909828007,0.29330245909828007
-220.84282310810522,0.33578680949863693,0.2942199371717241,0.2942199371717241
-220.3636176956934,0.33684284424992206,0.29513741524516807,0.29513741524516807
-219.88441228328156,0.33791904311419996,0.29605489331861207,0.29605489331861207
-219.40520687086973,0.33901893717293097,0.2969723713920561,0.2969723713920561
-218.9260014584579,0.34011883123166187,0.2978898494655001,0.2978898494655001
-218.44679604604607,0.34121872529039277,0.2988073275389441,0.2988073275389441
-217.96759063363425,0.3423186193491237,0.2997248056123881,0.2997248056123881
-217.48838522122242,0.3434185134078548,0.3006422836858321,0.3006422836858321
-217.0091798088106,0.3445184074665857,0.3015597617592761,0.3015597617592761
-216.52997439639876,0.34561830152531664,0.30247723983272007,0.30247723983272007
-216.05076898398693,0.34671819558404765,0.30339471790616407,0.30339471790616407
-215.5715635715751,0.34781808964277866,0.3043121959796081,0.3043121959796081
-215.09235815916327,0.3489179837015096,0.3052296740530521,0.3052296740530521
-214.61315274675144,0.35001787776024057,0.30614715212649607,0.30614715212649607
-214.1339473343396,0.3511177718189715,0.30706463019994007,0.30706463019994007
-213.65474192192778,0.35221766587770253,0.3079821082733841,0.3079821082733841
-213.17553650951595,0.3533175599364334,0.3088995863468281,0.3088995863468281
-212.69633109710412,0.35441745399516433,0.309817064420272,0.309817064420272
-212.2171256846923,0.35551734805389534,0.310734542493716,0.310734542493716
-211.73792027228046,0.3566172421126264,0.31165202056716007,0.31165202056716007
-211.25871485986863,0.35771713617135736,0.3125694986406041,0.3125694986406041
-210.7795094474568,0.3588170302300883,0.31348697671404807,0.31348697671404807
-210.30030403504497,0.35991692428881933,0.3144044547874921,0.3144044547874921
-209.82109862263314,0.36101681834755034,0.3153219328609361,0.3153219328609361
-209.34189321022131,0.36211671240628124,0.3162394109343801,0.3162394109343801
-208.86268779780949,0.36321660646501214,0.3171568890078241,0.3171568890078241
-208.38348238539766,0.36431650052374315,0.3180743670812681,0.3180743670812681
-207.90427697298583,0.3654163945824741,0.31899184515471213,0.31899184515471213
-207.425071560574,0.36651628864120506,0.31990932322815613,0.31990932322815613
-206.94586614816217,0.36761618269993607,0.3208268013016,0.3208268013016
-206.46666073575034,0.3687160767586671,0.32174427937504413,0.32174427937504413
-205.9874553233385,0.3698159708173981,0.32266175744848813,0.32266175744848813
-205.50824991092668,0.3709158648761289,0.32357923552193213,0.32357923552193213
-205.02904449851485,0.3720157589348599,0.32449671359537613,0.32449671359537613
-204.54983908610302,0.3731156529935909,0.32541419166882013,0.32541419166882013
-204.0706336736912,0.37421554705232185,0.3263316697422642,0.3263316697422642
-203.59142826127936,0.37531544111105275,0.3272491478157082,0.3272491478157082
-203.11222284886753,0.37641533516978376,0.32816662588915213,0.32816662588915213
-202.6330174364557,0.3775152292285148,0.3290841039625961,0.3290841039625961
-202.15381202404387,0.3786151232872458,0.33000158203604013,0.33000158203604013
-201.67460661163204,0.3797150173459767,0.33091906010948413,0.33091906010948413
-201.1954011992202,0.3808149114047077,0.3318365381829281,0.3318365381829281
-200.71619578680838,0.38191480546343864,0.33275401625637213,0.33275401625637213
-200.23699037439656,0.3830146995221696,0.3336714943298162,0.3336714943298162
-199.75778496198473,0.3841145935809005,0.33458897240326013,0.33458897240326013
-199.2785795495729,0.3852144876396315,0.33550645047670413,0.33550645047670413
-198.79937413716107,0.3863143816983625,0.33642392855014813,0.33642392855014813
-198.32016872474924,0.38741427575709353,0.3373414066235922,0.3373414066235922
-197.8409633123374,0.38851416981582443,0.3382588846970362,0.3382588846970362
-197.36175789992558,0.38961406387455544,0.33917636277048013,0.33917636277048013
-196.88255248751375,0.3907139579332865,0.3400938408439241,0.3400938408439241
-196.40334707510192,0.3918138519920174,0.34101131891736813,0.34101131891736813
-195.9241416626901,0.3929137460507483,0.3419287969908121,0.3419287969908121
-195.44493625027826,0.3940136401094793,0.34285028446453464,0.34285028446453464
-194.96573083786643,0.39511353416821027,0.3437825509010835,0.3437825509010835
-194.4865254254546,0.3962134282269412,0.34473803983893453,0.34473803983893453
-194.00732001304277,0.3973133222856722,0.34572235238799115,0.34572235238799115
-193.52811460063094,0.3984132163444032,0.3467279736852406,0.3467279736852406
-193.0489091882191,0.3995131104031342,0.34775490373068296,0.34775490373068296
-192.56970377580728,0.4006130044618651,0.3488031425243181,0.3488031425243181
-192.09049836339545,0.40171289852059605,0.3498815809194293,0.3498815809194293
-191.61129295098362,0.40281279257932706,0.3509818658255722,0.3509818658255722
-191.1320875385718,0.403912686638058,0.352103459479908,0.352103459479908
-190.65288212615997,0.40504152042376207,0.3532463618824366,0.3532463618824366
-190.17367671374814,0.4061940520552214,0.35441701237049295,0.35441701237049295
-189.6944713013363,0.4073705270316099,0.35560621115046237,0.35560621115046237
-189.21526588892448,0.4085713524433465,0.35680032550274215,0.35680032550274215
-188.73606047651265,0.40980630847233906,0.3579944398550219,0.3579944398550219
-188.25685506410082,0.4110652078462608,0.3591885542073015,0.3591885542073015
-187.777649651689,0.4123480505651118,0.36038266855958123,0.36038266855958123
-187.29844423927716,0.4136548366288918,0.36157678291186096,0.36157678291186096
-186.81923882686533,0.41499381287132897,0.36277089726414063,0.36277089726414063
-186.3400334144535,0.4163590799877132,0.36396501161642025,0.36396501161642025
-185.86082800204167,0.41774829044902656,0.3651591259687001,0.3651591259687001
-185.38162258962984,0.4191567382763832,0.36635324032097977,0.36635324032097977
-184.902417177218,0.4205674717041908,0.36754735467325944,0.36754735467325944
-184.42321176480618,0.42197820513199846,0.3687414690255391,0.3687414690255391
-183.94400635239435,0.42338893855980625,0.36993558337781884,0.36993558337781884
-183.46480093998252,0.4247996719876139,0.3711296977300986,0.3711296977300986
-182.9855955275707,0.42621040541542154,0.37232381208237825,0.37232381208237825
-182.50639011515887,0.4276211388432292,0.3735179264346579,0.3735179264346579
-182.02718470274704,0.4290318722710369,0.3747120407869376,0.3747120407869376
-181.5479792903352,0.43044260569884457,0.3759061551392174,0.3759061551392174
-181.06877387792338,0.43185333912665225,0.3771002694914971,0.3771002694914971
-180.58956846551155,0.4332640725544599,0.3782943838437767,0.3782943838437767
-180.11036305309972,0.43467480598226765,0.37948849819605646,0.37948849819605646
-179.6311576406879,0.4360855394100753,0.3806826125483362,0.3806826125483362
-179.15195222827606,0.43749627283788284,0.38187672690061586,0.38187672690061586
-178.67274681586423,0.4389070062656906,0.3830708412528955,0.3830708412528955
-178.1935414034524,0.4403177396934983,0.3842649556051752,0.3842649556051752
-177.71433599104057,0.441728473121306,0.385459069957455,0.385459069957455
-177.23513057862874,0.4431392065491136,0.3866531843097346,0.3866531843097346
-176.7559251662169,0.4445499399769213,0.38784729866201423,0.38784729866201423
-176.27671975380508,0.445960673404729,0.38904141301429396,0.38904141301429396
-175.79751434139325,0.4473714068325367,0.39023552736657374,0.39023552736657374
-175.31830892898142,0.4487821402603443,0.39142964171885336,0.39142964171885336
-174.8391035165696,0.4501928736881519,0.39262375607113303,0.39262375607113303
-174.35989810415776,0.4516036071159597,0.3938178704234128,0.3938178704234128
-173.88069269174594,0.4530143405437674,0.39501198477569255,0.39501198477569255
-173.4014872793341,0.454425073971575,0.3962060991279722,0.3962060991279722
-172.92228186692228,0.4558358073993827,0.3974002134802519,0.3974002134802519
-172.44307645451045,0.4572465408271904,0.3985943278325317,0.3985943278325317
-171.96387104209862,0.458657274254998,0.39978844218481135,0.39978844218481135
-171.4846656296868,0.46006800768280565,0.400982556537091,0.400982556537091
-171.00546021727496,0.46147874111061343,0.4021766708893707,0.4021766708893707
-170.52625480486313,0.46288947453842105,0.40337078524165043,0.40337078524165043
-170.0470493924513,0.4643002079662287,0.40456489959393016,0.40456489959393016
-169.56784398003947,0.46571094139403635,0.4057590139462098,0.4057590139462098
-169.08863856762764,0.46712167482184397,0.40695312829848945,0.40695312829848945
-168.6094331552158,0.46853240824965176,0.4081472426507692,0.4081472426507692
-168.13022774280398,0.46994314167745943,0.4093413570030489,0.4093413570030489
-167.65102233039215,0.4713538751052671,0.4105354713553286,0.4105354713553286
-167.17181691798032,0.47276460853307484,0.41172958570760826,0.41172958570760826
-166.6926115055685,0.4741753419608825,0.41292370005988804,0.41292370005988804
-166.21340609315666,0.47558607538869,0.4141178144121678,0.4141178144121678
-165.73420068074483,0.4769968088164977,0.4153119287644474,0.4153119287644474
-165.254995268333,0.47840754224430543,0.41650604311672706,0.41650604311672706
-164.77578985592118,0.4798182756721132,0.4177001574690068,0.4177001574690068
-164.29658444350935,0.48122900909992083,0.4188942718212866,0.4188942718212866
-163.81737903109752,0.48263974252772845,0.42008838617356614,0.42008838617356614
-163.3381736186857,0.4840504759555362,0.42128250052584587,0.42128250052584587
-162.85896820627386,0.4854612093833439,0.4224766148781256,0.4224766148781256
-162.37976279386203,0.4868719428111514,0.42367072923040533,0.42367072923040533
-161.9005573814502,0.48828267623895916,0.42486484358268495,0.42486484358268495
-161.42135196903837,0.4896934096667669,0.4260589579349647,0.4260589579349647
-160.94214655662654,0.4911041430945745,0.4272530722872444,0.4272530722872444
-160.4629411442147,0.49251487652238213,0.42844718663952414,0.42844718663952414
-159.98373573180288,0.4939256099501898,0.4296413009918037,0.4296413009918037
-159.50453031939105,0.4953363433779975,0.43083541534408354,0.43083541534408354
-159.02532490697922,0.4967470768058052,0.4320295296963632,0.4320295296963632
-158.5461194945674,0.4981578102336129,0.4332236440486429,0.4332236440486429
-158.06691408215556,0.4995685436614205,0.4344177584009226,0.4344177584009226
-157.58770866974373,0.5009792770892282,0.43561187275320234,0.43561187275320234
-157.1085032573319,0.5023985989036521,0.436805987105482,0.436805987105482
-156.62929784492007,0.5038356813227963,0.4380001014577617,0.4380001014577617
-156.15009243250825,0.5053085696342389,0.43919421581004137,0.43919421581004137
-155.67088702009642,0.5068086316304523,0.4403883301623211,0.4403883301623211
-155.1916816076846,0.5083344787599712,0.44158244451460077,0.44158244451460077
-154.71247619527276,0.5098861110227956,0.44277655886688044,0.44277655886688044
-154.23327078286093,0.5114705826655287,0.4439706732191602,0.4439706732191602
-153.7540653704491,0.5130851945054222,0.4451647875714399,0.4451647875714399
-153.27485995803727,0.5147255914786213,0.44635890192371963,0.44635890192371963
-152.79565454562544,0.5163917735851259,0.4475530162759993,0.4475530162759993
-152.3164491332136,0.5180878285591493,0.448747130628279,0.448747130628279
-151.83724372080178,0.5198169902427229,0.44994124498055876,0.44994124498055876
-151.35803830838995,0.5215573763733646,0.4511353593328385,0.4511353593328385
-150.87883289597812,0.5233028597950432,0.4523294736851181,0.4523294736851181
-150.3996274835663,0.5250483432167219,0.45352358803739773,0.45352358803739773
-149.92042207115446,0.5267938266384007,0.45471770238967746,0.45471770238967746
-149.44121665874263,0.5285393100600793,0.4559118167419572,0.4559118167419572
-148.9620112463308,0.5302847934817578,0.4571059310942368,0.4571059310942368
-148.48280583391897,0.5320302769034365,0.4583000454465165,0.4583000454465165
-148.00360042150714,0.5337757603251152,0.45949415979879626,0.45949415979879626
-147.52439500909531,0.5355212437467938,0.46068827415107605,0.46068827415107605
-147.04518959668349,0.5372667271684725,0.46188238850335567,0.46188238850335567
-146.56598418427166,0.5390122105901511,0.46307650285563534,0.46307650285563534
-146.08677877185983,0.5407576940118297,0.46427061720791507,0.46427061720791507
-145.607573359448,0.5425031774335083,0.4654647315601948,0.4654647315601948
-145.12836794703617,0.544248660855187,0.4666588459124745,0.4666588459124745
-144.64916253462434,0.5459941442768658,0.4678529602647542,0.4678529602647542
-144.1699571222125,0.5477396276985445,0.46904707461703393,0.46904707461703393
-143.69075170980068,0.549485111120223,0.4702411889693137,0.4702411889693137
-143.21154629738885,0.5512305945419017,0.4714353033215932,0.4714353033215932
-142.73234088497702,0.5529760779635803,0.4726664504869472,0.4726664504869472
-142.2531354725652,0.554721561385259,0.4739336808017711,0.4739336808017711
-141.77393006015336,0.5564670448069375,0.4752385082086853,0.4752385082086853
-141.29472464774153,0.5582125282286162,0.4765882984500772,0.4765882984500772
-140.8155192353297,0.5599580116502949,0.47798495586348433,0.47798495586348433
-140.33631382291787,0.5617034950719737,0.4794192103689818,0.4794192103689818
-139.85710841050604,0.5634489784936524,0.48089106196656944,0.48089106196656944
-139.3779029980942,0.565194461915331,0.4824035509511692,0.4824035509511692
-138.89869758568238,0.5669399453370096,0.4839672325552498,0.4839672325552498
-138.41949217327056,0.5686854287586882,0.4855685112514207,0.4855685112514207
-137.94028676085873,0.5704309121803667,0.48720738703968186,0.48720738703968186
-137.4610813484469,0.5721763956020454,0.4888827411874376,0.4888827411874376
-136.98187593603507,0.573921879023724,0.4905649517693408,0.4905649517693408
-136.50267052362324,0.5756673624454027,0.49224716235124405,0.49224716235124405
-136.0234651112114,0.5774128458670814,0.4939293729331472,0.4939293729331472
-135.54425969879958,0.5791583292887602,0.4956115835150503,0.4956115835150503
-135.06505428638775,0.5809038127104389,0.49729379409695357,0.49729379409695357
-134.58584887397592,0.5826492961321175,0.4989760046788568,0.4989760046788568
-134.1066434615641,0.584394779553796,0.5006582152607599,0.5006582152607599
-133.62743804915226,0.5861402629754746,0.502340425842663,0.502340425842663
-133.14823263674043,0.5878857463971533,0.5040226364245662,0.5040226364245662
-132.6690272243286,0.589631229818832,0.5057048470064696,0.5057048470064696
-132.18982181191677,0.5913767132405104,0.5073870575883728,0.5073870575883728
-131.71061639950494,0.5931221966621892,0.5090692681702759,0.5090692681702759
-131.2314109870931,0.5948676800838679,0.5107514787521792,0.5107514787521792
-130.75220557468128,0.5966131635055466,0.5124336893340823,0.5124336893340823
-130.27300016226945,0.5983586469272253,0.5141158999159855,0.5141158999159855
-129.79379474985762,0.600104130348904,0.5157981104978886,0.5157981104978886
-129.3145893374458,0.6018496137705825,0.5174803210797917,0.5174803210797917
-128.83538392503397,0.6035950971922611,0.5191625316616951,0.5191625316616951
-128.35617851262214,0.6053405806139397,0.5208447422435982,0.5208447422435982
-127.87697310021031,0.6070860640356185,0.5225269528255013,0.5225269528255013
-127.39776768779848,0.6088315474572972,0.5242091634074046,0.5242091634074046
-126.91856227538665,0.6105770308789759,0.525891373989308,0.525891373989308
-126.43935686297482,0.6123225143006544,0.5275735845712111,0.5275735845712111
-125.96015145056299,0.6140679977223332,0.5292557951531142,0.5292557951531142
-125.48094603815116,0.6158134811440118,0.5309380057350174,0.5309380057350174
-125.00174062573933,0.6175589645656904,0.5326202163169206,0.5326202163169206
-124.5225352133275,0.619304447987369,0.5343024268988237,0.5343024268988237
-124.04332980091567,0.6210499314090476,0.5359846374807269,0.5359846374807269
-123.56412438850384,0.6227954148307264,0.5376668480626302,0.5376668480626302
-123.08491897609201,0.6245469854431032,0.5393490586445334,0.5393490586445334
-122.60571356368018,0.6263090715759518,0.5410312692264364,0.5410312692264364
-122.12650815126835,0.6280840502583745,0.5427134798083396,0.5427134798083396
-121.64730273885652,0.6298745351320076,0.5443956903902429,0.5443956903902429
-121.1680973264447,0.6316810035612502,0.5460779009721461,0.5460779009721461
-120.68889191403287,0.6335003645400671,0.5477601115540492,0.5477601115540492
-120.20968650162104,0.635332618068458,0.5494423221359525,0.5494423221359525
-119.7304810892092,0.6371788945338289,0.5511245327178557,0.5511245327178557
-119.25127567679738,0.6390426378090398,0.5528067432997589,0.5528067432997589
-118.77207026438555,0.6409192736338247,0.554488953881662,0.554488953881662
-118.29286485197372,0.6428088020081837,0.5561711644635652,0.5561711644635652
-117.81365943956189,0.6447110747994956,0.5578533750454685,0.5578533750454685
-117.33445402715006,0.6466239329963885,0.5595355856273717,0.5595355856273717
-116.85524861473823,0.6485367911932816,0.5612177962092748,0.5612177962092748
-116.3760432023264,0.6504496493901747,0.5629000067911779,0.5629000067911779
-115.89683778991457,0.6523625075870677,0.5645822173730811,0.5645822173730811
-115.41763237750274,0.6542753657839605,0.5662644279549843,0.5662644279549843
-114.93842696509091,0.6561882239808535,0.5679466385368874,0.5679466385368874
-114.45922155267908,0.6581010821777465,0.5696288491187909,0.5696288491187909
-113.98001614026725,0.6600139403746395,0.5713110597006941,0.5713110597006941
-113.50081072785542,0.6619267985715324,0.5729932702825972,0.5729932702825972
-113.0216053154436,0.6638396567684255,0.5746754808645003,0.5746754808645003
-112.54239990303176,0.6657525149653185,0.5763576914464036,0.5763576914464036
-112.06319449061994,0.6676653731622114,0.5780399020283067,0.5780399020283067
-111.5839890782081,0.6695782313591042,0.5797221126102099,0.5797221126102099
-111.10478366579628,0.6714910895559972,0.581404323192113,0.581404323192113
-110.62557825338445,0.6734039477528904,0.5830865337740163,0.5830865337740163
-110.14637284097262,0.6753168059497834,0.5847687443559195,0.5847687443559195
-109.66716742856079,0.6772296641466763,0.5864509549378226,0.5864509549378226
-109.18796201614896,0.6791425223435693,0.5881334519783467,0.5881334519783467
-108.70875660373713,0.6810553805404623,0.5898169643493226,0.5898169643493226
-108.2295511913253,0.6829682387373552,0.5915159769194953,0.5915159769194953
-107.75034577891347,0.684881096934248,0.5932267550893915,0.5932267550893915
-107.27114036650164,0.6867939551311409,0.5949492988590113,0.5949492988590113
-106.79193495408981,0.6887068133280339,0.5966837260263639,0.5966837260263639
-106.31272954167798,0.6906196715249268,0.5984350069944996,0.5984350069944996
-105.83352412926615,0.6925325297218199,0.6001980535623589,0.6001980535623589
-105.35431871685432,0.6944453879187128,0.6019728657299419,0.6019728657299419
-104.8751133044425,0.6963582461156057,0.6037594434972487,0.6037594434972487
-104.39590789203066,0.6982711043124987,0.60556175705977,0.60556175705977
-103.91670247961883,0.7001839625093917,0.6073770720255924,0.6073770720255924
-103.437497067207,0.7020968207062848,0.6092035546526549,0.6092035546526549
-102.95829165479518,0.7040096789031778,0.6110385096236878,0.6110385096236878
-102.47908624238335,0.7059225371000707,0.6128734645947207,0.6128734645947207
-101.99988082997152,0.7078353952969637,0.6147084195657534,0.6147084195657534
-101.52067541755969,0.7097482534938567,0.6165433745367862,0.6165433745367862
-101.04147000514786,0.7116611116907496,0.6183783295078192,0.6183783295078192
-100.56226459273603,0.7135739698876425,0.620213284478852,0.620213284478852
-100.0830591803242,0.7154868280845356,0.6220482394498847,0.6220482394498847
-99.60385376791237,0.7173996862814287,0.6238831944209176,0.6238831944209176
-99.12464835550054,0.7193125444783215,0.6257181493919505,0.6257181493919505
-98.64544294308871,0.7212254026752145,0.6275531043629833,0.6275531043629833
-98.16623753067688,0.7231382608721075,0.629388059334016,0.629388059334016
-97.68703211826505,0.7250511190690007,0.6312230143050489,0.6312230143050489
-97.20782670585322,0.7269639772658935,0.6330579692760817,0.6330579692760817
-96.72862129344139,0.7288768354627864,0.6348929242471145,0.6348929242471145
-96.24941588102956,0.7307896936596793,0.6367278792181472,0.6367278792181472
-95.77021046861773,0.7327025518565722,0.6385628341891801,0.6385628341891801
-95.2910050562059,0.734615410053465,0.6403977891602131,0.6403977891602131
-94.81179964379407,0.7365282682503581,0.6422327441312458,0.6422327441312458
-94.33259423138225,0.7384411264472511,0.6440676991022786,0.6440676991022786
-93.85338881897042,0.740353984644144,0.6459026540733114,0.6459026540733114
-93.37418340655859,0.7422668428410371,0.6477376090443443,0.6477376090443443
-92.89497799414676,0.7441797010379301,0.649572564015377,0.649572564015377
-92.41577258173493,0.746092559234823,0.6514075189864097,0.6514075189864097
-91.9365671693231,0.748005417431716,0.6532424739574426,0.6532424739574426
-91.45736175691127,0.7499182756286089,0.6550774289284755,0.6550774289284755
-90.97815634449944,0.7518311338255019,0.6569123838995083,0.6569123838995083
-90.49895093208761,0.7537439920223951,0.658747338870541,0.658747338870541
-90.01974551967578,0.755656850219288,0.660582293841574,0.660582293841574
-89.54054010726395,0.7575698048116921,0.6624172488126068,0.6624172488126068
-89.06133469485212,0.7594831106784402,0.6642522037836397,0.6642522037836397
-88.58212928244029,0.7613988303767198,0.6660871587546724,0.6660871587546724
-88.10292387002846,0.7633163918447003,0.6679221137257052,0.6679221137257052
-87.62371845761663,0.7652357950823818,0.6697570686967381,0.6697570686967381
-87.1445130452048,0.7671570710765775,0.6715920236677709,0.6715920236677709
-86.66530763279297,0.7690809727931092,0.6734269786388036,0.6734269786388036
-86.18610222038114,0.7710067162793417,0.6752619336098367,0.6752619336098367
-85.70689680796931,0.7729343015352751,0.6770968885808695,0.6770968885808695
-85.22769139555749,0.7748637285609097,0.6789318435519022,0.6789318435519022
-84.74848598314566,0.7767956313917026,0.680766798522935,0.680766798522935
-84.26928057073383,0.7787295568961872,0.6826017534939678,0.6826017534939678
-83.790075158322,0.7806651206606231,0.6844367084650006,0.6844367084650006
-83.31086974591017,0.7826018892398592,0.6862716634360334,0.6862716634360334
-82.83166433349834,0.7845386578190954,0.6881066184070663,0.6881066184070663
-82.35245892108651,0.7864754263983315,0.6899415733780992,0.6899415733780992
-81.87325350867468,0.7884121949775675,0.6917765283491318,0.6917765283491318
-81.39404809626285,0.7903489635568036,0.6936114833201646,0.6936114833201646
-80.91484268385102,0.7922857321360397,0.6954464382911976,0.6954464382911976
-80.43563727143919,0.7942225007152757,0.6972813932622304,0.6972813932622304
-79.95643185902736,0.7961592692945118,0.6991163482332631,0.6991163482332631
-79.47722644661553,0.7980960378737478,0.7009513032042959,0.7009513032042959
-78.9980210342037,0.800032806452984,0.7027862581753288,0.7027862581753288
-78.51881562179187,0.80196957503222,0.7046212131463617,0.7046212131463617
-78.03961020938004,0.8039063436114561,0.7064561681173943,0.7064561681173943
-77.56040479696821,0.8058431121906922,0.7082911230884272,0.7082911230884272
-77.08119938455638,0.8077798807699281,0.7101260780594602,0.7101260780594602
-76.60199397214456,0.8097166493491644,0.711961033030493,0.711961033030493
-76.12278855973273,0.8116534179284006,0.7137959880015257,0.7137959880015257
-75.6435831473209,0.8135901865076367,0.7156309429725586,0.7156309429725586
-75.16437773490907,0.8155269550868727,0.7174658979435914,0.7174658979435914
-74.68517232249724,0.817463723666109,0.7193030277049751,0.7193030277049751
-74.20596691008541,0.819400492245345,0.7211445339871174,0.7211445339871174
-73.72676149767358,0.8213372608245809,0.7229932729893302,0.7229932729893302
-73.24755608526175,0.8232740294038169,0.724847565386312,0.724847565386312
-72.76835067284992,0.8252107979830531,0.7267070926815089,0.7267070926815089
-72.28914526043809,0.8271475665622892,0.7285718548749209,0.7285718548749209
-71.80993984802626,0.8290843351415251,0.7304432475270061,0.7304432475270061
-71.33073443561443,0.8310211037207612,0.7323207958352574,0.7323207958352574
-70.8515290232026,0.8329578722999974,0.7342035790417238,0.7342035790417238
-70.37232361079077,0.8348946408792336,0.7360915971464054,0.7360915971464054
-69.89311819837894,0.8368314094584696,0.7379856434483627,0.7379856434483627
-69.41391278596711,0.8387681780377056,0.7398864476678838,0.7398864476678838
-68.93470737355528,0.8407049466169418,0.7417888206659413,0.7417888206659413
-68.45550196114345,0.8426417151961778,0.7436917365865909,0.7436917365865909
-67.97629654873163,0.8445784837754138,0.7455946525072407,0.7455946525072407
-67.4970911363198,0.84651525235465,0.7474975684278904,0.7474975684278904
-67.01788572390797,0.8484520209338863,0.74940048434854,0.74940048434854
-66.53868031149614,0.8503887895131222,0.7513034002691896,0.7513034002691896
-66.05947489908431,0.8523255580923582,0.7532063161898392,0.7532063161898392
-65.58026948667248,0.8542623266715944,0.7551092321104891,0.7551092321104891
-65.10106407426065,0.8561990952508306,0.7570121480311387,0.7570121480311387
-64.62185866184882,0.8581358638300666,0.7589150639517883,0.7589150639517883
-64.14265324943699,0.8600726324093025,0.7608179798724379,0.7608179798724379
-63.66344783702516,0.8620094009885386,0.7627208957930878,0.7627208957930878
-63.18424242461333,0.8639461695677747,0.7646238117137373,0.7646238117137373
-62.7050370122015,0.8658829381470107,0.7665267276343869,0.7665267276343869
-62.22583159978967,0.8678197067262468,0.7684296435550366,0.7684296435550366
-61.74662618737784,0.869756475305483,0.7703325594756864,0.7703325594756864
-61.26742077496601,0.8716932438847192,0.772235475396336,0.772235475396336
-60.78821536255418,0.8736300124639552,0.7741383913169856,0.7741383913169856
-60.309009950142354,0.8755667810431912,0.7760413072376353,0.7760413072376353
-59.829804537730524,0.8775035496224274,0.777944223158285,0.777944223158285
-59.350599125318695,0.8794403182016636,0.7798471390789347,0.7798471390789347
-58.871393712906865,0.8813770867808994,0.7817500549995843,0.7817500549995843
-58.392188300495036,0.8833138553601354,0.783652970920234,0.783652970920234
-57.91298288808321,0.8852506239393717,0.7855558868408837,0.7855558868408837
-57.43377747567138,0.8871873925186078,0.7874588027615332,0.7874588027615332
-56.95457206325955,0.8891241610978436,0.789361718682183,0.789361718682183
-56.47536665084772,0.8910609296770796,0.7912646346028327,0.7912646346028327
-55.99616123843589,0.892997698256316,0.7931675505234823,0.7931675505234823
-55.51695582602406,0.8949344668355522,0.7950704664441318,0.7950704664441318
-55.03775041361223,0.8968477504989811,0.7969733823647815,0.7969733823647815
-54.5585450012004,0.8987135029993774,0.7988762982854312,0.7988762982854312
-54.07933958878857,0.9005076528296353,0.8007792142060808,0.8007792142060808
-53.60013417637674,0.9022474460833233,0.8026821301267308,0.8026821301267308
-53.12092876396491,0.9039356690324998,0.8045850460473805,0.8045850460473805
-52.64172335155308,0.9055723216771651,0.80648796196803,0.80648796196803
-52.16251793914125,0.9071433046808317,0.8083908778886796,0.8083908778886796
-51.683312526729424,0.9086539980787888,0.8102937938093294,0.8102937938093294
-51.204107114317594,0.9101131211722344,0.812196709729979,0.812196709729979
-50.724901701905765,0.9115206739611686,0.8140996256506285,0.8140996256506285
-50.245696289493935,0.9128684901382446,0.8160025415712783,0.8160025415712783
-49.766490877082106,0.9141500836804705,0.8179054574919282,0.8179054574919282
-49.287285464670276,0.9154199172213373,0.8198083734125777,0.8198083734125777
-48.80808005225845,0.9166871853208003,0.8217112893332273,0.8217112893332273
-48.32887463984662,0.9179544534202635,0.8236142052538771,0.8236142052538771
-47.84966922743479,0.9192217215197265,0.8255171211745268,0.8255171211745268
-47.37046381502296,0.9204889896191896,0.8274200370951764,0.8274200370951764
-46.89125840261113,0.9217562577186527,0.8293229530158259,0.8293229530158259
-46.4120529901993,0.923023525818116,0.8312258689364757,0.8312258689364757
-45.93284757778747,0.924290793917579,0.8331287848571255,0.8331287848571255
-45.45364216537564,0.9255580620170417,0.8350317007777751,0.8350317007777751
-44.97443675296381,0.9268253301165047,0.8369346166984246,0.8369346166984246
-44.49523134055198,0.9280925982159679,0.8388375326190743,0.8388375326190743
-44.01602592814015,0.929359866315431,0.8407404485397241,0.8407404485397241
-43.53682051572832,0.930627134414894,0.8426433644603737,0.8426433644603737
-43.05761510331649,0.9318944025143571,0.8445462803810232,0.8445462803810232
-42.578409690904664,0.9331616706138203,0.846449196301673,0.846449196301673
-42.099204278492834,0.9344289387132833,0.8483521122223228,0.8483521122223228
-41.619998866081005,0.9356962068127461,0.8502550281429724,0.8502550281429724
-41.140793453669176,0.9369634749122092,0.8521579440636219,0.8521579440636219
-40.661588041257346,0.9382307430116724,0.8540438542667518,0.8540438542667518
-40.18238262884552,0.9394980111111353,0.8559070543858787,0.8559070543858787
-39.70317721643369,0.9407652792105984,0.8577440798641215,0.8577440798641215
-39.22397180402186,0.9420325473100617,0.8595498074134761,0.8595498074134761
-38.74476639161003,0.9432998154095248,0.86132290195162,0.86132290195162
-38.2655609791982,0.9445670835089878,0.8630698218488797,0.8630698218488797
-37.78635556678637,0.9458343516084508,0.8647905671052551,0.8647905671052551
-37.30715015437454,0.9471016197079138,0.8664830257569646,0.8664830257569646
-36.82794474196271,0.9483688878073769,0.8681398400732412,0.8681398400732412
-36.34873932955088,0.9496361559068399,0.8697704797486339,0.8697704797486339
-35.86953391713905,0.950903424006303,0.8713749447831424,0.8713749447831424
-35.39032850472722,0.9521706921057661,0.872953751496772,0.872953751496772
-34.91112309231539,0.9534379602052291,0.8745168607244856,0.8745168607244856
-34.43191767990356,0.9547052283046921,0.8760799699521991,0.8760799699521991
-33.952712267491734,0.955972496404155,0.8776430791799122,0.8776430791799122
-33.473506855079904,0.9572397645036184,0.8792061884076255,0.8792061884076255
-32.994301442668075,0.9585070326030815,0.8807692976353392,0.8807692976353392
-32.515096030256245,0.9597743007025444,0.8823324068630525,0.8823324068630525
-32.035890617844416,0.9610415688020073,0.8838955160907657,0.8838955160907657
-31.556685205432586,0.9623088369014706,0.8854586253184791,0.8854586253184791
-31.077479793020757,0.9635761050009336,0.8870217345461927,0.8870217345461927
-30.598274380608927,0.9648433731003966,0.888584843773906,0.888584843773906
-30.119068968197098,0.9661106411998596,0.8901479530016192,0.8901479530016192
-29.63986355578527,0.9673779092993228,0.8917110622293325,0.8917110622293325
-29.16065814337344,0.9686451773987859,0.893274171457046,0.893274171457046
-28.68145273096161,0.969912445498249,0.8948372806847593,0.8948372806847593
-28.20224731854978,0.9711797135977119,0.8964003899124726,0.8964003899124726
-27.72304190613795,0.972446981697175,0.8979634991401859,0.8979634991401859
-27.24383649372612,0.973714249796638,0.8995266083678992,0.8995266083678992
-26.764631081314292,0.974981517896101,0.9010897175956125,0.9010897175956125
-26.285425668902462,0.9762487859955642,0.9026528268233258,0.9026528268233258
-25.806220256490633,0.9775160540950273,0.9042159360510392,0.9042159360510392
-25.327014844078803,0.9787833221944905,0.9057790452787527,0.9057790452787527
-24.847809431666974,0.9800505902939534,0.9073421545064659,0.9073421545064659
-24.368604019255145,0.9813178583934163,0.9089052637341791,0.9089052637341791
-23.889398606843315,0.9825851264928795,0.9104683729618925,0.9104683729618925
-23.410193194431486,0.9838523945923425,0.912031482189606,0.912031482189606
-22.930987782019656,0.9851196626918056,0.9135945914173192,0.9135945914173192
-22.451782369607827,0.9863869307912687,0.9151577006450325,0.9151577006450325
-21.972576957195997,0.9876541988907319,0.9167208098727461,0.9167208098727461
-21.493371544784168,0.9889214669901949,0.9182839191004596,0.9182839191004596
-21.01416613237234,0.9901209796758114,0.9198470283281729,0.9198470283281729
-20.53496071996051,0.991239635475981,0.9214101375558861,0.9214101375558861
-20.05575530754868,0.9922678361113371,0.9229732467835995,0.9229732467835995
-19.57654989513685,0.9931872601411557,0.924536356011313,0.924536356011313
-19.09734448272502,0.9939945261799682,0.9260994652390263,0.9260994652390263
-18.61813907031319,0.994711337053967,0.9276625744667395,0.9276625744667395
-18.13893365790136,0.9953376927631519,0.9292256836944529,0.9292256836944529
-17.659728245489532,0.9958656784977821,0.9307887929221663,0.9307887929221663
-17.180522833077703,0.9962710996104237,0.9323519021498797,0.9323519021498797
-16.701317420665873,0.9965860655582516,0.9339150113775929,0.9339150113775929
-16.222112008254044,0.9968105763412655,0.9354781206053064,0.9354781206053064
-15.742906595842214,0.9969462912432278,0.93704122983302,0.93704122983302
-15.263701183430385,0.9970392444571253,0.9386043390607332,0.9386043390607332
-14.784495771018555,0.997132197671023,0.9401674482884463,0.9401674482884463
-14.305290358606726,0.9972251508849207,0.9417305575161599,0.9417305575161599
-13.826084946194896,0.9973181040988184,0.943293666743873,0.943293666743873
-13.346879533783067,0.9974110573127161,0.9448567759715863,0.9448567759715863
-12.867674121371238,0.9975040105266139,0.9464198851992998,0.9464198851992998
-12.388468708959408,0.9975969637405117,0.9479829944270133,0.9479829944270133
-11.909263296547579,0.9976899169544092,0.9495461036547266,0.9495461036547266
-11.43005788413575,0.9977828701683069,0.9511092128824399,0.9511092128824399
-10.95085247172392,0.9978758233822046,0.9526723221101532,0.9526723221101532
-10.47164705931209,0.9979687765961022,0.9542354313378667,0.9542354313378667
-9.99244164690026,0.9980617298099999,0.95579854056558,0.95579854056558
-9.513236234488431,0.9981546830238975,0.9573616497932933,0.9573616497932933
-9.034030822076602,0.9982476362377954,0.9589247590210066,0.9589247590210066
-8.554825409664772,0.9983405894516931,0.9604878682487201,0.9604878682487201
-8.075619997252943,0.9984335426655908,0.9620509774764334,0.9620509774764334
-7.5964145848411135,0.9985264958794884,0.9636140867041466,0.9636140867041466
-7.117209172429284,0.9986194490933861,0.9651684129299445,0.9651684129299445
-6.638003760017455,0.9987124023072838,0.9666916308238254,0.9666916308238254
-6.158798347605625,0.9988053555211814,0.968101960973836,0.968101960973836
-5.679592935193796,0.9988983087350792,0.9694266139785083,0.9694266139785083
-5.200387522781966,0.9989912619489769,0.9706655898378421,0.9706655898378421
-4.721182110370137,0.9990842151628747,0.9718180459761407,0.9718180459761407
-4.241976697958307,0.9991771683767724,0.9728477574382752,0.9728477574382752
-3.762771285546478,0.9992701215906701,0.9737917917550715,0.9737917917550715
-3.2835658731346484,0.9993630748045678,0.9746501489265295,0.9746501489265295
-2.804360460722819,0.9994560280184652,0.9754228289526491,0.9754228289526491
-2.3251550483109895,0.9995439419789082,0.9760809360835038,0.9760809360835038
-1.84594963589916,0.9996251876455567,0.9766443517124239,0.9766443517124239
-1.3667442234873306,0.9996984027245055,0.977140418021617,0.977140418021617
-0.8875388110755011,0.9997608840714158,0.9775912419825828,0.9775912419825828
-0.4083333986636717,0.9998156455473676,0.9780420659435489,0.9780420659435489
0.0,1.0,0.9784262153613397,0.9784262153613397
0.07087201374815777,0.9999917261576792,0.9784928899045148,0.9784928899045148
0.5500774261599872,0.9999389900074876,0.9789437138654806,0.9789437138654806
1.0292828385718167,0.9999565264318372,0.9793945378264466,0.9793945378264466
1.5084882509836461,0.999965856833074,0.9798453617874125,0.9798453617874125
1.9876936633954756,0.9999674673633526,0.9802961857483784,0.9802961857483784
2.466899075807305,0.9999624351241599,0.9807470097093443,0.9807470097093443
2.9461044882191345,0.9999552919148689,0.9811978336703101,0.9811978336703101
3.425309900630964,0.9999480464956564,0.981648657631276,0.981648657631276
3.9045153130427934,0.9999407781312755,0.9820994815922419,0.9820994815922419
4.383720725454623,0.9999335097668947,0.9825503055532079,0.9825503055532079
4.862926137866452,0.9999262414025137,0.9830011295141737,0.9830011295141737
5.342131550278282,0.9999189730381328,0.9834519534751396,0.9834519534751396
5.821336962690111,0.9999117046737519,0.9839027774361053,0.9839027774361053
6.300542375101941,0.999904436309371,0.9843536013970714,0.9843536013970714
6.77974778751377,0.9998971679449902,0.9848044253580374,0.9848044253580374
7.2589531999256,0.9998898995806093,0.9852552493190032,0.9852552493190032
7.738158612337429,0.9998826312162283,0.985706073279969,0.985706073279969
8.217364024749259,0.9998753628518475,0.9861568972409349,0.9861568972409349
8.696569437161088,0.9998680944874666,0.9866077212019009,0.9866077212019009
9.175774849572917,0.9998608261230857,0.9870585451628668,0.9870585451628668
9.654980261984747,0.9998535577587048,0.9875093691238327,0.9875093691238327
10.134185674396576,0.999846289394324,0.9879601930847985,0.9879601930847985
10.613391086808406,0.999839021029943,0.9884110170457644,0.9884110170457644
11.092596499220235,0.9998317526655622,0.9888618410067302,0.9888618410067302
11.571801911632065,0.9998244843011813,0.9893126649676961,0.9893126649676961
12.051007324043894,0.9998172159368005,0.989763488928662,0.989763488928662
12.530212736455724,0.999798392053834,0.9902143128896278,0.9902143128896278
13.009418148867553,0.9997374894650791,0.9906651368505937,0.9906651368505937
13.488623561279383,0.9995590253315562,0.9911159608115596,0.9911159608115596
13.967828973691212,0.9992908731128323,0.9915667847725256,0.9915667847725256
14.447034386103041,0.9989330328089078,0.9920176087334914,0.9920176087334914
14.926239798514871,0.9984840114074576,0.9924684326944573,0.9924684326944573
15.4054452109267,0.997907110080767,0.9929192566554231,0.9929192566554231
15.88465062333853,0.9972405206688759,0.9933700806163892,0.9933700806163892
16.36385603575036,0.996484243171784,0.9938209045773551,0.9938209045773551
16.84306144816219,0.9956382775894911,0.9942717285383209,0.9942717285383209
17.322266860574018,0.9946717644377803,0.9947225524992868,0.9946717644377803
17.801472272985848,0.9936067378327215,0.9951733764602528,0.9936067378327215
18.280677685397677,0.9924764117545175,0.9956242004212187,0.9924764117545175
18.759883097809507,0.9913047869520506,0.9960750243821845,0.9913047869520506
19.239088510221336,0.9901331621495831,0.9965258483431504,0.9901331621495831
19.718293922633165,0.9889615373471162,0.9969766723041162,0.9889615373471162
20.197499335044995,0.9877899125446492,0.9974274962650821,0.9877899125446492
20.676704747456824,0.986618287742182,0.9989070596092304,0.986618287742182
21.155910159868654,0.9854466629397147,0.9995484962054348,0.9854466629397147
21.635115572280483,0.9842750381372475,0.9986225965376191,0.9842750381372475
22.114320984692313,0.9831034133347805,0.9989785651746802,0.9831034133347805
22.593526397104142,0.9819317885323134,0.9993154422702141,0.9819317885323134
22.93195406673476,0.9811043557836205,1.0,0.9811043557836205
23.07273180951597,0.9807601637298461,1.0000682454746022,0.9807601637298461
23.5519372219278,0.979588538927379,1.0003057863307445,0.979588538927379
24.03114263433963,0.9784169141249119,1.0005657091176878,0.9784169141249119
24.51034804675146,0.9772452893224449,1.0008043651104894,0.9772452893224449
24.98955345916329,0.9760736645199776,1.0010263203107603,0.9760736645199776
25.46875887157512,0.9749020397175104,1.001242973521149,0.9749020397175104
25.94796428398695,0.9737304149150434,1.0014729535594389,0.9737304149150434
26.427169696398778,0.9725587901125764,1.0017068121184682,0.9725587901125764
26.906375108810607,0.9713871653101093,1.001934649646801,0.9713871653101093
27.385580521222437,0.970215540507642,1.0021132715039147,0.970215540507642
27.864785933634266,0.969043915705175,1.0022005791760076,0.969043915705175
28.343991346046096,0.9678722909027078,1.0021617401802738,0.9678722909027078
28.823196758457925,0.9667006661002405,1.0020260151193237,0.9667006661002405
29.302402170869755,0.9655290412977736,1.001798975873352,0.9655290412977736
29.781607583281584,0.9643574164953064,1.0014806224423598,0.9643574164953064
30.260812995693414,0.9631857916928392,1.0010466278025594,0.9631857916928392
30.740018408105243,0.9620141668903721,1.0005052416385236,0.9620141668903721
31.219223820517072,0.960842542087905,0.999872541289467,0.960842542087905
31.698429232928902,0.9596709172854381,0.9991485267553891,0.9596709172854381
32.17763464534073,0.9584992924829708,0.9983193764715222,0.9584992924829708
32.65684005775256,0.9573276676805036,0.997380753027272,0.9573276676805036
33.13604547016439,0.9561560428780365,0.9964292955788359,0.9561560428780365
33.61525088257622,0.9549844180755693,0.9954778381303998,0.9549844180755693
34.09445629498805,0.9538127932731022,0.9945263806819638,0.9538127932731022
34.57366170739988,0.9526411684706351,0.9935749232335273,0.9526411684706351
35.05286711981171,0.9514695436681679,0.992623465785091,0.9514695436681679
35.53207253222354,0.950297918865701,0.9916720083366549,0.950297918865701
36.01127794463537,0.9491262940632338,0.9907205508882189,0.9491262940632338
36.4904833570472,0.9479546692607665,0.9897690934397825,0.9479546692607665
36.969688769459026,0.9467830444582995,0.9888176359913462,0.9467830444582995
37.448894181870855,0.9456114196558325,0.98786617854291,0.9456114196558325
37.928099594282685,0.9444397948533653,0.986914721094474,0.9444397948533653
38.407305006694514,0.9432681700508981,0.9859632636460377,0.9432681700508981
38.886510419106344,0.9420965452484311,0.9850118061976015,0.9420965452484311
39.36571583151817,0.9409249204459639,0.9840603487491654,0.9409249204459639
39.84492124393,0.9397532956434967,0.9831088913007291,0.9397532956434967
40.32412665634183,0.9385816708410296,0.9821574338522927,0.9385816708410296
40.80333206875366,0.9374100460385625,0.9812059764038567,0.9374100460385625
41.28253748116549,0.9362384212360954,0.9802545189554206,0.9362384212360954
41.76174289357732,0.935066796433628,0.9793030615069844,0.935066796433628
42.24094830598915,0.933895171631161,0.978351604058548,0.933895171631161
42.72015371840098,0.932723546828694,0.9774001466101119,0.932723546828694
43.19935913081281,0.9315519220262268,0.9764486891616757,0.9315519220262268
43.67856454322464,0.9303802972237597,0.9754972317132394,0.9303802972237597
44.15776995563647,0.9292086724212926,0.9745457742648033,0.9292086724212926
44.6369753680483,0.9280370476188254,0.973594316816367,0.9280370476188254
45.11618078046013,0.9268654228163583,0.9726428593679309,0.9268654228163583
45.595386192871956,0.925693798013891,0.9716914019194948,0.925693798013891
46.074591605283786,0.924522173211424,0.9707399444710585,0.924522173211424
46.553797017695615,0.9233420775647725,0.9697884870226223,0.9233420775647725
47.033002430107445,0.9221299985777134,0.9688370295741862,0.9221299985777134
47.512207842519274,0.9208626657683007,0.9678855721257499,0.9208626657683007
47.9914132549311,0.9195186257387784,0.9669341146773135,0.9195186257387784
48.47061866734293,0.9181163367776166,0.9659826572288774,0.9181163367776166
48.94982407975476,0.9166587939941013,0.9650311997804413,0.9166587939941013
49.42902949216659,0.9151459973882322,0.964079742332005,0.9151459973882322
49.90823490457842,0.9135628503705221,0.9631282848835686,0.9135628503705221
50.38744031699025,0.9119150976129038,0.9621768274351324,0.9119150976129038
50.86664572940208,0.9102120910329321,0.9612253699866965,0.9102120910329321
51.34585114181391,0.9084538306306068,0.9602739125382603,0.9084538306306068
51.82505655422574,0.9066315766247087,0.959322455089824,0.9066315766247087
52.30426196663757,0.9047499439613962,0.9583709976413878,0.9047499439613962
52.7834673790494,0.9028609981943652,0.9574195401929516,0.9028609981943652
53.26267279146123,0.9009720524273341,0.9564680827445153,0.9009720524273341
53.74187820387306,0.8990831066603032,0.9555166252960793,0.8990831066603032
54.221083616284886,0.8971941608932722,0.9545651678476432,0.8971941608932722
54.700289028696716,0.8953052151262412,0.953613710399207,0.8953052151262412
55.179494441108545,0.8934162693592101,0.9526622529507706,0.8934162693592101
55.658699853520375,0.8915273235921793,0.9517107955023344,0.8915273235921793
56.137905265932204,0.8896383778251487,0.9507593380538983,0.8896383778251487
56.617110678344034,0.8877494320581175,0.9498078806054622,0.8877494320581175
57.09631609075586,0.8858604862910864,0.9488564231570259,0.8858604862910864
57.57552150316769,0.8839715405240556,0.9479049657085896,0.8839715405240556
58.05472691557952,0.8820825947570248,0.9469535082601533,0.8820825947570248
58.53393232799135,0.8801936489899937,0.9460020508117173,0.8801936489899937
59.01313774040318,0.8783047032229627,0.9450505933632811,0.8783047032229627
59.49234315281501,0.8764157574559319,0.9440991359148448,0.8764157574559319
59.97154856522684,0.8745268116889011,0.9431476784664087,0.8745268116889011
60.45075397763867,0.8726378659218699,0.9421962210179726,0.8726378659218699
60.9299593900505,0.870748920154839,0.9412447635695362,0.870748920154839
61.40916480246233,0.8688599743878082,0.9402398529312719,0.8688599743878082
61.88837021487416,0.8669710286207772,0.9391805756214874,0.8669710286207772
62.36757562728599,0.8650820828537461,0.9380637142037085,0.8650820828537461
62.84678103969782,0.8631931370867152,0.9368780077003767,0.8631931370867152
63.325986452109646,0.8613041913196844,0.9356204984633915,0.8613041913196844
63.805191864521476,0.8594152455526536,0.934305405118412,0.8594152455526536
64.2843972769333,0.8575262997856222,0.9329327276654384,0.8575262997856222
64.76360268934513,0.8556373540185914,0.9314978300284704,0.8556373540185914
65.24280810175696,0.8537484082515605,0.9299845047562904,0.8537484082515605
65.7220135141688,0.8518594624845297,0.9284135953761162,0.8518594624845297
66.20121892658062,0.8499705167174986,0.9267851018879478,0.8499705167174986
66.68042433899245,0.8480815709504677,0.9251006553535538,0.8480815709504677
67.15962975140428,0.8461926251834369,0.923401624504209,0.8461926251834369
67.63883516381611,0.8443036794164059,0.9217025936548643,0.8443036794164059
68.11804057622794,0.8424147336493749,0.9200035628055193,0.8424147336493749
68.59724598863977,0.8405257878823441,0.9183045319561741,0.8405257878823441
69.0764514010516,0.8386368421153132,0.9166055011068295,0.8386368421153132
69.55565681346343,0.8367478963482823,0.9149064702574847,0.8367478963482823
70.03486222587526,0.8348589505812511,0.9132074394081396,0.8348589505812511
70.51406763828709,0.8329700048142203,0.9115084085587947,0.8329700048142203
70.99327305069892,0.8310810590471894,0.9098093777094498,0.8310810590471894
71.47247846311075,0.8291921132801584,0.9081103468601049,0.8291921132801584
71.95168387552258,0.8273031675131273,0.9064113160107601,0.8273031675131273
72.4308892879344,0.8254142217460966,0.9047122851614151,0.8254142217460966
72.91009470034624,0.8235252759790657,0.9030132543120701,0.8235252759790657
73.38930011275806,0.8216363302120347,0.9013142234627253,0.8216363302120347
73.8685055251699,0.8197473844450037,0.8996151926133803,0.8197473844450037
74.34771093758172,0.8178584386779728,0.8979161617640353,0.8178584386779728
74.82691634999355,0.8159694929109419,0.8962171309146904,0.8159694929109419
75.30612176240538,0.8140805471439109,0.8945181000653457,0.8140805471439109
75.78532717481721,0.8121916013768798,0.8928190692160006,0.8121916013768798
76.26453258722904,0.810302655609849,0.8911200383666557,0.810302655609849
76.74373799964087,0.8084137098428182,0.8894210075173107,0.8084137098428182
77.2229434120527,0.8065247640757872,0.8877219766679658,0.8065247640757872
77.70214882446453,0.8046358183087561,0.8860229458186208,0.8046358183087561
78.18135423687636,0.8027468725417252,0.884323914969276,0.8027468725417252
78.66055964928819,0.8008579267746944,0.8826248841199311,0.8008579267746944
79.13976506170002,0.7989689810076634,0.8809258532705861,0.7989689810076634
79.61897047411185,0.7970800352406324,0.8792268224212412,0.7970800352406324
80.09817588652368,0.7951910894736016,0.8775277915718962,0.7951910894736016
80.5773812989355,0.7933021437065708,0.8758287607225514,0.7933021437065708
81.05658671134734,0.7914131979661395,0.8741297298732065,0.7914131979661395
81.53579212375917,0.7895242522509107,0.8724306990238614,0.7895242522509107
82.014997536171,0.7876353065616094,0.8707316681745166,0.7876353065616094
82.49420294858282,0.7857463609034823,0.8690326373251718,0.7857463609034823
82.97340836099465,0.7838574152775075,0.8673336064758267,0.7838574152775075
83.45261377340648,0.7819684696774601,0.8656345756264817,0.7819684696774601
83.93181918581831,0.7800795241033404,0.8639355447771369,0.7800795241033404
84.41102459823014,0.7781905785574119,0.8622365139277921,0.7781905785574119
84.89023001064197,0.7763016330466186,0.8605374830784472,0.7763016330466186
85.3694354230538,0.774412687561753,0.858838452229102,0.774412687561753
85.84864083546563,0.7725237421028147,0.8571394213797573,0.7725237421028147
86.32784624787746,0.7706347966691482,0.8554403905304124,0.7706347966691482
86.80705166028929,0.7687458512387131,0.8537413596810676,0.7687458512387131
87.28625707270112,0.7668569058082781,0.8520423288317224,0.7668569058082781
87.76546248511295,0.7649679603778433,0.8503432979823775,0.7649679603778433
88.24466789752478,0.7630790149474085,0.8486442671330328,0.7630790149474085
88.72387330993661,0.7611900695169733,0.8469452362836878,0.7611900695169733
89.20307872234844,0.7593011240865384,0.8452462054343428,0.7593011240865384
89.68228413476027,0.7574121786561036,0.843547174584998,0.7574121786561036
90.1614895471721,0.7555232332256687,0.8418481437356531,0.7555232332256687
90.64069495958393,0.7536342877952336,0.8401491128863081,0.7536342877952336
91.11990037199575,0.7517453423647986,0.838450082036963,0.7517453423647986
91.59910578440758,0.7498563969343638,0.8367510511876182,0.7498563969343638
92.07831119681941,0.747967451503929,0.8350520203382734,0.747967451503929
92.55751660923124,0.7460785060734939,0.8333529894889284,0.7460785060734939
93.03672202164307,0.7441895606430591,0.8316539586395834,0.7441895606430591
93.5159274340549,0.7423006152126241,0.8299549277902385,0.7423006152126241
93.99513284646673,0.7404116697821892,0.8282558969408937,0.7404116697821892
94.47433825887856,0.7385227243517541,0.8265568660915488,0.7385227243517541
94.95354367129039,0.7366337789213192,0.8248542834108294,0.7366337789213192
95.43274908370222,0.7347448334908844,0.8231391295964868,0.7347448334908844
95.91195449611405,0.7328558880604495,0.8213980791456083,0.7328558880604495
96.39115990852588,0.7309669426300145,0.8196373768660977,0.7309669426300145
96.87036532093771,0.7290779971995796,0.8178570227579551,0.7290779971995796
97.34957073334954,0.7271890517691447,0.8160568270522756,0.7271890517691447
97.82877614576137,0.7253001063387097,0.8142284738183894,0.7253001063387097
98.3079815581732,0.7234111609082745,0.8123804687558709,0.7234111609082745
98.78718697058503,0.7215222154778398,0.8105128118647207,0.7215222154778398
99.26639238299686,0.7196332700474051,0.8086255031449389,0.7196332700474051
99.74559779540868,0.71774432461697,0.8067119182508098,0.71774432461697
100.22480320782051,0.7158553791865349,0.8047766104052834,0.7158553791865349
100.70400862023234,0.7139664337561001,0.8028290603141356,0.7139664337561001
101.18321403264417,0.7120774883256652,0.8008749037907797,0.7120774883256652
101.662419445056,0.7101885428952301,0.7989207472674236,0.7101885428952301
102.14162485746783,0.7082995974647951,0.7969665907440674,0.7082995974647951
102.62083026987966,0.7064106520343604,0.7950124342207113,0.7064106520343604
103.10003568229149,0.7045217066039255,0.7930582776973554,0.7045217066039255
103.57924109470332,0.7026327611734905,0.7911041211739992,0.7026327611734905
104.05844650711515,0.7007438157430554,0.7891499646506429,0.7007438157430554
104.53765191952698,0.6988548703126205,0.7871958081272868,0.6988548703126205
105.01685733193881,0.6969659248821858,0.785241651603931,0.6969659248821858
105.49606274435064,0.6950769794517507,0.7832874950805749,0.6950769794517507
105.97526815676247,0.6931880340213157,0.7813333385572186,0.6931880340213157
106.4544735691743,0.6912990885908809,0.7793791820338626,0.6912990885908809
106.93367898158613,0.689410143160446,0.7774250255105066,0.689410143160446
107.41288439399796,0.6875211977300109,0.7754708689871506,0.6875211977300109
107.89208980640979,0.6856322522995759,0.7735167124637943,0.6856322522995759
108.37129521882161,0.6837433068691412,0.7715625559404383,0.6837433068691412
108.85050063123344,0.6818543614387063,0.7696083994170823,0.6818543614387063
109.32970604364527,0.6799654160082713,0.7676542428937263,0.6799654160082713
109.8089114560571,0.6780764705778364,0.76570008637037,0.6780764705778364
110.28811686846893,0.6761875251474015,0.7637459298470141,0.6761875251474015
110.76732228088076,0.6742985797169667,0.7617917733236581,0.6742985797169667
111.24652769329259,0.6724096342865316,0.759837616800302,0.6724096342865316
111.72573310570442,0.6705206888560966,0.7578834602769456,0.6705206888560966
112.20493851811625,0.6686317434256618,0.7559293037535897,0.6686317434256618
112.68414393052808,0.666742797995227,0.7539751472302337,0.666742797995227
113.16334934293991,0.6648538525647919,0.7520209907068778,0.6648538525647919
113.64255475535174,0.662964907134357,0.7500668341835214,0.662964907134357
114.12176016776357,0.661075961703922,0.7481126776601654,0.661075961703922
114.6009655801754,0.6591895595822297,0.7461585211368095,0.6591895595822297
115.08017099258723,0.6573124120138666,0.7442043646134534,0.6573124120138666
115.55937640499906,0.6554514967358532,0.742250208090097,0.6554514967358532
116.03858181741089,0.6536029634458308,0.7402960515667412,0.6536029634458308
116.51778722982272,0.6517668121437993,0.7383418950433852,0.6517668121437993
116.99699264223455,0.6499432467482191,0.736387738520029,0.6499432467482191
117.47619805464637,0.6481373381584398,0.7344335819966727,0.6481373381584398
117.9554034670582,0.6463438115566512,0.7324794254733168,0.6463438115566512
118.43460887947003,0.6445626669428535,0.7305252689499608,0.6445626669428535
118.91381429188186,0.6427939043170465,0.7285711124266047,0.6427939043170465
119.39301970429369,0.641041781818511,0.7266169559032485,0.641041781818511
119.87222511670552,0.6393032619049561,0.7246627993798924,0.6393032619049561
120.35143052911735,0.6375717577890196,0.7227086428565365,0.6375717577890196
120.83063594152918,0.6358435588769347,0.7207544863331803,0.6358435588769347
121.30984135394101,0.6341153599648498,0.7188003298098241,0.6341153599648498
121.78904676635284,0.6323871610527649,0.716846173286468,0.6323871610527649
122.26825217876467,0.6306589621406798,0.7148920167631121,0.6306589621406798
122.7474575911765,0.6289307632285948,0.7129378602397559,0.6289307632285948
123.22666300358833,0.6272025643165099,0.7109837037163999,0.6272025643165099
123.70586841600016,0.625474365404425,0.7090295471930438,0.625474365404425
124.18507382841199,0.6237461664923399,0.7070753906696878,0.6237461664923399
124.66427924082382,0.6220179675802548,0.7051212341463315,0.6220179675802548
125.14348465323565,0.6202897686681701,0.7031670776229754,0.6202897686681701
125.62269006564748,0.6185615697560852,0.7012129210996194,0.6185615697560852
126.1018954780593,0.616833370844,0.6992587645762633,0.616833370844
126.58110089047113,0.6151051719319149,0.6973046080529071,0.6151051719319149
127.06030630288296,0.6133769730198301,0.695350451529551,0.6133769730198301
127.5395117152948,0.6116487741077452,0.693396295006195,0.6116487741077452
128.01871712770662,0.6099205751956601,0.691442138482839,0.6099205751956601
128.49792254011845,0.6081923762835751,0.6894879819594827,0.6081923762835751
128.97712795253028,0.6064641773714903,0.6875338254361266,0.6064641773714903
129.4563333649421,0.6047359784594054,0.6855796689127707,0.6047359784594054
129.93553877735394,0.6030077795473201,0.6836255123894147,0.6030077795473201
130.41474418976577,0.6012795806352351,0.6816713558660584,0.6012795806352351
130.8939496021776,0.5995513817231503,0.6797319862854831,0.5995513817231503
131.37315501458943,0.5978231828110655,0.6778068496037649,0.5978231828110655
131.85236042700126,0.5960949838989803,0.6758961298804659,0.5960949838989803
132.3315658394131,0.5943667849868954,0.6740036653765897,0.5943667849868954
132.81077125182492,0.5926385860748106,0.6721281587325911,0.5926385860748106
133.28997666423675,0.5909103871627257,0.6702670690470118,0.5909103871627257
133.76918207664858,0.5891821882506404,0.6684203963198518,0.5891821882506404
134.2483874890604,0.5874539893385554,0.6665903201786197,0.5874539893385554
134.72759290147224,0.5857257904264705,0.6647788605307602,0.5857257904264705
135.20679831388406,0.5839975915143856,0.6629818178413199,0.5839975915143856
135.6860037262959,0.5822693926023005,0.6611991921102988,0.5822693926023005
136.16520913870772,0.5805411936902155,0.6594315043317106,0.5805411936902155
136.64441455111955,0.5788129947781306,0.6576644954511764,0.5788129947781306
137.12361996353138,0.5770847958660458,0.6558975040157525,0.5770847958660458
137.6028253759432,0.5753565969539607,0.6541305125803284,0.5753565969539607
138.08203078835504,0.5736283980418757,0.6523635211449041,0.5736283980418757
138.56123620076687,0.5719001991297908,0.6505965297094801,0.5719001991297908
139.0404416131787,0.570172000217706,0.6488295382740561,0.570172000217706
139.51964702559053,0.5684438013056208,0.647062546838632,0.5684438013056208
139.99885243800236,0.5667156023935359,0.6452955554032078,0.5667156023935359
140.4780578504142,0.564987403481451,0.6435285639677837,0.564987403481451
140.95726326282602,0.563259204569366,0.6417615725323598,0.563259204569366
141.43646867523785,0.5615310056572809,0.6399945810969356,0.5615310056572809
141.91567408764968,0.5598028067451959,0.6382275896615114,0.5598028067451959
142.3948795000615,0.558074607833111,0.6364605982260872,0.558074607833111
142.87408491247334,0.556346408921026,0.6346936067906633,0.556346408921026
143.35329032488517,0.5546182100089408,0.6329266153552391,0.5546182100089408
143.832495737297,0.5528900110968561,0.6311596239198148,0.5528900110968561
144.31170114970882,0.5511618121847712,0.6293926324843909,0.5511618121847712
144.79090656212065,0.5494336132726861,0.627625641048967,0.5494336132726861
145.27011197453248,0.547705414360601,0.6258586496135427,0.547705414360601
145.7493173869443,0.5459772154485162,0.6240916581781184,0.5459772154485162
146.22852279935614,0.5442490165364313,0.6223246667426945,0.5442490165364313
146.70772821176797,0.5425208176243463,0.6205576753072704,0.5425208176243463
147.1869336241798,0.5407926187122613,0.6187906838718462,0.5407926187122613
147.66613903659163,0.5390644198001763,0.6170236924364221,0.5390644198001763
148.14534444900346,0.5373362208880915,0.6152567010009982,0.5373362208880915
148.6245498614153,0.5356080219760064,0.6134897095655741,0.5356080219760064
149.10375527382712,0.5338863877887592,0.6117227181301499,0.5338863877887592
149.58296068623895,0.5321780765525037,0.6099557266947258,0.5321780765525037
150.06216609865078,0.5304909267387509,0.6081887352593017,0.5304909267387509
150.5413715110626,0.5288198509786896,0.6064217438238777,0.5288198509786896
151.02057692347444,0.5271640201879033,0.6046547523884533,0.5271640201879033
151.49978233588627,0.5255234343663923,0.6028877609530292,0.5255234343663923
151.9789877482981,0.5239022560733977,0.6011207695176053,0.5239022560733977
152.45819316070992,0.5222989057280807,0.5993537780821814,0.5222989057280807
152.93739857312175,0.5207108003520389,0.597586786646757,0.5207108003520389
153.41660398553358,0.5191379399452721,0.5958197952113329,0.5191379399452721
153.8958093979454,0.5175827331730357,0.594052803775909,0.5175827331730357
154.37501481035724,0.516047108242463,0.5922858123404849,0.516047108242463
154.85422022276907,0.5145156033955748,0.5905188209050606,0.5145156033955748
155.3334256351809,0.5129853190457644,0.5887518294696366,0.5129853190457644
155.81263104759273,0.511455034695954,0.5869848380342125,0.511455034695954
156.29183646000456,0.5099247503461434,0.5852178465987885,0.5099247503461434
156.7710418724164,0.5083944659963329,0.5834508551633643,0.5083944659963329
157.25024728482822,0.5068641816465225,0.5816838637279401,0.5068641816465225
157.72945269724005,0.5053338972967121,0.5799168722925162,0.5053338972967121
158.20865810965188,0.5038036129469015,0.5781498808570921,0.5038036129469015
158.6878635220637,0.5022733285970911,0.5763828894216677,0.5022733285970911
159.16706893447554,0.5007430442472807,0.5746158979862438,0.5007430442472807
159.64627434688737,0.4992127598974703,0.5728489065508198,0.4992127598974703
160.1254797592992,0.49768247554765965,0.5710819151153957,0.49768247554765965
160.60468517171103,0.49615219119784926,0.5693149236799712,0.49615219119784926
161.08389058412286,0.4946219068480388,0.5675479322445474,0.4946219068480388
161.56309599653468,0.49309162249822835,0.5657809408091233,0.49309162249822835
162.0423014089465,0.4915613381484176,0.5640139493736992,0.4915613381484176
162.52150682135834,0.49003105379860734,0.562246957938275,0.49003105379860734
163.00071223377017,0.488500769448797,0.560479966502851,0.488500769448797
163.479917646182,0.4869704850989865,0.558712975067427,0.4869704850989865
163.95912305859383,0.4854402007491759,0.5569459836320029,0.4854402007491759
164.43832847100566,0.4839099163993655,0.5551820449238796,0.4839099163993655
164.9175338834175,0.4823796320495551,0.5534328743699367,0.4823796320495551
165.39673929582932,0.48084934769974463,0.5517052477309141,0.48084934769974463
165.87594470824115,0.47931906334993396,0.5499948963435308,0.47931906334993396
166.35515012065298,0.47778877900012356,0.5483018202077871,0.47778877900012356
166.8343555330648,0.4762584946503132,0.5466274070772004,0.4762584946503132
167.31356094547664,0.4747282103005028,0.544976525334215,0.4747282103005028
167.79276635788847,0.4731979259506922,0.5433429188428691,0.4731979259506922
168.2719717703003,0.47166764160088187,0.5417265876031627,0.47166764160088187
168.75117718271213,0.4701373572510715,0.5401275316150959,0.4701373572510715
169.23038259512396,0.4686070729012609,0.5385527950489841,0.4686070729012609
169.70958800753579,0.46707678855145035,0.5369959334536754,0.46707678855145035
170.18879341994761,0.4655465042016399,0.5354490303695602,0.4655465042016399
170.66799883235944,0.46401621985182956,0.5339063112042044,0.46401621985182956
171.14720424477127,0.46248593550201905,0.5323635920388486,0.46248593550201905
171.6264096571831,0.46095565115220855,0.5308208728734927,0.46095565115220855
172.10561506959493,0.45942536680239815,0.5292781537081367,0.45942536680239815
172.58482048200676,0.4578950824525877,0.5277354345427809,0.4578950824525877
173.0640258944186,0.45636479810277714,0.5261927153774253,0.45636479810277714
173.54323130683042,0.45483451375296663,0.5246499962120693,0.45483451375296663
174.02243671924225,0.45330422940315623,0.5231072770467134,0.45330422940315623
174.50164213165408,0.4517739450533459,0.5215645578813577,0.4517739450533459
174.9808475440659,0.4502436607035353,0.5200218387160018,0.4502436607035353
175.46005295647774,0.44871337635372477,0.5184791195506459,0.44871337635372477
175.93925836888957,0.4471830920039144,0.5169364003852899,0.4471830920039144
176.4184637813014,0.445652807654104,0.5153936812199341,0.445652807654104
176.89766919371323,0.44412252330429347,0.5138509620545784,0.44412252330429347
177.37687460612506,0.44259223895448296,0.5123082428892223,0.44259223895448296
177.8560800185369,0.44106195460467257,0.5107655237238664,0.44106195460467257
178.33528543094872,0.4395316702548622,0.5092228045585108,0.4395316702548622
178.81449084336055,0.43800138590505155,0.5076800853931549,0.43800138590505155
179.29369625577237,0.4364711015552411,0.5061373662277989,0.4364711015552411
179.7729016681842,0.4349408172054307,0.5045946470624431,0.4349408172054307
180.25210708059603,0.43341053285562037,0.5030519278970872,0.43341053285562037
180.73131249300786,0.4318802485058097,0.5015092087317313,0.4318802485058097
181.2105179054197,0.43034996415599924,0.4999664895663754,0.43034996415599924
181.68972331783152,0.4288196798061889,0.4984237704010196,0.4288196798061889
182.16892873024335,0.4272893954563785,0.4968810512356638,0.4272893954563785
182.64813414265518,0.42575911110656783,0.49533833207030786,0.42575911110656783
183.127339555067,0.4242505049638065,0.49379561290495183,0.4242505049638065
183.60654496747884,0.422769388166885,0.49225289373959613,0.422769388166885
184.08575037989067,0.42131958187705776,0.4907101745742404,0.42131958187705776
184.5649557923025,0.4199074168185432,0.48916745540888446,0.4199074168185432
185.04416120471433,0.41853408570032946,0.4876247362435284,0.41853408570032946
185.52336661712616,0.41719206508921003,0.48608201707817267,0.41719206508921003
186.002572029538,0.4158813549851849,0.4845392979128169,0.4158813549851849
186.48177744194982,0.4146046839202275,0.48299657874746105,0.4146046839202275
186.96098285436165,0.41337044898781583,0.48145385958210507,0.41337044898781583
187.44018826677348,0.4121675245624985,0.4799111404167493,0.4121675245624985
187.9193936791853,0.4109959106442755,0.4783684212513935,0.4109959106442755
188.39859909159713,0.40985506966719265,0.47682570208603764,0.40985506966719265
188.87780450400896,0.40873126729805376,0.47528298292068166,0.40873126729805376
189.3570099164208,0.40760746492891486,0.4737402637553259,0.40760746492891486
189.83621532883262,0.4064836625597759,0.47219754458997015,0.4064836625597759
190.31542074124445,0.40535986019063686,0.4706548254246142,0.40535986019063686
190.79462615365628,0.40423605782149796,0.46911210625925814,0.40423605782149796
191.2738315660681,0.40311225545235907,0.4675693870939024,0.40311225545235907
191.75303697847994,0.40198845308322007,0.4660266679285466,0.40198845308322007
192.23224239089177,0.400864650714081,0.46448394876319066,0.400864650714081
192.7114478033036,0.3997408483449421,0.46294122959783474,0.3997408483449421
193.19065321571543,0.3986170459758033,0.461398510432479,0.3986170459758033
193.66985862812726,0.39749324360666427,0.4598557912671232,0.39749324360666427
194.1490640405391,0.3963694412375252,0.4583130721017672,0.3963694412375252
194.62826945295092,0.3952456388683864,0.4567703529364113,0.3952456388683864
195.10747486536275,0.3941218364992474,0.4552276337710555,0.3941218364992474
195.58668027777458,0.39299803413010836,0.4536849146056998,0.39299803413010836
196.0658856901864,0.39187423176096936,0.4521421954403438,0.39187423176096936
196.54509110259824,0.3907504293918305,0.45059947627498786,0.3907504293918305
197.02429651501006,0.38962662702269163,0.4490567571096321,0.38962662702269163
197.5035019274219,0.38850282465355257,0.44751403794427635,0.38850282465355257
197.98270733983372,0.38737902228441357,0.4459713187789202,0.38737902228441357
198.46191275224555,0.3862552199152747,0.4444405022966151,0.3862552199152747
198.94111816465738,0.3851314175461357,0.4429300881738678,0.3851314175461357
199.4203235770692,0.3840076151769967,0.44144926748002694,0.3840076151769967
199.89952898948104,0.3828838128078577,0.4400104559004231,0.3828838128078577
200.37873440189287,0.3817600104387188,0.43860095987366854,0.3817600104387188
200.8579398143047,0.38063620806958,0.4372207793997631,0.38063620806958
201.33714522671653,0.3795124057004409,0.4358699144787067,0.3795124057004409
201.81635063912836,0.3783886033313019,0.4345582417460442,0.3783886033313019
202.2955560515402,0.37726480096216297,0.43327897936813153,0.37726480096216297
202.77476146395202,0.3761409985930241,0.43202903254306796,0.3761409985930241
203.25396687636385,0.375017196223885,0.4308084012708534,0.375017196223885
203.73317228877568,0.37389339385474607,0.42962358950907487,0.37389339385474607
204.2123777011875,0.3727695914856072,0.4284579656459201,0.3727695914856072
204.69158311359934,0.3716457891164683,0.4272958293932162,0.3716457891164683
205.17078852601117,0.3705219867473292,0.42613369314051225,0.3705219867473292
205.649993938423,0.3693981843781903,0.42497155688780813,0.3693981843781903
206.12919935083482,0.36827438200905144,0.4238094206351042,0.36827438200905144
206.60840476324665,0.36715057963991254,0.42264728438240023,0.36715057963991254
207.08761017565848,0.3660267772707734,0.4214851481296962,0.3660267772707734
207.5668155880703,0.3649029749016344,0.42032301187699206,0.3649029749016344
208.04602100048214,0.36377917253249553,0.4191608756242881,0.36377917253249553
208.52522641289397,0.3626553701633566,0.41799873937158416,0.3626553701633566
209.0044318253058,0.3615315677942175,0.4168366031188801,0.3615315677942175
209.48363723771763,0.36040776542507863,0.41567446686617604,0.36040776542507863
209.96284265012946,0.3592839630559398,0.4145123306134721,0.3592839630559398
210.4420480625413,0.35816016068680084,0.41335019436076814,0.35816016068680084
210.92125347495312,0.3570363583176617,0.41218805810806414,0.3570363583176617
211.40045888736495,0.35591255594852284,0.41102592185535997,0.35591255594852284
211.87966429977678,0.35478875357938394,0.40986378560265607,0.35478875357938394
212.3588697121886,0.35366495121024494,0.4087016493499522,0.35366495121024494
212.83807512460044,0.3525411488411059,0.4075395130972481,0.3525411488411059
213.31728053701227,0.351417346471967,0.406377376844544,0.351417346471967
213.7964859494241,0.3502935441028281,0.40521524059184005,0.3502935441028281
214.27569136183592,0.34916974173368914,0.4040531043391361,0.34916974173368914
214.75489677424775,0.3480459393645501,0.40289096808643204,0.3480459393645501
215.23410218665958,0.34692213699541113,0.40172883183372793,0.34692213699541113
215.7133075990714,0.34579833462627224,0.400566695581024,0.34579833462627224
216.19251301148324,0.34467453225713324,0.39940455932832003,0.34467453225713324
216.67171842389507,0.34355281535582066,0.39824242307561597,0.34355281535582066
217.1509238363069,0.34243868149628104,0.3970802868229119,0.34243868149628104
217.63012924871873,0.34134869609942825,0.39591815057020796,0.34134869609942825
218.10933466113056,0.3402771286479462,0.39475601431750407,0.3402771286479462
218.5885400735424,0.3392239791418349,0.3935938780648,0.3392239791418349
219.06774548595422,0.33818954763153813,0.39243174181209595,0.33818954763153813
219.54695089836605,0.3371813835205453,0.39126960555939194,0.3371813835205453
220.02615631077788,0.3361916373549231,0.390107469306688,0.3361916373549231
220.5053617231897,0.3352203091346717,0.38894533305398393,0.3352203091346717
220.98456713560154,0.33426739885979123,0.3877831968012799,0.33426739885979123
221.46377254801337,0.3333392371484848,0.3866210605485759,0.3333392371484848
221.9429779604252,0.3324313122687225,0.38545892429587203,0.3324313122687225
222.42218337283703,0.3315374064763354,0.3842967880431679,0.3315374064763354
222.90138878524886,0.330652711154925,0.3831346517904639,0.330652711154925
223.38059419766068,0.3297680158335146,0.38197251553776,0.3297680158335146
223.8597996100725,0.32888332051210406,0.380810379285056,0.32888332051210406
224.33900502248434,0.3279986251906936,0.3796482430323519,0.3279986251906936
224.81821043489617,0.3271139298692832,0.3784861067796479,0.3271139298692832
225.297415847308,0.3262292345478729,0.37732397052694394,0.3262292345478729
225.77662125971983,0.3253445392264623,0.37616183427423994,0.3253445392264623
226.25582667213166,0.32445984390505184,0.3749996980215359,0.32445984390505184
226.7350320845435,0.32357514858364145,0.37383756176883187,0.32357514858364145
227.21423749695532,0.322690453262231,0.3726754255161279,0.322690453262231
227.69344290936715,0.32180575794082045,0.371513289263424,0.32180575794082045
228.17264832177898,0.32092106261941,0.3703511530107198,0.32092106261941
228.6518537341908,0.32003636729799956,0.36918901675801585,0.32003636729799956
229.13105914660264,0.31915167197658917,0.3680268805053119,0.31915167197658917
229.61026455901447,0.31826697665517856,0.3668647442526079,0.31826697665517856
230.0894699714263,0.3173822813337681,0.36570260799990373,0.3173822813337681
230.56867538383813,0.3164975860123577,0.36454047174719983,0.3164975860123577
231.04788079624996,0.31561289069094733,0.3633783354944959,0.31561289069094733
231.52708620866179,0.3147281953695368,0.3622161992417919,0.3147281953695368
232.00629162107361,0.31384350004812633,0.36105434448719825,0.31384350004812633
232.48549703348544,0.31295880472671594,0.359898824267013,0.31295880472671594
232.96470244589727,0.3120741094053055,0.35876622516995144,0.3120741094053055
233.4439078583091,0.31118941408389494,0.35765522177495185,0.31118941408389494
233.92311327072093,0.3103047187624845,0.3565658140820142,0.3103047187624845
234.40231868313276,0.3094200234410741,0.3555037477272433,0.3094200234410741
234.8815240955446,0.30853532811966367,0.3544670870248392,0.30853532811966367
235.36072950795642,0.30765063279825305,0.353452022024497,0.30765063279825305
235.83993492036825,0.30676593747684266,0.35245855272621673,0.30676593747684266
236.31914033278008,0.3058812421554323,0.3514899402368602,0.3058812421554323
236.7983457451919,0.3049965468340218,0.3505492179291134,0.3049965468340218
237.27755115760374,0.3041118515126113,0.34963009132342865,0.3041118515126113
237.75675657001557,0.3032271561912009,0.34873069589957273,0.3032271561912009
238.2359619824274,0.30234246086979044,0.3478489212431119,0.30234246086979044
238.71516739483923,0.30145776554838,0.34696714658665095,0.30145776554838
239.19437280725106,0.3005730702269695,0.3460853719301899,0.3005730702269695
239.6735782196629,0.29968837490555905,0.34520359727372885,0.29968837490555905
240.15278363207472,0.29880367958414866,0.34432182261726796,0.29880367958414866
240.63198904448655,0.29791898426273816,0.34344004796080696,0.29791898426273816
241.11119445689837,0.2970342889413276,0.34255827330434596,0.2970342889413276
241.5903998693102,0.29614959361991716,0.341676498647885,0.29614959361991716
242.06960528172203,0.2952648982985067,0.3407947239914241,0.2952648982985067
242.54881069413386,0.2943802029770963,0.33991294933496313,0.2943802029770963
243.0280161065457,0.2934955076556858,0.339031174678502,0.2934955076556858
243.50722151895752,0.2926108123342754,0.338149400022041,0.2926108123342754
243.98642693136935,0.29172611701286505,0.33726762536558014,0.29172611701286505
244.46563234378118,0.2908414216914545,0.33638585070911925,0.2908414216914545
244.944837756193,0.289956726370044,0.3355040760526582,0.289956726370044
245.42404316860484,0.2890720310486336,0.3346223013961972,0.2890720310486336
245.90324858101667,0.28818733572722316,0.33374052673973625,0.28818733572722316
246.3824539934285,0.2873026404058126,0.33285875208327526,0.2873026404058126
246.86165940584033,0.2864179450844021,0.3319769774268142,0.2864179450844021
247.34086481825216,0.2855332497629917,0.33109520277035326,0.2855332497629917
247.820070230664,0.28464855444158127,0.33021342811389237,0.28464855444158127
248.29927564307582,0.28376385912017077,0.32933165345743154,0.28376385912017077
248.77848105548765,0.28287916379876027,0.3284498788009704,0.28287916379876027
249.25768646789948,0.2819944684773499,0.3275681041445094,0.2819944684773499
249.7368918803113,0.28110977315593955,0.32668632948804843,0.28110977315593955
250.21609729272313,0.28022507783452894,0.3258045548315875,0.28022507783452894
250.69530270513496,0.279342135052611,0.32492278017512644,0.279342135052611
251.1745081175468,0.27846836945682335,0.3240410055186655,0.27846836945682335
251.65371352995862,0.27761118000708596,0.32315923086220455,0.27761118000708596
252.13291894237045,0.276776996829352,0.32227745620574355,0.276776996829352
252.61212435478228,0.2759602942235377,0.3213956815492825,0.2759602942235377
253.0913297671941,0.2751601677637737,0.3205139068928216,0.2751601677637737
253.57053517960594,0.27437661745006,0.31963213223636067,0.27437661745006
254.04974059201777,0.27361416636594454,0.3187503575798997,0.27361416636594454
254.5289460044296,0.272871102896154,0.31786858292343867,0.272871102896154
255.00815141684143,0.27214461557241376,0.3169868082669777,0.27214461557241376
255.48735682925326,0.27143470439472367,0.3161050336105168,0.27143470439472367
255.9665622416651,0.2707439854042269,0.3152232589540558,0.2707439854042269
256.4457676540769,0.2700721647140744,0.31434148429759473,0.2700721647140744
256.92497306648875,0.2694026656735199,0.3134597096411338,0.2694026656735199
257.4041784789006,0.2687331666329653,0.3125779349846729,0.2687331666329653
257.8833838913124,0.26806366759241057,0.3116961603282119,0.26806366759241057
258.36258930372423,0.267394168551856,0.31081438567175085,0.267394168551856
258.84179471613606,0.26672466951130147,0.30993261101528996,0.26672466951130147
259.3210001285479,0.26605517047074684,0.309050836358829,0.26605517047074684
259.8002055409597,0.2653856714301922,0.30816906170236796,0.2653856714301922
260.27941095337155,0.2647161723896376,0.3072872870459069,0.2647161723896376
260.7586163657834,0.26404667334908305,0.306405512389446,0.26404667334908305
261.2378217781952,0.2633771743085284,0.3055237377329851,0.2633771743085284
261.71702719060704,0.2627076752679738,0.3046419630765241,0.2627076752679738
262.19623260301887,0.26203817622741926,0.3037601884200631,0.26203817622741926
262.6754380154307,0.2613686771868647,0.30287841376360214,0.2613686771868647
263.15464342784253,0.2606991781463101,0.3019966391071412,0.2606991781463101
263.63384884025436,0.2600296791057554,0.30111486445068014,0.2600296791057554
264.1130542526662,0.25936018006520084,0.30023308979421914,0.25936018006520084
264.592259665078,0.2586906810246463,0.29935131513775826,0.2586906810246463
265.07146507748985,0.2580211819840917,0.2984695404812973,0.2580211819840917
265.5506704899017,0.25735168294353705,0.29758776582483626,0.25735168294353705
266.0298759023135,0.2566821839029825,0.29670599116837526,0.2566821839029825
266.50908131472534,0.2560126848624279,0.2958242165119143,0.2560126848624279
266.98828672713717,0.25534318582187326,0.29494244185545343,0.25534318582187326
267.467492139549,0.25467368678131863,0.2940606671989924,0.25467368678131863
267.9466975519608,0.2540041877407641,0.2931788925425314,0.2540041877407641
268.42590296437265,0.25333468870020953,0.2922971178860705,0.25333468870020953
268.9051083767845,0.2526651896596549,0.2914153432296095,0.2526651896596549
269.3843137891963,0.25199569061910027,0.29053356857314844,0.25199569061910027
269.86351920160814,0.25132619157854574,0.28965179391668744,0.25132619157854574
270.34272461401997,0.2506566925379912,0.28877001926022655,0.2506566925379912
270.8219300264318,0.24998719349743656,0.28788824460376566,0.24998719349743656
271.30113543884363,0.24931769445688193,0.2870064699473046,0.24931769445688193
271.78034085125546,0.24864819541632735,0.28612469529084367,0.24864819541632735
272.2595462636673,0.2479786963757728,0.2852429206343827,0.2479786963757728
272.7387516760791,0.24730919733521814,0.2843611459779217,0.24730919733521814
273.21795708849095,0.24663969829466353,0.2834793713214606,0.24663969829466353
273.6971625009028,0.24597019925410898,0.28259759666499973,0.24597019925410898
274.1763679133146,0.2453007002135544,0.2817158220085388,0.2453007002135544
274.65557332572644,0.24463120117299975,0.2808340473520778,0.24463120117299975
275.13477873813827,0.24396170213244517,0.27995227269561673,0.24396170213244517
275.6139841505501,0.24329220309189062,0.2790704980391558,0.24329220309189062
276.0931895629619,0.24262270405133604,0.27818872338269485,0.24262270405133604
276.57239497537375,0.24195320501078138,0.2773069487262339,0.24195320501078138
277.0516003877856,0.2412837059702268,0.27642517406977285,0.2412837059702268
277.5308058001974,0.24061420692967225,0.2755433994133119,0.24061420692967225
278.01001121260924,0.23994470788911765,0.27466162475685096,0.23994470788911765
278.4892166250211,0.23927520884856296,0.27377985010038997,0.23927520884856296
278.9684220374329,0.23860570980800838,0.2728980754439289,0.23860570980800838
279.44762744984473,0.23793621076745383,0.272016300787468,0.23793621076745383
279.92683286225656,0.23726671172689925,0.2711345261310071,0.23726671172689925
280.4060382746684,0.23659721268634457,0.2702527514745461,0.23659721268634457
280.8852436870802,0.23592771364579002,0.2693709768180851,0.23592771364579002
281.36444909949205,0.23525821460523547,0.26848920216162414,0.23525821460523547
281.8436545119039,0.23458871556468086,0.2676074275051632,0.23458871556468086
282.3228599243157,0.2339192165241262,0.26672565284870214,0.2339192165241262
282.80206533672754,0.23324971748357168,0.26584387819224115,0.23324971748357168
283.28127074913937,0.23258021844301713,0.26496210353578026,0.23258021844301713
283.7604761615512,0.23191071940246252,0.26408032887931937,0.23191071940246252
284.239681573963,0.2312412203619078,0.2631985542228583,0.2312412203619078
284.71888698637486,0.23057172132135328,0.26231677956639726,0.23057172132135328
285.1980923987867,0.22991471687513312,0.26143500490993626,0.22991471687513312
285.6772978111985,0.22927003733521448,0.26055323025347543,0.22927003733521448
286.15650322361034,0.22863825035060062,0.259681297886145,0.22863825035060062
286.6357086360222,0.22802196039701744,0.2588250550617846,0.22802196039701744
287.114914048434,0.22742166317322113,0.2579896193791689,0.22742166317322113
287.59411946084583,0.22683425850472963,0.2571827343511099,0.22683425850472963
288.07332487325766,0.22625974639154298,0.256398119619139,0.22625974639154298
288.5525302856695,0.22569924805449762,0.2556343120289128,0.22569924805449762
289.0317356980813,0.22515622570212848,0.25489131158043127,0.22515622570212848
289.51094111049315,0.22462609590506413,0.25417446797907267,0.22462609590506413
289.990146522905,0.22410885866330463,0.2534822884812359,0.22410885866330463
290.4693519353168,0.22360420221721297,0.25281091612514384,0.22360420221721297
290.94855734772864,0.22310207802627174,0.25216035091079647,0.22310207802627174
291.42776276014047,0.22259995383533046,0.25153354873613853,0.22259995383533046
291.9069681725523,0.22209782964438918,0.2509204061409941,0.22209782964438918
292.3861735849641,0.22159570545344795,0.25030875576463474,0.22159570545344795
292.86537899737596,0.22109358126250675,0.24969710538827544,0.22109358126250675
293.3445844097878,0.22059145707156547,0.24908545501191615,0.22059145707156547
293.8237898221996,0.22008933288062418,0.24847380463555674,0.22008933288062418
294.30299523461144,0.21958720868968293,0.2478621542591974,0.21958720868968293
294.7822006470233,0.21908508449874167,0.2472505038828381,0.21908508449874167
295.2614060594351,0.2185829603078004,0.24663885350647885,0.2185829603078004
295.74061147184693,0.2180808361168591,0.24602720313011942,0.2180808361168591
296.21981688425876,0.2175787119259179,0.2454155527537601,0.2175787119259179
296.6990222966706,0.2170765877349767,0.2448039023774008,0.2170765877349767
297.1782277090824,0.2165744635440354,0.2441922520010415,0.2165744635440354
297.65743312149425,0.21607233935309417,0.2435806016246821,0.21607233935309417
298.1366385339061,0.21557021516215294,0.2429689512483228,0.21557021516215294
298.6158439463179,0.2150680909712117,0.2423573008719635,0.2150680909712117
299.09504935872974,0.2145659667802704,0.2417456504956042,0.2145659667802704
299.57425477114157,0.21406384258932915,0.2411340001192448,0.21406384258932915
300.0534601835534,0.21356171839838792,0.2405223497428855,0.21356171839838792
300.5326655959652,0.21305959420744666,0.23991069936652618,0.21305959420744666
301.01187100837706,0.21255747001650538,0.23929904899016682,0.21255747001650538
301.4910764207889,0.21205534582556412,0.23868739861380744,0.21205534582556412
301.9702818332007,0.2115532216346229,0.23807574823744815,0.2115532216346229
302.44948724561254,0.2110510974436817,0.23746409786108885,0.2110510974436817
302.9286926580244,0.21054897325274036,0.23685244748472953,0.21054897325274036
303.4078980704362,0.2100468490617991,0.23624079710837015,0.2100468490617991
303.88710348284803,0.20954472487085787,0.23562914673201085,0.20954472487085787
304.36630889525986,0.20904260067991665,0.23501749635565158,0.20904260067991665
304.8455143076717,0.20854047648897533,0.23440584597929223,0.20854047648897533
305.3247197200835,0.20803835229803408,0.23379419560293285,0.20803835229803408
305.80392513249535,0.20753622810709285,0.23318254522657353,0.20753622810709285
306.2831305449072,0.20703410391615162,0.2325708948502142,0.20703410391615162
306.762335957319,0.20653197972521034,0.23195924447385483,0.20653197972521034
307.24154136973084,0.20602985553426914,0.23134759409749547,0.20602985553426914
307.72074678214267,0.20552773134332789,0.23073594372113623,0.20552773134332789
308.1999521945545,0.20502560715238663,0.2301242933447769,0.20502560715238663
308.6791576069663,0.20452348296144532,0.22951264296841753,0.20452348296144532
309.15836301937816,0.2040213587705041,0.22890099259205815,0.2040213587705041
309.63756843179,0.20351923457956286,0.22828934221569888,0.20351923457956286
310.1167738442018,0.2030171103886216,0.22767769183933959,0.2030171103886216
310.59597925661365,0.2025149861976803,0.22706604146298023,0.2025149861976803
311.0751846690255,0.20201286200673907,0.22645439108662085,0.20201286200673907
311.5543900814373,0.20151073781579787,0.22584274071026156,0.20151073781579787
312.03359549384913,0.2010086136248566,0.22523109033390226,0.2010086136248566
312.51280090626096,0.2005064894339153,0.2246194399575429,0.2005064894339153
312.9920063186728,0.2000043652429741,0.22400778958118356,0.2000043652429741
313.4712117310846,0.19950224105203285,0.22339613920482426,0.19950224105203285
313.95041714349645,0.19900011686109154,0.222784488828465,0.19900011686109154
314.4296225559083,0.19849799267015025,0.22217283845210556,0.19849799267015025
314.9088279683201,0.19799586847920903,0.2215611880757462,0.19799586847920903
315.38803338073194,0.19749374428826783,0.22094953769938694,0.19749374428826783
315.86723879314377,0.19699162009732654,0.22033788732302764,0.19699162009732654
316.3464442055556,0.1964894959063853,0.21972623694666824,0.1964894959063853
316.82564961796743,0.1959873717154441,0.2191145865703089,0.1959873717154441
317.30485503037926,0.19548524752450283,0.21850293619394962,0.19548524752450283
317.7840604427911,0.19498312333356155,0.21789128581759032,0.19498312333356155
318.2632658552029,0.19448099914262026,0.2172796354412309,0.19448099914262026
318.74247126761475,0.19398016848242725,0.2166679850648716,0.19398016848242725
319.2216766800266,0.1934840378499395,0.2160563346885123,0.1934840378499395
319.7008820924384,0.19299684335675477,0.21544502658906242,0.19299684335675477
320.18008750485023,0.19251646350087515,0.21483687352919276,0.19251646350087515
320.65929291726206,0.19204289828230067,0.21424007096659603,0.19204289828230067
321.1384983296739,0.19157625750829171,0.21365321474711393,0.19157625750829171
321.6177037420857,0.1911193368798485,0.21307630487074639,0.1911193368798485
322.09690915449755,0.19066923088871043,0.21251119390361017,0.19066923088871043
322.5761145669094,0.19022593953487751,0.21195857773460172,0.19022593953487751
323.0553199793212,0.18978946281834963,0.2114159079087079,0.18978946281834963
323.53452539173304,0.18936214185564557,0.21088318442592865,0.18936214185564557
324.01373080414487,0.18894230972924903,0.21036111555152587,0.18894230972924903
324.4929362165567,0.18852656462703477,0.2098526857761057,0.18852656462703477
324.97214162896853,0.18811291001152983,0.20935420234380012,0.18811291001152983
325.45134704138036,0.1876992553960248,0.20886448617265715,0.1876992553960248
325.9305524537922,0.18728560078051984,0.2083819620744981,0.18728560078051984
326.409757866204,0.18687194616501487,0.2078994379763391,0.18687194616501487
326.88896327861585,0.1864582915495099,0.20741691387818015,0.1864582915495099
327.3681686910277,0.1860446369340049,0.20693438978002113,0.1860446369340049
327.8473741034395,0.18563098231849995,0.20645186568186208,0.18563098231849995
328.32657951585134,0.18521732770299498,0.20596934158370314,0.18521732770299498
328.80578492826317,0.18480367308749,0.20548681748554415,0.18480367308749
329.284990340675,0.18439001847198497,0.20500429338738516,0.18439001847198497
329.7641957530868,0.18397636385648006,0.20452176928922614,0.18397636385648006
330.24340116549865,0.1835627092409751,0.20403924519106717,0.1835627092409751
330.7226065779105,0.18314905462547013,0.2035567210929082,0.18314905462547013
331.2018119903223,0.18273540000996513,0.20307419699474918,0.18273540000996513
331.68101740273414,0.18232174539446014,0.20259167289659016,0.18232174539446014
332.16022281514597,0.18190809077895517,0.2021091487984312,0.18190809077895517
332.6394282275578,0.18149443616345018,0.20162662470027223,0.18149443616345018
333.11863363996963,0.18108078154794516,0.2011441006021132,0.18108078154794516
333.59783905238146,0.18066712693244022,0.2006615765039542,0.18066712693244022
334.0770444647933,0.18025347231693525,0.20017905240579525,0.18025347231693525
334.5562498772051,0.1798398177014303,0.19969652830763632,0.1798398177014303
335.03545528961695,0.1794261630859253,0.19921400420947727,0.1794261630859253
335.5146607020288,0.17901250847042036,0.19873148011131825,0.17901250847042036
335.9938661144406,0.1785988538549154,0.19824895601315928,0.1785988538549154
336.47307152685244,0.17818519923941037,0.19776643191500035,0.17818519923941037
336.95227693926427,0.17777154462390538,0.1972839078168413,0.17777154462390538
337.4314823516761,0.1773578900084004,0.19680138371868228,0.1773578900084004
337.9106877640879,0.17694423539289547,0.1963188596205233,0.17694423539289547
338.38989317649975,0.17653058077739048,0.19583633552236435,0.17653058077739048
338.8690985889116,0.17611692616188548,0.1953538114242053,0.17611692616188548
339.3483040013234,0.17570327154638057,0.19487128732604628,0.17570327154638057
339.82750941373524,0.17528961693087558,0.19438876322788734,0.17528961693087558
340.3067148261471,0.17487596231537056,0.19390623912972835,0.17487596231537056
340.7859202385589,0.17446230769986557,0.19342371503156933,0.17446230769986557
341.26512565097073,0.17404865308436063,0.19294119093341033,0.17404865308436063
341.74433106338256,0.17363499846885566,0.19245866683525137,0.17363499846885566
342.2235364757944,0.17322134385335067,0.19197614273709238,0.17322134385335067
342.7027418882062,0.17280768923784567,0.19149361863893333,0.17280768923784567
343.18194730061805,0.17239403462234074,0.19101109454077436,0.17239403462234074
343.6611527130299,0.1719803800068358,0.1905285704426154,0.1719803800068358
344.1403581254417,0.17156672539133075,0.1900460463444564,0.17156672539133075
344.61956353785354,0.17115307077582578,0.18956352224629736,0.17115307077582578
345.09876895026537,0.17073941616032082,0.1890809981481384,0.17073941616032082
345.5779743626772,0.17032576154481588,0.18859847404997943,0.17032576154481588
346.057179775089,0.16991210692931086,0.18811594995182046,0.16991210692931086
346.53638518750085,0.1694984523138059,0.18763342585366138,0.1694984523138059
347.0155905999127,0.16908479769830095,0.18715090175550242,0.16908479769830095
347.4947960123245,0.168671143082796,0.18666837765734348,0.168671143082796
347.97400142473634,0.16825748846729094,0.1861858535591845,0.16825748846729094
348.4532068371482,0.16784383385178595,0.1857033294610254,0.16784383385178595
348.93241224956,0.16743017923628098,0.18522080536286648,0.16743017923628098
349.41161766197183,0.167016524620776,0.1847382812647075,0.167016524620776
349.89082307438366,0.166602870005271,0.18425575716654852,0.166602870005271
350.3700284867955,0.16618921538976605,0.18377323306838944,0.16618921538976605
350.8492338992073,0.16577556077426112,0.18329070897023048,0.16577556077426112
351.32843931161915,0.16536190615875618,0.18280818487207154,0.16536190615875618
351.807644724031,0.16494825154325113,0.18232566077391252,0.16494825154325113
352.2868501364428,0.16453459692774616,0.18184313667575347,0.16453459692774616
352.76605554885464,0.16412323677383203,0.1813606125775945,0.16412323677383203
353.24526096126647,0.16371649262086402,0.18087808847943554,0.16371649262086402
353.7244663736783,0.1633165631026399,0.18039556438127652,0.1633165631026399
354.2036717860901,0.1629260905028286,0.17991575881609767,0.1629260905028286
354.68287719850196,0.1625428055684803,0.1794452241353317,0.1625428055684803
355.1620826109138,0.1621663352688759,0.17898580484320978,0.1621663352688759
355.6412880233256,0.16179667960401536,0.17853476141689853,0.16179667960401536
356.12049343573744,0.16143569685159956,0.17809209385639796,0.16143569685159956
356.5996988481493,0.1610826857706148,0.17765780513947965,0.1610826857706148
357.0789042605611,0.16073648932437395,0.17723559543273915,0.16073648932437395
357.55810967297293,0.160397107512877,0.17682176159180932,0.160397107512877
358.03731508538476,0.16006561460785668,0.17641630361669022,0.16006561460785668
358.5165204977966,0.15973974017946616,0.1760192215073819,0.15973974017946616
358.9957259102084,0.15941455510614758,0.1756332607422605,0.15941455510614758
359.47493132262025,0.159089370032829,0.17525663648671203,0.159089370032829
359.9541367350321,0.15876418495951047,0.17488280084880622,0.15876418495951047
360.4333421474439,0.15843899988619192,0.1745090146421903,0.15843899988619192
360.91254755985574,0.15811381481287334,0.17413522843557439,0.15811381481287334
361.39175297226757,0.1577886297395548,0.1737614422289584,0.1577886297395548
361.8709583846794,0.15746344466623624,0.17338765602234243,0.15746344466623624
362.3501637970912,0.15713825959291772,0.17301386981572653,0.15713825959291772
362.82936920950306,0.15681307451959914,0.17264008360911062,0.15681307451959914
363.3085746219149,0.15648788944628056,0.17226629740249466,0.15648788944628056
363.7877800343267,0.15616270437296204,0.17189251119587876,0.15616270437296204
364.26698544673854,0.15583751929964348,0.17151872498926285,0.15583751929964348
364.7461908591504,0.15551233422632493,0.17114493878264692,0.15551233422632493
365.2253962715622,0.15518714915300635,0.17077115257603093,0.15518714915300635
365.70460168397403,0.15486196407968783,0.170397366369415,0.15486196407968783
366.18380709638586,0.1545367790063693,0.17002358016279906,0.1545367790063693
366.6630125087977,0.1542115939330507,0.16964979395618315,0.1542115939330507
367.1422179212095,0.15388640885973215,0.1692760077495672,0.15388640885973215
367.62142333362135,0.15356122378641363,0.16890222154295123,0.15356122378641363
368.1006287460332,0.15323603871309507,0.16852843533633532,0.15323603871309507
368.579834158445,0.1529108536397765,0.16815464912971942,0.1529108536397765
369.05903957085684,0.15258566856645794,0.1677808629231034,0.15258566856645794
369.53824498326867,0.15226048349313942,0.16740707671648747,0.15226048349313942
370.0174503956805,0.1519352984198209,0.16703329050987156,0.1519352984198209
370.4966558080923,0.15161011334650226,0.16665950430325563,0.15161011334650226
370.97586122050416,0.15128492827318374,0.16628571809663964,0.15128492827318374
371.455066632916,0.1509597431998652,0.16591193189002373,0.1509597431998652
371.9342720453278,0.15063455812654664,0.16553814568340783,0.15063455812654664
372.41347745773965,0.15030937305322806,0.1651643594767919,0.15030937305322806
372.8926828701515,0.1499841879799095,0.16479057327017593,0.1499841879799095
373.3718882825633,0.14965900290659098,0.16441678706356003,0.14965900290659098
373.85109369497513,0.14933381783327243,0.1640430008569441,0.14933381783327243
374.33029910738696,0.14900863275995388,0.16366921465032813,0.14900863275995388
374.8095045197988,0.1486834476866353,0.16329542844371217,0.1486834476866353
375.2887099322106,0.14835826261331675,0.16292164223709624,0.14835826261331675
375.76791534462245,0.1480330775399982,0.16254785603048033,0.1480330775399982
376.2471207570343,0.1477078924666797,0.1621740698238644,0.1477078924666797
376.7263261694461,0.14738270739336107,0.16180028361724844,0.14738270739336107
377.20553158185794,0.14705752232004254,0.16142649741063253,0.14705752232004254
377.68473699426977,0.146732337246724,0.1610527112040166,0.146732337246724
378.1639424066816,0.14640715217340544,0.16067892499740066,0.14640715217340544
378.64314781909343,0.14608196710008686,0.16030513879078467,0.14608196710008686
379.12235323150526,0.14575678202676834,0.15993135258416874,0.14575678202676834
379.6015586439171,0.14543159695344982,0.15955756637755283,0.14543159695344982
380.0807640563289,0.14510641188013126,0.15918378017093687,0.14510641188013126
380.55996946874075,0.14478122680681263,0.1588099939643209,0.14478122680681263
381.0391748811526,0.1444560417334941,0.15843620775770498,0.1444560417334941
381.5183802935644,0.14413085666017558,0.1580624215510891,0.14413085666017558
381.99758570597623,0.143805671586857,0.15768863534447314,0.143805671586857
382.47679111838806,0.14348048651353842,0.1573148491378572,0.14348048651353842
382.9559965307999,0.1431553014402199,0.1569410629312413,0.1431553014402199
383.4352019432117,0.14283011636690135,0.15656727672462536,0.14283011636690135
383.91440735562355,0.1425049312935828,0.15619349051800938,0.1425049312935828
384.3936127680354,0.1421797462202642,0.15581970431139341,0.1421797462202642
384.8728181804472,0.14185456114694567,0.1554459181047775,0.14185456114694567
385.35202359285904,0.14152937607362714,0.1550721318981616,0.14152937607362714
385.83122900527087,0.1412041910003086,0.15469834569154564,0.1412041910003086
386.3104344176827,0.14087908009317315,0.1543245594849297,0.14087908009317315
386.78963983009453,0.14055474684425742,0.1539507732783138,0.14055474684425742
387.26884524250636,0.14023663292123298,0.15357698707169787,0.14023663292123298
387.7480506549182,0.13992404437667275,0.15320320086508188,0.13992404437667275
388.22725606733,0.13961698121057678,0.15283312045123743,0.13961698121057678
388.70646147974185,0.1393165586441608,0.15246761438390224,0.1393165586441608
389.1856668921537,0.13902299108402907,0.15210734323283778,0.13902299108402907
389.6648723045655,0.13873494890236157,0.15175425427554842,0.13873494890236157
390.14407771697734,0.1384524320991583,0.15140676928342348,0.1384524320991583
390.62328312938916,0.13817592021524203,0.1510645192075693,0.13817592021524203
391.102488541801,0.13790689901800304,0.15072750404798582,0.13790689901800304
391.5816939542128,0.13764340319922827,0.1503970688187029,0.13764340319922827
392.06089936662465,0.13738515477619195,0.15007283981805897,0.13738515477619195
392.5401047790365,0.13713170175037265,0.14975384573368578,0.13713170175037265
393.0193101914483,0.13687824872455331,0.1494400865655833,0.13687824872455331
393.49851560386014,0.13662479569873398,0.1491323050643068,0.13662479569873398
393.97772101627197,0.13637134267291467,0.14882628759979172,0.13637134267291467
394.4569264286838,0.13611788964709534,0.14852046257719503,0.13611788964709534
394.93613184109563,0.135864436621276,0.14821463755459838,0.135864436621276
395.41533725350746,0.13561098359545667,0.1479088125320017,0.13561098359545667
395.8945426659193,0.1353575305696373,0.147602987509405,0.1353575305696373
396.3737480783311,0.13510407754381798,0.14729716248680835,0.13510407754381798
396.85295349074295,0.1348506245179987,0.1469913374642117,0.1348506245179987
397.3321589031548,0.13459717149217934,0.14668551244161507,0.13459717149217934
397.8113643155666,0.13434371846635998,0.14637968741901836,0.13434371846635998
398.29056972797844,0.13409026544054067,0.14607386239642167,0.13409026544054067
398.76977514039027,0.1338368124147214,0.14576803737382502,0.1338368124147214
399.2489805528021,0.133583359388902,0.14546221235122836,0.133583359388902
399.7281859652139,0.13332990636308267,0.14515638732863165,0.13332990636308267
400.20739137762575,0.1330764533372634,0.144850562306035,0.1330764533372634
400.6865967900376,0.13282300031144406,0.14454473728343833,0.13282300031144406
401.1658022024494,0.1325695472856247,0.14423891226084168,0.1325695472856247
401.64500761486124,0.13231609425980537,0.14393308723824497,0.13231609425980537
402.1242130272731,0.13206264123398606,0.1436272622156483,0.13206264123398606
402.6034184396849,0.1318091882081667,0.14332143719305168,0.1318091882081667
403.08262385209673,0.13155573518234737,0.143015612170455,0.13155573518234737
403.56182926450856,0.13130228215652803,0.14270978714785829,0.13130228215652803
404.0410346769204,0.13104882913070873,0.14240396212526163,0.13104882913070873
404.5202400893322,0.1307953761048894,0.142098137102665,0.1307953761048894
404.99944550174405,0.13054192307907003,0.14179231208006832,0.13054192307907003
405.4786509141559,0.13028847005325073,0.14148648705747163,0.13028847005325073
405.9578563265677,0.1300350170274314,0.141180662034875,0.1300350170274314
406.43706173897954,0.12978156400161206,0.14087483701227835,0.12978156400161206
406.91626715139137,0.12952811097579275,0.14056901198968166,0.12952811097579275
407.3954725638032,0.1292746579499734,0.14026318696708495,0.1292746579499734
407.874677976215,0.1290212049241541,0.13995736194448832,0.1290212049241541
408.35388338862685,0.12876775189833475,0.13965153692189164,0.12876775189833475
408.8330888010387,0.1285142988725154,0.13934571189929496,0.1285142988725154
409.3122942134505,0.12826084584669603,0.1390398868766983,0.12826084584669603
409.79149962586234,0.12800739282087675,0.13873406185410167,0.12800739282087675
410.2707050382742,0.12775393979505742,0.13842823683150499,0.12775393979505742
410.749910450686,0.12750048676923803,0.1381224118089083,0.12750048676923803
411.22911586309783,0.12724703374341875,0.13781658678631162,0.12724703374341875
411.70832127550966,0.12699358071759945,0.13751076176371496,0.12699358071759945
412.1875266879215,0.1267401276917801,0.1372049367411183,0.1267401276917801
412.6667321003333,0.12648667466596075,0.13689911171852162,0.12648667466596075
413.14593751274515,0.12623322164014147,0.13659328669592494,0.12623322164014147
413.625142925157,0.12597976861432214,0.13628746167332828,0.12597976861432214
414.1043483375688,0.1257263155885028,0.13598163665073162,0.1257263155885028
414.58355374998064,0.12547286256268345,0.13567581162813494,0.12547286256268345
415.06275916239247,0.12521940953686414,0.13536998660553826,0.12521940953686414
415.5419645748043,0.12496595651104479,0.1350641615829416,0.12496595651104479
416.0211699872161,0.12471250348522545,0.13475833656034494,0.12471250348522545
416.50037539962796,0.12445905045940611,0.13445251153774826,0.12445905045940611
416.9795808120398,0.1242055974335868,0.1341466865151516,0.1242055974335868
417.4587862244516,0.12395214440776747,0.13384086149255495,0.12395214440776747
417.93799163686344,0.12369869138194813,0.1335350364699583,0.12369869138194813
418.4171970492753,0.12344523835612878,0.1332292114473616,0.12344523835612878
418.8964024616871,0.12319178533030947,0.13292338642476492,0.12319178533030947
419.37560787409893,0.12293833230449018,0.1326175614021683,0.12293833230449018
419.85481328651076,0.12268487927867083,0.13231173637957164,0.12268487927867083
420.3340186989226,0.12243142625285147,0.13200591135697493,0.12243142625285147
420.8132241113344,0.12217910558766315,0.13170008633437824,0.12217910558766315
421.29242952374625,0.12193089634642085,0.13139426131178158,0.12193089634642085
421.7716349361581,0.12168826042775534,0.1310887260362065,0.12168826042775534
422.2508403485699,0.12144987410982315,0.13078585786714417,0.12144987410982315
422.73004576098174,0.12121573739262431,0.13048776959745442,0.12121573739262431
423.20925117339357,0.12098591799644723,0.13019386926011575,0.12098591799644723
423.6884565858054,0.12076216082833673,0.12990415685512813,0.12076216082833673
424.1676619982172,0.12054265326095956,0.12961941166559085,0.12054265326095956
424.64686741062906,0.1203273952943157,0.1293399281861293,0.1203273952943157
425.1260728230409,0.12011638692840514,0.12906463263901882,0.12011638692840514
425.6052782354527,0.11991108732564834,0.1287935250242594,0.11991108732564834
426.08448364786454,0.11971045850882617,0.12852690281424722,0.11971045850882617
426.5636890602764,0.1195116922485829,0.12826602412501387,0.1195116922485829
427.0428944726882,0.11931340875795929,0.12800933336813156,0.11931340875795929
427.52209988510003,0.11911512526733564,0.12775583330843607,0.11911512526733564
428.00130529751186,0.11891684177671204,0.12750437722441466,0.11891684177671204
428.4805107099237,0.11871855828608842,0.12725292114039327,0.11871855828608842
428.9597161223355,0.1185202747954648,0.1270014650563719,0.1185202747954648
429.43892153474735,0.11832199130484117,0.12675000897235048,0.11832199130484117
429.9181269471592,0.11812370781421758,0.12649855288832906,0.11812370781421758
430.397332359571,0.11792542432359396,0.1262470968043077,0.11792542432359396
430.87653777198284,0.11772714083297034,0.12599564072028632,0.11772714083297034
431.35574318439467,0.11752885734234671,0.1257441846362649,0.11752885734234671
431.8349485968065,0.11733057385172309,0.1254927285522435,0.11733057385172309
432.3141540092183,0.11713229036109947,0.12524127246822211,0.11713229036109947
432.79335942163016,0.11693400687047587,0.12498981638420072,0.11693400687047587
433.272564834042,0.11673572337985223,0.12473836030017932,0.11673572337985223
433.7517702464538,0.11653743988922863,0.12448690421615793,0.11653743988922863
434.23097565886565,0.11633915639860502,0.12423544813213655,0.11633915639860502
434.7101810712775,0.1161408729079814,0.12398399204811517,0.1161408729079814
435.1893864836893,0.11594258941735779,0.12373253596409377,0.11594258941735779
435.66859189610113,0.11574430592673417,0.12348107988007236,0.11574430592673417
436.14779730851296,0.11554602243611052,0.12322962379605096,0.11554602243611052
436.6270027209248,0.1153477389454869,0.12297816771202959,0.1153477389454869
437.1062081333366,0.11514945545486331,0.12272671162800816,0.11514945545486331
437.58541354574845,0.11495117196423968,0.12247525554398676,0.11495117196423968
438.0646189581603,0.11475288847361605,0.12222379945996542,0.11475288847361605
438.5438243705721,0.11455460498299246,0.12197234337594402,0.11455460498299246
439.02302978298394,0.11435632149236888,0.12172088729192261,0.11435632149236888
439.50223519539577,0.11415803800174523,0.1214694312079012,0.11415803800174523
439.9814406078076,0.11395975451112157,0.12121797512387981,0.11395975451112157
440.46064602021943,0.11376147102049798,0.12096651903985844,0.11376147102049798
440.93985143263126,0.1135631875298744,0.12071506295583703,0.1135631875298744
441.4190568450431,0.11336490403925076,0.12046360687181563,0.11336490403925076
441.8982622574549,0.11316662054862711,0.12021215078779426,0.11316662054862711
442.37746766986675,0.11296833705800353,0.11996069470377287,0.11296833705800353
442.8566730822786,0.11277005356737993,0.11970923861975145,0.11277005356737993
443.3358784946904,0.11257177007675627,0.11945778253573007,0.11257177007675627
443.81508390710223,0.11237348658613264,0.1192063264517087,0.11237348658613264
444.29428931951406,0.11217520309550905,0.11895487036768733,0.11217520309550905
444.7734947319259,0.11197691960488544,0.11870341428366588,0.11197691960488544
445.2527001443377,0.11177863611426181,0.11845195819964449,0.11177863611426181
445.73190555674955,0.11158035262363816,0.11820050211562311,0.11158035262363816
446.2111109691614,0.1113820691330146,0.11794904603160171,0.1113820691330146
446.6903163815732,0.11118378564239098,0.11769758994758032,0.11118378564239098
447.16952179398504,0.11098550215176733,0.11744613386355893,0.11098550215176733
447.64872720639687,0.11078721866114369,0.11719467777953754,0.11078721866114369
448.1279326188087,0.11058893517052011,0.11694322169551614,0.11058893517052011
448.60713803122053,0.11039065167989649,0.11669176561149472,0.11039065167989649
449.08634344363236,0.11019236818927285,0.11644030952747333,0.11019236818927285
449.5655488560442,0.10999408469864923,0.11618885344345195,0.10999408469864923
450.044754268456,0.10979580120802564,0.11593739735943057,0.10979580120802564
450.52395968086785,0.10959751771740202,0.11568594127540915,0.10959751771740202
451.0031650932797,0.10939923422677839,0.11543448519138777,0.10939923422677839
451.4823705056915,0.10920095073615477,0.1151830291073664,0.10920095073615477
451.96157591810334,0.10900266724553119,0.11493157302334502,0.10900266724553119
452.44078133051516,0.10880438375490756,0.11468011693932358,0.10880438375490756
452.919986742927,0.10860610026428391,0.11442866085530218,0.10860610026428391
453.3991921553388,0.10840781677366028,0.11417720477128081,0.10840781677366028
453.87839756775065,0.10820953328303672,0.11392574868725941,0.10820953328303672
454.3576029801625,0.10801124979241308,0.113674292603238,0.10801124979241308
454.8368083925743,0.10781296630178944,0.11342283651921664,0.10781296630178944
455.31601380498614,0.10761468281116582,0.11317138043519524,0.10761468281116582
455.79521921739797,0.10741639932054224,0.1129205956964003,0.10741639932054224
456.2744246298098,0.1072181158299186,0.11267159691164648,0.1072181158299186
456.75363004222163,0.10701983233929496,0.11242668480239844,0.10701983233929496
457.23283545463346,0.10682154884867136,0.11218663632517145,0.10682154884867136
457.7120408670453,0.10662326535804778,0.11195025228780649,0.10662326535804778
458.1912462794571,0.10642498186742413,0.11171753269030353,0.10642498186742413
458.67045169186895,0.1062266983768005,0.11148847818404982,0.1062266983768005
459.1496571042808,0.1060284148861769,0.11126470889407364,0.1060284148861769
459.6288625166926,0.10583013139555329,0.11104460404395952,0.10583013139555329
460.10806792910444,0.10563184790492967,0.11082816363370741,0.10563184790492967
460.58727334151627,0.10543356441430603,0.11061538766331726,0.10543356441430603
461.0664787539281,0.10523528092368241,0.1104074766277227,0.10523528092368241
461.5456841663399,0.10503699743305882,0.1102026785915803,0.10503699743305882
462.02488957875175,0.10483871394243519,0.10999879531654203,0.10483871394243519
462.5040949911636,0.10464043045181154,0.10979491204150373,0.10464043045181154
462.9833004035754,0.10444214696118795,0.1095910287664654,0.10444214696118795
463.46250581598724,0.10424386347056436,0.10938714549142715,0.10424386347056436
463.9417112283991,0.10404557997994071,0.10918326221638888,0.10404557997994071
464.4209166408109,0.10384729648931708,0.10897937894135057,0.10384729648931708
464.90012205322273,0.10364901299869349,0.10877549566631226,0.10364901299869349
465.37932746563456,0.1034507295080699,0.10857161239127401,0.1034507295080699
465.8585328780464,0.10325244601744624,0.10836772911623571,0.10325244601744624
466.3377382904582,0.10305416252682259,0.1081638458411974,0.10305416252682259
466.81694370287005,0.10285587903619901,0.10795996256615908,0.10285587903619901
467.2961491152819,0.10265759554557541,0.10775607929112085,0.10265759554557541
467.7753545276937,0.10245931205495178,0.10755219601608255,0.10245931205495178
468.25455994010554,0.10226102856432813,0.10734831274104423,0.10226102856432813
468.73376535251737,0.10206274507370455,0.10714442946600593,0.10206274507370455
469.2129707649292,0.10186446158308095,0.10694054619096768,0.10186446158308095
469.692176177341,0.1016661780924573,0.10673666291592938,0.1016661780924573
470.17138158975285,0.10146789460183367,0.10653277964089107,0.10146789460183367
470.6505870021647,0.10126961111121009,0.10632889636585277,0.10126961111121009
471.1297924145765,0.10107132762058647,0.10612501309081454,0.10107132762058647
471.60899782698834,0.10087304412996284,0.10592112981577623,0.10087304412996284
472.0882032394002,0.10067476063933918,0.10571724654073793,0.10067476063933918
472.567408651812,0.10047647714871562,0.10551336326569963,0.10047647714871562
473.04661406422383,0.10027819365809199,0.10530947999066138,0.10027819365809199
473.52581947663566,0.10007991016746835,0.10510559671562307,0.10007991016746835
474.0050248890475,0.09988162667684472,0.10490171344058476,0.09988162667684472
474.4842303014593,0.09968334318622114,0.10469783016554646,0.09968334318622114
474.96343571387115,0.09948505969559752,0.10449394689050821,0.09948505969559752
475.442641126283,0.09928677620497388,0.1042900636154699,0.09928677620497388
475.9218465386948,0.09908849271435026,0.10408618034043159,0.09908849271435026
476.40105195110664,0.0988902092237267,0.1038822970653933,0.0988902092237267
476.88025736351847,0.09869192573310306,0.10367841379035506,0.09869192573310306
477.3594627759303,0.0984936422424794,0.10347453051531674,0.0984936422424794
477.8386681883421,0.09829535875185579,0.10327064724027843,0.09829535875185579
478.31787360075396,0.09809707526123222,0.10306676396524016,0.09809707526123222
478.7970790131658,0.09789879177060856,0.1028628806902019,0.09789879177060856
479.2762844255776,0.09770050827998492,0.10265899741516359,0.09770050827998492
479.75548983798944,0.09750222478936131,0.10245511414012527,0.09750222478936131
480.2346952504013,0.09730394129873775,0.10225123086508699,0.09730394129873775
480.7139006628131,0.0971056578081141,0.10204734759004873,0.0971056578081141
481.19310607522493,0.09690737431749047,0.10184346431501043,0.09690737431749047
481.67231148763676,0.09670909082686686,0.10163958103997212,0.09670909082686686
482.1515169000486,0.09651080733624327,0.10143569776493383,0.09651080733624327
482.6307223124604,0.09631252384561963,0.10123181448989556,0.09631252384561963
483.10992772487225,0.096114240354996,0.10102793121485726,0.096114240354996
483.5891331372841,0.09591595686437239,0.10082404793981894,0.09591595686437239
484.0683385496959,0.0957176733737488,0.10062016466478069,0.0957176733737488
484.54754396210774,0.09551938988312518,0.10041628138974242,0.09551938988312518
485.02674937451957,0.09532110639250152,0.10021239811470409,0.09532110639250152
485.5059547869314,0.09512282290187792,0.10000851483966579,0.09512282290187792
485.9851601993432,0.09492453941125432,0.09980463156462754,0.09492453941125432
486.46436561175506,0.09472625592063069,0.09960074828958926,0.09472625592063069
486.9435710241669,0.09452797243000705,0.09939686501455094,0.09452797243000705
487.4227764365787,0.09432968893938345,0.09919298173951262,0.09432968893938345
487.90198184899054,0.09413140544875986,0.09898909846447436,0.09413140544875986
488.3811872614024,0.09393312195813622,0.09878521518943609,0.09393312195813622
488.8603926738142,0.09373483846751257,0.09858133191439777,0.09373483846751257
489.33959808622603,0.093536554976889,0.09837744863935945,0.093536554976889
489.81880349863786,0.09333827148626539,0.0981735653643212,0.09333827148626539
490.2980089110497,0.09314058199159175,0.09797363037234354,0.09314058199159175
490.7772143234615,0.09294585648026686,0.09777785589133493,0.09294585648026686
491.25641973587335,0.09275591343755517,0.09758626933974437,0.09275591343755517
491.7356251482852,0.09256982468211307,0.09740042779379465,0.09256982468211307
492.214830560697,0.09238759021394057,0.09721907016056638,0.09238759021394057
492.69403597310884,0.09220954385677001,0.09704190045675616,0.09220954385677001
493.17324138552067,0.09203672339391863,0.096868918682364,0.09203672339391863
493.6524467979325,0.09186775721833684,0.096701200103247,0.09186775721833684
494.1316522103443,0.09170264533002465,0.09653844724721712,0.09170264533002465
494.61085762275616,0.09154138772898206,0.09637988232060528,0.09154138772898206
495.090063035168,0.09138558024401734,0.09622550532341148,0.09138558024401734
495.5692684475798,0.09123373664829583,0.09607590971112721,0.09123373664829583
496.04847385999165,0.09108430202402423,0.09592638735594256,0.09108430202402423
496.5276792724035,0.09093605599586362,0.09577687298140243,0.09093605599586362
497.0068846848153,0.09078780996770305,0.09562735860686232,0.09078780996770305
497.48609009722713,0.09063956393954245,0.09547784423232226,0.09063956393954245
497.96529550963896,0.09049131791138182,0.09532832985778214,0.09049131791138182
498.4445009220508,0.0903430718832212,0.09517881548324202,0.0903430718832212
498.9237063344626,0.09019482585506064,0.09502930110870192,0.09019482585506064
499.40291174687445,0.09004657982690002,0.09487978673416185,0.09004657982690002
499.8821171592863,0.08989833379873939,0.09473027235962173,0.08989833379873939
500.3613225716981,0.0897500877705788,0.0945807579850816,0.0897500877705788
500.84052798410994,0.08960184174241825,0.0944312436105415,0.08960184174241825
501.31973339652177,0.08945359571425764,0.09428172923600142,0.08945359571425764
501.7989388089336,0.08930534968609702,0.0941322148614613,0.08930534968609702
502.2781442213454,0.0891571036579364,0.09398270048692117,0.0891571036579364
502.75734963375726,0.08900885762977583,0.09383318611238108,0.08900885762977583
503.2365550461691,0.08886061160161522,0.093683671737841,0.08886061160161522
503.7157604585809,0.0887123655734546,0.09353415736330088,0.0887123655734546
504.19496587099275,0.088564119545294,0.09338464298876076,0.088564119545294
504.6741712834046,0.08841587351713344,0.09323512861422066,0.08841587351713344
505.1533766958164,0.08826762748897282,0.09308561423968058,0.08826762748897282
505.63258210822823,0.08811938146081219,0.09293609986514044,0.08811938146081219
506.11178752064006,0.08797113543265159,0.09278658549060033,0.08797113543265159
506.5909929330519,0.08782288940449101,0.09263707111606023,0.08782288940449101
507.0701983454637,0.08767464337633038,0.09248755674152014,0.08767464337633038
507.54940375787555,0.08752639734816978,0.09233804236698002,0.08752639734816978
508.0286091702874,0.08737815132000919,0.0921885279924399,0.08737815132000919
508.5078145826992,0.08722990529184861,0.0920390136178998,0.08722990529184861
508.98701999511104,0.08708165926368801,0.0918894992433597,0.08708165926368801
509.46622540752287,0.08693341323552738,0.09173998486881958,0.08693341323552738
509.9454308199347,0.0867851672073668,0.09159047049427949,0.0867851672073668
510.42463623234653,0.08663692117920621,0.09144095611973939,0.08663692117920621
510.90384164475836,0.0864886751510456,0.09129144174519929,0.0864886751510456
511.3830470571702,0.08634042912288498,0.09114192737065917,0.08634042912288498
511.862252469582,0.0861921830947244,0.09099241299611906,0.0861921830947244
512.3414578819938,0.0860439370665638,0.09084289862157897,0.0860439370665638
512.8206632944057,0.08589569103840318,0.09069338424703888,0.08589569103840318
513.2998687068175,0.08574744501024255,0.09054386987249875,0.08574744501024255
513.7790741192293,0.08559919898208197,0.09039435549795864,0.08559919898208197
514.2582795316412,0.08545095295392138,0.09024484112341856,0.08545095295392138
514.737484944053,0.08530270692576075,0.09009532674887845,0.08530270692576075
515.2166903564648,0.08515446089760015,0.08994581237433832,0.08515446089760015
515.6958957688767,0.08500621486943959,0.0897962979997982,0.08500621486943959
516.1751011812885,0.084857968841279,0.08964678362525814,0.084857968841279
516.6543065937003,0.08470972281311838,0.08949726925071802,0.08470972281311838
517.1335120061121,0.08456147678495775,0.0893477548761779,0.08456147678495775
517.612717418524,0.08441323075679717,0.08919824050163778,0.08441323075679717
518.0919228309358,0.08426498472863658,0.08904872612709773,0.08426498472863658
518.5711282433476,0.08411673870047597,0.0888992117525576,0.08411673870047597
519.0503336557595,0.08396849267231535,0.08874969737801748,0.08396849267231535
519.5295390681713,0.08382024664415479,0.08860018300347737,0.08382024664415479
520.0087444805831,0.08367200061599417,0.08845066862893732,0.08367200061599417
520.487949892995,0.08352375458783354,0.08830115425439719,0.08352375458783354
520.9671553054068,0.08337550855967293,0.08815163987985707,0.08337550855967293
521.4463607178186,0.08322726253151237,0.08800212550531696,0.08322726253151237
521.9255661302304,0.08307901650335174,0.08785261113077687,0.08307901650335174
522.4047715426423,0.08293077047519112,0.08770309675623676,0.08293077047519112
522.8839769550541,0.08278252444703052,0.08755358238169664,0.08278252444703052
523.3631823674659,0.08263427841886994,0.08740406800715653,0.08263427841886994
523.8423877798778,0.08248603239070934,0.08725466255543526,0.08248603239070934
524.3215931922896,0.08238245075637725,0.08710625833658578,0.08238245075637725
524.8007986047014,0.08230832774229696,0.08695904927916878,0.08230832774229696
525.2800040171132,0.08223420472821667,0.0868128872052589,0.08223420472821667
525.7592094295251,0.08216008171413636,0.0866677721148561,0.08216008171413636
526.2384148419369,0.08208595870005604,0.08652389864270245,0.08208595870005604
526.7176202543487,0.08201183568597574,0.08638134078470532,0.08201183568597574
527.1968256667606,0.08193771267189547,0.08623982991021528,0.08193771267189547
527.6760310791724,0.08186358965781515,0.08609936601923233,0.08186358965781515
528.1552364915842,0.08178946664373485,0.08596002329377454,0.08178946664373485
528.634441903996,0.08171534362965456,0.08582211663519726,0.08171534362965456
