detuning_from_l0_peak_mhz,T_l0_exp_rising_smooth,T_l9_exp_rising_smooth,T_overlap_min_exp_rising_smooth
-529.8804714693688,,,
-529.4295851943752,,,
-528.9786989193817,,,
-528.5278126443882,,,
-528.0769263693946,,,
-527.6260400944011,,,
-527.1751538194076,,,
-526.724267544414,,,
-526.2733812694205,,,
-525.822494994427,,,
-525.3716087194334,,,
-524.9207224444399,,,
-524.4698361694464,,,
-524.0189498944528,,,
-523.5680636194593,,,
-523.1171773444657,,,
-522.6662910694722,,,
-522.2154047944787,,,
-521.7645185194851,,,
-521.3136322444916,,,
-520.8627459694981,,,
-520.4118596945045,,,
-519.960973419511,,,
-519.5100871445175,,,
-519.0592008695239,,,
-518.6083145945304,,,
-518.1574283195368,,,
-517.7065420445433,,,
-517.2556557695498,,,
-516.8047694945562,,,
-516.3538832195627,,,
-515.9029969445692,,,
-515.4521106695756,,,
-515.0012243945821,,0.06828548946131846,
-514.5503381195886,,0.06834206954503111,
-514.099451844595,,0.06839864962874377,
-513.6485655696015,,0.06845522971245643,
-513.197679294608,,0.06851180979616907,
-512.7467930196144,,0.0686090093895845,
-512.2959067446209,,0.0687221695570098,
-511.84502046962734,,0.0688353297244351,
-511.3941341946338,,0.06894848989186038,
-510.94324791964027,,0.06906165005928568,
-510.49236164464673,,0.06917481022671099,
-510.0414753696532,,0.0692879703941363,
-509.59058909465966,,0.06940113056156158,
-509.1397028196661,,0.06951429072898688,
-508.6888165446726,,0.06962745089641217,
-508.23793026967905,,0.06974061106383746,
-507.7870439946855,,0.06985377123126277,
-507.336157719692,,0.06996693139868805,
-506.88527144469845,,0.07008009156611336,
-506.4343851697049,0.08470439498385875,0.07019325173353866,0.07019325173353866
-505.9834988947114,0.08477757911580464,0.07030641190096394,0.07030641190096394
-505.53261261971784,0.08485076324775051,0.07041957206838925,0.07041957206838925
-505.0817263447243,0.0849239473796964,0.07053273223581454,0.07053273223581454
-504.63084006973077,0.08499713151164229,0.07064589240323983,0.07064589240323983
-504.17995379473723,0.08507031564358818,0.07075905257066514,0.07075905257066514
-503.7290675197437,0.08514349977553407,0.07087221273809044,0.07087221273809044
-503.27818124475016,0.08521668390747994,0.07098537290551572,0.07098537290551572
-502.8272949697566,0.08528986803942584,0.07109853307294102,0.07109853307294102
-502.3764086947631,0.08536305217137173,0.07121169324036632,0.07121169324036632
-501.92552241976955,0.0854486343368705,0.07132485340779163,0.07132485340779163
-501.474636144776,0.08559500260076228,0.07143801357521691,0.07143801357521691
-501.0237498697825,0.08574137086465405,0.07155117374264221,0.07155117374264221
-500.57286359478894,0.08588773912854585,0.07166433391006749,0.07166433391006749
-500.1219773197954,0.08603410739243761,0.0717774940774928,0.0717774940774928
-499.67109104480187,0.08618047565632937,0.0718906542449181,0.0718906542449181
-499.22020476980833,0.08632684392022116,0.0720038144123434,0.0720038144123434
-498.7693184948148,0.08647321218411294,0.07211697457976869,0.07211697457976869
-498.31843221982126,0.08661958044800472,0.07223013474719399,0.07223013474719399
-497.8675459448277,0.08676594871189648,0.0723432949146193,0.0723432949146193
-497.4166596698342,0.08691231697578826,0.07245645508204458,0.07245645508204458
-496.96577339484065,0.08705868523968005,0.07256961524946988,0.07256961524946988
-496.5148871198471,0.08720505350357181,0.07268277541689519,0.07268277541689519
-496.0640008448536,0.0873514217674636,0.07279593558432047,0.07279593558432047
-495.61311456986004,0.08749779003135537,0.07290909575174576,0.07290909575174576
-495.1622282948665,0.08764415829524716,0.07302225591917107,0.07302225591917107
-494.711342019873,0.08779052655913892,0.07313541608659636,0.07313541608659636
-494.26045574487944,0.08793689482303071,0.07324857625402166,0.07324857625402166
-493.8095694698859,0.08808326308692248,0.07336173642144696,0.07336173642144696
-493.35868319489236,0.08822963135081427,0.07347489658887223,0.07347489658887223
-492.90779691989883,0.08837599961470603,0.07358805675629755,0.07358805675629755
-492.4569106449053,0.0885223678785978,0.07370121692372283,0.07370121692372283
-492.00602436991176,0.0886687361424896,0.07381437709114813,0.07381437709114813
-491.5551380949182,0.08881510440638136,0.07392753725857343,0.07392753725857343
-491.1042518199247,0.08896147267027313,0.07404069742599874,0.07404069742599874
-490.65336554493115,0.0891078409341649,0.07415385759342402,0.07415385759342402
-490.2024792699376,0.0892542091980567,0.0742670177608493,0.0742670177608493
-489.7515929949441,0.08940057746194846,0.07438017792827462,0.07438017792827462
-489.30070671995054,0.08954694572584024,0.0744933380956999,0.0744933380956999
-488.849820444957,0.08969331398973202,0.07460649826312522,0.07460649826312522
-488.39893416996347,0.08983968225362379,0.0747196584305505,0.0747196584305505
-487.94804789496993,0.08998605051751556,0.07483281859797582,0.07483281859797582
-487.4971616199764,0.09013241878140733,0.0749459787654011,0.0749459787654011
-487.04627534498286,0.09027878704529911,0.07505913893282638,0.07505913893282638
-486.5953890699893,0.09042515530919089,0.07517229910025168,0.07517229910025168
-486.1445027949958,0.09057152357308267,0.07528545926767698,0.07528545926767698
-485.69361652000225,0.09071789183697444,0.07539861943510229,0.07539861943510229
-485.2427302450087,0.09086426010086622,0.07551177960252758,0.07551177960252758
-484.7918439700152,0.091010628364758,0.07562493976995288,0.07562493976995288
-484.34095769502164,0.09115699662864978,0.07573809993737816,0.07573809993737816
-483.8900714200281,0.09130336489254154,0.07585187388572893,0.07585187388572893
-483.43918514503457,0.09144973315643332,0.07596742946800193,0.07596742946800193
-482.98829887004104,0.09159610142032511,0.07608609757120828,0.07608609757120828
-482.5374125950475,0.09174246968421688,0.07620703038297418,0.07620703038297418
-482.08652632005396,0.09188883794810865,0.07633022790329963,0.07633022790329963
-481.6356400450604,0.09203520621200043,0.0764557098074771,0.0764557098074771
-481.1847537700669,0.09218157447589222,0.07658448081033027,0.07658448081033027
-480.73386749507335,0.092327942739784,0.076715516521743,0.076715516521743
-480.2829812200798,0.09247431100367577,0.07684881694171528,0.07684881694171528
-479.8320949450863,0.09262067926756753,0.07698438207024709,0.07698438207024709
-479.38120867009275,0.09276704753145933,0.07712309907029717,0.07712309907029717
-478.9303223950992,0.0929134157953511,0.0772642376813567,0.0772642376813567
-478.4794361201057,0.09305978405924287,0.0774066437152085,0.0774066437152085
-478.02854984511214,0.09320615232313463,0.07754958284834719,0.07754958284834719
-477.5776635701186,0.09335252058702642,0.07769252198148588,0.07769252198148588
-477.12677729512507,0.09349888885091821,0.07783546111462455,0.07783546111462455
-476.67589102013153,0.09364525711480998,0.07797840024776324,0.07797840024776324
-476.225004745138,0.09379162537870174,0.07812133938090192,0.07812133938090192
-475.77411847014446,0.09393799364259353,0.07826427851404061,0.07826427851404061
-475.3232321951509,0.09408436190648531,0.07840721764717928,0.07840721764717928
-474.8723459201574,0.09423073017037709,0.07855015678031797,0.07855015678031797
-474.42145964516385,0.09437709843426886,0.07869309591345666,0.07869309591345666
-473.9705733701703,0.09452346669816063,0.07883603504659534,0.07883603504659534
-473.5196870951768,0.0946698748300202,0.07897897417973404,0.07897897417973404
-473.06880082018324,0.09481795614766503,0.07912191331287272,0.07912191331287272
-472.6179145451897,0.09497094826561069,0.07926485244601142,0.07926485244601142
-472.16702827019617,0.09512868969644714,0.07940779157915011,0.07940779157915011
-471.71614199520263,0.09529118044017446,0.0795507307122888,0.0795507307122888
-471.2652557202091,0.09546007821492171,0.07969366984542747,0.07969366984542747
-470.81436944521556,0.09563425709057398,0.07983660897856615,0.07983660897856615
-470.363483170222,0.09581318527911707,0.07997954811170485,0.07997954811170485
-469.9125968952285,0.09599686278055099,0.08012248724484353,0.08012248724484353
-469.46171062023495,0.09618657701240069,0.08026542637798222,0.08026542637798222
-469.0108243452414,0.09638194264575957,0.08040836551112089,0.08040836551112089
-468.5599380702479,0.09658205759200929,0.08055130464425958,0.08055130464425958
-468.10905179525435,0.09678660772404515,0.08069424377739827,0.08069424377739827
-467.6581655202608,0.09699542535924416,0.08083718291053697,0.08083718291053697
-467.2072792452673,0.09720424299444315,0.08098012204367565,0.08098012204367565
-466.75639297027374,0.09741306062964215,0.08112306117681431,0.08112306117681431
-466.3055066952802,0.09762187826484114,0.08126600030995301,0.08126600030995301
-465.85462042028666,0.09783069590004013,0.0814089394430917,0.0814089394430917
-465.40373414529313,0.09803951353523914,0.08155187857623039,0.08155187857623039
-464.9528478702996,0.09824833117043813,0.08169481770936908,0.08169481770936908
-464.50196159530606,0.09845714880563712,0.08183775684250777,0.08183775684250777
-464.0510753203125,0.09866596644083615,0.08198069597564644,0.08198069597564644
-463.600189045319,0.09887478407603513,0.08212363510878513,0.08212363510878513
-463.14930277032545,0.09908360171123416,0.08226657424192382,0.08226657424192382
-462.6984164953319,0.09929241934643314,0.0824095133750625,0.0824095133750625
-462.2475302203384,0.09950123698163214,0.08255245250820119,0.08255245250820119
-461.79664394534484,0.09971005461683115,0.08269539164133988,0.08269539164133988
-461.3457576703513,0.09991887225203014,0.08283833077447857,0.08283833077447857
-460.89487139535777,0.10012768988722913,0.08298126990761724,0.08298126990761724
-460.44398512036423,0.10033650752242813,0.08312420904075593,0.08312420904075593
-459.9930988453707,0.10054532515762712,0.08326714817389462,0.08326714817389462
-459.54221257037716,0.10075414279282613,0.08341008730703332,0.08341008730703332
-459.0913262953836,0.10096296042802513,0.083553026440172,0.083553026440172
-458.6404400203901,0.10117177806322414,0.0836959655733107,0.0836959655733107
-458.18955374539655,0.10138059569842314,0.08383890470644938,0.08383890470644938
-457.738667470403,0.10158941333362215,0.08398184383958804,0.08398184383958804
-457.2877811954095,0.10179823096882115,0.08412478297272673,0.08412478297272673
-456.83689492041594,0.10200704860402014,0.08426772210586542,0.08426772210586542
-456.3860086454224,0.10221586623921915,0.0844106612390041,0.0844106612390041
-455.93512237042887,0.10242468387441814,0.0845536003721428,0.0845536003721428
-455.48423609543534,0.10263350150961711,0.08469653950528147,0.08469653950528147
-455.0333498204418,0.10284231914481612,0.08483947863842015,0.08483947863842015
-454.58246354544826,0.10305113678001512,0.08498241777155884,0.08498241777155884
-454.1315772704547,0.10325995441521413,0.08512535690469754,0.08512535690469754
-453.6806909954612,0.10346877205041313,0.08526829603783623,0.08526829603783623
-453.22980472046765,0.10367758968561212,0.08541123517097492,0.08541123517097492
-452.7789184454741,0.10388640732081114,0.0855541743041136,0.0855541743041136
-452.3280321704806,0.10409522495601015,0.0856971134372523,0.0856971134372523
-451.87714589548705,0.10430404259120914,0.08584005257039097,0.08584005257039097
-451.4262596204935,0.10451286022640816,0.08598299170352966,0.08598299170352966
-450.9753733455,0.10472167786160715,0.08612593083666834,0.08612593083666834
-450.52448707050644,0.10493049549680614,0.08626886996980702,0.08626886996980702
-450.0736007955129,0.10513931313200515,0.08641212945110553,0.08641212945110553
-449.62271452051937,0.10534813076720415,0.08655625420086918,0.08655625420086918
-449.17182824552583,0.10555694840240315,0.086702905928434,0.086702905928434
-448.7209419705323,0.10576576603760213,0.08685136942180346,0.08685136942180346
-448.27005569553876,0.10597458367280112,0.08700164468097758,0.08700164468097758
-447.8191694205452,0.10618340130800012,0.08715373170595637,0.08715373170595637
-447.3682831455517,0.10639221894319913,0.08730844452632289,0.08730844452632289
-446.91739687055815,0.10660103657839815,0.08746499033475706,0.08746499033475706
-446.4665105955646,0.10680985421359714,0.0876233479089959,0.0876233479089959
-446.0156243205711,0.10701867184879614,0.08778351724903939,0.08778351724903939
-445.56473804557754,0.10722748948399514,0.08794617112235804,0.08794617112235804
-445.113851770584,0.10743630711919412,0.08811079924585691,0.08811079924585691
-444.66296549559047,0.10764512475439315,0.08827672897031115,0.08827672897031115
-444.21207922059693,0.10785394238959216,0.08844349126230626,0.08844349126230626
-443.7611929456034,0.10806276002479115,0.08861025355430137,0.08861025355430137
-443.31030667060986,0.10827157765999014,0.08877701584629649,0.08877701584629649
-442.8594203956163,0.10848039529518913,0.08894377813829159,0.08894377813829159
-442.4085341206228,0.10868921293038813,0.08911054043028671,0.08911054043028671
-441.95764784562925,0.10889803056558714,0.08927730272228179,0.08927730272228179
-441.5067615706357,0.10910684820078614,0.08944406501427689,0.08944406501427689
-441.0558752956422,0.10931566583598515,0.089610827306272,0.089610827306272
-440.60498902064865,0.10952448347118415,0.08977758959826712,0.08977758959826712
-440.1541027456551,0.10973330110638316,0.08994435189026222,0.08994435189026222
-439.7032164706616,0.10994211874158215,0.09011111418225733,0.09011111418225733
-439.25233019566804,0.11015093637678114,0.09027787647425244,0.09027787647425244
-438.8014439206745,0.11035975401198014,0.09044463876624755,0.09044463876624755
-438.35055764568096,0.11056857164717915,0.09061140105824265,0.09061140105824265
-437.89967137068743,0.11077738928237812,0.09077816335023774,0.09077816335023774
-437.4487850956939,0.11098620691757713,0.09094492564223285,0.09094492564223285
-436.99789882070036,0.11119502455277612,0.09111168793422796,0.09111168793422796
-436.5470125457068,0.11140384218797514,0.09127845022622307,0.09127845022622307
-436.0961262707133,0.11161265982317414,0.09144521251821817,0.09144521251821817
-435.64523999571975,0.11182147745837315,0.09161197481021327,0.09161197481021327
-435.1943537207262,0.11203029509357215,0.0917787371022084,0.0917787371022084
-434.7434674457327,0.11223911272877114,0.09194549939420349,0.09194549939420349
-434.29258117073914,0.11244793036397015,0.09211226168619858,0.09211226168619858
-433.8416948957456,0.11265674799916915,0.0922790239781937,0.0922790239781937
-433.39080862075207,0.11286556563436814,0.0924457862701888,0.0924457862701888
-432.93992234575853,0.11307438326956713,0.0926125485621839,0.0926125485621839
-432.489036070765,0.11328320090476612,0.092779310854179,0.092779310854179
-432.03814979577146,0.11349201853996511,0.09294607314617413,0.09294607314617413
-431.5872635207779,0.11370083617516413,0.09311283543816924,0.09311283543816924
-431.1363772457844,0.11390965381036314,0.09327959773016434,0.09327959773016434
-430.68549097079085,0.11411847144556214,0.09344636002215942,0.09344636002215942
-430.2346046957973,0.11432728908076116,0.09361312231415451,0.09361312231415451
-429.7837184208038,0.11453610671596015,0.09377988460614962,0.09377988460614962
-429.33283214581024,0.11474492435115916,0.09394664689814472,0.09394664689814472
-428.8819458708167,0.11495374198635815,0.09411340919013986,0.09411340919013986
-428.43105959582317,0.11516255962155715,0.09428017148213495,0.09428017148213495
-427.98017332082964,0.11537137725675616,0.09444693377413006,0.09444693377413006
-427.5292870458361,0.11558019489195513,0.09461369606612516,0.09461369606612516
-427.07840077084256,0.11578901252715414,0.09478045835812025,0.09478045835812025
-426.627514495849,0.11599783016235314,0.09494722065011538,0.09494722065011538
-426.1766282208555,0.11620664779755212,0.09511398294211049,0.09511398294211049
-425.72574194586196,0.11641546543275115,0.09528074523410558,0.09528074523410558
-425.2748556708684,0.11662428306795014,0.09544750752610069,0.09544750752610069
-424.8239693958749,0.11683310070314915,0.0956142698180958,0.0956142698180958
-424.37308312088135,0.11704191833834815,0.09578103211009091,0.09578103211009091
-423.9221968458878,0.11725073597354714,0.095947794402086,0.095947794402086
-423.4713105708943,0.11745955360874617,0.0961145566940811,0.0961145566940811
-423.02042429590074,0.11766837124394516,0.09628131898607621,0.09628131898607621
-422.5695380209072,0.11787718887914417,0.09644808127807132,0.09644808127807132
-422.11865174591367,0.11808600651434316,0.09661484357006643,0.09661484357006643
-421.66776547092013,0.11829482414954216,0.09678160586206154,0.09678160586206154
-421.2168791959266,0.11850364178474117,0.09694836815405664,0.09694836815405664
-420.76599292093306,0.11871245941994013,0.09711513044605173,0.09711513044605173
-420.3151066459395,0.11892127705513914,0.09728189273804683,0.09728189273804683
-419.864220370946,0.11913009469033814,0.09744865503004195,0.09744865503004195
-419.41333409595245,0.11933891232553713,0.09761541732203706,0.09761541732203706
-418.9624478209589,0.11954772996073616,0.09778217961403217,0.09778217961403217
-418.5115615459654,0.11975654759593514,0.09794894190602726,0.09794894190602726
-418.06067527097184,0.11996536523113413,0.09811570419802236,0.09811570419802236
-417.6097889959783,0.12017418286633313,0.09828246649001747,0.09828246649001747
-417.15890272098477,0.12038300050153215,0.0984492287820126,0.0984492287820126
-416.70801644599123,0.12059181813673116,0.09861599107400769,0.09861599107400769
-416.2571301709977,0.12080063577193016,0.09878294725148931,0.09878294725148931
-415.80624389600416,0.12100945340712915,0.09895039185631964,0.09895039185631964
-415.3553576210106,0.12121827104232816,0.09912168237177688,0.09912168237177688
-414.9044713460171,0.12142708867752715,0.09929569053607769,0.09929569053607769
-414.45358507102355,0.12163590631272615,0.09947241634922206,0.09947241634922206
-414.00269879603,0.12184472394792513,0.09965185981121004,0.09965185981121004
-413.5518125210365,0.12205354158312412,0.09983518652274283,0.09983518652274283
-413.10092624604295,0.12226235921832312,0.10002131816024998,0.10002131816024998
-412.6500399710494,0.12247117685352214,0.1002101674466007,0.1002101674466007
-412.1991536960559,0.12267999448872115,0.100401734381795,0.100401734381795
-411.74826742106234,0.12288881212392015,0.10059697267335466,0.10059697267335466
-411.2973811460688,0.12309762975911914,0.10079522778406816,0.10079522778406816
-410.84649487107527,0.12330644739431815,0.10099589742016006,0.10099589742016006
-410.39560859608173,0.12351526502951715,0.10119839445223572,0.10119839445223572
-409.9447223210882,0.12372408266471614,0.10140089148431139,0.10140089148431139
-409.49383604609466,0.12393290029991515,0.10160338851638706,0.10160338851638706
-409.0429497711011,0.12414171793511414,0.10180588554846272,0.10180588554846272
-408.5920634961076,0.12435053557031314,0.10200838258053838,0.10200838258053838
-408.14117722111405,0.12455935320551215,0.10221087961261406,0.10221087961261406
-407.6902909461205,0.12476817084071117,0.10241337664468972,0.10241337664468972
-407.239404671127,0.12497698847591017,0.10261587367676538,0.10261587367676538
-406.78851839613344,0.12518580611110916,0.10281837070884106,0.10281837070884106
-406.3376321211399,0.12539462374630816,0.10302086774091673,0.10302086774091673
-405.88674584614637,0.12560344138150717,0.10322336477299239,0.10322336477299239
-405.43585957115283,0.12581225901670615,0.10342586180506808,0.10342586180506808
-404.9849732961593,0.12602107665190512,0.1036283588371437,0.1036283588371437
-404.53408702116576,0.12622989428710413,0.10383085586921938,0.10383085586921938
-404.0832007461722,0.12643871192230313,0.10403335290129505,0.10403335290129505
-403.6323144711787,0.12664752955750214,0.10423584993337072,0.10423584993337072
-403.18142819618515,0.12685634719270114,0.1044383469654464,0.1044383469654464
-402.7305419211916,0.12706516482790015,0.10464084399752206,0.10464084399752206
-402.2796556461981,0.12727398246309915,0.10484334102959775,0.10484334102959775
-401.82876937120454,0.12748280009829815,0.10504583806167338,0.10504583806167338
-401.377883096211,0.12769161773349716,0.10524833509374905,0.10524833509374905
-400.9269968212175,0.12790043536869616,0.10545083212582472,0.10545083212582472
-400.47611054622394,0.12810925300389517,0.10565332915790039,0.10565332915790039
-400.0252242712304,0.12831807063909415,0.10585582618997605,0.10585582618997605
-399.57433799623686,0.12852688827429315,0.10605832322205173,0.10605832322205173
-399.1234517212433,0.12873570590949215,0.10626082025412739,0.10626082025412739
-398.6725654462498,0.12894452354469113,0.10646331728620305,0.10646331728620305
-398.22167917125626,0.12915334117989014,0.10666581431827873,0.10666581431827873
-397.7707928962627,0.1293621588150891,0.10686831135035439,0.10686831135035439
-397.3199066212692,0.12957097645028812,0.10707080838243006,0.10707080838243006
-396.86902034627565,0.12977979408548715,0.10727330541450575,0.10727330541450575
-396.4181340712821,0.12998861172068615,0.10747580244658138,0.10747580244658138
-395.9672477962886,0.13019742935588516,0.10767829947865706,0.10767829947865706
-395.51636152129504,0.13040816383800685,0.10788079651073272,0.10788079651073272
-395.0654752463015,0.130623531968791,0.10808329354280839,0.10808329354280839
-394.61458897130797,0.1308458296148763,0.10828579057488405,0.10828579057488405
-394.16370269631443,0.13107768590301466,0.10848828760695971,0.10848828760695971
-393.7128164213209,0.13131703719262222,0.10869078463903539,0.10869078463903539
-393.26193014632736,0.13156331799753096,0.10889328167111105,0.10889328167111105
-392.8110438713338,0.1318165283177408,0.10909577870318674,0.10909577870318674
-392.3601575963403,0.1320787569905425,0.10929827573526239,0.10929827573526239
-391.90927132134675,0.1323490209542746,0.10950077276733806,0.10950077276733806
-391.4583850463532,0.13262621443330783,0.10970326979941372,0.10970326979941372
-391.0074987713597,0.13291033742764224,0.10990576683148941,0.10990576683148941
-390.55661249636614,0.13320293848510725,0.11010826386356506,0.11010826386356506
-390.1057262213726,0.13350175153481458,0.11031076089564072,0.11031076089564072
-389.65483994637907,0.13380168632400358,0.11051325792771638,0.11051325792771638
-389.20395367138553,0.13410162111319254,0.11071575495979205,0.11071575495979205
-388.753067396392,0.13440155590238156,0.11091825199186774,0.11091825199186774
-388.30218112139846,0.13470149069157056,0.1111207490239434,0.1111207490239434
-387.8512948464049,0.13500142548075955,0.11132324605601905,0.11132324605601905
-387.4004085714114,0.1353013602699485,0.11152574308809471,0.11152574308809471
-386.94952229641785,0.13560129505913748,0.11172824012017038,0.11172824012017038
-386.4986360214243,0.13590122984832648,0.11193073715224605,0.11193073715224605
-386.0477497464308,0.13620116463751547,0.11213323418432172,0.11213323418432172
-385.59686347143725,0.13650109942670446,0.11233573121639735,0.11233573121639735
-385.1459771964437,0.13680103421589346,0.11253822824847304,0.11253822824847304
-384.6950909214502,0.13710096900508248,0.11274072528054872,0.11274072528054872
-384.24420464645664,0.13740090379427142,0.11294322231262438,0.11294322231262438
-383.7933183714631,0.13770083858346038,0.11314571934470007,0.11314571934470007
-383.34243209646957,0.13800077337264938,0.11334821637677572,0.11334821637677572
-382.89154582147603,0.13830070816183843,0.1135507134088514,0.1135507134088514
-382.4406595464825,0.13860064295102736,0.11375321044092705,0.11375321044092705
-381.98977327148896,0.13890057774021636,0.11395570747300274,0.11395570747300274
-381.5388869964954,0.13920051252940535,0.11416461149875017,0.11416461149875017
-381.0880007215019,0.13950044731859434,0.11437848466351222,0.11437848466351222
-380.63711444650835,0.13980038210778334,0.11459734018507833,0.11459734018507833
-380.1862281715148,0.1401003168969723,0.11482117806344846,0.11482117806344846
-379.7353418965213,0.14040025168616133,0.11505203358663608,0.11505203358663608
-379.28445562152774,0.14070018647535035,0.11528813312157878,0.11528813312157878
-378.8335693465342,0.14100012126453929,0.1155292150133255,0.1155292150133255
-378.38268307154067,0.14130005605372828,0.11577527926187625,0.11577527926187625
-377.93179679654713,0.14159999084291727,0.11602797268436933,0.11602797268436933
-377.4809105215536,0.14189992563210627,0.11628629858949263,0.11628629858949263
-377.03002424656006,0.14219986042129523,0.11654960685141995,0.11654960685141995
-376.5791379715665,0.14249979521048425,0.11681696712446475,0.11681696712446475
-376.128251696573,0.14279972999967325,0.11708497785445686,0.11708497785445686
-375.67736542157945,0.14309966478886224,0.11735298858444893,0.11735298858444893
-375.2264791465859,0.14339959957805123,0.11762099931444103,0.11762099931444103
-374.7755928715924,0.1436995343672402,0.11788901004443313,0.11788901004443313
-374.32470659659884,0.14399946915642922,0.1181570207744252,0.1181570207744252
-373.8738203216053,0.14429940394561822,0.1184250315044173,0.1184250315044173
-373.4229340466118,0.14459933873480715,0.1186930422344094,0.1186930422344094
-372.97204777161824,0.14489927352399617,0.11896105296440149,0.11896105296440149
-372.5211614966247,0.14519920831318517,0.11922906369439354,0.11922906369439354
-372.07027522163116,0.1454991431023741,0.11949707442438566,0.11949707442438566
-371.6193889466376,0.1457990778915631,0.11976508515437775,0.11976508515437775
-371.1685026716441,0.14609901268075212,0.12003309588436988,0.12003309588436988
-370.71761639665056,0.14639894746994112,0.12030110661436196,0.12030110661436196
-370.266730121657,0.14669888225913008,0.12056911734435402,0.12056911734435402
-369.8158438466635,0.1469988170483191,0.12083712807434611,0.12083712807434611
-369.36495757166995,0.14729875183750807,0.12110513880433822,0.12110513880433822
-368.9140712966764,0.14759868662669706,0.12137314953433033,0.12137314953433033
-368.4631850216829,0.147898621415886,0.12164116026432241,0.12164116026432241
-368.01229874668934,0.14819855620507502,0.12190917099431449,0.12190917099431449
-367.5614124716958,0.14849849099426404,0.1221771817243066,0.1221771817243066
-367.11052619670227,0.148798425783453,0.12244519245429868,0.12244519245429868
-366.65963992170873,0.149098360572642,0.12271320318429076,0.12271320318429076
-366.2087536467152,0.14939829536183097,0.12298121391428289,0.12298121391428289
-365.75786737172166,0.14969823015102,0.12324922464427494,0.12324922464427494
-365.3069810967281,0.14999816494020898,0.12351723537426702,0.12351723537426702
-364.8560948217346,0.15029809972939795,0.12378524610425916,0.12378524610425916
-364.40520854674105,0.15059803451858697,0.12405325683425124,0.12405325683425124
-363.9543222717475,0.15089796930777596,0.12432126756424335,0.12432126756424335
-363.503435996754,0.1511979040969649,0.12458927829423543,0.12458927829423543
-363.05254972176044,0.1514978388861539,0.12485728902422748,0.12485728902422748
-362.6016634467669,0.15179777367534292,0.1251252997542196,0.1251252997542196
-362.15077717177337,0.1520977084645319,0.1253933104842117,0.1253933104842117
-361.69989089677983,0.15239764325372088,0.1256613212142038,0.1256613212142038
-361.2490046217863,0.15270096694200397,0.1259293319441959,0.1259293319441959
-360.79811834679276,0.1530103100351479,0.12619734267418797,0.12619734267418797
-360.3472320717992,0.15332783693370133,0.12646535340418008,0.12646535340418008
-359.8963457968057,0.15365200000041893,0.12673336413417216,0.12673336413417216
-359.44545952181215,0.1539821849611387,0.1270013748641643,0.1270013748641643
-358.9945732468186,0.15431839181586054,0.12726938559415638,0.12726938559415638
-358.5436869718251,0.15466231295312863,0.12753739632414846,0.12753739632414846
-358.09280069683155,0.15501333978142426,0.12780540705414056,0.12780540705414056
-357.641914421838,0.15537038850372198,0.12807341778413264,0.12807341778413264
-357.1910281468445,0.15573345912002184,0.12834142851412472,0.12834142851412472
-356.74014187185094,0.15610377449600452,0.12860943924411683,0.12860943924411683
-356.2892555968574,0.1564816650858781,0.12887744997410894,0.12887744997410894
-355.83836932186387,0.15686078075043736,0.12914546070410104,0.12914546070410104
-355.38748304687033,0.15723989825577017,0.12941347143409312,0.12941347143409312
-354.9365967718768,0.15761901576110302,0.1296814821640852,0.1296814821640852
-354.48571049688326,0.15799813326643586,0.1299494928940773,0.1299494928940773
-354.0348242218897,0.15837725077176867,0.1302175036240694,0.1302175036240694
-353.5839379468962,0.15875636827710152,0.13048551435406147,0.13048551435406147
-353.13305167190265,0.1591354857824343,0.13075352508405358,0.13075352508405358
-352.6821653969091,0.15951460328776715,0.13102153581404566,0.13102153581404566
-352.2312791219156,0.1598937207931,0.13128954654403777,0.13128954654403777
-351.78039284692204,0.16027283829843278,0.13155755727402985,0.13155755727402985
-351.3295065719285,0.16065195580376562,0.13182556800402195,0.13182556800402195
-350.87862029693497,0.1610310733090985,0.13209357873401406,0.13209357873401406
-350.42773402194143,0.16141019081443128,0.13236158946400614,0.13236158946400614
-349.9768477469479,0.16178930831976412,0.13262960019399825,0.13262960019399825
-349.52596147195436,0.16216842582509697,0.13289761092399033,0.13289761092399033
-349.0750751969608,0.1625475433304298,0.1331656216539824,0.1331656216539824
-348.6241889219673,0.1629266608357626,0.13343363238397452,0.13343363238397452
-348.17330264697375,0.16330577834109544,0.1337016431139666,0.1337016431139666
-347.7224163719802,0.16368489584642826,0.1339729231549507,0.1339729231549507
-347.2715300969867,0.16406401335176107,0.1342478197642906,0.1342478197642906
-346.82064382199314,0.16444313085709392,0.13452633990348756,0.13452633990348756
-346.3697575469996,0.16482224836242676,0.1348084835725416,0.1348084835725416
-345.9188712720061,0.16520136586775958,0.13509565705501123,0.13509565705501123
-345.46798499701254,0.1655804833730924,0.13538671828666363,0.13538671828666363
-345.017098722019,0.16595960087842523,0.1356814030481731,0.1356814030481731
-344.56621244702546,0.16633871838375808,0.13597971133953962,0.13597971133953962
-344.1153261720319,0.16671783588909092,0.13628276692023325,0.13628276692023325
-343.6644398970384,0.1670969533944237,0.1365899927741982,0.1365899927741982
-343.21355362204486,0.16747607089975652,0.1369008421580202,0.1369008421580202
-342.7626673470513,0.16785518840508934,0.13721480118368742,0.13721480118368742
-342.3117810720578,0.16823430591042218,0.13753045820835158,0.13753045820835158
-341.86089479706425,0.16861342341575505,0.13784611523301576,0.13784611523301576
-341.4100085220707,0.16899254092108787,0.1381617722576799,0.1381617722576799
-340.9591222470772,0.16937165842642068,0.13847742928234405,0.13847742928234405
-340.50823597208364,0.1697507759317535,0.13879308630700826,0.13879308630700826
-340.0573496970901,0.17012989343708634,0.13910874333167242,0.13910874333167242
-339.60646342209657,0.1705090109424192,0.13942440035633655,0.13942440035633655
-339.15557714710303,0.170888128447752,0.13974005738100073,0.13974005738100073
-338.7046908721095,0.17126724595308482,0.14005571440566492,0.14005571440566492
-338.25380459711596,0.17164636345841763,0.14037137143032907,0.14037137143032907
-337.8029183221224,0.17202548096375045,0.14068702845499323,0.14068702845499323
-337.3520320471289,0.17240459846908332,0.14100268547965739,0.14100268547965739
-336.90114577213535,0.17278371597441614,0.14131834250432151,0.14131834250432151
-336.4502594971418,0.17316283347974895,0.14163399952898567,0.14163399952898567
-335.9993732221483,0.17354195098508177,0.14194965655364986,0.14194965655364986
-335.54848694715474,0.1739210684904146,0.142265313578314,0.142265313578314
-335.0976006721612,0.17430018599574745,0.14258097060297822,0.14258097060297822
-334.64671439716767,0.17467930350108027,0.14289662762764235,0.14289662762764235
-334.19582812217413,0.17505842100641308,0.1432122846523065,0.1432122846523065
-333.7449418471806,0.1754375385117459,0.14352794167697067,0.14352794167697067
-333.29405557218706,0.17581665601707874,0.14384359870163485,0.14384359870163485
-332.8431692971935,0.17619577352241156,0.144159255726299,0.144159255726299
-332.3922830222,0.17657489102774437,0.1444749127509632,0.1444749127509632
-331.94139674720645,0.17695400853307722,0.14479056977562735,0.14479056977562735
-331.4905104722129,0.1773331260384101,0.1451062268002915,0.1451062268002915
-331.0396241972194,0.1777122435437429,0.14542188382495566,0.14542188382495566
-330.58873792222585,0.17809136104907575,0.14573754084961987,0.14573754084961987
-330.1378516472323,0.17847047855440853,0.146053197874284,0.146053197874284
-329.6869653722388,0.17884959605974138,0.1463688548989481,0.1463688548989481
-329.23607909724524,0.17922871356507422,0.14668451192361226,0.14668451192361226
-328.7851928222517,0.17960783107040704,0.14700016894827647,0.14700016894827647
-328.33430654725817,0.17998694857573985,0.14731582597294063,0.14731582597294063
-327.88342027226463,0.18036606608107267,0.1476314829976048,0.1476314829976048
-327.4325339972711,0.18074841848907308,0.14794714002226897,0.14794714002226897
-326.98164772227756,0.18113657503596603,0.14826279704693313,0.14826279704693313
-326.530761447284,0.18153499097270498,0.1485784540715973,0.1485784540715973
-326.0798751722905,0.18194200930084126,0.14889411109626147,0.14889411109626147
-325.62898889729695,0.18235669185636455,0.14920976812092562,0.14920976812092562
-325.1781026223034,0.1827790386392749,0.1495254251455898,0.1495254251455898
-324.7272163473099,0.18321104723758258,0.14984108217025396,0.14984108217025396
-324.27633007231634,0.18365225580173622,0.15015673919491812,0.15015673919491812
-323.8254437973228,0.18410112859327693,0.15047239621958228,0.15047239621958228
-323.37455752232927,0.1845576656122047,0.15078805324424643,0.15078805324424643
-322.92367124733573,0.18502326687208107,0.15110371026891056,0.15110371026891056
-322.4727849723422,0.18549866567225207,0.15141936729357472,0.15141936729357472
-322.02189869734866,0.1859771968502832,0.1517350243182389,0.1517350243182389
-321.5710124223551,0.1864570923403222,0.15205068134290306,0.15205068134290306
-321.1201261473616,0.18693698783036117,0.15236633836756722,0.15236633836756722
-320.66923987236805,0.18741688332040018,0.15268199539223143,0.15268199539223143
-320.2183535973745,0.18789677881043917,0.15299765241689559,0.15299765241689559
-319.767467322381,0.18837667430047816,0.15331330944155974,0.15331330944155974
-319.31658104738744,0.18885656979051715,0.1536289664662239,0.1536289664662239
-318.8656947723939,0.18933646528055612,0.15394462349088806,0.15394462349088806
-318.4148084974004,0.1898163607705951,0.1542602805155522,0.1542602805155522
-317.96392222240684,0.1902962562606341,0.1545759375402164,0.1545759375402164
-317.5130359474133,0.19077615175067308,0.15489159456488055,0.15489159456488055
-317.06214967241976,0.1912560472407121,0.1552072515895447,0.1552072515895447
-316.6112633974262,0.19173594273075104,0.1555229086142089,0.1555229086142089
-316.1603771224327,0.19221583822079003,0.15583856563887305,0.15583856563887305
-315.70949084743916,0.19269573371082904,0.15615422266353723,0.15615422266353723
-315.2586045724456,0.19317562920086803,0.1564698796882014,0.1564698796882014
-314.8077182974521,0.193655524690907,0.15678553671286552,0.15678553671286552
-314.35683202245855,0.19413542018094598,0.15710124151470936,0.15710124151470936
-313.905945747465,0.19461531567098497,0.1574214460608988,0.1574214460608988
-313.4550594724715,0.19509521116102396,0.15775084848553084,0.15775084848553084
-313.00417319747794,0.19557510665106295,0.15808930973811142,0.15808930973811142
-312.5532869224844,0.19605500214110194,0.1584368298186405,0.1584368298186405
-312.10240064749087,0.19653489763114093,0.1587967396248798,0.1587967396248798
-311.65151437249733,0.19701479312117992,0.1591665536200407,0.1591665536200407
-311.2006280975038,0.1974946886112189,0.15954542644315012,0.15954542644315012
-310.74974182251026,0.1979745841012579,0.15993335809420806,0.15993335809420806
-310.2988555475167,0.1984544795912969,0.16033297316049724,0.16033297316049724
-309.8479692725232,0.19893437508133585,0.160743198726187,0.160743198726187
-309.39708299752965,0.1994142705713749,0.16116248311982526,0.16116248311982526
-308.9461967225361,0.19989416606141389,0.16159005050807748,0.16159005050807748
-308.4953104475426,0.20037406155145285,0.16202482331289123,0.16202482331289123
-308.04442417254904,0.20085395704149184,0.16245959611770494,0.16245959611770494
-307.5935378975555,0.20133385253153083,0.1628943689225187,0.1628943689225187
-307.14265162256197,0.2018137480215698,0.16332914172733248,0.16332914172733248
-306.69176534756843,0.2022936435116088,0.16376391453214623,0.16376391453214623
-306.2408790725749,0.2027735390016478,0.16419868733695997,0.16419868733695997
-305.78999279758136,0.20325343449168676,0.16463346014177374,0.16463346014177374
-305.3391065225878,0.20373332998172575,0.16506823294658748,0.16506823294658748
-304.8882202475943,0.20421322547176474,0.1655030057514012,0.1655030057514012
-304.43733397260075,0.2046931209618037,0.16593777855621497,0.16593777855621497
-303.9864476976072,0.2051730164518427,0.16637255136102874,0.16637255136102874
-303.5355614226137,0.2056529119418817,0.16680732416584249,0.16680732416584249
-303.08467514762015,0.2061328074319207,0.1672420969706562,0.1672420969706562
-302.6337888726266,0.20661270292195968,0.16767686977546997,0.16767686977546997
-302.1829025976331,0.20709259841199865,0.1681116425802837,0.1681116425802837
-301.73201632263954,0.20757249390203764,0.16854641538509746,0.16854641538509746
-301.281130047646,0.20805238939207663,0.16898118818991123,0.16898118818991123
-300.83024377265247,0.20853228488211564,0.169415960994725,0.169415960994725
-300.37935749765893,0.20901218037215466,0.16985073379953872,0.16985073379953872
-299.9284712226654,0.2094920758621936,0.1702855066043525,0.1702855066043525
-299.47758494767186,0.20997197135223256,0.17072027940916623,0.17072027940916623
-299.0266986726783,0.21045186684227155,0.17115505221397995,0.17115505221397995
-298.5758123976848,0.21093176233231054,0.1715898250187937,0.1715898250187937
-298.12492612269125,0.21141165782234952,0.17202459782360746,0.17202459782360746
-297.6740398476977,0.21189155331238854,0.17245937062842123,0.17245937062842123
-297.2231535727042,0.21237144880242753,0.17289414343323498,0.17289414343323498
-296.77226729771064,0.21285134429246652,0.17332891623804875,0.17332891623804875
-296.3213810227171,0.2133312397825055,0.17376368904286246,0.17376368904286246
-295.87049474772357,0.21381113527254444,0.1741984618476762,0.1741984618476762
-295.41960847273003,0.21429103076258346,0.17463323465248998,0.17463323465248998
-294.9687221977365,0.21477092625262245,0.17506800745730372,0.17506800745730372
-294.51783592274296,0.2152508217426615,0.17550278026211746,0.17550278026211746
-294.0669496477494,0.21573071723270046,0.17593755306693123,0.17593755306693123
-293.6160633727559,0.21621357025836646,0.176372325871745,0.176372325871745
-293.16517709776235,0.21670218541145533,0.1768070986765587,0.1768070986765587
-292.7142908227688,0.21720523346177853,0.17724187148137246,0.17724187148137246
-292.2634045477753,0.21772079401367359,0.17767664428618624,0.17767664428618624
-291.81251827278174,0.21824730346062904,0.17811141709099998,0.17811141709099998
-291.3616319977882,0.21878476180264486,0.17854618989581375,0.17854618989581375
-290.9107457227947,0.21933579936420525,0.1789809627006275,0.1789809627006275
-290.45985944780114,0.21990020310502725,0.17941573550544124,0.17941573550544124
-290.0089731728076,0.22047555574090963,0.17985050831025498,0.17985050831025498
-289.55808689781406,0.2210618572718524,0.18028528111506875,0.18028528111506875
-289.1072006228205,0.22166088434465,0.1807200539198825,0.1807200539198825
-288.656314347827,0.22227413127439896,0.1811548267246962,0.1811548267246962
-288.20542807283346,0.22289422388214164,0.18158959952950998,0.18158959952950998
-287.7545417978399,0.22351808790589234,0.18202437233432373,0.18202437233432373
-287.3036555228464,0.224141951929643,0.1824591451391375,0.1824591451391375
-286.85276924785285,0.2247658159533937,0.18289391794395124,0.18289391794395124
-286.4018829728593,0.22538967997714435,0.18332869074876496,0.18332869074876496
-285.9509966978658,0.226013544000895,0.18376346355357873,0.18376346355357873
-285.50011042287224,0.22663740802464566,0.18419823635839247,0.18419823635839247
-285.0492241478787,0.22726127204839633,0.18463300916320624,0.18463300916320624
-284.59833787288517,0.22788513607214703,0.18506778196801996,0.18506778196801996
-284.14745159789163,0.2285090000958977,0.18550255477283373,0.18550255477283373
-283.6965653228981,0.22913286411964837,0.18593732757764747,0.18593732757764747
-283.24567904790456,0.229756728143399,0.18637210038246121,0.18637210038246121
-282.794792772911,0.23038059216714968,0.18680687318727499,0.18680687318727499
-282.3439064979175,0.23100445619090038,0.18724164599208873,0.18724164599208873
-281.89302022292395,0.23162832021465102,0.18767641879690247,0.18767641879690247
-281.4421339479304,0.23225218423840166,0.18811119160171622,0.18811119160171622
-280.9912476729369,0.23287604826215236,0.18854596440653,0.18854596440653
-280.54036139794334,0.233499912285903,0.18898075914537446,0.18898075914537446
-280.0894751229498,0.23412377630965372,0.18941642831339578,0.18941642831339578
-279.63858884795627,0.23474764033340437,0.18986151268310716,0.18986151268310716
-279.18770257296273,0.23537150435715506,0.1903156872694186,0.1903156872694186
-278.7368162979692,0.2359953683809057,0.19077895207233012,0.19077895207233012
-278.28593002297566,0.23661923240465635,0.19125446407830635,0.19125446407830635
-277.8350437479821,0.23724309642840707,0.1917401000438029,0.1917401000438029
-277.3841574729886,0.23786696045215772,0.19223482622589952,0.19223482622589952
-276.93327119799505,0.23849082447590836,0.19273864262459617,0.19273864262459617
-276.4823849230015,0.23911468849965906,0.19325399746852737,0.19325399746852737
-276.031498648008,0.2397385525234097,0.19378018502980904,0.19378018502980904
-275.58061237301445,0.24036241654716042,0.19431546280769085,0.19431546280769085
-275.1297260980209,0.24098628057091107,0.19485966536079477,0.19485966536079477
-274.6788398230274,0.2416101445946617,0.19541396667947344,0.19541396667947344
-274.22795354803384,0.2422340086184124,0.19596826799815206,0.19596826799815206
-273.7770672730403,0.24285787264216305,0.1965225693168307,0.1965225693168307
-273.32618099804677,0.24348173666591372,0.19707687063550935,0.19707687063550935
-272.87529472305323,0.24410560068966441,0.19763117195418797,0.19763117195418797
-272.4244084480597,0.2447294647134151,0.19818547327286662,0.19818547327286662
-271.97352217306616,0.24535332873716575,0.19873977459154524,0.19873977459154524
-271.5226358980726,0.2459771927609164,0.19929407591022388,0.19929407591022388
-271.0717496230791,0.24660105678466707,0.19984837722890253,0.19984837722890253
-270.62086334808555,0.24722492080841776,0.20040267854758118,0.20040267854758118
-270.169977073092,0.2478487848321684,0.2009569798662598,0.2009569798662598
-269.7190907980985,0.2484726488559191,0.2015112811849384,0.2015112811849384
-269.26820452310494,0.24909651287966975,0.20206558250361703,0.20206558250361703
-268.8173182481114,0.24972037690342044,0.20261988382229568,0.20261988382229568
-268.36643197311787,0.2503442409271711,0.20317418514097435,0.20317418514097435
-267.91554569812433,0.25096810495092176,0.20372848645965297,0.20372848645965297
-267.4646594231308,0.25159196897467245,0.20428278777833161,0.20428278777833161
-267.01377314813726,0.2522158329984231,0.20483708909701026,0.20483708909701026
-266.5628868731437,0.25283969702217374,0.20539139041568893,0.20539139041568893
-266.1120005981502,0.25346356104592443,0.20594569173436755,0.20594569173436755
-265.66111432315665,0.2540874250696751,0.20649999305304617,0.20649999305304617
-265.2102280481631,0.2547112890934258,0.20705429437172482,0.20705429437172482
-264.7593417731696,0.25533515311717647,0.20760859569040344,0.20760859569040344
-264.30845549817604,0.25595901714092717,0.2081628970090821,0.2081628970090821
-263.8575692231825,0.2565828811646778,0.2087171983277607,0.2087171983277607
-263.406682948189,0.25720674518842845,0.20927149964643932,0.20927149964643932
-262.95579667319544,0.25783060921217915,0.209825800965118,0.209825800965118
-262.5049103982019,0.2584544732359298,0.2103801022837966,0.2103801022837966
-262.05402412320836,0.2590783372596805,0.21093440360247526,0.21093440360247526
-261.6031378482148,0.25970220128343113,0.21148870492115387,0.21148870492115387
-261.1522515732213,0.2603260653071818,0.2120430062398325,0.2120430062398325
-260.70136529822776,0.2609499293309325,0.21259730755851114,0.21259730755851114
-260.2504790232342,0.26157379335468317,0.2131516088771898,0.2131516088771898
-259.7995927482407,0.26219863268229365,0.21370591019586843,0.21370591019586843
-259.34870647324715,0.2628262685746726,0.21426021151454708,0.21426021151454708
-258.8978201982536,0.26346574573186804,0.21481451283322575,0.21481451283322575
-258.4469339232601,0.2641158361120391,0.21536881415190437,0.21536881415190437
-257.99604764826654,0.2647750505668708,0.21592311547058307,0.21592311547058307
-257.545161373273,0.2654433890963632,0.2164774167892617,0.2164774167892617
-257.09427509827947,0.26612285749295256,0.2170317181079403,0.2170317181079403
-256.64338882328593,0.266813650510237,0.21758601942661887,0.21758601942661887
-256.1925025482924,0.26751356760218203,0.21814032074529752,0.21814032074529752
-255.74161627329886,0.26822260876878784,0.2186946220639762,0.2186946220639762
-255.29072999830532,0.26894206840477103,0.2192489233826548,0.2192489233826548
-254.8398437233118,0.2696735640591688,0.21980322470133343,0.21980322470133343
-254.38895744831825,0.27041284302187,0.22035752602001207,0.22035752602001207
-253.93807117332472,0.2711566807638024,0.22091182733869075,0.22091182733869075
-253.48718489833118,0.27190051850573477,0.2214661286573694,0.2214661286573694
-253.03629862333764,0.2726443562476672,0.222020429976048,0.222020429976048
-252.5854123483441,0.27338819398959957,0.22257473129472663,0.22257473129472663
-252.13452607335057,0.27413203173153194,0.22312903261340528,0.22312903261340528
-251.68363979835704,0.2748758694734642,0.22368333393208395,0.22368333393208395
-251.2327535233635,0.2756197072153966,0.2242376352507626,0.2242376352507626
-250.78186724836996,0.276363544957329,0.22479193656944121,0.22479193656944121
-250.33098097337643,0.2771073826992613,0.2253462378881199,0.2253462378881199
-249.8800946983829,0.27785122044119365,0.22590053920679845,0.22590053920679845
-249.42920842338935,0.2785950581831261,0.22645484052547712,0.22645484052547712
-248.97832214839582,0.2793388959250584,0.22700914184415572,0.22700914184415572
-248.52743587340228,0.28008273366699077,0.22756344316283433,0.22756344316283433
-248.07654959840875,0.2808265714089231,0.228117744481513,0.228117744481513
-247.6256633234152,0.2815704091508554,0.22867204580019165,0.22867204580019165
-247.17477704842167,0.28231424689278783,0.22922634711887033,0.22922634711887033
-246.72389077342814,0.2830580846347202,0.22978064843754895,0.22978064843754895
-246.2730044984346,0.2838019223766526,0.23033494975622756,0.23033494975622756
-245.82211822344107,0.284545760118585,0.23089283210000439,0.23089283210000439
-245.37123194844753,0.28528959786051733,0.23146131742660683,0.23146131742660683
-244.920345673454,0.28603343560244965,0.23204531219040322,0.23204531219040322
-244.46945939846046,0.28677727334438197,0.23264988632723135,0.23264988632723135
-244.01857312346692,0.2875211110863143,0.2332720500540274,0.2332720500540274
-243.5676868484734,0.2882649488282467,0.23390972321801737,0.23390972321801737
-243.11680057347985,0.2890087865701791,0.2345629058192012,0.2345629058192012
-242.6659142984863,0.28975262431211146,0.23523545853344674,0.23523545853344674
-242.21502802349278,0.2904964620540439,0.2359268100976303,0.2359268100976303
-241.76414174849924,0.2912402997959762,0.23663367109900774,0.23663367109900774
-241.3132554735057,0.29198413753790853,0.23735604153757903,0.23735604153757903
-240.86236919851217,0.29272797527984085,0.2380965728292421,0.2380965728292421
-240.41148292351863,0.2934718130217732,0.2388527381099159,0.2388527381099159
-239.9605966485251,0.29421565076370565,0.2396109751608469,0.2396109751608469
-239.50971037353156,0.294959488505638,0.24036921221177796,0.24036921221177796
-239.05882409853803,0.2957033262475704,0.24112744926270896,0.24112744926270896
-238.6079378235445,0.2964471639895028,0.24188568631363996,0.24188568631363996
-238.15705154855095,0.29719100173143514,0.24264392336457097,0.24264392336457097
-237.70616527355742,0.29793483947336735,0.24340216041550197,0.24340216041550197
-237.25527899856388,0.2986786772152997,0.24416039746643292,0.24416039746643292
-236.80439272357034,0.29942251495723204,0.24491863451736393,0.24491863451736393
-236.3535064485768,0.3001663526991645,0.24567687156829499,0.24567687156829499
-235.90262017358327,0.30091019044109685,0.246435108619226,0.246435108619226
-235.45173389858974,0.3016540281830292,0.247193345670157,0.247193345670157
-235.0008476235962,0.3023978659249616,0.247951582721088,0.247951582721088
-234.54996134860266,0.30314170366689397,0.24870981977201895,0.24870981977201895
-234.09907507360913,0.3038855414088263,0.24946805682294995,0.24946805682294995
-233.6481887986156,0.30462937915075866,0.25022629387388096,0.25022629387388096
-233.19730252362206,0.305373216892691,0.25098453092481204,0.25098453092481204
-232.74641624862852,0.30611705463462335,0.2517427679757431,0.2517427679757431
-232.29552997363498,0.3068608923765558,0.25250100502667405,0.25250100502667405
-231.84464369864145,0.30760473011848816,0.2532592420776051,0.2532592420776051
-231.3937574236479,0.3083485678604205,0.25401747912853606,0.25401747912853606
-230.94287114865438,0.30909240560235285,0.2547757161794671,0.2547757161794671
-230.49198487366084,0.30983624334428517,0.2555339532303981,0.2555339532303981
-230.0410985986673,0.31058008108621754,0.25629219028132916,0.25629219028132916
-229.59021232367377,0.31132391882814986,0.2570504273322602,0.2570504273322602
-229.13932604868023,0.3120677565700822,0.25780866438319117,0.25780866438319117
-228.6884397736867,0.31281159431201466,0.2585669014341222,0.2585669014341222
-228.23755349869316,0.31355543205394704,0.25932513848505323,0.25932513848505323
-227.78666722369962,0.31429926979587935,0.26008337553598426,0.26008337553598426
-227.3357809487061,0.3150431075378118,0.26084161258691524,0.26084161258691524
-226.88489467371255,0.31578694527974405,0.26159984963784627,0.26159984963784627
-226.43400839871902,0.31653078302167637,0.26235808668877725,0.26235808668877725
-225.98312212372548,0.31727462076360874,0.2631163237397082,0.2631163237397082
-225.53223584873194,0.3180217576040103,0.2638745607906392,0.2638745607906392
-225.0813495737384,0.3187918465005946,0.26463279784157023,0.26463279784157023
-224.63046329874487,0.31958569400905085,0.26539103489250127,0.26539103489250127
-224.17957702375134,0.32039961448644033,0.26614927194343224,0.26614927194343224
-223.7286907487578,0.3212336079327631,0.2669075089943633,0.2669075089943633
-223.27780447376426,0.3220916775765253,0.26766574604529425,0.26766574604529425
-222.82691819877073,0.32297507090750716,0.2684239830962254,0.2684239830962254
-222.3760319237772,0.3238785372074223,0.26918222014715637,0.26918222014715637
-221.92514564878365,0.32480207647627074,0.2699404571980874,0.2699404571980874
-221.47425937379012,0.32574812686721083,0.27069869424901843,0.27069869424901843
-221.02337309879658,0.32672106602071843,0.2714569312999494,0.2714569312999494
-220.57248682380305,0.32771407814315934,0.2722151683508804,0.2722151683508804
-220.1216005488095,0.32871966133798824,0.2729734054018114,0.2729734054018114
-219.67071427381597,0.32972744132145426,0.27373164245274245,0.27373164245274245
-219.21982799882244,0.3307352213049203,0.27448987950367343,0.27448987950367343
-218.7689417238289,0.3317430012883863,0.27524811655460446,0.27524811655460446
-218.31805544883537,0.33275078127185237,0.27600635360553544,0.27600635360553544
-217.86716917384183,0.33375856125531844,0.27676459065646647,0.27676459065646647
-217.4162828988483,0.3347663412387844,0.2775228277073975,0.2775228277073975
-216.96539662385476,0.3357741212222505,0.27828106475832853,0.27828106475832853
-216.51451034886122,0.3367819012057165,0.27903930180925945,0.27903930180925945
-216.0636240738677,0.3377896811891825,0.27979753886019054,0.27979753886019054
-215.61273779887415,0.33879746117264853,0.2805557759111215,0.2805557759111215
-215.1618515238806,0.3398052411561146,0.28131401296205255,0.28131401296205255
-214.71096524888708,0.3408130211395807,0.28207225001298347,0.28207225001298347
-214.26007897389354,0.3418208011230467,0.28283048706391456,0.28283048706391456
-213.8091926989,0.3428285811065127,0.28358872411484554,0.28358872411484554
-213.35830642390647,0.3438363610899787,0.28434696116577657,0.28434696116577657
-212.90742014891293,0.3448441410734448,0.28510519821670754,0.28510519821670754
-212.4565338739194,0.34585192105691087,0.2858634352676386,0.2858634352676386
-212.00564759892586,0.34685970104037683,0.2866216723185695,0.2866216723185695
-211.55476132393233,0.34786748102384285,0.28737990936950064,0.28737990936950064
-211.1038750489388,0.3488752610073089,0.2881381464204316,0.2881381464204316
-210.65298877394525,0.34988304099077494,0.28889638347136265,0.28889638347136265
-210.20210249895172,0.35089082097424107,0.2896546205222936,0.2896546205222936
-209.75121622395818,0.35189860095770703,0.29041285757322466,0.29041285757322466
-209.30032994896465,0.35290638094117305,0.29117109462415564,0.29117109462415564
-208.8494436739711,0.3539141609246391,0.2919293316750867,0.2919293316750867
-208.39855739897757,0.3549219409081051,0.29268756872601775,0.29268756872601775
-207.94767112398404,0.3559297208915712,0.2934458057769487,0.2934458057769487
-207.4967848489905,0.35693750087503723,0.29420404282787976,0.29420404282787976
-207.04589857399696,0.35794528085850325,0.29496227987881085,0.29496227987881085
-206.59501229900343,0.3589530608419692,0.29572051692974183,0.29572051692974183
-206.1441260240099,0.3599608408254353,0.2964787539806728,0.2964787539806728
-205.69323974901636,0.3609686208089014,0.2972369910316038,0.2972369910316038
-205.24235347402282,0.3619764007923674,0.2979952280825348,0.2979952280825348
-204.79146719902928,0.3629841807758334,0.2987534651334658,0.2987534651334658
-204.34058092403575,0.3639919607592994,0.2995117021843968,0.2995117021843968
-203.8896946490422,0.3649997407427655,0.3002699392353279,0.3002699392353279
-203.43880837404868,0.3660075207262315,0.3010281762862589,0.3010281762862589
-202.98792209905514,0.3670153007096976,0.30178641333718986,0.30178641333718986
-202.5370358240616,0.3680230806931636,0.3025446503881209,0.3025446503881209
-202.08614954906807,0.3690308606766296,0.30330288743905187,0.30330288743905187
-201.63526327407453,0.3700386406600957,0.3040611244899829,0.3040611244899829
-201.184376999081,0.37104642064356175,0.3048193615409139,0.3048193615409139
-200.73349072408746,0.37205420062702776,0.30557759859184497,0.30557759859184497
-200.28260444909392,0.37306198061049384,0.306335835642776,0.306335835642776
-199.8317181741004,0.3740697605939598,0.307094072693707,0.307094072693707
-199.38083189910685,0.3750775405774258,0.307852309744638,0.307852309744638
-198.92994562411332,0.37608532056089194,0.308610546795569,0.308610546795569
-198.47905934911978,0.377093100544358,0.3093687838465001,0.3093687838465001
-198.02817307412624,0.378100880527824,0.310127020897431,0.310127020897431
-197.5772867991327,0.37910866051128994,0.310885257948362,0.310885257948362
-197.12640052413917,0.380116440494756,0.311643494999293,0.311643494999293
-196.67551424914564,0.38112422047822214,0.31240173205022403,0.31240173205022403
-196.2246279741521,0.38213200046168816,0.31315996910115507,0.31315996910115507
-195.77374169915856,0.3831397804451542,0.31391820615208604,0.31391820615208604
-195.32285542416503,0.38414756042862014,0.3146764432030171,0.3146764432030171
-194.8719691491715,0.38515534041208616,0.3154346802539481,0.3154346802539481
-194.42108287417796,0.3861631203955523,0.3161929173048791,0.3161929173048791
-193.97019659918442,0.3871709003790183,0.3169511543558101,0.3169511543558101
-193.51931032419088,0.3881786803624844,0.3177093914067411,0.3177093914067411
-193.06842404919735,0.38918646034595034,0.3184676284576721,0.3184676284576721
-192.6175377742038,0.3901942403294163,0.31922586550860316,0.31922586550860316
-192.16665149921027,0.39120202031288237,0.319984194060318,0.319984194060318
-191.71576522421674,0.3922121047201533,0.3207534019389011,0.3207534019389011
-191.2648789492232,0.3932363875172291,0.3215449318265399,0.3215449318265399
-190.81399267422967,0.3942826413302279,0.32235851499493295,0.32235851499493295
-190.36310639923613,0.39534714328907133,0.3231941514440803,0.3231941514440803
-189.9122201242426,0.39642989339375956,0.3240600198677445,0.3240600198677445
-189.46133384924906,0.39753415865438513,0.3249499297793398,0.3249499297793398
-189.01044757425552,0.3986618177261014,0.32586189297168916,0.32586189297168916
-188.559561299262,0.39980772494366246,0.32679590944479286,0.32679590944479286
-188.10867502426845,0.40097188030706843,0.3277584384135381,0.3277584384135381
-187.6577887492749,0.4021561280312435,0.32874672834908975,0.32874672834908975
-187.20690247428138,0.40336519236167734,0.3297570715653956,0.3297570715653956
-186.75601619928784,0.404592504837956,0.33078762013708934,0.33078762013708934
-186.3051299242943,0.4058331189432235,0.3318358388232635,0.3318358388232635
-185.85424364930077,0.40708084631733843,0.3328840575094377,0.3328840575094377
-185.40335737430723,0.4083285736914534,0.33393227619561183,0.33393227619561183
-184.9524710993137,0.40957630106556836,0.334980494881786,0.334980494881786
-184.50158482432016,0.4108240284396833,0.3360287135679602,0.3360287135679602
-184.05069854932663,0.41207175581379824,0.3370769322541343,0.3370769322541343
-183.5998122743331,0.4133194831879132,0.33812515094030854,0.33812515094030854
-183.14892599933955,0.4145672105620281,0.3391733696264826,0.3391733696264826
-182.69803972434602,0.4158149379361431,0.3402215883126568,0.3402215883126568
-182.24715344935248,0.41706266531025804,0.34126980699883097,0.34126980699883097
-181.79626717435895,0.41831039268437303,0.3423180256850051,0.3423180256850051
-181.3453808993654,0.41955812005848797,0.34336624437117924,0.34336624437117924
-180.89449462437187,0.4208058474326029,0.34441446305735346,0.34441446305735346
-180.44360834937834,0.42205357480671785,0.3454626817435276,0.3454626817435276
-179.9927220743848,0.42330130218083284,0.3465109004297018,0.3465109004297018
-179.54183579939127,0.4245490295549477,0.34755911911587595,0.34755911911587595
-179.09094952439773,0.42579675692906266,0.34860733780205005,0.34860733780205005
-178.6400632494042,0.42704448430317754,0.3496555564882242,0.3496555564882242
-178.18917697441066,0.4282922116772926,0.3507037751743984,0.3507037751743984
-177.73829069941712,0.42953993905140747,0.35175199386057254,0.35175199386057254
-177.28740442442358,0.43078766642552246,0.3528002125467467,0.3528002125467467
-176.83651814943005,0.4320353937996374,0.3538484312329208,0.3538484312329208
-176.3856318744365,0.4332831211737524,0.3548966499190951,0.3548966499190951
-175.93474559944298,0.43453084854786733,0.35594486860526925,0.35594486860526925
-175.48385932444944,0.43577857592198227,0.35699308729144336,0.35699308729144336
-175.0329730494559,0.43702630329609715,0.3580413059776175,0.3580413059776175
-174.58208677446237,0.43827403067021214,0.3590895246637917,0.3590895246637917
-174.13120049946883,0.43952175804432714,0.3601377433499658,0.3601377433499658
-173.6803142244753,0.440769485418442,0.36118596203613995,0.36118596203613995
-173.22942794948176,0.44201721279255696,0.3622341807223141,0.3622341807223141
-172.77854167448822,0.44326494016667195,0.3632823994084883,0.3632823994084883
-172.3276553994947,0.44451266754078694,0.36433061809466244,0.36433061809466244
-171.87676912450115,0.4457603949149019,0.36537883678083666,0.36537883678083666
-171.42588284950762,0.4470081222890168,0.3664270554670108,0.3664270554670108
-170.97499657451408,0.44825584966313176,0.3674752741531849,0.3674752741531849
-170.52411029952054,0.4495035770372467,0.3685234928393591,0.3685234928393591
-170.073224024527,0.4507513044113617,0.36957171152553325,0.36957171152553325
-169.62233774953347,0.45199903178547657,0.3706199302117074,0.3706199302117074
-169.17145147453994,0.45324675915959156,0.3716681488978816,0.3716681488978816
-168.7205651995464,0.45449448653370644,0.37271636758405574,0.37271636758405574
-168.26967892455286,0.4557422139078214,0.3737645862702299,0.3737645862702299
-167.81879264955933,0.45698994128193626,0.37481280495640407,0.37481280495640407
-167.3679063745658,0.45823766865605126,0.37586102364257823,0.37586102364257823
-166.91702009957226,0.4594853960301662,0.37690924232875234,0.37690924232875234
-166.46613382457872,0.4607331234042812,0.3779574610149265,0.3779574610149265
-166.01524754958518,0.4619808507783962,0.3790056797011007,0.3790056797011007
-165.56436127459165,0.4632285781525111,0.38005389838727494,0.38005389838727494
-165.1134749995981,0.464476305526626,0.381102117073449,0.381102117073449
-164.66258872460457,0.46572403290074105,0.38215033575962315,0.38215033575962315
-164.21170244961104,0.466971760274856,0.3831985544457973,0.3831985544457973
-163.7608161746175,0.46821948764897087,0.38424677313197153,0.38424677313197153
-163.30992989962397,0.4694672150230858,0.38529499181814564,0.38529499181814564
-162.85904362463043,0.47071494239720074,0.3863432105043198,0.3863432105043198
-162.4081573496369,0.4719626697713157,0.38739142919049396,0.38739142919049396
-161.95727107464336,0.4732103971454307,0.38843964787666807,0.38843964787666807
-161.50638479964982,0.4744581245195456,0.3894878665628423,0.3894878665628423
-161.0554985246563,0.47570585189366055,0.3905360852490165,0.3905360852490165
-160.60461224966275,0.4769535792677755,0.39158430393519067,0.39158430393519067
-160.15372597466921,0.4782013066418904,0.3926325226213648,0.3926325226213648
-159.70283969967568,0.4794490340160055,0.393680741307539,0.393680741307539
-159.25195342468214,0.48069676139012035,0.3947289599937131,0.3947289599937131
-158.8010671496886,0.4819444887642353,0.3957771786798872,0.3957771786798872
-158.35018087469507,0.48319221613835023,0.39682543916040797,0.39682543916040797
-157.89929459970153,0.48444078592769413,0.39787553167996587,0.39787553167996587
-157.448408324708,0.4856939977023607,0.3989462030343279,0.3989462030343279
-156.99752204971446,0.4869606154456018,0.40003680378867373,0.40003680378867373
-156.54663577472093,0.48823818206558217,0.4011473339430035,0.4011473339430035
-156.0957494997274,0.4895266975623018,0.40228477794042306,0.40228477794042306
-155.64486322473385,0.4908278987679037,0.4034443546540239,0.4034443546540239
-155.19397694974032,0.4921433596183412,0.4046238607676087,0.4046238607676087
-154.74309067474678,0.4934697693455181,0.40582329628117736,0.40582329628117736
-154.29220439975325,0.4948071279494343,0.40704809175645845,0.40704809175645845
-153.8413181247597,0.4961563185859715,0.4082965738292981,0.4082965738292981
-153.39043184976617,0.4975206225436054,0.4095649853021218,0.4095649853021218
-152.93954557477264,0.49889587537797864,0.4108529843806991,0.4108529843806991
-152.4886592997791,0.5002803566237959,0.4121632575004581,0.4121632575004581
-152.03777302478557,0.5016720522907165,0.4134735306202172,0.4134735306202172
-151.58688674979203,0.5030637479576372,0.4147838037399762,0.4147838037399762
-151.1360004747985,0.5044554436245579,0.41609407685973526,0.41609407685973526
-150.68511419980496,0.5058471392914786,0.41740434997949416,0.41740434997949416
-150.23422792481142,0.5072388349583992,0.4187146230992532,0.4187146230992532
-149.78334164981788,0.5086305306253196,0.42002489621901223,0.42002489621901223
-149.33245537482435,0.5100222262922404,0.4213351693387713,0.4213351693387713
-148.8815690998308,0.511413921959161,0.4226454424585304,0.4226454424585304
-148.43068282483728,0.5128056176260816,0.42395571557828937,0.42395571557828937
-147.97979654984374,0.5141973132930023,0.4252659886980484,0.4252659886980484
-147.5289102748502,0.5155890089599229,0.4265762618178074,0.4265762618178074
-147.07802399985667,0.5169807046268435,0.42788653493756645,0.42788653493756645
-146.62713772486313,0.5183724002937642,0.42919680805732546,0.42919680805732546
-146.1762514498696,0.5197640959606847,0.4305070811770845,0.4305070811770845
-145.72536517487606,0.5211557916276053,0.4318173542968436,0.4318173542968436
-145.27447889988252,0.522547487294526,0.4331276274166026,0.4331276274166026
-144.823592624889,0.5239391829614467,0.4344379005363616,0.4344379005363616
-144.37270634989545,0.5253308786283674,0.43574817365612056,0.43574817365612056
-143.92182007490192,0.526722574295288,0.4370584467758796,0.4370584467758796
-143.47093379990838,0.5281142699622087,0.43836871989563864,0.43836871989563864
-143.02004752491484,0.5295059656291292,0.4396789930153977,0.4396789930153977
-142.5691612499213,0.5308976612960498,0.4409892661351567,0.4409892661351567
-142.11827497492777,0.5322893569629705,0.4422995392549157,0.4422995392549157
-141.66738869993424,0.5336810526298911,0.4436098123746747,0.4436098123746747
-141.2165024249407,0.5350727482968117,0.4449200854944337,0.4449200854944337
-140.76561614994716,0.5364644439637324,0.44623035861419275,0.44623035861419275
-140.31472987495363,0.5378561396306529,0.44754063173395175,0.44754063173395175
-139.8638435999601,0.5392478352975738,0.4488509048537108,0.4488509048537108
-139.41295732496656,0.5406395309644944,0.45016117797346983,0.45016117797346983
-138.96207104997302,0.5420312266314149,0.45147145109322884,0.45147145109322884
-138.51118477497948,0.5434229222983357,0.4527817242129879,0.4527817242129879
-138.06029849998595,0.5448146179652562,0.45409199733274697,0.45409199733274697
-137.6094122249924,0.5462063136321768,0.455402270452506,0.455402270452506
-137.15852594999888,0.5475980092990975,0.45671254357226504,0.45671254357226504
-136.70763967500534,0.5489897049660181,0.45802281669202405,0.45802281669202405
-136.2567534000118,0.5503814006329386,0.45933308981178306,0.45933308981178306
-135.80586712501827,0.5517730962998594,0.46064336293154196,0.46064336293154196
-135.35498085002473,0.5531647919667799,0.461953636051301,0.461953636051301
-134.9040945750312,0.5545564876337006,0.46326390917106003,0.46326390917106003
-134.45320830003766,0.5559481833006213,0.4645741822908191,0.4645741822908191
-134.00232202504412,0.5573398789675419,0.46588445541057827,0.46588445541057827
-133.5514357500506,0.5587315746344624,0.46719472853033717,0.46719472853033717
-133.10054947505705,0.5601232703013832,0.4685050016500962,0.4685050016500962
-132.64966320006351,0.5615149659683037,0.46981527476985513,0.46981527476985513
-132.19877692506998,0.5629066616352243,0.47112554788961425,0.47112554788961425
-131.74789065007644,0.5642983573021451,0.4724358210093732,0.4724358210093732
-131.2970043750829,0.5656900529690656,0.4737460941291323,0.4737460941291323
-130.84611810008937,0.5670817486359861,0.4750563672488913,0.4750563672488913
-130.39523182509583,0.5684734443029069,0.4763666403686503,0.4763666403686503
-129.9443455501023,0.5698651399698275,0.4776769134884093,0.4776769134884093
-129.49345927510876,0.571256835636748,0.47898718660816836,0.47898718660816836
-129.04257300011523,0.5726485313036689,0.48029745972792737,0.48029745972792737
-128.5916867251217,0.5740402269705893,0.4816077328476863,0.4816077328476863
-128.14080045012815,0.57543192263751,0.4829180059674455,0.4829180059674455
-127.68991417513462,0.5768236183044307,0.48422827908720456,0.48422827908720456
-127.23902790014108,0.5782153139713514,0.48553855220696357,0.48553855220696357
-126.78814162514755,0.5796070096382719,0.48684882532672247,0.48684882532672247
-126.33725535015401,0.5809987053051926,0.48815909844648164,0.48815909844648164
-125.88636907516047,0.5823904009721133,0.48946937156624054,0.48946937156624054
-125.43548280016694,0.5837820966390338,0.49077964468599955,0.49077964468599955
-124.9845965251734,0.5851737923059545,0.4920899178057585,0.4920899178057585
-124.53371025017987,0.5865654879728751,0.4934001909255176,0.4934001909255176
-124.08282397518633,0.58795730283014,0.4947104640452766,0.4947104640452766
-123.6319377001928,0.5893497098014202,0.4960244964234612,0.4960244964234612
-123.18105142519926,0.5907512029885703,0.49734266677185385,0.49734266677185385
-122.73016515020572,0.592159995417907,0.4986653665140614,0.4986653665140614
-122.27927887521219,0.5935760870894302,0.49999409061236744,0.49999409061236744
-121.82839260021865,0.5950004869753382,0.501327937262279,0.501327937262279
-121.37750632522511,0.5964345421939243,0.5026663133060054,0.5026663133060054
-120.92662005023158,0.5978758966546969,0.504009218743547,0.504009218743547
-120.47573377523804,0.5993245503576562,0.5053577953835193,0.5053577953835193
-120.0248475002445,0.6007809431581923,0.5067118477287648,0.5067118477287648
-119.57396122525097,0.6022475604082144,0.5080704294678253,0.5080704294678253
-119.12307495025743,0.603721476900423,0.5094335406007009,0.5094335406007009
-118.6721886752639,0.6052024595649651,0.5108019697823395,0.5108019697823395
-118.22130240027036,0.6066901339757697,0.5121716334931165,0.5121716334931165
-117.77041612527682,0.6081778083865745,0.5135414642378744,0.5135414642378744
-117.31952985028329,0.6096654827973793,0.5149112949826324,0.5149112949826324
-116.86864357528975,0.611153157208184,0.5162811257273904,0.5162811257273904
-116.41775730029622,0.6126408316189886,0.5176509564721483,0.5176509564721483
-115.96687102530268,0.6141285060297935,0.5190207872169063,0.5190207872169063
-115.51598475030914,0.6156161804405983,0.5203906179616641,0.5203906179616641
-115.06509847531561,0.617103854851403,0.5217604487064222,0.5217604487064222
-114.61421220032207,0.6185915292622077,0.5231302794511802,0.5231302794511802
-114.16332592532854,0.6200792036730125,0.5245001101959382,0.5245001101959382
-113.712439650335,0.6215668780838173,0.5258699409406962,0.5258699409406962
-113.26155337534146,0.623054552494622,0.527239771685454,0.527239771685454
-112.81066710034793,0.6245422269054267,0.5286096024302118,0.5286096024302118
-112.35978082535439,0.6260299013162316,0.5299794331749699,0.5299794331749699
-111.90889455036086,0.6275175757270363,0.5313492639197278,0.5313492639197278
-111.45800827536732,0.629005250137841,0.5327190946644859,0.5327190946644859
-111.00712200037378,0.6304929245486459,0.5340889254092438,0.5340889254092438
-110.55623572538025,0.6319805989594508,0.5354587561540017,0.5354587561540017
-110.10534945038671,0.6334682733702555,0.5368285868987598,0.5368285868987598
-109.65446317539318,0.6349559477810601,0.5381984176435176,0.5381984176435176
-109.20357690039964,0.6364436221918648,0.5395682483882758,0.5395682483882758
-108.7526906254061,0.6379312966026697,0.5409380791330337,0.5409380791330337
-108.30180435041257,0.6394189710134744,0.5423079098777915,0.5423079098777915
-107.85091807541903,0.6409066454242793,0.5436777406225495,0.5436777406225495
-107.4000318004255,0.6423943198350839,0.5450475713673073,0.5450475713673073
-106.94914552543196,0.6438819942458887,0.5464174021120652,0.5464174021120652
-106.49825925043842,0.6453696686566934,0.5477872328568234,0.5477872328568234
-106.04737297544489,0.6468573430674982,0.5491570636015812,0.5491570636015812
-105.59648670045135,0.6483450174783029,0.5505268943463394,0.5505268943463394
-105.14560042545781,0.6498326918891077,0.5518967250910973,0.5518967250910973
-104.69471415046428,0.6513203662999124,0.5532665558358554,0.5532665558358554
-104.24382787547074,0.6528080407107173,0.5546363865806133,0.5546363865806133
-103.7929416004772,0.6542957151215221,0.556006217325371,0.556006217325371
-103.34205532548367,0.6557833895323268,0.557376048070129,0.557376048070129
-102.89116905049013,0.6572710639431316,0.5587458788148869,0.5587458788148869
-102.4402827754966,0.6587587383539364,0.5601157095596448,0.5601157095596448
-101.98939650050306,0.660246412764741,0.561485540304403,0.561485540304403
-101.53851022550953,0.6617340871755458,0.562855371049161,0.562855371049161
-101.08762395051599,0.6632217615863507,0.5642252017939189,0.5642252017939189
-100.63673767552245,0.6647094359971554,0.5655950325386769,0.5655950325386769
-100.18585140052892,0.6661971104079601,0.5669648632834349,0.5669648632834349
-99.73496512553538,0.6676847848187648,0.5683346940281927,0.5683346940281927
-99.28407885054185,0.6691724592295697,0.5697045247729505,0.5697045247729505
-98.83319257554831,0.6706601336403742,0.5710743555177085,0.5710743555177085
-98.38230630055477,0.6721478080511791,0.5724441862624664,0.5724441862624664
-97.93142002556124,0.6736354824619838,0.5738140170072246,0.5738140170072246
-97.4805337505677,0.6751231568727887,0.5751838477519825,0.5751838477519825
-97.02964747557417,0.6766108312835936,0.5765536784967407,0.5765536784967407
-96.57876120058063,0.6780985056943983,0.5779235092414985,0.5779235092414985
-96.1278749255871,0.6795861801052031,0.5792933399862565,0.5792933399862565
-95.67698865059356,0.6810738545160079,0.5806631707310144,0.5806631707310144
-95.22610237560002,0.6825615289268125,0.5820330014757722,0.5820330014757722
-94.77521610060649,0.6840492033376172,0.58340283222053,0.58340283222053
-94.32432982561295,0.685536877748422,0.5847726629652881,0.5847726629652881
-93.87344355061941,0.6870245521592268,0.586142493710046,0.586142493710046
-93.42255727562588,0.6885122265700315,0.5875123244548042,0.5875123244548042
-92.97167100063234,0.6899999009808363,0.5888821551995621,0.5888821551995621
-92.5207847256388,0.691487575391641,0.5902519859443202,0.5902519859443202
-92.06989845064527,0.6929752498024458,0.5916218166890781,0.5916218166890781
-91.61901217565173,0.6944629242132506,0.5929916474338359,0.5929916474338359
-91.1681259006582,0.6959505986240553,0.5943614781785937,0.5943614781785937
-90.71723962566466,0.69743827303486,0.5957313089233517,0.5957313089233517
-90.26635335067112,0.6989259474456648,0.5971011396681096,0.5971011396681096
-89.81546707567759,0.7004136218564694,0.5984659914806814,0.5984659914806814
-89.36458080068405,0.7019195481010283,0.5998234978856505,0.5998234978856505
-88.91369452569052,0.7034429740804092,0.6011719454502041,0.6011719454502041
-88.46280825069698,0.7049846481889959,0.6025085290450256,0.6025085290450256
-88.01192197570344,0.7065467205738968,0.6038346826642661,0.6038346826642661
-87.56103570070991,0.7081333036085627,0.6051517774430916,0.6051517774430916
-87.11014942571637,0.7097381347724344,0.6064598133815015,0.6064598133815015
-86.65926315072284,0.7113612140655117,0.6077566916616303,0.6077566916616303
-86.2083768757293,0.7130032688410327,0.6090424336547275,0.6090424336547275
-85.75749060073576,0.7146712570601895,0.6103191168074092,0.6103191168074092
-85.30660432574223,0.7163574934085519,0.6115867411196756,0.6115867411196756
-84.85571805074869,0.7180619778861201,0.6128439140851119,0.6128439140851119
-84.40483177575516,0.7197841607204564,0.6140953083693264,0.6140953083693264
-83.95394550076162,0.7215117823031217,0.6153460231700068,0.6153460231700068
-83.50305922576808,0.723239403885787,0.616596737970687,0.616596737970687
-83.05217295077455,0.7249670254684523,0.6178474527713673,0.6178474527713673
-82.60128667578101,0.7266946470511175,0.6190981675720476,0.6190981675720476
-82.15040040078748,0.7284222686337826,0.6203488823727279,0.6203488823727279
-81.69951412579394,0.7301498902164479,0.6215995971734081,0.6215995971734081
-81.2486278508004,0.7318775117991131,0.6228503119740884,0.6228503119740884
-80.79774157580687,0.7336051333817784,0.6241010267747685,0.6241010267747685
-80.34685530081333,0.7353327549644435,0.6253517415754489,0.6253517415754489
-79.8959690258198,0.7370603765471088,0.6266024563761291,0.6266024563761291
-79.44508275082626,0.7387879981297739,0.6278531711768094,0.6278531711768094
-78.99419647583272,0.7405156197124392,0.6291038859774898,0.6291038859774898
-78.54331020083919,0.7422432412951044,0.6303546007781701,0.6303546007781701
-78.09242392584565,0.7439708628777697,0.6316053155788504,0.6316053155788504
-77.64153765085211,0.7456984844604349,0.6328560303795305,0.6328560303795305
-77.19065137585858,0.7474261060431001,0.6341067451802107,0.6341067451802107
-76.73976510086504,0.7491537276257654,0.6353574599808909,0.6353574599808909
-76.2888788258715,0.7508813492084306,0.6366081747815712,0.6366081747815712
-75.83799255087797,0.7526089707910958,0.6378588895822516,0.6378588895822516
-75.38710627588443,0.7543365923737609,0.6391096043829319,0.6391096043829319
-74.9362200008909,0.7560642139564263,0.6403603191836121,0.6403603191836121
-74.48533372589736,0.7577918355390916,0.6416110339842925,0.6416110339842925
-74.03444745090383,0.7595194571217567,0.6428617487849728,0.6428617487849728
-73.58356117591029,0.7612470787044219,0.6441124635856531,0.6441124635856531
-73.13267490091675,0.7629747002870871,0.6453631783863334,0.6453631783863334
-72.68178862592322,0.7647023218697523,0.6466138931870136,0.6466138931870136
-72.23090235092968,0.7664299434524176,0.6478646079876937,0.6478646079876937
-71.78001607593615,0.7681575650350828,0.649115322788374,0.649115322788374
-71.32912980094261,0.7698851866177481,0.6503660375890543,0.6503660375890543
-70.87824352594907,0.7716128082004132,0.6516167523897346,0.6516167523897346
-70.42735725095554,0.7733404297830785,0.652867467190415,0.652867467190415
-69.976470975962,0.7750680513657437,0.6541181819910953,0.6541181819910953
-69.52558470096847,0.7767956729484091,0.6553688967917756,0.6553688967917756
-69.07469842597493,0.7785232945310742,0.6566196115924559,0.6566196115924559
-68.6238121509814,0.7802509161137394,0.6578703263931363,0.6578703263931363
-68.17292587598786,0.7819785376964048,0.6591210411938165,0.6591210411938165
-67.72203960099432,0.7837061592790698,0.6603717559944967,0.6603717559944967
-67.27115332600079,0.785433780861735,0.6616224707951769,0.6616224707951769
-66.82026705100725,0.7871614024444002,0.6628731855958571,0.6628731855958571
-66.36938077601371,0.7888890240270655,0.6641239003965373,0.6641239003965373
-65.91849450102018,0.7906166456097308,0.6653746151972177,0.6653746151972177
-65.46760822602664,0.7923442671923959,0.6666253299978981,0.6666253299978981
-65.0167219510331,0.7940718887750612,0.6678760447985783,0.6678760447985783
-64.56583567603957,0.7957995103577263,0.6691267595992585,0.6691267595992585
-64.11494940104603,0.7975271319403917,0.6703774743999387,0.6703774743999387
-63.6640631260525,0.799254753523057,0.6716281892006191,0.6716281892006191
-63.21317685105896,0.8009823751057222,0.6728789040012993,0.6728789040012993
-62.762290576065425,0.8027099966883874,0.6741296188019795,0.6741296188019795
-62.31140430107189,0.8044376182710524,0.6753803336026597,0.6753803336026597
-61.86051802607835,0.8061652398537178,0.6766310484033401,0.6766310484033401
-61.40963175108482,0.8078928614363831,0.6778817632040204,0.6778817632040204
-60.95874547609128,0.8096204830190482,0.6791324780047007,0.6791324780047007
-60.507859201097745,0.8113481046017134,0.6803831928053812,0.6803831928053812
-60.05697292610421,0.8130757261843787,0.6816339076060614,0.6816339076060614
-59.60608665111067,0.814803347767044,0.6828846224067415,0.6828846224067415
-59.155200376117136,0.8165309693497091,0.6841353372074219,0.6841353372074219
-58.7043141011236,0.8182585909323744,0.6853860520081021,0.6853860520081021
-58.253427826130064,0.8199862125150396,0.6866367668087823,0.6866367668087823
-57.80254155113653,0.8217138340977048,0.6878874816094624,0.6878874816094624
-57.35165527614299,0.82344145568037,0.689138196410143,0.689138196410143
-56.900769001149456,0.8251690772630353,0.6903889112108232,0.6903889112108232
-56.44988272615592,0.8268966988457006,0.6916396260115034,0.6916396260115034
-55.998996451162384,0.828624320428366,0.6928891722481836,0.6928891722481836
-55.54811017616885,0.8303205674703684,0.6941354600458781,0.6941354600458781
-55.09722390117531,0.8319734106099795,0.6953772184165283,0.6953772184165283
-54.646337626181776,0.8335788085452762,0.6966131371998341,0.6966131371998341
-54.19545135118824,0.8351321388324523,0.6978437485810025,0.6978437485810025
-53.744565076194704,0.8366207733916605,0.6990698305351264,0.6990698305351264
-53.29367880120117,0.8380619627465543,0.7002913830622058,0.7002913830622058
-52.84279252620763,0.8394557068971336,0.7015074491581994,0.7015074491581994
-52.391906251214095,0.8408010826689873,0.7027178546957972,0.7027178546957972
-51.94101997622056,0.8420780634434782,0.7039237308063505,0.7039237308063505
-51.49013370122702,0.8433075990136544,0.7051250774898592,0.7051250774898592
-51.03924742623349,0.8444896893795163,0.7063212908985406,0.7063212908985406
-50.58836115123995,0.845625762471586,0.7075129090547565,0.7075129090547565
-50.137474876246415,0.8467295205082843,0.7087040657935001,0.7087040657935001
-49.68658860125288,0.8478332785449825,0.7098952225322439,0.7098952225322439
-49.23570232625934,0.8489370365816806,0.7110863792709877,0.7110863792709877
-48.78481605126581,0.850040794618379,0.7122775360097316,0.7122775360097316
-48.33392977627227,0.8511445526550772,0.7134686927484755,0.7134686927484755
-47.883043501278735,0.8522483106917754,0.7146598494872192,0.7146598494872192
-47.4321572262852,0.8533520687284736,0.7158510062259631,0.7158510062259631
-46.98127095129166,0.8544558267651718,0.717042162964707,0.717042162964707
-46.53038467629813,0.8555595848018699,0.7182333197034508,0.7182333197034508
-46.07949840130459,0.8566633428385682,0.7194244764421946,0.7194244764421946
-45.628612126311054,0.8577671008752663,0.7206156331809384,0.7206156331809384
-45.17772585131752,0.8588708589119646,0.7218067899196821,0.7218067899196821
-44.72683957632398,0.8599746169486627,0.7229979466584259,0.7229979466584259
-44.275953301330446,0.861078374985361,0.7241891033971697,0.7241891033971697
-43.82506702633691,0.8621821330220593,0.7253802601359134,0.7253802601359134
-43.374180751343374,0.8632858910587576,0.7265714168746573,0.7265714168746573
-42.92329447634984,0.8643896490954557,0.727762573613401,0.727762573613401
-42.4724082013563,0.8654934071321541,0.728953730352145,0.728953730352145
-42.021521926362766,0.8665971651688522,0.7301448870908889,0.7301448870908889
-41.57063565136923,0.8677009232055506,0.7313360438296327,0.7313360438296327
-41.119749376375694,0.8688046812422487,0.7325272005683764,0.7325272005683764
-40.66886310138216,0.869908439278947,0.7337183573071201,0.7337183573071201
-40.21797682638862,0.8710121973156453,0.7349095140458639,0.7349095140458639
-39.767090551395086,0.8721159553523434,0.7361006707846077,0.7361006707846077
-39.31620427640155,0.8732197133890416,0.7372918275233515,0.7372918275233515
-38.86531800140801,0.8743234714257399,0.7384829842620954,0.7384829842620954
-38.41443172641448,0.875427229462438,0.7396741410008392,0.7396741410008392
-37.96354545142094,0.8765309874991363,0.740865297739583,0.740865297739583
-37.512659176427405,0.8776347455358345,0.7420564544783268,0.7420564544783268
-37.06177290143387,0.8787385035725327,0.7432476112170707,0.7432476112170707
-36.61088662644033,0.879842261609231,0.7444387679558144,0.7444387679558144
-36.1600003514468,0.8809460196459291,0.7456299246945584,0.7456299246945584
-35.70911407645326,0.8820497776826273,0.7468210814333021,0.7468210814333021
-35.258227801459725,0.8831535357193254,0.7480122381720459,0.7480122381720459
-34.80734152646619,0.8842572937560237,0.7492033949107897,0.7492033949107897
-34.35645525147265,0.885361051792722,0.7503945516495334,0.7503945516495334
-33.90556897647912,0.8864648098294202,0.7515857083882772,0.7515857083882772
-33.45468270148558,0.8875685678661184,0.752776865127021,0.752776865127021
-33.003796426492045,0.8886723259028165,0.753968021865765,0.753968021865765
-32.55291015149851,0.8897760839395148,0.7551591786045088,0.7551591786045088
-32.10202387650497,0.8908798419762132,0.7563503353432527,0.7563503353432527
-31.651137601511437,0.8919836000129113,0.7575414920819965,0.7575414920819965
-31.2002513265179,0.8930873580496097,0.7587326488207403,0.7587326488207403
-30.749365051524364,0.8941911160863079,0.759923805559484,0.759923805559484
-30.29847877653083,0.8952948741230061,0.7611149622982277,0.7611149622982277
-29.847592501537292,0.8963986321597043,0.7623061190369715,0.7623061190369715
-29.396706226543756,0.8975023901964027,0.7634972757757154,0.7634972757757154
-28.94581995155022,0.8986061482331008,0.7646884325144592,0.7646884325144592
-28.494933676556684,0.8997099062697991,0.765879589253203,0.765879589253203
-28.044047401563148,0.9008136643064972,0.7670707459919468,0.7670707459919468
-27.593161126569612,0.9019174223431955,0.7682619027306906,0.7682619027306906
-27.142274851576076,0.9030211803798937,0.7694530594694344,0.7694530594694344
-26.69138857658254,0.9041249384165919,0.7706442162081784,0.7706442162081784
-26.240502301589004,0.9052286964532902,0.7718353729469221,0.7718353729469221
-25.789616026595468,0.9063324544899884,0.7730265296856658,0.7730265296856658
-25.33872975160193,0.9074362125266865,0.7742176864244097,0.7742176864244097
-24.887843476608396,0.9085399705633848,0.7754088431631535,0.7754088431631535
-24.43695720161486,0.9096437286000829,0.7765999999018973,0.7765999999018973
-23.986070926621323,0.9107474866367812,0.777791156640641,0.777791156640641
-23.535184651627787,0.9118512446734793,0.7789823133793848,0.7789823133793848
-23.08429837663425,0.9129550027101776,0.7801734701181287,0.7801734701181287
-22.633412101640715,0.9140587607468756,0.7813646268568724,0.7813646268568724
-22.18252582664718,0.9151625187835739,0.7825557835956162,0.7825557835956162
-21.731639551653643,0.9162424354123538,0.7837071908811922,0.7837071908811922
-21.280753276660107,0.9172547595468565,0.7847972513951905,0.7847972513951905
-20.82986700166657,0.9181904414647278,0.785806851674785,0.785806851674785
-20.378980726673035,0.9190435777504292,0.7867408549135635,0.7867408549135635
-19.9280944516795,0.9197906419967342,0.7876114464083893,0.7876114464083893
-19.477208176685963,0.9204610640264077,0.7884186261592626,0.7884186261592626
-19.026321901692427,0.9210548438394499,0.7891502898450552,0.7891502898450552
-18.57543562669889,0.9215719814358608,0.7898014123207084,0.7898014123207084
-18.124549351705355,0.9219772159018216,0.7903891230524093,0.7903891230524093
-17.67366307671182,0.922305735826666,0.7909134220401575,0.7909134220401575
-17.222776801718283,0.9225576135348792,0.791367149132148,0.791367149132148
-16.771890526724746,0.9227342895829448,0.7917353908446764,0.7917353908446764
-16.32100425173121,0.9228302685252268,0.7920942048660633,0.7920942048660633
-15.870117976737674,0.9229262474675092,0.7924515518234011,0.7924515518234011
-15.419231701744138,0.9230222264097913,0.7928088987807386,0.7928088987807386
-14.968345426750602,0.9231182053520735,0.7931662457380764,0.7931662457380764
-14.517459151757066,0.9232141842943555,0.793523592695414,0.793523592695414
-14.06657287676353,0.9233101632366377,0.7938809396527515,0.7938809396527515
-13.615686601769994,0.9234061421789198,0.7942382866100894,0.7942382866100894
-13.164800326776458,0.9235021211212021,0.794595633567427,0.794595633567427
-12.713914051782922,0.9235981000634841,0.7949529805247646,0.7949529805247646
-12.263027776789386,0.9236940790057664,0.7953103274821022,0.7953103274821022
-11.81214150179585,0.9237900579480486,0.79566767443944,0.79566767443944
-11.361255226802314,0.9238860368903308,0.7960250213967774,0.7960250213967774
-10.910368951808778,0.9239820158326129,0.7963823683541152,0.7963823683541152
-10.459482676815242,0.924077994774895,0.7967397153114529,0.7967397153114529
-10.008596401821706,0.9241739737171774,0.7970970622687906,0.7970970622687906
-9.55771012682817,0.9242699526594595,0.7974544092261282,0.7974544092261282
-9.106823851834633,0.9243659316017416,0.7978117561834659,0.7978117561834659
-8.655937576841097,0.9244619105440237,0.7981691031408035,0.7981691031408035
-8.205051301847561,0.9245578894863059,0.7985264500981412,0.7985264500981412
-7.754165026854025,0.9246538684285881,0.798883797055479,0.798883797055479
-7.303278751860489,0.9247498473708702,0.7992411440128165,0.7992411440128165
-6.852392476866953,0.9248458263131523,0.7995984909701541,0.7995984909701541
-6.401506201873417,0.9249418052554347,0.7999558379274918,0.7999558379274918
-5.950619926879881,0.9250377841977168,0.8003131848848295,0.8003131848848295
-5.499733651886345,0.9251337631399988,0.8006705318421671,0.8006705318421671
-5.048847376892809,0.925229742082281,0.8010278787995049,0.8010278787995049
-4.597961101899273,0.9253257210245633,0.8013852257568426,0.8013852257568426
-4.147074826905737,0.9254216999668455,0.8017425727141803,0.8017425727141803
-3.6961885519122006,0.9255176789091276,0.8020999196715177,0.8020999196715177
-3.2453022769186646,0.9256136578514097,0.8024572666288554,0.8024572666288554
-2.7944160019251285,0.9257096367936919,0.8028146135861931,0.8028146135861931
-2.3435297269315924,0.9258021101138808,0.8031719605435307,0.8031719605435307
-1.8926434519380564,0.9258902417469289,0.8035293075008685,0.8035293075008685
-1.4417571769445203,0.9259755563622907,0.8038866544582062,0.8038866544582062
-0.9908709019509843,0.9260608709776527,0.8042440014155438,0.8042440014155438
-0.5399846269574482,0.9261461855930146,0.8046013483728813,0.8046013483728813
-0.08909835196391214,0.9262718056112967,0.804958695330219,0.804958695330219
0.0,0.926325071394961,0.805029309644169,0.805029309644169
0.3617879230296239,0.9264252266743743,0.8053160422875566,0.8053160422875566
0.81267419802316,0.9265143646116247,0.8056733892448944,0.8056733892448944
1.263560473016696,0.9265996792269868,0.8060307362022321,0.8060307362022321
1.7144467480102321,0.9266849938423487,0.8063880831595698,0.8063880831595698
2.165333023003768,0.9267703084577107,0.8067454301169074,0.8067454301169074
2.6162192979973042,0.9268625956816968,0.8071027770742449,0.8071027770742449
3.0671055729908403,0.9269573630433602,0.8074601240315828,0.8074601240315828
3.5179918479843764,0.9270533419856422,0.8078174709889204,0.8078174709889204
3.9688781229779124,0.9271493209279246,0.808174817946258,0.808174817946258
4.4197643979714485,0.9272452998702065,0.8085321649035957,0.8085321649035957
4.8706506729649846,0.9273412788124887,0.8088895118609333,0.8088895118609333
5.321536947958521,0.927437257754771,0.8092468588182709,0.8092468588182709
5.772423222952057,0.9275332366970531,0.8096042057756085,0.8096042057756085
6.223309497945593,0.9276292156393354,0.8099615527329462,0.8099615527329462
6.674195772939129,0.9277251945816175,0.810318899690284,0.810318899690284
7.125082047932665,0.9278211735238996,0.8106762466476217,0.8106762466476217
7.575968322926201,0.9279171524661818,0.8110335936049594,0.8110335936049594
8.026854597919737,0.928013131408464,0.8113909405622969,0.8113909405622969
8.477740872913273,0.9281091103507462,0.8117482875196345,0.8117482875196345
8.92862714790681,0.9282050892930284,0.8121056344769723,0.8121056344769723
9.379513422900345,0.9283010682353104,0.81246298143431,0.81246298143431
9.830399697893881,0.9283970471775927,0.8128203283916476,0.8128203283916476
10.281285972887417,0.9284930261198747,0.8131776753489853,0.8131776753489853
10.732172247880953,0.928589005062157,0.8135350223063228,0.8135350223063228
11.18305852287449,0.9286849840044391,0.8138923692636604,0.8138923692636604
11.633944797868025,0.9287809629467212,0.8142497162209981,0.8142497162209981
12.084831072861562,0.9288769418890035,0.8145945514401766,0.8145945514401766
12.535717347855098,0.9289,0.8149124026823943,0.8149124026823943
12.986603622848634,0.9288374498944642,0.8151576753566765,0.8151576753566765
13.43748989784217,0.9286823489349948,0.8153150729472104,0.8153150729472104
13.888376172835706,0.9284042358546646,0.8154,0.8154
14.339262447829242,0.9280385317014793,0.8153813786569281,0.8153813786569281
14.437338046263903,0.9279491223240273,0.815331642877279,0.815331642877279
14.790148722822778,0.927585236475439,0.8151275787706552,0.8151275787706552
15.241034997816314,0.9270443501765437,0.8148461720564115,0.8148461720564115
15.69192127280985,0.9263773616093157,0.8145019263598735,0.8145019263598735
16.142807547803386,0.9256209123356259,0.8140852101255912,0.8140852101255912
16.593693822796922,0.9247768719890814,0.8135893188235429,0.8135893188235429
17.04458009779046,0.923845240569682,0.8130196714443363,0.8130196714443363
17.495466372783994,0.9227943362966351,0.812432028524312,0.812432028524312
17.94635264777753,0.9217397722692355,0.8118364503692249,0.8118364503692249
18.397238922771066,0.9206840040940608,0.8112408722141379,0.8112408722141379
18.848125197764602,0.9196282359188857,0.8106452940590511,0.8106452940590511
19.29901147275814,0.9185724677437112,0.8100497159039639,0.8100497159039639
19.749897747751675,0.9175166995685362,0.809454137748877,0.809454137748877
20.20078402274521,0.9164609313933613,0.8088585595937898,0.8088585595937898
20.651670297738747,0.9154051632181865,0.808262981438703,0.808262981438703
21.102556572732283,0.9143493950430118,0.8076674032836161,0.8076674032836161
21.55344284772582,0.9132936268678369,0.8070718251285289,0.8070718251285289
22.004329122719355,0.912237858692662,0.8064762469734418,0.8064762469734418
22.45521539771289,0.9111820905174872,0.805880668818355,0.805880668818355
22.906101672706427,0.9101263223423125,0.805285090663268,0.805285090663268
23.356987947699963,0.9090705541671377,0.8046895125081809,0.8046895125081809
23.8078742226935,0.9080147859919627,0.804093934353094,0.804093934353094
24.258760497687035,0.906959017816788,0.803498356198007,0.803498356198007
24.70964677268057,0.9059032496416131,0.8029027780429201,0.8029027780429201
25.160533047674107,0.9048474814664382,0.802307199887833,0.802307199887833
25.611419322667643,0.9037917132912634,0.801711621732746,0.801711621732746
26.06230559766118,0.9027359451160886,0.8011160435776591,0.8011160435776591
26.513191872654716,0.9016801769409136,0.8005204654225719,0.8005204654225719
26.96407814764825,0.900624408765739,0.799924887267485,0.799924887267485
27.414964422641788,0.8995686405905641,0.799329309112398,0.799329309112398
27.865850697635324,0.8985128724153892,0.798733730957311,0.798733730957311
28.31673697262886,0.8974571042402144,0.798138152802224,0.798138152802224
28.767623247622396,0.8964013360650396,0.797542574647137,0.797542574647137
29.218509522615932,0.8953455678898647,0.7969469964920499,0.7969469964920499
29.669395797609468,0.89428979971469,0.796351418336963,0.796351418336963
30.120282072603004,0.8932340315395151,0.7957558401818762,0.7957558401818762
30.57116834759654,0.8921782633643403,0.7951602620267889,0.7951602620267889
31.022054622590076,0.8911224951891654,0.7945646838717021,0.7945646838717021
31.472940897583612,0.8900667270139905,0.7939691057166152,0.7939691057166152
31.92382717257715,0.8890109588388158,0.7933735275615281,0.7933735275615281
32.374713447570684,0.8879551906636408,0.7927779494064411,0.7927779494064411
32.82559972256422,0.8868994224884661,0.792182371251354,0.792182371251354
33.27648599755776,0.8858436543132913,0.791586793096267,0.791586793096267
33.72737227255129,0.8847878861381163,0.7909912149411801,0.7909912149411801
34.17825854754483,0.8837321179629416,0.7903956367860931,0.7903956367860931
34.629144822538365,0.8826763497877669,0.789800058631006,0.789800058631006
35.0800310975319,0.8816205816125919,0.7892044804759191,0.7892044804759191
35.53091737252544,0.8805648134374172,0.7886089023208321,0.7886089023208321
35.98180364751897,0.8795090452622423,0.7880133241657451,0.7880133241657451
36.43268992251251,0.8784532770870674,0.7874177460106581,0.7874177460106581
36.883576197506045,0.8773975089118926,0.786822167855571,0.786822167855571
37.33446247249958,0.8763417407367179,0.7862265897004841,0.7862265897004841
37.78534874749312,0.875285972561543,0.785631011545397,0.785631011545397
38.23623502248665,0.8742302043863682,0.78503543339031,0.78503543339031
38.68712129748019,0.8731744362111933,0.784439855235223,0.784439855235223
39.138007572473725,0.8721186680360185,0.783844277080136,0.783844277080136
39.58889384746726,0.8710628998608437,0.7832486989250491,0.7832486989250491
40.0397801224608,0.8700071316856689,0.7826531207699622,0.7826531207699622
40.49066639745433,0.8689513635104941,0.7820575426148751,0.7820575426148751
40.94155267244787,0.8678955953353191,0.7814619644597881,0.7814619644597881
41.392438947441406,0.8668398271601443,0.7808663863047011,0.7808663863047011
41.84332522243494,0.8657840589849697,0.780270808149614,0.780270808149614
42.29421149742848,0.8647282908097946,0.7796752299945272,0.7796752299945272
42.745097772422014,0.8636725226346197,0.7790796518394402,0.7790796518394402
43.19598404741555,0.8626167544594451,0.7784840736843531,0.7784840736843531
43.646870322409086,0.8615609862842701,0.7778884955292661,0.7778884955292661
44.09775659740262,0.8605052181090953,0.7772929173741792,0.7772929173741792
44.54864287239616,0.8594494499339205,0.7766973392190921,0.7766973392190921
44.999529147389694,0.8583936817587456,0.7761017610640051,0.7761017610640051
45.45041542238323,0.8573379135835708,0.7755061829089182,0.7755061829089182
45.901301697376766,0.856282145408396,0.7748965219409802,0.7748965219409802
46.3521879723703,0.8551997724236194,0.7742596885556382,0.7742596885556382
46.80307424736384,0.8540815193542408,0.7735616693973755,0.7735616693973755
47.253960522357374,0.8529178843702487,0.7728022196771845,0.7728022196771845
47.70484679735091,0.8516918498700256,0.7719929464827672,0.7719929464827672
48.15573307234445,0.8504220198563542,0.7711338498141228,0.7711338498141228
48.60661934733798,0.849108394329235,0.7702174520739945,0.7702174520739945
49.05750562233152,0.8477509732886679,0.7692357390705016,0.7692357390705016
49.508391897325055,0.8463313946350892,0.7682042025927815,0.7682042025927815
49.95927817231859,0.8448661921636773,0.767122842640835,0.767122842640835
50.41016444731213,0.8433571941788176,0.7659880663188412,0.7659880663188412
50.86105072230566,0.8418044006805098,0.7647840900320458,0.7647840900320458
51.3119369972992,0.8401928642747418,0.763549119738189,0.763549119738189
51.762823272292735,0.83856591946621,0.7622984058375054,0.7622984058375054
52.21370954728627,0.8369342780344663,0.7610476919368218,0.7610476919368218
52.66459582227981,0.8353026366027227,0.7597969780361381,0.7597969780361381
53.11548209727334,0.8336709951709791,0.7585462641354545,0.7585462641354545
53.56636837226688,0.8320393537392354,0.7572955502347709,0.7572955502347709
54.017254647260415,0.8304077123074919,0.756044836334087,0.756044836334087
54.46814092225395,0.8287760708757483,0.7547941224334034,0.7547941224334034
54.91902719724749,0.8271444294440045,0.7535434085327197,0.7535434085327197
55.369913472241024,0.8255127880122608,0.752292694632036,0.752292694632036
55.82079974723456,0.8238811465805173,0.7510419807313524,0.7510419807313524
56.271686022228096,0.8222495051487736,0.7497912668306688,0.7497912668306688
56.72257229722163,0.82061786371703,0.7485405529299851,0.7485405529299851
57.17345857221517,0.8189862222852864,0.7472898390293016,0.7472898390293016
57.624344847208704,0.8173545808535427,0.7460391251286178,0.7460391251286178
58.07523112220224,0.8157229394217991,0.7447884112279342,0.7447884112279342
58.526117397195776,0.8140912979900555,0.7435376973272504,0.7435376973272504
58.97700367218931,0.8124596565583119,0.7422869834265666,0.7422869834265666
59.42788994718285,0.8108280151265682,0.7410362695258831,0.7410362695258831
59.878776222176384,0.8091963736948246,0.7397855556251995,0.7397855556251995
60.32966249716992,0.8075647322630809,0.738534841724516,0.738534841724516
60.780548772163456,0.8059330908313371,0.7372841278238323,0.7372841278238323
61.23143504715699,0.8043014493995936,0.7360334139231486,0.7360334139231486
61.68232132215053,0.80266980796785,0.7347827000224648,0.7347827000224648
62.133207597144064,0.8010381665361065,0.7335319861217812,0.7335319861217812
62.5840938721376,0.7994065251043627,0.7322812722210974,0.7322812722210974
63.03498014713114,0.7977748836726191,0.7310305583204137,0.7310305583204137
63.48586642212467,0.7961432422408755,0.7297798444197301,0.7297798444197301
63.93675269711821,0.7945116008091319,0.7285291305190466,0.7285291305190466
64.38763897211174,0.7928799593773881,0.727278416618363,0.727278416618363
64.83852524710528,0.7912483179456445,0.7260277027176794,0.7260277027176794
65.28941152209882,0.7896166765139009,0.7247769888169956,0.7247769888169956
65.74029779709235,0.7879850350821571,0.7235262749163119,0.7235262749163119
66.19118407208589,0.7863533936504135,0.7222755610156282,0.7222755610156282
66.64207034707943,0.78472175221867,0.7210248471149446,0.7210248471149446
67.09295662207296,0.7830901107869264,0.719774133214261,0.719774133214261
67.5438428970665,0.7814584693551827,0.7185234193135774,0.7185234193135774
67.99472917206003,0.779826827923439,0.7172727054128937,0.7172727054128937
68.44561544705357,0.7781951864916954,0.71602199151221,0.71602199151221
68.8965017220471,0.7765635450599518,0.7147712776115265,0.7147712776115265
69.34738799704064,0.7749319036282081,0.7135205637108428,0.7135205637108428
69.79827427203418,0.7733002621964645,0.7122698498101588,0.7122698498101588
70.24916054702771,0.7716686207647209,0.7110191359094753,0.7110191359094753
70.70004682202125,0.7700369793329772,0.7097684220087916,0.7097684220087916
71.15093309701479,0.7684053379012336,0.7085177081081079,0.7085177081081079
71.60181937200832,0.7667736964694898,0.7072669942074243,0.7072669942074243
72.05270564700186,0.7651420550377463,0.7060162803067407,0.7060162803067407
72.5035919219954,0.7635104136060028,0.704765566406057,0.704765566406057
72.95447819698893,0.761878772174259,0.7035148525053735,0.7035148525053735
73.40536447198247,0.7602471307425154,0.7022641386046897,0.7022641386046897
73.856250746976,0.7586154893107716,0.7010134247040061,0.7010134247040061
74.30713702196954,0.7569838478790281,0.6997627108033224,0.6997627108033224
74.75802329696307,0.7553522064472844,0.6985119969026385,0.6985119969026385
75.20890957195661,0.7537205650155409,0.6972612830019551,0.6972612830019551
75.65979584695015,0.7520889235837973,0.6960105691012715,0.6960105691012715
76.11068212194368,0.7504572821520535,0.6947598552005878,0.6947598552005878
76.56156839693722,0.7488256407203099,0.6935091412999043,0.6935091412999043
77.01245467193075,0.7471939992885662,0.6922584273992205,0.6922584273992205
77.46334094692429,0.7455623578568228,0.6910077134985367,0.6910077134985367
77.91422722191783,0.7439307164250791,0.689756999597853,0.689756999597853
78.36511349691136,0.7422990749933355,0.6885062856971693,0.6885062856971693
78.8159997719049,0.7406674335615917,0.6872555717964857,0.6872555717964857
79.26688604689843,0.7390357921298479,0.6860048578958021,0.6860048578958021
79.71777232189197,0.7374041506981044,0.6847515991302907,0.6847515991302907
80.1686585968855,0.7357691227644898,0.6834887950317082,0.6834887950317082
80.61954487187904,0.7341279595531999,0.6821931713329915,0.6821931713329915
81.07043114687258,0.7324775279410004,0.6808634856409396,0.6808634856409396
81.52131742186612,0.730813910316522,0.6795066235261654,0.6795066235261654
81.97220369685965,0.7291411686476966,0.6781225849886691,0.6781225849886691
82.42308997185319,0.7274593029345247,0.6767078457777101,0.6767078457777101
82.87397624684672,0.7257683131770062,0.6752569256467442,0.6752569256467442
83.32486252184026,0.7240645600894389,0.6737788290930565,0.6737788290930565
83.7757487968338,0.7223511159187318,0.6722735561166466,0.6722735561166466
84.22663507182733,0.7206285477036781,0.6707397013934452,0.6707397013934452
84.67752134682087,0.7188968554442778,0.6691675468235658,0.6691675468235658
85.1284076218144,0.7171531112501845,0.6675715939542842,0.6675715939542842
85.57929389680794,0.7154032251928552,0.6659635335168732,0.6659635335168732
86.03018017180148,0.7136516104415338,0.6643554730794621,0.6643554730794621
86.48106644679501,0.7118999956902123,0.6627474126420513,0.6627474126420513
86.93195272178855,0.710148380938891,0.6611393522046404,0.6611393522046404
87.38283899678208,0.7083967661875695,0.6595312917672294,0.6595312917672294
87.83372527177562,0.7066451514362483,0.6579232313298184,0.6579232313298184
88.28461154676916,0.7048935366849268,0.6563151708924074,0.6563151708924074
88.73549782176269,0.7031419219336055,0.6547071104549964,0.6547071104549964
89.18638409675623,0.7013903071822841,0.6530990500175856,0.6530990500175856
89.63727037174976,0.6996386924309627,0.6514909895801747,0.6514909895801747
90.0881566467433,0.6978870776796412,0.6498829291427636,0.6498829291427636
90.53904292173684,0.6961354629283197,0.6482748687053527,0.6482748687053527
90.98992919673037,0.6943838481769985,0.6466668082679417,0.6466668082679417
91.44081547172391,0.692632233425677,0.6450587478305307,0.6450587478305307
91.89170174671744,0.6908806186743557,0.6434506873931197,0.6434506873931197
92.34258802171098,0.6891290039230343,0.6418426269557088,0.6418426269557088
92.79347429670452,0.6873773891717129,0.6402345665182978,0.6402345665182978
93.24436057169805,0.6856257744203915,0.6386265060808869,0.6386265060808869
93.69524684669159,0.6838741596690702,0.6370184456434759,0.6370184456434759
94.14613312168512,0.6821225449177488,0.635410385206065,0.635410385206065
94.59701939667866,0.6803709301664274,0.633802324768654,0.633802324768654
95.0479056716722,0.6786193154151059,0.632194264331243,0.632194264331243
95.49879194666573,0.6768677006637845,0.6305862038938319,0.6305862038938319
95.94967822165927,0.6751160859124631,0.6289781434564211,0.6289781434564211
96.4005644966528,0.6733644711611417,0.6273700830190102,0.6273700830190102
96.85145077164634,0.6716128564098204,0.6257620225815992,0.6257620225815992
97.30233704663988,0.669861241658499,0.6241539621441882,0.6241539621441882
97.75322332163341,0.6681096269071776,0.6225459017067771,0.6225459017067771
98.20410959662695,0.6663580121558562,0.6209378412693662,0.6209378412693662
98.65499587162049,0.6646063974045349,0.6193297808319552,0.6193297808319552
99.10588214661402,0.6628547826532134,0.6177217203945444,0.6177217203945444
99.55676842160756,0.661103167901892,0.6161136599571334,0.6161136599571334
100.0076546966011,0.6593515531505707,0.6145055995197225,0.6145055995197225
100.45854097159463,0.6575999383992492,0.6128975390823115,0.6128975390823115
100.90942724658817,0.6558483236479278,0.6112894786449006,0.6112894786449006
101.3603135215817,0.6540967088966064,0.6096814182074894,0.6096814182074894
101.81119979657524,0.6523450941452851,0.6080733577700785,0.6080733577700785
102.26208607156877,0.6505934793939636,0.6064652973326676,0.6064652973326676
102.71297234656231,0.6488418646426424,0.6048572368952566,0.6048572368952566
103.16385862155585,0.6470902498913209,0.6032491764578457,0.6032491764578457
103.61474489654938,0.6453386351399996,0.6016411160204347,0.6016411160204347
104.06563117154292,0.6435870203886781,0.6000330555830238,0.6000330555830238
104.51651744653645,0.6418354056373567,0.5984249951456128,0.5984249951456128
104.96740372152999,0.6400837908860354,0.5968169347082017,0.5968169347082017
105.41828999652353,0.6383321761347138,0.5952088742707908,0.5952088742707908
105.86917627151706,0.6365805613833926,0.5936008138333799,0.5936008138333799
106.3200625465106,0.6348289466320711,0.5919927533959689,0.5919927533959689
106.77094882150413,0.6330773318807498,0.590384692958558,0.590384692958558
107.22183509649767,0.6313257171294283,0.588776632521147,0.588776632521147
107.6727213714912,0.629574102378107,0.5871685720837361,0.5871685720837361
108.12360764648474,0.6278224876267856,0.585560511646325,0.585560511646325
108.57449392147828,0.6260708728754641,0.583952451208914,0.583952451208914
109.02538019647181,0.6243192581241429,0.5823443907715031,0.5823443907715031
109.47626647146535,0.6225676433728214,0.5807363303340922,0.5807363303340922
109.92715274645889,0.6208160286215001,0.5791282698966812,0.5791282698966812
110.37803902145242,0.6190644138701786,0.5775202094592703,0.5775202094592703
110.82892529644596,0.6173127991188572,0.5759121490218593,0.5759121490218593
111.2798115714395,0.6155611843675358,0.5743040885844484,0.5743040885844484
111.73069784643303,0.6138095696162145,0.5726960281470374,0.5726960281470374
112.18158412142657,0.6120579548648931,0.5710879677096263,0.5710879677096263
112.6324703964201,0.6103063401135717,0.5694799072722154,0.5694799072722154
113.08335667141364,0.6085547253622503,0.5678718468348044,0.5678718468348044
113.53424294640718,0.6068031106109288,0.5662637863973935,0.5662637863973935
113.98512922140071,0.6050528487823115,0.5646599660697521,0.5646599660697521
114.43601549639425,0.6033084649817586,0.5630745338759708,0.5630745338759708
114.88690177138778,0.6015750300834131,0.5615121793402912,0.5615121793402912
115.33778804638132,0.5998575415554014,0.5599679424500167,0.5599679424500167
115.78867432137486,0.5981510520734511,0.5584418232051472,0.5584418232051472
116.23956059636839,0.5964555114937082,0.5569358014854793,0.5569358014854793
116.69044687136193,0.5947709198161729,0.5554542700440529,0.5554542700440529
117.14133314635546,0.5931014208307241,0.5539908562480318,0.5539908562480318
117.592219421349,0.591443774569584,0.5525455600974156,0.5525455600974156
118.04310569634254,0.5897970772106512,0.5511189488518611,0.5511189488518611
118.49399197133607,0.5881613287539259,0.549718240504688,0.549718240504688
118.94487824632961,0.5865398193110402,0.5483356498029199,0.5483356498029199
119.39576452132314,0.5849293218244546,0.54696331386514,0.54696331386514
119.84665079631668,0.5833216757008225,0.5455934848500691,0.5455934848500691
120.29753707131022,0.5817140295771902,0.5442236558349982,0.5442236558349982
120.74842334630375,0.580106383453558,0.5428538268199273,0.5428538268199273
121.19930962129729,0.5784987373299257,0.5414839978048565,0.5414839978048565
121.65019589629082,0.5768910912062937,0.5401141687897855,0.5401141687897855
122.10108217128436,0.5752834450826616,0.5387443397747146,0.5387443397747146
122.5519684462779,0.5736757989590293,0.5373745107596437,0.5373745107596437
123.00285472127143,0.5720681528353972,0.5360046817445728,0.5360046817445728
123.45374099626497,0.570460506711765,0.534634852729502,0.534634852729502
123.9046272712585,0.5688528605881329,0.5332650237144311,0.5332650237144311
124.35551354625204,0.5672452144645007,0.5318951946993602,0.5318951946993602
124.80639982124558,0.5656375683408684,0.5305253656842893,0.5305253656842893
125.25728609623911,0.5640299222172361,0.5291555366692184,0.5291555366692184
125.70817237123265,0.5624222760936041,0.5277857076541475,0.5277857076541475
126.15905864622619,0.5608146299699718,0.5264158786390766,0.5264158786390766
126.60994492121972,0.5592069838463396,0.5250460496240057,0.5250460496240057
127.06083119621326,0.5575993377227075,0.5236762206089348,0.5236762206089348
127.5117174712068,0.5559916915990754,0.5223063915938639,0.5223063915938639
127.96260374620033,0.554384045475443,0.520936562578793,0.520936562578793
128.41349002119387,0.5527763993518108,0.5195667335637221,0.5195667335637221
128.8643762961874,0.5511687532281787,0.5181969045486513,0.5181969045486513
129.31526257118094,0.5495611071045464,0.5168270755335802,0.5168270755335802
129.76614884617447,0.5479534609809142,0.5154572465185093,0.5154572465185093
130.217035121168,0.5463458148572821,0.5140874175034386,0.5140874175034386
130.66792139616155,0.5447381687336499,0.5127175884883677,0.5127175884883677
131.11880767115508,0.5431305226100177,0.5113477594732968,0.5113477594732968
131.56969394614862,0.5415228764863856,0.5099779304582258,0.5099779304582258
132.02058022114215,0.5399152303627534,0.5086081014431549,0.5086081014431549
132.4714664961357,0.5383075842391213,0.5072382724280841,0.5072382724280841
132.92235277112923,0.5366999381154891,0.5058684434130131,0.5058684434130131
133.37323904612276,0.5350922919918569,0.5044986143979422,0.5044986143979422
133.8241253211163,0.5334846458682246,0.5031287853828713,0.5031287853828713
134.27501159610983,0.5318769997445925,0.5017589563678004,0.5017589563678004
134.72589787110337,0.5302693536209603,0.5003891273527294,0.5003891273527294
135.1767841460969,0.528661707497328,0.4990192983376587,0.4990192983376587
135.62767042109044,0.5270540613736958,0.49764946932258775,0.49764946932258775
136.07855669608398,0.5254464152500636,0.49627964030751687,0.49627964030751687
136.52944297107751,0.5238387691264315,0.49490981129244593,0.49490981129244593
136.98032924607105,0.5222311230027993,0.49353998227737506,0.49353998227737506
137.4312155210646,0.5206234768791671,0.4921701532623042,0.4921701532623042
137.88210179605812,0.5190158307555349,0.4908003242472333,0.4908003242472333
138.33298807105166,0.5174081846319027,0.4894304952321623,0.4894304952321623
138.7838743460452,0.5158005385082705,0.48806066621709143,0.48806066621709143
139.23476062103873,0.5141928923846383,0.48669083720202067,0.48669083720202067
139.68564689603227,0.5125852462610062,0.4853210081869497,0.4853210081869497
140.1365331710258,0.510977600137374,0.48395117917187863,0.48395117917187863
140.58741944601934,0.5093699540137419,0.4825813501568078,0.4825813501568078
141.03830572101288,0.5077623078901096,0.48121152114173704,0.48121152114173704
141.4891919960064,0.5061546617664774,0.47984169212666605,0.47984169212666605
141.94007827099995,0.5045470156428453,0.4784718631115952,0.4784718631115952
142.39096454599348,0.502939369519213,0.4771020340965243,0.4771020340965243
142.84185082098702,0.5013317233955809,0.47573220508145353,0.47573220508145353
143.29273709598056,0.4997240772719486,0.47436237606638254,0.47436237606638254
143.7436233709741,0.4981164311483165,0.4729925470513115,0.4729925470513115
144.19450964596763,0.4965087850246842,0.4716227180362406,0.4716227180362406
144.64539592096116,0.49490113890105214,0.4702528890211698,0.4702528890211698
145.0962821959547,0.4932934927774199,0.4688830600060989,0.4688830600060989
145.54716847094824,0.49168584665378773,0.467513230991028,0.467513230991028
145.99805474594177,0.4900782005301555,0.46614340197595716,0.46614340197595716
146.4489410209353,0.48847055440652337,0.4647735729608863,0.4647735729608863
146.89982729592884,0.4868629082828912,0.4634037439458153,0.4634037439458153
147.35071357092238,0.48525526215925896,0.4620339149307444,0.4620339149307444
147.80159984591592,0.4836476160356268,0.46066728352668784,0.46066728352668784
148.25248612090945,0.48205137200945136,0.4593133357552832,0.4593133357552832
148.703372395903,0.4804786869570837,0.4579837001239281,0.4579837001239281
149.15425867089652,0.47894530933671575,0.45667285041065414,0.45667285041065414
149.60514494589006,0.4774399877181011,0.45538078661546144,0.45538078661546144
150.0560312208836,0.4759620383114318,0.45410917838808273,0.45410917838808273
150.50691749587713,0.4745114611167077,0.4528633470256466,0.4528633470256466
150.95780377087067,0.47309805716176345,0.45163630158129187,0.45163630158129187
151.4086900458642,0.4717148434007926,0.4504280420550183,0.4504280420550183
151.85957632085774,0.470359001851767,0.44923877337166557,0.44923877337166557
152.31046259585128,0.4690305325146866,0.44807674627814853,0.44807674627814853
152.7613488708448,0.46773710222516607,0.4469335051027129,0.4469335051027129
153.21223514583835,0.4664759963218389,0.44580330965436193,0.44580330965436193
153.66312142083189,0.4652253727556255,0.444680499271369,0.444680499271369
154.11400769582542,0.4639776476282643,0.44355768888837604,0.44355768888837604
154.56489397081896,0.46272992250090306,0.44243487850538316,0.44243487850538316
155.0157802458125,0.46148219737354185,0.4413120681223903,0.4413120681223903
155.46666652080603,0.4602344722461807,0.4401892577393975,0.4401892577393975
155.91755279579957,0.45898674711881954,0.43906644735640454,0.43906644735640454
156.3684390707931,0.4577390219914584,0.4379436369734116,0.4379436369734116
156.81932534578664,0.45649129686409723,0.43682082659041865,0.43682082659041865
157.27021162078017,0.4552435717367361,0.43569801620742576,0.43569801620742576
157.7210978957737,0.45399584660937486,0.43457520582443293,0.43457520582443293
158.17198417076725,0.4527481214820137,0.4334523954414399,0.4334523954414399
158.62287044576078,0.45150039635465256,0.43232958505844704,0.43232958505844704
159.07375672075432,0.4502526712272914,0.43120677467545415,0.43120677467545415
159.52464299574785,0.4490049460999303,0.43008396429246126,0.43008396429246126
159.9755292707414,0.4477572209725691,0.4289611539094684,0.4289611539094684
160.42641554573493,0.4465094958452079,0.42783834352647543,0.42783834352647543
160.87730182072846,0.44526177071784684,0.4267155331434825,0.4267155331434825
161.328188095722,0.4440140455904857,0.42559272276048965,0.42559272276048965
161.77907437071553,0.4427663204631245,0.4244699123774967,0.4244699123774967
162.22996064570907,0.44151859533576326,0.42334710199450387,0.42334710199450387
162.6808469207026,0.440270870208402,0.422224291611511,0.422224291611511
163.13173319569614,0.43902314508104084,0.42110148122851804,0.42110148122851804
163.58261947068968,0.4377754199536797,0.4199786708455252,0.4199786708455252
164.03350574568321,0.43652769482631854,0.41885586046253237,0.41885586046253237
164.48439202067675,0.4352799696989574,0.4177330500795394,0.4177330500795394
164.9352782956703,0.43403224457159617,0.4166102396965465,0.4166102396965465
165.38616457066382,0.43278451944423507,0.4154874293135536,0.4154874293135536
165.83705084565736,0.43153679431687386,0.41436461893056076,0.41436461893056076
166.2879371206509,0.4302890691895127,0.4132418085475678,0.4132418085475678
166.73882339564443,0.42904134406215155,0.41211899816457487,0.41211899816457487
167.18970967063797,0.4277936189347904,0.4109961877815819,0.4109961877815819
167.6405959456315,0.42654589380742924,0.4098733773985891,0.4098733773985891
168.09148222062504,0.42529816868006814,0.4087505670155962,0.4087505670155962
168.54236849561858,0.4240504435527068,0.40762775663260326,0.40762775663260326
168.9932547706121,0.4228027184253456,0.4065049462496104,0.4065049462496104
169.44414104560565,0.4215549932979844,0.4053821358666175,0.4053821358666175
169.89502732059918,0.4203072681706233,0.4042593254836246,0.4042593254836246
170.34591359559272,0.4190595430432621,0.4031365151006317,0.4031365151006317
170.79679987058626,0.417811817915901,0.4020137047176388,0.4020137047176388
171.2476861455798,0.41656409278853984,0.4008908943346459,0.4008908943346459
171.69857242057333,0.4153163676611787,0.399768083951653,0.399768083951653
172.14945869556686,0.4140686425338175,0.3986452735686601,0.3986452735686601
172.6003449705604,0.4128209174064564,0.3975224631856672,0.3975224631856672
173.05123124555394,0.41157319227909517,0.3963996528026743,0.3963996528026743
173.50211752054747,0.410325467151734,0.3952768424196814,0.3952768424196814
173.953003795541,0.40907774202437286,0.3941540320366886,0.3941540320366886
174.40389007053454,0.40783001689701165,0.39303122165369564,0.39303122165369564
174.85477634552808,0.40658229176965055,0.39190841127070275,0.39190841127070275
175.30566262052162,0.4053345666422894,0.39078560088770986,0.39078560088770986
175.75654889551515,0.40408684151492824,0.38966279050471697,0.38966279050471697
176.2074351705087,0.40283911638756703,0.3885399801217241,0.3885399801217241
176.65832144550222,0.40159139126020577,0.3874171697387312,0.3874171697387312
177.10920772049576,0.4003436661328446,0.38629435935573825,0.38629435935573825
177.5600939954893,0.3990959410054834,0.38517154897274536,0.38517154897274536
178.01098027048283,0.39784821587812225,0.38404873858975236,0.38404873858975236
178.46186654547637,0.3966004907507611,0.3829259282067595,0.3829259282067595
178.9127528204699,0.39535276562340005,0.38180311782376664,0.38180311782376664
179.36363909546344,0.3941050404960389,0.3806803074407737,0.3806803074407737
179.81452537045698,0.39285731536867774,0.3795574970577808,0.3795574970577808
180.2654116454505,0.39160959024131653,0.37843468667478786,0.37843468667478786
180.71629792044405,0.3903618651139554,0.37731187629179497,0.37731187629179497
181.16718419543759,0.3891141399865942,0.37618906590880213,0.37618906590880213
181.61807047043112,0.387866414859233,0.37506625552580924,0.37506625552580924
182.06895674542466,0.38662566783582164,0.37394344514281636,0.37394344514281636
182.5198430204182,0.38539915192086477,0.3728206347598234,0.3728206347598234
182.97072929541173,0.3842062184655538,0.3716978243768305,0.3716978243768305
183.42161557040527,0.38303808417852603,0.37057501399383763,0.37057501399383763
183.8725018453988,0.38189367246922834,0.3694522036108447,0.3694522036108447
184.32338812039234,0.38077298333766085,0.36832939322785185,0.36832939322785185
184.77427439538587,0.37968402703294624,0.36720658284485896,0.36720658284485896
185.2251606703794,0.3786217195293079,0.366083772461866,0.366083772461866
185.67604694537295,0.37758313460339976,0.36496096207887313,0.36496096207887313
186.12693322036648,0.37656827225522177,0.36383815169588024,0.36383815169588024
186.57781949536002,0.3755832931011038,0.36271534131288735,0.36271534131288735
187.02870577035355,0.3746268123808549,0.36159253092989446,0.36159253092989446
187.4795920453471,0.3736838529106652,0.3604697205469016,0.3604697205469016
187.93047832034063,0.3727480592350935,0.3593469101639087,0.3593469101639087
188.38136459533416,0.3718122655595218,0.3582240997809157,0.3582240997809157
188.8322508703277,0.37087647188395,0.3571012893979228,0.3571012893979228
189.28313714532123,0.36994067820837834,0.3559784790149299,0.3559784790149299
189.73402342031477,0.36900488453280667,0.35485566863193707,0.35485566863193707
190.1849096953083,0.3680690908572349,0.3537328582489442,0.3537328582489442
190.63579597030184,0.3671332971816632,0.3526100478659513,0.3526100478659513
191.08668224529538,0.36619750350609154,0.35148723748295835,0.35148723748295835
191.53756852028891,0.36526170983051975,0.35036442709996546,0.35036442709996546
191.98845479528245,0.36432591615494797,0.34924161671697257,0.34924161671697257
192.439341070276,0.3633901224793764,0.3481188063339797,0.3481188063339797
192.89022734526952,0.3624543288038047,0.3469959959509868,0.3469959959509868
193.34111362026306,0.36151853512823295,0.3458731855679939,0.3458731855679939
193.7919998952566,0.36058274145266117,0.344750375185001,0.344750375185001
194.24288617025013,0.35964694777708944,0.34362756480200807,0.34362756480200807
194.69377244524367,0.35871115410151777,0.3425047544190151,0.3425047544190151
195.1446587202372,0.35777536042594604,0.34138194403602223,0.34138194403602223
195.59554499523074,0.3568395667503743,0.34025913365302934,0.34025913365302934
196.04643127022428,0.35590377307480264,0.33913632327003645,0.33913632327003645
196.4973175452178,0.35496797939923097,0.3380135128870435,0.3380135128870435
196.94820382021135,0.3540321857236592,0.3368907025040506,0.3368907025040506
197.39909009520488,0.35309639204808746,0.33576789212105773,0.33576789212105773
197.84997637019842,0.35216059837251573,0.33464508173806484,0.33464508173806484
198.30086264519196,0.3512248046969441,0.33352227135507195,0.33352227135507195
198.7517489201855,0.3502890110213724,0.33239946097207906,0.33239946097207906
199.20263519517903,0.3493532173458006,0.3312766505890861,0.3312766505890861
199.65352147017256,0.34841742367022893,0.33015384020609323,0.33015384020609323
200.1044077451661,0.34748162999465726,0.32903102982310034,0.32903102982310034
200.55529402015964,0.34654583631908553,0.32790821944010745,0.32790821944010745
201.00618029515317,0.3456100426435138,0.3267854090571146,0.3267854090571146
201.4570665701467,0.344674248967942,0.32566259867412173,0.32566259867412173
201.90795284514024,0.3437384552923704,0.3245397882911288,0.3245397882911288
202.35883912013378,0.3428026616167987,0.32341697790813584,0.32341697790813584
202.80972539512732,0.34186686794122695,0.32229416752514295,0.32229416752514295
203.26061167012085,0.3409310742656553,0.32117135714215006,0.32117135714215006
203.7114979451144,0.3399952805900836,0.32004854675915717,0.32004854675915717
204.16238422010792,0.3390594869145119,0.3189257363761643,0.3189257363761643
204.61327049510146,0.33812369323894015,0.3178029259931714,0.3178029259931714
205.064156770095,0.3371878995633684,0.31668011561017845,0.31668011561017845
205.51504304508853,0.3362521058877967,0.31555730522718556,0.31555730522718556
205.96592932008207,0.335316312212225,0.31443449484419267,0.31443449484419267
206.4168155950756,0.3343805185366533,0.3133116844611998,0.3133116844611998
206.86770187006914,0.33344472486108157,0.3121888740782069,0.3121888740782069
207.31858814506268,0.33250893118550984,0.311066063695214,0.311066063695214
207.7694744200562,0.3315731375099381,0.3099432533122211,0.3099432533122211
208.22036069504975,0.33063734383436644,0.30882044292922817,0.30882044292922817
208.67124697004328,0.3297015501587947,0.3076976325462353,0.3076976325462353
209.12213324503682,0.328765756483223,0.3065748221632424,0.3065748221632424
209.57301952003036,0.3278299628076513,0.3054520117802495,0.3054520117802495
210.0239057950239,0.3268941691320796,0.30433149023442824,0.30433149023442824
210.47479207001743,0.32595837545650785,0.30324176833680705,0.30324176833680705
210.92567834501097,0.32502258178093607,0.30218472462013385,0.30218472462013385
211.3765646200045,0.3240867881053644,0.3011573596564318,0.3011573596564318
211.82745089499804,0.3231509944297927,0.30015967344570094,0.30015967344570094
212.27833716999157,0.32221520075422105,0.2992000348890346,0.2992000348890346
212.7292234449851,0.32127940707864927,0.2982753885449268,0.2982753885449268
213.18010971997865,0.32034361340307754,0.2973804209537902,0.2973804209537902
213.63099599497218,0.31940781972750587,0.2965151321156247,0.2965151321156247
214.08188226996572,0.31847202605193414,0.2956855768999132,0.2956855768999132
214.53276854495925,0.31753623237636236,0.2948933279283707,0.2948933279283707
214.9836548199528,0.3166004387007907,0.29413075770979946,0.29413075770979946
215.43454109494633,0.315664645025219,0.2933902799553727,0.2933902799553727
215.88542736993986,0.3147311940410106,0.29265771959524434,0.29265771959524434
216.3363136449334,0.313802857889404,0.29192515923511597,0.29192515923511597
216.78719991992693,0.3128948900367554,0.2911925988749876,0.2911925988749876
217.23808619492047,0.3120024810397433,0.29046003851485924,0.29046003851485924
217.688972469914,0.3111246705516755,0.2897274781547309,0.2897274781547309
218.13985874490754,0.31026145857255166,0.2889949177946026,0.2889949177946026
218.59074501990108,0.3094174766568544,0.2882623574344743,0.2882623574344743
219.04163129489461,0.308590191832325,0.28752979707434595,0.28752979707434595
219.49251756988815,0.3077775055167399,0.2867972367142176,0.2867972367142176
219.9434038448817,0.30697941771009885,0.2860646763540893,0.2860646763540893
220.39429011987522,0.3061994217313527,0.28533211599396097,0.28533211599396097
220.84517639486876,0.30543726107930624,0.28459955563383255,0.28459955563383255
221.2960626698623,0.30468631604967567,0.28386699527370424,0.28386699527370424
221.74694894485583,0.3039424801849576,0.283134434913576,0.283134434913576
222.19783521984937,0.3031986443202396,0.2824018745534476,0.2824018745534476
222.6487214948429,0.30245480845552153,0.28166931419331925,0.28166931419331925
223.09960776983644,0.30171097259080354,0.2809367538331909,0.2809367538331909
223.55049404482997,0.3009671367260855,0.2802041934730626,0.2802041934730626
224.0013803198235,0.30022330086136745,0.27947163311293416,0.27947163311293416
224.45226659481705,0.29947946499664946,0.2787390727528059,0.2787390727528059
224.90315286981058,0.29873562913193147,0.27800651239267754,0.27800651239267754
225.35403914480412,0.29799179326721337,0.2772739520325492,0.2772739520325492
225.80492541979766,0.2972479574024954,0.27654139167242087,0.27654139167242087
226.2558116947912,0.29650412153777733,0.27580883131229256,0.27580883131229256
226.70669796978473,0.2957602856730593,0.27507627095216425,0.27507627095216425
227.15758424477826,0.2950164498083413,0.2743437105920358,0.2743437105920358
227.6084705197718,0.2942726139436233,0.2736111502319075,0.2736111502319075
228.05935679476534,0.29352877807890526,0.27287858987177915,0.27287858987177915
228.51024306975887,0.2927849422141872,0.2721460295116509,0.2721460295116509
228.9611293447524,0.29204110634946917,0.2714134691515225,0.2714134691515225
229.41201561974594,0.2912972704847511,0.2706809087913942,0.2706809087913942
229.86290189473948,0.29055343462003314,0.2699483484312658,0.2699483484312658
230.31378816973302,0.2898095987553151,0.26921578807113744,0.26921578807113744
230.76467444472655,0.2890657628905971,0.2684832277110092,0.2684832277110092
231.2155607197201,0.28832192702587905,0.2677506673508808,0.2677506673508808
231.66644699471362,0.287578091161161,0.26701810699075246,0.26701810699075246
232.11733326970716,0.286834255296443,0.26628554663062415,0.26628554663062415
232.5682195447007,0.286090419431725,0.2655529862704959,0.2655529862704959
233.01910581969423,0.28534658356700693,0.2648204259103674,0.2648204259103674
233.46999209468777,0.28460274770228894,0.26408786555023916,0.26408786555023916
233.9208783696813,0.2838589118375709,0.2633553051901108,0.2633553051901108
234.37176464467484,0.28311507597285285,0.26262274482998244,0.26262274482998244
234.82265091966838,0.2823712401081348,0.2618901844698542,0.2618901844698542
235.2735371946619,0.2816274042434168,0.2611576241097258,0.2611576241097258
235.72442346965545,0.28088356837869877,0.26042506374959745,0.26042506374959745
236.17530974464898,0.2801397325139807,0.2596925033894691,0.2596925033894691
236.62619601964252,0.2793958966492627,0.2589599430293408,0.2589599430293408
237.07708229463606,0.27865206078454463,0.2582273826692124,0.2582273826692124
237.5279685696296,0.2779082249198267,0.2574948223090841,0.2574948223090841
237.97885484462313,0.27716438905510865,0.25676226194895574,0.25676226194895574
238.42974111961666,0.27642055319039055,0.25602970158882743,0.25602970158882743
238.8806273946102,0.27567671732567256,0.25529714122869906,0.25529714122869906
239.33151366960374,0.27493288146095457,0.2545645808685707,0.2545645808685707
239.78239994459727,0.2741890455962366,0.25383202050844245,0.25383202050844245
240.2332862195908,0.27344520973151853,0.2530994601483141,0.2530994601483141
240.68417249458435,0.27270137386680043,0.25236689978818566,0.25236689978818566
241.13505876957788,0.2719575380020824,0.25163433942805735,0.25163433942805735
241.58594504457142,0.2712137021373644,0.250901779067929,0.250901779067929
242.03683131956495,0.2704698662726464,0.2501692187078006,0.2501692187078006
242.4877175945585,0.2697260304079284,0.2494366583476723,0.2494366583476723
242.93860386955203,0.2689821945432103,0.24870409798754403,0.24870409798754403
243.38949014454556,0.26823835867849233,0.24797153762741567,0.24797153762741567
243.8403764195391,0.2674945228137742,0.2472397004206373,0.2472397004206373
244.29126269453263,0.2667506869490563,0.24651583838911081,0.24651583838911081
244.74214896952617,0.26600685108433825,0.24580569119252954,0.24580569119252954
245.1930352445197,0.26526301521962026,0.24510777339325038,0.24510777339325038
245.64392151951324,0.26451917935490216,0.24442208499127357,0.24442208499127357
246.09480779450678,0.2637753434901841,0.24375182497127637,0.24375182497127637
246.5456940695003,0.26303150762546607,0.24309623330377822,0.24309623330377822
246.99658034449385,0.26228767176074813,0.2424528710335823,0.2424528710335823
247.4474666194874,0.2615438358960301,0.24182173816068858,0.24182173816068858
247.89835289448092,0.2608000000313121,0.2412050801522208,0.2412050801522208
248.34923916947446,0.260056164166594,0.2406040440138059,0.2406040440138059
248.800125444468,0.259312328301876,0.2400152372726931,0.2400152372726931
249.25101171946153,0.25856849243715796,0.23943654417702795,0.23943654417702795
249.70189799445507,0.25782485478565736,0.23886478985148765,0.23886478985148765
250.1527842694486,0.25708264905035344,0.23829303552594736,0.23829303552594736
250.60367054444214,0.2563580049713005,0.23772128120040698,0.23772128120040698
251.05455681943567,0.2556472354880869,0.2371495268748666,0.2371495268748666
251.5054430944292,0.25494923969687544,0.23657777254932627,0.23657777254932627
251.95632936942275,0.25426401759766637,0.23600601822378595,0.23600601822378595
252.40721564441628,0.25359536119887743,0.23543426389824562,0.23543426389824562
252.85810191940982,0.2529415753517586,0.23486250957270527,0.23486250957270527
253.30898819440336,0.25230056319664207,0.23429075524716494,0.23429075524716494
253.7598744693969,0.2516723247335278,0.23371900092162456,0.23371900092162456
254.21076074439043,0.25105965601500285,0.23314724659608424,0.23314724659608424
254.66164701938396,0.2504628538039788,0.2325754922705439,0.2325754922705439
255.1125332943775,0.2498785423429623,0.2320037379450035,0.2320037379450035
255.56341956937104,0.24930266951903612,0.23143198361946324,0.23143198361946324
256.01430584436457,0.2487267966951099,0.23086022929392286,0.23086022929392286
256.4651921193581,0.24815092387118362,0.23028847496838256,0.23028847496838256
256.91607839435164,0.24757505104725738,0.22971672064284218,0.22971672064284218
257.3669646693452,0.24699917822333115,0.22914496631730186,0.22914496631730186
257.8178509443387,0.24642330539940488,0.22857321199176153,0.22857321199176153
258.26873721933225,0.24584743257547859,0.22800145766622118,0.22800145766622118
258.7196234943258,0.24527155975155235,0.2274297033406808,0.2274297033406808
259.1705097693193,0.2446956869276261,0.22685794901514053,0.22685794901514053
259.62139604431286,0.24411981410369984,0.22628619468960018,0.22628619468960018
260.0722823193064,0.2435439412797736,0.2257144403640598,0.2257144403640598
260.52316859429993,0.24296806845584737,0.22514268603851947,0.22514268603851947
260.97405486929347,0.2423921956319211,0.22457093171297915,0.22457093171297915
261.424941144287,0.24181632280799487,0.2239991773874388,0.2239991773874388
261.87582741928054,0.24124044998406863,0.22342742306189844,0.22342742306189844
262.3267136942741,0.2406645771601424,0.22285566873635815,0.22285566873635815
262.7775999692676,0.24008870433621612,0.22228391441081777,0.22228391441081777
263.22848624426115,0.2395128315122899,0.22171216008527747,0.22171216008527747
263.6793725192547,0.2389369586883636,0.2211404057597371,0.2211404057597371
264.1302587942482,0.23836108586443736,0.22056865143419677,0.22056865143419677
264.58114506924176,0.2377852130405111,0.21999689710865644,0.21999689710865644
265.0320313442353,0.23720934021658485,0.2194251427831161,0.2194251427831161
265.48291761922883,0.23663346739265861,0.2188533884575757,0.2188533884575757
265.93380389422236,0.2360575945687324,0.21828163413203538,0.21828163413203538
266.3846901692159,0.2354817217448061,0.21770987980649506,0.21770987980649506
266.83557644420944,0.23490584892087987,0.21713812548095468,0.21713812548095468
267.286462719203,0.23432997609695363,0.21656637115541436,0.21656637115541436
267.7373489941965,0.23375410327302737,0.21599461682987398,0.21599461682987398
268.18823526919005,0.23317823044910113,0.21542286250433368,0.21542286250433368
268.6391215441836,0.23260235762517484,0.21485110817879335,0.21485110817879335
269.0900078191771,0.23202648480124863,0.21427935385325297,0.21427935385325297
269.54089409417065,0.23145061197732236,0.21370759952771262,0.21370759952771262
269.9917803691642,0.2308747391533961,0.2131358452021723,0.2131358452021723
270.4426666441577,0.2302988663294699,0.212564090876632,0.212564090876632
270.89355291915126,0.22972299350554365,0.21199233655109162,0.21199233655109162
271.3444391941448,0.22914712068161738,0.21142058222555127,0.21142058222555127
271.79532546913833,0.22857124785769115,0.21084882790001092,0.21084882790001092
272.24621174413187,0.2279953750337649,0.21027707357447065,0.21027707357447065
272.6970980191254,0.22741950220983861,0.20970531924893027,0.20970531924893027
273.14798429411894,0.22684362938591238,0.20913356492338991,0.20913356492338991
273.5988705691125,0.22626775656198614,0.2085618105978496,0.2085618105978496
274.049756844106,0.22569188373805987,0.2079900562723092,0.2079900562723092
274.50064311909955,0.22511601091413364,0.20741830194676888,0.20741830194676888
274.9515293940931,0.22454013809020743,0.20684654762122853,0.20684654762122853
275.4024156690866,0.22396426526628113,0.2062747932956882,0.2062747932956882
275.85330194408016,0.22338839244235487,0.20570303897014783,0.20570303897014783
276.3041882190737,0.22281251961842863,0.20513128464460753,0.20513128464460753
276.75507449406723,0.2222366467945024,0.20455953031906718,0.20455953031906718
277.20596076906077,0.22166077397057615,0.20398777599352683,0.20398777599352683
277.6568470440543,0.22108490114664991,0.2034162652012762,0.2034162652012762
278.10773331904784,0.22050902832272362,0.20284701892009155,0.20284701892009155
278.5586195940414,0.21993315549879738,0.20228708219287134,0.20228708219287134
279.0095058690349,0.21935728267487112,0.20173529839698418,0.20173529839698418
279.46039214402845,0.21878140985094488,0.2011916675324301,0.2011916675324301
279.911278419022,0.21820553702701864,0.200658155924714,0.200658155924714
280.3621646940155,0.2176296642030924,0.20013458954931584,0.20013458954931584
280.81305096900905,0.2170537913791661,0.19961917610525073,0.19961917610525073
281.2639372440026,0.21647791855523987,0.1991119155925187,0.1991119155925187
281.7148235189961,0.21590204573131366,0.19861413865827113,0.19861413865827113
282.16570979398966,0.21532617290738737,0.19812694263469496,0.19812694263469496
282.6165960689832,0.21475030008346113,0.19764789954245193,0.19764789954245193
283.06748234397674,0.21417442725953487,0.19717636431147667,0.19717636431147667
283.51836861897027,0.21359855443560863,0.19671181400634194,0.19671181400634194
283.9692548939638,0.2130233106182393,0.19624726370120718,0.19624726370120718
284.42014116895734,0.2124560597800281,0.19578271339607242,0.19578271339607242
284.8710274439509,0.21189749199135796,0.19531816309093764,0.19531816309093764
285.3219137189444,0.21134677089941928,0.1948536127858029,0.1948536127858029
285.77279999393795,0.21080389650421197,0.19438906248066817,0.19438906248066817
286.2236862689315,0.2102710380991084,0.19392451217553344,0.19392451217553344
286.674572543925,0.20974747454500176,0.19345996187039866,0.19345996187039866
287.12545881891856,0.20923175768762656,0.19299541156526392,0.19299541156526392
287.5763450939121,0.2087238875269827,0.1925308612601292,0.1925308612601292
288.02723136890563,0.20822542155498677,0.19206631095499446,0.19206631095499446
288.47811764389917,0.20773686223544358,0.19160176064985968,0.19160176064985968
288.9290039188927,0.20725614961263178,0.19113721034472492,0.19113721034472492
289.37989019388624,0.20678127430395177,0.19067266003959016,0.19067266003959016
289.8307764688798,0.20630857877934847,0.1902081097344554,0.1902081097344554
290.2816627438733,0.20583588325474517,0.1897435594293207,0.1897435594293207
290.73254901886685,0.20536318773014184,0.18927900912418594,0.18927900912418594
291.1834352938604,0.20489049220553854,0.18881445881905118,0.18881445881905118
291.6343215688539,0.20441779668093524,0.1883499085139164,0.1883499085139164
292.08520784384746,0.20394510115633194,0.18788535820878163,0.18788535820878163
292.536094118841,0.20347240563172864,0.18742080790364693,0.18742080790364693
292.98698039383453,0.2029997101071253,0.18695625759851217,0.18695625759851217
293.43786666882806,0.20252701458252198,0.1864917072933774,0.1864917072933774
293.8887529438216,0.20205431905791868,0.18602715698824265,0.18602715698824265
294.33963921881514,0.20158162353331538,0.18556260668310792,0.18556260668310792
294.7905254938087,0.20110892800871208,0.18509805637797316,0.18509805637797316
295.2414117688022,0.20063623248410875,0.18463350607283843,0.18463350607283843
295.69229804379574,0.20016353695950545,0.18416895576770365,0.18416895576770365
296.1431843187893,0.19969084143490215,0.18370440546256891,0.18370440546256891
296.5940705937828,0.19921814591029885,0.18323985515743418,0.18323985515743418
297.04495686877635,0.19874545038569558,0.18277530485229943,0.18277530485229943
297.4958431437699,0.19827275486109225,0.18231075454716467,0.18231075454716467
297.9467294187634,0.19780005933648895,0.1818462042420299,0.1818462042420299
298.39761569375696,0.19732736381188562,0.18138165393689515,0.18138165393689515
298.8485019687505,0.19685466828728232,0.1809171036317604,0.1809171036317604
299.29938824374403,0.19638197276267902,0.18045255332662566,0.18045255332662566
299.75027451873757,0.19590927723807572,0.17998800302149093,0.17998800302149093
300.2011607937311,0.1954365817134724,0.17952345271635617,0.17952345271635617
300.65204706872464,0.1949638861888691,0.17905890241122138,0.17905890241122138
301.1029333437182,0.19449119066426576,0.17859435210608665,0.17859435210608665
301.5538196187117,0.19401849513966246,0.1781298018009519,0.1781298018009519
302.00470589370525,0.19354579961505916,0.17766525149581716,0.17766525149581716
302.4555921686988,0.19307310409045583,0.17720070119068237,0.17720070119068237
302.9064784436923,0.19260040856585253,0.17673615088554767,0.17673615088554767
303.35736471868586,0.19212771304124923,0.1762716005804129,0.1762716005804129
303.8082509936794,0.19165501751664593,0.17580705027527815,0.17580705027527815
304.25913726867293,0.19118232199204263,0.1753424999701434,0.1753424999701434
304.71002354366647,0.19070962646743933,0.17487794966500864,0.17487794966500864
305.16090981866,0.19023693094283603,0.17441339935987388,0.17441339935987388
305.61179609365354,0.18976423541823273,0.17394884905473915,0.17394884905473915
306.0626823686471,0.18929153989362937,0.17348429874960442,0.17348429874960442
306.5135686436406,0.18881884436902607,0.17301974844446966,0.17301974844446966
306.96445491863415,0.18834614884442277,0.17255519813933493,0.17255519813933493
307.4153411936277,0.18787345331981947,0.17209064783420017,0.17209064783420017
307.8662274686212,0.18740075779521617,0.17162609752906544,0.17162609752906544
308.31711374361475,0.18692806227061284,0.17116154722393068,0.17116154722393068
308.7680000186083,0.18645536674600954,0.1706969969187959,0.1706969969187959
309.2188862936018,0.18598267122140624,0.17023244661366113,0.17023244661366113
309.66977256859536,0.18550997569680294,0.16976789630852637,0.16976789630852637
310.1206588435889,0.18503728017219961,0.16930334600339167,0.16930334600339167
310.57154511858243,0.1845645846475963,0.1688387956982569,0.1688387956982569
311.02243139357597,0.184091889122993,0.16837424539312215,0.16837424539312215
311.4733176685695,0.1836191935983897,0.16790969508798737,0.16790969508798737
311.92420394356304,0.1831464980737864,0.16744514478285266,0.16744514478285266
312.3750902185566,0.1826738025491831,0.16698944753001269,0.16698944753001269
312.8259764935501,0.18220110702457978,0.16654174311407166,0.16654174311407166
313.27686276854365,0.18172841149997648,0.16610219162645587,0.16610219162645587
313.7277490435372,0.18125571597537316,0.16567259306111223,0.16567259306111223
314.1786353185307,0.18078302045076985,0.16525310605524998,0.16525310605524998
314.62952159352426,0.18031032492616655,0.16484177197771294,0.16484177197771294
315.0804078685178,0.17983762940156325,0.16443859082850107,0.16443859082850107
315.53129414351133,0.17936493387695995,0.16404472692344238,0.16404472692344238
315.98218041850487,0.17889223835235665,0.16366161025598402,0.16366161025598402
316.4330666934984,0.17841954282775332,0.1632866465168509,0.1632866465168509
316.88395296849194,0.17794684730315002,0.162919835706043,0.162919835706043
317.3348392434855,0.1774741517785467,0.1625617064612692,0.1625617064612692
317.785725518479,0.17700214554546753,0.1622043253907827,0.1622043253907827
318.23661179347255,0.17653738042155656,0.16184697906650278,0.16184697906650278
318.6874980684661,0.17608547222882626,0.16148963274222283,0.16148963274222283
319.1383843434596,0.1756449722600572,0.1611322864179429,0.1611322864179429
319.58927061845316,0.17521588051524953,0.16077494009366294,0.16077494009366294
320.0401568934467,0.1748011181623001,0.16041759376938303,0.16041759376938303
320.4910431684402,0.17440010223177418,0.1600602474451031,0.1600602474451031
320.94192944343376,0.17401049452520956,0.15970290112082317,0.15970290112082317
321.3928157184273,0.17363229504260622,0.15934555479654325,0.15934555479654325
321.84370199342084,0.17326753546061832,0.15898820847226328,0.15898820847226328
322.2945882684144,0.1729174117922968,0.1586308621479833,0.1586308621479833
322.7454745434079,0.17257869634793657,0.15827351582370341,0.15827351582370341
323.19636081840144,0.17224943018242247,0.15791616949942347,0.15791616949942347
323.647247093395,0.17192674297070382,0.15755882317514355,0.15755882317514355
324.0981333683885,0.17160405575898513,0.1572014768508636,0.1572014768508636
324.54901964338205,0.17128136854726647,0.15684413052658364,0.15684413052658364
324.9999059183756,0.17095868133554779,0.15648678420230372,0.15648678420230372
325.4507921933691,0.17063599412382913,0.1561294378780238,0.1561294378780238
325.90167846836266,0.17031330691211047,0.15577209155374389,0.15577209155374389
326.3525647433562,0.1699906197003918,0.15541474522946394,0.15541474522946394
326.80345101834973,0.16966793248867318,0.15505739890518397,0.15505739890518397
327.25433729334327,0.16934524527695452,0.15470005258090402,0.15470005258090402
327.7052235683368,0.1690225580652358,0.1543427062566241,0.1543427062566241
328.15610984333034,0.16869987085351715,0.15398535993234416,0.15398535993234416
328.6069961183239,0.1683771836417985,0.15362801360806425,0.15362801360806425
329.0578823933174,0.16805449643007986,0.1532706672837843,0.1532706672837843
329.50876866831095,0.16773180921836117,0.15291332095950438,0.15291332095950438
329.9596549433045,0.1674091220066425,0.15255597463522447,0.15255597463522447
330.410541218298,0.16708643479492385,0.1521986283109445,0.1521986283109445
330.86142749329156,0.16676374758320517,0.15184128198666458,0.15184128198666458
331.3123137682851,0.16644106037148648,0.1514839356623846,0.1514839356623846
331.76320004327863,0.16611837315976785,0.15112658933810466,0.15112658933810466
332.21408631827217,0.1657956859480492,0.15076924301382474,0.15076924301382474
332.6649725932657,0.1654729987363305,0.15041189668954483,0.15041189668954483
333.11585886825924,0.16515031152461188,0.1500545503652649,0.1500545503652649
333.5667451432528,0.1648276243128932,0.14969720404098497,0.14969720404098497
334.0176314182463,0.16450493710117456,0.14933985771670502,0.14933985771670502
334.46851769323985,0.16418224988945587,0.14898251139242508,0.14898251139242508
334.9194039682334,0.1638595626777372,0.14862516506814513,0.14862516506814513
335.3702902432269,0.16353687546601853,0.14826781874386522,0.14826781874386522
335.82117651822045,0.16321418825429984,0.14791047241958527,0.14791047241958527
336.272062793214,0.1628915010425812,0.1475531260953053,0.1475531260953053
336.7229490682075,0.16256881383086255,0.14719577977102538,0.14719577977102538
337.17383534320106,0.16224612661914387,0.14683843344674546,0.14683843344674546
337.6247216181946,0.1619234394074252,0.14648108712246552,0.14648108712246552
338.07560789318813,0.16160075219570652,0.1461237407981856,0.1461237407981856
338.52649416818167,0.16127806498398783,0.14576639447390566,0.14576639447390566
338.9773804431752,0.1609553777722692,0.1454090481496257,0.1454090481496257
339.42826671816874,0.16063269056055055,0.14505170182534577,0.14505170182534577
339.8791529931623,0.1603100033488319,0.14469435550106582,0.14469435550106582
340.3300392681558,0.15998731613711323,0.14433700917678594,0.14433700917678594
340.78092554314935,0.15966462892539454,0.143979662852506,0.143979662852506
341.2318118181429,0.1593419417136759,0.143622316528226,0.143622316528226
341.6826980931364,0.15901925450195722,0.1432649702039461,0.1432649702039461
342.13358436812996,0.15869656729023857,0.14290762387966616,0.14290762387966616
342.5844706431235,0.1583738800785199,0.14255027755538624,0.14255027755538624
343.03535691811703,0.15805119286680122,0.14219293123110632,0.14219293123110632
343.48624319311057,0.15772850565508253,0.14183558490682635,0.14183558490682635
343.9371294681041,0.1574058184433639,0.1414782385825464,0.1414782385825464
344.38801574309764,0.15708313123164525,0.1411208922582665,0.1411208922582665
344.8389020180912,0.15676044401992656,0.14076354593398657,0.14076354593398657
345.2897882930847,0.15643775680820787,0.14040619960970663,0.14040619960970663
345.74067456807825,0.15611506959648924,0.14004885328542666,0.14004885328542666
346.1915608430718,0.15579238238477058,0.13969679393362336,0.13969679393362336
346.6424471180653,0.15546969517305195,0.13935088188440742,0.13935088188440742
347.09333339305886,0.15514700796133327,0.13901176394049947,0.13901176394049947
347.5442196680524,0.15482432074961458,0.1386808014875017,0.1386808014875017
347.9951059430459,0.1545016335378959,0.13835840394104446,0.13835840394104446
348.44599221803946,0.15417894632617726,0.13804280049989523,0.13804280049989523
348.896878493033,0.15385625911445858,0.13773399116405405,0.13773399116405405
349.34776476802654,0.15353357190273992,0.1374328075874842,0.1374328075874842
349.7986510430201,0.1532108846910213,0.13714071864909366,0.13714071864909366
350.2495373180136,0.15288819747930263,0.13685542381601118,0.13685542381601118
350.70042359300714,0.15256551026758394,0.13657692308823674,0.13657692308823674
351.1513098680007,0.15224282305586526,0.13630551838809488,0.13630551838809488
351.6021961429942,0.1519201358441466,0.13603740542917808,0.13603740542917808
352.05308241798775,0.15159744863242794,0.13576939573418204,0.13576939573418204
352.5039686929813,0.15127476142070928,0.13550138603918602,0.13550138603918602
352.9548549679748,0.15095207420899065,0.13523337634419,0.13523337634419
353.40574124296836,0.15062938699727196,0.13496536664919395,0.13496536664919395
353.8566275179619,0.15030669978555328,0.1346973569541979,0.1346973569541979
354.30751379295543,0.14998401257383462,0.1344293472592019,0.1344293472592019
354.75840006794897,0.14966132536211593,0.13416133756420592,0.13416133756420592
355.2092863429425,0.14933863815039727,0.13389332786920985,0.13389332786920985
355.66017261793604,0.14901595093867864,0.13362531817421383,0.13362531817421383
356.1110588929296,0.14869326372695998,0.1333573084792178,0.1333573084792178
356.5619451679231,0.1483705765152413,0.13308929878422177,0.13308929878422177
357.01283144291665,0.1480478893035226,0.13282128908922572,0.13282128908922572
357.4637177179102,0.14772520209180393,0.1325532793942297,0.1325532793942297
357.9146039929037,0.1474025148800853,0.13228526969923365,0.13228526969923365
358.36549026789726,0.14707982766836664,0.13201726000423766,0.13201726000423766
358.8163765428908,0.14675714045664798,0.13174925030924162,0.13174925030924162
359.26726281788433,0.14643445324492935,0.13148124061424563,0.13148124061424563
359.71814909287787,0.14611176603321063,0.13121323091924958,0.13121323091924958
360.1690353678714,0.14578907882149195,0.13094522122425356,0.13094522122425356
360.61992164286494,0.14546639160977332,0.13067721152925751,0.13067721152925751
361.0708079178585,0.14514370439805466,0.1304092018342615,0.1304092018342615
361.521694192852,0.144821017186336,0.13014119213926545,0.13014119213926545
361.97258046784555,0.1444983299746173,0.12987318244426946,0.12987318244426946
362.4234667428391,0.14417564276289868,0.1296051727492734,0.1296051727492734
362.8743530178326,0.14385295555118,0.1293371630542774,0.1293371630542774
363.32523929282615,0.14353026833946134,0.12906915335928135,0.12906915335928135
363.7761255678197,0.14320758112774265,0.12880114366428533,0.12880114366428533
364.2270118428132,0.14288489391602396,0.1285331339692893,0.1285331339692893
364.67789811780676,0.1425622067043053,0.12826512427429326,0.12826512427429326
365.1287843928003,0.14223951949258667,0.12799711457929722,0.12799711457929722
365.57967066779383,0.14191683228086802,0.12772910488430123,0.12772910488430123
366.03055694278737,0.14159414506914936,0.12746109518930518,0.12746109518930518
366.4814432177809,0.1412714578574307,0.12719308549430916,0.12719308549430916
366.93232949277444,0.140948770645712,0.12692507579931314,0.12692507579931314
367.383215767768,0.14062608343399335,0.12665706610431712,0.12665706610431712
367.8341020427615,0.1403033962222747,0.12638905640932105,0.12638905640932105
368.28498831775505,0.13998070901055604,0.12612104671432503,0.12612104671432503
368.7358745927486,0.13965802179883735,0.125853037019329,0.125853037019329
369.1867608677421,0.13933533458711866,0.12558502732433302,0.12558502732433302
369.63764714273566,0.13901264737540003,0.12531701762933697,0.12531701762933697
370.0885334177292,0.13868996016368138,0.12504900793434096,0.12504900793434096
370.53941969272273,0.1383672729519627,0.12478099823934492,0.12478099823934492
370.99030596771627,0.13804458574024403,0.12451298854434889,0.12451298854434889
371.4411922427098,0.13772189852852537,0.12424497884935286,0.12424497884935286
371.89207851770334,0.13739921131680669,0.12397696915435684,0.12397696915435684
372.3429647926969,0.13707652410508805,0.12370895945936078,0.12370895945936078
372.7938510676904,0.1367538368933694,0.12344094976436476,0.12344094976436476
373.24473734268395,0.1364311496816507,0.12317294006936873,0.12317294006936873
373.6956236176775,0.13610846246993202,0.12290493037437271,0.12290493037437271
374.146509892671,0.13578577525821336,0.1226369206793767,0.1226369206793767
374.59739616766456,0.1354630880464947,0.12236891098438069,0.12236891098438069
375.0482824426581,0.13514040083477608,0.12210090128938463,0.12210090128938463
375.4991687176516,0.1348177136230574,0.12183289159438862,0.12183289159438862
375.95005499264516,0.13449502641133873,0.12156488189939257,0.12156488189939257
376.4009412676387,0.13417233919962004,0.12129687220439657,0.12129687220439657
376.85182754263224,0.13384965198790139,0.12102886250940052,0.12102886250940052
377.3027138176258,0.1335269647761827,0.12076085281440453,0.12076085281440453
377.7536000926193,0.13320427756446404,0.12049284311940846,0.12049284311940846
378.20448636761284,0.1328815903527454,0.12022483342441247,0.12022483342441247
378.6553726426064,0.13255890314102675,0.11995682372941642,0.11995682372941642
379.1062589175999,0.1322362159293081,0.11968881403442039,0.11968881403442039
379.55714519259345,0.1319135287175894,0.11942080433942436,0.11942080433942436
380.008031467587,0.13159084150587072,0.11915445849813612,0.11915445849813612
380.4589177425805,0.13126815429415206,0.11889115824912133,0.11889115824912133
380.90980401757406,0.1309454670824334,0.11863148152334488,0.11863148152334488
381.3606902925676,0.13062277987071474,0.1183760804684045,0.1183760804684045
381.81157656756113,0.1303000926589961,0.11812532128893774,0.11812532128893774
382.26246284255467,0.1299774054472774,0.11787818563270933,0.11787818563270933
382.7133491175482,0.12965471823555874,0.11763467349971929,0.11763467349971929
383.16423539254174,0.12933203102384008,0.11739515451399288,0.11739515451399288
383.6151216675353,0.12900934381212142,0.1171605599273125,0.1171605599273125
384.0660079425288,0.12868665660040274,0.11692958886387046,0.11692958886387046
384.51689421752235,0.1283639693886841,0.11670224132366683,0.11670224132366683
384.9677804925159,0.12804128217696545,0.11647860440715434,0.11647860440715434
385.4186667675094,0.12771859496524676,0.11625818706337411,0.11625818706337411
385.86955304250296,0.1273959077535281,0.11603782357601992,0.11603782357601992
386.3204393174965,0.12707322054180945,0.11581746008866575,0.11581746008866575
386.77132559249003,0.12675168247126967,0.11559709660131155,0.11559709660131155
387.22221186748357,0.12643332076722336,0.11537673311395735,0.11537673311395735
387.6730981424771,0.12612460185380595,0.11515636962660315,0.11515636962660315
388.12398441747064,0.1258257677787758,0.11493600613924898,0.11493600613924898
388.5748706924642,0.12553486848928785,0.11471564265189481,0.11471564265189481
389.0257569674577,0.12525190398534217,0.11449527916454061,0.11449527916454061
389.47664324245125,0.12497796360234663,0.11427491567718644,0.11427491567718644
389.9275295174448,0.12471452672741715,0.11405455218983225,0.11405455218983225
390.3784157924383,0.12445902463802985,0.11383418870247808,0.11383418870247808
390.82930206743185,0.12421145733418482,0.11361382521512388,0.11361382521512388
391.2801883424254,0.12397229548161111,0.11339346172776968,0.11339346172776968
391.7310746174189,0.12374425580678229,0.1131730982404155,0.1131730982404155
392.18196089241246,0.12352262146706519,0.1129527347530613,0.1129527347530613
392.632847167406,0.12330426984661211,0.11273237126570712,0.11273237126570712
393.08373344239953,0.12308591822615904,0.11251200777835292,0.11251200777835292
393.53461971739307,0.12286756660570593,0.11229164429099875,0.11229164429099875
393.9855059923866,0.12264921498525289,0.11207128080364455,0.11207128080364455
394.43639226738014,0.12243086336479983,0.11185091731629038,0.11185091731629038
394.8872785423737,0.12221251174434673,0.11163055382893618,0.11163055382893618
395.3381648173672,0.12199416012389365,0.11141019034158198,0.11141019034158198
395.78905109236075,0.12177580850344058,0.1111898268542278,0.1111898268542278
396.2399373673543,0.12155745688298752,0.11096946336687362,0.11096946336687362
396.6908236423478,0.12133910526253444,0.11074909987951942,0.11074909987951942
397.14170991734136,0.12112075364208137,0.11052873639216525,0.11052873639216525
397.5925961923349,0.12090240202162827,0.11030837290481108,0.11030837290481108
398.04348246732843,0.12068405040117519,0.11008800941745688,0.11008800941745688
398.49436874232197,0.12046569878072214,0.10986764593010266,0.10986764593010266
398.9452550173155,0.12024734716026907,0.1096472824427485,0.1096472824427485
399.39614129230904,0.12002899553981598,0.1094269189553943,0.1094269189553943
399.8470275673026,0.11981064391936289,0.10920655546804012,0.10920655546804012
400.2979138422961,0.11959229229890982,0.10898619198068595,0.10898619198068595
400.74880011728965,0.11937394067845676,0.10876582849333175,0.10876582849333175
401.1996863922832,0.11915558905800368,0.10854546500597755,0.10854546500597755
401.6505726672767,0.11893723743755061,0.10832510151862335,0.10832510151862335
402.10145894227026,0.11871888581709752,0.10810473803126917,0.10810473803126917
402.5523452172638,0.11850053419664446,0.107884374543915,0.107884374543915
403.0032314922573,0.1182821825761914,0.10766401105656082,0.10766401105656082
403.45411776725086,0.11806383095573833,0.10744364756920662,0.10744364756920662
403.9050040422444,0.11784547933528525,0.10722328408185242,0.10722328408185242
404.35589031723794,0.11762712771483215,0.10700292059449824,0.10700292059449824
404.8067765922315,0.11740877609437907,0.10678255710714407,0.10678255710714407
405.257662867225,0.11719042447392602,0.10656219361978987,0.10656219361978987
405.70854914221854,0.11697207285347294,0.1063418301324357,0.1063418301324357
406.1594354172121,0.11675372123301987,0.1061214666450815,0.1061214666450815
406.6103216922056,0.11653536961256679,0.10590110315772731,0.10590110315772731
407.06120796719915,0.11631701799211372,0.10568073967037311,0.10568073967037311
407.5120942421927,0.11609866637166065,0.10546037618301894,0.10546037618301894
407.9629805171862,0.11588031475120757,0.10524001269566474,0.10524001269566474
408.41386679217976,0.11566196313075448,0.10501964920831054,0.10501964920831054
408.8647530671733,0.1154436115103014,0.10479928572095636,0.10479928572095636
409.31563934216683,0.11522525988984834,0.10457892223360218,0.10457892223360218
409.76652561716037,0.11500690826939527,0.10435855874624798,0.10435855874624798
410.2174118921539,0.1147885566489422,0.10413819525889381,0.10413819525889381
410.66829816714744,0.11457020502848911,0.10391783177153961,0.10391783177153961
411.119184442141,0.11435185340803604,0.10369746828418541,0.10369746828418541
411.5700707171345,0.11413350178758297,0.10347710479683124,0.10347710479683124
412.02095699212805,0.1139151501671299,0.10325674130947707,0.10325674130947707
412.4718432671216,0.11369679854667682,0.10303637782212287,0.10303637782212287
412.9227295421151,0.11347844692622373,0.10281601433476868,0.10281601433476868
413.37361581710866,0.11326009530577066,0.10259565084741451,0.10259565084741451
413.8245020921022,0.11304174368531761,0.10237557929218342,0.10237557929218342
414.27538836709573,0.11282339206486452,0.10215729115305247,0.10215729115305247
414.72627464208927,0.11260504044441146,0.1019412677162612,0.1019412677162612
415.1771609170828,0.11238668882395836,0.10172787037110546,0.10172787037110546
415.62804719207634,0.11216833720350529,0.10151742040153479,0.10151742040153479
416.0789334670699,0.11194998558305222,0.10130923513430386,0.10130923513430386
416.5298197420634,0.11173163396259915,0.10110331456941264,0.10110331456941264
416.98070601705695,0.11151328234214608,0.1008998435188995,0.1008998435188995
417.4315922920505,0.11129493072169298,0.10069949642122887,0.10069949642122887
417.882478567044,0.11107657910123991,0.10050141402589795,0.10050141402589795
418.33336484203755,0.11085822748078684,0.10030559633290674,0.10030559633290674
418.7842511170311,0.11063987586033378,0.10011205157703627,0.10011205157703627
419.2351373920246,0.11042152423988069,0.09992145960644791,0.09992145960644791
419.68602366701816,0.11020317261942761,0.09973087500302161,0.09973087500302161
420.1369099420117,0.10998482099897454,0.0995402903995953,0.0995402903995953
420.58779621700523,0.10976646937852148,0.09934970579616902,0.09934970579616902
421.03868249199877,0.10954874917391373,0.0991591211927427,0.0991591211927427
421.4895687669923,0.10933386352711286,0.09896853658931642,0.09896853658931642
421.94045504198584,0.10912221258961927,0.09877795198589014,0.09877795198589014
422.3913413169794,0.10891311638916269,0.09858736738246382,0.09858736738246382
422.8422275919729,0.10870657492574314,0.09839678277903752,0.09839678277903752
423.29311386696645,0.108502886809019,0.09820619817561121,0.09820619817561121
423.74400014196,0.10830263259266205,0.09801561357218493,0.09801561357218493
424.1948864169535,0.1081049331133421,0.09782502896875864,0.09782502896875864
424.64577269194706,0.10790978837105918,0.09763444436533232,0.09763444436533232
425.0966589669406,0.10771729778441178,0.09744385976190603,0.09744385976190603
425.54754524193413,0.10752844028919142,0.09725327515847976,0.09725327515847976
425.99843151692767,0.10734213753100807,0.09706269055505344,0.09706269055505344
426.4493177919212,0.1071572031931905,0.09687210595162715,0.09687210595162715
426.90020406691474,0.10697244416296764,0.09668152134820085,0.09668152134820085
427.3510903419083,0.10678768513274478,0.09649093674477455,0.09649093674477455
427.8019766169018,0.10660292610252192,0.09630035214134824,0.09630035214134824
428.25286289189535,0.10641816707229905,0.09610976753792197,0.09610976753792197
428.7037491668889,0.10623340804207619,0.09591918293449565,0.09591918293449565
429.1546354418824,0.10604864901185333,0.09572859833106936,0.09572859833106936
429.60552171687596,0.10586388998163046,0.09553801372764309,0.09553801372764309
430.0564079918695,0.10567913095140762,0.09534742912421679,0.09534742912421679
430.507294266863,0.10549437192118476,0.09515684452079048,0.09515684452079048
430.95818054185656,0.10530961289096187,0.09496625991736418,0.09496625991736418
431.4090668168501,0.10512485386073903,0.09477567531393788,0.09477567531393788
431.85995309184364,0.10494009483051617,0.09458509071051159,0.09458509071051159
432.3108393668372,0.10475533580029332,0.09439450610708529,0.09439450610708529
432.7617256418307,0.10457057677007048,0.09420392150365899,0.09420392150365899
433.21261191682424,0.10438581773984762,0.0940133369002327,0.0940133369002327
433.6634981918178,0.10420105870962475,0.09382275229680638,0.09382275229680638
434.1143844668113,0.10401629967940189,0.0936321676933801,0.0936321676933801
434.56527074180485,0.10383154064917902,0.09344158308995382,0.09344158308995382
435.0161570167984,0.10364678161895617,0.09325099848652753,0.09325099848652753
435.4670432917919,0.10346202258873331,0.09306041388310123,0.09306041388310123
435.91792956678546,0.10327726355851044,0.09286982927967492,0.09286982927967492
436.368815841779,0.10309250452828758,0.09267924467624862,0.09267924467624862
436.81970211677253,0.10290774549806471,0.09248866007282232,0.09248866007282232
437.27058839176607,0.10272298646784185,0.09229807546939603,0.09229807546939603
437.7214746667596,0.10253822743761898,0.09210749086596971,0.09210749086596971
438.17236094175314,0.10235346840739613,0.09191690626254344,0.09191690626254344
438.6232472167467,0.10216870937717328,0.09172632165911714,0.09172632165911714
439.0741334917402,0.1019839503469504,0.09153573705569083,0.09153573705569083
439.52501976673375,0.10179919131672754,0.09134515245226453,0.09134515245226453
439.9759060417273,0.10161443228650466,0.09115456784883824,0.09115456784883824
440.4267923167208,0.10142967325628183,0.09096398324541194,0.09096398324541194
440.87767859171436,0.10124491422605898,0.09077339864198565,0.09077339864198565
441.3285648667079,0.10106015519583614,0.09058281403855936,0.09058281403855936
441.77945114170143,0.10087539616561328,0.09039222943513306,0.09039222943513306
442.23033741669497,0.1006906371353904,0.09020164483170677,0.09020164483170677
442.6812236916885,0.10050587810516755,0.09001106022828047,0.09001106022828047
443.13210996668204,0.10032111907494468,0.08982047562485417,0.08982047562485417
443.5829962416756,0.10013636004472183,0.08962989102142788,0.08962989102142788
444.0338825166691,0.09995160101449896,0.08943930641800157,0.08943930641800157
444.48476879166265,0.0997668419842761,0.08924872181457527,0.08924872181457527
444.9356550666562,0.09958208295405324,0.08905813721114898,0.08905813721114898
445.3865413416497,0.09939732392383037,0.08886755260772267,0.08886755260772267
445.83742761664325,0.09921256489360751,0.08867696800429638,0.08867696800429638
446.2883138916368,0.09902780586338465,0.08848638340087008,0.08848638340087008
446.7392001666303,0.0988430468331618,0.08829579879744379,0.08829579879744379
447.19008644162386,0.09865828780293893,0.08810521419401748,0.08810521419401748
447.6409727166174,0.09847352877271605,0.08791462959059121,0.08791462959059121
448.09185899161093,0.0982887697424932,0.08772610274719896,0.08772610274719896
448.54274526660447,0.09810401071227036,0.08754037888521718,0.08754037888521718
448.993631541598,0.0979192516820475,0.08735826686484612,0.08735826686484612
449.44451781659154,0.09773449265182467,0.08718034585164673,0.08718034585164673
449.8954040915851,0.09754973362160181,0.08700559541955864,0.08700559541955864
450.3462903665786,0.09736497459137892,0.08683401556858183,0.08683401556858183
450.79717664157215,0.09718021556115607,0.08666580035122415,0.08666580035122415
451.2480629165657,0.0969954565309332,0.08650202334902972,0.08650202334902972
451.6989491915592,0.09681069750071035,0.08634141692794658,0.08634141692794658
452.14983546655276,0.09662593847048749,0.08618398108797473,0.08618398108797473
452.6007217415463,0.09644117944026462,0.08602971582911417,0.08602971582911417
453.05160801653983,0.09625642041004176,0.08588002968244096,0.08588002968244096
453.50249429153337,0.09607166137981889,0.08573089467955962,0.08573089467955962
453.9533805665269,0.09588690234959603,0.0855820004851734,0.0855820004851734
454.40426684152044,0.09570214331937317,0.08543310629078718,0.08543310629078718
454.855153116514,0.09551772537301464,0.08528421209640097,0.08528421209640097
455.3060393915075,0.0953347053295287,0.08513531790201477,0.08513531790201477
455.75692566650105,0.09515403302139985,0.08498642370762857,0.08498642370762857
456.2078119414946,0.09497518552548502,0.08483752951324236,0.08483752951324236
456.6586982164881,0.09479816284178419,0.08468863531885613,0.08468863531885613
457.10958449148166,0.09462314103426331,0.08453974112446992,0.08453974112446992
457.5604707664752,0.09445060924143149,0.08439084693008371,0.08439084693008371
458.0113570414687,0.09427990226081369,0.0842419527356975,0.0842419527356975
458.46224331646226,0.09411102009240987,0.08409305854131131,0.08409305854131131
458.9131295914558,0.09394399652085403,0.0839441643469251,0.0839441643469251
459.36401586644934,0.09377960524331924,0.08379527015253889,0.08379527015253889
459.8149021414429,0.09361703877799844,0.08364637595815266,0.08364637595815266
460.2657884164364,0.09345567763003135,0.08349748176376647,0.08349748176376647
460.71667469142994,0.09329491330770365,0.08334858756938025,0.08334858756938025
461.1675609664235,0.09313414898537595,0.08319969337499405,0.08319969337499405
461.618447241417,0.09297338466304825,0.08305079918060784,0.08305079918060784
462.06933351641055,0.09281262034072055,0.08290190498622162,0.08290190498622162
462.5202197914041,0.09265185601839283,0.0827530107918354,0.0827530107918354
462.9711060663976,0.09249109169606513,0.0826041165974492,0.0826041165974492
463.42199234139116,0.09233032737373743,0.08245522240306301,0.08245522240306301
463.8728786163847,0.09216956305140973,0.0823063282086768,0.0823063282086768
464.32376489137823,0.09200879872908202,0.0821574340142906,0.0821574340142906
464.77465116637177,0.09184803440675432,0.08200853981990437,0.08200853981990437
465.2255374413653,0.09168727008442662,0.08185964562551816,0.08185964562551816
465.67642371635884,0.09152650576209892,0.08171075143113193,0.08171075143113193
466.1273099913524,0.09136574143977123,0.08156185723674575,0.08156185723674575
466.5781962663459,0.09120497711744355,0.08141296304235955,0.08141296304235955
467.02908254133945,0.09104421279511585,0.08126406884797333,0.08126406884797333
467.479968816333,0.09088344847278813,0.0811151746535871,0.0811151746535871
467.9308550913265,0.09072268415046042,0.0809662804592009,0.0809662804592009
468.38174136632006,0.09056191982813272,0.08081738626481469,0.08081738626481469
468.8326276413136,0.09040115550580502,0.08066849207042849,0.08066849207042849
469.28351391630713,0.09024039118347732,0.08051959787604229,0.08051959787604229
469.73440019130067,0.09007962686114962,0.08037070368165607,0.08037070368165607
470.1852864662942,0.0899188625388219,0.08022180948726985,0.08022180948726985
470.63617274128774,0.0897580982164942,0.08007291529288364,0.08007291529288364
471.0870590162813,0.08959733389416649,0.07992402109849744,0.07992402109849744
471.5379452912748,0.08943656957183879,0.07977512690411123,0.07977512690411123
471.98883156626835,0.08927580524951109,0.07962623270972503,0.07962623270972503
472.4397178412619,0.08911504092718339,0.07947733851533881,0.07947733851533881
472.8906041162554,0.0889542766048557,0.0793284443209526,0.0793284443209526
473.34149039124895,0.088793512282528,0.07917955012656638,0.07917955012656638
473.7923766662425,0.0886327479602003,0.0790306559321802,0.0790306559321802
474.243262941236,0.08847198363787259,0.07888176173779399,0.07888176173779399
474.69414921622956,0.0883112193155449,0.07873286754340778,0.07873286754340778
475.1450354912231,0.0881504549932172,0.07858397334902155,0.07858397334902155
475.59592176621663,0.08798969067088948,0.07843507915463536,0.07843507915463536
476.04680804121017,0.08782892634856179,0.07828618496024914,0.07828618496024914
476.4976943162037,0.08766816202623409,0.07813729076586294,0.07813729076586294
476.94858059119724,0.08750739770390638,0.07798839657147673,0.07798839657147673
477.3994668661908,0.08734663338157869,0.0778395023770905,0.0778395023770905
477.8503531411843,0.08718586905925098,0.07769060818270429,0.07769060818270429
478.30123941617785,0.08702510473692328,0.07754171398831808,0.07754171398831808
478.7521256911714,0.08686434041459558,0.0773928197939319,0.0773928197939319
479.2030119661649,0.08670357609226789,0.07724392559954568,0.07724392559954568
479.65389824115846,0.08654281176994018,0.07709503140515947,0.07709503140515947
480.104784516152,0.08638204744761246,0.07694613721077326,0.07694613721077326
480.55567079114553,0.08622128312528478,0.07679724301638703,0.07679724301638703
481.00655706613907,0.08606051880295706,0.07664834882200082,0.07664834882200082
481.4574433411326,0.08589975448062938,0.07649945462761464,0.07649945462761464
481.90832961612614,0.08573899015830166,0.0763513647856021,0.0763513647856021
482.3592158911197,0.08557822583597398,0.07620455365890036,0.07620455365890036
482.8101021661132,0.08541746151364626,0.0760597694795213,0.0760597694795213
483.26098844110675,0.08525669719131855,0.07591741712402161,0.07591741712402161
483.7118747161003,0.08509593286899088,0.07577687652934763,0.07577687652934763
484.1627609910938,0.08493516854666318,0.07563814769549933,0.07563814769549933
484.61364726608736,0.08477440422433548,0.07550130454724939,0.07550130454724939
485.0645335410809,0.08461363990200778,0.07536703448460316,0.07536703448460316
485.5154198160744,0.08445287557968006,0.07523457618278263,0.07523457618278263
485.96630609106796,0.08429211125735235,0.07510392964178779,0.07510392964178779
486.4171923660615,0.08413134693502465,0.07497509486161863,0.07497509486161863
486.86807864105504,0.08397058261269696,0.07484883975487416,0.07484883975487416
487.31896491604857,0.08380981829036924,0.07472342516714872,0.07472342516714872
487.7698511910421,0.08364905396804154,0.0745983540661498,0.0745983540661498
488.22073746603564,0.08348828964571385,0.0744732829651509,0.0744732829651509
488.6716237410292,0.08332773589945464,0.07434821186415201,0.07434821186415201
489.1225100160227,0.08316797382752761,0.07422314076315312,0.07422314076315312
489.57339629101625,0.08301059671880676,0.07409806966215424,0.07409806966215424
490.0242825660098,0.08285504442168526,0.07397299856115533,0.07397299856115533
490.4751688410033,0.08270131693616307,0.07384792746015642,0.07384792746015642
490.92605511599686,0.082549553097507,0.07372285635915753,0.07372285635915753
491.3769413909904,0.08240031650134118,0.07359778525815863,0.07359778525815863
491.82782766598393,0.0822529047167747,0.07347271415715971,0.07347271415715971
492.27871394097747,0.08210731774380754,0.0733476430561608,0.0733476430561608
492.729600215971,0.08196355558243976,0.07322257195516191,0.07322257195516191
493.18048649096454,0.08182245605481164,0.07309750085416301,0.07309750085416301
493.6313727659581,0.08168318478280016,0.07297242975316412,0.07297242975316412
494.0822590409516,0.0815453672864803,0.07284735865216521,0.07284735865216521
494.53314531594515,0.08140859766396552,0.07272228755116632,0.07272228755116632
494.9840315909387,0.08127182804145075,0.07259721645016741,0.07259721645016741
495.4349178659322,0.08113505841893598,0.07247214534916852,0.07247214534916852
495.88580414092576,0.08099828879642121,0.07234707424816961,0.07234707424816961
496.3366904159193,0.08086151917390642,0.0722220031471707,0.0722220031471707
496.78757669091283,0.08072474955139165,0.07209693204617179,0.07209693204617179
497.23846296590636,0.08058797992887685,0.07197186094517291,0.07197186094517291
497.6893492408999,0.08045121030636208,0.071846789844174,0.071846789844174
498.14023551589344,0.08031444068384731,0.07172171874317511,0.07172171874317511
498.591121790887,0.08017767106133256,0.07159664764217621,0.07159664764217621
499.0420080658805,0.08004090143881777,0.07147157654117732,0.07147157654117732
499.49289434087405,0.07990413181630299,0.07134650544017841,0.07134650544017841
499.9437806158676,0.07976736219378822,0.07122143433917949,0.07122143433917949
500.3946668908611,0.07963059257127343,0.0710963632381806,0.0710963632381806
500.84555316585465,0.07949382294875867,0.07097129213718167,0.07097129213718167
501.2964394408482,0.0793570533262439,0.0708462210361828,0.0708462210361828
501.7473257158417,0.07922028370372913,0.0707211499351839,0.0707211499351839
502.19821199083526,0.07908351408121433,0.07059607883418499,0.07059607883418499
502.6490982658288,0.07894674445869956,0.0704710077331861,0.0704710077331861
503.09998454082233,0.07880997483618478,0.0703459366321872,0.0703459366321872
503.55087081581587,0.07867320521367001,0.07022086553118831,0.07022086553118831
504.0017570908094,0.07853643559115524,0.07009579443018939,0.07009579443018939
504.45264336580294,0.07839966596864047,0.06997072332919049,0.06997072332919049
504.9035296407965,0.07826289634612568,0.06984565222819158,0.06984565222819158
505.35441591579,0.07812612672361093,0.06972058112719269,0.06972058112719269
505.80530219078355,0.07798935710109614,0.06959551002619378,0.06959551002619378
506.2561884657771,0.07785258747858138,0.06947043892519489,0.06947043892519489
506.7070747407706,0.07771581785606659,0.069345367824196,0.069345367824196
507.15796101576416,0.07757904823355181,0.0692202967231971,0.0692202967231971
507.6088472907577,0.07744227861103706,0.0690952256221982,0.0690952256221982
508.05973356575123,0.07730550898852227,0.0689701545211993,0.0689701545211993
508.51061984074477,0.07716873936600749,0.06884508342020039,0.06884508342020039
508.9615061157383,0.07703196974349272,0.06872001231920148,0.06872001231920148
509.41239239073184,0.07689520012097792,0.06859494121820256,0.06859494121820256
509.8632786657254,0.07675843049846316,0.06846987011720367,0.06846987011720367
510.3141649407189,0.0766216608759484,0.06834479901620477,0.06834479901620477
510.76505121571245,0.07648489125343363,0.06821972791520589,0.06821972791520589
511.215937490706,0.07634812163091884,0.068094656814207,0.068094656814207
511.6668237656995,0.07621135200840407,0.0679695857132081,0.0679695857132081
512.117710040693,0.07607458238588931,0.06784451461220921,0.06784451461220921
512.5685963156866,0.07593781276337452,0.06771944351121029,0.06771944351121029
513.0194825906801,0.07580104314085975,0.06759437241021138,0.06759437241021138
513.4703688656737,0.07566427351834498,0.06746930130921246,0.06746930130921246
513.9212551406672,0.07552750389583018,0.06734423020821356,0.06734423020821356
514.3721414156607,0.07539073427331543,0.06721915910721467,0.06721915910721467
514.8230276906543,0.07525396465080064,0.06709408800621577,0.06709408800621577
515.2739139656478,0.07511719502828586,0.06696901690521688,0.06696901690521688
515.7248002406413,0.07498042540577109,0.06684425510309867,0.06684425510309867
516.1756865156349,0.07484365578325632,0.0667202254082166,0.0667202254082166
516.6265727906284,0.07470688616074156,0.06659768820200099,0.06659768820200099
517.077459065622,0.07457011653822677,0.06647700258544023,0.06647700258544023
517.5283453406155,0.07443334691571199,0.06635767578946614,0.06635767578946614
517.979231615609,0.07429657729319722,0.06623970781407873,0.06623970781407873
518.4301178906026,0.07415980767068243,0.0661231263810671,0.0661231263810671
518.8810041655961,0.07402303804816768,0.06600850248400102,0.06600850248400102
519.3318904405896,0.0738862684256529,0.06589523740752164,0.06589523740752164
519.7827767155832,0.07374949880313814,0.06578333115162893,0.06578333115162893
520.2336629905767,0.07361272918062335,0.06567278371632289,0.06567278371632289
520.6845492655702,0.07347595955810857,0.06556414331424987,0.06556414331424987
521.1354355405638,0.07333918993559381,0.06545654282183926,0.06545654282183926
521.5863218155573,0.07320242031307903,0.06534933904045227,0.06534933904045227
522.0372080905508,0.07306565069056425,0.06524213525906528,0.06524213525906528
522.4880943655444,0.07294420385273331,0.06513493147767828,0.06513493147767828
522.9389806405379,0.07287581904147593,0.06502772769629128,0.06502772769629128
523.3898669155315,0.07280743423021854,0.0649205239149043,0.0649205239149043
523.840753190525,0.07273904941896116,0.0648133201335173,0.0648133201335173
524.2916394655185,0.07267066460770377,0.06470611635213029,0.06470611635213029
524.7425257405121,0.0726022797964464,0.06459891257074331,0.06459891257074331
525.1934120155056,0.07253389498518899,0.06449170878935631,0.06449170878935631
525.6442982904991,0.07246551017393162,0.06438450500796931,0.06438450500796931
526.0951845654927,0.07239712536267423,0.06427730122658233,0.06427730122658233
526.5460708404862,0.07232874055141683,0.06417009744519535,0.06417009744519535
526.9969571154797,0.07226035574015945,0.06406289366380837,0.06406289366380837
527.4478433904733,,0.06395568988242135,
527.8987296654668,,0.06384848610103437,
528.3496159404604,,0.06374128231964736,
528.8005022154539,,0.06363407853826038,
529.2513884904474,,0.06352687475687337,
529.702274765441,,0.06341967097548637,
530.1531610404345,,0.06331246719409937,
530.604047315428,,0.06320526341271239,
531.0549335904216,,0.06309805963132539,
531.5058198654151,,0.06299085584993841,
531.9567061404086,,0.06288365206855141,
532.4075924154022,,0.06277644828716443,
532.8584786903957,,0.06266924450577742,
533.3093649653892,,0.06256204072439045,
533.7602512403828,,0.06245483694300342,
534.2111375153763,,0.06234763316161643,
534.6620237903699,,0.06224042938022946,
535.1129100653634,,0.06213322559884246,
535.5637963403569,,0.062026021817455465,
536.0146826153505,,0.061918818036068475,
536.465568890344,,0.061811614254681485,
536.9164551653375,,0.06170441047329448,
537.3673414403311,,0.06159720669190749,
537.8182277153246,,0.061490002910520494,
538.2691139903181,,0.06138279912913349,
538.7200002653117,,0.0612755953477465,
539.1708865403052,,0.06116839156635951,
539.6217728152988,,0.06106118778497252,
540.0726590902923,,0.06095398400358554,
540.5235453652858,,0.060846780222198533,
540.9744316402794,,0.060739576440811544,
541.4253179152729,,0.060632372659424554,
541.8762041902664,,0.06052516887803755,
542.32709046526,,0.06041796509665056,
542.7779767402535,,0.06031076131526357,
543.228863015247,,0.06020355753387656,
543.6797492902406,,0.060096353752489576,
544.1306355652341,,0.059989149971102586,
544.5815218402277,,0.05988194618971559,
545.0324081152212,,0.05977474240832859,
545.4832943902147,,0.0596675386269416,
545.9341806652083,,0.05956033484555461,
546.3850669402018,,0.05945313106416761,
546.8359532151953,,0.05934592728278063,
547.2868394901889,,0.05923872350139364,
547.7377257651824,,0.05913151972000664,
548.1886120401759,,0.059024315938619634,
548.6394983151695,,0.058917112157232644,
549.090384590163,,0.058809908375845654,
549.5412708651565,,0.05870270459445868,
549.9921571401501,,0.05860955404835216,
550.4430434151436,,0.05855595215765865,
550.8939296901372,,0.05850235026696515,
551.3448159651307,,0.05844874837627166,
551.7957022401242,,0.05839514648557816,
552.2465885151178,,0.05834154459488466,
