detuning_from_l0_peak_mhz,T_l0_exp_rising_raw,T_l9_exp_rising_raw,T_overlap_min_exp_rising_raw
-529.8804714693688,,,
-529.4295851943752,,,
-528.9786989193817,,,
-528.5278126443882,,,
-528.0769263693946,,,
-527.6260400944011,,,
-527.1751538194076,,,
-526.724267544414,,,
-526.2733812694205,,,
-525.822494994427,,,
-525.3716087194334,,,
-524.9207224444399,,,
-524.4698361694464,,,
-524.0189498944528,,,
-523.5680636194593,,,
-523.1171773444657,,,
-522.6662910694722,,,
-522.2154047944787,,,
-521.7645185194851,,,
-521.3136322444916,,,
-520.8627459694981,,,
-520.4118596945045,,,
-519.960973419511,,,
-519.5100871445175,,,
-519.0592008695239,,,
-518.6083145945304,,,
-518.1574283195368,,,
-517.7065420445433,,,
-517.2556557695498,,,
-516.8047694945562,,,
-516.3538832195627,,,
-515.9029969445692,,,
-515.4521106695756,,,
-515.0012243945821,,0.06795390949713108,
-514.5503381195886,,0.06806692115456887,
-514.099451844595,,0.06817993281200667,
-513.6485655696015,,0.06829294446944446,
-513.197679294608,,0.06840595612688226,
-512.7467930196144,,0.06851896778432005,
-512.2959067446209,,0.06863197944175783,
-511.84502046962734,,0.06874499109919563,
-511.3941341946338,,0.06885800275663342,
-510.94324791964027,,0.06897101441407122,
-510.49236164464673,,0.06908402607150903,
-510.0414753696532,,0.06919703772894682,
-509.59058909465966,,0.06931004938638462,
-509.1397028196661,,0.06942306104382241,
-508.6888165446726,,0.0695360727012602,
-508.23793026967905,,0.06964908435869799,
-507.7870439946855,,0.06976209601613578,
-507.336157719692,,0.06987510767357358,
-506.88527144469845,,0.06998811933101137,
-506.4343851697049,,0.07010113098844917,
-505.9834988947114,,0.07021414264588696,
-505.53261261971784,,0.07032715430332476,
-505.0817263447243,,0.07044016596076255,
-504.63084006973077,,0.07055317761820035,
-504.17995379473723,0.08467324735129339,0.07066618927563816,0.07066618927563816
-503.7290675197437,0.08481954037976464,0.07077920093307595,0.07077920093307595
-503.27818124475016,0.08496583340823587,0.07089221259051373,0.07089221259051373
-502.8272949697566,0.0851121264367071,0.07100522424795151,0.07100522424795151
-502.3764086947631,0.08525841946517831,0.07111823590538932,0.07111823590538932
-501.92552241976955,0.08540471249364956,0.0712312475628271,0.0712312475628271
-501.474636144776,0.08555100552212079,0.07134425922026491,0.07134425922026491
-501.0237498697825,0.08569729855059202,0.07145727087770269,0.07145727087770269
-500.57286359478894,0.08584359157906327,0.0715702825351405,0.0715702825351405
-500.1219773197954,0.08598988460753448,0.07168329419257828,0.07168329419257828
-499.67109104480187,0.08613617763600571,0.07179630585001609,0.07179630585001609
-499.22020476980833,0.08628247066447696,0.07190931750745387,0.07190931750745387
-498.7693184948148,0.08642876369294819,0.07202232916489167,0.07202232916489167
-498.31843221982126,0.08657505672141944,0.07213534082232946,0.07213534082232946
-497.8675459448277,0.08672134974989065,0.07224835247976727,0.07224835247976727
-497.4166596698342,0.08686764277836188,0.07236136413720505,0.07236136413720505
-496.96577339484065,0.08701393580683313,0.07247437579464286,0.07247437579464286
-496.5148871198471,0.08716022883530435,0.07258738745208064,0.07258738745208064
-496.0640008448536,0.08730652186377559,0.07270039910951845,0.07270039910951845
-495.61311456986004,0.08745281489224682,0.07281341076695623,0.07281341076695623
-495.1622282948665,0.08759910792071805,0.07292642242439404,0.07292642242439404
-494.711342019873,0.08774540094918928,0.07303943408183182,0.07303943408183182
-494.26045574487944,0.08789169397766051,0.07315244573926963,0.07315244573926963
-493.8095694698859,0.08803798700613176,0.07326545739670741,0.07326545739670741
-493.35868319489236,0.08818428003460299,0.0733784690541452,0.0733784690541452
-492.90779691989883,0.08833057306307421,0.073491480711583,0.073491480711583
-492.4569106449053,0.08847686609154545,0.0736044923690208,0.0736044923690208
-492.00602436991176,0.0886231591200167,0.07371750402645859,0.07371750402645859
-491.5551380949182,0.08876945214848793,0.0738305156838964,0.0738305156838964
-491.1042518199247,0.08891574517695916,0.07394352734133418,0.07394352734133418
-490.65336554493115,0.08906203820543039,0.07405653899877199,0.07405653899877199
-490.2024792699376,0.08920833123390162,0.07416955065620977,0.07416955065620977
-489.7515929949441,0.08935462426237285,0.07428256231364758,0.07428256231364758
-489.30070671995054,0.08950091729084408,0.07439557397108534,0.07439557397108534
-488.849820444957,0.08964721031931532,0.07450858562852314,0.07450858562852314
-488.39893416996347,0.08979350334778653,0.07462159728596093,0.07462159728596093
-487.94804789496993,0.08993979637625778,0.07473460894339873,0.07473460894339873
-487.4971616199764,0.09008608940472901,0.07484762060083652,0.07484762060083652
-487.04627534498286,0.09023238243320025,0.07496063225827432,0.07496063225827432
-486.5953890699893,0.09037867546167148,0.07507364391571211,0.07507364391571211
-486.1445027949958,0.0905249684901427,0.07518665557314991,0.07518665557314991
-485.69361652000225,0.09067126151861395,0.0752996672305877,0.0752996672305877
-485.2427302450087,0.09081755454708518,0.07541267888802552,0.07541267888802552
-484.7918439700152,0.09096384757555641,0.0755256905454633,0.0755256905454633
-484.34095769502164,0.09111014060402765,0.07563870220290109,0.07563870220290109
-483.8900714200281,0.09125643363249888,0.07575171386033888,0.07575171386033888
-483.43918514503457,0.09140272666097012,0.07586472551777668,0.07586472551777668
-482.98829887004104,0.09154901968944135,0.07597773717521447,0.07597773717521447
-482.5374125950475,0.09169531271791258,0.07609074883265227,0.07609074883265227
-482.08652632005396,0.09184160574638381,0.07620376049009006,0.07620376049009006
-481.6356400450604,0.09198789877485503,0.07631677214752786,0.07631677214752786
-481.1847537700669,0.09213419180332627,0.07645118621658009,0.07645118621658009
-480.73386749507335,0.09228048483179752,0.07659129849671327,0.07659129849671327
-480.2829812200798,0.09242677786026875,0.07673405003832254,0.07673405003832254
-479.8320949450863,0.09257307088873998,0.0768768015799318,0.0768768015799318
-479.38120867009275,0.09271936391721121,0.07701955312154107,0.07701955312154107
-478.9303223950992,0.09286565694568244,0.07716230466315036,0.07716230466315036
-478.4794361201057,0.09301194997415367,0.07730505620475964,0.07730505620475964
-478.02854984511214,0.09315824300262492,0.0774478077463689,0.0774478077463689
-477.5776635701186,0.09330453603109615,0.07759055928797817,0.07759055928797817
-477.12677729512507,0.09345082905956739,0.07773331082958744,0.07773331082958744
-476.67589102013153,0.09359712208803861,0.07787606237119672,0.07787606237119672
-476.225004745138,0.09374341511650985,0.07801881391280599,0.07801881391280599
-475.77411847014446,0.09388970814498107,0.07816156545441527,0.07816156545441527
-475.3232321951509,0.0940360011734523,0.07830431699602454,0.07830431699602454
-474.8723459201574,0.09418229420192352,0.07844706853763381,0.07844706853763381
-474.42145964516385,0.09432858723039476,0.07858982007924309,0.07858982007924309
-473.9705733701703,0.09447488025886601,0.07873257162085234,0.07873257162085234
-473.5196870951768,0.09462117328733724,0.07887532316246164,0.07887532316246164
-473.06880082018324,0.09476746631580847,0.0790180747040709,0.0790180747040709
-472.6179145451897,0.09491375934427972,0.07916082624568017,0.07916082624568017
-472.16702827019617,0.09506005237275093,0.07930357778728943,0.07930357778728943
-471.71614199520263,0.09520634540122216,0.07944632932889871,0.07944632932889871
-471.2652557202091,0.09535263842969341,0.079589080870508,0.079589080870508
-470.81436944521556,0.09551065959740604,0.07973183241211726,0.07973183241211726
-470.363483170222,0.09569330649782642,0.07987458395372654,0.07987458395372654
-469.9125968952285,0.095902016797718,0.08001733549533581,0.08001733549533581
-469.46171062023495,0.09611072709760958,0.08016008703694508,0.08016008703694508
-469.0108243452414,0.09631943739750118,0.08030283857855436,0.08030283857855436
-468.5599380702479,0.09652814769739276,0.08044559012016363,0.08044559012016363
-468.10905179525435,0.09673685799728435,0.08058834166177291,0.08058834166177291
-467.6581655202608,0.09694556829717593,0.08073109320338218,0.08073109320338218
-467.2072792452673,0.0971542785970675,0.08087384474499144,0.08087384474499144
-466.75639297027374,0.09736298889695907,0.08101659628660071,0.08101659628660071
-466.3055066952802,0.09757169919685066,0.08115934782821,0.08115934782821
-465.85462042028666,0.09778040949674226,0.08130209936981926,0.08130209936981926
-465.40373414529313,0.09798911979663384,0.08144485091142854,0.08144485091142854
-464.9528478702996,0.09819783009652543,0.0815876024530378,0.0815876024530378
-464.50196159530606,0.09840654039641701,0.08173035399464708,0.08173035399464708
-464.0510753203125,0.09861525069630858,0.08187310553625636,0.08187310553625636
-463.600189045319,0.09882396099620015,0.08201585707786563,0.08201585707786563
-463.14930277032545,0.09903267129609174,0.0821586086194749,0.0821586086194749
-462.6984164953319,0.09924138159598332,0.08230136016108416,0.08230136016108416
-462.2475302203384,0.0994500918958749,0.08244411170269346,0.08244411170269346
-461.79664394534484,0.0996588021957665,0.08258686324430271,0.08258686324430271
-461.3457576703513,0.09986751249565809,0.08272961478591198,0.08272961478591198
-460.89487139535777,0.10007622279554966,0.08287236632752126,0.08287236632752126
-460.44398512036423,0.10028493309544123,0.08301511786913053,0.08301511786913053
-459.9930988453707,0.10049364339533282,0.08315786941073981,0.08315786941073981
-459.54221257037716,0.1007023536952244,0.08330062095234908,0.08330062095234908
-459.0913262953836,0.10091106399511598,0.08344337249395835,0.08344337249395835
-458.6404400203901,0.10111977429500756,0.08358612403556763,0.08358612403556763
-458.18955374539655,0.10132848459489914,0.0837288755771769,0.0837288755771769
-457.738667470403,0.10153719489479072,0.08387162711878618,0.08387162711878618
-457.2877811954095,0.10174590519468231,0.08401437866039545,0.08401437866039545
-456.83689492041594,0.1019546154945739,0.08415713020200472,0.08415713020200472
-456.3860086454224,0.10216332579446548,0.08429988174361398,0.08429988174361398
-455.93512237042887,0.10237203609435706,0.08444263328522325,0.08444263328522325
-455.48423609543534,0.10258074639424863,0.08458538482683255,0.08458538482683255
-455.0333498204418,0.10278945669414022,0.08472813636844181,0.08472813636844181
-454.58246354544826,0.1029981669940318,0.08487088791005108,0.08487088791005108
-454.1315772704547,0.10320687729392339,0.08501363945166035,0.08501363945166035
-453.6806909954612,0.10341558759381496,0.08515639099326962,0.08515639099326962
-453.22980472046765,0.10362429789370656,0.08529914253487891,0.08529914253487891
-452.7789184454741,0.10383300819359813,0.08544189407648817,0.08544189407648817
-452.3280321704806,0.10404171849348971,0.08558464561809745,0.08558464561809745
-451.87714589548705,0.1042504287933813,0.08572739715970672,0.08572739715970672
-451.4262596204935,0.10445913909327288,0.085870148701316,0.085870148701316
-450.9753733455,0.10466784939316447,0.08601290024292527,0.08601290024292527
-450.52448707050644,0.10487655969305605,0.08615565178453453,0.08615565178453453
-450.0736007955129,0.10508526999294761,0.08629840332614382,0.08629840332614382
-449.62271452051937,0.10529398029283919,0.08644115486775308,0.08644115486775308
-449.17182824552583,0.10550269059273079,0.08658390640936237,0.08658390640936237
-448.7209419705323,0.10571140089262238,0.08672665795097163,0.08672665795097163
-448.27005569553876,0.10592011119251396,0.08686940949258092,0.08686940949258092
-447.8191694205452,0.10612882149240555,0.08701224647223636,0.08701224647223636
-447.3682831455517,0.10633753179229712,0.08716565455957447,0.08716565455957447
-446.91739687055815,0.1065462420921887,0.08732815851976446,0.08732815851976446
-446.4665105955646,0.10675495239208027,0.08749470195501462,0.08749470195501462
-446.0156243205711,0.10696366269197187,0.08766124539026478,0.08766124539026478
-445.56473804557754,0.10717237299186345,0.08782778882551494,0.08782778882551494
-445.113851770584,0.10738108329175504,0.0879943322607651,0.0879943322607651
-444.66296549559047,0.10758979359164662,0.08816087569601526,0.08816087569601526
-444.21207922059693,0.1077985038915382,0.08832741913126543,0.08832741913126543
-443.7611929456034,0.10800721419142978,0.08849396256651558,0.08849396256651558
-443.31030667060986,0.10821592449132135,0.08866050600176575,0.08866050600176575
-442.8594203956163,0.10842463479121293,0.08882704943701591,0.08882704943701591
-442.4085341206228,0.10863334509110453,0.08899359287226608,0.08899359287226608
-441.95764784562925,0.10884205539099612,0.08916013630751624,0.08916013630751624
-441.5067615706357,0.10905076569088769,0.0893266797427664,0.0893266797427664
-441.0558752956422,0.10925947599077927,0.08949322317801656,0.08949322317801656
-440.60498902064865,0.10946818629067086,0.08965976661326672,0.08965976661326672
-440.1541027456551,0.10967689659056244,0.08982631004851688,0.08982631004851688
-439.7032164706616,0.10988560689045401,0.08999285348376704,0.08999285348376704
-439.25233019566804,0.1100943171903456,0.09015939691901721,0.09015939691901721
-438.8014439206745,0.11030302749023717,0.09032594035426737,0.09032594035426737
-438.35055764568096,0.11051173779012877,0.09049248378951752,0.09049248378951752
-437.89967137068743,0.11072044809002035,0.0906590272247677,0.0906590272247677
-437.4487850956939,0.11092915838991194,0.09082557066001785,0.09082557066001785
-436.99789882070036,0.11113786868980352,0.090992114095268,0.090992114095268
-436.5470125457068,0.11134657898969509,0.09115865753051818,0.09115865753051818
-436.0961262707133,0.11155528928958666,0.09132520096576834,0.09132520096576834
-435.64523999571975,0.11176399958947825,0.0914917444010185,0.0914917444010185
-435.1943537207262,0.11197270988936983,0.09165828783626866,0.09165828783626866
-434.7434674457327,0.11218142018926142,0.09182483127151882,0.09182483127151882
-434.29258117073914,0.11239013048915301,0.09199137470676898,0.09199137470676898
-433.8416948957456,0.1125988407890446,0.09215791814201915,0.09215791814201915
-433.39080862075207,0.11280755108893617,0.0923244615772693,0.0923244615772693
-432.93992234575853,0.11301626138882774,0.09249100501251946,0.09249100501251946
-432.489036070765,0.11322497168871933,0.09265754844776962,0.09265754844776962
-432.03814979577146,0.11343368198861091,0.09282409188301978,0.09282409188301978
-431.5872635207779,0.11364239228850251,0.09299063531826994,0.09299063531826994
-431.1363772457844,0.11385110258839409,0.0931571787535201,0.0931571787535201
-430.68549097079085,0.11405981288828568,0.09332372218877026,0.09332372218877026
-430.2346046957973,0.11426852318817725,0.09349026562402044,0.09349026562402044
-429.7837184208038,0.11447723348806882,0.09365680905927058,0.09365680905927058
-429.33283214581024,0.11468594378796042,0.09382335249452074,0.09382335249452074
-428.8819458708167,0.114894654087852,0.09398989592977092,0.09398989592977092
-428.43105959582317,0.11510336438774359,0.09415643936502106,0.09415643936502106
-427.98017332082964,0.11531207468763517,0.09432298280027122,0.09432298280027122
-427.5292870458361,0.11552078498752674,0.0944895262355214,0.0944895262355214
-427.07840077084256,0.11572949528741833,0.09465606967077156,0.09465606967077156
-426.627514495849,0.11593820558730991,0.0948226131060217,0.0948226131060217
-426.1766282208555,0.11614691588720147,0.09498915654127188,0.09498915654127188
-425.72574194586196,0.11635562618709305,0.09515569997652204,0.09515569997652204
-425.2748556708684,0.11656433648698467,0.0953222434117722,0.0953222434117722
-424.8239693958749,0.11677304678687625,0.09548878684702236,0.09548878684702236
-424.37308312088135,0.11698175708676783,0.09565533028227252,0.09565533028227252
-423.9221968458878,0.11719046738665942,0.09582187371752268,0.09582187371752268
-423.4713105708943,0.117399177686551,0.09598841715277286,0.09598841715277286
-423.02042429590074,0.11760788798644256,0.096154960588023,0.096154960588023
-422.5695380209072,0.11781659828633416,0.09632150402327316,0.09632150402327316
-422.11865174591367,0.11802530858622572,0.09648804745852334,0.09648804745852334
-421.66776547092013,0.1182340188861173,0.0966545908937735,0.0966545908937735
-421.2168791959266,0.11844272918600891,0.09682113432902366,0.09682113432902366
-420.76599292093306,0.1186514394859005,0.09698767776427382,0.09698767776427382
-420.3151066459395,0.11886014978579205,0.09715422119952398,0.09715422119952398
-419.864220370946,0.11906886008568364,0.09732076463477414,0.09732076463477414
-419.41333409595245,0.11927757038557521,0.0974873080700243,0.0974873080700243
-418.9624478209589,0.1194862806854668,0.09765385150527446,0.09765385150527446
-418.5115615459654,0.11969499098535841,0.09782039494052462,0.09782039494052462
-418.06067527097184,0.11990370128524996,0.09798693837577478,0.09798693837577478
-417.6097889959783,0.12011241158514155,0.09815348181102494,0.09815348181102494
-417.15890272098477,0.12032112188503313,0.0983200252462751,0.0983200252462751
-416.70801644599123,0.12052983218492472,0.09848656868152526,0.09848656868152526
-416.2571301709977,0.12073854248481629,0.09865311211677542,0.09865311211677542
-415.80624389600416,0.12094725278470787,0.09881965555202558,0.09881965555202558
-415.3553576210106,0.12115596308459946,0.09898619898727574,0.09898619898727574
-414.9044713460171,0.12136467338449104,0.0991527424225259,0.0991527424225259
-414.45358507102355,0.12157338368438263,0.09931928585777608,0.09931928585777608
-414.00269879603,0.12178209398427421,0.09948596409866413,0.09948596409866413
-413.5518125210365,0.1219908042841658,0.09965864029030182,0.09965864029030182
-413.10092624604295,0.12219951458405738,0.09985219528084871,0.09985219528084871
-412.6500399710494,0.12240822488394895,0.10005442655835378,0.10005442655835378
-412.1991536960559,0.12261693518384054,0.10025665783585885,0.10025665783585885
-411.74826742106234,0.12282564548373212,0.10045888911336393,0.10045888911336393
-411.2973811460688,0.1230343557836237,0.10066112039086898,0.10066112039086898
-410.84649487107527,0.12324306608351529,0.10086335166837405,0.10086335166837405
-410.39560859608173,0.12345177638340687,0.10106558294587913,0.10106558294587913
-409.9447223210882,0.12366048668329846,0.1012678142233842,0.1012678142233842
-409.49383604609466,0.12386919698319003,0.10147004550088927,0.10147004550088927
-409.0429497711011,0.12407790728308161,0.10167227677839434,0.10167227677839434
-408.5920634961076,0.1242866175829732,0.1018745080558994,0.1018745080558994
-408.14117722111405,0.12449532788286478,0.10207673933340447,0.10207673933340447
-407.6902909461205,0.12470403818275637,0.10227897061090953,0.10227897061090953
-407.239404671127,0.12491274848264795,0.10248120188841461,0.10248120188841461
-406.78851839613344,0.1251214587825395,0.1026834331659197,0.1026834331659197
-406.3376321211399,0.12533016908243108,0.10288566444342474,0.10288566444342474
-405.88674584614637,0.1255388793823227,0.10308789572092983,0.10308789572092983
-405.43585957115283,0.12574758968221428,0.10329012699843491,0.10329012699843491
-404.9849732961593,0.12595629998210586,0.10349235827593997,0.10349235827593997
-404.53408702116576,0.12616501028199745,0.10369458955344504,0.10369458955344504
-404.0832007461722,0.12637372058188903,0.1038968208309501,0.1038968208309501
-403.6323144711787,0.1265824308817806,0.10409905210845519,0.10409905210845519
-403.18142819618515,0.12679114118167217,0.10430128338596024,0.10430128338596024
-402.7305419211916,0.12699985148156376,0.1045035146634653,0.1045035146634653
-402.2796556461981,0.12720856178145534,0.10470574594097039,0.10470574594097039
-401.82876937120454,0.12741727208134696,0.10490797721847546,0.10490797721847546
-401.377883096211,0.12762598238123854,0.10511020849598052,0.10511020849598052
-400.9269968212175,0.1278346926811301,0.1053124397734856,0.1053124397734856
-400.47611054622394,0.12804340298102165,0.10551467105099066,0.10551467105099066
-400.0252242712304,0.12825211328091324,0.10571690232849575,0.10571690232849575
-399.57433799623686,0.12846082358080482,0.1059191336060008,0.1059191336060008
-399.1234517212433,0.1286695338806964,0.10612136488350589,0.10612136488350589
-398.6725654462498,0.128878244180588,0.10632359616101096,0.10632359616101096
-398.22167917125626,0.12908695448047958,0.10652582743851602,0.10652582743851602
-397.7707928962627,0.12929566478037116,0.1067280587160211,0.1067280587160211
-397.3199066212692,0.12950437508026275,0.10693028999352616,0.10693028999352616
-396.86902034627565,0.12971308538015433,0.10713252127103122,0.10713252127103122
-396.4181340712821,0.12992179568004592,0.1073347525485363,0.1073347525485363
-395.9672477962886,0.1301305059799375,0.10753698382604138,0.10753698382604138
-395.51636152129504,0.13033921627982908,0.10773921510354643,0.10773921510354643
-395.0654752463015,0.13054792657972067,0.10794144638105152,0.10794144638105152
-394.61458897130797,0.13075663687961225,0.10814367765855658,0.10814367765855658
-394.16370269631443,0.13096534717950384,0.10834590893606165,0.10834590893606165
-393.7128164213209,0.1311740574793954,0.10854814021356671,0.10854814021356671
-393.26193014632736,0.13139342969380854,0.10875037149107179,0.10875037149107179
-392.8110438713338,0.13163444597909593,0.10895260276857688,0.10895260276857688
-392.3601575963403,0.1319342265974326,0.10915483404608194,0.10915483404608194
-391.90927132134675,0.13223400721576925,0.109357065323587,0.109357065323587
-391.4583850463532,0.13253378783410588,0.10955929660109207,0.10955929660109207
-391.0074987713597,0.13283356845244254,0.10976152787859715,0.10976152787859715
-390.55661249636614,0.13313334907077917,0.10996375915610221,0.10996375915610221
-390.1057262213726,0.13343312968911583,0.1101659904336073,0.1101659904336073
-389.65483994637907,0.13373291030745246,0.11036822171111235,0.11036822171111235
-389.20395367138553,0.1340326909257891,0.11057045298861741,0.11057045298861741
-388.753067396392,0.13433247154412575,0.1107726842661225,0.1107726842661225
-388.30218112139846,0.13463225216246238,0.11097491554362757,0.11097491554362757
-387.8512948464049,0.13493203278079904,0.11117714682113262,0.11117714682113262
-387.4004085714114,0.1352318133991357,0.11137937809863771,0.11137937809863771
-386.94952229641785,0.13553159401747233,0.11158160937614277,0.11158160937614277
-386.4986360214243,0.135831374635809,0.11178384065364784,0.11178384065364784
-386.0477497464308,0.13613115525414562,0.11198607193115291,0.11198607193115291
-385.59686347143725,0.1364309358724823,0.11218830320865798,0.11218830320865798
-385.1459771964437,0.13673071649081894,0.11239053448616307,0.11239053448616307
-384.6950909214502,0.13703049710915557,0.11259276576366813,0.11259276576366813
-384.24420464645664,0.1373302777274922,0.11279499704117318,0.11279499704117318
-383.7933183714631,0.13763005834582884,0.11299722831867827,0.11299722831867827
-383.34243209646957,0.13792983896416552,0.11319945959618334,0.11319945959618334
-382.89154582147603,0.13822961958250216,0.1134016908736884,0.1134016908736884
-382.4406595464825,0.1385294002008388,0.11360392215119348,0.11360392215119348
-381.98977327148896,0.13882918081917542,0.11380615342869854,0.11380615342869854
-381.5388869964954,0.13912896143751205,0.1140083847062036,0.1140083847062036
-381.0880007215019,0.13942874205584874,0.11421061598370869,0.11421061598370869
-380.63711444650835,0.1397285226741854,0.11441284726121376,0.11441284726121376
-380.1862281715148,0.14002830329252205,0.11461507853871884,0.11461507853871884
-379.7353418965213,0.1403280839108587,0.1148173098162239,0.1148173098162239
-379.28445562152774,0.14062786452919532,0.11506176255290959,0.11506176255290959
-378.8335693465342,0.140927645147532,0.115325363018482,0.115325363018482
-378.38268307154067,0.14122742576586864,0.11559302201454627,0.11559302201454627
-377.93179679654713,0.14152720638420527,0.11586068101061053,0.11586068101061053
-377.4809105215536,0.1418269870025419,0.11612834000667481,0.11612834000667481
-377.03002424656006,0.14212676762087853,0.1163959990027391,0.1163959990027391
-376.5791379715665,0.1424265482392152,0.11666365799880338,0.11666365799880338
-376.128251696573,0.14272632885755185,0.11693131699486763,0.11693131699486763
-375.67736542157945,0.1430261094758885,0.1171989759909319,0.1171989759909319
-375.2264791465859,0.14332589009422514,0.11746663498699617,0.11746663498699617
-374.7755928715924,0.1436256707125618,0.11773429398306044,0.11773429398306044
-374.32470659659884,0.14392545133089843,0.11800195297912472,0.11800195297912472
-373.8738203216053,0.14422523194923506,0.11826961197518898,0.11826961197518898
-373.4229340466118,0.14452501256757172,0.11853727097125323,0.11853727097125323
-372.97204777161824,0.14482479318590838,0.11880492996731751,0.11880492996731751
-372.5211614966247,0.14512457380424504,0.11907258896338178,0.11907258896338178
-372.07027522163116,0.14542435442258167,0.11934024795944605,0.11934024795944605
-371.6193889466376,0.1457241350409183,0.11960790695551032,0.11960790695551032
-371.1685026716441,0.14602391565925493,0.11987556595157461,0.11987556595157461
-370.71761639665056,0.1463236962775916,0.12014322494763886,0.12014322494763886
-370.266730121657,0.14662347689592828,0.12041088394370314,0.12041088394370314
-369.8158438466635,0.1469232575142649,0.12067854293976742,0.12067854293976742
-369.36495757166995,0.14722303813260154,0.12094620193583168,0.12094620193583168
-368.9140712966764,0.14752281875093817,0.12121386093189596,0.12121386093189596
-368.4631850216829,0.1478225993692748,0.1214815199279602,0.1214815199279602
-368.01229874668934,0.1481223799876115,0.12174917892402448,0.12174917892402448
-367.5614124716958,0.14842216060594812,0.12201683792008876,0.12201683792008876
-367.11052619670227,0.14872194122428475,0.12228449691615302,0.12228449691615302
-366.65963992170873,0.1490217218426214,0.1225521559122173,0.1225521559122173
-366.2087536467152,0.14932150246095804,0.12281981490828159,0.12281981490828159
-365.75786737172166,0.14962128307929473,0.12308747390434584,0.12308747390434584
-365.3069810967281,0.14992106369763136,0.12335513290041011,0.12335513290041011
-364.8560948217346,0.15022084431596802,0.12362279189647439,0.12362279189647439
-364.40520854674105,0.15052062493430465,0.12389045089253865,0.12389045089253865
-363.9543222717475,0.15082040555264128,0.12415810988860293,0.12415810988860293
-363.503435996754,0.15112018617097794,0.12442576888466718,0.12442576888466718
-363.05254972176044,0.15141996678931458,0.12469342788073146,0.12469342788073146
-362.6016634467669,0.15171974740765123,0.12496108687679572,0.12496108687679572
-362.15077717177337,0.15201952802598787,0.12522874587286,0.12522874587286
-361.69989089677983,0.1523193086443245,0.12549640486892427,0.12549640486892427
-361.2490046217863,0.15261908926266116,0.12576406386498856,0.12576406386498856
-360.79811834679276,0.15291886988099782,0.12603172286105283,0.12603172286105283
-360.3472320717992,0.15321865049933445,0.12629938185711712,0.12629938185711712
-359.8963457968057,0.1535184311176711,0.12656704085318138,0.12656704085318138
-359.44545952181215,0.15381821173600776,0.12683469984924564,0.12683469984924564
-358.9945732468186,0.15412773702622243,0.12710235884530993,0.12710235884530993
-358.5436869718251,0.15450662323036027,0.1273700178413742,0.1273700178413742
-358.09280069683155,0.1548855388562775,0.12763767683743846,0.12763767683743846
-357.641914421838,0.15526446148968803,0.12790533583350272,0.12790533583350272
-357.1910281468445,0.15564338412309853,0.12817299482956698,0.12817299482956698
-356.74014187185094,0.15602230675650908,0.12844065382563127,0.12844065382563127
-356.2892555968574,0.15640122938991957,0.12870831282169556,0.12870831282169556
-355.83836932186387,0.1567801520233301,0.12897597181775983,0.12897597181775983
-355.38748304687033,0.15715907465674062,0.1292436308138241,0.1292436308138241
-354.9365967718768,0.15753799729015117,0.12951128980988835,0.12951128980988835
-354.48571049688326,0.15791691992356166,0.12977894880595262,0.12977894880595262
-354.0348242218897,0.15829584255697218,0.1300466078020169,0.1300466078020169
-353.5839379468962,0.1586747651903827,0.13031426679808117,0.13031426679808117
-353.13305167190265,0.15905368782379325,0.1305819257941454,0.1305819257941454
-352.6821653969091,0.15943261045720378,0.1308495847902097,0.1308495847902097
-352.2312791219156,0.15981153309061424,0.13111724378627396,0.13111724378627396
-351.78039284692204,0.16019045572402477,0.13138490278233822,0.13138490278233822
-351.3295065719285,0.16056937835743532,0.13165256177840254,0.13165256177840254
-350.87862029693497,0.16094830099084587,0.1319202207744668,0.1319202207744668
-350.42773402194143,0.1613272236242564,0.13218787977053106,0.13218787977053106
-349.9768477469479,0.1617061462576669,0.13245553876659533,0.13245553876659533
-349.52596147195436,0.16208506889107743,0.1327231977626596,0.1327231977626596
-349.0750751969608,0.16246399152448796,0.13299085675872388,0.13299085675872388
-348.6241889219673,0.16284291415789848,0.13325851575478814,0.13325851575478814
-348.17330264697375,0.163221836791309,0.13352617475085238,0.13352617475085238
-347.7224163719802,0.1636007594247195,0.13379383374691667,0.13379383374691667
-347.2715300969867,0.16397968205813004,0.13406149274298093,0.13406149274298093
-346.82064382199314,0.16435860469154057,0.1343291517390452,0.1343291517390452
-346.3697575469996,0.1647375273249511,0.1345968107351095,0.1345968107351095
-345.9188712720061,0.1651164499583616,0.13486446973117378,0.13486446973117378
-345.46798499701254,0.16549537259177213,0.13515378303231446,0.13515378303231446
-345.017098722019,0.16587429522518266,0.135458508394213,0.135458508394213
-344.56621244702546,0.16625321785859315,0.13577375115454848,0.13577375115454848
-344.1153261720319,0.16663214049200367,0.136088993914884,0.136088993914884
-343.6644398970384,0.16701106312541422,0.13640423667521953,0.13640423667521953
-343.21355362204486,0.16738998575882472,0.13671947943555504,0.13671947943555504
-342.7626673470513,0.16776890839223524,0.13703472219589055,0.13703472219589055
-342.3117810720578,0.16814783102564582,0.13734996495622606,0.13734996495622606
-341.86089479706425,0.16852675365905634,0.13766520771656157,0.13766520771656157
-341.4100085220707,0.16890567629246686,0.13798045047689708,0.13798045047689708
-340.9591222470772,0.16928459892587736,0.13829569323723262,0.13829569323723262
-340.50823597208364,0.16966352155928788,0.13861093599756813,0.13861093599756813
-340.0573496970901,0.1700424441926984,0.13892617875790364,0.13892617875790364
-339.60646342209657,0.17042136682610892,0.13924142151823918,0.13924142151823918
-339.15557714710303,0.17080028945951947,0.1395566642785747,0.1395566642785747
-338.7046908721095,0.17117921209292997,0.13987190703891023,0.13987190703891023
-338.25380459711596,0.1715581347263405,0.14018714979924574,0.14018714979924574
-337.8029183221224,0.17193705735975104,0.14050239255958125,0.14050239255958125
-337.3520320471289,0.17231597999316153,0.14081763531991676,0.14081763531991676
-336.90114577213535,0.17269490262657206,0.1411328780802523,0.1411328780802523
-336.4502594971418,0.17307382525998255,0.1414481208405878,0.1414481208405878
-335.9993732221483,0.1734527478933931,0.14176336360092331,0.14176336360092331
-335.54848694715474,0.17383167052680362,0.14207860636125885,0.14207860636125885
-335.0976006721612,0.17421059316021414,0.1423938491215944,0.1423938491215944
-334.64671439716767,0.1745895157936247,0.14270909188192987,0.14270909188192987
-334.19582812217413,0.1749684384270352,0.14302433464226538,0.14302433464226538
-333.7449418471806,0.1753473610604457,0.14333957740260092,0.14333957740260092
-333.29405557218706,0.17572628369385626,0.14365482016293646,0.14365482016293646
-332.8431692971935,0.17610520632726678,0.14397006292327194,0.14397006292327194
-332.3922830222,0.1764841289606773,0.14428530568360748,0.14428530568360748
-331.94139674720645,0.1768630515940878,0.144600548443943,0.144600548443943
-331.4905104722129,0.17724197422749835,0.14491579120427853,0.14491579120427853
-331.0396241972194,0.17762089686090887,0.145231033964614,0.145231033964614
-330.58873792222585,0.1779998194943194,0.14554627672494952,0.14554627672494952
-330.1378516472323,0.1783787421277299,0.14586151948528503,0.14586151948528503
-329.6869653722388,0.1787576647611404,0.14617676224562057,0.14617676224562057
-329.23607909724524,0.17913658739455093,0.14649200500595608,0.14649200500595608
-328.7851928222517,0.17951551002796146,0.1468072477662916,0.1468072477662916
-328.33430654725817,0.179894432661372,0.14712249052662713,0.14712249052662713
-327.88342027226463,0.18027335529478253,0.14743773328696264,0.14743773328696264
-327.4325339972711,0.18065227792819302,0.14775297604729815,0.14775297604729815
-326.98164772227756,0.18103120056160357,0.14806821880763368,0.14806821880763368
-326.530761447284,0.1814101231950141,0.14838346156796922,0.14838346156796922
-326.0798751722905,0.18178904582842462,0.1486987043283047,0.1486987043283047
-325.62898889729695,0.18216796846183517,0.14901394708864024,0.14901394708864024
-325.1781026223034,0.18255688523426672,0.14932918984897578,0.14932918984897578
-324.7272163473099,0.18300867828990391,0.1496444326093113,0.1496444326093113
-324.27633007231634,0.1834833577771914,0.1499596753696468,0.1499596753696468
-323.8254437973228,0.1839630065939554,0.1502749181299823,0.1502749181299823
-323.37455752232927,0.18444265541071939,0.15059016089031785,0.15059016089031785
-322.92367124733573,0.18492230422748338,0.15090540365065336,0.15090540365065336
-322.4727849723422,0.18540195304424736,0.15122064641098887,0.15122064641098887
-322.02189869734866,0.18588160186101133,0.15153588917132438,0.15153588917132438
-321.5710124223551,0.18636125067777537,0.15185113193165992,0.15185113193165992
-321.1201261473616,0.18684089949453933,0.15216637469199543,0.15216637469199543
-320.66923987236805,0.18732054831130332,0.15248161745233094,0.15248161745233094
-320.2183535973745,0.18780019712806734,0.15279686021266645,0.15279686021266645
-319.767467322381,0.1882798459448313,0.15311210297300196,0.15311210297300196
-319.31658104738744,0.1887594947615953,0.15342734573333747,0.15342734573333747
-318.8656947723939,0.18923914357835928,0.153742588493673,0.153742588493673
-318.4148084974004,0.18971879239512326,0.15405783125400854,0.15405783125400854
-317.96392222240684,0.19019844121188725,0.15437307401434405,0.15437307401434405
-317.5130359474133,0.19067809002865124,0.15468831677467954,0.15468831677467954
-317.06214967241976,0.19115773884541523,0.15500355953501507,0.15500355953501507
-316.6112633974262,0.19163738766217922,0.1553188022953506,0.1553188022953506
-316.1603771224327,0.19211703647894324,0.1556340450556861,0.1556340450556861
-315.70949084743916,0.19259668529570723,0.15594928781602163,0.15594928781602163
-315.2586045724456,0.1930763341124712,0.15626453057635714,0.15626453057635714
-314.8077182974521,0.19355598292923518,0.15657977333669268,0.15657977333669268
-314.35683202245855,0.19403563174599917,0.1568950160970282,0.1568950160970282
-313.905945747465,0.19451528056276315,0.1572102588573637,0.1572102588573637
-313.4550594724715,0.19499492937952717,0.1575255016176992,0.1575255016176992
-313.00417319747794,0.19547457819629116,0.15784074437803475,0.15784074437803475
-312.5532869224844,0.19595422701305512,0.15815598713837026,0.15815598713837026
-312.10240064749087,0.1964338758298191,0.15847122989870577,0.15847122989870577
-311.65151437249733,0.19691352464658313,0.15881705981248112,0.15881705981248112
-311.2006280975038,0.19739317346334712,0.15920697067599945,0.15920697067599945
-310.74974182251026,0.1978728222801111,0.15964117289042543,0.15964117289042543
-310.2988555475167,0.19835247109687507,0.16007537510485145,0.16007537510485145
-309.8479692725232,0.19883211991363905,0.16050957731927745,0.16050957731927745
-309.39708299752965,0.19931176873040304,0.16094377953370342,0.16094377953370342
-308.9461967225361,0.19979141754716706,0.16137798174812945,0.16137798174812945
-308.4953104475426,0.20027106636393105,0.16181218396255545,0.16181218396255545
-308.04442417254904,0.20075071518069504,0.16224638617698145,0.16224638617698145
-307.5935378975555,0.20123036399745903,0.16268058839140745,0.16268058839140745
-307.14265162256197,0.20171001281422302,0.16311479060583345,0.16311479060583345
-306.69176534756843,0.202189661630987,0.16354899282025945,0.16354899282025945
-306.2408790725749,0.202669310447751,0.16398319503468542,0.16398319503468542
-305.78999279758136,0.20314895926451496,0.16441739724911145,0.16441739724911145
-305.3391065225878,0.20362860808127894,0.16485159946353745,0.16485159946353745
-304.8882202475943,0.20410825689804296,0.16528580167796345,0.16528580167796345
-304.43733397260075,0.20458790571480695,0.16572000389238944,0.16572000389238944
-303.9864476976072,0.20506755453157094,0.16615420610681547,0.16615420610681547
-303.5355614226137,0.20554720334833496,0.16658840832124147,0.16658840832124147
-303.08467514762015,0.20602685216509892,0.16702261053566742,0.16702261053566742
-302.6337888726266,0.2065065009818629,0.16745681275009344,0.16745681275009344
-302.1829025976331,0.20698614979862692,0.16789101496451944,0.16789101496451944
-301.73201632263954,0.2074657986153909,0.16832521717894547,0.16832521717894547
-301.281130047646,0.20794544743215487,0.16875941939337144,0.16875941939337144
-300.83024377265247,0.20842509624891883,0.16919362160779747,0.16919362160779747
-300.37935749765893,0.20890474506568285,0.16962782382222347,0.16962782382222347
-299.9284712226654,0.20938439388244684,0.17006202603664944,0.17006202603664944
-299.47758494767186,0.20986404269921086,0.17049622825107544,0.17049622825107544
-299.0266986726783,0.21034369151597485,0.17093043046550147,0.17093043046550147
-298.5758123976848,0.2108233403327388,0.17136463267992746,0.17136463267992746
-298.12492612269125,0.2113029891495028,0.17179883489435344,0.17179883489435344
-297.6740398476977,0.21178263796626678,0.17223303710877946,0.17223303710877946
-297.2231535727042,0.21226228678303077,0.17266723932320543,0.17266723932320543
-296.77226729771064,0.2127419355997948,0.17310144153763146,0.17310144153763146
-296.3213810227171,0.21322158441655878,0.17353564375205746,0.17353564375205746
-295.87049474772357,0.21370123323332274,0.17396984596648346,0.17396984596648346
-295.41960847273003,0.21418088205008673,0.17440404818090946,0.17440404818090946
-294.9687221977365,0.21466053086685075,0.17483825039533543,0.17483825039533543
-294.51783592274296,0.21514017968361474,0.17527245260976143,0.17527245260976143
-294.0669496477494,0.2156198285003787,0.17570665482418746,0.17570665482418746
-293.6160633727559,0.2160994773171427,0.17614085703861346,0.17614085703861346
-293.16517709776235,0.2165791261339067,0.17657505925303946,0.17657505925303946
-292.7142908227688,0.21705877495067066,0.17700926146746546,0.17700926146746546
-292.2634045477753,0.21753842376743468,0.17744346368189146,0.17744346368189146
-291.81251827278174,0.21801807258419867,0.17787766589631743,0.17787766589631743
-291.3616319977882,0.21850744877516565,0.17831186811074345,0.17831186811074345
-290.9107457227947,0.21905146899591935,0.17874607032516948,0.17874607032516948
-290.45985944780114,0.2196619362602573,0.17918027253959545,0.17918027253959545
-290.0089731728076,0.22028547960880868,0.17961447475402145,0.17961447475402145
-289.55808689781406,0.22090902295736006,0.18004867696844745,0.18004867696844745
-289.1072006228205,0.2215325663059115,0.18048287918287345,0.18048287918287345
-288.656314347827,0.22215610965446292,0.18091708139729945,0.18091708139729945
-288.20542807283346,0.22277965300301433,0.18135128361172548,0.18135128361172548
-287.7545417978399,0.22340319635156572,0.18178548582615145,0.18178548582615145
-287.3036555228464,0.22402673970011713,0.18221968804057745,0.18221968804057745
-286.85276924785285,0.22465028304866855,0.18265389025500345,0.18265389025500345
-286.4018829728593,0.22527382639721993,0.18308809246942945,0.18308809246942945
-285.9509966978658,0.22589736974577135,0.18352229468385545,0.18352229468385545
-285.50011042287224,0.22652091309432276,0.18395649689828145,0.18395649689828145
-285.0492241478787,0.22714445644287418,0.18439069911270745,0.18439069911270745
-284.59833787288517,0.22776799979142562,0.18482490132713345,0.18482490132713345
-284.14745159789163,0.22839154313997703,0.18525910354155944,0.18525910354155944
-283.6965653228981,0.22901508648852845,0.18569330575598544,0.18569330575598544
-283.24567904790456,0.22963862983707983,0.18612750797041147,0.18612750797041147
-282.794792772911,0.23026217318563125,0.18656171018483747,0.18656171018483747
-282.3439064979175,0.23088571653418266,0.18699591239926344,0.18699591239926344
-281.89302022292395,0.23150925988273405,0.18743011461368944,0.18743011461368944
-281.4421339479304,0.23213280323128546,0.18786431682811544,0.18786431682811544
-280.9912476729369,0.2327563465798369,0.18829851904254144,0.18829851904254144
-280.54036139794334,0.2333798899283883,0.18873272125696747,0.18873272125696747
-280.0894751229498,0.2340034332769397,0.18916692347139347,0.18916692347139347
-279.63858884795627,0.23462697662549112,0.18960112568581947,0.18960112568581947
-279.18770257296273,0.23525051997404253,0.19003532790024544,0.19003532790024544
-278.7368162979692,0.23587406332259392,0.19046953011467144,0.19046953011467144
-278.28593002297566,0.23649760667114533,0.19090373232909744,0.19090373232909744
-277.8350437479821,0.23712115001969675,0.1913440760877565,0.1913440760877565
-277.3841574729886,0.23774469336824816,0.19183606467186526,0.19183606467186526
-276.93327119799505,0.23836823671679952,0.1923896385324305,0.1923896385324305
-276.4823849230015,0.238991780065351,0.1929432123929957,0.1929432123929957
-276.031498648008,0.23961532341390243,0.19349678625356093,0.19349678625356093
-275.58061237301445,0.2402388667624538,0.19405036011412616,0.19405036011412616
-275.1297260980209,0.2408624101110052,0.19460393397469136,0.19460393397469136
-274.6788398230274,0.24148595345955662,0.19515750783525662,0.19515750783525662
-274.22795354803384,0.24210949680810806,0.19571108169582183,0.19571108169582183
-273.7770672730403,0.24273304015665942,0.19626465555638703,0.19626465555638703
-273.32618099804677,0.24335658350521083,0.19681822941695226,0.19681822941695226
-272.87529472305323,0.24398012685376225,0.19737180327751747,0.19737180327751747
-272.4244084480597,0.24460367020231366,0.1979253771380827,0.1979253771380827
-271.97352217306616,0.2452272135508651,0.1984789509986479,0.1984789509986479
-271.5226358980726,0.24585075689941646,0.19903252485921313,0.19903252485921313
-271.0717496230791,0.24647430024796793,0.19958609871977834,0.19958609871977834
-270.62086334808555,0.2470978435965193,0.20013967258034357,0.20013967258034357
-270.169977073092,0.24772138694507073,0.2006932464409088,0.2006932464409088
-269.7190907980985,0.24834493029362215,0.201246820301474,0.201246820301474
-269.26820452310494,0.24896847364217356,0.2018003941620392,0.2018003941620392
-268.8173182481114,0.24959201699072497,0.2023539680226044,0.2023539680226044
-268.36643197311787,0.2502155603392764,0.20290754188316965,0.20290754188316965
-267.91554569812433,0.25083910368782775,0.20346111574373488,0.20346111574373488
-267.4646594231308,0.25146264703637916,0.2040146896043001,0.2040146896043001
-267.01377314813726,0.2520861903849306,0.20456826346486534,0.20456826346486534
-266.5628868731437,0.25270973373348204,0.20512183732543054,0.20512183732543054
-266.1120005981502,0.2533332770820334,0.20567541118599575,0.20567541118599575
-265.66111432315665,0.2539568204305848,0.20622898504656098,0.20622898504656098
-265.2102280481631,0.2545803637791363,0.20678255890712618,0.20678255890712618
-264.7593417731696,0.25520390712768765,0.20733613276769142,0.20733613276769142
-264.30845549817604,0.25582745047623906,0.20788970662825662,0.20788970662825662
-263.8575692231825,0.2564509938247905,0.20844328048882188,0.20844328048882188
-263.406682948189,0.25707453717334183,0.20899685434938706,0.20899685434938706
-262.95579667319544,0.25769808052189325,0.20955042820995226,0.20955042820995226
-262.5049103982019,0.2583216238704447,0.21010400207051752,0.21010400207051752
-262.05402412320836,0.25894516721899613,0.2106575759310827,0.2106575759310827
-261.6031378482148,0.25956871056754754,0.21121114979164796,0.21121114979164796
-261.1522515732213,0.26019225391609896,0.21176472365221316,0.21176472365221316
-260.70136529822776,0.2608157972646503,0.2123182975127784,0.2123182975127784
-260.2504790232342,0.26143934061320173,0.2128718713733436,0.2128718713733436
-259.7995927482407,0.26206288396175315,0.2134254452339088,0.2134254452339088
-259.34870647324715,0.26268642731030456,0.21397901909447403,0.21397901909447403
-258.8978201982536,0.263309970658856,0.21453259295503926,0.21453259295503926
-258.4469339232601,0.2639335140074074,0.21508616681560447,0.21508616681560447
-257.99604764826654,0.26455705735595886,0.21563974067616973,0.21563974067616973
-257.545161373273,0.26518399038505724,0.2161933145367349,0.2161933145367349
-257.09427509827947,0.2658280676562658,0.21674688839730016,0.21674688839730016
-256.64338882328593,0.26655656988758725,0.21730046225786537,0.21730046225786537
-256.1925025482924,0.26730002528608093,0.21785403611843054,0.21785403611843054
-255.74161627329886,0.2680434806845746,0.2184076099789958,0.2184076099789958
-255.29072999830532,0.2687869360830683,0.21896118383956104,0.21896118383956104
-254.8398437233118,0.269530391481562,0.21951475770012624,0.21951475770012624
-254.38895744831825,0.2702738468800557,0.22006833156069144,0.22006833156069144
-253.93807117332472,0.27101730227854937,0.22062190542125665,0.22062190542125665
-253.48718489833118,0.271760757677043,0.22117547928182188,0.22117547928182188
-253.03629862333764,0.2725042130755366,0.22172905314238714,0.22172905314238714
-252.5854123483441,0.27324766847403037,0.22228262700295232,0.22228262700295232
-252.13452607335057,0.27399112387252406,0.22283620086351752,0.22283620086351752
-251.68363979835704,0.2747345792710177,0.22338977472408278,0.22338977472408278
-251.2327535233635,0.2754780346695114,0.22394334858464796,0.22394334858464796
-250.78186724836996,0.2762214900680051,0.22449692244521322,0.22449692244521322
-250.33098097337643,0.2769649454664988,0.22505049630577845,0.22505049630577845
-249.8800946983829,0.2777084008649925,0.22560407016634365,0.22560407016634365
-249.42920842338935,0.2784518562634861,0.22615764402690886,0.22615764402690886
-248.97832214839582,0.2791953116619798,0.2267112178874741,0.2267112178874741
-248.52743587340228,0.2799387670604735,0.2272647917480393,0.2272647917480393
-248.07654959840875,0.2806822224589672,0.22781836560860452,0.22781836560860452
-247.6256633234152,0.28142567785746087,0.22837193946916973,0.22837193946916973
-247.17477704842167,0.28216913325595455,0.22892551332973493,0.22892551332973493
-246.72389077342814,0.2829125886544483,0.22947908719030016,0.22947908719030016
-246.2730044984346,0.2836560440529419,0.23003266105086542,0.23003266105086542
-245.82211822344107,0.28439949945143556,0.23058623491143063,0.23058623491143063
-245.37123194844753,0.2851429548499292,0.2311398087719958,0.2311398087719958
-244.920345673454,0.2858864102484229,0.231693382632561,0.231693382632561
-244.46945939846046,0.2866298656469166,0.23224695649312627,0.23224695649312627
-244.01857312346692,0.2873733210454103,0.2328005303536915,0.2328005303536915
-243.5676868484734,0.28811677644390393,0.23337461756687758,0.23337461756687758
-243.11680057347985,0.2888602318423977,0.23399581906503117,0.23399581906503117
-242.6659142984863,0.28960368724089136,0.23475306101514606,0.23475306101514606
-242.21502802349278,0.290347142639385,0.23551030296526093,0.23551030296526093
-241.76414174849924,0.2910905980378786,0.23626754491537583,0.23626754491537583
-241.3132554735057,0.29183405343637236,0.2370247868654907,0.2370247868654907
-240.86236919851217,0.29257750883486605,0.23778202881560564,0.23778202881560564
-240.41148292351863,0.29332096423335974,0.23853927076572054,0.23853927076572054
-239.9605966485251,0.29406441963185337,0.2392965127158354,0.2392965127158354
-239.50971037353156,0.2948078750303471,0.24005375466595028,0.24005375466595028
-239.05882409853803,0.29555133042884074,0.24081099661606517,0.24081099661606517
-238.6079378235445,0.29629478582733443,0.24156823856618007,0.24156823856618007
-238.15705154855095,0.2970382412258281,0.24232548051629493,0.24232548051629493
-237.70616527355742,0.29778169662432175,0.24308272246640988,0.24308272246640988
-237.25527899856388,0.2985251520228155,0.24383996441652475,0.24383996441652475
-236.80439272357034,0.2992686074213091,0.24459720636663962,0.24459720636663962
-236.3535064485768,0.30001206281980286,0.24535444831675451,0.24535444831675451
-235.90262017358327,0.3007555182182965,0.2461116902668694,0.2461116902668694
-235.45173389858974,0.3014989736167901,0.24686893221698436,0.24686893221698436
-235.0008476235962,0.3022424290152838,0.24762617416709923,0.24762617416709923
-234.54996134860266,0.3029858844137775,0.2483834161172141,0.2483834161172141
-234.09907507360913,0.30372933981227124,0.249140658067329,0.249140658067329
-233.6481887986156,0.30447279521076487,0.24989790001744386,0.24989790001744386
-233.19730252362206,0.3052162506092586,0.2506551419675588,0.2506551419675588
-232.74641624862852,0.30595970600775224,0.2514123839176737,0.2514123839176737
-232.29552997363498,0.3067031614062459,0.25216962586778857,0.25216962586778857
-231.84464369864145,0.30744661680473956,0.25292686781790347,0.25292686781790347
-231.3937574236479,0.3081900722032333,0.2536841097680183,0.2536841097680183
-230.94287114865438,0.30893352760172693,0.2544413517181332,0.2544413517181332
-230.49198487366084,0.3096769830002206,0.2551985936682481,0.2551985936682481
-230.0410985986673,0.3104204383987143,0.25595583561836305,0.25595583561836305
-229.59021232367377,0.31116389379720805,0.25671307756847794,0.25671307756847794
-229.13932604868023,0.3119073491957017,0.2574703195185928,0.2574703195185928
-228.6884397736867,0.3126508045941953,0.2582275614687077,0.2582275614687077
-228.23755349869316,0.31339425999268905,0.2589848034188225,0.2589848034188225
-227.78666722369962,0.31413771539118274,0.2597420453689374,0.2597420453689374
-227.3357809487061,0.3148811707896764,0.26049928731905236,0.26049928731905236
-226.88489467371255,0.31562462618817005,0.2612565292691673,0.2612565292691673
-226.43400839871902,0.3163680815866638,0.26201377121928215,0.26201377121928215
-225.98312212372548,0.3171115369851575,0.262771013169397,0.262771013169397
-225.53223584873194,0.3178549923836511,0.2635282551195119,0.2635282551195119
-225.0813495737384,0.31859844778214474,0.2642854970696268,0.2642854970696268
-224.63046329874487,0.31934190318063843,0.2650427390197417,0.2650427390197417
-224.17957702375134,0.3200853585791321,0.26579998096985663,0.26579998096985663
-223.7286907487578,0.32082881397762586,0.2665572229199715,0.2665572229199715
-223.27780447376426,0.32157226937611955,0.26731446487008637,0.26731446487008637
-222.82691819877073,0.32251962991693517,0.2680717068202013,0.2680717068202013
-222.3760319237772,0.3235143847925576,0.2688289487703162,0.2688289487703162
-221.92514564878365,0.3245216467624266,0.26958619072043105,0.26958619072043105
-221.47425937379012,0.32552890873229556,0.27034343267054595,0.27034343267054595
-221.02337309879658,0.3265361707021646,0.2711006746206609,0.2711006746206609
-220.57248682380305,0.32754343267203356,0.2718579165707757,0.2718579165707757
-220.1216005488095,0.32855069464190256,0.2726151585208906,0.2726151585208906
-219.67071427381597,0.3295579566117716,0.2733724004710055,0.2733724004710055
-219.21982799882244,0.3305652185816406,0.27412964242112037,0.27412964242112037
-218.7689417238289,0.33157248055150956,0.2748868843712353,0.2748868843712353
-218.31805544883537,0.33257974252137856,0.2756441263213502,0.2756441263213502
-217.86716917384183,0.33358700449124756,0.2764013682714651,0.2764013682714651
-217.4162828988483,0.3345942664611165,0.27715861022157995,0.27715861022157995
-216.96539662385476,0.33560152843098556,0.2779158521716949,0.2779158521716949
-216.51451034886122,0.33660879040085456,0.2786730941218098,0.2786730941218098
-216.0636240738677,0.33761605237072356,0.27943033607192463,0.27943033607192463
-215.61273779887415,0.33862331434059256,0.28018757802203953,0.28018757802203953
-215.1618515238806,0.33963057631046156,0.2809448199721545,0.2809448199721545
-214.71096524888708,0.3406378382803305,0.28170206192226926,0.28170206192226926
-214.26007897389354,0.3416451002501995,0.28245930387238416,0.28245930387238416
-213.8091926989,0.3426523622200685,0.2832165458224991,0.2832165458224991
-213.35830642390647,0.3436596241899375,0.283973787772614,0.283973787772614
-212.90742014891293,0.34466688615980656,0.2847310297227289,0.2847310297227289
-212.4565338739194,0.3456741481296755,0.2854882716728438,0.2854882716728438
-212.00564759892586,0.3466814100995445,0.2862455136229587,0.2862455136229587
-211.55476132393233,0.34768867206941345,0.28700275557307353,0.28700275557307353
-211.1038750489388,0.3486959340392825,0.2877599975231885,0.2877599975231885
-210.65298877394525,0.34970319600915145,0.2885172394733034,0.2885172394733034
-210.20210249895172,0.3507104579790205,0.2892744814234182,0.2892744814234182
-209.75121622395818,0.3517177199488895,0.2900317233735331,0.2900317233735331
-209.30032994896465,0.35272498191875845,0.290788965323648,0.290788965323648
-208.8494436739711,0.35373224388862745,0.29154620727376285,0.29154620727376285
-208.39855739897757,0.35473950585849645,0.2923034492238778,0.2923034492238778
-207.94767112398404,0.35574676782836545,0.2930606911739927,0.2930606911739927
-207.4967848489905,0.3567540297982345,0.2938179331241076,0.2938179331241076
-207.04589857399696,0.3577612917681035,0.2945751750742225,0.2945751750742225
-206.59501229900343,0.35876855373797245,0.2953324170243374,0.2953324170243374
-206.1441260240099,0.35977581570784145,0.2960896589744523,0.2960896589744523
-205.69323974901636,0.36078307767771045,0.2968469009245671,0.2968469009245671
-205.24235347402282,0.36179033964757945,0.29760414287468206,0.29760414287468206
-204.79146719902928,0.3627976016174484,0.29836138482479696,0.29836138482479696
-204.34058092403575,0.36380486358731745,0.2991186267749118,0.2991186267749118
-203.8896946490422,0.36481212555718645,0.2998758687250267,0.2998758687250267
-203.43880837404868,0.3658193875270554,0.3006331106751416,0.3006331106751416
-202.98792209905514,0.36682664949692445,0.3013903526252565,0.3013903526252565
-202.5370358240616,0.3678339114667934,0.3021475945753714,0.3021475945753714
-202.08614954906807,0.3688411734366624,0.3029048365254863,0.3029048365254863
-201.63526327407453,0.36984843540653145,0.30366207847560117,0.30366207847560117
-201.184376999081,0.37085569737640045,0.30441932042571607,0.30441932042571607
-200.73349072408746,0.3718629593462694,0.30517656237583096,0.30517656237583096
-200.28260444909392,0.3728702213161384,0.30593380432594586,0.30593380432594586
-199.8317181741004,0.3738774832860074,0.3066910462760607,0.3066910462760607
-199.38083189910685,0.37488474525587634,0.30744828822617565,0.30744828822617565
-198.92994562411332,0.3758920072257454,0.30820553017629054,0.30820553017629054
-198.47905934911978,0.3768992691956144,0.3089627721264054,0.3089627721264054
-198.02817307412624,0.3779065311654834,0.3097200140765203,0.3097200140765203
-197.5772867991327,0.3789137931353524,0.3104772560266352,0.3104772560266352
-197.12640052413917,0.3799210551052214,0.31123449797675007,0.31123449797675007
-196.67551424914564,0.38092831707509034,0.31199173992686496,0.31199173992686496
-196.2246279741521,0.38193557904495934,0.31274898187697986,0.31274898187697986
-195.77374169915856,0.38294284101482834,0.3135062238270948,0.3135062238270948
-195.32285542416503,0.38395010298469734,0.31426346577720965,0.31426346577720965
-194.8719691491715,0.38495736495456634,0.31502070772732454,0.31502070772732454
-194.42108287417796,0.38596462692443534,0.31577794967743944,0.31577794967743944
-193.97019659918442,0.38697188889430434,0.3165351916275543,0.3165351916275543
-193.51931032419088,0.3879791508641733,0.31729243357766923,0.31729243357766923
-193.06842404919735,0.38898641283404234,0.3180496755277841,0.3180496755277841
-192.6175377742038,0.3899936748039113,0.31880691747789897,0.31880691747789897
-192.16665149921027,0.3910009367737804,0.31956415942801386,0.31956415942801386
-191.71576522421674,0.39200819874364934,0.32032140137812876,0.32032140137812876
-191.2648789492232,0.3930154607135183,0.32107864332824365,0.32107864332824365
-190.81399267422967,0.3940227226833873,0.32183588527835855,0.32183588527835855
-190.36310639923613,0.3950299846532563,0.3225931272284735,0.3225931272284735
-189.9122201242426,0.3960372466231253,0.3233503691785884,0.3233503691785884
-189.46133384924906,0.3970445085929942,0.3241811886109401,0.3241811886109401
-189.01044757425552,0.39818202864198626,0.32511928351886327,0.32511928351886327
-188.559561299262,0.3993890846859058,0.32616612653595245,0.32616612653595245
-188.10867502426845,0.4006361707099684,0.3272129695530415,0.3272129695530415
-187.6577887492749,0.40188325673403097,0.32825981257013065,0.32825981257013065
-187.20690247428138,0.4031303427580935,0.32930665558721983,0.32930665558721983
-186.75601619928784,0.4043774287821561,0.330353498604309,0.330353498604309
-186.3051299242943,0.40562451480621864,0.3314003416213981,0.3314003416213981
-185.85424364930077,0.4068716008302812,0.33244718463848727,0.33244718463848727
-185.40335737430723,0.4081186868543437,0.33349402765557634,0.33349402765557634
-184.9524710993137,0.4093657728784063,0.3345408706726655,0.3345408706726655
-184.50158482432016,0.41061285890246885,0.3355877136897546,0.3355877136897546
-184.05069854932663,0.41185994492653144,0.3366345567068438,0.3366345567068438
-183.5998122743331,0.4131070309505939,0.33768139972393296,0.33768139972393296
-183.14892599933955,0.4143541169746565,0.33872824274102203,0.33872824274102203
-182.69803972434602,0.4156012029987191,0.3397750857581112,0.3397750857581112
-182.24715344935248,0.4168482890227817,0.3408219287752003,0.3408219287752003
-181.79626717435895,0.41809537504684424,0.34186877179228947,0.34186877179228947
-181.3453808993654,0.4193424610709068,0.34291561480937854,0.34291561480937854
-180.89449462437187,0.4205895470949693,0.3439624578264677,0.3439624578264677
-180.44360834937834,0.4218366331190319,0.34500930084355685,0.34500930084355685
-179.9927220743848,0.4230837191430945,0.34605614386064604,0.34605614386064604
-179.54183579939127,0.42433080516715704,0.34710298687773516,0.34710298687773516
-179.09094952439773,0.4255778911912196,0.34814982989482424,0.34814982989482424
-178.6400632494042,0.4268249772152822,0.3491966729119135,0.3491966729119135
-178.18917697441066,0.4280720632393447,0.3502435159290025,0.3502435159290025
-177.73829069941712,0.4293191492634073,0.3512903589460917,0.3512903589460917
-177.28740442442358,0.43056623528746985,0.35233720196318086,0.35233720196318086
-176.83651814943005,0.4318133213115324,0.35338404498027,0.35338404498027
-176.3856318744365,0.433060407335595,0.3544308879973591,0.3544308879973591
-175.93474559944298,0.4343074933596575,0.3554777310144482,0.3554777310144482
-175.48385932444944,0.43555457938372005,0.3565245740315374,0.3565245740315374
-175.0329730494559,0.43680166540778265,0.35757141704862644,0.35757141704862644
-174.58208677446237,0.4380487514318452,0.3586182600657156,0.3586182600657156
-174.13120049946883,0.4392958374559077,0.3596651030828048,0.3596651030828048
-173.6803142244753,0.4405429234799703,0.36071194609989393,0.36071194609989393
-173.22942794948176,0.44179000950403285,0.361758789116983,0.361758789116983
-172.77854167448822,0.4430370955280954,0.3628056321340722,0.3628056321340722
-172.3276553994947,0.444284181552158,0.36385247515116137,0.36385247515116137
-171.87676912450115,0.4455312675762205,0.3648993181682504,0.3648993181682504
-171.42588284950762,0.4467783536002831,0.3659461611853396,0.3659461611853396
-170.97499657451408,0.44802543962434566,0.3669930042024287,0.3669930042024287
-170.52411029952054,0.4492725256484082,0.3680398472195179,0.3680398472195179
-170.073224024527,0.4505196116724708,0.369086690236607,0.369086690236607
-169.62233774953347,0.4517666976965333,0.37013353325369613,0.37013353325369613
-169.17145147453994,0.45301378372059586,0.37118037627078526,0.37118037627078526
-168.7205651995464,0.45426086974465846,0.37222721928787444,0.37222721928787444
-168.26967892455286,0.455507955768721,0.37327406230496357,0.37327406230496357
-167.81879264955933,0.45675504179278353,0.37432090532205264,0.37432090532205264
-167.3679063745658,0.4580021278168461,0.3753677483391419,0.3753677483391419
-166.91702009957226,0.45924921384090867,0.3764145913562309,0.3764145913562309
-166.46613382457872,0.46049629986497126,0.3774614343733201,0.3774614343733201
-166.01524754958518,0.4617433858890338,0.3785082773904092,0.3785082773904092
-165.56436127459165,0.4629904719130964,0.3795551204074984,0.3795551204074984
-165.1134749995981,0.4642375579371589,0.38060196342458746,0.38060196342458746
-164.66258872460457,0.46548464396122147,0.3816488064416766,0.3816488064416766
-164.21170244961104,0.46673172998528406,0.38269564945876583,0.38269564945876583
-163.7608161746175,0.46797881600934665,0.3837424924758549,0.3837424924758549
-163.30992989962397,0.46922590203340914,0.3847893354929441,0.3847893354929441
-162.85904362463043,0.47047298805747173,0.38583617851003316,0.38583617851003316
-162.4081573496369,0.47172007408153427,0.3868830215271223,0.3868830215271223
-161.95727107464336,0.4729671601055968,0.3879298645442114,0.3879298645442114
-161.50638479964982,0.4742142461296594,0.3889767075613006,0.3889767075613006
-161.0554985246563,0.475461332153722,0.3900235505783898,0.3900235505783898
-160.60461224966275,0.4767084181777846,0.39107039359547885,0.39107039359547885
-160.15372597466921,0.47795550420184707,0.39211723661256803,0.39211723661256803
-159.70283969967568,0.47920259022590966,0.39316407962965716,0.39316407962965716
-159.25195342468214,0.48044967624997215,0.39421092264674634,0.39421092264674634
-158.8010671496886,0.48169676227403474,0.3952577656638354,0.3952577656638354
-158.35018087469507,0.48294384829809733,0.39630460868092454,0.39630460868092454
-157.89929459970153,0.4841909343221598,0.39735145169801367,0.39735145169801367
-157.448408324708,0.4854380203462224,0.3983982947151028,0.3983982947151028
-156.99752204971446,0.486685106370285,0.399445137732192,0.399445137732192
-156.54663577472093,0.4879321923943476,0.40049198074928105,0.40049198074928105
-156.0957494997274,0.4891792784184101,0.4015388237663702,0.4015388237663702
-155.64486322473385,0.4904263644424727,0.40259846910872416,0.40259846910872416
-155.19397694974032,0.491717428190355,0.40377101839734775,0.40377101839734775
-154.74309067474678,0.4930683036549833,0.4050795719310628,0.4050795719310628
-154.29220439975325,0.49445928397005107,0.4063881254647778,0.4063881254647778
-153.8413181247597,0.4958502642851189,0.4076966789984929,0.4076966789984929
-153.39043184976617,0.4972412446001867,0.4090052325322079,0.4090052325322079
-152.93954557477264,0.4986322249152545,0.4103137860659229,0.4103137860659229
-152.4886592997791,0.5000232052303223,0.41162233959963795,0.41162233959963795
-152.03777302478557,0.5014141855453901,0.412930893133353,0.412930893133353
-151.58688674979203,0.5028051658604579,0.4142394466670681,0.4142394466670681
-151.1360004747985,0.5041961461755258,0.41554800020078303,0.41554800020078303
-150.68511419980496,0.5055871264905935,0.4168565537344981,0.4168565537344981
-150.23422792481142,0.5069781068056614,0.4181651072682132,0.4181651072682132
-149.78334164981788,0.5083690871207291,0.41947366080192816,0.41947366080192816
-149.33245537482435,0.5097600674357969,0.4207822143356432,0.4207822143356432
-148.8815690998308,0.5111510477508647,0.4220907678693583,0.4220907678693583
-148.43068282483728,0.5125420280659326,0.42339932140307335,0.42339932140307335
-147.97979654984374,0.5139330083810004,0.4247078749367883,0.4247078749367883
-147.5289102748502,0.5153239886960682,0.4260164284705034,0.4260164284705034
-147.07802399985667,0.516714969011136,0.4273249820042185,0.4273249820042185
-146.62713772486313,0.5181059493262039,0.42863353553793343,0.42863353553793343
-146.1762514498696,0.5194969296412716,0.4299420890716485,0.4299420890716485
-145.72536517487606,0.5208879099563395,0.43125064260536355,0.43125064260536355
-145.27447889988252,0.5222788902714073,0.4325591961390786,0.4325591961390786
-144.823592624889,0.5236698705864751,0.4338677496727936,0.4338677496727936
-144.37270634989545,0.5250608509015429,0.4351763032065087,0.4351763032065087
-143.92182007490192,0.5264518312166107,0.43648485674022364,0.43648485674022364
-143.47093379990838,0.5278428115316786,0.4377934102739387,0.4377934102739387
-143.02004752491484,0.5292337918467462,0.43910196380765376,0.43910196380765376
-142.5691612499213,0.530624772161814,0.4404105173413688,0.4404105173413688
-142.11827497492777,0.5320157524768819,0.44171907087508383,0.44171907087508383
-141.66738869993424,0.5334067327919498,0.4430276244087989,0.4430276244087989
-141.2165024249407,0.5347977131070176,0.44433617794251395,0.44433617794251395
-140.76561614994716,0.5361886934220854,0.4456447314762289,0.4456447314762289
-140.31472987495363,0.5375796737371532,0.44695328500994397,0.44695328500994397
-139.8638435999601,0.538970654052221,0.44826183854365903,0.44826183854365903
-139.41295732496656,0.5403616343672888,0.44957039207737404,0.44957039207737404
-138.96207104997302,0.5417526146823567,0.4508789456110891,0.4508789456110891
-138.51118477497948,0.5431435949974245,0.45218749914480416,0.45218749914480416
-138.06029849998595,0.5445345753124924,0.4534960526785192,0.4534960526785192
-137.6094122249924,0.5459255556275601,0.4548046062122342,0.4548046062122342
-137.15852594999888,0.5473165359426279,0.4561131597459493,0.4561131597459493
-136.70763967500534,0.5487075162576958,0.4574217132796643,0.4574217132796643
-136.2567534000118,0.5500984965727636,0.4587302668133793,0.4587302668133793
-135.80586712501827,0.5514894768878312,0.46003882034709437,0.46003882034709437
-135.35498085002473,0.552880457202899,0.46134737388080943,0.46134737388080943
-134.9040945750312,0.5542714375179669,0.4626559274145245,0.4626559274145245
-134.45320830003766,0.5556624178330347,0.4639644809482395,0.4639644809482395
-134.00232202504412,0.5570533981481026,0.46527303448195456,0.46527303448195456
-133.5514357500506,0.5584443784631704,0.4665815880156695,0.4665815880156695
-133.10054947505705,0.5598353587782382,0.4678901415493846,0.4678901415493846
-132.64966320006351,0.5612263390933061,0.46919869508309964,0.46919869508309964
-132.19877692506998,0.5626173194083738,0.4705072486168147,0.4705072486168147
-131.74789065007644,0.5640082997234416,0.47181580215052976,0.47181580215052976
-131.2970043750829,0.5653992800385095,0.47312435568424477,0.47312435568424477
-130.84611810008937,0.5667902603535772,0.47443290921795983,0.47443290921795983
-130.39523182509583,0.568181240668645,0.4757414627516748,0.4757414627516748
-129.9443455501023,0.5695722209837129,0.47705001628538996,0.47705001628538996
-129.49345927510876,0.5709632012987806,0.4783585698191049,0.4783585698191049
-129.04257300011523,0.5723541816138485,0.47966712335281997,0.47966712335281997
-128.5916867251217,0.5737451619289162,0.4809756768865349,0.4809756768865349
-128.14080045012815,0.575136142243984,0.48228423042025004,0.48228423042025004
-127.68991417513462,0.5765271225590519,0.4835927839539651,0.4835927839539651
-127.23902790014108,0.5779181028741198,0.48490133748768016,0.48490133748768016
-126.78814162514755,0.5793090831891876,0.4862098910213952,0.4862098910213952
-126.33725535015401,0.5807000635042554,0.48751844455511023,0.48751844455511023
-125.88636907516047,0.5820910438193232,0.4888269980888252,0.4888269980888252
-125.43548280016694,0.583482024134391,0.49013555162254024,0.49013555162254024
-124.9845965251734,0.5848730044494588,0.4914441051562553,0.4914441051562553
-124.53371025017987,0.5862639847645266,0.4927526586899704,0.4927526586899704
-124.08282397518633,0.5876549650795945,0.49406121222368543,0.49406121222368543
-123.6319377001928,0.5890459453946622,0.49536976575740044,0.49536976575740044
-123.18105142519926,0.5904369257097299,0.4966783192911155,0.4966783192911155
-122.73016515020572,0.5918279060247978,0.4979868728248304,0.4979868728248304
-122.27927887521219,0.5932188863398656,0.4992954263585455,0.4992954263585455
-121.82839260021865,0.5946098666549334,0.5006039798922606,0.5006039798922606
-121.37750632522511,0.5960066400480343,0.5019340309348688,0.5019340309348688
-120.92662005023158,0.5974568280592423,0.5032912678750788,0.5032912678750788
-120.47573377523804,0.5989437377837212,0.5046593008711112,0.5046593008711112
-120.0248475002445,0.6004306475082002,0.5060273338671435,0.5060273338671435
-119.57396122525097,0.6019175572326791,0.5073953668631758,0.5073953668631758
-119.12307495025743,0.6034044669571581,0.5087633998592082,0.5087633998592082
-118.6721886752639,0.6048913766816371,0.5101314328552403,0.5101314328552403
-118.22130240027036,0.606378286406116,0.5114994658512727,0.5114994658512727
-117.77041612527682,0.607865196130595,0.5128674988473049,0.5128674988473049
-117.31952985028329,0.6093521058550739,0.5142355318433373,0.5142355318433373
-116.86864357528975,0.6108390155795529,0.5156035648393696,0.5156035648393696
-116.41775730029622,0.6123259253040318,0.5169715978354018,0.5169715978354018
-115.96687102530268,0.6138128350285108,0.5183396308314341,0.5183396308314341
-115.51598475030914,0.6152997447529898,0.5197076638274665,0.5197076638274665
-115.06509847531561,0.6167866544774688,0.5210756968234987,0.5210756968234987
-114.61421220032207,0.6182735642019477,0.5224437298195311,0.5224437298195311
-114.16332592532854,0.6197604739264267,0.5238117628155634,0.5238117628155634
-113.712439650335,0.6212473836509056,0.5251797958115957,0.5251797958115957
-113.26155337534146,0.6227342933753847,0.526547828807628,0.526547828807628
-112.81066710034793,0.6242212030998636,0.5279158618036602,0.5279158618036602
-112.35978082535439,0.6257081128243425,0.5292838947996925,0.5292838947996925
-111.90889455036086,0.6271950225488215,0.5306519277957249,0.5306519277957249
-111.45800827536732,0.6286819322733005,0.5320199607917572,0.5320199607917572
-111.00712200037378,0.6301688419977794,0.5333879937877896,0.5333879937877896
-110.55623572538025,0.6316557517222584,0.5347560267838218,0.5347560267838218
-110.10534945038671,0.6331426614467375,0.5361240597798541,0.5361240597798541
-109.65446317539318,0.6346295711712163,0.5374920927758864,0.5374920927758864
-109.20357690039964,0.6361164808956953,0.5388601257719187,0.5388601257719187
-108.7526906254061,0.6376033906201742,0.5402281587679509,0.5402281587679509
-108.30180435041257,0.6390903003446533,0.5415961917639833,0.5415961917639833
-107.85091807541903,0.6405772100691323,0.5429642247600156,0.5429642247600156
-107.4000318004255,0.6420641197936111,0.5443322577560479,0.5443322577560479
-106.94914552543196,0.6435510295180902,0.5457002907520802,0.5457002907520802
-106.49825925043842,0.6450379392425691,0.5470683237481124,0.5470683237481124
-106.04737297544489,0.6465248489670481,0.5484363567441448,0.5484363567441448
-105.59648670045135,0.648011758691527,0.5498043897401772,0.5498043897401772
-105.14560042545781,0.6494986684160061,0.5511724227362094,0.5511724227362094
-104.69471415046428,0.6509855781404851,0.5525404557322416,0.5525404557322416
-104.24382787547074,0.652472487864964,0.5539084887282739,0.5539084887282739
-103.7929416004772,0.6539593975894429,0.5552765217243062,0.5552765217243062
-103.34205532548367,0.655446307313922,0.5566445547203386,0.5566445547203386
-102.89116905049013,0.6569332170384009,0.5580125877163709,0.5580125877163709
-102.4402827754966,0.65842012676288,0.5593806207124032,0.5593806207124032
-101.98939650050306,0.6599070364873588,0.5607486537084355,0.5607486537084355
-101.53851022550953,0.6613939462118378,0.5621166867044678,0.5621166867044678
-101.08762395051599,0.6628808559363168,0.5634847197005002,0.5634847197005002
-100.63673767552245,0.6643677656607957,0.5648527526965325,0.5648527526965325
-100.18585140052892,0.6658546753852748,0.5662207856925647,0.5662207856925647
-99.73496512553538,0.6673415851097537,0.5675888186885971,0.5675888186885971
-99.28407885054185,0.6688284948342327,0.5689568516846293,0.5689568516846293
-98.83319257554831,0.6703154045587116,0.5703248846806617,0.5703248846806617
-98.38230630055477,0.6718023142831906,0.571692917676694,0.571692917676694
-97.93142002556124,0.6732892240076696,0.5730609506727261,0.5730609506727261
-97.4805337505677,0.6747761337321486,0.5744289836687585,0.5744289836687585
-97.02964747557417,0.6762630434566275,0.5757970166647909,0.5757970166647909
-96.57876120058063,0.6777499531811064,0.5771650496608232,0.5771650496608232
-96.1278749255871,0.6792368629055855,0.5785330826568554,0.5785330826568554
-95.67698865059356,0.6807237726300643,0.5799011156528877,0.5799011156528877
-95.22610237560002,0.6822106823545434,0.5812691486489201,0.5812691486489201
-94.77521610060649,0.6836975920790224,0.5826371816449523,0.5826371816449523
-94.32432982561295,0.6851845018035013,0.5840052146409845,0.5840052146409845
-93.87344355061941,0.6866714115279802,0.5853732476370169,0.5853732476370169
-93.42255727562588,0.6881583212524592,0.5867412806330492,0.5867412806330492
-92.97167100063234,0.6896452309769382,0.5881093136290816,0.5881093136290816
-92.5207847256388,0.6911321407014173,0.5894773466251139,0.5894773466251139
-92.06989845064527,0.6926190504258961,0.5908453796211461,0.5908453796211461
-91.61901217565173,0.6941059601503751,0.5922134126171784,0.5922134126171784
-91.1681259006582,0.6955928698748541,0.5935814456132107,0.5935814456132107
-90.71723962566466,0.697079779599333,0.594949478609243,0.594949478609243
-90.26635335067112,0.698566689323812,0.5963175116052754,0.5963175116052754
-89.81546707567759,0.700053599048291,0.5976855446013076,0.5976855446013076
-89.36458080068405,0.70154050877277,0.5990535775973399,0.5990535775973399
-88.91369452569052,0.7030274184972488,0.6004216105933722,0.6004216105933722
-88.46280825069698,0.7045143282217279,0.6017896435894045,0.6017896435894045
-88.01192197570344,0.7060012379462068,0.603157676585437,0.603157676585437
-87.56103570070991,0.7074881476706857,0.6044969278942824,0.6044969278942824
-87.11014942571637,0.7090895331615611,0.6057949371028014,0.6057949371028014
-86.65926315072284,0.7107805133730483,0.6070440104810303,0.6070440104810303
-86.2083768757293,0.7125072469330448,0.6082930838592592,0.6082930838592592
-85.75749060073576,0.7142339804930413,0.6095421572374881,0.6095421572374881
-85.30660432574223,0.7159607140530378,0.6107912306157169,0.6107912306157169
-84.85571805074869,0.7176874476130344,0.6120403039939457,0.6120403039939457
-84.40483177575516,0.7194141811730309,0.6132893773721746,0.6132893773721746
-83.95394550076162,0.7211409147330277,0.6145384507504035,0.6145384507504035
-83.50305922576808,0.722867648293024,0.6157875241286324,0.6157875241286324
-83.05217295077455,0.7245943818530206,0.6170365975068614,0.6170365975068614
-82.60128667578101,0.7263211154130172,0.61828567088509,0.61828567088509
-82.15040040078748,0.7280478489730137,0.6195347442633189,0.6195347442633189
-81.69951412579394,0.7297745825330103,0.6207838176415478,0.6207838176415478
-81.2486278508004,0.7315013160930067,0.6220328910197767,0.6220328910197767
-80.79774157580687,0.7332280496530033,0.6232819643980057,0.6232819643980057
-80.34685530081333,0.7349547832129999,0.6245310377762344,0.6245310377762344
-79.8959690258198,0.7366815167729964,0.6257801111544633,0.6257801111544633
-79.44508275082626,0.738408250332993,0.6270291845326921,0.6270291845326921
-78.99419647583272,0.7401349838929896,0.6282782579109211,0.6282782579109211
-78.54331020083919,0.7418617174529861,0.6295273312891498,0.6295273312891498
-78.09242392584565,0.7435884510129825,0.6307764046673786,0.6307764046673786
-77.64153765085211,0.7453151845729791,0.6320254780456075,0.6320254780456075
-77.19065137585858,0.7470419181329757,0.6332745514238364,0.6332745514238364
-76.73976510086504,0.7487686516929722,0.6345236248020653,0.6345236248020653
-76.2888788258715,0.7504953852529688,0.6357726981802941,0.6357726981802941
-75.83799255087797,0.7522221188129654,0.637021771558523,0.637021771558523
-75.38710627588443,0.7539488523729619,0.6382708449367519,0.6382708449367519
-74.9362200008909,0.7556755859329585,0.6395199183149807,0.6395199183149807
-74.48533372589736,0.757402319492955,0.6407689916932096,0.6407689916932096
-74.03444745090383,0.7591290530529515,0.6420180650714384,0.6420180650714384
-73.58356117591029,0.7608557866129481,0.6432671384496673,0.6432671384496673
-73.13267490091675,0.7625825201729446,0.6445162118278962,0.6445162118278962
-72.68178862592322,0.764309253732941,0.645765285206125,0.645765285206125
-72.23090235092968,0.7660359872929378,0.6470143585843539,0.6470143585843539
-71.78001607593615,0.7677627208529343,0.6482634319625827,0.6482634319625827
-71.32912980094261,0.7694894544129308,0.6495125053408116,0.6495125053408116
-70.87824352594907,0.7712161879729273,0.6507615787190405,0.6507615787190405
-70.42735725095554,0.7729429215329239,0.6520106520972694,0.6520106520972694
-69.976470975962,0.7746696550929205,0.6532597254754983,0.6532597254754983
-69.52558470096847,0.7763963886529169,0.654508798853727,0.654508798853727
-69.07469842597493,0.7781231222129135,0.655757872231956,0.655757872231956
-68.6238121509814,0.7798498557729101,0.6570069456101848,0.6570069456101848
-68.17292587598786,0.7815765893329066,0.6582560189884138,0.6582560189884138
-67.72203960099432,0.7833033228929032,0.6595050923666426,0.6595050923666426
-67.27115332600079,0.7850300564528998,0.6607541657448713,0.6607541657448713
-66.82026705100725,0.7867567900128961,0.6620032391231003,0.6620032391231003
-66.36938077601371,0.7884835235728928,0.6632523125013291,0.6632523125013291
-65.91849450102018,0.7902102571328894,0.6645013858795581,0.6645013858795581
-65.46760822602664,0.7919369906928859,0.6657504592577869,0.6657504592577869
-65.0167219510331,0.7936637242528825,0.6669995326360157,0.6669995326360157
-64.56583567603957,0.795390457812879,0.6682486060142446,0.6682486060142446
-64.11494940104603,0.7971171913728756,0.6694976793924733,0.6694976793924733
-63.6640631260525,0.7988439249328722,0.6707467527707023,0.6707467527707023
-63.21317685105896,0.8005706584928686,0.6719958261489312,0.6719958261489312
-62.762290576065425,0.8022973920528652,0.6732448995271599,0.6732448995271599
-62.31140430107189,0.8040241256128617,0.6744939729053888,0.6744939729053888
-61.86051802607835,0.8057508591728583,0.6757430462836177,0.6757430462836177
-61.40963175108482,0.8074775927328548,0.6769921196618466,0.6769921196618466
-60.95874547609128,0.8092043262928513,0.6782411930400755,0.6782411930400755
-60.507859201097745,0.8109310598528479,0.6794902664183043,0.6794902664183043
-60.05697292610421,0.8126577934128445,0.6807393397965332,0.6807393397965332
-59.60608665111067,0.8143845269728409,0.681988413174762,0.681988413174762
-59.155200376117136,0.8161112605328376,0.683237486552991,0.683237486552991
-58.7043141011236,0.8178379940928342,0.6844865599312198,0.6844865599312198
-58.253427826130064,0.8195647276528307,0.6857356333094488,0.6857356333094488
-57.80254155113653,0.8212914612128271,0.6869847066876774,0.6869847066876774
-57.35165527614299,0.8230181947728237,0.6882337800659063,0.6882337800659063
-56.900769001149456,0.8247449283328202,0.6894828534441353,0.6894828534441353
-56.44988272615592,0.8264716618928167,0.6907319268223641,0.6907319268223641
-55.998996451162384,0.8281983954528134,0.691981000200593,0.691981000200593
-55.54811017616885,0.82992512901281,0.6932300735788218,0.6932300735788218
-55.09722390117531,0.8316518625728064,0.6944791469570507,0.6944791469570507
-54.646337626181776,0.833378596132803,0.6957282203352796,0.6957282203352796
-54.19545135118824,0.8351053296927996,0.6969772937135085,0.6969772937135085
-53.744565076194704,0.836832063252796,0.6982195420693241,0.6982195420693241
-53.29367880120117,0.8383606593333778,0.6994468170903241,0.6994468170903241
-52.84279252620763,0.8396751450621593,0.7006364105698716,0.7006364105698716
-52.391906251214095,0.8407783357511427,0.701826004049419,0.701826004049419
-51.94101997622056,0.8418815264401259,0.7030155975289666,0.7030155975289666
-51.49013370122702,0.8429847171291092,0.7042051910085141,0.7042051910085141
-51.03924742623349,0.8440879078180923,0.7053947844880616,0.7053947844880616
-50.58836115123995,0.8451910985070755,0.7065843779676091,0.7065843779676091
-50.137474876246415,0.8462942891960589,0.7077739714471565,0.7077739714471565
-49.68658860125288,0.847397479885042,0.708963564926704,0.708963564926704
-49.23570232625934,0.8485006705740251,0.7101531584062516,0.7101531584062516
-48.78481605126581,0.8496038612630084,0.7113427518857991,0.7113427518857991
-48.33392977627227,0.8507070519519916,0.7125323453653466,0.7125323453653466
-47.883043501278735,0.8518102426409748,0.713721938844894,0.713721938844894
-47.4321572262852,0.8529134333299581,0.7149115323244416,0.7149115323244416
-46.98127095129166,0.8540166240189412,0.7161011258039891,0.7161011258039891
-46.53038467629813,0.8551198147079243,0.7172907192835366,0.7172907192835366
-46.07949840130459,0.8562230053969078,0.7184803127630841,0.7184803127630841
-45.628612126311054,0.8573261960858909,0.7196699062426315,0.7196699062426315
-45.17772585131752,0.858429386774874,0.7208594997221789,0.7208594997221789
-44.72683957632398,0.8595325774638573,0.7220490932017265,0.7220490932017265
-44.275953301330446,0.8606357681528406,0.723238686681274,0.723238686681274
-43.82506702633691,0.8617389588418237,0.7244282801608215,0.7244282801608215
-43.374180751343374,0.862842149530807,0.725617873640369,0.725617873640369
-42.92329447634984,0.8639453402197902,0.7268074671199165,0.7268074671199165
-42.4724082013563,0.8650485309087734,0.727997060599464,0.727997060599464
-42.021521926362766,0.8661517215977567,0.7291866540790115,0.7291866540790115
-41.57063565136923,0.8672549122867399,0.7303762475585591,0.7303762475585591
-41.119749376375694,0.868358102975723,0.7315658410381065,0.7315658410381065
-40.66886310138216,0.8694612936647063,0.7327554345176539,0.7327554345176539
-40.21797682638862,0.8705644843536895,0.7339450279972015,0.7339450279972015
-39.767090551395086,0.8716676750426726,0.735134621476749,0.735134621476749
-39.31620427640155,0.8727708657316559,0.7363242149562965,0.7363242149562965
-38.86531800140801,0.8738740564206391,0.737513808435844,0.737513808435844
-38.41443172641448,0.8749772471096223,0.7387034019153915,0.7387034019153915
-37.96354545142094,0.8760804377986054,0.7398929953949389,0.7398929953949389
-37.512659176427405,0.8771836284875887,0.7410825888744864,0.7410825888744864
-37.06177290143387,0.8782868191765719,0.742272182354034,0.742272182354034
-36.61088662644033,0.879390009865555,0.7434617758335815,0.7434617758335815
-36.1600003514468,0.8804932005545384,0.7446513693131289,0.7446513693131289
-35.70911407645326,0.8815963912435216,0.7458409627926764,0.7458409627926764
-35.258227801459725,0.8826995819325048,0.7470305562722239,0.7470305562722239
-34.80734152646619,0.883802772621488,0.7482201497517714,0.7482201497517714
-34.35645525147265,0.8849059633104713,0.749409743231319,0.749409743231319
-33.90556897647912,0.8860091539994545,0.7505993367108664,0.7505993367108664
-33.45468270148558,0.8871123446884378,0.7517889301904139,0.7517889301904139
-33.003796426492045,0.8882155353774209,0.7529785236699615,0.7529785236699615
-32.55291015149851,0.8893187260664039,0.754168117149509,0.754168117149509
-32.10202387650497,0.8904219167553874,0.7553577106290565,0.7553577106290565
-31.651137601511437,0.8915251074443705,0.7565473041086039,0.7565473041086039
-31.2002513265179,0.8926282981333536,0.7577368975881515,0.7577368975881515
-30.749365051524364,0.8937314888223369,0.7589264910676989,0.7589264910676989
-30.29847877653083,0.8948346795113202,0.7601160845472463,0.7601160845472463
-29.847592501537292,0.8959378702003034,0.7613056780267939,0.7613056780267939
-29.396706226543756,0.8970410608892865,0.7624952715063414,0.7624952715063414
-28.94581995155022,0.8981442515782697,0.7636848649858888,0.7636848649858888
-28.494933676556684,0.8992474422672531,0.7648744584654364,0.7648744584654364
-28.044047401563148,0.9003506329562362,0.766064051944984,0.766064051944984
-27.593161126569612,0.9014538236452195,0.7672536454245314,0.7672536454245314
-27.142274851576076,0.9025570143342027,0.7684432389040788,0.7684432389040788
-26.69138857658254,0.9036602050231858,0.7696328323836265,0.7696328323836265
-26.240502301589004,0.9047633957121692,0.7708224258631738,0.7708224258631738
-25.789616026595468,0.9058665864011524,0.7720120193427213,0.7720120193427213
-25.33872975160193,0.9069697770901355,0.773201612822269,0.773201612822269
-24.887843476608396,0.9080729677791187,0.7743912063018165,0.7743912063018165
-24.43695720161486,0.909176158468102,0.7755807997813638,0.7755807997813638
-23.986070926621323,0.9102793491570851,0.7767703932609115,0.7767703932609115
-23.535184651627787,0.9113825398460684,0.777959986740459,0.777959986740459
-23.08429837663425,0.9124857305350516,0.7791495802200065,0.7791495802200065
-22.633412101640715,0.9135889212240347,0.780339173699554,0.780339173699554
-22.18252582664718,0.914692111913018,0.7815287671791014,0.7815287671791014
-21.731639551653643,0.9157953026020013,0.7827183606586487,0.7827183606586487
-21.280753276660107,0.9168984932909844,0.7839079541381963,0.7839079541381963
-20.82986700166657,0.9180016839799676,0.7850975476177439,0.7850975476177439
-20.378980726673035,0.919104874668951,0.7862871410972914,0.7862871410972914
-19.9280944516795,0.9202080653579341,0.7874767345768389,0.7874767345768389
-19.477208176685963,0.9211596938854886,0.7885185715315857,0.7885185715315857
-19.026321901692427,0.9217803426733246,0.7889090168304982,0.7889090168304982
-18.57543562669889,0.9218762722810318,0.789270280446533,0.789270280446533
-18.124549351705355,0.921972201888739,0.7896271584261962,0.7896271584261962
-17.67366307671182,0.9220681314964462,0.7899840364058593,0.7899840364058593
-17.222776801718283,0.9221640611041535,0.7903409143855225,0.7903409143855225
-16.771890526724746,0.9222599907118606,0.7906977923651856,0.7906977923651856
-16.32100425173121,0.9223559203195678,0.7910546703448487,0.7910546703448487
-15.870117976737674,0.9224518499272751,0.7914115483245119,0.7914115483245119
-15.419231701744138,0.9225477795349823,0.791768426304175,0.791768426304175
-14.968345426750602,0.9226437091426894,0.7921253042838382,0.7921253042838382
-14.517459151757066,0.9227396387503968,0.7924821822635013,0.7924821822635013
-14.06657287676353,0.9228355683581041,0.7928390602431644,0.7928390602431644
-13.615686601769994,0.9229314979658111,0.7931959382228275,0.7931959382228275
-13.164800326776458,0.9230274275735184,0.7935528162024906,0.7935528162024906
-12.713914051782922,0.9231233571812256,0.7939096941821538,0.7939096941821538
-12.263027776789386,0.9232192867889328,0.794266572161817,0.794266572161817
-11.81214150179585,0.92331521639664,0.7946234501414801,0.7946234501414801
-11.361255226802314,0.9234111460043473,0.794980328121143,0.794980328121143
-10.910368951808778,0.9235070756120545,0.7953372061008064,0.7953372061008064
-10.459482676815242,0.9236030052197618,0.7956940840804695,0.7956940840804695
-10.008596401821706,0.9236989348274689,0.7960509620601326,0.7960509620601326
-9.55771012682817,0.9237948644351762,0.7964078400397958,0.7964078400397958
-9.106823851834633,0.9238907940428832,0.7967647180194589,0.7967647180194589
-8.655937576841097,0.9239867236505905,0.7971215959991219,0.7971215959991219
-8.205051301847561,0.9240826532582977,0.797478473978785,0.797478473978785
-7.754165026854025,0.924178582866005,0.7978353519584482,0.7978353519584482
-7.303278751860489,0.9242745124737122,0.7981922299381113,0.7981922299381113
-6.852392476866953,0.9243704420814194,0.7985491079177746,0.7985491079177746
-6.401506201873417,0.9244663716891266,0.7989059858974377,0.7989059858974377
-5.950619926879881,0.9245623012968338,0.7992628638771009,0.7992628638771009
-5.499733651886345,0.924658230904541,0.7996197418567639,0.7996197418567639
-5.048847376892809,0.9247541605122482,0.7999766198364271,0.7999766198364271
-4.597961101899273,0.9248500901199553,0.8003334978160902,0.8003334978160902
-4.147074826905737,0.9249460197276627,0.8006903757957533,0.8006903757957533
-3.6961885519122006,0.9250419493353699,0.8010472537754164,0.8010472537754164
-3.2453022769186646,0.9251378789430772,0.8014041317550795,0.8014041317550795
-2.7944160019251285,0.9252338085507843,0.8017610097347428,0.8017610097347428
-2.3435297269315924,0.9253297381584915,0.8021178877144058,0.8021178877144058
-1.8926434519380564,0.9254256677661987,0.802474765694069,0.802474765694069
-1.4417571769445203,0.9255215973739059,0.802831643673732,0.802831643673732
-0.9908709019509843,0.9256175269816131,0.8031885216533953,0.8031885216533953
-0.5399846269574482,0.9257134565893204,0.8035453996330584,0.8035453996330584
-0.08909835196391214,0.9258093861970275,0.8039022776127215,0.8039022776127215
0.0,0.9258283425734473,0.8039727992533295,0.8039727992533295
0.3617879230296239,0.9259053158047349,0.8042591555923847,0.8042591555923847
0.81267419802316,0.926001245412442,0.8046160335720478,0.8046160335720478
1.263560473016696,0.9260971750201492,0.8049729115517109,0.8049729115517109
1.7144467480102321,0.9261931046278564,0.8053297895313739,0.8053297895313739
2.165333023003768,0.9262890342355636,0.8056866675110372,0.8056866675110372
2.6162192979973042,0.9263849638432708,0.8060435454907003,0.8060435454907003
3.0671055729908403,0.9264808934509781,0.8064004234703634,0.8064004234703634
3.5179918479843764,0.9265768230586853,0.8067573014500267,0.8067573014500267
3.9688781229779124,0.9266727526663926,0.8071141794296898,0.8071141794296898
4.4197643979714485,0.9267686822740996,0.8074710574093529,0.8074710574093529
4.8706506729649846,0.9268646118818069,0.8078279353890159,0.8078279353890159
5.321536947958521,0.9269605414895142,0.8081848133686791,0.8081848133686791
5.772423222952057,0.9270564710972213,0.8085416913483422,0.8085416913483422
6.223309497945593,0.9271524007049285,0.8088985693280054,0.8088985693280054
6.674195772939129,0.9272483303126358,0.8092554473076685,0.8092554473076685
7.125082047932665,0.927344259920343,0.8096123252873317,0.8096123252873317
7.575968322926201,0.9274401895280502,0.8099692032669948,0.8099692032669948
8.026854597919737,0.9275361191357575,0.8103260812466578,0.8103260812466578
8.477740872913273,0.9276320487434647,0.810682959226321,0.810682959226321
8.92862714790681,0.9277279783511719,0.8110398372059842,0.8110398372059842
9.379513422900345,0.927823907958879,0.8113967151856473,0.8113967151856473
9.830399697893881,0.9279198375665864,0.8117535931653104,0.8117535931653104
10.281285972887417,0.9280157671742936,0.8121104711449737,0.8121104711449737
10.732172247880953,0.9281116967820007,0.8124673491246366,0.8124673491246366
11.18305852287449,0.9282076263897079,0.8128242271042998,0.8128242271042998
11.633944797868025,0.9283035559974152,0.813181105083963,0.813181105083963
12.084831072861562,0.9283994856051223,0.8135379830636261,0.8135379830636261
12.535717347855098,0.9284954152128296,0.8138948610432892,0.8138948610432892
12.986603622848634,0.9285913448205367,0.8142517390229523,0.8142517390229523
13.43748989784217,0.9286872744282441,0.8146086170026154,0.8146086170026154
13.888376172835706,0.9287832040359513,0.8149654949822785,0.8149654949822785
14.339262447829242,0.9288791336436585,0.8153223729032661,0.8153223729032661
14.437338046263903,0.9289,0.8154,0.8154
14.790148722822778,0.9286094496545598,0.8149345820524815,0.8149345820524815
15.241034997816314,0.9275973375642307,0.8143397855267114,0.8143397855267114
15.69192127280985,0.9265421120692827,0.8137449890009413,0.8137449890009413
16.142807547803386,0.9254868865743348,0.8131501924751713,0.8131501924751713
16.593693822796922,0.9244316610793869,0.8125553959494012,0.8125553959494012
17.04458009779046,0.9233764355844389,0.8119605994236311,0.8119605994236311
17.495466372783994,0.922321210089491,0.811365802897861,0.811365802897861
17.94635264777753,0.921265984594543,0.810771006372091,0.810771006372091
18.397238922771066,0.920210759099595,0.8101762098463209,0.8101762098463209
18.848125197764602,0.919155533604647,0.8095814133205509,0.8095814133205509
19.29901147275814,0.918100308109699,0.8089866167947808,0.8089866167947808
19.749897747751675,0.917045082614751,0.8083918202690107,0.8083918202690107
20.20078402274521,0.9159898571198031,0.8077970237432406,0.8077970237432406
20.651670297738747,0.9149346316248551,0.8072022272174706,0.8072022272174706
21.102556572732283,0.9138794061299073,0.8066074306917006,0.8066074306917006
21.55344284772582,0.9128241806349593,0.8060126341659305,0.8060126341659305
22.004329122719355,0.9117689551400113,0.8054178376401604,0.8054178376401604
22.45521539771289,0.9107137296450634,0.8048230411143903,0.8048230411143903
22.906101672706427,0.9096585041501154,0.8042282445886203,0.8042282445886203
23.356987947699963,0.9086032786551674,0.8036334480628502,0.8036334480628502
23.8078742226935,0.9075480531602195,0.8030386515370801,0.8030386515370801
24.258760497687035,0.9064928276652716,0.80244385501131,0.80244385501131
24.70964677268057,0.9054376021703235,0.80184905848554,0.80184905848554
25.160533047674107,0.9043823766753756,0.8012542619597698,0.8012542619597698
25.611419322667643,0.9033271511804276,0.8006594654339999,0.8006594654339999
26.06230559766118,0.9022719256854796,0.8000646689082299,0.8000646689082299
26.513191872654716,0.9012167001905317,0.7994698723824597,0.7994698723824597
26.96407814764825,0.9001614746955837,0.7988750758566897,0.7988750758566897
27.414964422641788,0.8991062492006359,0.7982802793309196,0.7982802793309196
27.865850697635324,0.8980510237056879,0.7976854828051495,0.7976854828051495
28.31673697262886,0.8969957982107399,0.7970906862793794,0.7970906862793794
28.767623247622396,0.895940572715792,0.7964958897536094,0.7964958897536094
29.218509522615932,0.894885347220844,0.7959010932278393,0.7959010932278393
29.669395797609468,0.893830121725896,0.7953062967020692,0.7953062967020692
30.120282072603004,0.8927748962309481,0.7947115001762991,0.7947115001762991
30.57116834759654,0.891719670736,0.7941167036505292,0.7941167036505292
31.022054622590076,0.890664445241052,0.7935219071247592,0.7935219071247592
31.472940897583612,0.8896092197461041,0.792927110598989,0.792927110598989
31.92382717257715,0.8885539942511562,0.792332314073219,0.792332314073219
32.374713447570684,0.8874987687562083,0.7917375175474488,0.7917375175474488
32.82559972256422,0.8864435432612603,0.7911427210216788,0.7911427210216788
33.27648599755776,0.8853883177663123,0.7905479244959087,0.7905479244959087
33.72737227255129,0.8843330922713644,0.7899531279701387,0.7899531279701387
34.17825854754483,0.8832778667764164,0.7893583314443686,0.7893583314443686
34.629144822538365,0.8822226412814683,0.7887635349185985,0.7887635349185985
35.0800310975319,0.8811674157865205,0.7881687383928286,0.7881687383928286
35.53091737252544,0.8801121902915725,0.7875739418670585,0.7875739418670585
35.98180364751897,0.8790569647966245,0.7869791453412883,0.7869791453412883
36.43268992251251,0.8780017393016766,0.7863843488155183,0.7863843488155183
36.883576197506045,0.8769465138067286,0.7857895522897482,0.7857895522897482
37.33446247249958,0.8758912883117806,0.7851947557639781,0.7851947557639781
37.78534874749312,0.8748360628168328,0.7845999592382081,0.7845999592382081
38.23623502248665,0.8737808373218848,0.784005162712438,0.784005162712438
38.68712129748019,0.8727256118269369,0.783410366186668,0.783410366186668
39.138007572473725,0.8716703863319888,0.7828155696608978,0.7828155696608978
39.58889384746726,0.8706151608370409,0.7822207731351278,0.7822207731351278
40.0397801224608,0.869559935342093,0.7816259766093578,0.7816259766093578
40.49066639745433,0.868504709847145,0.7810311800835877,0.7810311800835877
40.94155267244787,0.867449484352197,0.7804363835578175,0.7804363835578175
41.392438947441406,0.866394258857249,0.7798415870320475,0.7798415870320475
41.84332522243494,0.865339033362301,0.7792467905062775,0.7792467905062775
42.29421149742848,0.864283807867353,0.7786519939805074,0.7786519939805074
42.745097772422014,0.8632285823724051,0.7780571974547374,0.7780571974547374
43.19598404741555,0.8621733568774572,0.7774624009289673,0.7774624009289673
43.646870322409086,0.8611181313825093,0.7768676044031974,0.7768676044031974
44.09775659740262,0.8600629058875612,0.7762728078774271,0.7762728078774271
44.54864287239616,0.8590076803926132,0.7756780113516571,0.7756780113516571
44.999529147389694,0.8579524548976653,0.7750832148258872,0.7750832148258872
45.45041542238323,0.8568972294027173,0.7744884183001169,0.7744884183001169
45.901301697376766,0.8558420039077693,0.7738936217743468,0.7738936217743468
46.3521879723703,0.8547867784128215,0.7732988252485768,0.7732988252485768
46.80307424736384,0.8537315529178736,0.7727040287228069,0.7727040287228069
47.253960522357374,0.8526763274229257,0.7721092321970368,0.7721092321970368
47.70484679735091,0.8516211019279777,0.7715144356712668,0.7715144356712668
48.15573307234445,0.8505658764330297,0.7708629261674541,0.7708629261674541
48.60661934733798,0.8493748189373878,0.7700016465473605,0.7700016465473605
49.05750562233152,0.8479197008295085,0.7687924098265144,0.7687924098265144
49.508391897325055,0.8462888980852373,0.7675433373471012,0.7675433373471012
49.95927817231859,0.8446580953409661,0.7662942648676878,0.7662942648676878
50.41016444731213,0.843027292596695,0.7650451923882743,0.7650451923882743
50.86105072230566,0.8413964898524238,0.7637961199088609,0.7637961199088609
51.3119369972992,0.8397656871081527,0.7625470474294476,0.7625470474294476
51.762823272292735,0.8381348843638815,0.7612979749500342,0.7612979749500342
52.21370954728627,0.8365040816196102,0.7600489024706207,0.7600489024706207
52.66459582227981,0.8348732788753391,0.7587998299912075,0.7587998299912075
53.11548209727334,0.8332424761310679,0.757550757511794,0.757550757511794
53.56636837226688,0.8316116733867968,0.7563016850323806,0.7563016850323806
54.017254647260415,0.8299808706425256,0.7550526125529672,0.7550526125529672
54.46814092225395,0.8283500678982544,0.7538035400735538,0.7538035400735538
54.91902719724749,0.8267192651539833,0.7525544675941405,0.7525544675941405
55.369913472241024,0.825088462409712,0.751305395114727,0.751305395114727
55.82079974723456,0.8234576596654409,0.7500563226353136,0.7500563226353136
56.271686022228096,0.8218268569211699,0.7488072501559002,0.7488072501559002
56.72257229722163,0.8201960541768988,0.7475581776764869,0.7475581776764869
57.17345857221517,0.8185652514326275,0.7463091051970734,0.7463091051970734
57.624344847208704,0.8169344486883562,0.7450600327176601,0.7450600327176601
58.07523112220224,0.8153036459440852,0.7438109602382468,0.7438109602382468
58.526117397195776,0.813672843199814,0.7425618877588333,0.7425618877588333
58.97700367218931,0.8120420404555428,0.74131281527942,0.74131281527942
59.42788994718285,0.8104112377112717,0.7400637428000065,0.7400637428000065
59.878776222176384,0.8087804349670005,0.738814670320593,0.738814670320593
60.32966249716992,0.8071496322227293,0.7375655978411797,0.7375655978411797
60.780548772163456,0.8055188294784581,0.7363165253617664,0.7363165253617664
61.23143504715699,0.803888026734187,0.735067452882353,0.735067452882353
61.68232132215053,0.8022572239899158,0.7338183804029396,0.7338183804029396
62.133207597144064,0.8006264212456446,0.7325693079235261,0.7325693079235261
62.5840938721376,0.7989956185013734,0.7313202354441126,0.7313202354441126
63.03498014713114,0.7973648157571023,0.7300711629646993,0.7300711629646993
63.48586642212467,0.7957340130128311,0.728822090485286,0.728822090485286
63.93675269711821,0.7941032102685599,0.7275730180058726,0.7275730180058726
64.38763897211174,0.7924724075242887,0.7263239455264592,0.7263239455264592
64.83852524710528,0.7908416047800175,0.7250748730470459,0.7250748730470459
65.28941152209882,0.7892108020357465,0.7238258005676323,0.7238258005676323
65.74029779709235,0.7875799992914753,0.7225767280882189,0.7225767280882189
66.19118407208589,0.7859491965472041,0.7213276556088056,0.7213276556088056
66.64207034707943,0.7843183938029329,0.7200785831293923,0.7200785831293923
67.09295662207296,0.7826875910586617,0.7188295106499789,0.7188295106499789
67.5438428970665,0.7810567883143906,0.7175804381705655,0.7175804381705655
67.99472917206003,0.7794259855701193,0.716331365691152,0.716331365691152
68.44561544705357,0.7777951828258483,0.7150822932117387,0.7150822932117387
68.8965017220471,0.7761643800815771,0.7138332207323254,0.7138332207323254
69.34738799704064,0.7745335773373059,0.7125841482529119,0.7125841482529119
69.79827427203418,0.7729027745930347,0.7113350757734985,0.7113350757734985
70.24916054702771,0.7712719718487635,0.7100860032940852,0.7100860032940852
70.70004682202125,0.7696411691044924,0.7088369308146717,0.7088369308146717
71.15093309701479,0.7680103663602211,0.7075878583352583,0.7075878583352583
71.60181937200832,0.76637956361595,0.7063387858558449,0.7063387858558449
72.05270564700186,0.7647487608716788,0.7050897133764316,0.7050897133764316
72.5035919219954,0.7631179581274077,0.7038406408970183,0.7038406408970183
72.95447819698893,0.7614871553831365,0.7025915684176048,0.7025915684176048
73.40536447198247,0.7598563526388653,0.7013424959381913,0.7013424959381913
73.856250746976,0.7582255498945942,0.700093423458778,0.700093423458778
74.30713702196954,0.7565947471503229,0.6988443509793647,0.6988443509793647
74.75802329696307,0.7549639444060517,0.6975952784999512,0.6975952784999512
75.20890957195661,0.7533331416617806,0.6963462060205379,0.6963462060205379
75.65979584695015,0.7517023389175095,0.6950971335411245,0.6950971335411245
76.11068212194368,0.7500715361732383,0.6938480610617109,0.6938480610617109
76.56156839693722,0.7484407334289671,0.6925989885822976,0.6925989885822976
77.01245467193075,0.746809930684696,0.6913499161028843,0.6913499161028843
77.46334094692429,0.7451791279404247,0.6901008436234708,0.6901008436234708
77.91422722191783,0.7435483251961537,0.6888517711440575,0.6888517711440575
78.36511349691136,0.7419175224518824,0.6876026986646442,0.6876026986646442
78.8159997719049,0.7402867197076113,0.6863536261852307,0.6863536261852307
79.26688604689843,0.7386559169633401,0.6851045537058172,0.6851045537058172
79.71777232189197,0.7370251142190689,0.6838554812264038,0.6838554812264038
80.1686585968855,0.7353943114747977,0.6826064087469905,0.6826064087469905
80.61954487187904,0.7337635087305265,0.6813573362675771,0.6813573362675771
81.07043114687258,0.7321327059862555,0.6801082637881638,0.6801082637881638
81.52131742186612,0.7305019032419843,0.6788591913087503,0.6788591913087503
81.97220369685965,0.7288711004977131,0.6775995098351825,0.6775995098351825
82.42308997185319,0.727222711262252,0.6763036571845893,0.6763036571845893
82.87397624684672,0.7255397838850168,0.6747252315442903,0.6747252315442903
83.32486252184026,0.7237890694892024,0.6731192815052721,0.6731192815052721
83.7757487968338,0.7220383550933881,0.671513331466254,0.671513331466254
84.22663507182733,0.7202876406975737,0.6699073814272358,0.6699073814272358
84.67752134682087,0.7185369263017592,0.6683014313882177,0.6683014313882177
85.1284076218144,0.7167862119059449,0.6666954813491995,0.6666954813491995
85.57929389680794,0.7150354975101305,0.6650895313101813,0.6650895313101813
86.03018017180148,0.7132847831143161,0.6634835812711631,0.6634835812711631
86.48106644679501,0.7115340687185018,0.6618776312321449,0.6618776312321449
86.93195272178855,0.7097833543226874,0.6602716811931267,0.6602716811931267
87.38283899678208,0.7080326399268729,0.6586657311541086,0.6586657311541086
87.83372527177562,0.7062819255310586,0.6570597811150904,0.6570597811150904
88.28461154676916,0.7045312111352442,0.6554538310760722,0.6554538310760722
88.73549782176269,0.7027804967394298,0.6538478810370542,0.6538478810370542
89.18638409675623,0.7010297823436155,0.652241930998036,0.652241930998036
89.63727037174976,0.699279067947801,0.6506359809590178,0.6506359809590178
90.0881566467433,0.6975283535519866,0.6490300309199996,0.6490300309199996
90.53904292173684,0.6957776391561722,0.6474240808809814,0.6474240808809814
90.98992919673037,0.6940269247603579,0.6458181308419632,0.6458181308419632
91.44081547172391,0.6922762103645435,0.6442121808029451,0.6442121808029451
91.89170174671744,0.690525495968729,0.6426062307639269,0.6426062307639269
92.34258802171098,0.6887747815729147,0.6410002807249088,0.6410002807249088
92.79347429670452,0.6870240671771003,0.6393943306858906,0.6393943306858906
93.24436057169805,0.6852733527812859,0.6377883806468725,0.6377883806468725
93.69524684669159,0.6835226383854716,0.6361824306078542,0.6361824306078542
94.14613312168512,0.6817719239896571,0.634576480568836,0.634576480568836
94.59701939667866,0.6800212095938427,0.6329705305298179,0.6329705305298179
95.0479056716722,0.6782704951980284,0.6313645804907997,0.6313645804907997
95.49879194666573,0.676519780802214,0.6297586304517815,0.6297586304517815
95.94967822165927,0.6747690664063996,0.6281526804127634,0.6281526804127634
96.4005644966528,0.6730183520105851,0.6265467303737452,0.6265467303737452
96.85145077164634,0.6712676376147708,0.624940780334727,0.624940780334727
97.30233704663988,0.6695169232189564,0.6233348302957088,0.6233348302957088
97.75322332163341,0.667766208823142,0.6217288802566906,0.6217288802566906
98.20410959662695,0.6660154944273277,0.6201229302176724,0.6201229302176724
98.65499587162049,0.6642647800315132,0.6185169801786543,0.6185169801786543
99.10588214661402,0.6625140656356988,0.6169110301396361,0.6169110301396361
99.55676842160756,0.6607633512398844,0.6153050801006179,0.6153050801006179
100.0076546966011,0.6590126368440701,0.6136991300615997,0.6136991300615997
100.45854097159463,0.6572619224482557,0.6120931800225816,0.6120931800225816
100.90942724658817,0.6555112080524413,0.6104872299835634,0.6104872299835634
101.3603135215817,0.6537604936566269,0.6088812799445452,0.6088812799445452
101.81119979657524,0.6520097792608125,0.607275329905527,0.607275329905527
102.26208607156877,0.6502590648649981,0.6056693798665089,0.6056693798665089
102.71297234656231,0.6485083504691839,0.6040634298274907,0.6040634298274907
103.16385862155585,0.6467576360733694,0.6024574797884726,0.6024574797884726
103.61474489654938,0.6450069216775549,0.6008515297494544,0.6008515297494544
104.06563117154292,0.6432562072817406,0.5992455797104362,0.5992455797104362
104.51651744653645,0.6415054928859262,0.597639629671418,0.597639629671418
104.96740372152999,0.6397547784901118,0.5960336796323998,0.5960336796323998
105.41828999652353,0.6380040640942973,0.5944277295933816,0.5944277295933816
105.86917627151706,0.6362533496984831,0.5928217795543635,0.5928217795543635
106.3200625465106,0.6345026353026687,0.5912158295153453,0.5912158295153453
106.77094882150413,0.6327519209068543,0.5896098794763271,0.5896098794763271
107.22183509649767,0.6310012065110399,0.588003929437309,0.588003929437309
107.6727213714912,0.6292504921152254,0.5863979793982909,0.5863979793982909
108.12360764648474,0.627499777719411,0.5847920293592727,0.5847920293592727
108.57449392147828,0.6257490633235966,0.5831860793202543,0.5831860793202543
109.02538019647181,0.6239983489277824,0.5815801292812363,0.5815801292812363
109.47626647146535,0.622247634531968,0.5799741792422181,0.5799741792422181
109.92715274645889,0.6204969201361537,0.5783682292031999,0.5783682292031999
110.37803902145242,0.6187462057403391,0.5767622791641818,0.5767622791641818
110.82892529644596,0.6169954913445247,0.5751563291251636,0.5751563291251636
111.2798115714395,0.6152447769487103,0.5735503790861455,0.5735503790861455
111.73069784643303,0.6134940625528961,0.5719444290471273,0.5719444290471273
112.18158412142657,0.6117433481570816,0.5703384790081091,0.5703384790081091
112.6324703964201,0.6099926337612672,0.5687325289690909,0.5687325289690909
113.08335667141364,0.6082419193654529,0.5671265789300728,0.5671265789300728
113.53424294640718,0.6064912049696384,0.5655206288910546,0.5655206288910546
113.98512922140071,0.604740490573824,0.5639146788520364,0.5639146788520364
114.43601549639425,0.6029897761780095,0.5623087288130182,0.5623087288130182
114.88690177138778,0.6012390617821953,0.5607027787740001,0.5607027787740001
115.33778804638132,0.5994883473863809,0.5590968287349819,0.5590968287349819
115.78867432137486,0.5977376329905666,0.5574908786959637,0.5574908786959637
116.23956059636839,0.5959940577369799,0.5558849286569455,0.5558849286569455
116.69044687136193,0.5942695782499353,0.5544671528721569,0.5544671528721569
117.14133314635546,0.5926627584798376,0.5530856424004785,0.5530856424004785
117.592219421349,0.5910559387097399,0.5517176111318632,0.5517176111318632
118.04310569634254,0.5894491189396422,0.5503495798632481,0.5503495798632481
118.49399197133607,0.5878422991695444,0.5489815485946328,0.5489815485946328
118.94487824632961,0.5862354793994466,0.5476135173260175,0.5476135173260175
119.39576452132314,0.584628659629349,0.5462454860574023,0.5462454860574023
119.84665079631668,0.5830218398592512,0.544877454788787,0.544877454788787
120.29753707131022,0.5814150200891536,0.5435094235201717,0.5435094235201717
120.74842334630375,0.5798082003190558,0.5421413922515564,0.5421413922515564
121.19930962129729,0.578201380548958,0.5407733609829412,0.5407733609829412
121.65019589629082,0.5765945607788602,0.5394053297143259,0.5394053297143259
122.10108217128436,0.5749877410087625,0.5380372984457108,0.5380372984457108
122.5519684462779,0.5733809212386647,0.5366692671770955,0.5366692671770955
123.00285472127143,0.571774101468567,0.5353012359084801,0.5353012359084801
123.45374099626497,0.5701672816984692,0.5339332046398649,0.5339332046398649
123.9046272712585,0.5685604619283714,0.5325651733712496,0.5325651733712496
124.35551354625204,0.5669536421582737,0.5311971421026345,0.5311971421026345
124.80639982124558,0.565346822388176,0.5298291108340191,0.5298291108340191
125.25728609623911,0.5637400026180781,0.5284610795654039,0.5284610795654039
125.70817237123265,0.5621331828479804,0.5270930482967887,0.5270930482967887
126.15905864622619,0.5605263630778826,0.5257250170281733,0.5257250170281733
126.60994492121972,0.5589195433077849,0.5243569857595581,0.5243569857595581
127.06083119621326,0.5573127235376872,0.5229889544909428,0.5229889544909428
127.5117174712068,0.5557059037675894,0.5216209232223277,0.5216209232223277
127.96260374620033,0.5540990839974916,0.5202528919537123,0.5202528919537123
128.41349002119387,0.5524922642273938,0.5188848606850971,0.5188848606850971
128.8643762961874,0.5508854444572963,0.5175168294164818,0.5175168294164818
129.31526257118094,0.5492786246871983,0.5161487981478664,0.5161487981478664
129.76614884617447,0.5476718049171007,0.5147807668792512,0.5147807668792512
130.217035121168,0.5460649851470029,0.5134127356106359,0.5134127356106359
130.66792139616155,0.5444581653769052,0.5120447043420209,0.5120447043420209
131.11880767115508,0.5428513456068073,0.5106766730734055,0.5106766730734055
131.56969394614862,0.5412445258367097,0.5093086418047902,0.5093086418047902
132.02058022114215,0.5396377060666119,0.5079406105361749,0.5079406105361749
132.4714664961357,0.5380308862965141,0.5065725792675598,0.5065725792675598
132.92235277112923,0.5364240665264163,0.5052045479989444,0.5052045479989444
133.37323904612276,0.5348172467563186,0.5038365167303291,0.5038365167303291
133.8241253211163,0.5332104269862209,0.502468485461714,0.502468485461714
134.27501159610983,0.5316036072161231,0.5011004541930987,0.5011004541930987
134.72589787110337,0.5299967874460254,0.49973242292448344,0.49973242292448344
135.1767841460969,0.5283899676759276,0.49836439165586816,0.49836439165586816
135.62767042109044,0.5267831479058299,0.4969963603872529,0.4969963603872529
136.07855669608398,0.525176328135732,0.49562832911863763,0.49562832911863763
136.52944297107751,0.5235695083656343,0.49426029785002235,0.49426029785002235
136.98032924607105,0.5219626885955365,0.49289226658140717,0.49289226658140717
137.4312155210646,0.5203558688254388,0.49152423531279177,0.49152423531279177
137.88210179605812,0.518749049055341,0.4901562040441766,0.4901562040441766
138.33298807105166,0.5171422292852433,0.48878817277556125,0.48878817277556125
138.7838743460452,0.5155354095151455,0.4874201415069462,0.4874201415069462
139.23476062103873,0.5139285897450478,0.4860521102383308,0.4860521102383308
139.68564689603227,0.51232176997495,0.4846840789697155,0.4846840789697155
140.1365331710258,0.5107149502048524,0.48331604770110026,0.48331604770110026
140.58741944601934,0.5091081304347546,0.4819480164324851,0.4819480164324851
141.03830572101288,0.5075013106646568,0.4805799851638698,0.4805799851638698
141.4891919960064,0.505894490894559,0.4792119538952545,0.4792119538952545
141.94007827099995,0.5042876711244613,0.4778439226266393,0.4778439226266393
142.39096454599348,0.5026808513543636,0.476475891358024,0.476475891358024
142.84185082098702,0.5010740315842658,0.4751078600894087,0.4751078600894087
143.29273709598056,0.49946721181416803,0.47373982882079346,0.47373982882079346
143.7436233709741,0.4978603920440703,0.4723717975521782,0.4723717975521782
144.19450964596763,0.49625357227397243,0.471003766283563,0.471003766283563
144.64539592096116,0.4946467525038748,0.4696357350149477,0.4696357350149477
145.0962821959547,0.49303993273377705,0.4682677037463325,0.4682677037463325
145.54716847094824,0.4914331129636793,0.4668996724777172,0.4668996724777172
145.99805474594177,0.48982629319358145,0.4655316412091019,0.4655316412091019
146.4489410209353,0.48821947342348376,0.4641636099404866,0.4641636099404866
146.89982729592884,0.486612653653386,0.4627955786718714,0.4627955786718714
147.35071357092238,0.4850058338832883,0.4614275474032561,0.4614275474032561
147.80159984591592,0.48339901411319053,0.4600595161346408,0.4600595161346408
148.25248612090945,0.4817921943430928,0.4586914848660256,0.4586914848660256
148.703372395903,0.48018537457299504,0.4573234535974104,0.4573234535974104
149.15425867089652,0.4785785548028972,0.4559554223287951,0.4559554223287951
149.60514494589006,0.47697173503279955,0.4545873910601798,0.4545873910601798
150.0560312208836,0.4753649152627018,0.4532193597915645,0.4532193597915645
150.50691749587713,0.47377982246112293,0.45198538863398924,0.45198538863398924
150.95780377087067,0.472481339652933,0.4508249270736008,0.4508249270736008
151.4086900458642,0.4712216590270053,0.4497035902529023,0.4497035902529023
151.85957632085774,0.46997457524854164,0.4485822534322038,0.4485822534322038
152.31046259585128,0.468727491470078,0.44746091661150533,0.44746091661150533
152.7613488708448,0.4674804076916144,0.44633957979080685,0.44633957979080685
153.21223514583835,0.46623332391315075,0.4452182429701083,0.4452182429701083
153.66312142083189,0.4649862401346871,0.44409690614940983,0.44409690614940983
154.11400769582542,0.46373915635622337,0.44297556932871135,0.44297556932871135
154.56489397081896,0.46249207257775976,0.44185423250801287,0.44185423250801287
155.0157802458125,0.4612449887992961,0.4407328956873143,0.4407328956873143
155.46666652080603,0.4599979050208325,0.4396115588666158,0.4396115588666158
155.91755279579957,0.4587508212423688,0.43849022204591726,0.43849022204591726
156.3684390707931,0.4575037374639052,0.4373688852252188,0.4373688852252188
156.81932534578664,0.4562566536854415,0.4362475484045203,0.4362475484045203
157.27021162078017,0.4550095699069779,0.4351262115838217,0.4351262115838217
157.7210978957737,0.4537624861285142,0.4340048747631232,0.4340048747631232
158.17198417076725,0.4525154023500506,0.4328835379424248,0.4328835379424248
158.62287044576078,0.45126831857158695,0.4317622011217263,0.4317622011217263
159.07375672075432,0.45002123479312334,0.4306408643010278,0.4306408643010278
159.52464299574785,0.4487741510146596,0.42951952748032923,0.42951952748032923
159.9755292707414,0.447527067236196,0.42839819065963075,0.42839819065963075
160.42641554573493,0.44627998345773234,0.42727685383893227,0.42727685383893227
160.87730182072846,0.44503289967926873,0.42615551701823373,0.42615551701823373
161.328188095722,0.44378581590080507,0.42503418019753525,0.42503418019753525
161.77907437071553,0.44253873212234146,0.42391284337683666,0.42391284337683666
162.22996064570907,0.4412916483438778,0.4227915065561382,0.4227915065561382
162.6808469207026,0.44004456456541413,0.4216701697354397,0.4216701697354397
163.13173319569614,0.43879748078695047,0.42054883291474127,0.42054883291474127
163.58261947068968,0.43755039700848686,0.4194274960940428,0.4194274960940428
164.03350574568321,0.4363033132300232,0.4183061592733443,0.4183061592733443
164.48439202067675,0.4350562294515596,0.4171848224526457,0.4171848224526457
164.9352782956703,0.4338091456730959,0.4160634856319472,0.4160634856319472
165.38616457066382,0.43256206189463225,0.4149421488112487,0.4149421488112487
165.83705084565736,0.4313149781161686,0.4138208119905502,0.4138208119905502
166.2879371206509,0.430067894337705,0.4126994751698516,0.4126994751698516
166.73882339564443,0.4288208105592413,0.41157813834915313,0.41157813834915313
167.18970967063797,0.4275737267807777,0.41045680152845465,0.41045680152845465
167.6405959456315,0.42632664300231404,0.40933546470775617,0.40933546470775617
168.09148222062504,0.4250795592238504,0.40821412788705774,0.40821412788705774
168.54236849561858,0.4238324754453867,0.4070927910663592,0.4070927910663592
168.9932547706121,0.4225853916669231,0.4059714542456606,0.4059714542456606
169.44414104560565,0.42133830788845944,0.40485011742496213,0.40485011742496213
169.89502732059918,0.42009122410999583,0.40372878060426365,0.40372878060426365
170.34591359559272,0.41884414033153217,0.40260744378356517,0.40260744378356517
170.79679987058626,0.4175970565530685,0.4014861069628667,0.4014861069628667
171.2476861455798,0.41634997277460484,0.4003647701421682,0.4003647701421682
171.69857242057333,0.41510288899614123,0.3992434333214696,0.3992434333214696
172.14945869556686,0.41385580521767756,0.3981220965007711,0.3981220965007711
172.6003449705604,0.41260872143921395,0.39700075968007265,0.39700075968007265
173.05123124555394,0.4113616376607503,0.39587942285937416,0.39587942285937416
173.50211752054747,0.4101145538822867,0.3947580860386756,0.3947580860386756
173.953003795541,0.40886747010382296,0.39363674921797714,0.39363674921797714
174.40389007053454,0.40762038632535935,0.39251541239727866,0.39251541239727866
174.85477634552808,0.4063733025468957,0.3913940755765801,0.3913940755765801
175.30566262052162,0.4051262187684321,0.39027273875588164,0.39027273875588164
175.75654889551515,0.4038791349899684,0.3891514019351831,0.3891514019351831
176.2074351705087,0.4026320512115048,0.3880300651144846,0.3880300651144846
176.65832144550222,0.4013849674330411,0.3869087282937861,0.3869087282937861
177.10920772049576,0.4001378836545775,0.38578739147308755,0.38578739147308755
177.5600939954893,0.39889079987611387,0.3846660546523891,0.3846660546523891
178.01098027048283,0.3976437160976502,0.3835447178316906,0.3835447178316906
178.46186654547637,0.39639663231918654,0.38242338101099205,0.38242338101099205
178.9127528204699,0.395149548540723,0.38130204419029357,0.38130204419029357
179.36363909546344,0.39390246476225926,0.38018070736959503,0.38018070736959503
179.81452537045698,0.3926553809837956,0.3790593705488966,0.3790593705488966
180.2654116454505,0.391408297205332,0.37793803372819806,0.37793803372819806
180.71629792044405,0.3901612134268684,0.3768166969074996,0.3768166969074996
181.16718419543759,0.3889141296484047,0.3756953600868011,0.3756953600868011
181.61807047043112,0.3876670458699411,0.37457402326610256,0.37457402326610256
182.06895674542466,0.3864199620914774,0.373452686445404,0.373452686445404
182.5198430204182,0.3851728783130138,0.37233134962470554,0.37233134962470554
182.97072929541173,0.3839257945345501,0.37121001280400706,0.37121001280400706
183.42161557040527,0.3826787107560865,0.3700886759833086,0.3700886759833086
183.8725018453988,0.38143162697762284,0.36896733916261004,0.36896733916261004
184.32338812039234,0.38019983330066137,0.3678460023419115,0.3678460023419115
184.77427439538587,0.3791338499827108,0.366724665521213,0.366724665521213
185.2251606703794,0.37816833728481514,0.36560332870051454,0.36560332870051454
185.67604694537295,0.3772330246208292,0.36448199187981606,0.36448199187981606
186.12693322036648,0.3762977119568432,0.3633606550591175,0.3633606550591175
186.57781949536002,0.3753623992928573,0.36223931823841904,0.36223931823841904
187.02870577035355,0.3744270866288715,0.3611179814177205,0.3611179814177205
187.4795920453471,0.3734917739648855,0.359996644597022,0.359996644597022
187.93047832034063,0.37255646130089953,0.35887530777632354,0.35887530777632354
188.38136459533416,0.37162114863691365,0.35775397095562494,0.35775397095562494
188.8322508703277,0.37068583597292765,0.35663263413492646,0.35663263413492646
189.28313714532123,0.3697505233089418,0.355511297314228,0.355511297314228
189.73402342031477,0.3688152106449558,0.3543899604935295,0.3543899604935295
190.1849096953083,0.3678798979809699,0.35326862367283096,0.35326862367283096
190.63579597030184,0.36694458531698404,0.3521472868521325,0.3521472868521325
191.08668224529538,0.36600927265299804,0.351025950031434,0.351025950031434
191.53756852028891,0.36507395998901215,0.34990461321073546,0.34990461321073546
191.98845479528245,0.3641386473250262,0.348783276390037,0.348783276390037
192.439341070276,0.3632033346610403,0.34766193956933844,0.34766193956933844
192.89022734526952,0.3622680219970543,0.34654060274863996,0.34654060274863996
193.34111362026306,0.3613327093330684,0.3454192659279415,0.3454192659279415
193.7919998952566,0.3603973966690825,0.34429792910724294,0.34429792910724294
194.24288617025013,0.3594620840050966,0.34317659228654446,0.34317659228654446
194.69377244524367,0.35852677134111066,0.3420552554658459,0.3420552554658459
195.1446587202372,0.3575914586771248,0.34093391864514744,0.34093391864514744
195.59554499523074,0.35665614601313883,0.33981258182444896,0.33981258182444896
196.04643127022428,0.35572083334915283,0.3386912450037504,0.3386912450037504
196.4973175452178,0.35478552068516694,0.33756990818305194,0.33756990818305194
196.94820382021135,0.35385020802118106,0.33644857136235345,0.33644857136235345
197.39909009520488,0.3529148953571951,0.3353272345416549,0.3353272345416549
197.84997637019842,0.35197958269320917,0.3342058977209563,0.3342058977209563
198.30086264519196,0.3510442700292232,0.33308456090025784,0.33308456090025784
198.7517489201855,0.35010895736523734,0.33196322407955936,0.33196322407955936
199.20263519517903,0.34917364470125134,0.3308418872588609,0.3308418872588609
199.65352147017256,0.3482383320372655,0.3297205504381624,0.3297205504381624
200.1044077451661,0.34730301937327956,0.3285992136174639,0.3285992136174639
200.55529402015964,0.3463677067092936,0.3274778767967654,0.3274778767967654
201.00618029515317,0.3454323940453077,0.3263565399760669,0.3263565399760669
201.4570665701467,0.3444970813813217,0.32523520315536836,0.32523520315536836
201.90795284514024,0.34356176871733585,0.32411386633466993,0.32411386633466993
202.35883912013378,0.34262645605334996,0.32299252951397145,0.32299252951397145
202.80972539512732,0.34169114338936396,0.3218711926932729,0.3218711926932729
203.26061167012085,0.3407558307253781,0.3207498558725744,0.3207498558725744
203.7114979451144,0.33982051806139213,0.31962851905187584,0.31962851905187584
204.16238422010792,0.3388852053974062,0.31850718223117735,0.31850718223117735
204.61327049510146,0.3379498927334203,0.3173858454104789,0.3173858454104789
205.064156770095,0.33701458006943436,0.31626450858978034,0.31626450858978034
205.51504304508853,0.3360792674054484,0.31514317176908185,0.31514317176908185
205.96592932008207,0.3351439547414626,0.3140218349483833,0.3140218349483833
206.4168155950756,0.3342086420774766,0.31290049812768483,0.31290049812768483
206.86770187006914,0.33327332941349064,0.3117791613069863,0.3117791613069863
207.31858814506268,0.3323380167495047,0.3106578244862878,0.3106578244862878
207.7694744200562,0.3314027040855188,0.30953648766558933,0.30953648766558933
208.22036069504975,0.33046739142153286,0.30841515084489074,0.30841515084489074
208.67124697004328,0.329532078757547,0.3072938140241923,0.3072938140241923
209.12213324503682,0.328596766093561,0.3061724772034938,0.3061724772034938
209.57301952003036,0.3276614534295751,0.3050511403827953,0.3050511403827953
210.0239057950239,0.32672614076558915,0.3039298035620968,0.3039298035620968
210.47479207001743,0.32579082810160326,0.3028084667413983,0.3028084667413983
210.92567834501097,0.3248555154376173,0.3016871299206998,0.3016871299206998
211.3765646200045,0.32392020277363137,0.3005657931000013,0.3005657931000013
211.82745089499804,0.32298489010964543,0.29944445627930283,0.29944445627930283
212.27833716999157,0.32204957744565954,0.29832311945860435,0.29832311945860435
212.7292234449851,0.3211142647816736,0.29744178749800854,0.29744178749800854
213.18010971997865,0.32017895211768765,0.2966632330092093,0.2966632330092093
213.63099599497218,0.31924363945370177,0.29593163405212947,0.29593163405212947
214.08188226996572,0.3183083267897158,0.29520003509504955,0.29520003509504955
214.53276854495925,0.3173730141257298,0.29446843613796964,0.29446843613796964
214.9836548199528,0.316437701461744,0.29373683718088983,0.29373683718088983
215.43454109494633,0.31550238879775805,0.2930052382238099,0.2930052382238099
215.88542736993986,0.3145670761337721,0.29227363926673006,0.29227363926673006
216.3363136449334,0.3136317634697862,0.29154204030965014,0.29154204030965014
216.78719991992693,0.3126964508058003,0.2908104413525703,0.2908104413525703
217.23808619492047,0.31176113814181433,0.2900788423954904,0.2900788423954904
217.688972469914,0.31082582547782844,0.2893472434384105,0.2893472434384105
218.13985874490754,0.30989626332758485,0.2886156444813307,0.2886156444813307
218.59074501990108,0.3090193952022595,0.2878840455242508,0.2878840455242508
219.04163129489461,0.30824697045450744,0.2871524465671709,0.2871524465671709
219.49251756988815,0.3075035169322632,0.286420847610091,0.286420847610091
219.9434038448817,0.30676006341001893,0.28568924865301115,0.28568924865301115
220.39429011987522,0.3060166098877746,0.2849576496959313,0.2849576496959313
220.84517639486876,0.30527315636553043,0.2842260507388514,0.2842260507388514
221.2960626698623,0.3045297028432862,0.2834944517817715,0.2834944517817715
221.74694894485583,0.30378624932104187,0.2827628528246916,0.2827628528246916
222.19783521984937,0.3030427957987976,0.2820312538676118,0.2820312538676118
222.6487214948429,0.3022993422765533,0.2812996549105319,0.2812996549105319
223.09960776983644,0.3015558887543091,0.280568055953452,0.280568055953452
223.55049404482997,0.30081243523206486,0.27983645699637216,0.27983645699637216
224.0013803198235,0.30006898170982055,0.27910485803929225,0.27910485803929225
224.45226659481705,0.2993255281875763,0.2783732590822124,0.2783732590822124
224.90315286981058,0.2985820746653321,0.2776416601251325,0.2776416601251325
225.35403914480412,0.2978386211430878,0.2769100611680526,0.2769100611680526
225.80492541979766,0.29709516762084354,0.2761784622109727,0.2761784622109727
226.2558116947912,0.2963517140985993,0.27544686325389284,0.27544686325389284
226.70669796978473,0.295608260576355,0.27471526429681303,0.27471526429681303
227.15758424477826,0.2948648070541108,0.2739836653397331,0.2739836653397331
227.6084705197718,0.2941213535318665,0.27325206638265326,0.27325206638265326
228.05935679476534,0.2933779000096222,0.27252046742557334,0.27252046742557334
228.51024306975887,0.29263444648737796,0.27178886846849354,0.27178886846849354
228.9611293447524,0.2918909929651337,0.27105726951141357,0.27105726951141357
229.41201561974594,0.29114753944288946,0.27032567055433376,0.27032567055433376
229.86290189473948,0.2904040859206452,0.26959407159725385,0.26959407159725385
230.31378816973302,0.28966063239840095,0.26886247264017393,0.26886247264017393
230.76467444472655,0.28891717887615664,0.2681308736830941,0.2681308736830941
231.2155607197201,0.28817372535391245,0.2673992747260142,0.2673992747260142
231.66644699471362,0.28743027183166814,0.26666767576893435,0.26666767576893435
232.11733326970716,0.2866868183094238,0.26593607681185444,0.26593607681185444
232.5682195447007,0.2859433647871796,0.26520447785477463,0.26520447785477463
233.01910581969423,0.28519991126493527,0.2644728788976947,0.2644728788976947
233.46999209468777,0.284456457742691,0.26374127994061486,0.26374127994061486
233.9208783696813,0.28371300422044676,0.26300968098353494,0.26300968098353494
234.37176464467484,0.28296955069820245,0.2622780820264551,0.2622780820264551
234.82265091966838,0.28222609717595826,0.2615464830693752,0.2615464830693752
235.2735371946619,0.281482643653714,0.2608148841122953,0.2608148841122953
235.72442346965545,0.2807391901314697,0.2600832851552155,0.2600832851552155
236.17530974464898,0.27999573660922544,0.2593516861981356,0.2593516861981356
236.62619601964252,0.2792522830869812,0.25862008724105573,0.25862008724105573
237.07708229463606,0.27850882956473694,0.2578884882839758,0.2578884882839758
237.5279685696296,0.2777653760424927,0.25715688932689595,0.25715688932689595
237.97885484462313,0.27702192252024843,0.2564252903698161,0.2564252903698161
238.42974111961666,0.2762784689980041,0.25569369141273623,0.25569369141273623
238.8806273946102,0.27553501547575987,0.25496209245565626,0.25496209245565626
239.33151366960374,0.2747915619535157,0.25423049349857646,0.25423049349857646
239.78239994459727,0.27404810843127136,0.25349889454149654,0.25349889454149654
240.2332862195908,0.2733046549090271,0.2527672955844167,0.2527672955844167
240.68417249458435,0.2725612013867828,0.25203569662733677,0.25203569662733677
241.13505876957788,0.2718177478645386,0.2513040976702569,0.2513040976702569
241.58594504457142,0.27107429434229435,0.2505724987131771,0.2505724987131771
242.03683131956495,0.27033084082005004,0.2498408997560972,0.2498408997560972
242.4877175945585,0.2695873872978058,0.2491093007990173,0.2491093007990173
242.93860386955203,0.26884393377556154,0.24837770184193741,0.24837770184193741
243.38949014454556,0.26810048025331734,0.24764610288485753,0.24764610288485753
243.8403764195391,0.2673570267310731,0.24691450392777764,0.24691450392777764
244.29126269453263,0.2666135732088288,0.2461829049706978,0.2461829049706978
244.74214896952617,0.2658701196865845,0.24545130601361792,0.24545130601361792
245.1930352445197,0.2651266661643403,0.24471970705653806,0.24471970705653806
245.64392151951324,0.264383212642096,0.24398810809945817,0.24398810809945817
246.09480779450678,0.26363975911985177,0.24325650914237829,0.24325650914237829
246.5456940695003,0.26289630559760746,0.2425890945855806,0.2425890945855806
246.99658034449385,0.2621528520753632,0.24197733046465233,0.24197733046465233
247.4474666194874,0.26140939855311895,0.24140632650233323,0.24140632650233323
247.89835289448092,0.2606659450308747,0.2408353225400141,0.2408353225400141
248.34923916947446,0.2599224915086304,0.24026431857769498,0.24026431857769498
248.800125444468,0.25917903798638614,0.23969331461537577,0.23969331461537577
249.25101171946153,0.25843558446414194,0.23912231065305664,0.23912231065305664
249.70189799445507,0.25769213094189763,0.2385513066907375,0.2385513066907375
250.1527842694486,0.2569486774196534,0.23798030272841836,0.23798030272841836
250.60367054444214,0.25620522389740913,0.23740929876609923,0.23740929876609923
251.05455681943567,0.2554617703751648,0.23683829480378002,0.23683829480378002
251.5054430944292,0.2547183168529206,0.2362672908414609,0.2362672908414609
251.95632936942275,0.2539753982129322,0.2356962868791418,0.2356962868791418
252.40721564441628,0.2532367052726161,0.2351252829168226,0.2351252829168226
252.85810191940982,0.25262798521544133,0.23455427895450345,0.23455427895450345
253.30898819440336,0.2520524083985383,0.23398327499218433,0.23398327499218433
253.7598744693969,0.2514768315816352,0.2334122710298652,0.2334122710298652
254.21076074439043,0.25090125476473224,0.23284126706754604,0.23284126706754604
254.66164701938396,0.25032567794782923,0.23227026310522686,0.23227026310522686
255.1125332943775,0.24975010113092616,0.23169925914290776,0.23169925914290776
255.56341956937104,0.24917452431402315,0.23112825518058858,0.23112825518058858
256.01430584436457,0.24859894749712008,0.23055725121826942,0.23055725121826942
256.4651921193581,0.24802337068021704,0.2299862472559503,0.2299862472559503
256.91607839435164,0.24744779386331403,0.22941524329363117,0.22941524329363117
257.3669646693452,0.24687221704641096,0.228844239331312,0.228844239331312
257.8178509443387,0.24629664022950795,0.22827323536899288,0.22827323536899288
258.26873721933225,0.2457210634126049,0.22770223140667373,0.22770223140667373
258.7196234943258,0.24514548659570184,0.22713122744435454,0.22713122744435454
259.1705097693193,0.24456990977879883,0.22656022348203542,0.22656022348203542
259.62139604431286,0.24399433296189577,0.22598921951971626,0.22598921951971626
260.0722823193064,0.24341875614499278,0.22541821555739713,0.22541821555739713
260.52316859429993,0.24284317932808971,0.22484721159507798,0.22484721159507798
260.97405486929347,0.24226760251118665,0.22427620763275885,0.22427620763275885
261.424941144287,0.24169202569428364,0.2237052036704397,0.2237052036704397
261.87582741928054,0.2411164488773806,0.2231341997081205,0.2231341997081205
262.3267136942741,0.24054087206047758,0.22256319574580138,0.22256319574580138
262.7775999692676,0.23996529524357452,0.22199219178348223,0.22199219178348223
263.22848624426115,0.2393897184266715,0.2214211878211631,0.2214211878211631
263.6793725192547,0.23881414160976847,0.22085018385884395,0.22085018385884395
264.1302587942482,0.2382385647928654,0.22027917989652482,0.22027917989652482
264.58114506924176,0.2376629879759624,0.2197081759342057,0.2197081759342057
265.0320313442353,0.23708741115905935,0.21913717197188654,0.21913717197188654
265.48291761922883,0.23651183434215634,0.21856616800956735,0.21856616800956735
265.93380389422236,0.23593625752525332,0.21799516404724825,0.21799516404724825
266.3846901692159,0.23536068070835023,0.21742416008492907,0.21742416008492907
266.83557644420944,0.23478510389144722,0.2168531561226099,0.2168531561226099
267.286462719203,0.23420952707454415,0.21628215216029079,0.21628215216029079
267.7373489941965,0.23363395025764114,0.21571114819797166,0.21571114819797166
268.18823526919005,0.23305837344073813,0.2151401442356525,0.2151401442356525
268.6391215441836,0.23248279662383503,0.21456914027333332,0.21456914027333332
269.0900078191771,0.23190721980693205,0.21399813631101422,0.21399813631101422
269.54089409417065,0.23133164299002898,0.21342713234869504,0.21342713234869504
269.9917803691642,0.23075606617312594,0.2128561283863759,0.2128561283863759
270.4426666441577,0.23018048935622293,0.21228512442405675,0.21228512442405675
270.89355291915126,0.2296049125393199,0.21171412046173763,0.21171412046173763
271.3444391941448,0.22902933572241682,0.21114311649941847,0.21114311649941847
271.79532546913833,0.2284537589055138,0.21057211253709934,0.21057211253709934
272.24621174413187,0.2278781820886108,0.2100011085747802,0.2100011085747802
272.6970980191254,0.22730260527170773,0.209430104612461,0.209430104612461
273.14798429411894,0.2267270284548047,0.20885910065014188,0.20885910065014188
273.5988705691125,0.22615145163790168,0.20828809668782272,0.20828809668782272
274.049756844106,0.22557587482099864,0.2077170927255036,0.2077170927255036
274.50064311909955,0.2250002980040956,0.20714608876318444,0.20714608876318444
274.9515293940931,0.22442472118719256,0.2065750848008653,0.2065750848008653
275.4024156690866,0.22384914437028952,0.20600408083854616,0.20600408083854616
275.85330194408016,0.22327356755338648,0.20543307687622703,0.20543307687622703
276.3041882190737,0.22269799073648344,0.20486207291390784,0.20486207291390784
276.75507449406723,0.22212241391958043,0.2042910689515887,0.2042910689515887
277.20596076906077,0.2215468371026774,0.20372006498926953,0.20372006498926953
277.6568470440543,0.22097126028577432,0.2031490610269504,0.2031490610269504
278.10773331904784,0.2203956834688713,0.20257805706463125,0.20257805706463125
278.5586195940414,0.21982010665196827,0.20200705310231212,0.20200705310231212
279.0095058690349,0.21924452983506523,0.20143604913999297,0.20143604913999297
279.46039214402845,0.2186689530181622,0.2008650451776738,0.2008650451776738
279.911278419022,0.21809337620125915,0.20029404121535466,0.20029404121535466
280.3621646940155,0.21751779938435611,0.19974185873234546,0.19974185873234546
280.81305096900905,0.21694222256745307,0.19923729569430568,0.19923729569430568
281.2639372440026,0.21636664575055004,0.19877335505917748,0.19877335505917748
281.7148235189961,0.21579106893364702,0.19830941442404917,0.19830941442404917
282.16570979398966,0.21521549211674398,0.19784547378892092,0.19784547378892092
282.6165960689832,0.21463991529984092,0.19738153315379267,0.19738153315379267
283.06748234397674,0.21406433848293788,0.19691759251866445,0.19691759251866445
283.51836861897027,0.21348876166603487,0.1964536518835362,0.1964536518835362
283.9692548939638,0.21291318484913185,0.19598971124840792,0.19598971124840792
284.42014116895734,0.2123376080322288,0.1955257706132797,0.1955257706132797
284.8710274439509,0.21176203121532575,0.19506182997815144,0.19506182997815144
285.3219137189444,0.21118645439842273,0.1945978893430232,0.1945978893430232
285.77279999393795,0.2106108775815197,0.19413394870789494,0.19413394870789494
286.2236862689315,0.21003530076461663,0.1936700080727667,0.1936700080727667
286.674572543925,0.20952260608622877,0.19320606743763843,0.19320606743763843
287.12545881891856,0.20903724847678554,0.19274212680251018,0.19274212680251018
287.5763450939121,0.20856479592457008,0.19227818616738193,0.19227818616738193
288.02723136890563,0.20809234337235463,0.19181424553225368,0.19181424553225368
288.47811764389917,0.20761989082013918,0.1913503048971254,0.1913503048971254
288.9290039188927,0.20714743826792367,0.19088636426199718,0.19088636426199718
289.37989019388624,0.20667498571570822,0.1904224236268689,0.1904224236268689
289.8307764688798,0.20620253316349277,0.18995848299174067,0.18995848299174067
290.2816627438733,0.20573008061127732,0.18949454235661242,0.18949454235661242
290.73254901886685,0.20525762805906184,0.18903060172148417,0.18903060172148417
291.1834352938604,0.20478517550684638,0.1885666610863559,0.1885666610863559
291.6343215688539,0.20431272295463093,0.1881027204512277,0.1881027204512277
292.08520784384746,0.20384027040241545,0.18763877981609942,0.18763877981609942
292.536094118841,0.2033678178502,0.18717483918097116,0.18717483918097116
292.98698039383453,0.20289536529798455,0.18671089854584288,0.18671089854584288
293.43786666882806,0.20242291274576907,0.18624695791071466,0.18624695791071466
293.8887529438216,0.2019504601935536,0.1857830172755864,0.1857830172755864
294.33963921881514,0.20147800764133814,0.18531907664045816,0.18531907664045816
294.7905254938087,0.20100555508912268,0.1848551360053299,0.1848551360053299
295.2414117688022,0.2005331025369072,0.18439119537020163,0.18439119537020163
295.69229804379574,0.20006064998469172,0.18392725473507338,0.18392725473507338
296.1431843187893,0.19958819743247627,0.18346331409994515,0.18346331409994515
296.5940705937828,0.19911574488026082,0.18299937346481687,0.18299937346481687
297.04495686877635,0.19864329232804537,0.18253543282968865,0.18253543282968865
297.4958431437699,0.1981708397758299,0.1820714921945604,0.1820714921945604
297.9467294187634,0.19769838722361444,0.18160755155943212,0.18160755155943212
298.39761569375696,0.19722593467139898,0.1811436109243039,0.1811436109243039
298.8485019687505,0.1967534821191835,0.18067967028917561,0.18067967028917561
299.29938824374403,0.19628102956696805,0.1802157296540474,0.1802157296540474
299.75027451873757,0.19580857701475257,0.1797517890189191,0.1797517890189191
300.2011607937311,0.19533612446253712,0.1792878483837909,0.1792878483837909
300.65204706872464,0.19486367191032164,0.1788239077486626,0.1788239077486626
301.1029333437182,0.1943912193581062,0.17835996711353436,0.17835996711353436
301.5538196187117,0.19391876680589074,0.17789602647840613,0.17789602647840613
302.00470589370525,0.19344631425367528,0.17743208584327785,0.17743208584327785
302.4555921686988,0.19297386170145978,0.1769681452081496,0.1769681452081496
302.9064784436923,0.19250140914924432,0.17650420457302138,0.17650420457302138
303.35736471868586,0.19202895659702887,0.17604026393789313,0.17604026393789313
303.8082509936794,0.1915565040448134,0.17557632330276488,0.17557632330276488
304.25913726867293,0.19108405149259794,0.1751123826676366,0.1751123826676366
304.71002354366647,0.1906115989403825,0.17464844203250837,0.17464844203250837
305.16090981866,0.19013914638816704,0.1741845013973801,0.1741845013973801
305.61179609365354,0.18966669383595156,0.17372056076225187,0.17372056076225187
306.0626823686471,0.18919424128373608,0.1732566201271236,0.1732566201271236
306.5135686436406,0.18872178873152062,0.17279267949199537,0.17279267949199537
306.96445491863415,0.18824933617930517,0.1723287388568671,0.1723287388568671
307.4153411936277,0.1877768836270897,0.17186479822173886,0.17186479822173886
307.8662274686212,0.18730443107487424,0.17140085758661058,0.17140085758661058
308.31711374361475,0.18683197852265876,0.17093691695148233,0.17093691695148233
308.7680000186083,0.1863595259704433,0.17047297631635408,0.17047297631635408
309.2188862936018,0.18588707341822783,0.17000903568122583,0.17000903568122583
309.66977256859536,0.18541462086601238,0.16954509504609758,0.16954509504609758
310.1206588435889,0.18494216831379692,0.16908115441096935,0.16908115441096935
310.57154511858243,0.18446971576158144,0.1686172137758411,0.1686172137758411
311.02243139357597,0.183997263209366,0.16815327314071282,0.16815327314071282
311.4733176685695,0.18352481065715054,0.16768933250558457,0.16768933250558457
311.92420394356304,0.1830523581049351,0.16722539187045635,0.16722539187045635
312.3750902185566,0.1825799055527196,0.1667614512353281,0.1667614512353281
312.8259764935501,0.18210745300050413,0.16629751060019984,0.16629751060019984
313.27686276854365,0.18163500044828867,0.16583356996507156,0.16583356996507156
313.7277490435372,0.18116254789607322,0.16536962932994334,0.16536962932994334
314.1786353185307,0.18069009534385774,0.1649056886948151,0.1649056886948151
314.62952159352426,0.1802176427916423,0.16449509628254008,0.16449509628254008
315.0804078685178,0.17974519023942684,0.16413271454878378,0.16413271454878378
315.53129414351133,0.17927273768721136,0.16377583720134756,0.16377583720134756
315.98218041850487,0.17880028513499588,0.16341895985391133,0.16341895985391133
316.4330666934984,0.17832783258278043,0.16306208250647508,0.16306208250647508
316.88395296849194,0.17785538003056497,0.16270520515903888,0.16270520515903888
317.3348392434855,0.1773829274783495,0.16234832781160266,0.16234832781160266
317.785725518479,0.17691047492613404,0.1619914504641664,0.1619914504641664
318.23661179347255,0.1764380223739186,0.16163457311673018,0.16163457311673018
318.6874980684661,0.1759655698217031,0.161277695769294,0.161277695769294
319.1383843434596,0.17549311726948763,0.1609208184218577,0.1609208184218577
319.58927061845316,0.17502066471727218,0.16056394107442148,0.16056394107442148
320.0401568934467,0.17454821216505673,0.1602070637269853,0.1602070637269853
320.4910431684402,0.17413459399779257,0.15985018637954904,0.15985018637954904
320.94192944343376,0.17377349819420912,0.1594933090321128,0.1594933090321128
321.3928157184273,0.17345097684841956,0.1591364316846766,0.1591364316846766
321.84370199342084,0.17312845550262995,0.15877955433724036,0.15877955433724036
322.2945882684144,0.17280593415684034,0.15842267698980414,0.15842267698980414
322.7454745434079,0.17248341281105078,0.15806579964236792,0.15806579964236792
323.19636081840144,0.1721608914652612,0.1577089222949317,0.1577089222949317
323.647247093395,0.17183837011947162,0.15735204494749547,0.15735204494749547
324.0981333683885,0.171515848773682,0.15699516760005924,0.15699516760005924
324.54901964338205,0.17119332742789242,0.156638290252623,0.156638290252623
324.9999059183756,0.17087080608210284,0.1562814129051868,0.1562814129051868
325.4507921933691,0.17054828473631325,0.15592453555775057,0.15592453555775057
325.90167846836266,0.17022576339052367,0.15556765821031435,0.15556765821031435
326.3525647433562,0.16990324204473406,0.1552107808628781,0.1552107808628781
326.80345101834973,0.16958072069894448,0.15485390351544187,0.15485390351544187
327.25433729334327,0.1692581993531549,0.15449702616800565,0.15449702616800565
327.7052235683368,0.1689356780073653,0.1541401488205694,0.1541401488205694
328.15610984333034,0.16861315666157572,0.1537832714731332,0.1537832714731332
328.6069961183239,0.1682906353157861,0.15342639412569697,0.15342639412569697
329.0578823933174,0.16796811396999653,0.15306951677826072,0.15306951677826072
329.50876866831095,0.16764559262420695,0.1527126394308245,0.1527126394308245
329.9596549433045,0.16732307127841736,0.1523557620833883,0.1523557620833883
330.410541218298,0.16700054993262778,0.15199888473595205,0.15199888473595205
330.86142749329156,0.1666780285868382,0.15164200738851583,0.15164200738851583
331.3123137682851,0.16635550724104858,0.1512851300410796,0.1512851300410796
331.76320004327863,0.166032985895259,0.15092825269364338,0.15092825269364338
332.21408631827217,0.16571046454946942,0.15057137534620715,0.15057137534620715
332.6649725932657,0.16538794320367983,0.15021449799877093,0.15021449799877093
333.11585886825924,0.16506542185789025,0.1498576206513347,0.1498576206513347
333.5667451432528,0.16474290051210067,0.14950074330389848,0.14950074330389848
334.0176314182463,0.16442037916631105,0.14914386595646226,0.14914386595646226
334.46851769323985,0.16409785782052147,0.148786988609026,0.148786988609026
334.9194039682334,0.1637753364747319,0.14843011126158978,0.14843011126158978
335.3702902432269,0.1634528151289423,0.14807323391415356,0.14807323391415356
335.82117651822045,0.1631302937831527,0.1477163565667173,0.1477163565667173
336.272062793214,0.1628077724373631,0.1473594792192811,0.1473594792192811
336.7229490682075,0.16248525109157352,0.14700260187184488,0.14700260187184488
337.17383534320106,0.16216272974578394,0.14664572452440863,0.14664572452440863
337.6247216181946,0.16184020839999436,0.14628884717697244,0.14628884717697244
338.07560789318813,0.16151768705420474,0.1459319698295362,0.1459319698295362
338.52649416818167,0.16119516570841516,0.14557509248209996,0.14557509248209996
338.9773804431752,0.16087264436262558,0.14521821513466374,0.14521821513466374
339.42826671816874,0.160550123016836,0.14486133778722754,0.14486133778722754
339.8791529931623,0.1602276016710464,0.1445044604397913,0.1445044604397913
340.3300392681558,0.15990508032525683,0.14414758309235506,0.14414758309235506
340.78092554314935,0.15958255897946722,0.14379070574491884,0.14379070574491884
341.2318118181429,0.15926003763367763,0.14343382839748262,0.14343382839748262
341.6826980931364,0.15893751628788805,0.1430769510500464,0.1430769510500464
342.13358436812996,0.15861499494209846,0.14272007370261017,0.14272007370261017
342.5844706431235,0.15829247359630888,0.14236319635517392,0.14236319635517392
343.03535691811703,0.1579699522505193,0.1420063190077377,0.1420063190077377
343.48624319311057,0.15764743090472969,0.14164944166030147,0.14164944166030147
343.9371294681041,0.1573249095589401,0.14129256431286524,0.14129256431286524
344.38801574309764,0.15700238821315052,0.14093568696542902,0.14093568696542902
344.8389020180912,0.15667986686736093,0.1405788096179928,0.1405788096179928
345.2897882930847,0.15635734552157132,0.14022193227055654,0.14022193227055654
345.74067456807825,0.15603482417578174,0.13986505492312035,0.13986505492312035
346.1915608430718,0.15571230282999218,0.13950817757568412,0.13950817757568412
346.6424471180653,0.15538978148420257,0.13915130022824787,0.13915130022824787
347.09333339305886,0.155067260138413,0.13879442288081165,0.13879442288081165
347.5442196680524,0.15474473879262338,0.13843754553337545,0.13843754553337545
347.9951059430459,0.15442221744683376,0.1380806681859392,0.1380806681859392
348.44599221803946,0.1540996961010442,0.1377559201327732,0.1377559201327732
348.896878493033,0.15377717475525463,0.13746481941539315,0.13746481941539315
349.34776476802654,0.153454653409465,0.13719716145296662,0.13719716145296662
349.7986510430201,0.15313213206367546,0.13692950349054012,0.13692950349054012
350.2495373180136,0.15280961071788582,0.1366618455281136,0.1366618455281136
350.70042359300714,0.15248708937209626,0.13639418756568705,0.13639418756568705
351.1513098680007,0.15216456802630665,0.13612652960326058,0.13612652960326058
351.6021961429942,0.1518420466805171,0.13585887164083402,0.13585887164083402
352.05308241798775,0.1515195253347275,0.1355912136784075,0.1355912136784075
352.5039686929813,0.1511970039889379,0.13532355571598098,0.13532355571598098
352.9548549679748,0.1508744826431483,0.13505589775355448,0.13505589775355448
353.40574124296836,0.1505519612973587,0.13478823979112795,0.13478823979112795
353.8566275179619,0.15022943995156915,0.1345205818287014,0.1345205818287014
354.30751379295543,0.14990691860577954,0.1342529238662749,0.1342529238662749
354.75840006794897,0.14958439725998993,0.1339852659038484,0.1339852659038484
355.2092863429425,0.14926187591420034,0.13371760794142185,0.13371760794142185
355.66017261793604,0.1489393545684108,0.1334499499789953,0.1334499499789953
356.1110588929296,0.14861683322262118,0.13318229201656884,0.13318229201656884
356.5619451679231,0.1482943118768316,0.1329146340541423,0.1329146340541423
357.01283144291665,0.147971790531042,0.13264697609171577,0.13264697609171577
357.4637177179102,0.1476492691852524,0.13237931812928927,0.13237931812928927
357.9146039929037,0.1473267478394628,0.13211166016686274,0.13211166016686274
358.36549026789726,0.14700422649367323,0.1318440022044362,0.1318440022044362
358.8163765428908,0.14668170514788367,0.1315763442420097,0.1315763442420097
359.26726281788433,0.14635918380209406,0.13130868627958317,0.13130868627958317
359.71814909287787,0.14603666245630445,0.13104102831715667,0.13104102831715667
360.1690353678714,0.1457141411105149,0.1307733703547301,0.1307733703547301
360.61992164286494,0.14539161976472528,0.1305057123923036,0.1305057123923036
361.0708079178585,0.1450690984189357,0.13023805442987707,0.13023805442987707
361.521694192852,0.14474657707314612,0.12997039646745057,0.12997039646745057
361.97258046784555,0.14442405572735653,0.12970273850502406,0.12970273850502406
362.4234667428391,0.14410153438156692,0.12943508054259753,0.12943508054259753
362.8743530178326,0.14377901303577734,0.129167422580171,0.129167422580171
363.32523929282615,0.14345649168998775,0.12889976461774447,0.12889976461774447
363.7761255678197,0.14313397034419817,0.12863210665531796,0.12863210665531796
364.2270118428132,0.14281144899840856,0.12836444869289146,0.12836444869289146
364.67789811780676,0.14248892765261897,0.12809679073046493,0.12809679073046493
365.1287843928003,0.14216640630682942,0.12782913276803842,0.12782913276803842
365.57967066779383,0.1418438849610398,0.12756147480561186,0.12756147480561186
366.03055694278737,0.14152136361525022,0.12729381684318533,0.12729381684318533
366.4814432177809,0.14119884226946064,0.12702615888075883,0.12702615888075883
366.93232949277444,0.14087632092367103,0.12675850091833232,0.12675850091833232
367.383215767768,0.14055379957788144,0.1264908429559058,0.1264908429559058
367.8341020427615,0.14023127823209186,0.12622318499347926,0.12622318499347926
368.28498831775505,0.1399087568863023,0.12595552703105273,0.12595552703105273
368.7358745927486,0.1395862355405127,0.12568786906862622,0.12568786906862622
369.1867608677421,0.13926371419472308,0.12542021110619972,0.12542021110619972
369.63764714273566,0.13894119284893353,0.12515255314377322,0.12515255314377322
370.0885334177292,0.13861867150314391,0.12488489518134666,0.12488489518134666
370.53941969272273,0.13829615015735433,0.12461723721892014,0.12461723721892014
370.99030596771627,0.13797362881156475,0.1243495792564936,0.1243495792564936
371.4411922427098,0.13765110746577516,0.1240819212940671,0.1240819212940671
371.89207851770334,0.13732858611998558,0.12381426333164058,0.12381426333164058
372.3429647926969,0.13700606477419597,0.12354660536921405,0.12354660536921405
372.7938510676904,0.1366835434284064,0.12327894740678753,0.12327894740678753
373.24473734268395,0.1363610220826168,0.12301128944436103,0.12301128944436103
373.6956236176775,0.1360385007368272,0.12274363148193447,0.12274363148193447
374.146509892671,0.1357159793910376,0.12247597351950798,0.12247597351950798
374.59739616766456,0.13539345804524805,0.12220831555708145,0.12220831555708145
375.0482824426581,0.13507093669945844,0.12194065759465492,0.12194065759465492
375.4991687176516,0.13474841535366885,0.1216729996322284,0.1216729996322284
375.95005499264516,0.1344258940078793,0.12140534166980187,0.12140534166980187
376.4009412676387,0.1341033726620897,0.12113768370737536,0.12113768370737536
376.85182754263224,0.1337808513163001,0.12087002574494884,0.12087002574494884
377.3027138176258,0.1334583299705105,0.12060236778252231,0.12060236778252231
377.7536000926193,0.13313580862472094,0.12033470982009581,0.12033470982009581
378.20448636761284,0.13281328727893132,0.12006705185766929,0.12006705185766929
378.6553726426064,0.13249076593314174,0.11979939389524275,0.11979939389524275
379.1062589175999,0.13216824458735216,0.11953173593281621,0.11953173593281621
379.55714519259345,0.13184572324156257,0.11926407797038971,0.11926407797038971
380.008031467587,0.13152320189577296,0.11899642000796319,0.11899642000796319
380.4589177425805,0.13120068054998338,0.11872876204553666,0.11872876204553666
380.90980401757406,0.1308781592041938,0.11846110408311016,0.11846110408311016
381.3606902925676,0.1305556378584042,0.11819344612068364,0.11819344612068364
381.81157656756113,0.1302331165126146,0.1179257881582571,0.1179257881582571
382.26246284255467,0.12991059516682504,0.11766832368678541,0.11766832368678541
382.7133491175482,0.12958807382103543,0.11742605698409936,0.11742605698409936
383.16423539254174,0.12926555247524582,0.11720598269902804,0.11720598269902804
383.6151216675353,0.12894303112945626,0.11698590841395679,0.11698590841395679
384.0660079425288,0.12862050978366665,0.11676583412888548,0.11676583412888548
384.51689421752235,0.12829798843787707,0.1165457598438142,0.1165457598438142
384.9677804925159,0.12797546709208746,0.11632568555874291,0.11632568555874291
385.4186667675094,0.1276529457462979,0.11610561127367162,0.11610561127367162
385.86955304250296,0.12733042440050832,0.11588553698860034,0.11588553698860034
386.3204393174965,0.1270079030547187,0.11566546270352905,0.11566546270352905
386.77132559249003,0.12668538170892912,0.11544538841845775,0.11544538841845775
387.22221186748357,0.12636286036313954,0.11522531413338646,0.11522531413338646
387.6730981424771,0.12604033901734993,0.11500523984831518,0.11500523984831518
388.12398441747064,0.12571781767156034,0.11478516556324392,0.11478516556324392
388.5748706924642,0.1253952963257708,0.11456509127817262,0.11456509127817262
389.0257569674577,0.12507750968815515,0.11434501699310136,0.11434501699310136
389.47664324245125,0.12477635644664554,0.11412494270803004,0.11412494270803004
389.9275295174448,0.12455032596233033,0.11390486842295876,0.11390486842295876
390.3784157924383,0.12433208657779203,0.11368479413788748,0.11368479413788748
390.82930206743185,0.12411384719325373,0.1134647198528162,0.1134647198528162
391.2801883424254,0.12389560780871543,0.11324464556774491,0.11324464556774491
391.7310746174189,0.1236773684241771,0.11302457128267362,0.11302457128267362
392.18196089241246,0.1234591290396388,0.11280449699760234,0.11280449699760234
392.632847167406,0.12324088965510048,0.11258442271253105,0.11258442271253105
393.08373344239953,0.12302265027056221,0.11236434842745975,0.11236434842745975
393.53461971739307,0.12280441088602388,0.11214427414238846,0.11214427414238846
393.9855059923866,0.12258617150148558,0.11192419985731718,0.11192419985731718
394.43639226738014,0.12236793211694728,0.11170412557224592,0.11170412557224592
394.8872785423737,0.12214969273240897,0.11148405128717462,0.11148405128717462
395.3381648173672,0.12193145334787067,0.11126397700210332,0.11126397700210332
395.78905109236075,0.12171321396333237,0.11104390271703204,0.11104390271703204
396.2399373673543,0.12149497457879405,0.11082382843196076,0.11082382843196076
396.6908236423478,0.12127673519425575,0.11060375414688947,0.11060375414688947
397.14170991734136,0.12105849580971745,0.11038367986181818,0.11038367986181818
397.5925961923349,0.12084025642517915,0.11016360557674688,0.11016360557674688
398.04348246732843,0.12062201704064085,0.1099435312916756,0.1099435312916756
398.49436874232197,0.12040377765610252,0.10972345700660431,0.10972345700660431
398.9452550173155,0.12018553827156422,0.10950338272153305,0.10950338272153305
399.39614129230904,0.1199672988870259,0.10928330843646174,0.10928330843646174
399.8470275673026,0.1197490595024876,0.10906323415139046,0.10906323415139046
400.2979138422961,0.1195308201179493,0.10884315986631918,0.10884315986631918
400.74880011728965,0.119312580733411,0.10862308558124789,0.10862308558124789
401.1996863922832,0.1190943413488727,0.10840301129617662,0.10840301129617662
401.6505726672767,0.11887610196433437,0.10818293701110532,0.10818293701110532
402.10145894227026,0.11865786257979608,0.10796286272603405,0.10796286272603405
402.5523452172638,0.11843962319525779,0.10774278844096276,0.10774278844096276
403.0032314922573,0.11822138381071946,0.10752271415589147,0.10752271415589147
403.45411776725086,0.11800314442618119,0.10730263987082019,0.10730263987082019
403.9050040422444,0.11778490504164287,0.10708256558574888,0.10708256558574888
404.35589031723794,0.11756666565710457,0.1068624913006776,0.1068624913006776
404.8067765922315,0.11734842627256627,0.10664241701560631,0.10664241701560631
405.257662867225,0.11713018688802794,0.10642234273053502,0.10642234273053502
405.70854914221854,0.11691194750348964,0.10620226844546374,0.10620226844546374
406.1594354172121,0.11669370811895131,0.10598219416039245,0.10598219416039245
406.6103216922056,0.11647546873441304,0.10576211987532118,0.10576211987532118
407.06120796719915,0.11625722934987474,0.10554204559024989,0.10554204559024989
407.5120942421927,0.11603898996533642,0.10532197130517858,0.10532197130517858
407.9629805171862,0.1158207505807981,0.10510189702010732,0.10510189702010732
408.41386679217976,0.11560251119625979,0.10488182273503602,0.10488182273503602
408.8647530671733,0.11538427181172149,0.10466174844996473,0.10466174844996473
409.31563934216683,0.1151660324271832,0.10444167416489344,0.10444167416489344
409.76652561716037,0.1149477930426449,0.10422159987982216,0.10422159987982216
410.2174118921539,0.1147295536581066,0.10400152559475087,0.10400152559475087
410.66829816714744,0.11451131427356828,0.10378145130967958,0.10378145130967958
411.119184442141,0.11429307488902997,0.10356137702460831,0.10356137702460831
411.5700707171345,0.11407483550449168,0.103341302739537,0.103341302739537
412.02095699212805,0.11385659611995337,0.10312122845446574,0.10312122845446574
412.4718432671216,0.11363835673541506,0.10290115416939445,0.10290115416939445
412.9227295421151,0.11342011735087676,0.10268107988432315,0.10268107988432315
413.37361581710866,0.11320187796633845,0.10246100559925189,0.10246100559925189
413.8245020921022,0.11298363858180015,0.10224093131418058,0.10224093131418058
414.27538836709573,0.11276539919726183,0.10202085702910932,0.10202085702910932
414.72627464208927,0.11254715981272352,0.10180078274403802,0.10180078274403802
415.1771609170828,0.11232892042818521,0.10158070845896672,0.10158070845896672
415.62804719207634,0.11211068104364691,0.10136063417389544,0.10136063417389544
416.0789334670699,0.11189244165910861,0.10114236232280038,0.10114236232280038
416.5298197420634,0.11167420227457031,0.10093233082886961,0.10093233082886961
416.98070601705695,0.111455962890032,0.10074199634629163,0.10074199634629163
417.4315922920505,0.1112377235054937,0.10055166186371366,0.10055166186371366
417.882478567044,0.11101948412095539,0.10036132738113569,0.10036132738113569
418.33336484203755,0.11080124473641709,0.10017099289855771,0.10017099289855771
418.7842511170311,0.11058300535187879,0.09998065841597974,0.09998065841597974
419.2351373920246,0.11036476596734048,0.09979032393340177,0.09979032393340177
419.68602366701816,0.11014652658280218,0.0995999894508238,0.0995999894508238
420.1369099420117,0.10992828719826386,0.09940965496824582,0.09940965496824582
420.58779621700523,0.10971004781372556,0.09921932048566784,0.09921932048566784
421.03868249199877,0.10949180842918725,0.09902898600308987,0.09902898600308987
421.4895687669923,0.10927356904464894,0.09883865152051191,0.09883865152051191
421.94045504198584,0.10905532966011065,0.09864831703793393,0.09864831703793393
422.3913413169794,0.10883709027557234,0.09845798255535597,0.09845798255535597
422.8422275919729,0.10861885089103404,0.09826764807277799,0.09826764807277799
423.29311386696645,0.10840061150649573,0.0980773135902,0.0980773135902
423.74400014196,0.1082110555584955,0.09788697910762202,0.09788697910762202
424.1948864169535,0.10802544313618144,0.09769664462504406,0.09769664462504406
424.64577269194706,0.10784077907479245,0.0975063101424661,0.0975063101424661
425.0966589669406,0.10765611501340346,0.09731597565988812,0.09731597565988812
425.54754524193413,0.10747145095201448,0.09712564117731014,0.09712564117731014
425.99843151692767,0.10728678689062549,0.09693530669473217,0.09693530669473217
426.4493177919212,0.1071021228292365,0.0967449722121542,0.0967449722121542
426.90020406691474,0.10691745876784751,0.09655463772957623,0.09655463772957623
427.3510903419083,0.10673279470645854,0.09636430324699825,0.09636430324699825
427.8019766169018,0.10654813064506954,0.09617396876442029,0.09617396876442029
428.25286289189535,0.10636346658368055,0.09598363428184231,0.09598363428184231
428.7037491668889,0.10617880252229157,0.09579329979926435,0.09579329979926435
429.1546354418824,0.1059941384609026,0.09560296531668636,0.09560296531668636
429.60552171687596,0.10580947439951359,0.09541263083410838,0.09541263083410838
430.0564079918695,0.10562481033812461,0.09522229635153041,0.09522229635153041
430.507294266863,0.10544014627673563,0.09503196186895245,0.09503196186895245
430.95818054185656,0.10525548221534665,0.09484162738637447,0.09484162738637447
431.4090668168501,0.10507081815395766,0.0946512929037965,0.0946512929037965
431.85995309184364,0.10488615409256866,0.09446095842121853,0.09446095842121853
432.3108393668372,0.10470149003117969,0.09427062393864055,0.09427062393864055
432.7617256418307,0.1045168259697907,0.09408028945606259,0.09408028945606259
433.21261191682424,0.10433216190840171,0.09388995497348461,0.09388995497348461
433.6634981918178,0.10414749784701273,0.09369962049090663,0.09369962049090663
434.1143844668113,0.10396283378562372,0.09350928600832867,0.09350928600832867
434.56527074180485,0.10377816972423476,0.0933189515257507,0.0933189515257507
435.0161570167984,0.10359350566284578,0.09312861704317271,0.09312861704317271
435.4670432917919,0.10340884160145679,0.09293828256059473,0.09293828256059473
435.91792956678546,0.10322417754006781,0.09274794807801676,0.09274794807801676
436.368815841779,0.1030395134786788,0.09255761359543879,0.09255761359543879
436.81970211677253,0.10285484941728981,0.09236727911286083,0.09236727911286083
437.27058839176607,0.10267018535590085,0.09217694463028285,0.09217694463028285
437.7214746667596,0.10248552129451186,0.09198661014770487,0.09198661014770487
438.17236094175314,0.10230085723312288,0.09179627566512691,0.09179627566512691
438.6232472167467,0.10211619317173387,0.09160594118254893,0.09160594118254893
439.0741334917402,0.10193152911034489,0.09141560669997095,0.09141560669997095
439.52501976673375,0.10174686504895591,0.09122527221739299,0.09122527221739299
439.9759060417273,0.10156220098756692,0.09103493773481501,0.09103493773481501
440.4267923167208,0.10137753692617794,0.09084460325223703,0.09084460325223703
440.87767859171436,0.10119287286478895,0.09065426876965907,0.09065426876965907
441.3285648667079,0.10100820880339996,0.09046393428708109,0.09046393428708109
441.77945114170143,0.100823544742011,0.09027359980450311,0.09027359980450311
442.23033741669497,0.10063888068062199,0.09008326532192515,0.09008326532192515
442.6812236916885,0.10045421661923301,0.08989293083934717,0.08989293083934717
443.13210996668204,0.10026955255784402,0.08970259635676921,0.08970259635676921
443.5829962416756,0.10008488849645504,0.08951226187419123,0.08951226187419123
444.0338825166691,0.09990022443506605,0.08932192739161327,0.08932192739161327
444.48476879166265,0.09971556037367707,0.08913159290903529,0.08913159290903529
444.9356550666562,0.09953089631228808,0.08894125842645731,0.08894125842645731
445.3865413416497,0.09934623225089909,0.08875092394387935,0.08875092394387935
445.83742761664325,0.09916156818951011,0.08856058946130137,0.08856058946130137
446.2883138916368,0.09897690412812112,0.08837025497872339,0.08837025497872339
446.7392001666303,0.09879224006673214,0.08817992049614543,0.08817992049614543
447.19008644162386,0.09860757600534316,0.08798958601356745,0.08798958601356745
447.6409727166174,0.09842291194395415,0.08779925153098947,0.08779925153098947
448.09185899161093,0.09823824788256517,0.0876089170484115,0.0876089170484115
448.54274526660447,0.0980535838211762,0.08741858256583353,0.08741858256583353
448.993631541598,0.09786891975978722,0.08722824808325556,0.08722824808325556
449.44451781659154,0.09768425569839823,0.0870379136006776,0.0870379136006776
449.8954040915851,0.09749959163700923,0.08684757911809962,0.08684757911809962
450.3462903665786,0.09731492757562024,0.08666669044789578,0.08666669044789578
450.79717664157215,0.09713026351423126,0.08651087344393833,0.08651087344393833
451.2480629165657,0.09694559945284227,0.08636187646386986,0.08636187646386986
451.6989491915592,0.0967609353914533,0.08621317767636093,0.08621317767636093
452.14983546655276,0.0965762713300643,0.08606447888885198,0.08606447888885198
452.6007217415463,0.09639160726867532,0.08591578010134301,0.08591578010134301
453.05160801653983,0.09620694320728633,0.08576708131383409,0.08576708131383409
453.50249429153337,0.09602227914589734,0.08561838252632514,0.08561838252632514
453.9533805665269,0.09583761508450837,0.08546968373881621,0.08546968373881621
454.40426684152044,0.09565295102311938,0.08532098495130726,0.08532098495130726
454.855153116514,0.09546828696173038,0.08517228616379832,0.08517228616379832
455.3060393915075,0.09528362290034141,0.08502358737628937,0.08502358737628937
455.75692566650105,0.0950989588389524,0.08487488858878041,0.08487488858878041
456.2078119414946,0.09491429477756344,0.08472618980127147,0.08472618980127147
456.6586982164881,0.09472963071617445,0.08457749101376254,0.08457749101376254
457.10958449148166,0.09454496665478544,0.0844287922262536,0.0844287922262536
457.5604707664752,0.09437491239906587,0.08428009343874465,0.08428009343874465
458.0113570414687,0.09421104848549444,0.08413139465123572,0.08413139465123572
458.46224331646226,0.0940503667983711,0.08398269586372677,0.08398269586372677
458.9131295914558,0.09388968511124778,0.0838339970762178,0.0838339970762178
459.36401586644934,0.09372900342412442,0.08368529828870887,0.08368529828870887
459.8149021414429,0.09356832173700108,0.08353659950119992,0.08353659950119992
460.2657884164364,0.09340764004987775,0.08338790071369098,0.08338790071369098
460.71667469142994,0.09324695836275441,0.08323920192618205,0.08323920192618205
461.1675609664235,0.09308627667563106,0.08309050313867311,0.08309050313867311
461.618447241417,0.09292559498850772,0.08294180435116416,0.08294180435116416
462.06933351641055,0.09276491330138438,0.0827931055636552,0.0827931055636552
462.5202197914041,0.09260423161426103,0.08264440677614626,0.08264440677614626
462.9711060663976,0.0924435499271377,0.08249570798863731,0.08249570798863731
463.42199234139116,0.09228286824001436,0.08234700920112839,0.08234700920112839
463.8728786163847,0.09212218655289102,0.08219831041361943,0.08219831041361943
464.32376489137823,0.09196150486576767,0.08204961162611049,0.08204961162611049
464.77465116637177,0.09180082317864434,0.08190091283860156,0.08190091283860156
465.2255374413653,0.091640141491521,0.08175221405109259,0.08175221405109259
465.67642371635884,0.09147945980439764,0.08160351526358366,0.08160351526358366
466.1273099913524,0.0913187781172743,0.0814548164760747,0.0814548164760747
466.5781962663459,0.09115809643015096,0.08130611768856577,0.08130611768856577
467.02908254133945,0.09099741474302764,0.08115741890105682,0.08115741890105682
467.479968816333,0.09083673305590428,0.08100872011354789,0.08100872011354789
467.9308550913265,0.09067605136878096,0.08086002132603895,0.08086002132603895
468.38174136632006,0.0905153696816576,0.08071132253852999,0.08071132253852999
468.8326276413136,0.09035468799453428,0.08056262375102105,0.08056262375102105
469.28351391630713,0.09019400630741092,0.0804139249635121,0.0804139249635121
469.73440019130067,0.0900333246202876,0.08026522617600317,0.08026522617600317
470.1852864662942,0.08987264293316423,0.08011652738849422,0.08011652738849422
470.63617274128774,0.0897119612460409,0.07996782860098528,0.07996782860098528
471.0870590162813,0.08955127955891756,0.07981912981347634,0.07981912981347634
471.5379452912748,0.08939059787179422,0.07967043102596738,0.07967043102596738
471.98883156626835,0.08922991618467088,0.07952173223845845,0.07952173223845845
472.4397178412619,0.08906923449754754,0.0793730334509495,0.0793730334509495
472.8906041162554,0.08890855281042422,0.07922433466344056,0.07922433466344056
473.34149039124895,0.08874787112330086,0.07907563587593161,0.07907563587593161
473.7923766662425,0.08858718943617754,0.07892693708842267,0.07892693708842267
474.243262941236,0.08842650774905418,0.07877823830091374,0.07877823830091374
474.69414921622956,0.08826582606193085,0.07862953951340478,0.07862953951340478
475.1450354912231,0.08810514437480749,0.07848084072589584,0.07848084072589584
475.59592176621663,0.08794446268768416,0.07833214193838689,0.07833214193838689
476.04680804121017,0.0877837810005608,0.07818344315087795,0.07818344315087795
476.4976943162037,0.08762309931343748,0.078034744363369,0.078034744363369
476.94858059119724,0.08746241762631414,0.07788604557586007,0.07788604557586007
477.3994668661908,0.0873017359391908,0.07773734678835112,0.07773734678835112
477.8503531411843,0.08714105425206746,0.07758864800084217,0.07758864800084217
478.30123941617785,0.08698037256494412,0.07743994921333323,0.07743994921333323
478.7521256911714,0.0868196908778208,0.07729125042582428,0.07729125042582428
479.2030119661649,0.08665900919069744,0.07714255163831533,0.07714255163831533
479.65389824115846,0.08649832750357411,0.0769938528508064,0.0769938528508064
480.104784516152,0.08633764581645074,0.07684515406329746,0.07684515406329746
480.55567079114553,0.08617696412932742,0.07669645527578851,0.07669645527578851
481.00655706613907,0.08601628244220406,0.07654775648827956,0.07654775648827956
481.4574433411326,0.08585560075508074,0.07639905770077063,0.07639905770077063
481.90832961612614,0.08569491906795738,0.07625035891326168,0.07625035891326168
482.3592158911197,0.08553423738083406,0.07610166012575274,0.07610166012575274
482.8101021661132,0.08537355569371072,0.0759529613382438,0.0759529613382438
483.26098844110675,0.08521287400658738,0.07580426255073486,0.07580426255073486
483.7118747161003,0.08505219231946402,0.07565556376322591,0.07565556376322591
484.1627609910938,0.0848915106323407,0.07551064706863227,0.07551064706863227
484.61364726608736,0.08473082894521736,0.07537509804253989,0.07537509804253989
485.0645335410809,0.084570147258094,0.07524989387539742,0.07524989387539742
485.5154198160744,0.08440946557097068,0.07512498691614618,0.07512498691614618
485.96630609106796,0.08424878388384732,0.07500007995689494,0.07500007995689494
486.4171923660615,0.084088102196724,0.0748751729976437,0.0748751729976437
486.86807864105504,0.08392742050960064,0.07475026603839245,0.07475026603839245
487.31896491604857,0.08376673882247732,0.0746253590791412,0.0746253590791412
487.7698511910421,0.08360605713535396,0.07450045211988994,0.07450045211988994
488.22073746603564,0.08344537544823064,0.0743755451606387,0.0743755451606387
488.6716237410292,0.0832846937611073,0.07425063820138747,0.07425063820138747
489.1225100160227,0.08312401207398395,0.07412573124213621,0.07412573124213621
489.57339629101625,0.08296333038686059,0.07400082428288497,0.07400082428288497
490.0242825660098,0.08280264869973726,0.07387591732363373,0.07387591732363373
490.4751688410033,0.08264196701261392,0.07375101036438247,0.07375101036438247
490.92605511599686,0.08248128532549058,0.07362610340513123,0.07362610340513123
491.3769413909904,0.0823291497696496,0.07350119644587999,0.07350119644587999
491.82782766598393,0.08218694838408118,0.07337628948662875,0.07337628948662875
492.27871394097747,0.0820502490631454,0.0732513825273775,0.0732513825273775
492.729600215971,0.08191354974220962,0.07312647556812626,0.07312647556812626
493.18048649096454,0.08177685042127385,0.07300156860887501,0.07300156860887501
493.6313727659581,0.08164015110033807,0.07287666164962377,0.07287666164962377
494.0822590409516,0.08150345177940231,0.07275175469037251,0.07275175469037251
494.53314531594515,0.08136675245846652,0.07262684773112127,0.07262684773112127
494.9840315909387,0.08123005313753076,0.07250194077187003,0.07250194077187003
495.4349178659322,0.08109335381659499,0.07237703381261879,0.07237703381261879
495.88580414092576,0.08095665449565922,0.07225212685336754,0.07225212685336754
496.3366904159193,0.08081995517472344,0.07212721989411629,0.07212721989411629
496.78757669091283,0.08068325585378767,0.07200231293486505,0.07200231293486505
497.23846296590636,0.08054655653285189,0.0718774059756138,0.0718774059756138
497.6893492408999,0.08040985721191611,0.07175249901636255,0.07175249901636255
498.14023551589344,0.08027315789098036,0.07162759205711132,0.07162759205711132
498.591121790887,0.08013645857004457,0.07150268509786008,0.07150268509786008
499.0420080658805,0.07999975924910882,0.07137777813860882,0.07137777813860882
499.49289434087405,0.07986305992817302,0.07125287117935758,0.07125287117935758
499.9437806158676,0.07972636060723727,0.07112796422010632,0.07112796422010632
500.3946668908611,0.07958966128630149,0.07100305726085508,0.07100305726085508
500.84555316585465,0.07945296196536572,0.07087815030160383,0.07087815030160383
501.2964394408482,0.07931626264442995,0.0707532433423526,0.0707532433423526
501.7473257158417,0.07917956332349417,0.07062833638310134,0.07062833638310134
502.19821199083526,0.0790428640025584,0.0705034294238501,0.0705034294238501
502.6490982658288,0.07890616468162262,0.07037852246459886,0.07037852246459886
503.09998454082233,0.07876946536068687,0.07025361550534762,0.07025361550534762
503.55087081581587,0.07863276603975108,0.07012870854609636,0.07012870854609636
504.0017570908094,0.0784960667188153,0.07000380158684512,0.07000380158684512
504.45264336580294,0.07835936739787953,0.06987889462759389,0.06987889462759389
504.9035296407965,0.07822266807694377,0.06975398766834265,0.06975398766834265
505.35441591579,0.078085968756008,0.0696290807090914,0.0696290807090914
505.80530219078355,0.0779492694350722,0.06950417374984014,0.06950417374984014
506.2561884657771,0.07781257011413646,0.06937926679058888,0.06937926679058888
506.7070747407706,0.07767587079320068,0.06925435983133765,0.06925435983133765
507.15796101576416,0.07753917147226491,0.06912945287208641,0.06912945287208641
507.6088472907577,0.07740247215132913,0.06900454591283517,0.06900454591283517
508.05973356575123,0.07726577283039338,0.06887963895358393,0.06887963895358393
508.51061984074477,0.07712907350945758,0.06875473199433269,0.06875473199433269
508.9615061157383,0.07699237418852181,0.06862982503508143,0.06862982503508143
509.41239239073184,0.07685567486758604,0.06850491807583019,0.06850491807583019
509.8632786657254,0.07671897554665026,0.06838001111657895,0.06838001111657895
510.3141649407189,0.07658227622571451,0.06825510415732769,0.06825510415732769
510.76505121571245,0.07644557690477871,0.06813019719807646,0.06813019719807646
511.215937490706,0.07630887758384296,0.06800529023882522,0.06800529023882522
511.6668237656995,0.07617217826290718,0.06788038327957396,0.06788038327957396
512.117710040693,0.07603547894197142,0.06775547632032272,0.06775547632032272
512.5685963156866,0.07589877962103564,0.06763056936107147,0.06763056936107147
513.0194825906801,0.07576208030009986,0.06750566240182022,0.06750566240182022
513.4703688656737,0.07562538097916409,0.06738075544256897,0.06738075544256897
513.9212551406672,0.07548868165822831,0.06725584848331774,0.06725584848331774
514.3721414156607,0.07535198233729255,0.06713094152406648,0.06713094152406648
514.8230276906543,0.07521528301635677,0.06700603456481524,0.06700603456481524
515.2739139656478,0.075078583695421,0.066881127605564,0.066881127605564
515.7248002406413,0.07494188437448522,0.06675622064631276,0.06675622064631276
516.1756865156349,0.07480518505354945,0.0666313136870615,0.0666313136870615
516.6265727906284,0.07466848573261368,0.06650640672781027,0.06650640672781027
517.077459065622,0.0745317864116779,0.06638149976855902,0.06638149976855902
517.5283453406155,0.07439508709074215,0.06625659280930778,0.06625659280930778
517.979231615609,0.07425838776980635,0.06613317302070887,0.06613317302070887
518.4301178906026,0.0741216884488706,0.0660131973146758,0.0660131973146758
518.8810041655961,0.07398498912793482,0.06590595391667435,0.06590595391667435
519.3318904405896,0.07384828980699906,0.06579889082818836,0.06579889082818836
519.7827767155832,0.07371159048606327,0.06569182773970238,0.06569182773970238
520.2336629905767,0.0735748911651275,0.0655847646512164,0.0655847646512164
520.6845492655702,0.07343819184419173,0.0654777015627304,0.0654777015627304
521.1354355405638,0.07330149252325596,0.06537063847424443,0.06537063847424443
521.5863218155573,0.0731647932023202,0.06526357538575846,0.06526357538575846
522.0372080905508,0.07302809388138441,0.06515651229727246,0.06515651229727246
522.4880943655444,0.07289139456044866,0.06504944920878648,0.06504944920878648
522.9389806405379,0.07275469523951288,0.0649423861203005,0.0649423861203005
523.3898669155315,0.07261799591857711,0.06483532303181452,0.06483532303181452
523.840753190525,0.07248129659764133,0.06472825994332855,0.06472825994332855
524.2916394655185,0.07234459727670557,0.06462119685484255,0.06462119685484255
524.7425257405121,0.07220789795576978,0.06451413376635658,0.06451413376635658
525.1934120155056,,0.06440707067787059,
525.6442982904991,,0.0643000075893846,
526.0951845654927,,0.06419294450089863,
526.5460708404862,,0.06408588141241263,
526.9969571154797,,0.06397881832392666,
527.4478433904733,,0.06387175523544067,
527.8987296654668,,0.06376469214695468,
528.3496159404604,,0.06365762905846871,
528.8005022154539,,0.06355056596998272,
529.2513884904474,,0.06344350288149674,
529.702274765441,,0.06333643979301076,
530.1531610404345,,0.06322937670452478,
530.604047315428,,0.06312231361603879,
531.0549335904216,,0.0630152505275528,
531.5058198654151,,0.06290818743906683,
531.9567061404086,,0.06280112435058086,
532.4075924154022,,0.06269406126209486,
532.8584786903957,,0.06258699817360888,
533.3093649653892,,0.0624799350851229,
533.7602512403828,,0.06237287199663691,
534.2111375153763,,0.06226580890815093,
534.6620237903699,,0.06215874581966495,
535.1129100653634,,0.06205168273117896,
535.5637963403569,,0.06194461964269298,
536.0146826153505,,0.06183755655420699,
536.465568890344,,0.061730493465721015,
536.9164551653375,,0.061623430377235035,
537.3673414403311,,0.06151636728874904,
537.8182277153246,,0.06140930420026306,
538.2691139903181,,0.06130224111177708,
538.7200002653117,,0.061195178023291094,
539.1708865403052,,0.061088114934805114,
539.6217728152988,,0.060981051846319134,
540.0726590902923,,0.060873988757833154,
540.5235453652858,,0.06076692566934717,
540.9744316402794,,0.06065986258086119,
541.4253179152729,,0.06055279949237521,
541.8762041902664,,0.060445736403889214,
542.32709046526,,0.060338673315403234,
542.7779767402535,,0.06023161022691727,
543.228863015247,,0.06012454713843127,
543.6797492902406,,0.0600174840499453,
544.1306355652341,,0.05991042096145932,
544.5815218402277,,0.05980335787297332,
545.0324081152212,,0.05969629478448735,
545.4832943902147,,0.05958923169600137,
545.9341806652083,,0.05948216860751538,
546.3850669402018,,0.0593751055190294,
546.8359532151953,,0.059268042430543406,
547.2868394901889,,0.05916097934205743,
547.7377257651824,,0.05905391625357145,
548.1886120401759,,0.058946853165085474,
548.6394983151695,,0.05883979007659948,
549.090384590163,,0.0587327269881135,
549.5412708651565,,0.05862566389962752,
549.9921571401501,,0.05851860081114153,
550.4430434151436,,0.05841153772265555,
550.8939296901372,,0.05830447463416957,
551.3448159651307,,0.058197411545683586,
551.7957022401242,,0.058090348457197606,
552.2465885151178,,0.057983285368711626,
