detuning_from_l0_peak_mhz,detuning_from_l0_peak_fsr,T_l0,T_l9,T_overlap_min
-1224.6585325598717,-0.12350982263047394,0.01566950849739322,0.014985544257820805,0.014985544257820805
-1224.040470302105,-0.12344748953287832,0.01568508842778077,0.015000180232772478,0.015000180232772478
-1223.4224080443382,-0.12338515643528271,0.01570069148235348,0.01501483755098465,0.01501483755098465
-1222.8043457865715,-0.12332282333768708,0.015716317706648397,0.015029516253762061,0.015029516253762061
-1222.1862835288048,-0.12326049024009147,0.015731967146314096,0.015044216382508921,0.015044216382508921
-1221.568221271038,-0.12319815714249585,0.015747639847111007,0.015058937978729144,0.015058937978729144
-1220.9501590132713,-0.12313582404490024,0.01576333585491174,0.015073681084026654,0.015073681084026654
-1220.3320967555046,-0.12307349094730463,0.015779055215701394,0.015088445740105696,0.015088445740105696
-1219.7140344977379,-0.12301115784970901,0.015794797975577927,0.015103231988771088,0.015103231988771088
-1219.0959722399712,-0.1229488247521134,0.015810564180752454,0.015118039871928517,0.015118039871928517
-1218.4779099822044,-0.12288649165451777,0.015826353877549593,0.015132869431584864,0.015132869431584864
-1217.8598477840424,-0.12282415856293344,0.015842167110881652,0.01514772070841517,0.01514772070841517
-1217.2417855262756,-0.12276182546533781,0.015858003930351233,0.015162593747493978,0.015162593747493978
-1216.623723268509,-0.1226994923677422,0.01587386438110159,0.01517748858970222,0.01517748858970222
-1216.0056610107422,-0.1226371592701466,0.015889748509914668,0.015192405277454383,0.015192405277454383
-1215.3875987529755,-0.12257482617255097,0.015905656363687584,0.015207343853267564,0.015207343853267564
-1214.7695364952087,-0.12251249307495536,0.015921587989432988,0.015222304359761792,0.015222304359761792
-1214.151474237442,-0.12245015997735974,0.015937543434279354,0.015237286839660353,0.015237286839660353
-1213.5334119796753,-0.12238782687976413,0.01595352274547136,0.01525229133579004,0.01525229133579004
-1212.9153497219086,-0.1223254937821685,0.015969525970370223,0.015267317891081468,0.015267317891081468
-1212.2972874641418,-0.1222631606845729,0.015985553156454037,0.015282366548569416,0.015282366548569416
-1211.6792252063751,-0.12220082758697728,0.016001604351318106,0.01529743735139306,0.01529743735139306
-1211.0611629486084,-0.12213849448938166,0.01601767960267532,0.015312530342796317,0.015312530342796317
-1210.4431006908417,-0.12207616139178605,0.016033778958356466,0.015327645566128157,0.015327645566128157
-1209.825038433075,-0.12201382829419043,0.016049902466310606,0.01534278306484288,0.01534278306484288
-1209.2069761753082,-0.12195149519659482,0.016066050174605398,0.015357942882500421,0.015357942882500421
-1208.5889139175415,-0.1218891620989992,0.016082222131427484,0.015373125062766698,0.015373125062766698
-1207.9708516597748,-0.12182682900140358,0.016098418385082792,0.01538832964941386,0.01538832964941386
-1207.352789402008,-0.12176449590380796,0.016114638983996926,0.015403556686320657,0.015403556686320657
-1206.7347271442413,-0.12170216280621235,0.016130883976715523,0.015418806217472693,0.015418806217472693
-1206.1166648864746,-0.12163982970861674,0.016147153411904574,0.015434078286962777,0.015434078286962777
-1205.4986026883125,-0.12157749661703239,0.016163447336778273,0.01544937293751514,0.01544937293751514
-1204.8805404305458,-0.12151516351943678,0.01617976580338713,0.015464690216387878,0.015464690216387878
-1204.262478172779,-0.12145283042184116,0.016196108859190247,0.015480030166523343,0.015480030166523343
-1203.6444159150124,-0.12139049732424555,0.01621247655333869,0.015495392832446239,0.015495392832446239
-1203.0263536572456,-0.12132816422664992,0.01622886893510569,0.015510778258790024,0.015510778258790024
-1202.408291399479,-0.12126583112905431,0.016245286053887018,0.015526186490297232,0.015526186490297232
-1201.7902291417122,-0.1212034980314587,0.016261727959201333,0.0155416175718198,0.0155416175718198
-1201.1721668839455,-0.12114116493386308,0.01627819470069055,0.015557071548319385,0.015557071548319385
-1200.5541046261787,-0.12107883183626747,0.016294686328120207,0.015572548464867665,0.015572548464867665
-1199.936042368412,-0.12101649873867185,0.016311202891379852,0.015588048366646682,0.015588048366646682
-1199.3179801106453,-0.12095416564107624,0.016327744440483367,0.015603571298949162,0.015603571298949162
-1198.6999178528786,-0.12089183254348061,0.01634431102556938,0.015619117307178845,0.015619117307178845
-1198.0818555951118,-0.120829499445885,0.01636090269690162,0.015634686436850766,0.015634686436850766
-1197.4637933373451,-0.12076716634828938,0.016377519504869292,0.015650278733591642,0.015650278733591642
-1196.8457310795784,-0.12070483325069377,0.016394161499987438,0.015665894243140178,0.015665894243140178
-1196.2276688218117,-0.12064250015309816,0.016410828732897342,0.015681533011347358,0.015681533011347358
-1195.609606564045,-0.12058016705550254,0.01642752125436687,0.01569719508417683,0.01569719508417683
-1194.9915443062782,-0.12051783395790693,0.01644423911529087,0.0157128805077052,0.0157128805077052
-1194.3734820485115,-0.1204555008603113,0.016460982366691555,0.015728589328122385,0.015728589328122385
-1193.7554197907448,-0.12039316776271569,0.01647775105971887,0.015744321591731916,0.015744321591731916
-1193.1373575925827,-0.12033083467113134,0.016494545244030042,0.015760077343430726,0.015760077343430726
-1192.519295334816,-0.12026850157353573,0.01651136497427083,0.015775856632789517,0.015775856632789517
-1191.9012330770493,-0.12020616847594012,0.016528210300358316,0.015791659504936426,0.015791659504936426
-1191.2831708192825,-0.1201438353783445,0.016545081273957218,0.015807486006632874,0.015807486006632874
-1190.6651085615158,-0.12008150228074889,0.016561977946861917,0.0158233361847556,0.0158233361847556
-1190.047046303749,-0.12001916918315327,0.016578900370996835,0.015839210086296986,0.015839210086296986
-1189.4289840459824,-0.11995683608555766,0.01659584859841684,0.01585510775836542,0.01585510775836542
-1188.8109217882156,-0.11989450298796203,0.01661282268130762,0.015871029248185616,0.015871029248185616
-1188.192859530449,-0.11983216989036642,0.016629822671986073,0.015886974603098965,0.015886974603098965
-1187.5747972726822,-0.11976983679277081,0.016646848622900733,0.015902943870563884,0.015902943870563884
-1186.9567350149155,-0.11970750369517519,0.01666390058663213,0.015918937098156158,0.015918937098156158
-1186.3386727571487,-0.11964517059757958,0.016680978615893186,0.015934954333569288,0.015934954333569288
-1185.720610499382,-0.11958283749998395,0.016698082763529656,0.01595099562461482,0.01595099562461482
-1185.1025482416153,-0.11952050440238834,0.016715213082520473,0.015967061019222732,0.015967061019222732
-1184.4844859838486,-0.11945817130479272,0.016732369625978172,0.01598315056544175,0.01598315056544175
-1183.8664237260818,-0.11939583820719711,0.016749552447149308,0.01599926431143971,0.01599926431143971
-1183.2483614683151,-0.11933350510960149,0.016766761599414842,0.01601540230550392,0.01601540230550392
-1182.6302992105484,-0.11927117201200588,0.016783997136290533,0.016031564596041496,0.016031564596041496
-1182.0122369527817,-0.11920883891441027,0.016801259111427366,0.01604775123157973,0.01604775123157973
-1181.394174695015,-0.11914650581681464,0.016818547578611967,0.016063962260766444,0.016063962260766444
-1180.7761124968529,-0.11908417272523031,0.01683586259009588,0.016080197730803457,0.016080197730803457
-1180.1580502390862,-0.11902183962763468,0.016853204203277836,0.016096457693712138,0.016096457693712138
-1179.5399879813194,-0.11895950653003907,0.01687057247068525,0.016112742196939506,0.016112742196939506
-1178.9219257235527,-0.11889717343244345,0.016887967446651362,0.016129051289619088,0.016129051289619088
-1178.303863465786,-0.11883484033484784,0.016905389185647074,0.016145385021006726,0.016145385021006726
-1177.6858012080193,-0.11877250723725223,0.016922837742281406,0.016161743440480957,0.016161743440480957
-1177.0677389502525,-0.11871017413965661,0.0169403131713019,0.016178126597543373,0.016178126597543373
-1176.4496766924858,-0.118647841042061,0.016957815527595038,0.016194534541819003,0.016194534541819003
-1175.831614434719,-0.11858550794446537,0.016975344866186654,0.016210967323056633,0.016210967323056633
-1175.2135521769524,-0.11852317484686976,0.016992901242242373,0.016227424991129235,0.016227424991129235
-1174.5954899191856,-0.11846084174927414,0.017010484711068027,0.016243907596034297,0.016243907596034297
-1173.977427661419,-0.11839850865167853,0.017028095328110077,0.016260415187894197,0.016260415187894197
-1173.3593654036522,-0.1183361755540829,0.01704573314895604,0.016276947816956603,0.016276947816956603
-1172.7413031458855,-0.1182738424564873,0.01706339822933493,0.016293505533594814,0.016293505533594814
-1172.1232408881187,-0.11821150935889169,0.017081090625117666,0.016310088388308143,0.016310088388308143
-1171.505178630352,-0.11814917626129606,0.017098810392317518,0.016326696431722312,0.016326696431722312
-1170.8871163725853,-0.11808684316370045,0.017116557587090544,0.016343329714589815,0.016343329714589815
-1170.2690541148186,-0.11802451006610483,0.017134332265736008,0.016359988287790294,0.016359988287790294
-1169.6509918570518,-0.11796217696850922,0.017152134484696824,0.01637667220233091,0.01637667220233091
-1169.0329295992851,-0.1178998438709136,0.017169964300560003,0.01639338150934676,0.01639338150934676
-1168.414867401123,-0.11783751077932926,0.017187821768333594,0.016410116258486138,0.016410116258486138
-1167.7968051433563,-0.11777517768173365,0.017205706948338378,0.016426876504368828,0.016426876504368828
-1167.1787428855896,-0.11771284458413803,0.017223619895875442,0.01644366229690332,0.01644366229690332
-1166.5606806278229,-0.11765051148654242,0.017241560668112565,0.016460473687740205,0.016460473687740205
-1165.9426183700562,-0.11758817838894679,0.01725952932236379,0.0164773107286599,0.0164773107286599
-1165.3245561122894,-0.11752584529135118,0.017277525916089918,0.01649417347157307,0.01649417347157307
-1164.7064938545227,-0.11746351219375556,0.017295550506898946,0.016511061968520983,0.016511061968520983
-1164.088431596756,-0.11740117909615995,0.01731360315254651,0.016527976271675928,0.016527976271675928
-1163.4703693389893,-0.11733884599856434,0.01733168391093634,0.01654491643334161,0.01654491643334161
-1162.8523070812225,-0.11727651290096872,0.017349792840120705,0.016561882505953522,0.016561882505953522
-1162.2342448234558,-0.1172141798033731,0.017367929998300887,0.016578874542079375,0.016578874542079375
-1161.616182565689,-0.11715184670577748,0.01738609544382762,0.016595892594419445,0.016595892594419445
-1160.9981203079224,-0.11708951360818187,0.01740428923520155,0.016612936715807037,0.016612936715807037
-1160.3800580501556,-0.11702718051058625,0.017422511431073706,0.01663000695920884,0.01663000695920884
-1159.761995792389,-0.11696484741299064,0.017440762090245945,0.016647103377725323,0.016647103377725323
-1159.1439335346222,-0.11690251431539501,0.017459041271671423,0.016664226024591184,0.016664226024591184
-1158.5258712768555,-0.1168401812177994,0.01747734903445507,0.016681374953175714,0.016681374953175714
-1157.9078090190887,-0.1167778481202038,0.017495685437854035,0.016698550216983212,0.016698550216983212
-1157.289746761322,-0.11671551502260817,0.01751405054127816,0.016715751869653406,0.016715751869653406
-1156.6716845035553,-0.11665318192501256,0.01753244440429046,0.01673297996496185,0.01673297996496185
-1156.0536222457886,-0.11659084882741694,0.017550867086607597,0.016750234556820332,0.016750234556820332
-1155.4355600476265,-0.1165285157358326,0.0175693186463195,0.016767515697609453,0.016767515697609453
-1154.8174977898598,-0.11646618263823698,0.017587799147010367,0.01678482344484784,0.01678482344484784
-1154.199435532093,-0.11640384954064137,0.017606308647082573,0.016802157851193194,0.016802157851193194
-1153.5813732743263,-0.11634151644304576,0.017624847206872064,0.0168195189711064,0.0168195189711064
-1152.9633110165596,-0.11627918334545014,0.017643414886870802,0.016836906859186648,0.016836906859186648
-1152.3452487587929,-0.11621685024785453,0.017662011747727243,0.016854321570171873,0.016854321570171873
-1151.7271865010262,-0.1161545171502589,0.01768063785024684,0.016871763158939148,0.016871763158939148
-1151.1091242432594,-0.11609218405266329,0.017699293255392504,0.01688923168050513,0.01688923168050513
-1150.4910619854927,-0.11602985095506767,0.017717978024285087,0.01690672719002647,0.01690672719002647
-1149.872999727726,-0.11596751785747206,0.017736692218203908,0.016924249742800244,0.016924249742800244
-1149.2549374699593,-0.11590518475987643,0.017755435898587205,0.016941799394264382,0.016941799394264382
-1148.6368752121925,-0.11584285166228082,0.017774209127032623,0.016959376199998086,0.016959376199998086
-1148.0188129544258,-0.11578051856468521,0.01779301196529775,0.016976980215722266,0.016976980215722266
-1147.400750696659,-0.11571818546708959,0.01781184447530057,0.01699461149729997,0.01699461149729997
-1146.7826884388924,-0.11565585236949398,0.01783070671911998,0.017012270100736825,0.017012270100736825
-1146.1646261811256,-0.11559351927189836,0.017849598758996284,0.017029956082181465,0.017029956082181465
-1145.546563923359,-0.11553118617430275,0.01786852065733169,0.01704766949792595,0.01704766949792595
-1144.9285016655922,-0.11546885307670712,0.01788747247669083,0.017065410404406227,0.017065410404406227
-1144.3104394078255,-0.11540651997911151,0.017906454279801226,0.01708317885820257,0.01708317885820257
-1143.6923771500587,-0.1153441868815159,0.017925466129553848,0.017100974916039992,0.017100974916039992
-1143.0743149518967,-0.11528185378993155,0.017944508087165748,0.017118798633068498,0.017118798633068498
-1142.45625269413,-0.11521952069233594,0.017963580219528985,0.017136650069741723,0.017136650069741723
-1141.8381904363632,-0.11515718759474032,0.017982682588192907,0.017154529281504058,0.017154529281504058
-1141.2201281785965,-0.11509485449714471,0.018001815256707264,0.017172436325664,0.017172436325664
-1140.6020659208298,-0.11503252139954909,0.01802097828878776,0.017190371259677012,0.017190371259677012
-1139.984003663063,-0.11497018830195348,0.018040171748316597,0.017208334141146,0.017208334141146
-1139.3659414052963,-0.11490785520435787,0.018059395699343003,0.017226325027821746,0.017226325027821746
-1138.7478791475296,-0.11484552210676224,0.018078650206083728,0.01724434397760338,0.01724434397760338
-1138.1298168897629,-0.11478318900916663,0.018097935332923587,0.017262391048538807,0.017262391048538807
-1137.5117546319962,-0.11472085591157101,0.018117251144415966,0.01728046629882519,0.01728046629882519
-1136.8936923742294,-0.1146585228139754,0.018136597705283378,0.0172985697868094,0.0172985697868094
-1136.2756301164627,-0.11459618971637978,0.01815597508041796,0.01731670157098847,0.01731670157098847
-1135.657567858696,-0.11453385661878417,0.018175383334882,0.01733486171001004,0.01733486171001004
-1135.0395056009293,-0.11447152352118854,0.01819482253390852,0.01735305026267287,0.01735305026267287
-1134.4214433431625,-0.11440919042359293,0.018214292742901747,0.017371267287927258,0.017371267287927258
-1133.8033810853958,-0.11434685732599732,0.01823379402743769,0.017389512844875513,0.017389512844875513
-1133.185318827629,-0.1142845242284017,0.018253326453264655,0.017407786992772442,0.017407786992772442
-1132.5672565698624,-0.11422219113080609,0.018272890086303808,0.0174260897910258,0.0174260897910258
-1131.9491943120956,-0.11415985803321047,0.018292484992649696,0.017444421299196777,0.017444421299196777
-1131.331132054329,-0.11409752493561486,0.018312111238570784,0.017462781577000454,0.017462781577000454
-1130.7130698561668,-0.1140351918440305,0.01833176888861279,0.017481170682531497,0.017481170682531497
-1130.0950075984001,-0.1139728587464349,0.018351458013185173,0.01749958867936102,0.01749958867936102
-1129.4769453406334,-0.11391052564883929,0.01837117867718726,0.017518035625896638,0.017518035625896638
-1128.8588830828667,-0.11384819255124366,0.018390930947588747,0.0175365115824738,0.0175365115824738
-1128.2408208251,-0.11378585945364805,0.018410714891536003,0.017555016609584244,0.017555016609584244
-1127.6227585673332,-0.11372352635605243,0.018430530576352633,0.01757355076787646,0.01757355076787646
-1127.0046963095665,-0.11366119325845682,0.01845037806954004,0.017592114118156216,0.017592114118156216
-1126.3866340517998,-0.1135988601608612,0.018470257438777987,0.017610706721387013,0.017610706721387013
-1125.768571794033,-0.11353652706326559,0.01849016875192515,0.017629328638690583,0.017629328638690583
-1125.1505095362663,-0.11347419396566996,0.018510112077019674,0.017647979931347372,0.017647979931347372
-1124.5324472784996,-0.11341186086807435,0.018530087482279783,0.017666660660797053,0.017666660660797053
-1123.9143850207329,-0.11334952777047874,0.018550095036104285,0.017685370888638998,0.017685370888638998
-1123.2963227629662,-0.11328719467288312,0.01857013480707319,0.017704110676632766,0.017704110676632766
-1122.6782605051994,-0.11322486157528751,0.01859020686394826,0.017722880086698634,0.017722880086698634
-1122.0601982474327,-0.11316252847769188,0.018610311275673596,0.01774167918091807,0.01774167918091807
-1121.442135989666,-0.11310019538009627,0.018630448111376204,0.017760508021534224,0.017760508021534224
-1120.8240737318993,-0.11303786228250065,0.018650617440366564,0.017779366670952465,0.017779366670952465
-1120.2060114741325,-0.11297552918490504,0.018670819332139255,0.01779825519174086,0.01779825519174086
-1119.5879492163658,-0.11291319608730943,0.01869105385637348,0.017817173646630678,0.017817173646630678
-1118.969886958599,-0.11285086298971381,0.018711321082933687,0.01783612209851691,0.01783612209851691
-1118.351824760437,-0.11278852989812947,0.018731621079910884,0.01785510060862708,0.01785510060862708
-1117.7337625026703,-0.11272619680053385,0.018751953921457124,0.017874109243845627,0.017874109243845627
-1117.1157002449036,-0.11266386370293824,0.01877231967603999,0.017893148065732965,0.017893148065732965
-1116.4976379871368,-0.11260153060534261,0.018792718414270763,0.017912217137844074,0.017912217137844074
-1115.8795757293701,-0.112539197507747,0.01881315020694893,0.017931316523900204,0.017931316523900204
-1115.2615134716034,-0.1124768644101514,0.018833615125062764,0.01795044628778942,0.01795044628778942
-1114.6434512138367,-0.11241453131255577,0.01885411323978992,0.017969606493567106,0.017969606493567106
-1114.02538895607,-0.11235219821496016,0.018874644622498066,0.017988797205456503,0.017988797205456503
-1113.4073266983032,-0.11228986511736454,0.018895209344745457,0.018008018487849196,0.018008018487849196
-1112.7892644405365,-0.11222753201976893,0.018915807478281553,0.018027270405305693,0.018027270405305693
-1112.1712021827698,-0.1121651989221733,0.018936439095047632,0.018046553022555926,0.018046553022555926
-1111.553139925003,-0.1121028658245777,0.0189571042671774,0.01806586640449976,0.01806586640449976
-1110.9350776672363,-0.11204053272698207,0.018977803066997607,0.018085210616207575,0.018085210616207575
-1110.3170154094696,-0.11197819962938646,0.018998535567028636,0.01810458572292076,0.01810458572292076
-1109.6989531517029,-0.11191586653179085,0.019019301839985184,0.018123991790052266,0.018123991790052266
-1109.0808908939362,-0.11185353343419523,0.019040101958776808,0.01814342888318713,0.01814342888318713
-1108.4628286361694,-0.11179120033659962,0.019060935996508592,0.018162897068083043,0.018162897068083043
-1107.8447663784027,-0.11172886723900399,0.01908180402648177,0.018182396410670862,0.018182396410670862
-1107.226704120636,-0.11166653414140838,0.019102706122194342,0.01820192697705517,0.01820192697705517
-1106.6086418628693,-0.11160420104381276,0.019123642357341698,0.018221488833514817,0.018221488833514817
-1105.9905796647072,-0.11154186795222842,0.019144612803793273,0.01824108204461243,0.01824108204461243
-1105.3725174069405,-0.11147953485463281,0.019165617539685858,0.01826070668075609,0.01826070668075609
-1104.7544551491737,-0.11141720175703719,0.019186656637290144,0.01828036280686273,0.01828036280686273
-1104.136392891407,-0.11135486865944158,0.01920773017109747,0.018300050489913778,0.018300050489913778
-1103.5183306336403,-0.11129253556184596,0.01922883821579977,0.01831976979706768,0.01831976979706768
-1102.9002683758736,-0.11123020246425035,0.019249980846290187,0.018339520795660466,0.018339520795660466
-1102.2822061181068,-0.11116786936665472,0.019271158137663745,0.01835930355320633,0.01835930355320633
-1101.6641438603401,-0.11110553626905911,0.019292370165217985,0.01837911813739814,0.01837911813739814
-1101.0460816025734,-0.11104320317146349,0.019313617004453637,0.01839896461610807,0.01839896461610807
-1100.4280193448067,-0.11098087007386788,0.01933489873107524,0.01841884305738812,0.01841884305738812
-1099.80995708704,-0.11091853697627227,0.01935621542099182,0.018438753529470685,0.018438753529470685
-1099.1918948292732,-0.11085620387867665,0.019377567150317552,0.018458696100769147,0.018458696100769147
-1098.5738325715065,-0.11079387078108104,0.0193989539953724,0.018478670839878437,0.018478670839878437
-1097.9557703137398,-0.11073153768348541,0.019420376032682804,0.01849867781557561,0.01849867781557561
-1097.337708055973,-0.1106692045858898,0.019441833338982327,0.018518717096820406,0.018518717096820406
-1096.7196457982063,-0.11060687148829418,0.019463325991212345,0.018538788752755872,0.018538788752755872
-1096.1015835404396,-0.11054453839069857,0.019484854066522686,0.018558892852708887,0.018558892852708887
-1095.4835212826729,-0.11048220529310296,0.01950641764227232,0.01857902946619078,0.01857902946619078
-1094.8654590249062,-0.11041987219550733,0.019528016796030064,0.01859919866289792,0.01859919866289792
-1094.2473967671394,-0.11035753909791172,0.019549651605575206,0.01861940051271228,0.01861940051271228
-1093.6293345093727,-0.1102952060003161,0.01957132214889821,0.018639635085702037,0.018639635085702037
-1093.0112723112106,-0.11023287290873177,0.01959302850210638,0.01865990245016604,0.01865990245016604
-1092.393210053444,-0.11017053981113614,0.01961477074780122,0.01868020268045573,0.01868020268045573
-1091.7751477956772,-0.11010820671354053,0.019636548962519262,0.0187005358452485,0.0187005358452485
-1091.1570855379105,-0.11004587361594492,0.019658363225102546,0.018720902015363285,0.018720902015363285
-1090.5390232801437,-0.1099835405183493,0.019680213614607752,0.018741301261808195,0.018741301261808195
-1089.920961022377,-0.10992120742075369,0.019702100210306855,0.01876173365578115,0.01876173365578115
-1089.3028987646103,-0.10985887432315807,0.019724023091687852,0.018782199268670433,0.018782199268670433
-1088.6848365068436,-0.10979654122556246,0.019745982338455474,0.018802698172055335,0.018802698172055335
-1088.0667742490768,-0.10973420812796683,0.019767978030531864,0.018823230437706777,0.018823230437706777
-1087.4487119913101,-0.10967187503037122,0.01979001024805728,0.018843796137587864,0.018843796137587864
-1086.8306497335434,-0.1096095419327756,0.019812079071390837,0.018864395343854555,0.018864395343854555
-1086.2125874757767,-0.10954720883517999,0.0198341845811112,0.01888502812885626,0.01888502812885626
-1085.59452521801,-0.10948487573758438,0.019856326858017286,0.018905694565136445,0.018905694565136445
-1084.9764629602432,-0.10942254263998875,0.019878505983129006,0.018926394725433268,0.018926394725433268
-1084.3584007024765,-0.10936020954239314,0.019900722037687977,0.018947128682680205,0.018947128682680205
-1083.7403384447098,-0.10929787644479752,0.019922975103158234,0.018967896510006667,0.018967896510006667
-1083.122276186943,-0.10923554334720191,0.019945265261226964,0.01898869828073862,0.01898869828073862
-1082.5042139291763,-0.10917321024960629,0.01996759259380525,0.019009534068399232,0.019009534068399232
-1081.8861516714096,-0.10911087715201068,0.019989957183028772,0.019030403946709497,0.019030403946709497
-1081.2680894136429,-0.10904854405441507,0.020012359111258555,0.019051307989588862,0.019051307989588862
-1080.6500272154808,-0.10898621096283072,0.020034798458915905,0.01907224626913498,0.01907224626913498
-1080.031964957714,-0.10892387786523511,0.020057275313142758,0.01909321886370463,0.01909321886370463
-1079.4139026999474,-0.10886154476763948,0.02007978975481842,0.019114225845798874,0.019114225845798874
-1078.7958404421806,-0.10879921167004387,0.020102341867212693,0.019135267290137408,0.019135267290137408
-1078.177778184414,-0.10873687857244825,0.020124931733824455,0.019156343271641594,0.019156343271641594
-1077.5597159266472,-0.10867454547485264,0.02014755943838238,0.019177453865435092,0.019177453865435092
-1076.9416536688805,-0.10861221237725702,0.020170225064845705,0.019198599146844565,0.019198599146844565
-1076.3235914111137,-0.10854987927966141,0.020192928697404994,0.01921977919140027,0.01921977919140027
-1075.705529153347,-0.1084875461820658,0.02021567042048288,0.019240994074836763,0.019240994074836763
-1075.0874668955803,-0.10842521308447017,0.02023845031873485,0.019262243873093526,0.019262243873093526
-1074.4694046378136,-0.10836287998687456,0.020261268477049975,0.019283528662315644,0.019283528662315644
-1073.8513423800468,-0.10830054688927894,0.02028412498055173,0.01930484851885447,0.01930484851885447
-1073.2332801222801,-0.10823821379168333,0.020307019914598715,0.019326203519268274,0.019326203519268274
-1072.6152178645134,-0.1081758806940877,0.020329953364785446,0.01934759374032293,0.01934759374032293
-1071.9971556067467,-0.1081135475964921,0.020352925416943158,0.01936901925899259,0.01936901925899259
-1071.37909334898,-0.10805121449889649,0.02037593615714054,0.01939048015246032,0.01939048015246032
-1070.7610310912132,-0.10798888140130086,0.02039898567168455,0.01941197649811884,0.01941197649811884
-1070.1429688334465,-0.10792654830370525,0.02042207404712119,0.019433508373571134,0.019433508373571134
-1069.5249065756798,-0.10786421520610963,0.0204452013702363,0.019455075856631192,0.019455075856631192
-1068.906844317913,-0.10780188210851402,0.02046836772805634,0.01947667902532464,0.01947667902532464
-1068.288782119751,-0.10773954901692967,0.020491573205609404,0.019498317955800922,0.019498317955800922
-1067.6707198619843,-0.10767721591933406,0.02051481789488138,0.019519992730684683,0.019519992730684683
-1067.0526576042175,-0.10761488282173845,0.02053810188138938,0.019541703426555587,0.019541703426555587
-1066.4345953464508,-0.10755254972414283,0.02056142525313035,0.0195634501222928,0.0195634501222928
-1065.816533088684,-0.10749021662654722,0.02058478809834587,0.019585232896990618,0.019585232896990618
-1065.1984708309174,-0.10742788352895159,0.020608190505522955,0.01960705182995914,0.01960705182995914
-1064.5804085731506,-0.10736555043135598,0.020631632563394883,0.019628907000724997,0.019628907000724997
-1063.962346315384,-0.10730321733376036,0.020655114360941987,0.019650798489032045,0.019650798489032045
-1063.3442840576172,-0.10724088423616475,0.02067863598739252,0.019672726374842058,0.019672726374842058
-1062.7262217998505,-0.10717855113856913,0.020702197532223417,0.019694690738335463,0.019694690738335463
-1062.1081595420837,-0.10711621804097352,0.020725799085161166,0.019716691659912036,0.019716691659912036
-1061.490097284317,-0.1070538849433779,0.02074944073618264,0.019738729220191636,0.019738729220191636
-1060.8720350265503,-0.10699155184578228,0.020773122575515886,0.019760803500014884,0.019760803500014884
-1060.2539727687836,-0.10692921874818667,0.020796844693641,0.01978291458044393,0.01978291458044393
-1059.6359105110168,-0.10686688565059105,0.02082060718129095,0.01980506254276315,0.01980506254276315
-1059.0178482532501,-0.10680455255299544,0.02084441012945244,0.019827247468479862,0.019827247468479862
-1058.3997859954834,-0.10674221945539981,0.0208682536293667,0.019849469439325088,0.019849469439325088
-1057.7817237377167,-0.1066798863578042,0.020892137772530402,0.01987172853725427,0.01987172853725427
-1057.16366147995,-0.1066175532602086,0.020916062650696475,0.019894024844447983,0.019894024844447983
-1056.5455992221832,-0.10655522016261297,0.02094002835587496,0.01991635844331271,0.01991635844331271
-1055.9275370240211,-0.10649288707102864,0.020964034978016743,0.019938729414322343,0.019938729414322343
-1055.3094747662544,-0.10643055397343301,0.020988082614278977,0.019961137844652165,0.019961137844652165
-1054.6914125084877,-0.1063682208758374,0.021012171355135046,0.019983583815235167,0.019983583815235167
-1054.073350250721,-0.10630588777824178,0.021036301293632084,0.020006067409388813,0.020006067409388813
-1053.4552879929543,-0.10624355468064617,0.021060472523078654,0.02002858871066018,0.02002858871066018
-1052.8372257351875,-0.10618122158305054,0.02108468513704566,0.020051147802826713,0.020051147802826713
-1052.2191634774208,-0.10611888848545493,0.021108939229367178,0.020073744769896994,0.020073744769896994
-1051.601101219654,-0.10605655538785932,0.02113323489414138,0.020096379696111496,0.020096379696111496
-1050.9830389618874,-0.1059942222902637,0.0211575722257314,0.020119052665943323,0.020119052665943323
-1050.3649767041206,-0.10593188919266809,0.02118195131876621,0.02014176376409902,0.02014176376409902
-1049.746914446354,-0.10586955609507247,0.02120637226814154,0.020164513075519305,0.020164513075519305
-1049.1288521885872,-0.10580722299747686,0.021230835169020752,0.02018730068537985,0.02018730068537985
-1048.5107899308205,-0.10574488989988123,0.02125534011683576,0.020210126679092066,0.020210126679092066
-1047.8927276730537,-0.10568255680228562,0.021279887207287903,0.020232991142303876,0.020232991142303876
-1047.274665415287,-0.10562022370469001,0.02130447653634887,0.020255894160900477,0.020255894160900477
-1046.6566031575203,-0.10555789060709439,0.021329108200261633,0.020278835821005155,0.020278835821005155
-1046.0385408997536,-0.10549555750949878,0.021353782295541298,0.020301816208980042,0.020301816208980042
-1045.4204786419868,-0.10543322441190316,0.02137849891897608,0.020324835411426937,0.020324835411426937
-1044.8024163842201,-0.10537089131430755,0.021403258167628197,0.020347893515188058,0.020347893515188058
-1044.1843541264534,-0.10530855821671192,0.0214280601388348,0.020370990607346862,0.020370990607346862
-1043.5662919282913,-0.10524622512512759,0.021452904927810854,0.020394126772995774,0.020394126772995774
-1042.9482296705246,-0.10518389202753196,0.021477792637238095,0.02041730210416551,0.02041730210416551
-1042.3301674127579,-0.10512155892993635,0.021502723362890153,0.020440516686438745,0.020440516686438745
-1041.7121051549911,-0.10505922583234074,0.021527697203213212,0.020463770607871898,0.020463770607871898
-1041.0940428972244,-0.10499689273474512,0.02155271425693306,0.020487063956766645,0.020487063956766645
-1040.4759806394577,-0.10493455963714951,0.02157777462305604,0.02051039682167075,0.02051039682167075
-1039.857918381691,-0.10487222653955389,0.02160287840087001,0.020533769291378862,0.020533769291378862
-1039.2398561239243,-0.10480989344195828,0.021628025689945263,0.02055718145493333,0.02055718145493333
-1038.6217938661575,-0.10474756034436265,0.021653216590135506,0.02058063340162506,0.02058063340162506
-1038.0037316083908,-0.10468522724676704,0.02167845120157884,0.020604125220994293,0.020604125220994293
-1037.385669350624,-0.10462289414917143,0.02170372962469867,0.020627657002831482,0.020627657002831482
-1036.7676070928574,-0.10456056105157581,0.021729051960204724,0.02065122883717808,0.02065122883717808
-1036.1495448350906,-0.1044982279539802,0.02175441830909401,0.020674840814327425,0.020674840814327425
-1035.531482577324,-0.10443589485638458,0.021779828772651777,0.02069849302482554,0.02069849302482554
-1034.9134203195572,-0.10437356175878897,0.021805283452452508,0.020722185559471976,0.020722185559471976
-1034.2953580617905,-0.10431122866119334,0.021830782450360915,0.020745918509320695,0.020745918509320695
-1033.6772958040237,-0.10424889556359773,0.021856325868532894,0.020769691965680886,0.020769691965680886
-1033.059233546257,-0.10418656246600212,0.021881913809416554,0.02079350602011782,0.02079350602011782
-1032.4411712884903,-0.1041242293684065,0.021907546375753175,0.020817360764453716,0.020817360764453716
-1031.8231090307236,-0.10406189627081089,0.021933223670578244,0.020841256290768603,0.020841256290768603
-1031.2050467729568,-0.10399956317321526,0.021958945797222434,0.020865192691401174,0.020865192691401174
-1030.5869845747948,-0.10393723008163093,0.02198471285682552,0.020889170056635327,0.020889170056635327
-1029.968922317028,-0.1038748969840353,0.02201052495828141,0.020913188483954338,0.020913188483954338
-1029.3508600592613,-0.1038125638864397,0.02203638220332967,0.02093724806416775,0.02093724806416775
-1028.7327978014946,-0.10375023078884407,0.02206228469649185,0.020961348890657597,0.020961348890657597
-1028.1147355437279,-0.10368789769124846,0.022088232542589747,0.02098549105706895,0.02098549105706895
-1027.4966732859612,-0.10362556459365285,0.022114225846746497,0.021009674657310785,0.021009674657310785
-1026.8786110281944,-0.10356323149605723,0.022140264714387528,0.02103389978555687,0.02103389978555687
-1026.2605487704277,-0.10350089839846162,0.022166349251241634,0.021058166536246672,0.021058166536246672
-1025.642486512661,-0.103438565300866,0.02219247956334202,0.021082475004086224,0.021082475004086224
-1025.0244242548943,-0.10337623220327039,0.02221865575702733,0.021106825284049027,0.021106825284049027
-1024.4063619971275,-0.10331389910567476,0.022244877938942698,0.021131217471376973,0.021131217471376973
-1023.7882997393608,-0.10325156600807915,0.022271146216040785,0.02115565166158123,0.02115565166158123
-1023.1702374815941,-0.10318923291048354,0.022297460695582888,0.02118012795044313,0.02118012795044313
-1022.5521752238274,-0.10312689981288792,0.02232382148513993,0.021204646434015123,0.021204646434015123
-1021.9341129660606,-0.10306456671529231,0.02235022869259357,0.021229207208621658,0.021229207208621658
-1021.3160507082939,-0.10300223361769668,0.02237668242613727,0.02125381037086012,0.02125381037086012
-1020.6979884505272,-0.10293990052010107,0.022403182794277332,0.02127845601760172,0.02127845601760172
-1020.0799261927605,-0.10287756742250545,0.022429729905834018,0.02130314424599246,0.02130314424599246
-1019.4618639349937,-0.10281523432490984,0.022456323869942615,0.021327875153454044,0.021327875153454044
-1018.843801677227,-0.10275290122731422,0.022482964796054515,0.02135264883768479,0.02135264883768479
-1018.2257394790649,-0.10269056813572988,0.022509652791362297,0.021377465394265275,0.021377465394265275
-1017.6076772212982,-0.10262823503813427,0.022536387971100295,0.021402324926236418,0.021402324926236418
-1016.9896149635315,-0.10256590194053865,0.02256317044310334,0.021427227529740873,0.021427227529740873
-1016.3715527057648,-0.10250356884294304,0.022590000318098196,0.021452173303592895,0.021452173303592895
-1015.753490447998,-0.10244123574534741,0.022616877707133234,0.021477162346888096,0.021477162346888096
-1015.1354281902313,-0.1023789026477518,0.022643802721579558,0.021502194759004365,0.021502194759004365
-1014.5173659324646,-0.10231656955015618,0.02267077547313208,0.02152727063960286,0.02152727063960286
-1013.8993036746979,-0.10225423645256057,0.022697796073810676,0.021552390088628977,0.021552390088628977
-1013.2812414169312,-0.10219190335496496,0.022724864635961295,0.021577553206313275,0.021577553206313275
-1012.6631791591644,-0.10212957025736934,0.02275198127225711,0.021602760093172475,0.021602760093172475
-1012.0451169013977,-0.10206723715977373,0.022779146095699615,0.02162801085001043,0.02162801085001043
-1011.427054643631,-0.1020049040621781,0.022806359219619786,0.021653305577919103,0.021653305577919103
-1010.8089923858643,-0.1019425709645825,0.02283362075767925,0.021678644378279523,0.021678644378279523
-1010.1909301280975,-0.10188023786698687,0.022860930823871382,0.021704027352762813,0.021704027352762813
-1009.5728678703308,-0.10181790476939126,0.02288828953252248,0.021729454603331144,0.021729454603331144
-1008.9548056125641,-0.10175557167179565,0.022915696998292948,0.02175492623223873,0.02175492623223873
-1008.3367433547974,-0.10169323857420003,0.022943153336178412,0.021780442342032844,0.021780442342032844
-1007.7186810970306,-0.10163090547660442,0.022970658661510927,0.021806003035554803,0.021806003035554803
-1007.1006188392639,-0.10156857237900879,0.022998213089960112,0.021831608415940982,0.021831608415940982
-1006.4825565814972,-0.10150623928141318,0.02302581673753438,0.021857258586623796,0.021857258586623796
-1005.8644943833351,-0.10144390618982883,0.023053469717912854,0.021882953648852607,0.021882953648852607
-1005.2464321255684,-0.10138157309223322,0.02308117215311859,0.02190869371161094,0.02190869371161094
-1004.6283698678017,-0.1013192399946376,0.023108924157518942,0.021934478876749684,0.021934478876749684
-1004.0103076100349,-0.10125690689704199,0.023136725848489196,0.021960309248895655,0.021960309248895655
-1003.3922453522682,-0.10119457379944638,0.023164577343749347,0.021986184932976854,0.021986184932976854
-1002.7741830945015,-0.10113224070185076,0.0231924787613653,0.022012106034223444,0.022012106034223444
-1002.1561208367348,-0.10106990760425515,0.0232204302197501,0.022038072658168834,0.022038072658168834
-1001.538058578968,-0.10100757450665952,0.023248431837665128,0.022064084910650702,0.022064084910650702
-1000.9199963212013,-0.10094524140906391,0.02327648373422131,0.02209014289781203,0.02209014289781203
-1000.3019340634346,-0.10088290831146829,0.02330458602888039,0.022116246726102167,0.022116246726102167
-999.6838718056679,-0.10082057521387268,0.02333273884145609,0.022142396502277884,0.022142396502277884
-999.0658095479012,-0.10075824211627707,0.023360942292115397,0.022168592333404413,0.022168592333404413
-998.4477472901344,-0.10069590901868145,0.0233891965013798,0.022194834326856525,0.022194834326856525
-997.8296850323677,-0.10063357592108584,0.0234175015901265,0.022221122590319588,0.022221122590319588
-997.211622774601,-0.10057124282349021,0.023445857679589687,0.02224745723179064,0.02224745723179064
-996.5935605168343,-0.1005089097258946,0.023474264891361785,0.022273838359579457,0.022273838359579457
-995.9754982590675,-0.10044657662829898,0.023502723347394724,0.022300266082309648,0.022300266082309648
-995.3574360013008,-0.10038424353070337,0.023531233170001192,0.022326740508919717,0.022326740508919717
-994.7393737435341,-0.10032191043310774,0.023559794481855894,0.02235326174866414,0.02235326174866414
-994.1213114857674,-0.10025957733551213,0.02358840740599687,0.022379829911114514,0.022379829911114514
-993.5032492876053,-0.1001972442439278,0.02361707206305986,0.022406445103591605,0.022406445103591605
-992.8851870298386,-0.10013491114633218,0.023645788582342064,0.022433107441437856,0.022433107441437856
-992.2671247720718,-0.10007257804873657,0.023674557085217252,0.022459817032618234,0.022459817032618234
-991.6490625143051,-0.10001024495114094,0.023703377696189548,0.02248657398798365,0.02248657398798365
-991.0310002565384,-0.09994791185354533,0.02373225054013281,0.0225133784187076,0.0225133784187076
-990.4129379987717,-0.09988557875594971,0.023761175742291963,0.02254023043628732,0.02254023043628732
-989.794875741005,-0.0998232456583541,0.02379015342828434,0.02256713015254488,0.02256713015254488
-989.1768134832382,-0.09976091256075849,0.023819183724100936,0.022594077679628326,0.022594077679628326
-988.5587512254715,-0.09969857946316286,0.023848266756107787,0.022621073130012794,0.022621073130012794
-987.9406889677048,-0.09963624636556725,0.02387740265104726,0.022648116616501665,0.022648116616501665
-987.322626709938,-0.09957391326797163,0.02390659153603943,0.02267520825222771,0.02267520825222771
-986.7045644521713,-0.09951158017037602,0.023935833538583366,0.02270234815065419,0.02270234815065419
-986.0865021944046,-0.0994492470727804,0.023965128786558508,0.022729536425576076,0.022729536425576076
-985.4684399366379,-0.09938691397518479,0.023994477408226026,0.022756773191121144,0.022756773191121144
-984.8503776788712,-0.09932458087758918,0.024023879532230143,0.02278405856175115,0.02278405856175115
-984.2323154211044,-0.09926224777999355,0.02405333528759952,0.022811392652263007,0.022811392652263007
-983.6142531633377,-0.09919991468239794,0.024082844803748622,0.022838775577789957,0.022838775577789957
-982.996190905571,-0.09913758158480232,0.02411240821047908,0.02286620745380271,0.02286620745380271
-982.3781286478043,-0.09907524848720671,0.024142025637981068,0.022893688396110647,0.022893688396110647
-981.7600663900375,-0.09901291538961109,0.0241716972168347,0.022921218520863006,0.022921218520863006
-981.1420041918755,-0.09895058229802675,0.024201423075142094,0.022948797941887984,0.022948797941887984
-980.5239419341087,-0.09888824920043113,0.024231203350000795,0.022976426781337465,0.022976426781337465
-979.905879676342,-0.09882591610283552,0.024261038170304977,0.02300410515373005,0.02300410515373005
-979.2878174185753,-0.09876358300523991,0.024290927668208458,0.023031833176586303,0.023031833176586303
-978.6697551608086,-0.09870124990764428,0.024320871976261958,0.02305961096777259,0.02305961096777259
-978.0516929030418,-0.09863891681004867,0.02435087122741457,0.023087438645502344,0.023087438645502344
-977.4336306452751,-0.09857658371245305,0.024380925555015153,0.023115316328337267,0.023115316328337267
-976.8155683875084,-0.09851425061485744,0.024411035092813796,0.02314324413518851,0.02314324413518851
-976.1975061297417,-0.09845191751726182,0.024441199974963218,0.023171222185317957,0.023171222185317957
-975.579443871975,-0.0983895844196662,0.024471420336020226,0.02319925059833943,0.02319925059833943
-974.9613816142082,-0.0983272513220706,0.02450169631094718,0.023227329494219927,0.023227329494219927
-974.3433193564415,-0.09826491822447497,0.024532028035113406,0.023255458993280836,0.023255458993280836
-973.7252570986748,-0.09820258512687936,0.02456241564429668,0.023283639216199234,0.023283639216199234
-973.107194840908,-0.09814025202928374,0.024592859274684725,0.02331187028400911,0.02331187028400911
-972.4891325831413,-0.09807791893168813,0.02462335906287661,0.02334015231810261,0.02334015231810261
-971.8710703253746,-0.0980155858340925,0.024653915145884296,0.02336848544023131,0.02336848544023131
-971.2530080676079,-0.0979532527364969,0.024684527661134076,0.023396869772507507,0.023396869772507507
-970.6349458098412,-0.09789091963890127,0.024715196746468108,0.023425305437405432,0.023425305437405432
-970.0168835520744,-0.09782858654130566,0.024745922540145855,0.023453792557762587,0.023453792557762587
-969.3988212943077,-0.09776625344371005,0.024776705180845637,0.023482331256780998,0.023482331256780998
-968.780759036541,-0.09770392034611443,0.024807544807666122,0.02351092165802851,0.02351092165802851
-968.1626968383789,-0.0976415872545301,0.024838441557145468,0.023539563882675352,0.023539563882675352
-967.5446345806122,-0.09757925415693447,0.02486939557518681,0.023568258060549276,0.023568258060549276
-966.9265723228455,-0.09751692105933886,0.02490040699918211,0.023597004313563638,0.023597004313563638
-966.3085100650787,-0.09745458796174324,0.024931475969926654,0.023625802766762516,0.023625802766762516
-965.690447807312,-0.09739225486414763,0.024962602628643703,0.023654653545562326,0.023654653545562326
-965.0723855495453,-0.09732992176655202,0.024993787116986056,0.023683556775753126,0.023683556775753126
-964.4543232917786,-0.09726758866895639,0.02502502957703761,0.023712512583499955,0.023712512583499955
-963.8362610340118,-0.09720525557136078,0.0250563301513149,0.02374152109534414,0.02374152109534414
-963.2181987762451,-0.09714292247376516,0.025087688982768676,0.023770582438204686,0.023770582438204686
-962.6001365184784,-0.09708058937616955,0.025119106214785504,0.02379969673937954,0.02379969673937954
-961.9820742607117,-0.09701825627857392,0.02515058199118929,0.023828864126546993,0.023828864126546993
-961.364012002945,-0.09695592318097832,0.025182116456242905,0.023858084727767025,0.023858084727767025
-960.7459497451782,-0.0968935900833827,0.025213709754649764,0.02388735867148264,0.02388735867148264
-960.1278874874115,-0.09683125698578708,0.025245362031555457,0.02391668608652125,0.02391668608652125
-959.5098252296448,-0.09676892388819147,0.0252770734325493,0.023946067102096038,0.023946067102096038
-958.891762971878,-0.09670659079059585,0.02530884410366598,0.023975501847807338,0.023975501847807338
-958.2737007141113,-0.09664425769300024,0.025340674191387202,0.024004990453643977,0.024004990453643977
-957.6556384563446,-0.09658192459540461,0.02537256384264325,0.024034533049984725,0.024034533049984725
-957.0375761985779,-0.096519591497809,0.025404513204814676,0.02406412976759965,0.02406412976759965
-956.4195139408112,-0.09645725840021338,0.025436522425733927,0.024093780737651508,0.024093780737651508
-955.8014517426491,-0.09639492530862905,0.025468591650591392,0.024123486088829804,0.024123486088829804
-955.1833894848824,-0.09633259221103344,0.025500721034313605,0.024153245958816353,0.024153245958816353
-954.5653272271156,-0.09627025911343781,0.02553291072300878,0.02418306047709835,0.02418306047709835
-953.9472649693489,-0.0962079260158422,0.02556516086633349,0.02421292977642344,0.02421292977642344
-953.3292027115822,-0.09614559291824658,0.02559747161440446,0.02424285398993904,0.02424285398993904
-952.7111404538155,-0.09608325982065097,0.025629843117800314,0.024272833251193757,0.024272833251193757
-952.0930781960487,-0.09602092672305534,0.025662275527563227,0.024302867694138867,0.024302867694138867
-951.475015938282,-0.09595859362545973,0.025694768995200682,0.02433295745312971,0.02433295745312971
-950.8569536805153,-0.09589626052786412,0.02572732367268709,0.024363102662927176,0.024363102662927176
-950.2388914227486,-0.0958339274302685,0.025759939712465554,0.024393303458699136,0.024393303458699136
-949.6208291649818,-0.09577159433267289,0.02579261726744959,0.02442355997602192,0.02442355997602192
-949.0027669072151,-0.09570926123507727,0.025825356491024826,0.024453872350881794,0.024453872350881794
-948.3847046494484,-0.09564692813748166,0.025858157537050744,0.0244842407196764,0.0244842407196764
-947.7666423916817,-0.09558459503988603,0.025891020559862442,0.024514665219216268,0.024514665219216268
-947.148580133915,-0.09552226194229042,0.025923945714272357,0.024545145986726306,0.024545145986726306
-946.5305178761482,-0.0954599288446948,0.025956933155572,0.024575683159847247,0.024575683159847247
-945.9124556183815,-0.09539759574709919,0.025989983039533794,0.02460627687663721,0.02460627687663721
-945.2943933606148,-0.09533526264950358,0.026023095522412762,0.024636927275573168,0.024636927275573168
-944.676331102848,-0.09527292955190796,0.026056270760948345,0.02466763449555246,0.02466763449555246
-944.0582688450813,-0.09521059645431235,0.026089508912366173,0.024698398675894323,0.024698398675894323
-943.4402066469193,-0.095148263362728,0.02612281013116535,0.02472921995336631,0.02472921995336631
-942.8221443891525,-0.09508593026513239,0.026156174581972266,0.024760098474080675,0.024760098474080675
-942.2040821313858,-0.09502359716753676,0.026189602420273482,0.02479103437566192,0.02479103437566192
-941.5860198736191,-0.09496126406994115,0.026223093805257416,0.02482202779913215,0.02482202779913215
-940.9679576158524,-0.09489893097234554,0.02625664889660775,0.024853078885943045,0.024853078885943045
-940.3498953580856,-0.09483659787474992,0.026290267854505212,0.024884187777977414,0.024884187777977414
-939.7318331003189,-0.09477426477715431,0.02632395083962943,0.024915354617550765,0.024915354617550765
-939.1137708425522,-0.09471193167955869,0.026357698013160815,0.024946579547412872,0.024946579547412872
-938.4957085847855,-0.09464959858196308,0.026391509536782362,0.024977862710749345,0.024977862710749345
-937.8776463270187,-0.09458726548436745,0.02642538557268153,0.025009204251183217,0.025009204251183217
-937.259584069252,-0.09452493238677184,0.026459326283552163,0.02504060431277654,0.02504060431277654
-936.6415218114853,-0.09446259928917623,0.026493331832596285,0.025072063040031973,0.025072063040031973
-936.0234595537186,-0.09440026619158061,0.026527402383526032,0.025103580577894368,0.025103580577894368
-935.4053972959518,-0.094337933093985,0.02656153810056556,0.025135157071752415,0.025135157071752415
-934.7873350381851,-0.09427559999638938,0.026595739148452927,0.025166792667440242,0.025166792667440242
-934.1692727804184,-0.09421326689879377,0.026630005692442005,0.025198487511239022,0.025198487511239022
-933.5512105226517,-0.09415093380119814,0.026664337898304385,0.02523024174987863,0.02523024174987863
-932.933148264885,-0.09408860070360253,0.026698735932331356,0.025262055530539257,0.025262055530539257
-932.3150860071182,-0.09402626760600691,0.026733199961335778,0.025293929000853064,0.025293929000853064
-931.6970237493515,-0.0939639345084113,0.02676773015265406,0.025325862308905822,0.025325862308905822
-931.0789615511894,-0.09390160141682696,0.026802326670808514,0.025357855600150345,0.025357855600150345
-930.4608992934227,-0.09383926831923134,0.026836989690861315,0.02538990902975534,0.02538990902975534
-929.842837035656,-0.09377693522163573,0.02687171937839805,0.025422022744094934,0.025422022744094934
-929.2247747778893,-0.0937146021240401,0.02690651590286891,0.025454196893086055,0.025454196893086055
-928.6067125201225,-0.0936522690264445,0.02694137943425751,0.02548643162710755,0.02548643162710755
-927.9886502623558,-0.09358993592884887,0.02697631014308281,0.02551872709700198,0.02551872709700198
-927.3705880045891,-0.09352760283125326,0.027011308200401186,0.025551083454077254,0.025551083454077254
-926.7525257468224,-0.09346526973365765,0.02704637377780842,0.025583500850108368,0.025583500850108368
-926.1344634890556,-0.09340293663606203,0.0270815070474417,0.025615979437339086,0.025615979437339086
-925.5164012312889,-0.09334060353846642,0.02711670818198169,0.0256485193684837,0.0256485193684837
-924.8983389735222,-0.0932782704408708,0.02715197735465451,0.025681120796728754,0.025681120796728754
-924.2802767157555,-0.09321593734327518,0.027187314739233876,0.02571378387573474,0.02571378387573474
-923.6622144579887,-0.09315360424567956,0.02722272051004304,0.02574650875963788,0.02574650875963788
-923.044152200222,-0.09309127114808395,0.027258194841956948,0.02577929560305189,0.02577929560305189
-922.4260899424553,-0.09302893805048833,0.027293737910404285,0.025812144561069676,0.025812144561069676
-921.8080276846886,-0.09296660495289272,0.027329349891369537,0.025845055789265162,0.025845055789265162
-921.1899654269218,-0.09290427185529711,0.027365030961395104,0.02587802944369505,0.02587802944369505
-920.5719031691551,-0.09284193875770148,0.02740078129758341,0.025911065680900573,0.025911065680900573
-919.9538409113884,-0.09277960566010587,0.02743660107759899,0.025944164657909295,0.025944164657909295
-919.3357786536217,-0.09271727256251025,0.02747249047967062,0.02597732653223694,0.02597732653223694
-918.7177164554596,-0.09265493947092591,0.027508449679122245,0.026010551458681967,0.026010551458681967
-918.0996541976929,-0.09259260637333029,0.027544478862253183,0.026043839602150044,0.026043839602150044
-917.4815919399261,-0.09253027327573468,0.027580578205533276,0.026077191118431035,0.026077191118431035
-916.8635296821594,-0.09246794017813907,0.02761674788946965,0.02611060616701131,0.02611060616701131
-916.2454674243927,-0.09240560708054345,0.02765298809514441,0.026144084907874458,0.026144084907874458
-915.627405166626,-0.09234327398294784,0.027689299004216822,0.02617762750150314,0.02617762750150314
-915.0093429088593,-0.09228094088535221,0.027725680798925487,0.026211234108880956,0.026211234108880956
-914.3912806510925,-0.0922186077877566,0.027762133662090523,0.026244904891494263,0.026244904891494263
-913.7732183933258,-0.09215627469016098,0.027798657777115827,0.0262786400113341,0.0262786400113341
-913.1551561355591,-0.09209394159256537,0.0278352533279912,0.026312439630898,0.026312439630898
-912.5370938777924,-0.09203160849496976,0.02787192049929465,0.026346303913191926,0.026346303913191926
-911.9190316200256,-0.09196927539737414,0.027908659476194596,0.026380233021732105,0.026380233021732105
-911.3009693622589,-0.09190694229977853,0.027945470444452093,0.02641422712054699,0.02641422712054699
-910.6829071044922,-0.0918446092021829,0.027982353590423094,0.02644828637417913,0.02644828637417913
-910.0648448467255,-0.0917822761045873,0.028019309101060756,0.02648241094768707,0.02648241094768707
-909.4467825889587,-0.09171994300699167,0.028056337163917644,0.026516601006647322,0.026516601006647322
-908.828720331192,-0.09165760990939606,0.028093437967148062,0.02655085671715626,0.02655085671715626
-908.2106580734253,-0.09159527681180044,0.028130611699510307,0.02658517824583206,0.02658517824583206
-907.5925958156586,-0.09153294371420483,0.02816785855036904,0.026619565759816662,0.026619565759816662
-906.9745335578918,-0.09147061061660922,0.028205178709697513,0.02665401942677774,0.02665401942677774
-906.3564713001251,-0.09140827751901359,0.028242572368079935,0.026688539414910638,0.026688539414910638
-905.738409101963,-0.09134594442742926,0.028280039713097005,0.026723125889601677,0.026723125889601677
-905.1203468441963,-0.09128361132983363,0.028317580943788393,0.02675777902677839,0.02675777902677839
-904.5022845864296,-0.09122127823223802,0.0283551962489755,0.026792498992898792,0.026792498992898792
-903.8842223286629,-0.0911589451346424,0.028392885821709797,0.026827285958288767,0.026827285958288767
-903.2661600708961,-0.09109661203704679,0.028430649855665513,0.026862140093811857,0.026862140093811857
-902.6480978131294,-0.09103427893945118,0.028468488545141946,0.026897061570871236,0.026897061570871236
-902.0300355553627,-0.09097194584185556,0.028506402085065906,0.026932050561411743,0.026932050561411743
-901.411973297596,-0.09090961274425995,0.028544390670994145,0.02696710723792195,0.02696710723792195
-900.7939110398293,-0.09084727964666432,0.028582454499115714,0.027002231773436185,0.027002231773436185
-900.1758487820625,-0.09078494654906871,0.02862059376625445,0.02703742434153656,0.02703742434153656
-899.5577865242958,-0.09072261345147309,0.028658808669871333,0.02707268511635507,0.02707268511635507
-898.9397242665291,-0.09066028035387748,0.028697099408067063,0.027108014272575656,0.027108014272575656
-898.3216620087624,-0.09059794725628185,0.028735466179584394,0.02714341198543624,0.02714341198543624
-897.7035997509956,-0.09053561415868625,0.028773909183810654,0.027178878430730875,0.027178878430730875
-897.0855374932289,-0.09047328106109064,0.028812428620780272,0.027214413784811806,0.027214413784811806
-896.4674752354622,-0.09041094796349501,0.02885102469117719,0.027250018224591586,0.027250018224591586
-895.8494129776955,-0.0903486148658994,0.02888969759633741,0.027285691927545173,0.027285691927545173
-895.2313507199287,-0.09028628176830378,0.02892844753825152,0.027321435071712086,0.027321435071712086
-894.613288462162,-0.09022394867070817,0.028967274719567206,0.027357247835698525,0.027357247835698525
-893.9952262043953,-0.09016161557311254,0.029006179343591773,0.027393130398679476,0.027393130398679476
-893.3771640062332,-0.09009928248152821,0.029045161610531594,0.027429082936930377,0.027429082936930377
-892.7591017484665,-0.0900369493839326,0.029084221732539647,0.027465105637704712,0.027465105637704712
-892.1410394906998,-0.08997461628633698,0.029123359911161866,0.02750119867843307,0.02750119867843307
-891.522977232933,-0.08991228318874137,0.0291625763523697,0.027537362240587383,0.027537362240587383
-890.9049149751663,-0.08984995009114574,0.029201871262807117,0.027573596506219232,0.027573596506219232
-890.2868527173996,-0.08978761699355013,0.02924124484979317,0.02760990165796207,0.02760990165796207
-889.6687904596329,-0.08972528389595451,0.029280697321324625,0.027646277879033444,0.027646277879033444
-889.0507282018661,-0.0896629507983589,0.029320228886078607,0.027682725353237205,0.027682725353237205
-888.4326659440994,-0.08960061770076329,0.02935983975341523,0.027719244264965755,0.027719244264965755
-887.8146036863327,-0.08953828460316766,0.02939953013338026,0.02775583479920221,0.02775583479920221
-887.196541428566,-0.08947595150557205,0.029439300236707735,0.02779249714152277,0.02779249714152277
-886.5784791707993,-0.08941361840797643,0.02947915027482274,0.02782923147809887,0.02782923147809887
-885.9604169130325,-0.08935128531038082,0.029519080459843985,0.027866037995699502,0.027866037995699502
-885.3423546552658,-0.0892889522127852,0.029559091004586563,0.027902916881693496,0.027902916881693496
-884.7242923974991,-0.08922661911518959,0.02959918212256469,0.027939868324051775,0.027939868324051775
-884.1062301397324,-0.08916428601759396,0.029639354027994353,0.02797689251134967,0.02797689251134967
-883.4881678819656,-0.08910195291999835,0.029679606935796125,0.028013989632769243,0.028013989632769243
-882.8701056241989,-0.08903961982240274,0.02971994106159786,0.028051159878101584,0.028051159878101584
-882.2520433664322,-0.08897728672480712,0.029760356621737497,0.028088403437749154,0.028088403437749154
-881.6339811086655,-0.08891495362721151,0.0298008538332658,0.028125720502728102,0.028125720502728102
-881.0159189105034,-0.08885262053562716,0.029841432910031856,0.02816311126106121,0.02816311126106121
-880.3978566527367,-0.08879028743803155,0.029882094078347184,0.02820057591221084,0.02820057591221084
-879.7797943949699,-0.08872795434043593,0.029922837553508455,0.028238114645446087,0.028238114645446087
-879.1617321372032,-0.08866562124284032,0.029963663555445805,0.02827572765426152,0.02827572765426152
-878.5436698794365,-0.08860328814524471,0.030004572304816245,0.028313415132777263,0.028313415132777263
-877.9256076216698,-0.08854095504764908,0.030045564023006597,0.028351177275741383,0.028351177275741383
-877.307545363903,-0.08847862195005347,0.030086638932136252,0.028389014278532333,0.028389014278532333
-876.6894831061363,-0.08841628885245785,0.030127797255060113,0.028426926337161366,0.028426926337161366
-876.0714208483696,-0.08835395575486224,0.030169039215371486,0.028464913648274928,0.028464913648274928
-875.4533585906029,-0.08829162265726662,0.030210365037404943,0.02850297640915716,0.02850297640915716
-874.8352963328362,-0.088229289559671,0.030251774946239252,0.028541114817732312,0.028541114817732312
-874.2172340750694,-0.08816695646207538,0.030293269167700348,0.028579329072567248,0.028579329072567248
-873.5991718173027,-0.08810462336447977,0.030334847928364213,0.028617619372873857,0.028617619372873857
-872.981109559536,-0.08804229026688416,0.03037651145555987,0.028655985918511626,0.028655985918511626
-872.3630473017693,-0.08797995716928854,0.030418259977372325,0.028694428909990084,0.028694428909990084
-871.7449850440025,-0.08791762407169293,0.030460093722645618,0.02873294854847131,0.02873294854847131
-871.1269227862358,-0.0878552909740973,0.030502012920985703,0.028771545035772485,0.028771545035772485
-870.5088605284691,-0.0877929578765017,0.03054401780276357,0.028810218574368416,0.028810218574368416
-869.8907982707024,-0.08773062477890607,0.030586108599118207,0.02884896936739406,0.02884896936739406
-869.2727360129356,-0.08766829168131046,0.03062828554195965,0.0288877976186471,0.0288877976186471
-868.6546738147736,-0.08760595858972613,0.030670548859892077,0.028926703528834755,0.028926703528834755
-868.0366115570068,-0.0875436254921305,0.03071289879452835,0.028965687310591844,0.028965687310591844
-867.4185492992401,-0.08748129239453489,0.03075533557603842,0.0290047491659714,0.0290047491659714
-866.8004870414734,-0.08741895929693927,0.030797859439447177,0.02904388930144778,0.02904388930144778
-866.1824247837067,-0.08735662619934366,0.030840470620565948,0.029083107924170976,0.029083107924170976
-865.5643625259399,-0.08729429310174804,0.03088316935599564,0.02912240524196932,0.02912240524196932
-864.9463002681732,-0.08723196000415243,0.030925955883129894,0.029161781463352035,0.029161781463352035
-864.3282380104065,-0.08716962690655682,0.03096883044015815,0.029201236797511954,0.029201236797511954
-863.7101757526398,-0.08710729380896119,0.031011793266068885,0.029240771454328122,0.029240771454328122
-863.092113494873,-0.08704496071136558,0.03105484460065282,0.02928038564436851,0.02928038564436851
-862.4740512371063,-0.08698262761376996,0.03109798468450601,0.0293200795788927,0.0293200795788927
-861.8559889793396,-0.08692029451617435,0.031141213759033115,0.029359853469854518,0.029359853469854518
-861.2379267215729,-0.08685796141857872,0.031184532066450662,0.029399707529904843,0.029399707529904843
-860.6198644638062,-0.08679562832098311,0.031227939849790182,0.02943964197239425,0.02943964197239425
-860.0018022060394,-0.08673329522338749,0.03127143735290156,0.029479657011375768,0.029479657011375768
-859.3837399482727,-0.08667096212579188,0.03131502482045626,0.029519752861607622,0.029519752861607622
-858.765677690506,-0.08660862902819627,0.031358702497950586,0.029559929738556003,0.029559929738556003
-858.1476154327393,-0.08654629593060065,0.03140247063170901,0.029600187858397835,0.029600187858397835
-857.5295531749725,-0.08648396283300504,0.031446329468887486,0.029640527438023517,0.029640527438023517
-856.9114909172058,-0.08642162973540941,0.03149027925747678,0.029680948695039778,0.029680948695039778
-856.2934287190437,-0.08635929664382508,0.03153432024205416,0.029721451843862476,0.029721451843862476
-855.675366461277,-0.08629696354622945,0.031578452680784436,0.029762037111351416,0.029762037111351416
-855.0573042035103,-0.08623463044863384,0.031622676819940104,0.029802704713377048,0.029802704713377048
-854.4392419457436,-0.08617229735103824,0.0316669929108847,0.02984345487043953,0.02984345487043953
-853.8211796879768,-0.08610996425344261,0.03171140120583347,0.029884287803769442,0.029884287803769442
-853.2031174302101,-0.086047631155847,0.03175590195785671,0.02992520373533074,0.02992520373533074
-852.5850551724434,-0.08598529805825138,0.031800495420883305,0.029966202887823618,0.029966202887823618
-851.9669929146767,-0.08592296496065577,0.03184518184970409,0.030007285484687347,0.030007285484687347
-851.3489306569099,-0.08586063186306014,0.03188996149997538,0.03004845175010327,0.03004845175010327
-850.7308683991432,-0.08579829876546453,0.03193483462822242,0.030089701908997672,0.030089701908997672
-850.1128061413765,-0.08573596566786891,0.031979801491842895,0.03013103618704474,0.03013103618704474
-849.4947438836098,-0.0856736325702733,0.03202486234911045,0.030172454810669498,0.030172454810669498
-848.876681625843,-0.08561129947267769,0.03207001745917824,0.03021395800705078,0.03021395800705078
-848.2586193680763,-0.08554896637508207,0.032115267082082455,0.030255546004124223,0.030255546004124223
-847.6405571103096,-0.08548663327748646,0.032160611478745896,0.030297219030585208,0.030297219030585208
-847.0224948525429,-0.08542430017989083,0.03220605091098155,0.03033897731589195,0.03033897731589195
-846.4044325947762,-0.08536196708229522,0.032251585641496223,0.030380821090268424,0.030380821090268424
-845.7863703370094,-0.0852996339846996,0.032297215933894126,0.030422750584707448,0.030422750584707448
-845.1683080792427,-0.08523730088710399,0.03234294205268049,0.03046476603097373,0.03046476603097373
-844.550245821476,-0.08517496778950838,0.0323887642632653,0.03050686766160692,0.03050686766160692
-843.9321835637093,-0.08511263469191276,0.03243468283196685,0.03054905570992468,0.03054905570992468
-843.3141213655472,-0.08505030160032842,0.032480698021573225,0.030591330405944677,0.030591330405944677
-842.6960591077805,-0.0849879685027328,0.03252681010910575,0.03063369199270365,0.03063369199270365
-842.0779968500137,-0.08492563540513719,0.032573019359197077,0.03067614070179916,0.03067614070179916
-841.459934592247,-0.08486330230754156,0.03261932604183599,0.030718676769691956,0.030718676769691956
-840.8418723344803,-0.08480096920994595,0.03266573042793825,0.030761300433636368,0.030761300433636368
-840.2238100767136,-0.08473863611235034,0.03271223278935037,0.030804011931683487,0.030804011931683487
-839.6057478189468,-0.08467630301475472,0.032758833398853354,0.030846811502684323,0.030846811502684323
-838.9876855611801,-0.08461396991715911,0.03280553253016655,0.030889699386293008,0.030889699386293008
-838.3696233034134,-0.08455163681956349,0.03285233045795147,0.03093267582297001,0.03093267582297001
-837.7515610456467,-0.08448930372196788,0.03289922745781563,0.03097574105398532,0.03097574105398532
-837.13349878788,-0.08442697062437225,0.03294622380631638,0.0310188953214217,0.0310188953214217
-836.5154365301132,-0.08436463752677664,0.032993319780964814,0.03106213886817794,0.03106213886817794
-835.8973742723465,-0.08430230442918102,0.033040515660229704,0.0311054719379721,0.0311054719379721
-835.2793120145798,-0.08423997133158541,0.03308781172354133,0.031148894775344802,0.031148894775344802
-834.661249756813,-0.0841776382339898,0.03313520825129547,0.031192407625662527,0.031192407625662527
-834.0431874990463,-0.08411530513639418,0.03318270552485736,0.031236010735120917,0.031236010735120917
-833.4251252412796,-0.08405297203879857,0.03323030382656562,0.031279704350748075,0.031279704350748075
-832.8070629835129,-0.08399063894120294,0.033278003439736276,0.03132348872040793,0.03132348872040793
-832.1890007257462,-0.08392830584360733,0.033325804648666794,0.03136736409280362,0.03136736409280362
-831.5709384679794,-0.08386597274601171,0.03337370773864004,0.03141133071748077,0.03141133071748077
-830.9528762698174,-0.08380363965442737,0.033421712991293914,0.03145538884057767,0.03145538884057767
-830.3348140120506,-0.08374130655683176,0.03346982070315336,0.031499538721832976,0.031499538721832976
-829.7167517542839,-0.08367897345923614,0.03351803115785734,0.03154378060909586,0.03154378060909586
-829.0986894965172,-0.08361664036164053,0.03356634464467116,0.03158811475531615,0.03158811475531615
-828.4806272387505,-0.0835543072640449,0.033614761453865945,0.03163254141430333,0.03163254141430333
-827.8625649809837,-0.0834919741664493,0.033663281876722864,0.0316770608407299,0.0316770608407299
-827.244502723217,-0.08342964106885367,0.03371190620553727,0.03172167329013499,0.03172167329013499
-826.6264404654503,-0.08336730797125806,0.03376063473362282,0.03176637901892777,0.03176637901892777
-826.0083782076836,-0.08330497487366244,0.033809467755315764,0.03181117828439101,0.03181117828439101
-825.3903159499168,-0.08324264177606683,0.03385840556597913,0.03185607134468454,0.03185607134468454
-824.7722536921501,-0.08318030867847122,0.03390744846200695,0.031901058458848865,0.031901058458848865
-824.1541914343834,-0.0831179755808756,0.03395659674082854,0.031946139886808736,0.031946139886808736
-823.5361291766167,-0.08305564248327998,0.03400585070091281,0.03199131588937662,0.03199131588937662
-822.91806691885,-0.08299330938568436,0.034055210641772506,0.03203658672825643,0.03203658672825643
-822.3000046610832,-0.08293097628808875,0.034104676863968585,0.032081952666047076,0.032081952666047076
-821.6819424033165,-0.08286864319049313,0.034154249669114525,0.03212741396624605,0.03212741396624605
-821.0638801455498,-0.08280631009289752,0.034203929359880744,0.03217297089325314,0.03217297089325314
-820.445817887783,-0.08274397699530191,0.03425371623999893,0.03221862371237407,0.03221862371237407
-819.8277556300163,-0.08268164389770628,0.034303610614266435,0.0322643726898242,0.0322643726898242
-819.2096933722496,-0.08261931080011067,0.03435361278855081,0.03231021809273213,0.03231021809273213
-818.5916311740875,-0.08255697770852632,0.03440372306495635,0.03235616018470833,0.03235616018470833
-817.9735689163208,-0.08249464461093071,0.034453941761169234,0.03240219924358029,0.03240219924358029
-817.3555066585541,-0.08243231151333509,0.0345042691814668,0.032448335534813064,0.032448335534813064
-816.7374444007874,-0.08236997841573948,0.03455470563604177,0.03249456932922584,0.03249456932922584
-816.1193821430206,-0.08230764531814387,0.03460525143617945,0.03254090089856988,0.03254090089856988
-815.5013198852539,-0.08224531222054825,0.03465590689426225,0.03258733051553228,0.03258733051553228
-814.8832576274872,-0.08218297912295264,0.034706672323774355,0.03263385845373983,0.03263385845373983
-814.2651953697205,-0.08212064602535701,0.034757548039306245,0.03268048498776283,0.03268048498776283
-813.6471331119537,-0.0820583129277614,0.034808534356559305,0.03272721039311894,0.03272721039311894
-813.029070854187,-0.08199597983016578,0.03485963159235058,0.03277403494627707,0.03277403494627707
-812.4110085964203,-0.08193364673257017,0.034910840064617324,0.03282095892466128,0.03282095892466128
-811.7929463386536,-0.08187131363497455,0.03496216009242174,0.03286798260665467,0.03286798260665467
-811.1748840808868,-0.08180898053737894,0.03501359199595568,0.03291510627160328,0.03291510627160328
-810.5568218231201,-0.08174664743978333,0.03506513609654543,0.03296233019982012,0.03296233019982012
-809.9387595653534,-0.0816843143421877,0.03511679271665637,0.033009654672589074,0.033009654672589074
-809.3206973075867,-0.08162198124459209,0.035168562179897826,0.033057079972168876,0.033057079972168876
-808.70263504982,-0.08155964814699647,0.03522044481102788,0.03310460638179718,0.03310460638179718
-808.0845727920532,-0.08149731504940086,0.03527244093595816,0.033152234185694504,0.033152234185694504
-807.4665105342865,-0.08143498195180524,0.035324550881758676,0.03319996366906831,0.03319996366906831
-806.8484482765198,-0.08137264885420963,0.03537677497666277,0.033247795118117075,0.033247795118117075
-806.2303860783577,-0.08131031576262529,0.03542911354501898,0.033295728815406794,0.033295728815406794
-805.612323820591,-0.08124798266502967,0.035481566927496724,0.03334376505837542,0.03334376505837542
-804.9942615628242,-0.08118564956743406,0.035534135450806734,0.033391904131601285,0.033391904131601285
-804.3761993050575,-0.08112331646983843,0.03558681944788469,0.033440146325287884,0.033440146325287884
-803.7581370472908,-0.08106098337224282,0.03563961925285425,0.033488491930650253,0.033488491930650253
-803.1400747895241,-0.0809986502746472,0.03569253520103208,0.03353694123991923,0.03353694123991923
-802.5220125317574,-0.08093631717705159,0.03574556762893297,0.033585494546345636,0.033585494546345636
-801.9039502739906,-0.08087398407945597,0.03579871687427478,0.033634152144204454,0.033634152144204454
-801.2858880162239,-0.08081165098186036,0.035851983275983615,0.03368291432879909,0.03368291432879909
-800.6678257584572,-0.08074931788426475,0.03590536717419891,0.03373178139646565,0.03373178139646565
-800.0497635006905,-0.08068698478666912,0.035958868910278594,0.0337807536445772,0.0337807536445772
-799.4317012429237,-0.08062465168907351,0.03601248882680421,0.03382983137154803,0.03382983137154803
-798.813638985157,-0.08056231859147789,0.03606622726758614,0.03387901487683804,0.03387901487683804
-798.1955767273903,-0.08049998549388228,0.03612008457766882,0.03392830446095705,0.03392830446095705
-797.5775144696236,-0.08043765239628665,0.03617406110333597,0.03397770042546912,0.03397770042546912
-796.9594522118568,-0.08037531929869104,0.036228157192115834,0.03402720307299699,0.03402720307299699
-796.3413899540901,-0.08031298620109543,0.03628237319278656,0.03407681270722646,0.03407681270722646
-795.7233276963234,-0.08025065310349981,0.0363367094553814,0.03412652963291082,0.03412652963291082
-795.1052654385567,-0.0801883200059042,0.03639116633119414,0.03417635415587523,0.03417635415587523
-794.48720318079,-0.08012598690830858,0.036445744172784414,0.03422628658302131,0.03422628658302131
-793.8691409826279,-0.08006365381672424,0.03650044332870225,0.034276327217500485,0.034276327217500485
-793.2510787248611,-0.08000132071912862,0.03655526416460538,0.03432647637803219,0.03432647637803219
-792.6330164670944,-0.07993898762153301,0.036610207031614356,0.03437673436995361,0.03437673436995361
-792.0149542093277,-0.0798766545239374,0.03666527228740654,0.03442710150451697,0.03442710150451697
-791.396891951561,-0.07981432142634177,0.03672046029095247,0.03447757809407354,0.03447757809407354
-790.7788296937943,-0.07975198832874617,0.0367757714025213,0.03452816445207822,0.03452816445207822
-790.1607674360275,-0.07968965523115054,0.03683120598368639,0.03457886089309417,0.03457886089309417
-789.5427051782608,-0.07962732213355493,0.03688676439733092,0.03462966773279742,0.03462966773279742
-788.9246429204941,-0.07956498903595931,0.03694244700765345,0.03468058528798158,0.03468058528798158
-788.3065806627274,-0.0795026559383637,0.03699825418017359,0.03473161387656248,0.03473161387656248
-787.6885184049606,-0.07944032284076807,0.03705418628173769,0.03478275381758291,0.03478275381758291
-787.0704561471939,-0.07937798974317246,0.037110243680524464,0.0348340054312173,0.0348340054312173
-786.4523938894272,-0.07931565664557685,0.03716642674605077,0.03488536903877654,0.03488536903877654
-785.8343316316605,-0.07925332354798123,0.037222735849177346,0.03493684496271272,0.03493684496271272
-785.2162693738937,-0.07919099045038562,0.03727917136211462,0.034988433526623904,0.034988433526623904
-784.598207116127,-0.07912865735279,0.03733573365842844,0.035040135055259,0.035040135055259
-783.9801448583603,-0.07906632425519439,0.037392423113045976,0.035091949874522584,0.035091949874522584
-783.3620826005936,-0.07900399115759876,0.0374492401022616,0.03514387831147975,0.03514387831147975
-782.7440203428268,-0.07894165806000315,0.037506185003742705,0.03519592069436102,0.03519592069436102
-782.1259580850601,-0.07887932496240754,0.03756325819653568,0.035248077352567284,0.035248077352567284
-781.5078958272934,-0.07881699186481192,0.0376204600610719,0.03530034861667469,0.03530034861667469
-780.8898336291313,-0.07875465877322758,0.03767779097363849,0.03535273481338207,0.03535273481338207
-780.2717713713646,-0.07869232567563196,0.03773525132851241,0.03540523628573507,0.03540523628573507
-779.6537091135979,-0.07862999257803635,0.037792841504793145,0.03545785336281908,0.03545785336281908
-779.0356468558311,-0.07856765948044073,0.03785056188851199,0.03551058637996126,0.03551058637996126
-778.4175845980644,-0.07850532638284512,0.0379084128671153,0.03556343567368912,0.03556343567368912
-777.7995223402977,-0.0784429932852495,0.03796639482947075,0.03561640158173561,0.03561640158173561
-777.181460082531,-0.07838066018765388,0.03802450816587349,0.035669484443044144,0.035669484443044144
-776.5633978247643,-0.07831832709005827,0.038082753268052265,0.03572268459777389,0.03572268459777389
-775.9453355669975,-0.07825599399246265,0.03814113052917572,0.03577600238730481,0.03577600238730481
-775.3272733092308,-0.07819366089486704,0.0381996403438586,0.035829438154242874,0.035829438154242874
-774.7092110514641,-0.07813132779727142,0.03825828310816811,0.03588299224242529,0.03588299224242529
-774.0911487936974,-0.0780689946996758,0.03831705921963011,0.03593666499692576,0.03593666499692576
-773.4730865359306,-0.07800666160208018,0.038375969077235596,0.03599045676405964,0.03599045676405964
-772.8550242781639,-0.07794432850448457,0.03843501308144701,0.03604436789138935,0.03604436789138935
-772.2369620203972,-0.07788199540688896,0.038494191634204644,0.036098398727729616,0.036098398727729616
-771.6188997626305,-0.07781966230929334,0.038553505138933124,0.036152549623152855,0.036152549623152855
-771.0008375048637,-0.07775732921169773,0.038612954000547886,0.03620682092899446,0.03620682092899446
-770.382775247097,-0.0776949961141021,0.03867253862546165,0.03626121299785827,0.03626121299785827
-769.7647129893303,-0.0776326630165065,0.038732259421590975,0.036315726183621985,0.036315726183621985
-769.1466507315636,-0.07757032991891087,0.03879211679836286,0.036370360841442524,0.036370360841442524
-768.5285885334015,-0.07750799682732654,0.03885211116092902,0.03642511732247514,0.03642511732247514
-767.9105262756348,-0.07744566372973093,0.038912242933328546,0.03647999599501296,0.03647999599501296
-767.292464017868,-0.0773833306321353,0.03897251252378038,0.03653499721280899,0.03653499721280899
-766.6744017601013,-0.07732099753453969,0.03903292034781964,0.0365901213361923,0.0365901213361923
-766.0563395023346,-0.07725866443694407,0.039093466822525215,0.03664536872679886,0.03664536872679886
-765.4382772445679,-0.07719633133934846,0.03915415236652659,0.03670073974757714,0.03670073974757714
-764.8202149868011,-0.07713399824175284,0.039214977400010606,0.036756234762793785,0.036756234762793785
-764.2021527290344,-0.07707166514415723,0.03927594234472839,0.03681185413803923,0.03681185413803923
-763.5840904712677,-0.0770093320465616,0.03933704762400212,0.036867598240233425,0.036867598240233425
-762.966028213501,-0.07694699894896599,0.039398293662732,0.03692346743763152,0.03692346743763152
-762.3479659557343,-0.07688466585137038,0.03945968088740325,0.03697946209982965,0.03697946209982965
-761.7299036979675,-0.07682233275377476,0.039521209726093,0.0370355825977707,0.0370355825977707
-761.1118414402008,-0.07675999965617915,0.03958288060847733,0.037091829303750046,0.037091829303750046
-760.4937791824341,-0.07669766655858352,0.03964469396583843,0.0371482025914215,0.0371482025914215
-759.8757169246674,-0.07663533346098791,0.03970665023107152,0.0372047028358031,0.0372047028358031
-759.2576546669006,-0.07657300036339229,0.0397687498386921,0.03726133041328297,0.03726133041328297
-758.6395924091339,-0.07651066726579668,0.03983099322484306,0.03731808570162534,0.03731808570162534
-758.0215301513672,-0.07644833416820107,0.03989338082730193,0.0373749690799764,0.0373749690799764
-757.4034678936005,-0.07638600107060545,0.039955913085488015,0.03743198092887033,0.03743198092887033
-756.7854056358337,-0.07632366797300984,0.04001859044046975,0.03748912163023527,0.03748912163023527
-756.1673434376717,-0.07626133488142549,0.04008141332890648,0.03754639156187015,0.03754639156187015
-755.5492811799049,-0.07619900178382988,0.0401443822073038,0.03760379111955521,0.03760379111955521
-754.9312189221382,-0.07613666868623425,0.040207497515669974,0.03766132068392012,0.03766132068392012
-754.3131566643715,-0.07607433558863864,0.04027075970174331,0.03771898064252965,0.03771898064252965
-753.6950944066048,-0.07601200249104302,0.040334169214948194,0.03777677138437304,0.03777677138437304
-753.077032148838,-0.07594966939344741,0.040397726506402463,0.037834693299870166,0.037834693299870166
-752.4589698910713,-0.0758873362958518,0.04046143202892502,0.0378927467808778,0.0378927467808778
-751.8409076333046,-0.07582500319825618,0.04052528623704343,0.037950932220695885,0.037950932220695885
-751.2228453755379,-0.07576267010066057,0.04058928958700145,0.0380092500140737,0.0380092500140737
-750.6047831177711,-0.07570033700306494,0.04065344253676673,0.03806770055721633,0.03806770055721633
-749.9867208600044,-0.07563800390546933,0.0407177455460385,0.0381262842477909,0.0381262842477909
-749.3686586022377,-0.07557567080787371,0.0407821990762553,0.03818500148493301,0.03818500148493301
-748.750596344471,-0.0755133377102781,0.04084680359060273,0.03824385266925306,0.03824385266925306
-748.1325340867043,-0.07545100461268249,0.04091155955402124,0.03830283820284283,0.03830283820284283
-747.5144718289375,-0.07538867151508687,0.04097646743321407,0.03836195848928185,0.03836195848928185
-746.8964095711708,-0.07532633841749126,0.04104152769665501,0.038421213933643915,0.038421213933643915
-746.2783473134041,-0.07526400531989563,0.041106740814596414,0.038480604942503646,0.038480604942503646
-745.6602850556374,-0.07520167222230002,0.04117210725907715,0.03854013192394309,0.03854013192394309
-745.0422227978706,-0.0751393391247044,0.04123762750393059,0.038599795287558226,0.038599795287558226
-744.4241605401039,-0.07507700602710879,0.041303302024792675,0.03865959544446573,0.03865959544446573
-743.8060983419418,-0.07501467293552445,0.041369131292754116,0.03871953280152271,0.03871953280152271
-743.1880360841751,-0.07495233983792883,0.04143511579977715,0.03877960778446753,0.03877960778446753
-742.5699738264084,-0.07489000674033322,0.04150125602061317,0.038839820803245335,0.038839820803245335
-741.9519115686417,-0.0748276736427376,0.04156755243818973,0.03890017227512235,0.03890017227512235
-741.3338493108749,-0.07476534054514199,0.04163400553727786,0.038960662618919124,0.038960662618919124
-740.7157870531082,-0.07470300744754636,0.0417006158045003,0.03902129225501739,0.03902129225501739
-740.0977247953415,-0.07464067434995075,0.04176738372833991,0.03908206160536694,0.03908206160536694
-739.4796625375748,-0.07457834125235513,0.04183430979914799,0.0391429710934925,0.0391429710934925
-738.861600279808,-0.07451600815475952,0.04190139450915284,0.03920402114450067,0.03920402114450067
-738.2435380220413,-0.07445367505716391,0.04196863835246808,0.03926521218508696,0.03926521218508696
-737.6254757642746,-0.07439134195956829,0.04203604182510122,0.03932654464354279,0.03932654464354279
-737.0074135065079,-0.07432900886197268,0.042103605424962325,0.039388018949762474,0.039388018949762474
-736.3893512487411,-0.07426667576437705,0.04217132965187247,0.03944963553525038,0.03944963553525038
-735.7712889909744,-0.07420434266678144,0.042239215007572474,0.03951139483312805,0.03951139483312805
-735.1532267332077,-0.07414200956918582,0.042307261995731614,0.039573297278141295,0.039573297278141295
-734.535164475441,-0.07407967647159021,0.04237547112195628,0.03963534330666746,0.03963534330666746
-733.9171022176743,-0.0740173433739946,0.04244384289379888,0.03969753335672261,0.03969753335672261
-733.2990399599075,-0.07395501027639897,0.04251237782076655,0.039759867867968854,0.039759867867968854
-732.6809777021408,-0.07389267717880336,0.04258107641433014,0.03982234728172155,0.03982234728172155
-732.0629154443741,-0.07383034408120774,0.04264993918793307,0.039884972040956757,0.039884972040956757
-731.444853246212,-0.0737680109896234,0.04271896665033549,0.039947742584258046,0.039947742584258046
-730.8267909884453,-0.07370567789202778,0.04278815933226668,0.04001065937005182,0.04001065937005182
-730.2087287306786,-0.07364334479443217,0.04285751774649291,0.04007372284029409,0.04007372284029409
-729.5906664729118,-0.07358101169683655,0.04292704241443816,0.040136933444677676,0.040136933444677676
-728.9726042151451,-0.07351867859924094,0.04299673385954429,0.04020029163459333,0.04020029163459333
-728.3545419573784,-0.07345634550164533,0.043066592607280345,0.04026379786313731,0.04026379786313731
-727.7364796996117,-0.0733940124040497,0.04313661918515167,0.040327452585118974,0.040327452585118974
-727.1184174418449,-0.0733316793064541,0.04320681412270934,0.040391256257068416,0.040391256257068416
-726.5003551840782,-0.07326934620885847,0.04327717795155946,0.040455209337244204,0.040455209337244204
-725.8822929263115,-0.07320701311126286,0.04334771120537258,0.04051931228564104,0.04051931228564104
-725.2642306685448,-0.07314468001366724,0.04341841441989306,0.040583565563997594,0.040583565563997594
-724.646168410778,-0.07308234691607163,0.04348928813294876,0.040647969635804214,0.040647969635804214
-724.0281061530113,-0.07302001381847602,0.04356033288446039,0.04071252496631088,0.04071252496631088
-723.4100438952446,-0.0729576807208804,0.04363154921645121,0.040777232022535026,0.040777232022535026
-722.7919816374779,-0.07289534762328478,0.04370293767305667,0.04084209127326944,0.04084209127326944
-722.1739193797112,-0.07283301452568916,0.04377449880053412,0.04090710318909032,0.04090710318909032
-721.5558571219444,-0.07277068142809355,0.043846233147272526,0.04097226824236522,0.04097226824236522
-720.9377948641777,-0.07270834833049793,0.043918141263802266,0.041037586907261045,0.041037586907261045
-720.319732606411,-0.07264601523290232,0.043990223702805066,0.041103059659752285,0.041103059659752285
-719.7016703486443,-0.07258368213530669,0.0440624810191238,0.04116868697762903,0.04116868697762903
-719.0836080908775,-0.07252134903771108,0.0441349137697725,0.041234469340505175,0.041234469340505175
-718.4655458927155,-0.07245901594612675,0.044207522506935666,0.041300407223460206,0.041300407223460206
-717.8474836349487,-0.07239668284853112,0.04428030780600415,0.04136650112249813,0.04136650112249813
-717.229421377182,-0.07233434975093551,0.044353270223571994,0.04143275151640231,0.04143275151640231
-716.6113591194153,-0.07227201665333989,0.044426410325438474,0.041499158892164455,0.041499158892164455
-715.9932968616486,-0.07220968355574428,0.04449972867962466,0.0415657237386416,0.0415657237386416
-715.3752346038818,-0.07214735045814866,0.044573225856383576,0.04163244654656452,0.04163244654656452
-714.7571723461151,-0.07208501736055305,0.044646902428210594,0.04169932780854617,0.04169932780854617
-714.1391100883484,-0.07202268426295744,0.04472075896985388,0.041766368019090276,0.041766368019090276
-713.5210478305817,-0.07196035116536181,0.04479479605832471,0.041833567674599864,0.041833567674599864
-712.9029855728149,-0.0718980180677662,0.04486901427290805,0.041900927273385805,0.041900927273385805
-712.2849233150482,-0.07183568497017058,0.04494341419517308,0.041968447315675575,0.041968447315675575
-711.6668610572815,-0.07177335187257497,0.04501799640898383,0.0420361283036219,0.0420361283036219
-711.0487987995148,-0.07171101877497935,0.045092761500509816,0.04210397074131143,0.04210397074131143
-710.430736541748,-0.07164868567738374,0.04516771005823673,0.04217197513477366,0.04217197513477366
-709.8126742839813,-0.07158635257978813,0.04524284267297733,0.04224014199198963,0.04224014199198963
-709.1946120262146,-0.0715240194821925,0.045318159937882144,0.04230847182290093,0.04230847182290093
-708.5765497684479,-0.07146168638459689,0.04539366244845041,0.04237696513941847,0.04237696513941847
-707.9584875106812,-0.07139935328700127,0.0454693508025411,0.0424456224554316,0.0424456224554316
-707.3404252529144,-0.07133702018940566,0.045545225600383814,0.042514444286817055,0.042514444286817055
-706.7223629951477,-0.07127468709181004,0.045621287444589896,0.04258343115144798,0.04258343115144798
-706.1043007969856,-0.0712123540002257,0.04569753693280116,0.04265258356252623,0.04265258356252623
-705.4862385392189,-0.07115002090263008,0.045773974687132575,0.04272190205528307,0.04272190205528307
-704.8681762814522,-0.07108768780503447,0.04585060131006342,0.04279138714697496,0.04279138714697496
-704.2501140236855,-0.07102535470743886,0.0459274174138439,0.042861039363552504,0.042861039363552504
-703.6320517659187,-0.07096302160984323,0.04600442361316218,0.04293085923300881,0.04293085923300881
-703.013989508152,-0.07090068851224762,0.046081620525155895,0.043000847285388756,0.043000847285388756
-702.3959272503853,-0.070838355414652,0.04615900876942347,0.043071004052798546,0.043071004052798546
-701.7778649926186,-0.07077602231705639,0.04623658896803581,0.04314133006941505,0.04314133006941505
-701.1598027348518,-0.07071368921946077,0.04631436174554792,0.04321182587149533,0.04321182587149533
-700.5417404770851,-0.07065135612186516,0.04639232772901047,0.04328249199738615,0.04328249199738615
-699.9236782193184,-0.07058902302426955,0.046470487547981575,0.0433533289875337,0.0433533289875337
-699.3056159615517,-0.07052668992667392,0.04654884183453868,0.04342433738449311,0.04342433738449311
-698.6875537037849,-0.07046435682907831,0.0466273912232903,0.04349551773293819,0.04349551773293819
-698.0694914460182,-0.07040202373148269,0.04670613635138801,0.043566870579671235,0.043566870579671235
-697.4514291882515,-0.07033969063388708,0.0467850778585384,0.043638396473632775,0.043638396473632775
-696.8333669304848,-0.07027735753629145,0.04686421638701521,0.04371009596591142,0.04371009596591142
-696.215304672718,-0.07021502443869584,0.046943552581671336,0.04378196960975383,0.04378196960975383
-695.5972424149513,-0.07015269134110022,0.04702308708995107,0.0438540179605746,0.0438540179605746
-694.9791801571846,-0.07009035824350461,0.0471028205619024,0.04392624157596635,0.04392624157596635
-694.3611178994179,-0.070028025145909,0.04718275365018924,0.04399864101570967,0.04399864101570967
-693.7430557012558,-0.06996569205432465,0.04726288700236627,0.044071216834775793,0.044071216834775793
-693.1249934434891,-0.06990335895672904,0.04734322129182228,0.04414396961134991,0.04414396961134991
-692.5069311857224,-0.06984102585913342,0.04742375717142544,0.04421689990484718,0.04421689990484718
-691.8888689279556,-0.06977869276153781,0.04750449530442801,0.0442900082839021,0.0442900082839021
-691.2708066701889,-0.06971635966394218,0.047585436356760796,0.044363295319388395,0.044363295319388395
-690.6527444124222,-0.06965402656634657,0.04766658099704591,0.044436761584429274,0.044436761584429274
-690.0346821546555,-0.06959169346875096,0.047747929896609496,0.04451040765440801,0.04451040765440801
-689.4166198968887,-0.06952936037115534,0.0478294837294946,0.04458423410697834,0.04458423410697834
-688.798557639122,-0.06946702727355973,0.04791124317247419,0.04465824152207506,0.04465824152207506
-688.1804953813553,-0.06940469417596411,0.047993208905063985,0.04473243048192463,0.04473243048192463
-687.5624331235886,-0.0693423610783685,0.04807538160953569,0.044806801571055835,0.044806801571055835
-686.9443708658218,-0.06928002798077287,0.048157761970930024,0.04488135537631054,0.04488135537631054
-686.3263086080551,-0.06921769488317726,0.04824035067707003,0.0449560924868544,0.0449560924868544
-685.7082463502884,-0.06915536178558165,0.04832314841857426,0.04503101349418775,0.04503101349418775
-685.0901840925217,-0.06909302868798603,0.04840615588887018,0.04510611899215654,0.04510611899215654
-684.472121834755,-0.06903069559039042,0.04848937378420762,0.04518140957696314,0.04518140957696314
-683.8540595769882,-0.0689683624927948,0.04857280280367222,0.045256885847177554,0.045256885847177554
-683.2359973192215,-0.06890602939519919,0.048656443649199035,0.04533254840374834,0.04533254840374834
-682.6179350614548,-0.06884369629760356,0.048740297025586236,0.04540839785001376,0.04540839785001376
-681.999872803688,-0.06878136320000795,0.048824363640508725,0.04548443479171304,0.04548443479171304
-681.381810605526,-0.0687190301084236,0.048908644196393826,0.0455606598296375,0.0455606598296375
-680.7637483477592,-0.068656697010828,0.04899313942296714,0.045637073589063895,0.045637073589063895
-680.1456860899925,-0.06859436391323238,0.04907785002849957,0.04571367667566004,0.04571367667566004
-679.5276238322258,-0.06853203081563676,0.04916277673231191,0.045790469704881924,0.045790469704881924
-678.9095615744591,-0.06846969771804115,0.04924792025667154,0.04586745329464329,0.04586745329464329
-678.2914993166924,-0.06840736462044553,0.04933328132680655,0.04594462806532721,0.04594462806532721
-677.6734370589256,-0.06834503152284992,0.04941886067092002,0.04602199463979771,0.04602199463979771
-677.0553748011589,-0.06828269842525429,0.04950465902020434,0.046099553643411444,0.046099553643411444
-676.4373125433922,-0.06822036532765868,0.049590677108855584,0.04617730570402936,0.04617730570402936
-675.8192502856255,-0.06815803223006307,0.04967691567408818,0.04625525145202864,0.04625525145202864
-675.2011880278587,-0.06809569913246745,0.049763375456149235,0.04633339152031446,0.04633339152031446
-674.583125770092,-0.06803336603487184,0.049850057198333325,0.04641172654433194,0.04641172654433194
-673.9650635123253,-0.06797103293727622,0.04993696164699729,0.04649025716207819,0.04649025716207819
-673.3470012545586,-0.0679086998396806,0.0500240895515749,0.04656898401411433,0.04656898401411433
-672.7289389967918,-0.06784636674208498,0.05011144166459183,0.04664790774357757,0.04664790774357757
-672.1108767390251,-0.06778403364448937,0.0501990187416807,0.0467270289961935,0.0467270289961935
-671.4928144812584,-0.06772170054689375,0.050286821541596,0.046806348420288295,0.046806348420288295
-670.8747522234917,-0.06765936744929814,0.05037485082622933,0.046885866666801015,0.046885866666801015
-670.256689965725,-0.06759703435170253,0.05046310736062458,0.04696558438929601,0.04696558438929601
-669.6386277079582,-0.0675347012541069,0.05055159191299335,0.0470455022439754,0.0470455022439754
-669.0205655097961,-0.06747236816252257,0.05064030524616377,0.04712562088195542,0.04712562088195542
-668.4025032520294,-0.06741003506492695,0.05072924815183954,0.04720594098020419,0.04720594098020419
-667.7844409942627,-0.06734770196733134,0.050818421399283484,0.04728646319519574,0.04728646319519574
-667.166378736496,-0.06728536886973571,0.05090782576953252,0.04736718819380911,0.04736718819380911
-666.5483164787292,-0.0672230357721401,0.05099746204686896,0.04744811664562436,0.04744811664562436
-665.9302542209625,-0.06716070267454449,0.05108733101883643,0.04752924922293551,0.04752924922293551
-665.3121919631958,-0.06709836957694887,0.051177433476255814,0.04761058660076344,0.04761058660076344
-664.6941297054291,-0.06703603647935326,0.05126777021324116,0.04769212945686883,0.04769212945686883
-664.0760674476624,-0.06697370338175763,0.051358342027215814,0.04777387847176535,0.04777387847176535
-663.4580051898956,-0.06691137028416203,0.05144914971892869,0.047855834328732735,0.047855834328732735
-662.8399429321289,-0.0668490371865664,0.05154019409247038,0.047937997713830074,0.047937997713830074
-662.2218806743622,-0.06678670408897079,0.05163147595528964,0.04802036931590895,0.04802036931590895
-661.6038184165955,-0.06672437099137518,0.05172299611820978,0.048102949826626995,0.048102949826626995
-660.9857561588287,-0.06666203789377956,0.0518147553954453,0.04818573994046125,0.04818573994046125
-660.367693901062,-0.06659970479618395,0.05190675460461839,0.04826874035472157,0.04826874035472157
-659.7496316432953,-0.06653737169858832,0.05199899456677573,0.048351951769564396,0.048351951769564396
-659.1315693855286,-0.06647503860099271,0.05209147610640541,0.04843537488800631,0.04843537488800631
-658.5135071277618,-0.06641270550339709,0.05218420005145364,0.04851901041593774,0.04851901041593774
-657.8954448699951,-0.06635037240580148,0.052277167233341915,0.048602859062136815,0.048602859062136815
-657.2773826122284,-0.06628803930820586,0.05237037848698412,0.048686921538283294,0.048686921538283294
-656.6593203544617,-0.06622570621061025,0.05246383465080367,0.04877119855897244,0.04877119855897244
-656.0412581562996,-0.06616337311902591,0.05255753655770249,0.048855690833570393,0.048855690833570393
-655.4231958985329,-0.06610104002143029,0.052651485071247874,0.048940399098842194,0.048940399098842194
-654.8051336407661,-0.06603870692383468,0.05274568103147154,0.04902532407007635,0.04902532407007635
-654.1870713829994,-0.06597637382623905,0.05284012529100908,0.04911046647367142,0.04911046647367142
-653.5690091252327,-0.06591404072864344,0.05293481870609307,0.04919582703901247,0.04919582703901247
-652.950946867466,-0.06585170763104782,0.053029762136570964,0.04928140649848552,0.04928140649848552
-652.3328846096992,-0.06578937453345221,0.05312495644592288,0.049367205587491886,0.049367205587491886
-651.7148223519325,-0.0657270414358566,0.053220402501279636,0.04945322504446305,0.04945322504446305
-651.0967600941658,-0.06566470833826098,0.05331610117344081,0.04953946561087512,0.04953946561087512
-650.4786978363991,-0.06560237524066537,0.05341205333689302,0.04962592803126357,0.04962592803126357
-649.8606355786324,-0.06554004214306974,0.05350825986982808,0.049712613053238215,0.049712613053238215
-649.2425733208656,-0.06547770904547413,0.05360472165416147,0.04979952142749801,0.04979952142749801
-648.6245110630989,-0.06541537594787851,0.05370143957555092,0.04988665390784601,0.04988665390784601
-648.0064488053322,-0.0653530428502829,0.05379841452341487,0.04997401125120457,0.04997401125120457
-647.3883865475655,-0.06529070975268728,0.05389564739095123,0.05006159421763039,0.05006159421763039
-646.7703242897987,-0.06522837665509167,0.05399313907515625,0.05014940357032984,0.05014940357032984
-646.152262032032,-0.06516604355749606,0.054090890476843415,0.050237440075674177,0.050237440075674177
-645.5341997742653,-0.06510371045990043,0.054188902500662404,0.05032570450321508,0.05032570450321508
-644.9161375164986,-0.06504137736230482,0.05428717605511832,0.050414197625700104,0.050414197625700104
-644.2980752587318,-0.0649790442647092,0.05438571205259093,0.05050292021908817,0.05050292021908817
-643.6800130605698,-0.06491671117312486,0.05448451139981322,0.05059187305397583,0.05059187305397583
-643.061950802803,-0.06485437807552924,0.05458357503602827,0.050681056929948856,0.050681056929948856
-642.4438885450363,-0.06479204497793363,0.054682903875841064,0.05077047262412757,0.05077047262412757
-641.8258262872696,-0.06472971188033802,0.05478249884732448,0.050860120925474275,0.050860120925474275
-641.2077640295029,-0.0646673787827424,0.05488236088252397,0.05095000262624199,0.05095000262624199
-640.5897017717361,-0.06460504568514679,0.05498249091747736,0.0510401185219904,0.0510401185219904
-639.9716395139694,-0.06454271258755116,0.05508288989223498,0.051130469411602236,0.051130469411602236
-639.3535772562027,-0.06448037948995555,0.05518355875087969,0.05122105609729949,0.05122105609729949
-638.735514998436,-0.06441804639235993,0.055284498441547154,0.05131187938465978,0.05131187938465978
-638.1174527406693,-0.06435571329476432,0.05538570991644634,0.05140294008263279,0.05140294008263279
-637.4993904829025,-0.06429338019716871,0.05548719413187977,0.05149423900355692,0.05149423900355692
-636.8813282251358,-0.06423104709957309,0.05558895204826427,0.051585776963175935,0.051585776963175935
-636.2632659673691,-0.06416871400197748,0.05569098463015175,0.05167755478065556,0.05167755478065556
-635.6452037096024,-0.06410638090438185,0.05579329284624982,0.051769573278600545,0.051769573278600545
-635.0271414518356,-0.06404404780678624,0.05589587766944295,0.05186183328307147,0.05186183328307147
-634.4090791940689,-0.06398171470919062,0.05599874007681339,0.05195433562360175,0.05195433562360175
-633.7910169363022,-0.06391938161159501,0.05610188104966252,0.05204708113321486,0.05204708113321486
-633.1729546785355,-0.06385704851399938,0.056205301573532034,0.05214007064844148,0.05214007064844148
-632.5548924207687,-0.06379471541640377,0.05630900263822541,0.052233305009336886,0.052233305009336886
-631.936830163002,-0.06373238231880816,0.0564129852378295,0.05232678505949825,0.05232678505949825
-631.3187679648399,-0.06367004922722382,0.05651725036066742,0.05242051163703156,0.05242051163703156
-630.7007057070732,-0.0636077161296282,0.05662179902956804,0.052514485610748125,0.052514485610748125
-630.0826434493065,-0.06354538303203258,0.05672663224155737,0.05260870782594963,0.05260870782594963
-629.4645811915398,-0.06348304993443697,0.056831751008073764,0.052703179140577275,0.052703179140577275
-628.846518933773,-0.06342071683684135,0.05693715634494857,0.0527979004162028,0.0527979004162028
-628.2284566760063,-0.06335838373924574,0.05704284927242842,0.05289287251804643,0.05289287251804643
-627.6103944182396,-0.06329605064165013,0.05714883081519781,0.05298809631499509,0.05298809631499509
-626.9923321604729,-0.0632337175440545,0.0572551020024015,0.05308357267962058,0.05308357267962058
-626.3742699027061,-0.0631713844464589,0.05736166386766728,0.05317930248819779,0.05317930248819779
-625.7562076449394,-0.06310905134886327,0.05746851744912883,0.053275286620723304,0.053275286620723304
-625.1381453871727,-0.06304671825126766,0.05757566378944867,0.05337152596093382,0.05337152596093382
-624.520083129406,-0.06298438515367204,0.05768310393584121,0.05346802139632479,0.05346802139632479
-623.9020208716393,-0.06292205205607643,0.057790838940095984,0.05356477381816911,0.05356477381816911
-623.2839586138725,-0.0628597189584808,0.0578988698586011,0.053661784121536056,0.053661784121536056
-622.6658963561058,-0.0627973858608852,0.05800719775236659,0.05375905320531023,0.05375905320531023
-622.0478340983391,-0.06273505276328958,0.05811582368704813,0.053856581972210445,0.053856581972210445
-621.4297718405724,-0.06267271966569396,0.05822474873297086,0.05395437132880911,0.05395437132880911
-620.8117095828056,-0.06261038656809835,0.05833397396515312,0.054052422185551445,0.054052422185551445
-620.1936473250389,-0.06254805347050273,0.05844350046333064,0.05415073545677468,0.05415073545677468
-619.5755850672722,-0.062485720372907116,0.05855332931198073,0.05424931206072781,0.05424931206072781
-618.9575228691101,-0.062423387281322774,0.05866346158971086,0.05434815291004628,0.05434815291004628
-618.3394606113434,-0.06236105418372716,0.05877389841179624,0.05444725894992512,0.05444725894992512
-617.7213983535767,-0.06229872108613154,0.058884640866478904,0.054546631100947075,0.054546631100947075
-617.1033360958099,-0.062236387988535924,0.058995690057446856,0.05464627029720482,0.05464627029720482
-616.4852738380432,-0.06217405489094031,0.0591070470932527,0.05474617747680174,0.05474617747680174
-615.8672115802765,-0.0621117217933447,0.05921871308733853,0.05484635358187224,0.05484635358187224
-615.2491493225098,-0.06204938869574908,0.05933068915806129,0.054946799558601905,0.054946799558601905
-614.631087064743,-0.061987055598153463,0.059442976428718035,0.055047516357247986,0.055047516357247986
-614.0130248069763,-0.06192472250055785,0.05955557602757132,0.05514850493215976,0.05514850493215976
-613.3949625492096,-0.06186238940296223,0.059668489087875,0.05524976624179934,0.05524976624179934
-612.7769002914429,-0.06180005630536661,0.05978171674789983,0.05535130124876238,0.05535130124876238
-612.1588380336761,-0.061737723207770996,0.05989526015095948,0.055453110919798786,0.055453110919798786
-611.5407757759094,-0.06167539011017538,0.06000912044543663,0.05555519622583391,0.05555519622583391
-610.9227135181427,-0.06161305701257977,0.0601232987848091,0.05565755814198957,0.05565755814198957
-610.304651260376,-0.06155072391498415,0.06023779632767634,0.05576019764760522,0.05576019764760522
-609.6865890026093,-0.061488390817388536,0.06035261423778589,0.05586311572625938,0.05586311572625938
-609.0685267448425,-0.06142605771979292,0.06046775368406005,0.05596631336579109,0.05596631336579109
-608.4504644870758,-0.0613637246221973,0.06058321584062286,0.056069791558321515,0.056069791558321515
-607.8324022293091,-0.061301391524601685,0.06069900188682692,0.056173551300275563,0.056173551300275563
-607.2143399715424,-0.06123905842700607,0.06081511300728069,0.056277593592403856,0.056277593592403856
-606.5962777137756,-0.06117672532941045,0.06093155039187571,0.05638191943980466,0.05638191943980466
-605.9782155156136,-0.061114392237826116,0.061048315224537804,0.05648652984184373,0.05648652984184373
-605.3601532578468,-0.0610520591402305,0.06116540872832835,0.05659142583255776,0.05659142583255776
-604.7420910000801,-0.06098972604263488,0.06128283209790915,0.05669660842014629,0.05669660842014629
-604.1240287423134,-0.060927392945039266,0.061400586544580596,0.05680207862732026,0.05680207862732026
-603.5059664845467,-0.06086505984744365,0.06151867328506537,0.05690783748125003,0.05690783748125003
-602.8879042267799,-0.06080272674984803,0.06163709354153651,0.05701388601358814,0.05701388601358814
-602.2698419690132,-0.060740393652252415,0.06175584854164597,0.05712022526049196,0.05712022526049196
-601.6517797112465,-0.0606780605546568,0.06187493951855328,0.057226856262646994,0.057226856262646994
-601.0337174534798,-0.06061572745706119,0.061994367710954214,0.05733378006528979,0.05733378006528979
-600.415655195713,-0.06055339435946557,0.06211413436310991,0.05744099771823134,0.05744099771823134
-599.7975929379463,-0.060491061261869955,0.06223424072487591,0.05754851027588035,0.05754851027588035
-599.1795306801796,-0.06042872816427434,0.062354688051731486,0.05765631879726692,0.05765631879726692
-598.5614684224129,-0.06036639506667872,0.06247547760480919,0.05776442434606615,0.05776442434606615
-597.9434061646461,-0.060304061969083105,0.06259661065092435,0.05787282799062187,0.05787282799062187
-597.3253439068794,-0.06024172887148749,0.06271808846260513,0.05798153080397077,0.05798153080397077
-596.7072816491127,-0.06017939577389187,0.06283991231812232,0.05809053386386636,0.05809053386386636
-596.089219391346,-0.06011706267629626,0.06296208350151965,0.0581998382528032,0.0581998382528032
-595.4711571335793,-0.060054729578700644,0.06308460330264413,0.0583094450580413,0.0583094450580413
-594.8530948758125,-0.05999239648110503,0.06320747301717655,0.05841935537163066,0.05841935537163066
-594.2350326180458,-0.05993006338350941,0.06333069394666227,0.05852957029043588,0.05852957029043588
-593.6169704198837,-0.05986773029192507,0.06345426738660788,0.05864009090548773,0.05864009090548773
-592.998908162117,-0.05980539719432945,0.06357819467421491,0.05875091834467127,0.05875091834467127
-592.3808459043503,-0.059743064096733835,0.06370247711690838,0.058862053708800585,0.058862053708800585
-591.7627836465836,-0.059680730999138225,0.06382711604000263,0.05897349811424809,0.05897349811424809
-591.1447213888168,-0.05961839790154261,0.06395211277483301,0.059085252682326256,0.059085252682326256
-590.5266591310501,-0.05955606480394699,0.06407746865878754,0.05919731853931307,0.05919731853931307
-589.9085968732834,-0.059493731706351374,0.06420318503533907,0.05930969681647779,0.05930969681647779
-589.2905346155167,-0.05943139860875576,0.06432926325407741,0.05942238865010672,0.05942238865010672
-588.6724723577499,-0.05936906551116014,0.06445570467074173,0.059535395181529185,0.059535395181529185
-588.0544100999832,-0.059306732413564524,0.06458251064725325,0.05964871755714374,0.05964871755714374
-587.4363478422165,-0.05924439931596891,0.06470968255174789,0.0597623569284443,0.0597623569284443
-586.8182855844498,-0.0591820662183733,0.06483722175860943,0.05987631445204673,0.05987631445204673
-586.200223326683,-0.05911973312077768,0.06496512964850253,0.05999059128971534,0.05999059128971534
-585.5821610689163,-0.05905740002318206,0.0650934076084062,0.06010518860838961,0.06010518860838961
-584.9640988111496,-0.05899506692558645,0.06522205703164742,0.06022010758021124,0.06022010758021124
-584.3460365533829,-0.05893273382799083,0.06535107931793478,0.060335349382551,0.060335349382551
-583.7279742956161,-0.05887040073039521,0.06548047587339263,0.06045091519803613,0.06045091519803613
-583.1099120378494,-0.058808067632799596,0.06561024811059517,0.0605668062145776,0.0605668062145776
-582.4918497800827,-0.05874573453520398,0.06574039744860083,0.06068302362539766,0.06068302362539766
-581.873787522316,-0.05868340143760837,0.06587092531298694,0.06079956862905769,0.06079956862905769
-581.2557253241539,-0.05862106834602403,0.06600183312324161,0.06091644241819886,0.06091644241819886
-580.6376630663872,-0.05855873524842841,0.06613312234333336,0.06103364622468626,0.06103364622468626
-580.0196008086205,-0.058496402150832794,0.0662647944059996,0.06115118125201094,0.06115118125201094
-579.4015385508537,-0.05843406905323718,0.06639685076324321,0.061269048720370485,0.061269048720370485
-578.783476293087,-0.05837173595564156,0.06652929287376211,0.06138724985544248,0.06138724985544248
-578.1654140353203,-0.05830940285804594,0.06666212220298494,0.061505785888413246,0.061505785888413246
-577.5473517775536,-0.058247069760450326,0.06679534022310737,0.06162465805600658,0.06162465805600658
-576.9292895197868,-0.058184736662854716,0.06692894841312824,0.06174386760051288,0.06174386760051288
-576.3112272620201,-0.0581224035652591,0.06706294825888608,0.0618634157698183,0.0618634157698183
-575.6931650042534,-0.05806007046766348,0.06719734125309594,0.06198330381743414,0.06198330381743414
-575.0751027464867,-0.057997737370067866,0.06733212889538619,0.06210353300252645,0.06210353300252645
-574.4570404887199,-0.05793540427247225,0.06746731269233584,0.06222410458994565,0.06222410458994565
-573.8389782309532,-0.05787307117487663,0.06760289415751185,0.06234501985025654,0.06234501985025654
-573.2209159731865,-0.057810738077281015,0.06773887481150676,0.0624662800597683,0.0624662800597683
-572.6028537154198,-0.0577484049796854,0.0678752561819766,0.06258788650056483,0.06258788650056483
-571.984791457653,-0.05768607188208979,0.06801203980367884,0.06270984046053509,0.06270984046053509
-571.3667291998863,-0.05762373878449417,0.06814922721851091,0.06283214323340373,0.06283214323340373
-570.7486669421196,-0.057561405686898555,0.06828681997554847,0.06295479611876205,0.06295479611876205
-570.1306046843529,-0.05749907258930294,0.06842481963108445,0.06307780042209872,0.06307780042209872
-569.5125424265862,-0.05743673949170732,0.06856322774866785,0.0632011574548312,0.0632011574548312
-568.8944802284241,-0.05737440640012298,0.0687020458857359,0.06332486852238929,0.06332486852238929
-568.2764179706573,-0.05731207330252736,0.06884127564724245,0.06344893497200282,0.06344893497200282
-567.6583557128906,-0.05724974020493175,0.06898091860537384,0.06357335812115068,0.06357335812115068
-567.0402934551239,-0.057187407107336136,0.06912097635309847,0.0636981393052804,0.0636981393052804
-566.4222311973572,-0.05712507400974052,0.06926145049083951,0.06382327986592672,0.06382327986592672
-565.8041689395905,-0.0570627409121449,0.06940234262651533,0.06394878115074407,0.06394878115074407
-565.1861066818237,-0.057000407814549285,0.06954365437558016,0.06407464451353893,0.06407464451353893
-564.568044424057,-0.05693807471695367,0.0696853873610651,0.06420087131430256,0.06420087131430256
-563.9499821662903,-0.05687574161935805,0.0698275432136192,0.0643274629192439,0.0643274629192439
-563.3319199085236,-0.056813408521762435,0.06997012357155095,0.0644544207008226,0.0644544207008226
-562.7138576507568,-0.056751075424166825,0.07011313008087004,0.06458174603778231,0.06458174603778231
-562.0957953929901,-0.05668874232657121,0.07025656439532915,0.06470944031518416,0.06470944031518416
-561.4777331352234,-0.05662640922897559,0.07040042817646626,0.0648375049244404,0.0648375049244404
-560.8596708774567,-0.056564076131379974,0.07054472309364707,0.06496594126334836,0.06496594126334836
-560.2416086196899,-0.05650174303378436,0.07068945082410767,0.06509475073612438,0.06509475073612438
-559.6235463619232,-0.05643940993618874,0.07083461305299764,0.06522393475343823,0.06522393475343823
-559.0054841041565,-0.056377076838593124,0.07098021147342305,0.06535349473244753,0.06535349473244753
-558.3874218463898,-0.05631474374099751,0.07112624778649022,0.0654834320968324,0.0654834320968324
-557.769359588623,-0.0562524106434019,0.07127272370134932,0.06561374827683052,0.06561374827683052
-557.1512973308563,-0.05619007754580628,0.0714196409352384,0.06574444470927199,0.06574444470927199
-556.5332351326942,-0.05612774445422194,0.07156700119929522,0.06587552282495555,0.06587552282495555
-555.9151728749275,-0.05606541135662632,0.07171480625548897,0.06600698409928438,0.06600698409928438
-555.2971106171608,-0.056003078259030704,0.07186305783139861,0.06613882997645659,0.06613882997645659
-554.6790483593941,-0.05594074516143509,0.07201175767705957,0.06627106192002796,0.06627106192002796
-554.0609861016273,-0.05587841206383947,0.07216090755081937,0.06640368140032558,0.06640368140032558
-553.4429238438606,-0.055816078966243854,0.07231050921938342,0.06653668989448418,0.06653668989448418
-552.8248615860939,-0.055753745868648244,0.07246056445786074,0.06667008888648285,0.06667008888648285
-552.2067993283272,-0.05569141277105263,0.07261107504981044,0.06680387986718181,0.06680387986718181
-551.5887370705605,-0.05562907967345701,0.072762042787288,0.06693806433435953,0.06693806433435953
-550.9706748127937,-0.055566746575861393,0.07291346947089224,0.06707264379274995,0.06707264379274995
-550.352612555027,-0.05550441347826578,0.07306535690981233,0.06720761975408,0.06720761975408
-549.7345502972603,-0.05544208038067016,0.07321770692187517,0.06734299373710737,0.06734299373710737
-549.1164880394936,-0.05537974728307454,0.07337052133359304,0.06747876726765843,0.06747876726765843
-548.4984257817268,-0.055317414185478926,0.07352380198021158,0.06761494187866648,0.06761494187866648
-547.8803635239601,-0.055255081087883316,0.07367755070575802,0.0677515191102101,0.0677515191102101
-547.2623012661934,-0.0551927479902877,0.07383176936308977,0.06788850050955184,0.06788850050955184
-546.6442390084267,-0.05513041489269208,0.07398645981394315,0.06802588763117713,0.06802588763117713
-546.0261767506599,-0.055068081795096466,0.07414162392898273,0.06816368203683339,0.06816368203683339
-545.4081144928932,-0.05500574869750085,0.07429726358785056,0.06830188529556937,0.06830188529556937
-544.7900522351265,-0.05494341559990523,0.07445338067921607,0.0684404989837748,0.0684404989837748
-544.1719899773598,-0.054881082502309615,0.07460997710082612,0.06857952468522016,0.06857952468522016
-543.5539277791977,-0.05481874941072528,0.07476705474438372,0.06871896397762964,0.06871896397762964
-542.935865521431,-0.05475641631312966,0.07492461555623828,0.06885881848655014,0.06885881848655014
-542.3178032636642,-0.054694083215534046,0.07508266144654722,0.06899908980470877,0.06899908980470877
-541.6997410058975,-0.05463175011793843,0.07524119434987372,0.06913977954580251,0.06913977954580251
-541.0816787481308,-0.05456941702034281,0.07540021621011328,0.06928088933111197,0.06928088933111197
-540.4636164903641,-0.054507083922747196,0.07555972898054575,0.06942242078954275,0.06942242078954275
-539.8455542325974,-0.05444475082515158,0.07571973462388751,0.06956437555766704,0.06956437555766704
-539.2274919748306,-0.05438241772755596,0.07588023511234401,0.06970675527976535,0.06970675527976535
-538.6094297170639,-0.05432008462996035,0.07604123242766286,0.06984956160786868,0.06984956160786868
-537.9913674592972,-0.054257751532364736,0.07620272856118684,0.06999279620180078,0.06999279620180078
-537.3733052015305,-0.05419541843476912,0.07636472551390762,0.0701364607292208,0.0701364607292208
-536.7552429437637,-0.0541330853371735,0.0765272252965196,0.07028055686566614,0.07028055686566614
-536.137180685997,-0.054070752239577885,0.07669022992947414,0.07042508629459548,0.07042508629459548
-535.5191184282303,-0.05400841914198227,0.07685374144303413,0.0705700507074323,0.0705700507074323
-534.9010561704636,-0.05394608604438665,0.07701776187732887,0.07071545180360836,0.07071545180360836
-534.2829939126968,-0.053883752946791034,0.07718229328240937,0.07086129129060774,0.07086129129060774
-533.6649316549301,-0.053821419849195425,0.07734733771830392,0.07100757088401095,0.07100757088401095
-533.0468693971634,-0.05375908675159981,0.07751289725507393,0.07115429230753942,0.07115429230753942
-532.4288071393967,-0.05369675365400419,0.07767897397287035,0.0713014572931002,0.0713014572931002
-531.81074488163,-0.053634420556408574,0.07784556996199016,0.07144906758083092,0.07144906758083092
-531.1926826834679,-0.05357208746482423,0.07801268730679181,0.07159712490484511,0.07159712490484511
-530.5746204257011,-0.053509754367228615,0.07818032815026851,0.07174563105043436,0.07174563105043436
-529.9565581679344,-0.053447421269633,0.0783484945974076,0.07189458776844407,0.07189458776844407
-529.3384959101677,-0.05338508817203738,0.07851718877966377,0.07204399683238982,0.07204399683238982
-528.720433652401,-0.05332275507444177,0.0786864128389263,0.072193860024247,0.072193860024247
-528.1023713946342,-0.053260421976846155,0.07885616892757782,0.07234417913449735,0.07234417913449735
-527.4843091368675,-0.05319808887925054,0.07902645920855333,0.07249495596217606,0.07249495596217606
-526.8662468791008,-0.05313575578165492,0.07919728585539991,0.07264619231491896,0.07264619231491896
-526.2481846213341,-0.053073422684059304,0.07936865105233634,0.07279789000901005,0.07279789000901005
-525.6301223635674,-0.05301108958646369,0.07954055699431357,0.07295005086942942,0.07295005086942942
-525.0120601058006,-0.05294875648886807,0.07971300588707529,0.07310267672990123,0.07310267672990123
-524.3939978480339,-0.052886423391272454,0.07988599994721879,0.07325576943294232,0.07325576943294232
-523.7759355902672,-0.052824090293676844,0.08005954140225656,0.0734093308299108,0.0734093308299108
-523.1578733325005,-0.05276175719608123,0.08023363249067789,0.07356336278105509,0.07356336278105509
-522.5398110747337,-0.05269942409848561,0.08040827546201108,0.07371786715556335,0.07371786715556335
-521.921748816967,-0.05263709100088999,0.08058347257688601,0.07387284583161292,0.07387284583161292
-521.3036865592003,-0.05257475790329438,0.08075922610709697,0.07402830069642052,0.07402830069642052
-520.6856243014336,-0.05251242480569876,0.08093553833566612,0.07418423364629226,0.07418423364629226
-520.0675620436668,-0.05245009170810314,0.08111241155690711,0.07434064658667427,0.07434064658667427
-519.4494997859001,-0.052387758610507526,0.08128984807648915,0.07449754143220369,0.07449754143220369
-518.831437587738,-0.05232542551892319,0.0814678501943082,0.07465492009155901,0.07465492009155901
-518.2133753299713,-0.052263092421327574,0.08164642027327085,0.07481278452826737,0.07481278452826737
-517.5953130722046,-0.05220075932373196,0.0818255606363631,0.0749711366696931,0.0749711366696931
-516.9772508144379,-0.05213842622613634,0.08200527363532595,0.0751299784677519,0.0751299784677519
-516.3591885566711,-0.052076093128540724,0.08218556163358268,0.07528931188380956,0.07528931188380956
-515.7411262989044,-0.05201376003094511,0.08236642700630534,0.07544913888873465,0.07544913888873465
-515.1230640411377,-0.05195142693334949,0.08254787214048183,0.07560946146295168,0.07560946146295168
-514.505001783371,-0.05188909383575388,0.0827298994349833,0.07577028159649453,0.07577028159649453
-513.8869395256042,-0.05182676073815826,0.08291251130063182,0.07593160128906021,0.07593160128906021
-513.2688772678375,-0.051764427640562646,0.08309571016026883,0.07609342255006296,0.07609342255006296
-512.6508150100708,-0.05170209454296703,0.08327949844882362,0.07625574739868884,0.07625574739868884
-512.0327527523041,-0.05163976144537141,0.08346387861338259,0.07641857786395027,0.07641857786395027
-511.41469049453735,-0.051577428347775796,0.08364885311325868,0.07658191598474139,0.07658191598474139
-510.79662823677063,-0.05151509525018018,0.08383442442006139,0.07674576380989331,0.07674576380989331
-510.1785659790039,-0.05145276215258456,0.08402059501776722,0.07691012339823017,0.07691012339823017
-509.5605037212372,-0.05139042905498895,0.0842073674027904,0.07707499681862505,0.07707499681862505
-508.94244146347046,-0.051328095957393335,0.08439474408405434,0.07724038615005664,0.07724038615005664
-508.32437920570374,-0.05126576285979772,0.08458272758306334,0.0774062934816661,0.0774062934816661
-507.706316947937,-0.0512034297622021,0.08477132043397467,0.07757272091281414,0.07757272091281414
-507.0882546901703,-0.051141096664606485,0.08496052518367142,0.0777396705531388,0.0777396705531388
-506.4701924920082,-0.05107876357302214,0.08515034437349987,0.07790714450643696,0.07790714450643696
-505.8521302342415,-0.051016430475426526,0.08534078061262569,0.07807514493537672,0.07807514493537672
-505.23406797647476,-0.05095409737783091,0.08553183646827336,0.07824367396465119,0.07824367396465119
-504.61600571870804,-0.0508917642802353,0.08572351453896451,0.07841273374559017,0.07841273374559017
-503.9979434609413,-0.05082943118263968,0.08591581743631657,0.0785823264400939,0.0785823264400939
-503.3798812031746,-0.050767098085044066,0.08610874778511829,0.07875245422069298,0.07875245422069298
-502.76181894540787,-0.05070476498744845,0.08630230822340569,0.07892311927060829,0.07892311927060829
-502.14375668764114,-0.05064243188985283,0.08649650140253837,0.0790943237838117,0.0790943237838117
-501.5256944298744,-0.050580098792257215,0.08669132998727644,0.07926606996508691,0.07926606996508691
-500.9076321721077,-0.0505177656946616,0.0868867966558579,0.07943836003009058,0.07943836003009058
-500.289569914341,-0.05045543259706598,0.08708290410007631,0.0796111962054142,0.0796111962054142
-499.67150765657425,-0.05039309949947037,0.08727965502535943,0.07978458072864596,0.07978458072864596
-499.0534453988075,-0.050330766401874755,0.08747705215084771,0.0799585158484332,0.0799585158484332
-498.4353831410408,-0.05026843330427914,0.08767509820947383,0.0801330038245454,0.0801330038245454
-497.8173208832741,-0.05020610020668352,0.08787379594804255,0.08030804692793708,0.08030804692793708
-497.19925862550735,-0.050143767109087904,0.08807314812731083,0.08048364744081171,0.08048364744081171
-496.58119636774063,-0.05008143401149229,0.08827315752206889,0.08065980765668554,0.08065980765668554
-495.9631341099739,-0.05001910091389667,0.08847382692122135,0.08083652988045201,0.08083652988045201
-495.3450718522072,-0.049956767816301054,0.08867515912786932,0.0810138164284467,0.0810138164284467
-494.72700959444046,-0.049894434718705444,0.08887715695939258,0.08119166962851233,0.08119166962851233
-494.1089473962784,-0.0498321016271211,0.0890798232279555,0.08137009180283047,0.08137009180283047
-493.49088513851166,-0.049769768529525485,0.08928316081883374,0.08154908533686885,0.08154908533686885
-492.87282288074493,-0.04970743543192987,0.08948717257323036,0.08172865257620822,0.08172865257620822
-492.2547606229782,-0.04964510233433425,0.08969186136647432,0.08190879589538082,0.08190879589538082
-491.6366983652115,-0.049582769236738634,0.08989723008859302,0.08208951768075845,0.08208951768075845
-491.01863610744476,-0.04952043613914302,0.09010328164439795,0.08227082033062015,0.08227082033062015
-490.40057384967804,-0.04945810304154741,0.09031001895357062,0.08245270625522033,0.08245270625522033
-489.7825115919113,-0.04939576994395179,0.0905174449507494,0.0826351778768574,0.0826351778768574
-489.1644493341446,-0.049333436846356174,0.09072556258561654,0.08281823762994271,0.08281823762994271
-488.54638707637787,-0.04927110374876056,0.09093437482298586,0.08300188796107007,0.08300188796107007
-487.92832481861115,-0.04920877065116494,0.09114388464289125,0.08318613132908544,0.08318613132908544
-487.3102625608444,-0.049146437553569323,0.09135409504067529,0.0833709702051575,0.0833709702051575
-486.6922003030777,-0.04908410445597371,0.09156500902707876,0.08355640707284819,0.08355640707284819
-486.074138045311,-0.04902177135837809,0.09177662962833061,0.08374244442818402,0.08374244442818402
-485.45607578754425,-0.04895943826078248,0.09198895988623843,0.08392908477972766,0.08392908477972766
-484.8380135297775,-0.04889710516318686,0.09220200285827965,0.08411633064865007,0.08411633064865007
-484.2199512720108,-0.048834772065591246,0.09241576161769319,0.08430418456880308,0.08430418456880308
-483.6018890142441,-0.04877243896799563,0.09263023925357167,0.08449264908679234,0.08449264908679234
-482.98382675647736,-0.04871010587040001,0.09284543887095438,0.08468172676205088,0.08468172676205088
-482.36576449871063,-0.048647772772804396,0.09306136359092057,0.08487142016691294,0.08487142016691294
-481.7477022409439,-0.04858543967520878,0.09327801655068364,0.08506173188668843,0.08506173188668843
-481.12964004278183,-0.04852310658362444,0.0934954008826862,0.0852526645012947,0.0852526645012947
-480.5115777850151,-0.04846077348602883,0.09371351979862212,0.08544422065904417,0.08544422065904417
-479.8935155272484,-0.04839844038843321,0.09393237646374832,0.08563640296624174,0.08563640296624174
-479.27545326948166,-0.04833610729083759,0.09415197408076671,0.0858292140608535,0.0858292140608535
-478.65739101171494,-0.048273774193241976,0.0943723158689924,0.08602265659420037,0.08602265659420037
-478.0393287539482,-0.04821144109564636,0.09459340506445135,0.08621673323103522,0.08621673323103522
-477.4212664961815,-0.04814910799805074,0.09481524491997867,0.08641144664962092,0.08641144664962092
-476.80320423841476,-0.048086774900455126,0.09503783870531753,0.08660679954180821,0.08660679954180821
-476.18514198064804,-0.04802444180285951,0.09526118970721863,0.08680279461311483,0.08680279461311483
-475.5670797228813,-0.0479621087052639,0.09548530122954042,0.08699943458280446,0.08699943458280446
-474.9490174651146,-0.04789977560766828,0.09571017659334985,0.0871967221839666,0.0871967221839666
-474.33095520734787,-0.047837442510072666,0.0959358191370238,0.08739466016359683,0.08739466016359683
-473.71289294958115,-0.04777510941247705,0.09616223221635106,0.08759325128267755,0.08759325128267755
-473.0948306918144,-0.04771277631488143,0.09638941920463528,0.0877924983162592,0.0877924983162592
-472.4767684340477,-0.047650443217285815,0.09661738349279804,0.08799240405354208,0.08799240405354208
-471.858706176281,-0.0475881101196902,0.09684612848948303,0.08819297129795864,0.08819297129795864
-471.24064391851425,-0.04752577702209458,0.09707565762116074,0.08839420286725637,0.08839420286725637
-470.6225816607475,-0.04746344392449897,0.0973059743322337,0.08859610159358099,0.08859610159358099
-470.0045194029808,-0.047401110826903355,0.09753708208514253,0.08879867032356051,0.08879867032356051
-469.3864571452141,-0.04733877772930774,0.09776898436047272,0.08900191191838949,0.08900191191838949
-468.768394947052,-0.047276444637723396,0.09800168463458196,0.089205829234216,0.089205829234216
-468.1503326892853,-0.04721411154012778,0.09823518646954998,0.08941042520095376,0.08941042520095376
-467.53227043151855,-0.04715177844253216,0.09846949337864065,0.0896157027043762,0.0896157027043762
-466.91420817375183,-0.047089445344936545,0.09870460891609878,0.08982166466479913,0.08982166466479913
-466.2961459159851,-0.047027112247340935,0.09894053665485741,0.09002831401753517,0.09002831401753517
-465.6780836582184,-0.04696477914974532,0.09917728018664879,0.09023565371298124,0.09023565371298124
-465.06002140045166,-0.0469024460521497,0.09941484312211579,0.090443686716707,0.090443686716707
-464.44195914268494,-0.046840112954554085,0.09965322909092401,0.09065241600954345,0.09065241600954345
-463.8238968849182,-0.04677777985695847,0.09989244174187484,0.09086184458767232,0.09086184458767232
-463.2058346271515,-0.04671544675936285,0.10013248474301889,0.09107197546271621,0.09107197546271621
-462.58777236938477,-0.046653113661767234,0.10037336178177048,0.09128281166182867,0.09128281166182867
-461.96971011161804,-0.04659078056417162,0.10061507656502268,0.09149435622778565,0.09149435622778565
-461.3516478538513,-0.04652844746657601,0.1008576328192629,0.09170661221907685,0.09170661221907685
-460.7335855960846,-0.04646611436898039,0.10110103429068969,0.09191958270999813,0.09191958270999813
-460.11552333831787,-0.046403781271384774,0.10134528474532972,0.09213327079074429,0.09213327079074429
-459.49746108055115,-0.04634144817378916,0.101590387969156,0.09234767956750232,0.09234767956750232
-458.8793988227844,-0.04627911507619354,0.10183634776820646,0.09256281216254564,0.09256281216254564
-458.2613365650177,-0.04621678197859792,0.10208316796870344,0.09277867171432844,0.09277867171432844
-457.643274307251,-0.046154448881002307,0.102330852417174,0.09299526137758096,0.09299526137758096
-457.02521204948425,-0.04609211578340669,0.10257940498057083,0.09321258432340543,0.09321258432340543
-456.4071498513222,-0.046029782691822355,0.10282882952229798,0.09343064371830741,0.09343064371830741
-455.78908759355545,-0.04596744959422674,0.10307912999863315,0.0936494428084807,0.0936494428084807
-455.1710253357887,-0.04590511649663112,0.1033303103145279,0.09386898479373033,0.09386898479373033
-454.552963078022,-0.045842783399035504,0.10358237441986284,0.094089272911616,0.094089272911616
-453.9349008202553,-0.04578045030143989,0.10383532628556086,0.09431031041655746,0.09431031041655746
-453.31683856248856,-0.04571811720384427,0.10408916990371266,0.09453210057993411,0.09453210057993411
-452.69877630472183,-0.045655784106248654,0.10434390928770318,0.09475464669018485,0.09475464669018485
-452.0807140469551,-0.04559345100865304,0.10459954847233885,0.09497795205290918,0.09497795205290918
-451.4626517891884,-0.04553111791105743,0.10485609151397564,0.09520201999096836,0.09520201999096836
-450.84458953142166,-0.04546878481346181,0.10511354249064779,0.09542685384458757,0.09542685384458757
-450.22652727365494,-0.04540645171586619,0.10537190550219763,0.0956524569714587,0.0956524569714587
-449.6084650158882,-0.045344118618270576,0.10563118467040584,0.09587883274684347,0.09587883274684347
-448.9904027581215,-0.04528178552067496,0.10589138413912295,0.09610598456367778,0.09610598456367778
-448.37234050035477,-0.04521945242307934,0.10615250807440124,0.09633391583267599,0.09633391583267599
-447.75427824258804,-0.045157119325483726,0.10641456066462775,0.09656262998243667,0.09656262998243667
-447.1362159848213,-0.04509478622788811,0.10667754612065812,0.0967921304595483,0.0967921304595483
-446.5181537270546,-0.0450324531302925,0.10694146867595106,0.09702242072869605,0.09702242072869605
-445.9000914692879,-0.04497012003269688,0.10720633258670388,0.09725350427276926,0.09725350427276926
-445.28202921152115,-0.044907786935101265,0.10747214213198886,0.09748538459296928,0.09748538459296928
-444.6639669537544,-0.04484545383750565,0.10773890161389021,0.09771806520891839,0.09771806520891839
-444.04590475559235,-0.04478312074592131,0.10800661533177838,0.09795154963621346,0.09795154963621346
-443.4278424978256,-0.04472078764832569,0.10827528768581174,0.09818584147668058,0.09818584147668058
-442.8097802400589,-0.04465845455073007,0.10854492302217059,0.09842094428338594,0.09842094428338594
-442.1917179822922,-0.04459612145313446,0.10881552573637611,0.09865686165073635,0.09865686165073635
-441.57365572452545,-0.044533788355538846,0.10908710024766032,0.09889359719211353,0.09889359719211353
-440.9555934667587,-0.04447145525794323,0.10935965099910838,0.09913115453998717,0.09913115453998717
-440.337531208992,-0.04440912216034761,0.10963318245780197,0.09936953734602845,0.09936953734602845
-439.7194689512253,-0.044346789062751996,0.10990769911496334,0.09960874928122446,0.09960874928122446
-439.10140669345856,-0.04428445596515638,0.11018320548610032,0.0998487940359934,0.0998487940359934
-438.48334443569183,-0.04422212286756076,0.1104597061111526,0.10008967532030023,0.10008967532030023
-437.8652821779251,-0.044159789769965145,0.11073720555463813,0.10033139686377342,0.10033139686377342
-437.2472199201584,-0.044097456672369535,0.11101570840580136,0.10057396241582217,0.10057396241582217
-436.62915766239166,-0.04403512357477392,0.11129521927876174,0.10081737574575443,0.10081737574575443
-436.01109540462494,-0.0439727904771783,0.11157574281266329,0.10106164064289586,0.10106164064289586
-435.3930331468582,-0.043910457379582685,0.11185728367182533,0.10130676091670913,0.10130676091670913
-434.7749708890915,-0.04384812428198707,0.1121398465458939,0.10155274039691453,0.10155274039691453
-434.15690863132477,-0.04378579118439145,0.11242343614999419,0.10179958293361083,0.10179958293361083
-433.53884637355804,-0.043723458086795834,0.11270805722488397,0.10204729239739714,0.10204729239739714
-432.9207841157913,-0.04366112498920022,0.11299371453710785,0.10229587267949566,0.10229587267949566
-432.3027218580246,-0.04359879189160461,0.11328041287915275,0.10254532769187498,0.10254532769187498
-431.6846596598625,-0.043536458800020265,0.11356815704180384,0.10279566134319007,0.10279566134319007
-431.0665974020958,-0.04347412570242465,0.11385695192540063,0.10304687763555861,0.10304687763555861
-430.44853514432907,-0.04341179260482903,0.11414680237349892,0.10329898051983738,0.10329898051983738
-429.83047288656235,-0.043349459507233415,0.11443771328392657,0.10355197399223008,0.10355197399223008
-429.2124106287956,-0.0432871264096378,0.11472968958124458,0.10380586207031575,0.10380586207031575
-428.5943483710289,-0.04322479331204218,0.11502273621690824,0.10406064879317665,0.10406064879317665
-427.9762861132622,-0.043162460214446564,0.11531685816942938,0.10431633822152743,0.10431633822152743
-427.35822385549545,-0.043100127116850954,0.11561206044453924,0.10457293443784467,0.10457293443784467
-426.74016159772873,-0.04303779401925534,0.11590834807535291,0.10483044154649779,0.10483044154649779
-426.122099339962,-0.04297546092165972,0.11620572612253428,0.10508886367388014,0.10508886367388014
-425.5040370821953,-0.042913127824064104,0.11650419967446222,0.10534820496854147,0.10534820496854147
-424.88597482442856,-0.04285079472646849,0.1168037738473978,0.10560846960132104,0.10560846960132104
-424.26791256666183,-0.04278846162887287,0.11710445378565243,0.10586966176548131,0.10586966176548131
-423.6498503088951,-0.04272612853127725,0.11740624466175717,0.10613178567684302,0.10613178567684302
-423.0317880511284,-0.04266379543368164,0.11770915167663289,0.10639484557392057,0.10639484557392057
-422.41372579336166,-0.04260146233608603,0.11801318005976155,0.10665884571805853,0.10665884571805853
-421.79566353559494,-0.04253912923849041,0.11831833506935886,0.10692379039356915,0.10692379039356915
-421.1776012778282,-0.04247679614089479,0.11862462199254709,0.10718968390787037,0.10718968390787037
-420.5595390200615,-0.042414463043299176,0.11893204614553013,0.10745653059162498,0.10745653059162498
-419.94147676229477,-0.04235212994570356,0.11924061287376865,0.10772433479888054,0.10772433479888054
-419.32341450452805,-0.04228979684810794,0.11955032755215673,0.10799310090721012,0.10799310090721012
-418.70535230636597,-0.0422274637565236,0.11986119555516435,0.10826283329179508,0.10826283329179508
-418.08729004859924,-0.04216513065892799,0.12017322237704507,0.10853353642971027,0.10853353642971027
-417.4692277908325,-0.042102797561332374,0.12048641345213983,0.10880521474399364,0.10880521474399364
-416.8511655330658,-0.04204046446373676,0.12080077427486377,0.10907787270774681,0.10907787270774681
-416.2331032752991,-0.04197813136614114,0.12111631036996474,0.1093515148183144,0.1093515148183144
-415.61504101753235,-0.04191579826854552,0.1214330272927061,0.10962614559743038,0.10962614559743038
-414.9969787597656,-0.041853465170949906,0.12175093062905103,0.10990176959136519,0.10990176959136519
-414.3789165019989,-0.04179113207335429,0.12207002599584792,0.11017839137107369,0.11017839137107369
-413.7608542442322,-0.04172879897575867,0.12239031904101651,0.11045601553234434,0.11045601553234434
-413.14279198646545,-0.04166646587816306,0.12271181544373581,0.11073464669594885,0.11073464669594885
-412.52472972869873,-0.041604132780567446,0.12303452091463252,0.11101428950779318,0.11101428950779318
-411.906667470932,-0.04154179968297183,0.12335844119597066,0.11129494863906944,0.11129494863906944
-411.2886052131653,-0.04147946658537621,0.12368358206184295,0.11157662878640826,0.11157662878640826
-410.67054295539856,-0.041417133487780596,0.1240099493183624,0.11185933467203298,0.11185933467203298
-410.05248069763184,-0.04135480039018498,0.12433754880385585,0.11214307104391379,0.11214307104391379
-409.4344184398651,-0.04129246729258936,0.12466638638905822,0.11242784267592376,0.11242784267592376
-408.8163561820984,-0.041230134194993745,0.12499646797730783,0.11271365436799517,0.11271365436799517
-408.19829392433167,-0.041167801097398135,0.12532779950474346,0.11300051094627711,0.11300051094627711
-407.58023166656494,-0.04110546799980252,0.12566038694050174,0.11328841726329414,0.11328841726329414
-406.9621694087982,-0.0410431349022069,0.1259942362869166,0.11357737819810568,0.11357737819810568
-406.34410721063614,-0.04098080181062256,0.12632935354733976,0.11386739862844623,0.11386739862844623
-405.7260449528694,-0.04091846871302694,0.12666574485573648,0.11415848354286517,0.11415848354286517
-405.1079826951027,-0.040856135615431326,0.12700341628298079,0.11445063787307583,0.11445063787307583
-404.48992043733597,-0.04079380251783571,0.12734237396620854,0.11474386660589228,0.11474386660589228
-403.87185817956924,-0.04073146942024009,0.12768262407676537,0.1150381747554761,0.1150381747554761
-403.2537959218025,-0.04066913632264448,0.12802417282041276,0.11533356736350187,0.11533356736350187
-402.6357336640358,-0.040606803225048865,0.1283670264375357,0.11563004949932375,0.11563004949932375
-402.0176714062691,-0.04054447012745325,0.12871119120335078,0.11592762626014305,0.11592762626014305
-401.39960914850235,-0.04048213702985763,0.12905667342811633,0.1162263027711769,0.1162263027711769
-400.7815468907356,-0.040419803932262015,0.1294034794573433,0.116526084185828,0.116526084185828
-400.1634846329689,-0.0403574708346664,0.1297516156720072,0.11682697568585501,0.11682697568585501
-399.5454223752022,-0.04029513773707078,0.13010108848876195,0.11712898248154484,0.11712898248154484
-398.92736011743546,-0.040232804639475164,0.1304519043601541,0.11743210981188491,0.11743210981188491
-398.30929785966873,-0.040170471541879554,0.13080406977483913,0.11773636294473744,0.11773636294473744
-397.691235601902,-0.04010813844428394,0.13115759125779836,0.11804174717701427,0.11804174717701427
-397.0731733441353,-0.04004580534668832,0.13151247537055724,0.11834826783485272,0.11834826783485272
-396.45511108636856,-0.039983472249092704,0.13186872871140526,0.118655930273793,0.118655930273793
-395.83704882860184,-0.03992113915149709,0.13222635791561663,0.11896473987895607,0.11896473987895607
-395.2189865708351,-0.03985880605390147,0.1325853696556724,0.11927470206522313,0.11927470206522313
-394.6009243130684,-0.03979647295630585,0.13294577064148413,0.11958582227741593,0.11958582227741593
-393.9828621149063,-0.03973413986472152,0.1333075675856597,0.11989810596030581,0.11989810596030581
-393.3647998571396,-0.0396718067671259,0.13367076734342795,0.12021155867937262,0.12021155867937262
-392.74673759937286,-0.039609473669530285,0.13403537670352084,0.12052618594029303,0.12052618594029303
-392.12867534160614,-0.03954714057193467,0.1344014025278307,0.1208419933094765,0.1208419933094765
-391.5106130838394,-0.03948480747433905,0.1347688517168161,0.12115898638419141,0.12115898638419141
-390.8925508260727,-0.039422474376743434,0.13513773120973338,0.12147717079275215,0.12147717079275215
-390.27448856830597,-0.03936014127914782,0.13550804798486857,0.12179655219470716,0.12179655219470716
-389.65642631053925,-0.0392978081815522,0.1358798090597713,0.12211713628102848,0.12211713628102848
-389.0383640527725,-0.03923547508395659,0.13625302149148974,0.12243892877430183,0.12243892877430183
-388.4203017950058,-0.039173141986360974,0.13662769237680672,0.12276193542891849,0.12276193542891849
-387.8022395372391,-0.03911080888876536,0.13700382885247744,0.12308616203126803,0.12308616203126803
-387.18417727947235,-0.03904847579116974,0.13738143809546832,0.123411614399932,0.123411614399932
-386.5661150217056,-0.03898614269357412,0.137760527323197,0.12373829838587935,0.12373829838587935
-385.9480527639389,-0.038923809595978506,0.1381411037937741,0.12406621987266227,0.12406621987266227
-385.3299905061722,-0.03886147649838289,0.13852317480624576,0.12439538477661398,0.12439538477661398
-384.71192824840546,-0.03879914340078727,0.13890674770083805,0.12472579904704698,0.12472579904704698
-384.09386599063873,-0.03873681030319166,0.13929182985920233,0.12505746866645304,0.12505746866645304
-383.475803732872,-0.038674477205596046,0.13967842870466174,0.12539039965070423,0.12539039965070423
-382.8577414751053,-0.03861214410800043,0.1400665517024599,0.1257245980492548,0.1257245980492548
-382.23967921733856,-0.03854981101040481,0.14045620636000977,0.1260600699453448,0.1260600699453448
-381.6216170191765,-0.03848747791882047,0.14084740018934444,0.12639682142366707,0.12639682142366707
-381.00355476140976,-0.03842514482122485,0.141240140858421,0.12673485870059864,0.12673485870059864
-380.38549250364304,-0.038362811723629237,0.14163443596501976,0.12707418792955508,0.12707418792955508
-379.7674302458763,-0.03830047862603362,0.14203029318775337,0.12741481533097712,0.12741481533097712
-379.1493679881096,-0.03823814552843801,0.14242772024867126,0.12775674716012603,0.12775674716012603
-378.53130573034286,-0.03817581243084239,0.14282672491351728,0.1280999897072946,0.1280999897072946
-377.91324347257614,-0.038113479333246776,0.14322731499198849,0.12844454929801877,0.12844454929801877
-377.2951812148094,-0.03805114623565116,0.14362949833799527,0.12879043229329087,0.12879043229329087
-376.6771189570427,-0.03798881313805554,0.144033282849923,0.12913764508977418,0.12913764508977418
-376.05905669927597,-0.037926480040459926,0.14443867647089476,0.12948619412001827,0.12948619412001827
-375.44099444150925,-0.03786414694286431,0.1448456871890357,0.12983608585267614,0.12983608585267614
-374.8229321837425,-0.03780181384526869,0.14525432303773853,0.1301873267927222,0.1301873267927222
-374.2048699259758,-0.03773948074767308,0.14566459209593052,0.1305399234816718,0.1305399234816718
-373.5868076682091,-0.037677147650077465,0.14607650248834192,0.1308938824978019,0.1308938824978019
-372.96874541044235,-0.03761481455248185,0.14649006238577522,0.13124921045637294,0.13124921045637294
-372.35068315267563,-0.03755248145488623,0.14690528000537664,0.1316059140098523,0.1316059140098523
-371.7326208949089,-0.037490148357290615,0.14732216361090814,0.1319639998481385,0.1319639998481385
-371.1145586371422,-0.037427815259695,0.14774072151302128,0.1323234746987872,0.1323234746987872
-370.49649637937546,-0.03736548216209938,0.14816096206953241,0.1326843453272384,0.1326843453272384
-369.87843412160873,-0.037303149064503764,0.14858289368569882,0.13304661853704458,0.13304661853704458
-369.26037192344666,-0.03724081597291943,0.14900652477356047,0.13341030113495958,0.13341030113495958
-368.64230966567993,-0.03717848287532381,0.14943186391579907,0.1337754000715966,0.1337754000715966
-368.0242474079132,-0.037116149777728195,0.14985891962089556,0.13414192223122468,0.13414192223122468
-367.4061851501465,-0.03705381668013258,0.15028770048666298,0.13450987457215663,0.13450987457215663
-366.78812289237976,-0.03699148358253696,0.15071821515975825,0.13487926409197973,0.13487926409197973
-366.17006063461304,-0.036929150484941345,0.1511504723359661,0.13525009782779135,0.13525009782779135
-365.5519983768463,-0.03686681738734573,0.15158448076048556,0.13562238285643716,0.13562238285643716
-364.9339361190796,-0.03680448428975012,0.1520202492282169,0.13599612629474947,0.13599612629474947
-364.31587386131287,-0.0367421511921545,0.15245778658405015,0.13637133529978793,0.13637133529978793
-363.69781160354614,-0.036679818094558884,0.15289710172315527,0.13674801706908077,0.13674801706908077
-363.0797493457794,-0.03661748499696327,0.15333820359127315,0.13712617884086786,0.13712617884086786
-362.4616870880127,-0.03655515189936765,0.15378110118500854,0.137505827894345,0.137505827894345
-361.843624830246,-0.036492818801772034,0.15422580355212379,0.13788697154990948,0.13788697154990948
-361.22556257247925,-0.03643048570417642,0.15467231979183402,0.13826961716940694,0.13826961716940694
-360.6075003147125,-0.0363681526065808,0.15512065905510397,0.1386537721563798,0.1386537721563798
-359.9894380569458,-0.03630581950898519,0.15557083054494592,0.13903944395631682,0.13903944395631682
-359.3713757991791,-0.036243486411389574,0.1560228435167185,0.1394266400569042,0.1394266400569042
-358.75331354141235,-0.03618115331379396,0.15647670727842786,0.13981536798827787,0.13981536798827787
-358.13525128364563,-0.03611882021619834,0.15693243119102904,0.14020563532327737,0.14020563532327737
-357.5171890258789,-0.03605648711860272,0.15739002466872942,0.14059744967770066,0.14059744967770066
-356.8991267681122,-0.035994154021007106,0.15784949717929306,0.1409908187105609,0.1409908187105609
-356.2810645699501,-0.035931820929422764,0.15831085819976243,0.14138575008618223,0.14138575008618223
-355.6630023121834,-0.03586948783182715,0.15877411739491812,0.14178225162695499,0.14178225162695499
-355.04494005441666,-0.03580715473423154,0.15923928435063253,0.14218033108507908,0.14218033108507908
-354.42687779664993,-0.03574482163663592,0.15970636875196706,0.14257999629502024,0.14257999629502024
-353.8088155388832,-0.035682488539040304,0.16017538033908113,0.1429812551357621,0.1429812551357621
-353.1907532811165,-0.03562015544144469,0.16064632890754485,0.14338411553107108,0.14338411553107108
-352.57269102334976,-0.03555782234384907,0.16111922430865191,0.14378858544976253,0.14378858544976253
-351.95462876558304,-0.03549548924625345,0.16159407644973453,0.1441946729059681,0.1441946729059681
-351.3365665078163,-0.035433156148657836,0.16207089529447924,0.1446023859594049,0.1446023859594049
-350.7185042500496,-0.03537082305106222,0.16254969086324375,0.14501173271564535,0.14501173271564535
-350.10044199228287,-0.03530848995346661,0.16303047323337558,0.14542272132638906,0.14542272132638906
-349.48237973451614,-0.03524615685587099,0.16351325253953117,0.14583535998973612,0.14583535998973612
-348.8643174767494,-0.035183823758275376,0.1639980389739971,0.14624965695046097,0.14624965695046097
-348.2462552189827,-0.03512149066067976,0.16448484278701148,0.1466656205002888,0.1466656205002888
-347.628192961216,-0.03505915756308414,0.16497367428708726,0.14708325897817234,0.14708325897817234
-347.01013070344925,-0.034996824465488525,0.1654645438413365,0.14750258077057066,0.14750258077057066
-346.3920684456825,-0.03493449136789291,0.16595746187579546,0.14792359431172913,0.14792359431172913
-345.7740061879158,-0.03487215827029729,0.16645243887575162,0.14834630808396085,0.14834630808396085
-345.1559439301491,-0.03480982517270168,0.16694948538607096,0.14877073061792934,0.14877073061792934
-344.53788167238235,-0.034747492075106065,0.1674486120115266,0.14919687049293273,0.14919687049293273
-343.9198194742203,-0.03468515898352172,0.1679498293686917,0.14962473629584327,0.14962473629584327
-343.30175721645355,-0.034622825885926106,0.16845314827981675,0.1500543367866108,0.1500543367866108
-342.68369495868683,-0.03456049278833049,0.16895857948314535,0.15048568065097692,0.15048568065097692
-342.0656327009201,-0.03449815969073487,0.16946613382638961,0.1509187766656476,0.1509187766656476
-341.4475704431534,-0.034435826593139256,0.16997582221882923,0.15135363365740517,0.15135363365740517
-340.82950818538666,-0.034373493495543646,0.17048765563164647,0.15179026050340044,0.15179026050340044
-340.21144592761993,-0.03431116039794803,0.17100164509826224,0.15222866613144703,0.15222866613144703
-339.5933836698532,-0.03424882730035241,0.1715178017146735,0.15266885952031617,0.15266885952031617
-338.9753214120865,-0.034186494202756795,0.17203613663979103,0.15311084970003344,0.15311084970003344
-338.35725915431976,-0.03412416110516118,0.1725566610957789,0.15355464575217698,0.15355464575217698
-337.73919689655304,-0.03406182800756556,0.17307938636839443,0.15400025681017648,0.15400025681017648
-337.1211346387863,-0.033999494909969945,0.17360432380732865,0.15444769205961423,0.15444769205961423
-336.5030723810196,-0.03393716181237433,0.1741314848265489,0.15489696073852677,0.15489696073852677
-335.88501012325287,-0.03387482871477872,0.17466088090464077,0.1553480721377087,0.1553480721377087
-335.26694786548615,-0.0338124956171831,0.1751925235851523,0.15580103560101735,0.15580103560101735
-334.6488856077194,-0.033750162519587484,0.17572642447693818,0.15625586052567877,0.15625586052567877
-334.0308233499527,-0.03368782942199187,0.17626259525450455,0.15671255636259543,0.15671255636259543
-333.412761092186,-0.03362549632439625,0.17680104765835564,0.1571711326166548,0.1571711326166548
-332.79469883441925,-0.033563163226800634,0.17734179349533993,0.15763159884703962,0.15763159884703962
-332.1766365766525,-0.03350083012920502,0.1778848446389982,0.15809396466753944,0.15809396466753944
-331.55857437849045,-0.033438497037620675,0.17843021297720493,0.1585582397019972,0.1585582397019972
-330.9405121207237,-0.033376163940025065,0.17897791062311755,0.1590244337639021,0.1590244337639021
-330.322449862957,-0.03331383084242945,0.17952794959996213,0.15949255658806452,0.15949255658806452
-329.7043876051903,-0.03325149774483383,0.1800803420515361,0.15996261800984185,0.15996261800984185
-329.08632534742355,-0.033189164647238215,0.18063510019007645,0.1604346279207753,0.1604346279207753
-328.46826308965683,-0.0331268315496426,0.1811922362966107,0.16090859626890935,0.16090859626890935
-327.8502008318901,-0.03306449845204698,0.18175176272130944,0.16138453305911196,0.16138453305911196
-327.2321385741234,-0.033002165354451364,0.18231369188383822,0.16186244835339678,0.16186244835339678
-326.61407631635666,-0.03293983225685575,0.18287803627371055,0.1623423522712459,0.1623423522712459
-325.99601405858994,-0.03287749915926014,0.18344480845064143,0.16282425498993452,0.16282425498993452
-325.3779518008232,-0.03281516606166452,0.18401402104490047,0.16330816674485651,0.16330816674485651
-324.7598895430565,-0.032752832964068904,0.18458568675766657,0.16379409782985102,0.16379409782985102
-324.14182728528976,-0.03269049986647329,0.1851598183613821,0.16428205859753084,0.16428205859753084
-323.52376502752304,-0.03262816676887767,0.1857364287001074,0.16477205945961146,0.16477205945961146
-322.9057027697563,-0.03256583367128205,0.18631553068987616,0.16526411088724152,0.16526411088724152
-322.2876405119896,-0.032503500573686436,0.18689713731905025,0.1657582234113347,0.1657582234113347
-321.66957825422287,-0.03244116747609082,0.1874812616486754,0.16625440762290228,0.16625440762290228
-321.05151599645615,-0.03237883437849521,0.18806791681283652,0.16675267417338735,0.16675267417338735
-320.4334537386894,-0.03231650128089959,0.18865711601901336,0.16725303377499973,0.16725303377499973
-319.8153914809227,-0.032254168183303976,0.18924887254843636,0.16775549720105246,0.16775549720105246
-319.1973292827606,-0.032191835091719634,0.18984319969900196,0.1682600752375362,0.1682600752375362
-318.5792670249939,-0.03212950199412402,0.1904401110151391,0.16876677887830355,0.16876677887830355
-317.9612047672272,-0.0320671688965284,0.1910396199442722,0.16927561903344723,0.16927561903344723
-317.34314250946045,-0.03200483579893278,0.19164174006619047,0.16978660672407778,0.16978660672407778
-316.7250802516937,-0.03194250270133717,0.19224648503621103,0.17029975303410635,0.17029975303410635
-316.107017993927,-0.03188016960374156,0.19285386858553466,0.17081506911058825,0.17081506911058825
-315.4889557361603,-0.03181783650614594,0.19346390452160014,0.171332566164066,0.171332566164066
-314.87089347839355,-0.03175550340855032,0.19407660672843877,0.1718522554689146,0.1718522554689146
-314.25283122062683,-0.031693170310954706,0.1946919891670288,0.1723741483636872,0.1723741483636872
-313.6347689628601,-0.03163083721335909,0.1953100658756484,0.17289825625146157,0.17289825625146157
-313.0167067050934,-0.03156850411576347,0.19593085097022958,0.1734245906001884,0.1734245906001884
-312.39864444732666,-0.031506171018167856,0.1965543586447104,0.17395316294303917,0.17395316294303917
-311.78058218955994,-0.031443837920572246,0.19718060317138683,0.17448398487875613,0.17448398487875613
-311.1625199317932,-0.03138150482297663,0.19780959890126443,0.17501706807200282,0.17501706807200282
-310.5444576740265,-0.03131917172538101,0.19844136026440862,0.1755524242537148,0.1755524242537148
-309.92639541625977,-0.031256838627785395,0.19907590177029483,0.1760900652214524,0.1760900652214524
-309.30833315849304,-0.03119450553018978,0.19971323800815716,0.17663000283975308,0.17663000283975308
-308.6902709007263,-0.03113217243259416,0.20035338364733637,0.17717224904048537,0.17717224904048537
-308.0722086429596,-0.031069839334998548,0.2009963534376272,0.1777168158232035,0.1777168158232035
-307.45414638519287,-0.03100750623740293,0.20164216220962408,0.17826371525550225,0.17826371525550225
-306.8360841870308,-0.03094517314581859,0.20229082481237218,0.17881295942029174,0.17881295942029174
-306.21802192926407,-0.030882840048222972,0.20294235636420893,0.17936456062825165,0.17936456062825165
-305.59995967149734,-0.03082050695062736,0.20359677187777417,0.1799185311003824,0.1799185311003824
-304.9818974137306,-0.030758173853031742,0.20425408651029714,0.18047488318000746,0.18047488318000746
-304.3638351559639,-0.030695840755436125,0.20491431550151812,0.18103362928027728,0.18103362928027728
-303.7457728981972,-0.03063350765784051,0.20557747417402655,0.18159478188452782,0.18159478188452782
-303.12771064043045,-0.030571174560244895,0.20624357793359727,0.18215835354664067,0.18215835354664067
-302.5096483826637,-0.03050884146264928,0.20691264226952538,0.18272435689140268,0.18272435689140268
-301.891586124897,-0.03044650836505366,0.20758468275495928,0.18329280461486674,0.18329280461486674
-301.2735238671303,-0.030384175267458045,0.2082597150472317,0.18386370948471242,0.18386370948471242
-300.65546160936356,-0.03032184216986243,0.208937754888189,0.18443708434060754,0.18443708434060754
-300.03739935159683,-0.030259509072266814,0.20961881810451816,0.18501294209456995,0.18501294209456995
-299.4193370938301,-0.030197175974671198,0.21030292060807204,0.18559129573132907,0.18559129573132907
-298.8012748360634,-0.03013484287707558,0.210990078396192,0.1861721583086888,0.1861721583086888
-298.18321257829666,-0.030072509779479967,0.21168030755202832,0.18675554295788946,0.18675554295788946
-297.56515032052994,-0.03001017668188435,0.2123736242448588,0.18734146288397074,0.18734146288397074
-296.9470880627632,-0.029947843584288734,0.21307004473040367,0.18792993136613492,0.18792993136613492
-296.3290258049965,-0.029885510486693117,0.2137695853511388,0.18852096175810912,0.18852096175810912
-295.71096354722977,-0.029823177389097504,0.2144722625366061,0.1891145674885091,0.1891145674885091
-295.09290128946304,-0.029760844291501887,0.2151780928037205,0.18971076206120185,0.18971076206120185
-294.4748390316963,-0.02969851119390627,0.21588709275707482,0.19030955905566882,0.19030955905566882
-293.85677683353424,-0.02963617810232193,0.21659927902040493,0.19091097206924348,0.19091097206924348
-293.2387145757675,-0.029573845004726314,0.21731466851192202,0.19151501494972206,0.19151501494972206
-292.6206523180008,-0.029511511907130698,0.21803327803251948,0.19212170144773413,0.19212170144773413
-292.00259006023407,-0.02944917880953508,0.21875512454048215,0.19273104544884784,0.19273104544884784
-291.38452780246735,-0.029386845711939467,0.21948022508324652,0.19334306091605868,0.19334306091605868
-290.7664655447006,-0.02932451261434385,0.22020859679768512,0.19395776189015204,0.19395776189015204
-290.1484032869339,-0.029262179516748234,0.2209402569103867,0.1945751624900645,0.1945751624900645
-289.5303410291672,-0.029199846419152617,0.2216752227379335,0.19519527691324484,0.19519527691324484
-288.91227877140045,-0.029137513321557004,0.2224135116871729,0.19581811943601476,0.19581811943601476
-288.2942165136337,-0.029075180223961387,0.22315514125548663,0.19644370441392883,0.19644370441392883
-287.676154255867,-0.02901284712636577,0.2239001290310542,0.19707204628213384,0.19707204628213384
-287.0580919981003,-0.028950514028770153,0.22464849269311277,0.19770315955572795,0.19770315955572795
-286.44002974033356,-0.02888818093117454,0.2254002500122122,0.19833705883011807,0.19833705883011807
-285.82196748256683,-0.028825847833578923,0.226155418850465,0.19897375878137769,0.19897375878137769
-285.2039052248001,-0.028763514735983306,0.22691401716179171,0.1996132741666027,0.1996132741666027
-284.5858429670334,-0.02870118163838769,0.22767606299216114,0.2002556198242671,0.2002556198242671
-283.96778070926666,-0.028638848540792076,0.22844157447982552,0.2009008106745775,0.2009008106745775
-283.34971845149994,-0.02857651544319646,0.2292105698555498,0.20154886171982603,0.20154886171982603
-282.7316561937332,-0.028514182345600842,0.22998306744283611,0.2021997880447428,0.2021997880447428
-282.1135939359665,-0.028451849248005225,0.23075908565814177,0.20285360481684678,0.20285360481684678
-281.4955317378044,-0.028389516156420887,0.2315386429357419,0.2035103272233219,0.2035103272233219
-280.8774694800377,-0.02832718305882527,0.23232175802899238,0.20416997072497697,0.20416997072497697
-280.25940722227097,-0.028264849961229653,0.23310844955945936,0.20483255067659714,0.20483255067659714
-279.64134496450424,-0.028202516863634036,0.23389873631748517,0.20549808258033891,0.20549808258033891
-279.0232827067375,-0.028140183766038423,0.23469263718736763,0.20616658202288113,0.20616658202288113
-278.4052204489708,-0.028077850668442806,0.2354901711475405,0.20683806467576693,0.20683806467576693
-277.78715819120407,-0.02801551757084719,0.23629135727074704,0.20751254629574412,0.20751254629574412
-277.16909593343735,-0.027953184473251572,0.23709621472420586,0.20819004272510294,0.20819004272510294
-276.5510336756706,-0.02789085137565596,0.23790476276977043,0.20887056989201255,0.20887056989201255
-275.9329714179039,-0.027828518278060342,0.23871702076408002,0.20955414381085533,0.20955414381085533
-275.3149091601372,-0.027766185180464725,0.2395330081587032,0.2102407805825586,0.2102407805825586
-274.69684690237045,-0.02770385208286911,0.24035274450027386,0.21093049639492453,0.21093049639492453
-274.07878464460373,-0.027641518985273495,0.24117624943061802,0.21162330752295763,0.21162330752295763
-273.460722386837,-0.027579185887677878,0.24200354268687316,0.21231923032918937,0.21231923032918937
-272.8426601290703,-0.02751685279008226,0.24283464410159858,0.2130182812640008,0.2130182812640008
-272.22459787130356,-0.027454519692486645,0.24366957360287653,0.21372047686594198,0.21372047686594198
-271.60653561353683,-0.02739218659489103,0.24450835121440465,0.2144258337620489,0.2144258337620489
-270.9884733557701,-0.027329853497295414,0.24535099705557922,0.21513436866815772,0.21513436866815772
-270.3704110980034,-0.027267520399699798,0.246197531341568,0.21584609838921526,0.21584609838921526
-269.75234884023666,-0.027205187302104184,0.24704797438337459,0.2165610398195873,0.2165610398195873
-269.1342866420746,-0.027142854210519842,0.24790234650530726,0.21727920987394775,0.21727920987394775
-268.51622438430786,-0.027080521112924225,0.24876066837497648,0.21800062576492654,0.21800062576492654
-267.89816212654114,-0.02701818801532861,0.2496229605089673,0.21872530458785674,0.21872530458785674
-267.2800998687744,-0.026955854917732995,0.25048924360205527,0.21945326359779058,0.21945326359779058
-266.6620376110077,-0.026893521820137378,0.25135953844501285,0.22018452014068732,0.22018452014068732
-266.04397535324097,-0.02683118872254176,0.2522338659246088,0.2209190916536994,0.2209190916536994
-265.42591309547424,-0.026768855624946145,0.2531122470235955,0.22165699566545496,0.22165699566545496
-264.8078508377075,-0.02670652252735053,0.25399470282068487,0.2223982497963364,0.2223982497963364
-264.1897885799408,-0.026644189429754914,0.2548812544905112,0.22314287175875422,0.22314287175875422
-263.5717263221741,-0.026581856332159298,0.2557719233035821,0.2238908793574169,0.2238908793574169
-262.95366406440735,-0.02651952323456368,0.2566667306262167,0.2246422904895955,0.2246422904895955
-262.3356018066406,-0.026457190136968067,0.25756569792046974,0.2253971231453846,0.2253971231453846
-261.7175395488739,-0.02639485703937245,0.2584688467440436,0.22615539540795707,0.22615539540795707
-261.0994772911072,-0.026332523941776834,0.2593761987501851,0.22691712545381504,0.22691712545381504
-260.48141503334045,-0.026270190844181217,0.26028777568756933,0.22768233155303486,0.22768233155303486
-259.86335277557373,-0.026207857746585603,0.2612035994001686,0.22845103206950707,0.22845103206950707
-259.245290517807,-0.026145524648989987,0.2621236918271059,0.22922324546117076,0.22922324546117076
-258.6272282600403,-0.02608319155139437,0.2630480750024951,0.22999899028024198,0.22999899028024198
-258.00916600227356,-0.026020858453798753,0.26397677105526346,0.23077828517343696,0.23077828517343696
-257.39110374450684,-0.02595852535620314,0.26490980220895993,0.23156114888218884,0.23156114888218884
-256.77304154634476,-0.025896192264618798,0.26584719069093593,0.23234760016684067,0.23234760016684067
-256.15497928857803,-0.02583385916702318,0.2667889590941396,0.23313765811057022,0.23313765811057022
-255.5369170308113,-0.025771526069427564,0.26773512983447795,0.23393134166452834,0.23393134166452834
-254.9188547730446,-0.02570919297183195,0.2686857255117346,0.23472866995105626,0.23472866995105626
-254.30079251527786,-0.025646859874236334,0.2696407688191031,0.235529662188199,0.235529662188199
-253.68273025751114,-0.025584526776640717,0.2706002825428925,0.23633433768988235,0.23633433768988235
-253.06466799974442,-0.0255221936790451,0.2715642895622134,0.23714271586608227,0.23714271586608227
-252.4466057419777,-0.025459860581449487,0.2725328128486459,0.2379548162229863,0.2379548162229863
-251.82854348421097,-0.02539752748385387,0.2735058754658878,0.23877065836314826,0.23877065836314826
-251.21048122644424,-0.025335194386258253,0.27448350056938325,0.2395902619856336,0.2395902619856336
-250.59241896867752,-0.025272861288662636,0.2754657114059315,0.24041364688615777,0.24041364688615777
-249.9743567109108,-0.025210528191067023,0.2764525313132746,0.24124083295721546,0.24124083295721546
-249.35629445314407,-0.025148195093471406,0.27744398371966394,0.24207184018820155,0.24207184018820155
-248.73823219537735,-0.02508586199587579,0.27844009214340615,0.24290668866552267,0.24290668866552267
-248.12016993761063,-0.025023528898280172,0.27944088019238644,0.24374539857270053,0.24374539857270053
-247.5021076798439,-0.02496119580068456,0.2804463715635692,0.2445879901904648,0.2445879901904648
-246.88404542207718,-0.024898862703088942,0.28145659004247653,0.2454344838968374,0.2454344838968374
-246.26598316431046,-0.024836529605493325,0.282471559502643,0.24628490016720644,0.24628490016720644
-245.64792090654373,-0.02477419650789771,0.28349130390504623,0.24713925957439004,0.24713925957439004
-245.029858648777,-0.024711863410302095,0.28451584729751395,0.2479975827886897,0.2479975827886897
-244.41179645061493,-0.024649530318717753,0.2855452137146018,0.24885989049458174,0.24885989049458174
-243.7937341928482,-0.024587197221122136,0.2865794275744945,0.24972620372376975,0.24972620372376975
-243.17567193508148,-0.024524864123526523,0.2876185130827199,0.25059654335625325,0.25059654335625325
-242.55760967731476,-0.024462531025930906,0.28866249462806526,0.2514709304525876,0.2514709304525876
-241.93954741954803,-0.02440019792833529,0.2897113966828164,0.2523493861709149,0.2523493861709149
-241.3214851617813,-0.024337864830739672,0.290765243802008,0.25323193176694975,0.25323193176694975
-240.7034229040146,-0.02427553173314406,0.29182406062264427,0.2541185885939526,0.2541185885939526
-240.08536064624786,-0.024213198635548442,0.29288787186289195,0.2550093781026906,0.2550093781026906
-239.46729838848114,-0.024150865537952825,0.2939567023212436,0.25590432184138584,0.25590432184138584
-238.84923613071442,-0.02408853244035721,0.2950305768756513,0.25680344145564976,0.25680344145564976
-238.2311738729477,-0.024026199342761595,0.2961095204826297,0.2577067586884043,0.2577067586884043
-237.61311161518097,-0.023963866245165978,0.297193558176328,0.2586142953797894,0.2586142953797894
-236.99504935741425,-0.02390153314757036,0.29828271506757087,0.25952607346705625,0.25952607346705625
-236.37698709964752,-0.023839200049974744,0.2993770163428661,0.2604421149844456,0.2604421149844456
-235.7589248418808,-0.02377686695237913,0.30047648726338033,0.26136244206305176,0.26136244206305176
-235.14086258411407,-0.023714533854783514,0.3015811531638805,0.26228707693067127,0.26228707693067127
-234.52280032634735,-0.023652200757187897,0.3026910394516413,0.26321604191163556,0.26321604191163556
-233.90473806858063,-0.02358986765959228,0.3038061716053182,0.26414935942662854,0.26414935942662854
-233.2866758108139,-0.023527534561996667,0.3049265751737841,0.26508705199248694,0.26508705199248694
-232.66861355304718,-0.02346520146440105,0.3060522757749301,0.2660291422219848,0.2660291422219848
-232.05055129528046,-0.023402868366805434,0.30718329909442993,0.26697565282360064,0.26697565282360064
-231.43248909711838,-0.02334053527522109,0.30831967077461747,0.26792660650934386,0.26792660650934386
-230.81442683935165,-0.023278202177625478,0.3094614168520477,0.2688820263617472,0.2688820263617472
-230.19636458158493,-0.02321586908002986,0.31060856309861307,0.2698419352833354,0.2698419352833354
-229.5783023238182,-0.023153535982434244,0.3117611354579909,0.2708063563627215,0.2708063563627215
-228.96024006605148,-0.023091202884838628,0.3129191599348812,0.2717753127827893,0.2717753127827893
-228.34217780828476,-0.023028869787243014,0.3140826625935329,0.27274882782035037,0.27274882782035037
-227.72411555051804,-0.022966536689647397,0.3152516695562293,0.27372692484578026,0.27372692484578026
-227.1060532927513,-0.02290420359205178,0.3164262070017297,0.27470962732263515,0.27470962732263515
-226.4879910349846,-0.022841870494456164,0.3176063011636674,0.27569695880724765,0.27569695880724765
-225.86992877721786,-0.02277953739686055,0.31879197832890416,0.2766889429483012,0.2766889429483012
-225.25186651945114,-0.022717204299264934,0.3199832648358376,0.2776856034863829,0.2776856034863829
-224.63380426168442,-0.022654871201669317,0.32118018707266405,0.27868696425351397,0.27868696425351397
-224.0157420039177,-0.0225925381040737,0.3223827714755933,0.27969304917265797,0.27969304917265797
-223.39767974615097,-0.022530205006478086,0.32359104452701615,0.28070388225720594,0.28070388225720594
-222.77961748838425,-0.02246787190888247,0.324805032753623,0.2817194876104375,0.2817194876104375
-222.16155523061752,-0.022405538811286853,0.32602476272447234,0.2827398894249583,0.2827398894249583
-221.5434929728508,-0.022343205713691236,0.3272502610490098,0.2837651119821128,0.2837651119821128
-220.92543071508408,-0.022280872616095623,0.32848155437503446,0.2847951796513719,0.2847951796513719
-220.30736845731735,-0.022218539518500006,0.3297186693866143,0.2858301168896947,0.2858301168896947
-219.68930619955063,-0.02215620642090439,0.330961632801947,0.28686994824086465,0.28686994824086465
-219.07124400138855,-0.02209387332932005,0.3322104712504477,0.28791469823380705,0.28791469823380705
-218.45318174362183,-0.022031540231724434,0.333465211752809,0.28896439178535904,0.28896439178535904
-217.8351194858551,-0.021969207134128817,0.3347258809960884,0.29001905359500607,0.29001905359500607
-217.21705722808838,-0.0219068740365332,0.33599250581251877,0.2910787085466444,0.2910787085466444
-216.59899497032166,-0.021844540938937586,0.3372651130569379,0.2921433816072621,0.2921433816072621
-215.98093271255493,-0.02178220784134197,0.3385437296043096,0.29321309782610605,0.29321309782610605
-215.3628704547882,-0.021719874743746353,0.3398283823471857,0.29428788233381914,0.29428788233381914
-214.74480819702148,-0.021657541646150736,0.3411190981931064,0.2953677603415462,0.2953677603415462
-214.12674593925476,-0.021595208548555123,0.34241590406193806,0.29645275714000935,0.29645275714000935
-213.50868368148804,-0.021532875450959506,0.34371882688314864,0.29754289809855033,0.29754289809855033
-212.8906214237213,-0.02147054235336389,0.3450278935930178,0.2986382086641411,0.2986382086641411
-212.2725591659546,-0.021408209255768272,0.34634313113178294,0.2997387143603607,0.2997387143603607
-211.65449690818787,-0.02134587615817266,0.34766456644071714,0.3008444407863382,0.3008444407863382
-211.03643465042114,-0.021283543060577042,0.34899222645914085,0.3019554136156612,0.3019554136156612
-210.41837239265442,-0.021221209962981425,0.3503261381213641,0.30307165859524876,0.30307165859524876
-209.8003101348877,-0.021158876865385808,0.351666328353559,0.3041932015441885,0.3041932015441885
-209.18224787712097,-0.021096543767790195,0.3530128240705619,0.3053200683525372,0.3053200683525372
-208.56418561935425,-0.021034210670194578,0.35436565217260196,0.3064522849800837,0.3064522849800837
-207.94612336158752,-0.02097187757259896,0.3557248395419581,0.3075898774550738,0.3075898774550738
-207.3280611038208,-0.020909544475003344,0.3570904130395399,0.3087328718728964,0.3087328718728964
-206.70999890565872,-0.020847211383419006,0.3584623993687724,0.30988129428371575,0.30988129428371575
-206.091936647892,-0.02078487828582339,0.35984082560188896,0.31103517113460677,0.31103517113460677
-205.47387439012527,-0.020722545188227772,0.3612257183824165,0.31219452860361485,0.31219452860361485
-204.85581213235855,-0.020660212090632155,0.362617104450072,0.3133593930407586,0.3133593930407586
-204.23774987459183,-0.020597878993036542,0.36401501050495133,0.3145297908560205,0.3145297908560205
-203.6196876168251,-0.020535545895440925,0.36541946320363783,0.3157057485177846,0.3157057485177846
-203.00162535905838,-0.020473212797845308,0.3668304891552283,0.3168872925512286,0.3168872925512286
-202.38356310129166,-0.02041087970024969,0.36824811491727405,0.3180744495366716,0.3180744495366716
-201.76550084352493,-0.020348546602654078,0.3696723669916363,0.3192672461078756,0.3192672461078756
-201.1474385857582,-0.02028621350505846,0.37110327182025526,0.32046570895030047,0.32046570895030047
-200.52937632799149,-0.020223880407462844,0.37254085578082907,0.3216698647993109,0.3216698647993109
-199.91131407022476,-0.020161547309867228,0.37398514518240483,0.32287974043833517,0.32287974043833517
-199.29325181245804,-0.020099214212271614,0.3754361662608777,0.3240953626969738,0.3240953626969738
-198.67518955469131,-0.020036881114675997,0.3768939451743973,0.325316758449059,0.325316758449059
-198.0571272969246,-0.01997454801708038,0.37835850799868115,0.326543954610662,0.326543954610662
-197.43906503915787,-0.019912214919484764,0.3798298807222322,0.3277769781380483,0.3277769781380483
-196.82100278139114,-0.01984988182188915,0.38130808924145976,0.32901585602558053,0.32901585602558053
-196.20294052362442,-0.019787548724293533,0.38279315935570324,0.33026061530356604,0.33026061530356604
-195.5848782658577,-0.019725215626697917,0.3842851167621555,0.33151128303605093,0.33151128303605093
-194.96681600809097,-0.019662882529102303,0.38578398705068606,0.33276788631855686,0.33276788631855686
-194.3487538099289,-0.01960054943751796,0.38728979555300946,0.3340304521537141,0.3340304521537141
-193.73069155216217,-0.019538216339922344,0.3888025679188389,0.3352990079364952,0.3352990079364952
-193.11262929439545,-0.019475883242326728,0.3903223292390999,0.3365735807212272,0.3365735807212272
-192.49456703662872,-0.019413550144731114,0.39184910462053146,0.3378541977055538,0.3378541977055538
-191.876504778862,-0.019351217047135497,0.39338291903510125,0.3391408861064063,0.3391408861064063
-191.25844252109528,-0.01928888394953988,0.39492379731419347,0.34043367315738426,0.34043367315738426
-190.64038026332855,-0.019226550851944264,0.39647176414268503,0.3417325861060721,0.3417325861060721
-190.02231800556183,-0.01916421775434865,0.39802684405291,0.34303765221129245,0.34303765221129245
-189.4042557477951,-0.019101884656753033,0.3995890614185093,0.3443488987402937,0.3443488987402937
-188.78619349002838,-0.019039551559157417,0.4011584404481653,0.3456663529658703,0.3456663529658703
-188.16813123226166,-0.0189772184615618,0.4027350051792191,0.3469900421634175,0.3469900421634175
-187.55006897449493,-0.018914885363966186,0.4043187794711694,0.34831999360791527,0.34831999360791527
-186.9320067167282,-0.01885255226637057,0.40590978699905134,0.3496562345708438,0.3496562345708438
-186.3139444589615,-0.018790219168774953,0.4075080512466932,0.35099879231702746,0.35099879231702746
-185.69588220119476,-0.018727886071179336,0.40911359549985044,0.35234769410140604,0.35234769410140604
-185.07781994342804,-0.018665552973583723,0.4107264428392149,0.35370296716573413,0.35370296716573413
-184.45975768566132,-0.018603219875988106,0.41234661613329765,0.3550646387352042,0.3550646387352042
-183.8416954278946,-0.01854088677839249,0.4139741380311842,0.3564327360149956,0.3564327360149956
-183.22363317012787,-0.018478553680796872,0.41560903095516,0.3578072861867448,0.3578072861867448
-182.60557091236115,-0.01841622058320126,0.4172513170932054,0.35918831640493865,0.35918831640493865
-181.98750871419907,-0.018353887491616917,0.41890101823190623,0.36057585365910194,0.36057585365910194
-181.36944645643234,-0.0182915543940213,0.4205581563857721,0.3619699253059022,0.3619699253059022
-180.75138419866562,-0.018229221296425683,0.42222275283476945,0.3633705582624364,0.3633705582624364
-180.1333219408989,-0.01816688819883007,0.4238948287519354,0.36477777953691287,0.36477777953691287
-179.51525968313217,-0.018104555101234453,0.4255744050364586,0.36619161609113665,0.36619161609113665
-178.89719742536545,-0.018042222003638836,0.42726150230535714,0.36761209483640633,0.36761209483640633
-178.27913516759872,-0.01797988890604322,0.42895614088501294,0.369039242629323,0.369039242629323
-177.661072909832,-0.017917555808447606,0.4306583408025647,0.37047308626751146,0.37047308626751146
-177.04301065206528,-0.01785522271085199,0.4323681217771549,0.37191365248525077,0.37191365248525077
-176.42494839429855,-0.017792889613256372,0.43408550321103156,0.3733609679490134,0.3733609679490134
-175.80688613653183,-0.017730556515660755,0.4358105041805012,0.374815059252912,0.374815059252912
-175.1888238787651,-0.017668223418065142,0.4375431434267332,0.37627595291405164,0.37627595291405164
-174.57076162099838,-0.017605890320469525,0.4392834393464136,0.37774367536778714,0.37774367536778714
-173.95269936323166,-0.017543557222873908,0.4410314099822459,0.379218252962883,0.379218252962883
-173.33463710546494,-0.01748122412527829,0.44278707301329945,0.38069971195657415,0.38069971195657415
-172.7165748476982,-0.017418891027682678,0.44455044574520125,0.3821880785095291,0.3821880785095291
-172.0985125899315,-0.01735655793008706,0.44632154510017263,0.3836833786807092,0.3836833786807092
-171.48045033216476,-0.017294224832491444,0.44810038760690646,0.38518563842212683,0.38518563842212683
-170.86238807439804,-0.01723189173489583,0.44988698939028665,0.38669488357349924,0.38669488357349924
-170.24432581663132,-0.017169558637300214,0.4516813661609461,0.38821113985679584,0.38821113985679584
-169.6262635588646,-0.017107225539704597,0.4534835332046623,0.38973443287067927,0.38973443287067927
-169.00820136070251,-0.017044892448120255,0.4552935051966627,0.3912647879369115,0.3912647879369115
-168.3901391029358,-0.016982559350524642,0.45711129688964625,0.39280223068559367,0.39280223068559367
-167.77207684516907,-0.016920226252929025,0.45893692205538567,0.3943467861637735,0.3943467861637735
-167.15401458740234,-0.016857893155333408,0.4607703941709088,0.39589847941909645,0.39589847941909645
-166.53595232963562,-0.01679556005773779,0.46261172623289076,0.3974573353464434,0.3974573353464434
-165.9178900718689,-0.016733226960142178,0.46446093074605005,0.39902337868169707,0.39902337868169707
-165.29982781410217,-0.01667089386254656,0.4663180197113751,0.4005966339953894,0.4005966339953894
-164.68176555633545,-0.016608560764950944,0.468183004614176,0.4021771256862305,0.4021771256862305
-164.06370329856873,-0.016546227667355327,0.4700558964119665,0.40376487797451566,0.40376487797451566
-163.445641040802,-0.016483894569759714,0.4719367055221697,0.4053599148954108,0.4053599148954108
-162.82757878303528,-0.016421561472164097,0.4738254418096486,0.4069622602921131,0.4069622602921131
-162.20951652526855,-0.01635922837456848,0.4757221145740625,0.4085719378088857,0.4085719378088857
-161.59145426750183,-0.016296895276972864,0.477626732537043,0.41018897088396594,0.41018897088396594
-160.9733920097351,-0.01623456217937725,0.4795393038291956,0.4118133827423445,0.4118133827423445
-160.35532975196838,-0.016172229081781633,0.48145983597691944,0.4134451963884134,0.4134451963884134
-159.73726749420166,-0.016109895984186016,0.48338833588904995,0.41508443459848293,0.41508443459848293
-159.11920523643494,-0.0160475628865904,0.4853248098433199,0.41673111991316386,0.41673111991316386
-158.5011429786682,-0.015985229788994786,0.4872692634726382,0.418385274629616,0.418385274629616
-157.8830807209015,-0.01592289669139917,0.48922170175119034,0.42004692079365763,0.42004692079365763
-157.26501846313477,-0.015860563593803553,0.49118212898035307,0.4217160801917392,0.4217160801917392
-156.6469562649727,-0.01579823050221921,0.4931505485842137,0.42339277418071386,0.42339277418071386
-156.02889400720596,-0.015735897404623597,0.4951269638552111,0.4250770243270428,0.4250770243270428
-155.41083174943924,-0.01567356430702798,0.4971113768005222,0.4267688514281639,0.4267688514281639
-154.79276949167252,-0.015611231209432364,0.4991037888857944,0.42846827614995353,0.42846827614995353
-154.1747072339058,-0.015548898111836748,0.5011042008307007,0.4301753188566495,0.4301753188566495
-153.55664497613907,-0.015486565014241132,0.5031126125937536,0.43188999960196056,0.43188999960196056
-152.93858271837234,-0.015424231916645516,0.5051290233569357,0.43361233812002425,0.43361233812002425
-152.32052046060562,-0.0153618988190499,0.5071534315101465,0.4353423538162163,0.4353423538162163
-151.7024582028389,-0.015299565721454285,0.5091858346354637,0.4370800657578056,0.4370800657578056
-151.08439594507217,-0.015237232623858668,0.5112262294912222,0.4388254926644563,0.4388254926644563
-150.46633368730545,-0.015174899526263053,0.513274611995907,0.4405786528985728,0.4405786528985728
-149.84827142953873,-0.015112566428667436,0.5153309772118652,0.44233956445548983,0.44233956445548983
-149.230209171772,-0.01505023333107182,0.5173953193288334,0.4441082449535022,0.4441082449535022
-148.61214691400528,-0.014987900233476204,0.5194676316472836,0.445884711623735,0.445884711623735
-147.99408465623856,-0.014925567135880589,0.5215479065615862,0.4476689812998523,0.4476689812998523
-147.37602239847183,-0.014863234038284972,0.5236361355429942,0.44946107040760297,0.44946107040760297
-146.7579601407051,-0.014800900940689357,0.5257323091224446,0.45126099495420213,0.45126099495420213
-146.13989788293839,-0.014738567843093742,0.5278364168731834,0.4530687705175466,0.4530687705175466
-145.52183562517166,-0.014676234745498125,0.5299484473932102,0.4548844122352631,0.4548844122352631
-144.90377336740494,-0.01461390164790251,0.5320683882875483,0.45670793479358873,0.45670793479358873
-144.28571116924286,-0.014551568556318168,0.5341962259447527,0.45853935223908066,0.45853935223908066
-143.66764891147614,-0.014489235458722553,0.5363319463404094,0.46037867867438986,0.46037867867438986
-143.0495866537094,-0.014426902361126936,0.5384755337876551,0.46222592718691996,0.46222592718691996
-142.4315243959427,-0.01436456926353132,0.5406269717388109,0.4640811105427303,0.4640811105427303
-141.81346213817596,-0.014302236165935704,0.5427862425619666,0.4659442409983155,0.4659442409983155
-141.19539988040924,-0.014239903068340089,0.5449533275222233,0.46781533028844857,0.46781533028844857
-140.57733762264252,-0.014177569970744472,0.547128206762769,0.469694389613845,0.469694389613845
-139.9592753648758,-0.014115236873148857,0.5493108592857951,0.471581429628649,0.471581429628649
-139.34121310710907,-0.01405290377555324,0.5515012629332511,0.47347646042774105,0.47347646042774105
-138.72315084934235,-0.013990570677957625,0.5536993943674431,0.475379491533864,0.475379491533864
-138.10508859157562,-0.013928237580362008,0.5559052290514782,0.47729053188456944,0.47729053188456944
-137.4870263338089,-0.013865904482766393,0.5581187412295576,0.47920958981897976,0.47920958981897976
-136.86896407604218,-0.013803571385170776,0.560339903907122,0.4811366730643689,0.4811366730643689
-136.25090181827545,-0.013741238287575161,0.5625686888308511,0.4830717887225582,0.4830717887225582
-135.63283956050873,-0.013678905189979544,0.5648050664685239,0.4850149432561278,0.4850149432561278
-135.014777302742,-0.013616572092383929,0.5670490059887396,0.48696614247444264,0.48696614247444264
-134.39671504497528,-0.013554238994788312,0.5693004752405064,0.4889253915194927,0.4889253915194927
-133.77865278720856,-0.013491905897192697,0.5715594407326989,0.4908926948515452,0.4908926948515452
-133.16059052944183,-0.01342957279959708,0.573825867613393,0.4928680562346117,0.4928680562346117
-132.5425282716751,-0.013367239702001465,0.5760997196490769,0.4948514787217258,0.4948514787217258
-131.92446607351303,-0.013304906610417123,0.5783809589833957,0.49684296444759013,0.49684296444759013
-131.3064038157463,-0.013242573512821508,0.5806695469968407,0.4988425153824749,0.4988425153824749
-130.68834155797958,-0.013180240415225891,0.5829654429656359,0.5008501321646026,0.5008501321646026
-130.07027930021286,-0.013117907317630276,0.5852686049197997,0.5028658148521137,0.5028658148521137
-129.45221704244614,-0.01305557422003466,0.5875789894021858,0.5048895627157366,0.5048895627157366
-128.8341547846794,-0.012993241122439044,0.5898965514470769,0.5069213742229343,0.5069213742229343
-128.2160925269127,-0.012930908024843427,0.592221244558695,0.5089612470218617,0.5089612470218617
-127.59803026914597,-0.012868574927247812,0.5945530206896347,0.5110091779251362,0.5110091779251362
-126.97996801137924,-0.012806241829652195,0.5968918302192256,0.5130651628934167,0.5130651628934167
-126.36190575361252,-0.01274390873205658,0.5992376219318314,0.5151291970187979,0.5151291970187979
-125.7438434958458,-0.012681575634460963,0.6015903429950908,0.5172012745080151,0.5172012745080151
-125.12578123807907,-0.012619242536865348,0.6039499389381106,0.5192813886654624,0.5192813886654624
-124.50771898031235,-0.012556909439269731,0.6063163536296142,0.5213695318760249,0.5213695318760249
-123.88965672254562,-0.012494576341674116,0.6086895292560585,0.5234656955877247,0.5234656955877247
-123.2715944647789,-0.0124322432440785,0.611069406299722,0.5255698702941834,0.5255698702941834
-122.65353220701218,-0.012369910146482884,0.613455923516776,0.5276820455168993,0.5276820455168993
-122.03546994924545,-0.012307577048887268,0.6158490179153466,0.5298022097873442,0.5298022097873442
-121.41740769147873,-0.012245243951291652,0.6182486247335747,0.5319303506288763,0.5319303506288763
-120.799345433712,-0.012182910853696037,0.620654677417686,0.5340664545384757,0.5340664545384757
-120.18128317594528,-0.01212057775610042,0.6230671076000781,0.5362105069683005,0.5362105069683005
-119.5632209777832,-0.01205824466451608,0.6254858448438751,0.5383624920991507,0.5383624920991507
-118.94515872001648,-0.011995911566920463,0.6279108175547222,0.5405223936525704,0.5405223936525704
-118.32709646224976,-0.011933578469324848,0.6303419515594272,0.5426901936266789,0.5426901936266789
-117.70903420448303,-0.011871245371729231,0.6327791710166508,0.5448658731063998,0.5448658731063998
-117.09097194671631,-0.011808912274133616,0.6352223981622804,0.5470494120370027,0.5470494120370027
-116.47290968894958,-0.011746579176538,0.6376715532878382,0.5492407892046288,0.5492407892046288
-115.85484743118286,-0.011684246078942384,0.6401265547189819,0.5514399822166522,0.5514399822166522
-115.23678517341614,-0.011621912981346768,0.64258731879411,0.5536469674818818,0.5536469674818818
-114.61872291564941,-0.011559579883751153,0.6450537598430814,0.5558617201906038,0.5558617201906038
-114.00066065788269,-0.011497246786155536,0.6475257901660648,0.5580842142944696,0.5580842142944696
-113.38259840011597,-0.01143491368855992,0.650003320012529,0.5603144224862315,0.5603144224862315
-112.76453614234924,-0.011372580590964304,0.6524862575603864,0.5625523161793314,0.5625523161793314
-112.14647388458252,-0.011310247493368689,0.6549745088953044,0.5647978654873419,0.5647978654873419
-111.5284116268158,-0.011247914395773072,0.6574679779901997,0.5670510392032703,0.5670510392032703
-110.91034936904907,-0.011185581298177457,0.659966566684925,0.5693118047787219,0.5693118047787219
-110.29228711128235,-0.01112324820058184,0.6624701746661669,0.571580128302933,0.571580128302933
-109.67422485351562,-0.011060915102986225,0.6649786994475677,0.5738559744816746,0.5738559744816746
-109.0561625957489,-0.010998582005390608,0.6674920363500862,0.5761393066160317,0.5761393066160317
-108.43810033798218,-0.010936248907794993,0.6700100784826126,0.5784300865810657,0.5784300865810657
-107.82003808021545,-0.010873915810199376,0.6725327167228534,0.5807282748043601,0.5807282748043601
-107.20197582244873,-0.01081158271260376,0.6750598396985027,0.5830338302444599,0.5830338302444599
-106.58391362428665,-0.010749249621019419,0.6775913335243755,0.5853467101458056,0.5853467101458056
-105.96585136651993,-0.010686916523423804,0.6801270827611507,0.5876668709098756,0.5876668709098756
-105.3477891087532,-0.010624583425828187,0.6826669689326896,0.5899942667350302,0.5899942667350302
-104.72972685098648,-0.010562250328232572,0.6852108714846334,0.5923288504860684,0.5923288504860684
-104.11166459321976,-0.010499917230636955,0.6877586675233305,0.5946705734495144,0.5946705734495144
-103.49360233545303,-0.01043758413304134,0.6903102317990724,0.5970193853115262,0.5970193853115262
-102.87554007768631,-0.010375251035445723,0.6928654366897367,0.599375234135742,0.599375234135742
-102.25747781991959,-0.010312917937850108,0.6954241521848537,0.6017380663410667,0.6017380663410667
-101.63941556215286,-0.010250584840254491,0.6979862458701149,0.6041078266794085,0.6041078266794085
-101.02135330438614,-0.010188251742658876,0.7005515829123447,0.6064844582133726,0.6064844582133726
-100.40329104661942,-0.010125918645063259,0.7031200260449507,0.6088679022939204,0.6088679022939204
-99.78522878885269,-0.010063585547467644,0.7056914355538761,0.611258098538002,0.611258098538002
-99.16716653108597,-0.010001252449872027,0.7082656692640705,0.6136549848061705,0.6136549848061705
-98.54910427331924,-0.009938919352276412,0.7108425825265003,0.6160584971801886,0.6160584971801886
-97.93104201555252,-0.009876586254680795,0.7134220282057211,0.6184685699406328,0.6184685699406328
-97.3129797577858,-0.00981425315708518,0.7160038566680277,0.6208851355445096,0.6208851355445096
-96.69491750001907,-0.009751920059489563,0.7185879157702072,0.6233081246028893,0.6233081246028893
-96.07685524225235,-0.009689586961893948,0.7211740508489133,0.6257374658585697,0.6257374658585697
-95.45879298448563,-0.009627253864298333,0.7237621047106834,0.6281730861637794,0.6281730861637794
-94.8407307267189,-0.009564920766702716,0.7263519176226201,0.6306149104579305,0.6306149104579305
-94.22266852855682,-0.009502587675118376,0.7289433270537776,0.6330628615090649,0.6330628615090649
-93.6046062707901,-0.00944025457752276,0.7315361686670332,0.6355168608366351,0.6355168608366351
-92.98654401302338,-0.009377921479927144,0.7341302748124072,0.6379768272730099,0.6379768272730099
-92.36848175525665,-0.009315588382331527,0.7367254755201231,0.6404426778852611,0.6404426778852611
-91.75041949748993,-0.009253255284735912,0.7393215982451007,0.6429143277175561,0.6429143277175561
-91.1323572397232,-0.009190922187140295,0.7419184678620804,0.6453916897694524,0.6453916897694524
-90.51429498195648,-0.00912858908954468,0.744515906661566,0.6478746749743247,0.6478746749743247
-89.89623272418976,-0.009066255991949063,0.7471137343466064,0.6503631921779407,0.6503631921779407
-89.27817046642303,-0.009003922894353448,0.7497117680304419,0.6528571481171931,0.6528571481171931
-88.66010820865631,-0.008941589796757831,0.7523098222350347,0.6553564473990087,0.6553564473990087
-88.04204595088959,-0.008879256699162216,0.7549077088905076,0.6578609924794436,0.6578609924794436
-87.42398369312286,-0.0088169236015666,0.7575052373355139,0.6603706836429802,0.6603706836429802
-86.80592143535614,-0.008754590503970984,0.7601022143185595,0.6628854189820429,0.6628854189820429
-86.18785917758942,-0.008692257406375367,0.7626984440003022,0.6654050943767438,0.6654050943767438
-85.56979691982269,-0.008629924308779752,0.7652937279568479,0.6679296034748781,0.6679296034748781
-84.95173466205597,-0.008567591211184136,0.7678878651840689,0.6704588376721808,0.6704588376721808
-84.33367240428925,-0.00850525811358852,0.7704806521029646,0.6729926860928646,0.6729926860928646
-83.71561014652252,-0.008442925015992904,0.7730718825660889,0.6755310355704522,0.6755310355704522
-83.0975478887558,-0.008380591918397289,0.7756613478650644,0.6780737706289225,0.6780737706289225
-82.47948563098907,-0.008318258820801672,0.7782488367392065,0.6806207734641841,0.6806207734641841
-81.861423432827,-0.008255925729217331,0.7808341351360724,0.6831719236796755,0.6831719236796755
-81.24336117506027,-0.008193592631621715,0.7834170272194453,0.6857270992530632,0.6857270992530632
-80.62529891729355,-0.0081312595340261,0.7859972938854638,0.6882861750426282,0.6882861750426282
-80.00723665952682,-0.008068926436430483,0.78857471377342,0.6908490237539598,0.6908490237539598
-79.3891744017601,-0.008006593338834867,0.7911490630308273,0.6934155156775172,0.6934155156775172
-78.77111214399338,-0.00794426024123925,0.7937201153291564,0.6959855186724566,0.6959855186724566
-78.15304988622665,-0.007881927143643636,0.7962876418808263,0.6985588981509185,0.6985588981509185
-77.53498762845993,-0.007819594046048019,0.7988514114574767,0.7011355170627909,0.7011355170627909
-76.9169253706932,-0.007757260948452404,0.801411190409534,0.7037152358809695,0.7037152358809695
-76.29886311292648,-0.007694927850856788,0.8039667426870959,0.7062979125871358,0.7062979125871358
-75.68080085515976,-0.007632594753261172,0.8065178298621513,0.7088834026580718,0.7088834026580718
-75.06273859739304,-0.007570261655665556,0.8090642111521503,0.7114715590525328,0.7114715590525328
-74.44467633962631,-0.00750792855806994,0.8116056434449483,0.7140622321986999,0.7140622321986999
-73.82661408185959,-0.007445595460474324,0.8141418813251364,0.7166552699822311,0.7166552699822311
-73.20855182409286,-0.007383262362878708,0.8166726771017758,0.7192505177349348,0.7192505177349348
-72.59048956632614,-0.007320929265283092,0.8191977808375525,0.7218478182240854,0.7218478182240854
-71.97242730855942,-0.007258596167687476,0.8217169403793684,0.7244470116424038,0.7244470116424038
-71.3543650507927,-0.00719626307009186,0.8242299013903815,0.7270479355987246,0.7270479355987246
-70.73630279302597,-0.007133929972496244,0.8267364073835104,0.7296504251093711,0.7296504251093711
-70.11824053525925,-0.007071596874900628,0.8292361997564154,0.7322543125902627,0.7322543125902627
-69.50017833709717,-0.007009263783316287,0.831729017587912,0.7348594275984891,0.7348594275984891
-68.88211607933044,-0.006946930685720671,0.834214598636884,0.7374655978309959,0.7374655978309959
-68.26405382156372,-0.006884597588125055,0.8366926779393146,0.7400726476116023,0.7400726476116023
-67.645991563797,-0.006822264490529439,0.8391629888116025,0.7426803988910893,0.7426803988910893
-67.02792930603027,-0.006759931392933823,0.8416252626523548,0.7452886709921235,0.7452886709921235
-66.40986704826355,-0.006697598295338207,0.844079228986461,0.7478972806062288,0.7478972806062288
-65.79180479049683,-0.006635265197742591,0.8465246155107109,0.7505060417916473,0.7505060417916473
-65.1737425327301,-0.006572932100146975,0.8489611481409659,0.7531147659721147,0.7531147659721147
-64.55568027496338,-0.006510599002551359,0.851388551060886,0.7557232619365737,0.7557232619365737
-63.937618017196655,-0.006448265904955743,0.8538065467722158,0.7583313358398481,0.7583313358398481
-63.31955575942993,-0.006385932807360127,0.8562148561466353,0.7609387912043011,0.7609387912043011
-62.70149350166321,-0.006323599709764511,0.8586131984791741,0.7635454289225015,0.7635454289225015
-62.083431243896484,-0.006261266612168895,0.8610012915431905,0.7661510472609203,0.7661510472609203
-61.46536898612976,-0.006198933514573279,0.8633788516469162,0.7687554418646803,0.7687554418646803
-60.84730672836304,-0.006136600416977663,0.8657455936915625,0.771358405763384,0.771358405763384
-60.22924447059631,-0.006074267319382047,0.8681012312309841,0.7739597293780401,0.7739597293780401
-59.61118221282959,-0.006011934221786431,0.8704454765329017,0.7765592005291142,0.7765592005291142
-58.993119955062866,-0.005949601124190816,0.8727780406416684,0.7791566044457219,0.7791566044457219
-58.37505769729614,-0.0058872680265952,0.875098633442581,0.7817517237759917,0.7817517237759917
-57.75699543952942,-0.005824934928999584,0.8774069637277236,0.7843443385986183,0.7843443385986183
-57.13893324136734,-0.005762601837415243,0.8797027390425489,0.7869342261860006,0.7869342261860006
-56.52087098360062,-0.005700268739819627,0.881985666639149,0.7895211620170346,0.7895211620170346
-55.90280872583389,-0.005637935642224011,0.8842554522181924,0.7921049182937522,0.7921049182937522
-55.28474646806717,-0.005575602544628395,0.8865118008876284,0.7946852649571922,0.7946852649571922
-54.666684210300446,-0.005513269447032779,0.8887544170140078,0.7972619694553273,0.7972619694553273
-54.04862195253372,-0.005450936349437163,0.8909830042972657,0.7998347967622054,0.7998347967622054
-53.430559694767,-0.005388603251841547,0.8931972658469377,0.80240350939843,0.80240350939843
-52.812497437000275,-0.005326270154245931,0.8953969042597865,0.8049678674529962,0.8049678674529962
-52.19443517923355,-0.005263937056650315,0.8975816216988227,0.807527628606501,0.807527628606501
-51.57637292146683,-0.005201603959054699,0.8997511199736901,0.8100825481557494,0.8100825481557494
-50.958310663700104,-0.005139270861459083,0.901905100622395,0.8126323790397716,0.8126323790397716
-50.34024840593338,-0.005076937763863467,0.904043264994351,0.8151768718672692,0.8151768718672692
-49.72218614816666,-0.005014604666267851,0.9061653143347113,0.817715774945507,0.817715774945507
-49.10412389039993,-0.0049522715686722354,0.9082709498699589,0.820248834310668,0.820248834310668
-48.48606163263321,-0.0048899384710766195,0.9103598728947246,0.8227757937596859,0.8227757937596859
-47.867999374866486,-0.0048276053734810035,0.9124317848597971,0.8252963948835678,0.8252963948835678
-47.24993711709976,-0.0047652722758853875,0.9144863874612931,0.8278103771022253,0.8278103771022253
-46.63187485933304,-0.0047029391782897716,0.9165233827309506,0.8303174777008248,0.8303174777008248
-46.013812601566315,-0.004640606080694156,0.9185424731275069,0.8328174318676672,0.8328174318676672
-45.39575034379959,-0.00457827298309854,0.9205433616291235,0.8353099727336144,0.8353099727336144
-44.77768808603287,-0.004515939885502924,0.9225257518268155,0.8377948314130663,0.8377948314130663
-44.15962588787079,-0.0044536067939185825,0.9244893478303939,0.8402717368080284,0.8402717368080284
-43.541563630104065,-0.0043912736963229665,0.9264338551194299,0.8427404166069337,0.8427404166069337
-42.92350137233734,-0.0043289405987273506,0.9283589795032052,0.8452005958970923,0.8452005958970923
-42.30543911457062,-0.004266607501131735,0.9302644279770288,0.8476519981682409,0.8476519981682409
-41.687376856803894,-0.004204274403536119,0.9321499086297481,0.8500943451221611,0.8500943451221611
-41.06931459903717,-0.004141941305940503,0.934015130742265,0.8525273567231505,0.8525273567231505
-40.45125234127045,-0.004079608208344887,0.9358598048867274,0.8549507512500942,0.8549507512500942
-39.83319008350372,-0.004017275110749271,0.9376836430263437,0.8573642453501398,0.8573642453501398
-39.215127825737,-0.003954942013153655,0.9394863586157673,0.8597675540939756,0.8597675540939756
-38.597065567970276,-0.003892608915558039,0.9412676667019944,0.8621603910327135,0.8621603910327135
-37.97900331020355,-0.0038302758179624232,0.943027284025717,0.8645424682563738,0.8645424682563738
-37.36094105243683,-0.0037679427203668073,0.9447649291230771,0.8669134964539706,0.8669134964539706
-36.742878794670105,-0.0037056096227711913,0.9464803224277569,0.8692731849751926,0.8692731849751926
-36.12481653690338,-0.0036432765251755753,0.9481731863733498,0.8716212418936743,0.8716212418936743
-35.50675427913666,-0.0035809434275799593,0.9498432454959465,0.8739573740718529,0.8739573740718529
-34.888692021369934,-0.0035186103299843434,0.9514902265368762,0.8762812872273988,0.8762812872273988
-34.27062976360321,-0.0034562772323887274,0.9531138585455373,0.8785926860012134,0.8785926860012134
-33.65256750583649,-0.0033939441347931114,0.9547138729822531,0.8808912740269834,0.8808912740269834
-33.03450524806976,-0.0033316110371974955,0.9562900038210869,0.8831767540022764,0.8831767540022764
-32.41644299030304,-0.0032692779396018795,0.95784198765255,0.8854488277611657,0.8854488277611657
-31.79838079214096,-0.0032069448480175383,0.9593695636400043,0.8877071961312493,0.8877071961312493
-31.180318534374237,-0.0031446117504219224,0.9608724742088675,0.8899515598791357,0.8899515598791357
-30.562256276607513,-0.0030822786528263064,0.9623504642646559,0.892181618480761,0.892181618480761
-29.94419401884079,-0.003019945555230691,0.9638032818862297,0.8943970710724859,0.8943970710724859
-29.326131761074066,-0.002957612457635075,0.9652306782784411,0.8965976163126427,0.8965976163126427
-28.708069503307343,-0.002895279360039459,0.9666324078727567,0.8987829524629585,0.8987829524629585
-28.09000724554062,-0.002832946262443843,0.9680082284272883,0.9009527774713608,0.9009527774713608
-27.471944987773895,-0.002770613164848227,0.9693579011261569,0.9031067890561487,0.9031067890561487
-26.85388273000717,-0.002708280067252611,0.9706811906781232,0.9052446847914936,0.9052446847914936
-26.235820472240448,-0.002645946969656995,0.9719778654144079,0.9073661621942453,0.9073661621942453
-25.617758214473724,-0.002583613872061379,0.9732476973856345,0.9094709188120097,0.9094709188120097
-24.999695956707,-0.002521280774465763,0.9744904624578182,0.9115586523124621,0.9115586523124621
-24.381633698940277,-0.002458947676870147,0.9757059404073326,0.9136290605738686,0.9136290605738686
-23.763571441173553,-0.002396614579274531,0.9768939150147808,0.9156818417767701,0.9156818417767701
-23.14550918340683,-0.002334281481678915,0.9780541741576991,0.9177166944967983,0.9177166944967983
-22.527446925640106,-0.002271948384083299,0.9791865099020239,0.9197333177985793,0.9197333177985793
-21.909384667873383,-0.0022096152864876832,0.9802907185922481,0.9217314113306861,0.9217314113306861
-21.29132241010666,-0.0021472821888920673,0.9813666009401992,0.9237106754215946,0.9237106754215946
-20.673260152339935,-0.0020849490912964513,0.9824139621123689,0.9256708111766005,0.9256708111766005
-20.05519789457321,-0.0020226159937008353,0.9834326118157223,0.927611520575651,0.927611520575651
-19.437135696411133,-0.001960282902116494,0.9844223642878726,0.9295325063877444,0.9295325063877444
-18.81907343864441,-0.0018979498045208784,0.9853830387586638,0.9314334730095722,0.9314334730095722
-18.201011180877686,-0.0018356167069252625,0.9863144589582957,0.9333141254542183,0.9333141254542183
-17.582948923110962,-0.0017732836093296465,0.9872164535809902,0.9351741701951122,0.9351741701951122
-16.96488666534424,-0.0017109505117340305,0.9880888562653556,0.9370133150814699,0.9370133150814699
-16.346824407577515,-0.0016486174141384145,0.9889315056696799,0.9388312694405518,0.9388312694405518
-15.728762149810791,-0.0015862843165427986,0.9897442455452486,0.9406277441804661,0.9406277441804661
-15.110699892044067,-0.0015239512189471826,0.9905269248076206,0.9424024518934646,0.9424024518934646
-14.492637634277344,-0.0014616181213515666,0.9912793976058091,0.9441551069596672,0.9441551069596672
-13.87457537651062,-0.0013992850237559507,0.9920015233893033,0.9458854256511562,0.9458854256511562
-13.256513118743896,-0.001336951926160335,0.9926931669728776,0.9475931262363789,0.9475931262363789
-12.638450860977173,-0.001274618828564719,0.993354198599133,0.9492779290847941,0.9492779290847941
-12.02038860321045,-0.001212285730969103,0.9939844939987164,0.9509395567716988,0.9509395567716988
-11.402326345443726,-0.001149952633373487,0.9945839344481654,0.9525777341831708,0.9525777341831708
-10.784264087677002,-0.001087619535777871,0.9951524068253323,0.9541921886210585,0.9541921886210585
-10.166201829910278,-0.001025286438182255,0.9956898036623351,0.9557826499079524,0.9557826499079524
-9.548139572143555,-0.0009629533405866391,0.9961960231959919,0.9573488504920703,0.9573488504920703
-8.930077314376831,-0.0009006202429910231,0.9966709694156961,0.9588905255519841,0.9588905255519841
-8.312015056610107,-0.0008382871453954071,0.997114552108687,0.960407413101122,0.960407413101122
-7.693952798843384,-0.0007759540477997913,0.9975266869026801,0.9618992540919733,0.9618992540919733
-7.075890600681305,-0.0007136209562154502,0.9979072952706333,0.9633657923797223,0.9633657923797223
-6.457828342914581,-0.0006512878586198343,0.9982563047117645,0.9648067753889271,0.9648067753889271
-5.839766085147858,-0.0005889547610242183,0.9985736485657966,0.9662219533677866,0.9662219533677866
-5.221703827381134,-0.0005266216634286023,0.9988592661945372,0.9676110800586256,0.9676110800586256
-4.60364156961441,-0.00046428856583298635,0.9991131029725558,0.9689739126568785,0.9689739126568785
-3.9855793118476868,-0.00040195546823737044,0.9993351103132545,0.9703102119119931,0.9703102119119931
-3.367517054080963,-0.00033962237064175447,0.9995252456920855,0.9716197422275299,0.9716197422275299
-2.7494547963142395,-0.0002772892730461385,0.9996834726668916,0.972902271760379,0.972902271760379
-2.131392538547516,-0.00021495617545052255,0.9998097608953536,0.9741575725190228,0.9741575725190228
-1.5133302807807922,-0.0001526230778549066,0.9999040861495279,0.9753854204607697,0.9753854204607697
-0.8952680230140686,-9.028998025929065e-05,0.9999664303274618,0.976585595587887,0.976585595587887
-0.27720576524734497,-2.79568826636747e-05,0.9999967814618766,0.9777578820425551,0.9777578820425551
0.0,0.0,1.0,0.9782745462631836,0.9782745462631836
0.34085649251937866,3.4376214931941254e-05,0.9999951337259089,0.978902068200574,0.978902068200574
0.9589187502861023,9.67093125275572e-05,0.9999614874359074,0.9800179467637461,0.9800179467637461
1.576981008052826,0.00015904241012317316,0.9998958490512815,0.981105314850864,0.981105314850864
2.1950432658195496,0.0002213755077187891,0.9997982311714002,0.9821639740872329,0.9821639740872329
2.813105523586273,0.0002837086053144051,0.9996686525295482,0.98319373069265,0.98319373069265
3.431167781352997,0.00034604170291002104,0.9995071379839403,0.9841943955677807,0.9841943955677807
4.0492300391197205,0.00040837480050563696,0.9993137185058044,0.9851657843788494,0.9851657843788494
4.667292296886444,0.00047070789810125293,0.9990884311645439,0.9861077176405886,0.9861077176405886
5.285354495048523,0.0005330409896855939,0.9988313191363196,0.9870200207108191,0.9870200207108191
5.903416752815247,0.0005953740872812099,0.9985424315811605,0.9879025242187675,0.9879025242187675
6.52147901058197,0.0006577071848768259,0.9982218237682309,0.9887550636144538,0.9887550636144538
7.139541268348694,0.0007200402824724418,0.9978695569533492,0.9895774795987781,0.9895774795987781
7.7576035261154175,0.0007823733800680578,0.9974856983730552,0.990369618107316,0.990369618107316
8.375665783882141,0.0008447064776636738,0.9970703212126133,0.9911313303813916,0.9911313303813916
8.993728041648865,0.0009070395752592897,0.9966235045712408,0.9918624730369481,0.9918624730369481
9.611790299415588,0.0009693726728549056,0.9961453334245908,0.9925629081311657,0.9925629081311657
10.229852557182312,0.0010317057704505217,0.9956358985845253,0.9932325032267633,0.9932325032267633
10.847914814949036,0.0010940388680461377,0.995095296656212,0.9938711314539315,0.9938711314539315
11.46597707271576,0.0011563719656417534,0.9945236299925823,0.994478671569843,0.994478671569843
12.084039330482483,0.0012187050632373694,0.9939210066461914,0.9950550080156889,0.9939210066461914
12.702101588249207,0.0012810381608329854,0.9932875403185234,0.9956000309711917,0.9932875403185234
13.32016384601593,0.0013433712584286013,0.9926233503067817,0.9961136364065448,0.9926233503067817
13.938226103782654,0.0014057043560242173,0.9919285614482147,0.9965957261317384,0.9919285614482147
14.556288361549377,0.0014680374536198333,0.9912033040620238,0.9970462078432225,0.9912033040620238
15.174350619316101,0.0015303705512154492,0.9904477138889025,0.9974649951678682,0.9904477138889025
15.792412877082825,0.0015927036488110652,0.9896619320282591,0.9978520077041914,0.9896619320282591
16.41047513484955,0.0016550367464066812,0.9888461048731773,0.9982071710607966,0.9888461048731773
17.028537392616272,0.0017173698440022971,0.9880003840431684,0.9985304168920107,0.9880003840431684
17.646599650382996,0.0017797029415979131,0.9871249263147734,0.998821682930675,0.9871249263147734
18.264661848545074,0.001842036033182254,0.9862198936387738,0.9990809129946093,0.9862198936387738
18.882724106311798,0.00190436913077787,0.9852854527146933,0.9993080571105429,0.9852854527146933
19.50078636407852,0.0019667022283734858,0.9843217754390067,0.9995030713882055,0.9843217754390067
20.118848621845245,0.0020290353259691018,0.9833290384814514,0.9996659181445728,0.9833290384814514
20.73691087961197,0.0020913684235647177,0.9823074232916358,0.9997965658955109,0.9823074232916358
21.354973137378693,0.0021537015211603337,0.9812571160180104,0.9998949893709826,0.9812571160180104
21.973035395145416,0.0022160346187559497,0.9801783074251254,0.9999611695272629,0.9801783074251254
22.59109765291214,0.0022783677163515656,0.9790711928092392,0.999995093556148,0.9790711928092392
22.931954085826874,0.002312743925272232,0.9784485905585953,1.0,0.9784485905585953
23.209159910678864,0.0023407008139471816,0.9779359719123508,0.9999967548911507,0.9779359719123508
23.827222168445587,0.0024030339115427976,0.9767728488347154,0.9999661532106782,0.9767728488347154
24.44528442621231,0.0024653670091384135,0.9755820319459237,0.9999032944381884,0.9755820319459237
25.063346683979034,0.0025277001067340295,0.9743637337946056,0.999808190739322,0.9743637337946056
25.681408941745758,0.0025900332043296455,0.9731181710168334,0.9996808605160189,0.9731181710168334
26.29947119951248,0.0026523663019252615,0.9718455642432938,0.9995213283976174,0.9718455642432938
26.917533457279205,0.0027146993995208774,0.970546138005302,0.9993296252289507,0.970546138005302
27.53559571504593,0.0027770324971164934,0.9692201206397247,0.9991057880554446,0.9692201206397247
28.153657972812653,0.0028393655947121094,0.9678677441928911,0.9988498601052367,0.9678677441928911
28.771720230579376,0.0029016986923077253,0.966489244323556,0.9985618907683296,0.966489244323556
29.3897824883461,0.0029640317899033413,0.9650848602049918,0.998241935572794,0.9650848602049918
30.007844746112823,0.0030263648874989573,0.9636548344262812,0.9978900561580508,0.9636548344262812
30.625906944274902,0.0030886979790832984,0.9621994130344532,0.9975063202837902,0.9621994130344532
31.243969202041626,0.0031510310766789144,0.9607188448705055,0.9970908016463722,0.9607188448705055
31.86203145980835,0.00321336417427453,0.9592133823109064,0.9966435800655378,0.9592133823109064
32.48009371757507,0.003275697271870146,0.9576832806073903,0.9961647413012881,0.9576832806073903
33.0981559753418,0.003338030369465762,0.956128797924456,0.995654377048418,0.956128797924456
33.71621823310852,0.003400363467061378,0.9545501952373524,0.9951125848928356,0.9545501952373524
34.334280490875244,0.003462696564656994,0.9529477362297608,0.9945394682651737,0.9529477362297608
34.95234274864197,0.00352502966225261,0.9513216871912399,0.9939351363917389,0.9513216871912399
35.57040500640869,0.0035873627598482258,0.9496723169145039,0.9932997042428366,0.9496723169145039
36.188467264175415,0.0036496958574438417,0.947999896592601,0.9926332924785225,0.947999896592601
36.80652952194214,0.0037120289550394577,0.946304699716055,0.9919360273918234,0.946304699716055
37.42459177970886,0.0037743620526350737,0.9445870019700433,0.9912080408494788,0.9445870019700433
38.042654037475586,0.0038366951502306896,0.942847081131667,0.9904494702302558,0.942847081131667
38.66071629524231,0.0038990282478263056,0.9410852169673849,0.9896604583608879,0.9410852169673849
39.27877855300903,0.003961361345421922,0.939301691130669,0.988841153449694,0.939301691130669
39.89684081077576,0.004023694443017537,0.9374967870599443,0.9879917090179366,0.9374967870599443
40.51490306854248,0.004086027540613153,0.9356707898768758,0.9871122838289729,0.9356707898768758
41.132965326309204,0.004148360638208769,0.9338239862850573,0.9862030418152633,0.9338239862850573
41.75102758407593,0.004210693735804385,0.931956664469165,0.9852641520032979,0.931956664469165
42.36908984184265,0.004273026833400001,0.93006911399463,0.9842957884365012,0.93006911399463
42.98715204000473,0.004335359924984342,0.9281616258927898,0.983298130193803,0.9281616258927898
43.605214297771454,0.004397693022579958,0.9262344918240206,0.9822713609210201,0.9262344918240206
44.22327655553818,0.004460026120175574,0.9242880050830616,0.9812156693253967,0.9242880050830616
44.8413388133049,0.00452235921777119,0.9223224597673784,0.9801312487090412,0.9223224597673784
45.459401071071625,0.004584692315366806,0.9203381508632328,0.979018296977526,0.9203381508632328
46.07746332883835,0.004647025412962422,0.9183353741495865,0.9778770165520682,0.9183353741495865
46.69552558660507,0.004709358510558038,0.9163144261028827,0.9767076142801642,0.9163144261028827
47.313587844371796,0.004771691608153654,0.9142756038027511,0.9755103013447481,0.9142756038027511
47.93165010213852,0.00483402470574927,0.9122192048386802,0.9742852931719503,0.9122192048386802
48.54971235990524,0.004896357803344886,0.9101455272176986,0.9730328093375235,0.9101455272176986
49.16777461767197,0.004958690900940502,0.9080548692731059,0.9717530734720135,0.9080548692731059
49.78583687543869,0.005021023998536118,0.9059475295742947,0.9704463131647441,0.9059475295742947
50.403899133205414,0.005083357096131734,0.9038238068376977,0.9691127598666944,0.9038238068376977
51.02196139097214,0.00514569019372735,0.9016839998388984,0.9677526487923381,0.9016839998388984
51.64002364873886,0.005208023291322966,0.8995284073259386,0.9663662188205202,0.8995284073259386
52.258085906505585,0.005270356388918582,0.8973573279338564,0.9649537123944472,0.8973573279338564
52.87614816427231,0.005332689486514198,0.8951710601004846,0.9635153754208613,0.8951710601004846
53.49421042203903,0.005395022584109814,0.8929699019835408,0.9620514571684757,0.8929699019835408
54.112272679805756,0.00545735568170543,0.8907541513790347,0.9605622101657417,0.8907541513790347
54.73033493757248,0.005519688779301046,0.8885241056410219,0.9590478900980232,0.8885241056410219
55.34839713573456,0.005582021870885387,0.8862800618198036,0.9575087558538693,0.8862800618198036
55.96645939350128,0.005644354968481003,0.884022315717444,0.9559450688250999,0.884022315717444
56.584521651268005,0.005706688066076619,0.8817511631102105,0.9543570936932584,0.8817511631102105
57.20258390903473,0.005769021163672235,0.8794668988096117,0.9527450977337786,0.8794668988096117
57.82064616680145,0.005831354261267851,0.8771698168049585,0.9511093508585138,0.8771698168049585
58.438708424568176,0.005893687358863467,0.8748602101916547,0.9494501255108667,0.8748602101916547
59.0567706823349,0.005956020456459083,0.8725383711009721,0.9477676965608239,0.8725383711009721
59.67483294010162,0.0060183535540546985,0.8702045906313288,0.9460623411999626,0.8702045906313288
60.29289519786835,0.0060806866516503145,0.8678591587810788,0.9443343388365022,0.8678591587810788
60.91095745563507,0.0061430197492459305,0.8655023643828252,0.9425839709904615,0.8655023643828252
61.529019713401794,0.0062053528468415465,0.8631344950392694,0.9408115211889914,0.8631344950392694
62.14708197116852,0.006267685944437162,0.8607558370606005,0.9390172748619434,0.8607558370606005
62.76514422893524,0.006330019042032778,0.8583666754034365,0.9372015192377418,0.8583666754034365
63.383206486701965,0.006392352139628394,0.8559672936113173,0.9353645432396165,0.8559672936113173
64.00126874446869,0.00645468523722401,0.8535579737567619,0.9335066373822628,0.8535579737567619
64.61933100223541,0.0065170183348196254,0.851138996384883,0.9316280936689826,0.851138996384883
65.23739326000214,0.006579351432415241,0.8487106404585704,0.9297292054893675,0.8487106404585704
65.85545551776886,0.006641684530010857,0.8462731833052366,0.9278102675175831,0.8462731833052366
66.47351777553558,0.006704017627606473,0.8438269005651285,0.9258715756113033,0.8438269005651285
67.09158003330231,0.006766350725202089,0.841372066141201,0.9239134267113562,0.841372066141201
67.70964223146439,0.0068286838167864305,0.838908952388479,0.9219361189337307,0.838908952388479
68.32770448923111,0.0068910169143820465,0.8364378291160939,0.9199399507061906,0.8364378291160939
68.94576674699783,0.006953350011977662,0.8339589649670882,0.9179252218145205,0.8339589649670882
69.56382900476456,0.007015683109573278,0.8314726264251192,0.9158922325445772,0.8314726264251192
70.18189126253128,0.007078016207168894,0.8289790780092232,0.9138412837760005,0.8289790780092232
70.799953520298,0.00714034930476451,0.8264785822329683,0.9117726768871555,0.8264785822329683
71.41801577806473,0.007202682402360126,0.8239713995651272,0.9096867136611188,0.8239713995651272
72.03607803583145,0.007265015499955742,0.8214577883918602,0.9075836961927498,0.8214577883918602
72.65414029359818,0.007327348597551358,0.8189380049803984,0.905463926796886,0.8189380049803984
73.2722025513649,0.007389681695146974,0.816412303444215,0.9033277079177033,0.816412303444215
73.89026480913162,0.00745201479274259,0.8138809357096722,0.9011753420392734,0.8138809357096722
74.50832706689835,0.007514347890338206,0.811344151484131,0.8990071315973596,0.811344151484131
75.12638932466507,0.007576680987933822,0.8088021982255087,0.8968233788924772,0.8088021982255087
75.7444515824318,0.007639014085529438,0.8062553211132714,0.8946243860042575,0.8062553211132714
76.36251384019852,0.007701347183125054,0.8037037630208441,0.8924104547071382,0.8037037630208441
76.98057609796524,0.00776368028072067,0.8011477644894247,0.8901818863874148,0.8011477644894247
77.59863835573196,0.007826013378316286,0.7985875637031823,0.8879389819616763,0.7985875637031823
78.21670061349869,0.007888346475911901,0.7960233964658263,0.8856820417966509,0.7960233964658263
78.83476287126541,0.007950679573507518,0.7934554961785253,0.8834113656304854,0.7934554961785253
79.45282512903214,0.008013012671103133,0.7908840938191593,0.8811272524954811,0.7908840938191593
80.07088738679886,0.00807534576869875,0.7883094179228874,0.8788300006423049,0.7883094179228874
80.68894958496094,0.00813767886028309,0.7857316948127392,0.876519907689086,0.7857316948127392
81.30701184272766,0.008200011957878707,0.7831511475880937,0.8741972696562686,0.7831511475880937
81.92507410049438,0.008262345055474322,0.7805679976006478,0.8718623822320829,0.7805679976006478
82.54313635826111,0.008324678153069939,0.7779824634459517,0.8695155398129161,0.7779824634459517
83.16119861602783,0.008387011250665554,0.7753947611986993,0.867157035657319,0.7753947611986993
83.77926087379456,0.008449344348261171,0.7728051044007676,0.8647871618194136,0.7728051044007676
84.39732313156128,0.008511677445856786,0.7702137040504237,0.862406209083874,0.7702137040504237
85.015385389328,0.008574010543452403,0.767620768592689,0.8600144669024915,0.767620768592689
85.63344764709473,0.008636343641048018,0.7650265039108285,0.8576122233323293,0.7650265039108285
86.25150990486145,0.008698676738643635,0.7624311133189497,0.8551997649754737,0.7624311133189497
86.86957216262817,0.00876100983623925,0.7598347975556864,0.8527773769203832,0.7598347975556864
87.4876344203949,0.008823342933834867,0.7572377547789462,0.8503453426848409,0.7572377547789462
88.10569667816162,0.008885676031430482,0.7546401805616988,0.8479039441605112,0.7546401805616988
88.72375893592834,0.008948009129026099,0.752042267888783,0.8454534615590997,0.752042267888783
89.34182119369507,0.009010342226621714,0.7494442071547096,0.8429941733601164,0.7494442071547096
89.95988345146179,0.00907267532421733,0.7468461861624379,0.8405263562602402,0.7468461861624379
90.57794570922852,0.009135008421812946,0.7442483901231032,0.8380502851242807,0.7442483901231032
91.19600796699524,0.009197341519408563,0.7416510016566723,0.8355662329377328,0.7416510016566723
91.81407022476196,0.009259674617004178,0.7390542007935056,0.8330744707609191,0.7390542007935056
92.43213248252869,0.009322007714599794,0.7364581649768003,0.8305752676847136,0.7364581649768003
93.05019468069077,0.009384340806184135,0.7338630693161113,0.8280688910298843,0.7338630693161113
93.66825693845749,0.009446673903779752,0.7312690855905188,0.8255556053384199,0.7312690855905188
94.28631919622421,0.009509007001375367,0.7286763837552063,0.8230356737842421,0.7286763837552063
94.90438145399094,0.009571340098970984,0.726085130946039,0.8205093571689892,0.726085130946039
95.52244371175766,0.009633673196566599,0.7234954917364012,0.8179769141268765,0.7234954917364012
96.14050596952438,0.009696006294162215,0.720907628144468,0.8154386010897108,0.720907628144468
96.75856822729111,0.00975833939175783,0.718321699641204,0.8128946722534118,0.718321699641204
97.37663048505783,0.009820672489353447,0.7157378631590675,0.810345379546027,0.7157378631590675
97.99469274282455,0.009883005586949063,0.7131562731013984,0.8077909725972253,0.7131562731013984
98.61275500059128,0.00994533868454468,0.7105770813524684,0.8052316987092559,0.7105770813524684
99.230817258358,0.010007671782140294,0.7080004372881709,0.8026678028293528,0.7080004372881709
99.84887951612473,0.010070004879735911,0.7054264877873317,0.8000995275235722,0.7054264877873317
100.46694177389145,0.010132337977331526,0.7028553772436188,0.7975271129520414,0.7028553772436188
101.08500403165817,0.010194671074927143,0.70028724757803,0.7949507968456058,0.70028724757803
101.7030662894249,0.010257004172522758,0.6977222382519376,0.792370814483852,0.6977222382519376
102.32112854719162,0.010319337270118373,0.6951604862806725,0.7897873986744893,0.6951604862806725
102.93919080495834,0.01038167036771399,0.692602126247625,0.7872007797340708,0.692602126247625
103.55725306272507,0.010444003465309605,0.6900472903188434,0.784611185470033,0.6900472903188434
104.17531532049179,0.010506336562905222,0.6874961082581116,0.7820188411640351,0.6874961082581116
104.79337757825851,0.010568669660500837,0.6849487074424878,0.7794239695565757,0.6849487074424878
105.4114397764206,0.01063100275208518,0.6824052131233775,0.776826791083438,0.6824052131233775
106.02950203418732,0.010693335849680794,0.6798657474621528,0.7742275228607075,0.6798657474621528
106.64756429195404,0.010755668947276411,0.677330431018709,0.7716263801759262,0.677330431018709
107.26562654972076,0.010818002044872026,0.6747993817871072,0.7690235754759417,0.6747993817871072
107.88368880748749,0.010880335142467643,0.6722727154586107,0.7664193186079508,0.6722727154586107
108.50175106525421,0.010942668240063258,0.6697505454395953,0.7638138168113335,0.6697505454395953
109.11981332302094,0.011005001337658875,0.6672329828697895,0.7612072747106113,0.6672329828697895
109.73787558078766,0.01106733443525449,0.6647201366408354,0.7585998943095087,0.6647201366408354
110.35593783855438,0.011129667532850107,0.6622121134151465,0.7559918749860917,0.6622121134151465
110.9740000963211,0.011192000630445722,0.6597090176450523,0.7533834134889642,0.6597090176450523
111.59206235408783,0.011254333728041339,0.6572109515922099,0.750774703934498,0.6572109515922099
112.21012461185455,0.011316666825636954,0.6547180153472677,0.7481659378050703,0.6547180153472677
112.82818686962128,0.011378999923232571,0.6522303068497691,0.7455573039482901,0.6522303068497691
113.446249127388,0.011441333020828186,0.6497479219082756,0.7429489885771873,0.6497479219082756
114.06431138515472,0.011503666118423803,0.6472709542207007,0.7403411752713406,0.6472709542207007
114.68237364292145,0.011565999216019418,0.6447994953948355,0.7377340449789237,0.6447994953948355
115.30043590068817,0.011628332313615035,0.6423336349690555,0.7351277760196454,0.6423336349690555
115.9184981584549,0.01169066541121065,0.6398734604331928,0.7325225440885575,0.6398734604331928
116.53656041622162,0.011752998508806267,0.6374190572495609,0.7299185222607134,0.6374190572495609
117.15462267398834,0.011815331606401882,0.6349705088741202,0.727315880996648,0.6349705088741202
117.77268487215042,0.011877664697986224,0.6325278970130408,0.7247147883994244,0.6325278970130408
118.39074712991714,0.011939997795581839,0.6300913007024397,0.7221154092184664,0.6300913007024397
119.00880938768387,0.012002330893177456,0.6276607977432634,0.7195179063624622,0.6276607977432634
119.62687164545059,0.012064663990773071,0.6252364637800655,0.7169224399043709,0.6252364637800655
120.24493390321732,0.012126997088368688,0.6228183725585331,0.7143291673416048,0.6228183725585331
120.86299616098404,0.012189330185964303,0.6204065959472358,0.7117382436059796,0.6204065959472358
121.48105841875076,0.01225166328355992,0.6180012039594297,0.7091498210743308,0.6180012039594297
122.09912067651749,0.012313996381155535,0.6156022647749103,0.7065640495797756,0.6156022647749103
122.71718293428421,0.012376329478751152,0.6132098447618999,0.7039810764235976,0.6132098447618999
123.33524519205093,0.012438662576346767,0.6108240084989637,0.7014010463877355,0.6108240084989637
123.95330744981766,0.012500995673942384,0.6084448187969413,0.6988241017478495,0.6084448187969413
124.57136970758438,0.012563328771537999,0.6060723367208857,0.6962503822869518,0.6060723367208857
125.1894319653511,0.012625661869133616,0.6037066216120022,0.6936800253095728,0.6037066216120022
125.80749422311783,0.01268799496672923,0.6013477311095753,0.6911131656564499,0.6013477311095753
126.42555648088455,0.012750328064324848,0.5989957211728777,0.6885499357197123,0.5989957211728777
127.04361873865128,0.012812661161920463,0.596650646103051,0.6859904654585477,0.596650646103051
127.661680996418,0.012874994259516078,0.5943125585649525,0.6834348824153265,0.5943125585649525
128.27974325418472,0.012937327357111695,0.591981509608958,0.6808833117321682,0.591981509608958
128.89780551195145,0.01299966045470731,0.5896575486927151,0.6783358761679289,0.5896575486927151
129.51586776971817,0.013061993552302927,0.5873407237028373,0.6757926961155907,0.5873407237028373
130.13392996788025,0.013124326643887267,0.5850310811989249,0.6732538898646592,0.5850310811989249
130.75199222564697,0.013186659741482884,0.582728665544867,0.6707195726403765,0.582728665544867
131.3700544834137,0.013248992839078499,0.5804335202667524,0.6681898580912509,0.5804335202667524
131.98811674118042,0.013311325936674116,0.5781456871826204,0.6656648573280943,0.5781456871826204
132.60617899894714,0.01337365903426973,0.5758652066468525,0.6631446791882083,0.5758652066468525
133.22424125671387,0.013435992131865348,0.5735921175713836,0.6606294302548169,0.5735921175713836
133.8423035144806,0.013498325229460963,0.5713264574468127,0.6581192148767813,0.5713264574468127
134.46036577224731,0.01356065832705658,0.5690682623634058,0.6556141351885793,0.5690682623634058
135.07842803001404,0.013622991424652195,0.5668175670319882,0.6531142911305328,0.5668175670319882
135.69649028778076,0.013685324522247811,0.5645744048047199,0.6506197804692708,0.5645744048047199
136.31455254554749,0.013747657619843427,0.562338807695749,0.6481306988184103,0.562338807695749
136.9326148033142,0.013809990717439043,0.5601108064017404,0.6456471396594394,0.5601108064017404
137.55067706108093,0.013872323815034658,0.5578904303222744,0.6431691943627922,0.5578904303222744
138.16873931884766,0.013934656912630275,0.55567770758011,0.6406969522090971,0.55567770758011
138.78680157661438,0.01399699001022589,0.5534726650413129,0.6382305004105865,0.5534726650413129
139.4048638343811,0.014059323107821507,0.5512753283352391,0.6357699241326554,0.5512753283352391
140.02292609214783,0.014121656205417122,0.5490857218743745,0.6333153065155528,0.5490857218743745
140.64098834991455,0.01418398930301274,0.5469038688740282,0.6308667286961962,0.5469038688740282
141.25905060768127,0.014246322400608354,0.54472979137187,0.6284242698300951,0.54472979137187
141.877112865448,0.014308655498203971,0.542563510247318,0.6259880071133709,0.542563510247318
142.49517512321472,0.014370988595799586,0.5404050452407653,0.6235580158048619,0.5404050452407653
143.1132373213768,0.014433321687383928,0.5382544151796734,0.6211343694817258,0.5382544151796734
143.73129957914352,0.014495654784979543,0.5361116371686241,0.6187171391273658,0.5361116371686241
144.34936183691025,0.01455798788257516,0.5339767278524765,0.6163063945561211,0.5339767278524765
144.96742409467697,0.014620320980170775,0.5318497026045755,0.6139022035000551,0.5318497026045755
145.5854863524437,0.014682654077766392,0.5297305757529378,0.611504631865356,0.5297305757529378
146.20354861021042,0.014744987175362007,0.5276193605984859,0.6091137437547205,0.5276193605984859
146.82161086797714,0.014807320272957624,0.525516069433112,0.6067296014897485,0.525516069433112
147.43967312574387,0.01486965337055324,0.523420713557565,0.6043522656333365,0.523420713557565
148.0577353835106,0.014931986468148856,0.5213333032991642,0.6019817950120653,0.5213333032991642
148.6757976412773,0.014994319565744471,0.519253848029335,0.5996182467385694,0.519253848029335
149.29385989904404,0.015056652663340088,0.5171823561809666,0.5972616762338812,0.5171823561809666
149.91192215681076,0.015118985760935703,0.5151188352655914,0.5949121372497406,0.5151188352655914
150.52998441457748,0.01518131885853132,0.5130632918903825,0.5925696818908643,0.5130632918903825
151.1480466723442,0.015243651956126935,0.5110157317749718,0.5902343606371634,0.5110157317749718
151.76610893011093,0.01530598505372255,0.508976159768086,0.587906222365905,0.508976159768086
152.38417118787766,0.015368318151318167,0.506944579863999,0.5855853143738086,0.506944579863999
153.00223344564438,0.015430651248913782,0.504920995218803,0.5832716823990723,0.504920995218803
153.6202957034111,0.015492984346509399,0.5029054081664946,0.5809653706433198,0.5029054081664946
154.23835796117783,0.015555317444105014,0.5008978202348787,0.5786664217934622,0.5008978202348787
154.85642021894455,0.01561765054170063,0.4988982321612866,0.5763748770434712,0.4988982321612866
155.47448241710663,0.01567998363328497,0.49690664409979046,0.5740907763359663,0.49690664409979046
156.09254467487335,0.015742316730880588,0.4949230548690665,0.57181415750341,0.4949230548690665
156.71060693264008,0.015804649828476205,0.49294746311994886,0.5695450576112209,0.49294746311994886
157.3286691904068,0.015866982926071818,0.4909798665813817,0.567283512097306,0.4909798665813817
157.94673144817352,0.015929316023667435,0.4890202622676675,0.5650295550139276,0.4890202622676675
158.56479370594025,0.015991649121263052,0.4870686464930813,0.562783219048812,0.4870686464930813
159.18285596370697,0.01605398221885867,0.4851250148863016,0.5605445355461307,0.4851250148863016
159.8009182214737,0.016116315316454282,0.48318936240465743,0.5583135345273493,0.48318936240465743
160.41898047924042,0.0161786484140499,0.481261683348194,0.5560902447119407,0.481261683348194
161.03704273700714,0.016240981511645516,0.4793419713735542,0.5538746935379554,0.4793419713735542
161.65510499477386,0.016303314609241133,0.4774302195076813,0.5516669071824502,0.4774302195076813
162.2731672525406,0.016365647706836746,0.47552642016133784,0.5494669105817672,0.47552642016133784
162.8912295103073,0.016427980804432363,0.47363056514244667,0.5472747274516615,0.47363056514244667
163.50929176807404,0.01649031390202798,0.4717426456692506,0.545090380307275,0.4717426456692506
164.12735402584076,0.016552646999623596,0.4698626523832943,0.5429138904829508,0.4698626523832943
164.74541628360748,0.01661498009721921,0.4679905753622284,0.5407452781518891,0.4679905753622284
165.3634785413742,0.016677313194814827,0.4661264041324362,0.5385845623456379,0.4661264041324362
165.98154079914093,0.016739646292410443,0.46427012768148446,0.536431760973418,0.46427012768148446
166.59960305690765,0.01680197939000606,0.4624217344703988,0.5342868908412804,0.4624217344703988
167.21766531467438,0.016864312487601674,0.4605812124457664,0.5321499676710923,0.4605812124457664
167.83572751283646,0.016926645579186016,0.4587485492280231,0.5300210063242787,0.4587485492280231
168.45378977060318,0.016988978676781633,0.456923731417017,0.527900019999978,0.456923731417017
169.0718520283699,0.01705131177437725,0.45510674566402043,0.5257870214853827,0.45510674566402043
169.68991428613663,0.017113644871972863,0.45329757797543857,0.5236820223520025,0.45329757797543857
170.30797654390335,0.01717597796956848,0.45149621390117384,0.5215850331794657,0.45149621390117384
170.92603880167007,0.017238311067164096,0.4497026385457071,0.5194960635734427,0.4497026385457071
171.5441010594368,0.017300644164759713,0.44791683657901304,0.5174151221833861,0.44791683657901304
172.16216331720352,0.017362977262355327,0.44613879224731035,0.5153422167200881,0.44613879224731035
172.78022557497025,0.017425310359950943,0.4443684893836496,0.5132773539730534,0.4443684893836496
173.39828783273697,0.01748764345754656,0.4426059114183382,0.511220539827686,0.4426059114183382
174.0163500905037,0.017549976555142177,0.44085104138920567,0.5091717792822903,0.44085104138920567
174.63441234827042,0.01761230965273779,0.43910386195170825,0.5071310764648851,0.43910386195170825
175.25247460603714,0.017674642750333407,0.437364355388878,0.5050984346498301,0.437364355388878
175.87053686380386,0.017736975847929024,0.4356325036211134,0.5030738562742644,0.4356325036211134
176.4885991215706,0.017799308945524638,0.43390828821581595,0.5010573429543567,0.43390828821581595
177.1066613793373,0.017861642043120254,0.43219169039687316,0.4990488955013668,0.43219169039687316
177.72472363710403,0.01792397514071587,0.43048269105398945,0.49704851393751787,0.43048269105398945
178.34278589487076,0.017986308238311488,0.4287812707518664,0.4950561975116819,0.4287812707518664
178.96084815263748,0.0180486413359071,0.4270874097392341,0.49307194471487253,0.4270874097392341
179.5789104104042,0.01811097443350272,0.42540108795773474,0.4910957532955528,0.42540108795773474
180.19697260856628,0.01817330752508706,0.42372228521219873,0.48912762046416614,0.42372228521219873
180.815034866333,0.018235640622682677,0.4220509805323613,0.48716754214963237,0.4220509805323613
181.43309712409973,0.01829797372027829,0.42038715315271236,0.4852155141529038,0.42038715315271236
182.05115938186646,0.018360306817873907,0.4187307818724797,0.48327153140153156,0.4187307818724797
182.66922163963318,0.018422639915469524,0.4170818452260608,0.48133558815422267,0.4170818452260608
183.2872838973999,0.01848497301306514,0.41544032149105253,0.479407678015019,0.41544032149105253
183.90534615516663,0.018547306110660754,0.4138061886961439,0.47748779394729096,0.4138061886961439
184.52340841293335,0.01860963920825637,0.4121794246288743,0.4755759282875448,0.4121794246288743
185.14147067070007,0.018671972305851988,0.4105600068432572,0.47367207275904555,0.4105600068432572
185.7595329284668,0.018734305403447605,0.408947912667271,0.4717762184852564,0.408947912667271
186.37759518623352,0.018796638501043218,0.4073431192102211,0.4698883560030933,0.4073431192102211
186.99565744400024,0.018858971598638835,0.4057456033699707,0.4680084752759997,0.4057456033699707
187.61371970176697,0.018921304696234452,0.4041553418400451,0.46613656570683687,0.4041553418400451
188.2317819595337,0.01898363779383007,0.4025723111166097,0.4642726161505967,0.4025723111166097
188.84984421730042,0.019045970891425682,0.40099648750532324,0.4624166149269329,0.40099648750532324
189.46790647506714,0.0191083039890213,0.39942784712806806,0.4605685498325152,0.39942784712806806
190.08596873283386,0.019170637086616916,0.39786636592955954,0.4587284081532051,0.39786636592955954
190.7040309906006,0.019232970184212533,0.3963120196838343,0.45689617667605625,0.3963120196838343
191.3220932483673,0.019295303281808146,0.3947647840006209,0.45507184170113973,0.3947647840006209
191.94015550613403,0.019357636379403763,0.3932246343315938,0.4532553890531957,0.3932246343315938
192.5582177042961,0.019419969470988105,0.3916915461240194,0.45144680426714856,0.3916915461240194
193.17627996206284,0.01948230256858372,0.39016549423607033,0.4496460719025101,0.39016549423607033
193.79434221982956,0.019544635666179335,0.38864645382982077,0.447853176601011,0.38864645382982077
194.41240447759628,0.019606968763774952,0.38713439978497804,0.44606810239914807,0.38713439978497804
195.030466735363,0.01966930186137057,0.3856293068527623,0.44429083291378146,0.3856293068527623
195.64852899312973,0.019731634958966186,0.38413114966149003,0.44252135135277015,0.38413114966149003
196.26659125089645,0.0197939680565618,0.38263990272205106,0.44075964052544314,0.38263990272205106
196.88465350866318,0.019856301154157416,0.3811555404332812,0.4390056828529077,0.3811555404332812
197.5027157664299,0.019918634251753033,0.3796780370872306,0.43725946037819474,0.3796780370872306
198.12077802419662,0.01998096734934865,0.3782073668743305,0.43552095477624636,0.3782073668743305
198.73884028196335,0.020043300446944263,0.37674350388845895,0.4337901473637417,0.37674350388845895
199.35690253973007,0.02010563354453988,0.375286422131908,0.4320670191087688,0.375286422131908
199.9749647974968,0.020167966642135497,0.37383609552025127,0.4303515506403372,0.37383609552025127
200.59302705526352,0.020230299739731113,0.3723924978871178,0.4286437222577393,0.3723924978871178
201.21108931303024,0.020292632837326727,0.3709556029888684,0.42694351393975716,0.3709556029888684
201.82915157079697,0.020354965934922344,0.36952538450917977,0.425250905353719,0.36952538450917977
202.4472138285637,0.02041729903251796,0.3681018160635353,0.4235658758644065,0.3681018160635353
203.0652760863304,0.020479632130113574,0.36668487120362625,0.4218884045428122,0.36668487120362625
203.68333834409714,0.02054196522770919,0.365274523421662,0.42021847017475245,0.365274523421662
204.30140060186386,0.020604298325304807,0.3638707461545929,0.41855605126933465,0.3638707461545929
204.91946285963058,0.020666631422900424,0.36247351278824597,0.41690112606728064,0.36247351278824597
205.53752505779266,0.020728964514484763,0.3610827967951787,0.4152536727076271,0.3610827967951787
206.1555873155594,0.02079129761208038,0.35969857120280324,0.41361366860097937,0.35969857120280324
206.7736495733261,0.020853630709675997,0.35832080940197175,0.411981091390675,0.35832080940197175
207.39171183109283,0.020915963807271613,0.3569494846136803,0.41035591832432283,0.3569494846136803
208.00977408885956,0.020978296904867227,0.355584570027221,0.4087381264206717,0.355584570027221
208.62783634662628,0.021040630002462844,0.35422603880382303,0.40712769247710734,0.35422603880382303
209.245898604393,0.02110296310005846,0.3528738640802159,0.4055245930770177,0.3528738640802159
209.86396086215973,0.021165296197654077,0.3515280189721159,0.4039288045970272,0.3515280189721159
210.48202311992645,0.02122762929524969,0.3501884765776358,0.40234030321410186,0.3501884765776358
211.10008537769318,0.021289962392845307,0.3488552099806224,0.4007590649125276,0.3488552099806224
211.7181476354599,0.021352295490440924,0.34752819225391884,0.3991850654907622,0.34752819225391884
212.33620989322662,0.02141462858803654,0.34620739646255594,0.3976182805681628,0.34620739646255594
212.95427215099335,0.021476961685632154,0.34489279566687203,0.39605868559159146,0.34489279566687203
213.57233440876007,0.02153929478322777,0.3435843629255637,0.3945062558418987,0.3435843629255637
214.1903966665268,0.021601627880823388,0.34228207129866756,0.3929609664402876,0.34228207129866756
214.80845892429352,0.021663960978419005,0.34098589385047456,0.3914227923545611,0.34098589385047456
215.42652118206024,0.02172629407601462,0.3396958036523779,0.3898917084052505,0.3396958036523779
216.04458343982697,0.021788627173610235,0.3384117737856558,0.3883676892716315,0.3384117737856558
216.6626456975937,0.021850960271205852,0.33713377734418964,0.38685070949762523,0.33713377734418964
217.2807079553604,0.02191329336880147,0.3358617874371201,0.3853407434975877,0.3358617874371201
217.8987701535225,0.021975626460385807,0.3345957773132435,0.3838377657065973,0.3345957773132435
218.51683241128922,0.022037959557981424,0.33333571987575605,0.3823417500069234,0.33333571987575605
219.13489466905594,0.02210029265557704,0.33208158841727026,0.38085267060315026,0.33208158841727026
219.75295692682266,0.022162625753172658,0.3308333561332894,0.3793705014470861,0.3308333561332894
220.3710191845894,0.02222495885076827,0.3295909962469415,0.37789521638829826,0.3295909962469415
220.9890814423561,0.022287291948363888,0.3283544820112779,0.37642678917926176,0.3283544820112779
221.60714370012283,0.022349625045959505,0.3271237867115154,0.37496519348040847,0.3271237867115154
222.22520595788956,0.022411958143555122,0.3258988836672234,0.3735104028650759,0.3258988836672234
222.84326821565628,0.022474291241150735,0.32467974623445706,0.3720623908243571,0.32467974623445706
223.461330473423,0.022536624338746352,0.32346634780783706,0.3706211307718537,0.32346634780783706
224.07939273118973,0.02259895743634197,0.3222586618225775,0.36918659604833337,0.3222586618225775
224.69745498895645,0.022661290533937586,0.32105666175646175,0.3677587599262923,0.32105666175646175
225.31551724672318,0.0227236236315332,0.3198603211317689,0.3663375956144262,0.3198603211317689
225.9335795044899,0.022785956729128816,0.3186696135171499,0.36492307626200815,0.3186696135171499
226.55164176225662,0.022848289826724433,0.3174845125294553,0.3635151749631775,0.3174845125294553
227.16970402002335,0.022910622924320046,0.3163049918355154,0.3621138647611397,0.3163049918355154
227.78776627779007,0.022972956021915663,0.3151310251538729,0.36071911865227824,0.3151310251538729
228.4058285355568,0.02303528911951128,0.31396258625647017,0.3593309095901809,0.31396258625647017
229.02389079332352,0.023097622217106897,0.3127996489702909,0.3579492104895815,0.3127996489702909
229.64195305109024,0.02315995531470251,0.31164218717895725,0.35657399423021746,0.31164218717895725
230.26001524925232,0.023222288406286852,0.31049017493511927,0.35520523379229607,0.31049017493511927
230.87807750701904,0.02328462150388247,0.30934358601810086,0.35384290173280997,0.30934358601810086
231.49613976478577,0.023346954601478086,0.3082023946019509,0.3524869709811516,0.3082023946019509
232.1142020225525,0.0234092876990737,0.3070665748119576,0.3511374143140287,0.3070665748119576
232.7322642803192,0.023471620796669316,0.3059361008373948,0.34979420449123505,0.3059361008373948
233.35032653808594,0.023533953894264933,0.30481094693287003,0.34845731425903487,0.30481094693287003
233.96838879585266,0.02359628699186055,0.30369108741963197,0.34712671635347153,0.30369108741963197
234.58645105361938,0.023658620089456163,0.3025764966868407,0.34580238350360337,0.3025764966868407
235.2045133113861,0.02372095318705178,0.30146714919280004,0.344484288434667,0.30146714919280004
235.82257556915283,0.023783286284647397,0.3003630194661524,0.3431724038711697,0.3003630194661524
236.44063782691956,0.023845619382243013,0.29926408210703875,0.3418667025399117,0.29926408210703875
237.05870008468628,0.023907952479838627,0.298170311788222,0.3405671571729393,0.298170311788222
237.676762342453,0.023970285577434244,0.297081683256176,0.3392737405104314,0.297081683256176
238.29482460021973,0.02403261867502986,0.29599817133214007,0.337986425303518,0.29599817133214007
238.91288685798645,0.024094951772625477,0.294919750913141,0.33670518431703456,0.294919750913141
239.53094911575317,0.02415728487022109,0.29384639697298076,0.3354299903322109,0.29384639697298076
240.1490113735199,0.024219617967816708,0.29277808456319304,0.33416081614929777,0.29277808456319304
240.76707363128662,0.024281951065412324,0.2917147888139681,0.3328976345901311,0.2917147888139681
241.38513588905334,0.02434428416300794,0.29065648493504614,0.33164041850063397,0.29065648493504614
242.00319814682007,0.024406617260603555,0.2896031482165806,0.3303891407532601,0.2896031482165806
242.62126034498215,0.024468950352187897,0.28855475413083964,0.3291437743691933,0.28855475413083964
243.23932260274887,0.024531283449783513,0.287511277929067,0.32790429204084176,0.287511277929067
243.8573848605156,0.02459361654737913,0.28647269524888436,0.32667066685470564,0.28647269524888436
244.47544711828232,0.024655949644974744,0.2854389817101453,0.32544287181262044,0.2854389817101453
245.09350937604904,0.02471828274257036,0.28441011301699853,0.3242208799542995,0.28441011301699853
245.71157163381577,0.024780615840165977,0.28338606495858093,0.32300466435943676,0.28338606495858093
246.3296338915825,0.024842948937761594,0.2823668134096846,0.3217941981497572,0.2823668134096846
246.9476961493492,0.024905282035357208,0.2813523343313981,0.32058945449101456,0.2813523343313981
247.56575840711594,0.024967615132952824,0.280342603771722,0.31939040659493734,0.280342603771722
248.18382066488266,0.02502994823054844,0.2793375978661597,0.3181970277211254,0.2793375978661597
248.80188292264938,0.025092281328144058,0.27833729283828457,0.31700929117889565,0.27833729283828457
249.4199451804161,0.02515461442573967,0.2773416650002819,0.3158271703290807,0.2773416650002819
250.03800743818283,0.02521694752333529,0.2763506907534693,0.31465063858577835,0.2763506907534693
250.65606969594955,0.025279280620930905,0.2753643465887928,0.3134796694180551,0.2753643465887928
251.27413195371628,0.02534161371852652,0.27438260908730117,0.3123142363516032,0.27438260908730117
251.892194211483,0.025403946816122135,0.2734054549205986,0.3111543129703527,0.2734054549205986
252.51025646924973,0.025466279913717752,0.2724328608512753,0.30999987291803865,0.2724328608512753
253.12831872701645,0.02552861301131337,0.2714648037333178,0.3088508898997258,0.2714648037333178
253.74638098478317,0.025590946108908982,0.2705012605124981,0.3077073376832889,0.2705012605124981
254.3644432425499,0.0256532792065046,0.26954220822674313,0.30656919010085293,0.26954220822674313
254.98250544071198,0.02571561229808894,0.26858762409832776,0.30543642115917397,0.26858762409832776
255.6005676984787,0.025777945395684558,0.2676374851664039,0.30430900460454835,0.2676374851664039
256.2186299562454,0.02584027849328017,0.2666917688396575,0.30318691457957864,0.2666917688396575
256.83669221401215,0.02590261159087579,0.265750452527941,0.302070125186969,0.265750452527941
257.45475447177887,0.025964944688471405,0.2648135137348209,0.300958610600267,0.2648135137348209
258.0728167295456,0.026027277786067022,0.2638809300578363,0.29985234506506697,0.2638809300578363
258.6908789873123,0.026089610883662635,0.262952679188738,0.2987513029001768,0.262952679188738
259.30894124507904,0.026151943981258252,0.2620287389137122,0.2976554584987484,0.2620287389137122
259.92700350284576,0.02621427707885387,0.2611090871135873,0.29656478632937283,0.2611090871135873
260.5450657606125,0.026276610176449486,0.2601937017640243,0.29547926093714094,0.2601937017640243
261.1631280183792,0.0263389432740451,0.25928256093569174,0.29439885694466994,0.25928256093569174
261.78119027614594,0.026401276371640716,0.25837564279442526,0.2933235490530966,0.25837564279442526
262.39925253391266,0.026463609469236333,0.25747292560137147,0.29225331204303745,0.25747292560137147
263.0173147916794,0.02652594256683195,0.25657438771311797,0.29118812077551753,0.25657438771311797
263.6353770494461,0.026588275664427563,0.25568000758180814,0.2901279501928669,0.25568000758180814
264.25343930721283,0.02665060876202318,0.2547897637552425,0.28907277531958725,0.2547897637552425
264.87150156497955,0.026712941859618797,0.2539036348769659,0.2880225712631876,0.2539036348769659
265.4895638227463,0.026775274957214414,0.2530215996863415,0.2869773132149904,0.2530215996863415
266.107626080513,0.026837608054810027,0.25214363701861137,0.28593697645090915,0.25214363701861137
266.7256883382797,0.026899941152405644,0.2512697258049445,0.2849015363321969,0.2512697258049445
267.34375059604645,0.02696227425000126,0.2503998450724724,0.28387096830616754,0.2503998450724724
267.9618127942085,0.027024607341585603,0.24953397402762234,0.28284524800557465,0.24953397402762234
268.57987505197525,0.027086940439181216,0.2486720917225039,0.28182435085407276,0.2486720917225039
269.197937309742,0.027149273536776833,0.24781417755592333,0.2808082526603649,0.24781417755592333
269.8159995675087,0.02721160663437245,0.24696021093897555,0.2797969292226791,0.24696021093897555
270.4340618252754,0.027273939731968067,0.24611017137871732,0.2787903564285102,0.24611017137871732
271.05212408304214,0.02733627282956368,0.24526403847813358,0.27778851025518475,0.24526403847813358
271.67018634080887,0.027398605927159297,0.24442179193609304,0.27679136677040245,0.24442179193609304
272.2882485985756,0.027460939024754914,0.2435834115472939,0.27579890213275327,0.2435834115472939
272.9063108563423,0.02752327212235053,0.24274887720219895,0.27481109259221187,0.24274887720219895
273.52437311410904,0.027585605219946144,0.24191816888696147,0.2738279144906091,0.24191816888696147
274.14243537187576,0.02764793831754176,0.24109126668334083,0.27284934426208185,0.24109126668334083
274.7604976296425,0.027710271415137377,0.24026815076860975,0.27187535843350014,0.24026815076860975
275.3785598874092,0.02777260451273299,0.23944880141545144,0.2709059336248743,0.23944880141545144
275.99662214517593,0.027834937610328608,0.23863319899184882,0.2699410465497401,0.23863319899184882
276.61468440294266,0.027897270707924225,0.23782132396096442,0.2689806740155245,0.23782132396096442
277.2327466607094,0.02795960380551984,0.23701315688101207,0.26802479292389075,0.23701315688101207
277.8508089184761,0.028021936903115455,0.2362086784051208,0.2670733802710645,0.2362086784051208
278.4688711762428,0.02808427000071107,0.23540786928119023,0.26612641314814045,0.23540786928119023
279.08693343400955,0.02814660309830669,0.23461071035173864,0.26518386874137095,0.23461071035173864
279.7049956917763,0.028208936195902305,0.233817182553743,0.2642457243324354,0.233817182553743
280.32305788993835,0.028271269287486644,0.23302726699447646,0.2633119573885329,0.23302726699447646
280.9411201477051,0.02833360238508226,0.23224094464697145,0.2623825452028371,0.23224094464697145
281.5591824054718,0.028395935482677877,0.23145819680690274,0.2614574654350137,0.23145819680690274
282.1772446632385,0.028458268580273494,0.230679004787342,0.2605366957507997,0.230679004787342
282.79530692100525,0.028520601677869108,0.22990334999491505,0.25962021391244905,0.22990334999491505
283.413369178772,0.028582934775464724,0.2291312139296012,0.25870799777890147,0.2291312139296012
284.0314314365387,0.02864526787306034,0.2283625781845259,0.25780002530593515,0.2283625781845259
284.6494936943054,0.028707600970655958,0.22759742444574776,0.2568962745463048,0.22759742444574776
285.26755595207214,0.02876993406825157,0.22683573449203945,0.25599672364986426,0.22683573449203945
285.88561820983887,0.02883226716584719,0.2260774901946634,0.2551013508636752,0.2260774901946634
286.5036804676056,0.028894600263442805,0.2253226735171411,0.25421013453210084,0.2253226735171411
287.1217427253723,0.028956933361038422,0.22457126651501813,0.2533230530968864,0.22457126651501813
287.73980498313904,0.029019266458634035,0.22382325133562284,0.25244008509722576,0.22382325133562284
288.35786724090576,0.029081599556229652,0.22307861021782083,0.25156120916981467,0.22307861021782083
288.9759294986725,0.02914393265382527,0.22233732549176424,0.2506864040488914,0.22233732549176424
289.5939917564392,0.029206265751420886,0.22159937957863637,0.24981564856626487,0.22159937957863637
290.21205401420593,0.0292685988490165,0.22086475499039152,0.24894892165132929,0.22086475499039152
290.83011627197266,0.029330931946612116,0.22013343432949045,0.24808620233106846,0.22013343432949045
291.4481785297394,0.029393265044207733,0.2194054002886317,0.2472274697300473,0.2194054002886317
292.0662407875061,0.02945559814180335,0.21868063565047857,0.24637270307039183,0.21868063565047857
292.6843029856682,0.02951793123338769,0.21795912335680706,0.24552188175362033,0.21795912335680706
293.3023652434349,0.029580264330983305,0.21724084623021414,0.24467498503277668,0.21724084623021414
293.92042750120163,0.029642597428578922,0.21652578739131753,0.24383199250468315,0.21652578739131753
294.53848975896835,0.02970493052617454,0.21581392997983104,0.24299288378129383,0.21581392997983104
295.1565520167351,0.029767263623770152,0.21510525722401055,0.2421576385718632,0.21510525722401055
295.7746142745018,0.02982959672136577,0.21439975244035858,0.24132623668286285,0.21439975244035858
296.3926765322685,0.029891929818961386,0.21369739903332563,0.2404986580178894,0.21369739903332563
297.01073879003525,0.029954262916557003,0.21299818049500902,0.2396748825775623,0.21299818049500902
297.62880104780197,0.030016596014152616,0.21230208040484747,0.2388548904594132,0.21230208040484747
298.2468633055687,0.030078929111748233,0.211609082429314,0.2380386618577657,0.211609082429314
298.8649255633354,0.03014126220934385,0.21091917032160498,0.2372261770636071,0.21091917032160498
299.48298782110214,0.030203595306939467,0.21023232792132718,0.2364174164644511,0.21023232792132718
300.10105007886887,0.03026592840453508,0.20954853915418192,0.23561236054419296,0.20954853915418192
300.7191123366356,0.030328261502130697,0.20886778803164668,0.23481098988295576,0.20886778803164668
301.3371745944023,0.030390594599726314,0.20819005865065437,0.2340132851569298,0.20819005865065437
301.95523685216904,0.030452927697321927,0.20751533519327023,0.23321922713820384,0.20751533519327023
302.57329910993576,0.030515260794917544,0.20684360192636655,0.232428796694589,0.20684360192636655
303.1913613677025,0.03057759389251316,0.2061748432012957,0.23164197478943582,0.2061748432012957
303.8094236254692,0.030639926990108778,0.20550904345356008,0.230858742481444,0.20550904345356008
304.42748588323593,0.03070226008770439,0.2048461872024813,0.23007908092446536,0.2048461872024813
305.045548081398,0.030764593179288733,0.20418625911436813,0.22930297144197623,0.20418625911436813
305.66361033916473,0.03082692627688435,0.20352924374789597,0.22853039522782467,0.20352924374789597
306.28167259693146,0.030889259374479967,0.2028751259356206,0.2277613337950901,0.2028751259356206
306.8997348546982,0.03095159247207558,0.20222389052879078,0.22699576867613486,0.20222389052879078
307.5177971124649,0.031013925569671197,0.2015755224607918,0.22623368149739367,0.2015755224607918
308.1358593702316,0.031076258667266814,0.20093000674680445,0.22547505397913975,0.20093000674680445
308.75392162799835,0.03113859176486243,0.20028732848346203,0.22471986793524565,0.20028732848346203
309.3719838857651,0.031200924862458044,0.19964747284850737,0.22396810527293848,0.19964747284850737
309.9900461435318,0.031263257960053664,0.19901042510044714,0.2232197479925497,0.19901042510044714
310.6081084012985,0.031325591057649274,0.19837617057820636,0.222474778187261,0.19837617057820636
311.22617065906525,0.03138792415524489,0.19774469470078093,0.22173317804284348,0.19774469470078093
311.84423291683197,0.03145025725284051,0.1971159829668895,0.2209949298373938,0.1971159829668895
312.4622951745987,0.031512590350436125,0.1964900209546248,0.22026001594106484,0.1964900209546248
313.0803574323654,0.03157492344803174,0.1958667943211033,0.21952841881579174,0.1958667943211033
313.69841969013214,0.03163725654562736,0.19524628880211492,0.21880012101501467,0.19524628880211492
314.31648194789886,0.031699589643222975,0.19462849021177125,0.21807510518339618,0.19462849021177125
314.9345442056656,0.03176192274081859,0.1940133844421537,0.21735335405653525,0.1940133844421537
315.5526064634323,0.0318242558384142,0.19340095746296118,0.21663485046067746,0.19340095746296118
316.17066872119904,0.03188658893600982,0.192791195321156,0.21591957731242112,0.192791195321156
316.78873097896576,0.031948922033605436,0.19218408414061114,0.21520751761841997,0.19218408414061114
317.40679317712784,0.03201125512518978,0.19157961017992292,0.21449865454328995,0.19157961017992292
318.02485543489456,0.032073588222785394,0.1909777595991346,0.21379297113616838,0.1909777595991346
318.6429176926613,0.03213592132038101,0.19037851880914458,0.21309045074057162,0.19037851880914458
319.260979950428,0.03219825441797663,0.18978187423792198,0.21239107672033306,0.18978187423792198
319.87904220819473,0.032260587515572245,0.1891878123885721,0.21169483252780463,0.1891878123885721
320.49710446596146,0.032322920613167855,0.18859631983898123,0.21100170170354,0.18859631983898123
321.1151667237282,0.03238525371076347,0.18800738324146105,0.21031166787597538,0.18800738324146105
321.7332289814949,0.03244758680835909,0.1874209893223927,0.2096247147611074,0.1874209893223927
322.3512912392616,0.032509919905954705,0.1868371248818713,0.20894082616216855,0.1868371248818713
322.96935349702835,0.03257225300355032,0.18625577679335037,0.20825998596929987,0.18625577679335037
323.5874157547951,0.03263458610114594,0.18567693200328586,0.20758217815922153,0.18567693200328586
324.2054780125618,0.032696919198741556,0.185100577530781,0.2069073867949012,0.185100577530781
324.8235402703285,0.03275925229633717,0.18452670046723063,0.20623559602521993,0.18452670046723063
325.44160252809525,0.03282158539393278,0.18395528797596622,0.2055667900846361,0.18395528797596622
326.05966478586197,0.0328839184915284,0.18338632729190094,0.20490095329284744,0.18338632729190094
326.6777270436287,0.032946251589124016,0.18281980572117476,0.2042380700544512,0.18281980572117476
327.2957893013954,0.03300858468671963,0.1822557106408004,0.20357812485860224,0.1822557106408004
327.91385155916214,0.03307091778431525,0.18169402949830893,0.2029211022786697,0.18169402949830893
328.53191381692886,0.03313325088191087,0.18113474981139627,0.20226698697189188,0.18113474981139627
329.1499760746956,0.033195583979506484,0.18057785916757016,0.20161576367902959,0.18057785916757016
329.7680383324623,0.033257917077102093,0.1800233452237969,0.200967417224018,0.1800233452237969
330.3861005306244,0.033320250168686436,0.17947119575928405,0.20032193257572903,0.17947119575928405
331.0041627883911,0.03338258326628205,0.17892139846236368,0.19967929459889963,0.17892139846236368
331.62222504615784,0.03344491636387767,0.17837394124962888,0.1990394884272732,0.17837394124962888
332.24028730392456,0.033507249461473286,0.17782881205236312,0.1984024992139747,0.17782881205236312
332.8583495616913,0.0335695825590689,0.17728599886955276,0.19776831219354407,0.17728599886955276
333.476411819458,0.03363191565666452,0.1767454897675371,0.1971369126815803,0.1767454897675371
334.09447407722473,0.03369424875426014,0.1762072728796597,0.19650828607438542,0.1762072728796597
334.71253633499146,0.033756581851855746,0.1756713364059206,0.1958824178486075,0.1756713364059206
335.3305985927582,0.03381891494945136,0.17513766861262825,0.19525929356088234,0.17513766861262825
335.9486608505249,0.03388124804704698,0.1746062578320536,0.1946388988474754,0.1746062578320536
336.5667231082916,0.0339435811446426,0.17407709246208342,0.19402121942392184,0.17407709246208342
337.18478536605835,0.034005914242238214,0.17355016096587578,0.19340624108466675,0.17355016096587578
337.8028476238251,0.03406824733983383,0.1730254518715155,0.1927939497027049,0.1730254518715155
338.4209098815918,0.03413058043742945,0.17250295377167055,0.19218433122921913,0.17250295377167055
339.0389721393585,0.034192913535025064,0.17198265532324977,0.19157737169321945,0.17198265532324977
339.65703439712524,0.034255246632620674,0.1714645452470608,0.19097305720118093,0.1714645452470608
340.27509665489197,0.03431757973021629,0.1709486123274693,0.19037137393668122,0.1709486123274693
340.8931589126587,0.03437991282781191,0.17043484541205928,0.1897723081600388,0.17043484541205928
341.5112211704254,0.034442245925407525,0.16992323341129373,0.18917584620794936,0.16992323341129373
342.12928342819214,0.03450457902300314,0.1694137652981769,0.1885819744931239,0.1694137652981769
342.7473456263542,0.034566912114587484,0.16890643015674087,0.1879906795608245,0.16890643015674087
343.36540788412094,0.0346292452121831,0.16840121698621016,0.18740194786065698,0.16840121698621016
343.98347014188766,0.03469157830977872,0.16789811499422308,0.18681576608834594,0.16789811499422308
344.6015323996544,0.03475391140737433,0.16739711340058772,0.18623212095703112,0.16739711340058772
345.2195946574211,0.034816244504969944,0.16689820148597842,0.18565099925405198,0.16689820148597842
345.83765691518784,0.03487857760256556,0.1664013685916033,0.1850723878405847,0.1664013685916033
346.45571917295456,0.03494091070016118,0.16590660411887387,0.1844962736512794,0.16590660411887387
347.0737814307213,0.035003243797756795,0.165413897529075,0.18392264369389782,0.165413897529075
347.691843688488,0.03506557689535241,0.16492323834303635,0.18335148504895088,0.16492323834303635
348.30990594625473,0.03512790999294803,0.16443461614080496,0.18278278486933644,0.16443461614080496
348.92796820402145,0.035190243090543645,0.16394802056131846,0.18221653037997798,0.16394802056131846
349.5460304617882,0.035252576188139255,0.1634634413020804,0.18165270887746285,0.1634634413020804
350.1640927195549,0.03531490928573487,0.16298086811883558,0.18109130772968154,0.16298086811883558
350.7821549773216,0.03537724238333049,0.1625002908252473,0.18053231437546727,0.1625002908252473
351.40021723508835,0.035439575480926105,0.16202169929257587,0.17997571632423526,0.16202169929257587
352.0182794928551,0.03550190857852172,0.16154508344935747,0.17942150115562386,0.16154508344935747
352.6363417506218,0.03556424167611734,0.1610704332810854,0.17886965651913506,0.1610704332810854
353.2544040083885,0.035626574773712956,0.1605977388298913,0.17832017013377605,0.1605977388298913
353.87246626615524,0.035688907871308566,0.16012699019422869,0.17777302978770146,0.16012699019422869
354.49052852392197,0.03575124096890418,0.15965817752855696,0.17722822333785565,0.15965817752855696
355.10859072208405,0.035813574060488525,0.15919129108795996,0.17668573876182112,0.15919129108795996
355.72665297985077,0.03587590715808414,0.15872632104791648,0.17614556394842176,0.15872632104791648
356.3447152376175,0.03593824025567976,0.15826325777413996,0.17560768701126264,0.15826325777413996
356.9627774953842,0.036000573353275375,0.15780209164198133,0.17507209607888857,0.15780209164198133
357.58083975315094,0.03606290645087099,0.15734281308123738,0.17453877934685819,0.15734281308123738
358.19890201091766,0.03612523954846661,0.15688541257584257,0.17400772507739062,0.15688541257584257
358.8169642686844,0.03618757264606222,0.15642988066356264,0.1734789215990139,0.15642988066356264
359.4350265264511,0.036249905743657836,0.1559762079356883,0.17295235730621292,0.1559762079356883
360.05308878421783,0.03631223884125345,0.15552438503673144,0.17242802065907958,0.15552438503673144
360.67115104198456,0.03637457193884907,0.15507440266412173,0.1719059001829628,0.15507440266412173
361.2892132997513,0.036436905036444686,0.1546262515679051,0.1713859844681198,0.1546262515679051
361.907275557518,0.0364992381340403,0.1541799225504433,0.17086826216936865,0.1541799225504433
362.52533781528473,0.03656157123163592,0.1537354064661147,0.17035272200574084,0.1537354064661147
363.14340007305145,0.03662390432923154,0.15329269422101668,0.16983935276013606,0.15329269422101668
363.7614623308182,0.03668623742682715,0.15285177677266892,0.1693281432789769,0.15285177677266892
364.3795245885849,0.03674857052442276,0.15241264512971842,0.16881908247186497,0.15241264512971842
364.9975868463516,0.03681090362201838,0.1519752903516458,0.16831215931123827,0.1519752903516458
365.61564910411835,0.036873236719614,0.15153970354847254,0.16780736283202907,0.15153970354847254
366.23371136188507,0.036935569817209614,0.15110587588047017,0.16730468213132332,0.15110587588047017
366.8517736196518,0.03699790291480523,0.1506737985578702,0.166804106368021,0.1506737985578702
367.4698358178139,0.03706023600638957,0.1502434628819927,0.16630562481046918,0.1502434628819927
368.0878980755806,0.03712256910398519,0.14981486007912476,0.16580922664403666,0.14981486007912476
368.7059603333473,0.0371849022015808,0.14938798154923746,0.16531490125921128,0.14938798154923746
369.32402259111404,0.037247235299176416,0.14896281869953157,0.1648226380587736,0.14896281869953157
369.94208484888077,0.03730956839677203,0.1485393629857391,0.16433242650563637,0.1485393629857391
370.5601471066475,0.03737190149436765,0.14811760591184192,0.16384425612251127,0.14811760591184192
371.1782093644142,0.03743423459196327,0.1476975390297908,0.16335811649157747,0.1476975390297908
371.79627162218094,0.037496567689558884,0.147279153939227,0.16287399725415092,0.147279153939227
372.41433387994766,0.0375589007871545,0.1468624422872042,0.16239188811035465,0.1468624422872042
373.0323961377144,0.03762123388475012,0.1464473957679123,0.16191177881879115,0.1464473957679123
373.6504583954811,0.03768356698234573,0.14603400612240272,0.16143365919621494,0.14603400612240272
374.26852065324783,0.037745900079941344,0.14562226513831447,0.1609575191172071,0.14562226513831447
374.88658291101456,0.03780823317753696,0.14521216464960227,0.16048334851385065,0.14521216464960227
375.5046451687813,0.03787056627513258,0.14480369653626526,0.16001113737540731,0.14480369653626526
376.122707426548,0.037932899372728195,0.14439685272407793,0.15954087574799572,0.14439685272407793
376.7407696843147,0.03799523247032381,0.14399162518432174,0.15907255373427034,0.14399162518432174
377.35883194208145,0.03805756556791943,0.14358800593351825,0.1586061614931024,0.14358800593351825
377.9768941998482,0.03811989866551504,0.1431859870331638,0.1581416892392616,0.1431859870331638
378.5949564576149,0.038182231763110655,0.14278556058946548,0.1576791272430991,0.14278556058946548
379.2130187153816,0.03824456486070627,0.14238671875307812,0.15721846583023238,0.14238671875307812
379.8310809135437,0.038306897952290614,0.14198945375707892,0.15675969542538246,0.14198945375707892
380.4491431713104,0.03836923104988623,0.14159375776361346,0.15630280637527233,0.14159375776361346
381.06720542907715,0.03843156414748185,0.14119962309350484,0.15584778921377132,0.14119962309350484
381.6852676868439,0.038493897245077464,0.14080704207259917,0.15539463448443164,0.14080704207259917
382.3033299446106,0.03855623034267308,0.14041600706989707,0.15494333278451355,0.14041600706989707
382.9213922023773,0.03861856344026869,0.14002651049729886,0.1544938747646779,0.14002651049729886
383.53945446014404,0.03868089653786431,0.1396385448093514,0.15404625112867948,0.1396385448093514
384.15751671791077,0.038743229635459925,0.139252102502996,0.1536004526330625,0.139252102502996
384.7755789756775,0.03880556273305554,0.13886717611731778,0.15315647008685682,0.13886717611731778
385.3936412334442,0.03886789583065116,0.1384837582332965,0.1527142943512756,0.1384837582332965
386.01170349121094,0.038930228928246775,0.13810184147355836,0.1522739163394149,0.13810184147355836
386.62976574897766,0.03899256202584239,0.13772141850212954,0.1518353270159536,0.13772141850212954
387.2478280067444,0.03905489512343801,0.13734248202419083,0.1513985173968559,0.13734248202419083
387.8658902645111,0.03911722822103362,0.13696502478583353,0.150963478549074,0.13696502478583353
388.48395252227783,0.039179561318629236,0.13658903957381693,0.15053020159025318,0.13658903957381693
389.10201478004456,0.03924189441622485,0.13621451921532693,0.15009867768843765,0.13621451921532693
389.7200770378113,0.03930422751382047,0.13584145657773578,0.14966889806177772,0.13584145657773578
390.338139295578,0.039366560611416086,0.13546984456836364,0.14924085397823894,0.13546984456836364
390.9562015533447,0.0394288937090117,0.135099676134241,0.14881453675531195,0.135099676134241
391.57426381111145,0.03949122680660732,0.13473094426187263,0.14838993775972417,0.13473094426187263
392.1923260688782,0.03955355990420294,0.13436364197700262,0.14796704840715275,0.13436364197700262
392.81038826704025,0.03961589299578727,0.1339977623795973,0.14754586020247543,0.1339977623795973
393.428450524807,0.03967822609338289,0.1336332985026116,0.14712636457717654,0.1336332985026116
394.0465127825737,0.039740559190978506,0.13327024352346506,0.14670855313277398,0.13327024352346506
394.6645750403404,0.03980289228857412,0.13290859062253724,0.14629241747790034,0.13290859062253724
395.28263729810715,0.03986522538616974,0.1325483330182923,0.14587794926872333,0.1325483330182923
395.90069955587387,0.039927558483765356,0.1321894639670521,0.14546514020866708,0.1321894639670521
396.5187618136406,0.03998989158136097,0.13183197676277034,0.14505398204813447,0.13183197676277034
397.1368240714073,0.04005222467895659,0.1314758647368078,0.14464446658423172,0.1314758647368078
397.75488632917404,0.0401145577765522,0.13112112125770947,0.14423658566049308,0.13112112125770947
398.37294858694077,0.040176890874147816,0.13076773973098213,0.14383033116660834,0.13076773973098213
398.9910108447075,0.04023922397174343,0.13041571359887394,0.1434256950381507,0.13041571359887394
399.6090731024742,0.04030155706933905,0.13006503634015462,0.14302266925630625,0.13006503634015462
400.22713536024094,0.04036389016693467,0.12971570146989736,0.14262124584760522,0.12971570146989736
400.84519761800766,0.040426223264530284,0.12936770253926194,0.1422214168836541,0.12936770253926194
401.4632598757744,0.0404885563621259,0.12902103313527863,0.14182317448086962,0.12902103313527863
402.0813221335411,0.04055088945972151,0.12867568688063408,0.14142651080021368,0.12867568688063408
402.69938439130783,0.04061322255731713,0.1283316574334576,0.14103141804692992,0.1283316574334576
403.31744664907455,0.040675555654912744,0.1279889384871093,0.14063788847028172,0.1279889384871093
403.9355089068413,0.04073788875250836,0.12764752376996938,0.1402459143632912,0.12764752376996938
404.553571164608,0.04080022185010398,0.1273074070452281,0.1398554880624802,0.1273074070452281
405.1716333627701,0.04086255494168832,0.12696858214329143,0.1394666019850414,0.12696858214329143
405.7896956205368,0.04092488803928394,0.1266310428309955,0.139079248478717,0.1266310428309955
406.4077578783035,0.040987221136879554,0.12629478300745378,0.13869342004656246,0.12629478300745378
407.02582013607025,0.041049554234475163,0.12595979657302572,0.1383091091965317,0.12595979657302572
407.643882393837,0.04111188733207078,0.12562607746185117,0.13792630847880177,0.12562607746185117
408.2619446516037,0.0411742204296664,0.12529361964164765,0.13754501048552217,0.12529361964164765
408.8800069093704,0.041236553527262014,0.12496241711350928,0.13716520785056446,0.12496241711350928
409.49806916713715,0.04129888662485763,0.12463246391170689,0.13678689324927437,0.12463246391170689
410.11613142490387,0.04136121972245325,0.1243037541034887,0.1364100593982244,0.1243037541034887
410.7341936826706,0.041423552820048865,0.12397628178888313,0.1360346990549681,0.12397628178888313
411.3522559404373,0.04148588591764448,0.12365004110050182,0.13566080501779582,0.12365004110050182
411.97031819820404,0.04154821901524009,0.12332502620334435,0.13528837012549152,0.12332502620334435
412.58838045597076,0.04161055211283571,0.12300123129460426,0.13491738725709115,0.12300123129460426
413.2064427137375,0.041672885210431325,0.1226786506034755,0.13454784933164227,0.1226786506034755
413.8245049715042,0.04173521830802694,0.12235727839096099,0.13417974930796486,0.12235727839096099
414.44256722927094,0.04179755140562256,0.1220371089496814,0.13381308018441387,0.1220371089496814
415.06062948703766,0.041859884503218175,0.12171813660368566,0.13344783499864252,0.12171813660368566
415.6786917448044,0.04192221760081379,0.1214003557082625,0.13308400682736754,0.1214003557082625
416.2967540025711,0.04198455069840941,0.1210837606497529,0.13272158878613524,0.1210837606497529
416.91481626033783,0.04204688379600502,0.12076834584536368,0.13236057402908893,0.12076834584536368
417.5328784584999,0.04210921688758936,0.12045410577323083,0.13200095578335186,0.12045410577323083
418.15094071626663,0.04217154998518498,0.12014103485112998,0.1316427272102086,0.12014103485112998
418.76900297403336,0.042233883082780595,0.11982912761812044,0.13128588161296043,0.11982912761812044
419.3870652318001,0.04229621618037621,0.1195183786130323,0.13093041229784122,0.1195183786130323
420.0051274895668,0.04235854927797183,0.1192087824046467,0.13057631260853927,0.1192087824046467
420.6231897473335,0.042420882375567445,0.1189003335915161,0.13022357592597267,0.1189003335915161
421.24125200510025,0.04248321547316306,0.1185930268017858,0.12987219566806604,0.1185930268017858
421.859314262867,0.04254554857075867,0.11828685669301628,0.12952216528952837,0.11828685669301628
422.4773765206337,0.04260788166835429,0.11798181795200663,0.12917347828163225,0.11798181795200663
423.0954387784004,0.042670214765949906,0.11767790529461954,0.12882612817199435,0.11767790529461954
423.71350103616714,0.04273254786354552,0.11737511346560651,0.1284801085243569,0.11737511346560651
424.33156329393387,0.04279488096114114,0.11707343723843482,0.12813541293837105,0.11707343723843482
424.9496255517006,0.042857214058736756,0.11677287141511518,0.12779203504938072,0.11677287141511518
425.5676878094673,0.04291954715633237,0.11647341082603052,0.12744996852820842,0.11647341082603052
426.18575006723404,0.04298188025392798,0.11617505032976606,0.12710920708094176,0.11617505032976606
426.80381232500076,0.0430442133515236,0.11587778481293985,0.12676974444872138,0.11587778481293985
427.4218745827675,0.04310654644911922,0.11558160919003496,0.12643157440753047,0.11558160919003496
428.0399368405342,0.04316887954671483,0.11528651840323227,0.12609469076798477,0.11528651840323227
428.65799909830093,0.04323121264431045,0.11499250742224439,0.12575908737512453,0.11499250742224439
429.27606135606766,0.04329354574190607,0.11469957124415077,0.1254247581082074,0.11469957124415077
429.89412355422974,0.04335587883349041,0.11440770492132912,0.12509169691256108,0.11440770492132912
430.51218581199646,0.043418211931086026,0.11411690344880772,0.12475989767102232,0.11411690344880772
431.1302480697632,0.043480545028681636,0.11382716193298456,0.1244293543964508,0.11382716193298456
431.7483103275299,0.04354287812627725,0.11353847547877581,0.12410006110292639,0.11353847547877581
432.36637258529663,0.04360521122387287,0.11325083921765426,0.12377201183772893,0.11325083921765426
432.98443484306335,0.043667544321468486,0.11296424830749009,0.123445200681138,0.11296424830749009
433.6024971008301,0.0437298774190641,0.11267869793239307,0.1231196217462346,0.11267869793239307
434.2205593585968,0.04379221051665972,0.11239418330255513,0.12279526917870341,0.11239418330255513
434.8386216163635,0.04385454361425534,0.11211069965409451,0.12247213715663643,0.11211069965409451
435.45668387413025,0.043916876711850954,0.11182824224890027,0.12215021989033788,0.11182824224890027
436.074746131897,0.043979209809446564,0.1115468063744782,0.12182951162213006,0.1115468063744782
436.6928083896637,0.04404154290704218,0.11126638734379761,0.12151000662616057,0.11126638734379761
437.3108706474304,0.0441038760046378,0.11098698049513876,0.1211916992082106,0.11098698049513876
437.92893290519714,0.044166209102233414,0.11070858119194175,0.12087458370550425,0.11070858119194175
438.54699516296387,0.04422854219982903,0.11043118482265576,0.12055865448651931,0.11043118482265576
439.1650574207306,0.04429087529742465,0.11015478680058965,0.12024390595079874,0.11015478680058965
439.7831196784973,0.044353208395020265,0.10987938256376338,0.11993033252876369,0.10987938256376338
440.40118193626404,0.04441554149261588,0.10960496757476022,0.1196179286815275,0.10960496757476022
441.01924419403076,0.04447787459021149,0.10933153732058007,0.11930668890071054,0.10933153732058007
441.6373064517975,0.04454020768780711,0.10905908731249342,0.11899660770825671,0.10905908731249342
442.25536864995956,0.04460254077939145,0.10878761311203004,0.11868767968598756,0.10878761311203004
442.8734309077263,0.04466487387698707,0.1085171102262074,0.11837989935636253,0.1085171102262074
443.491493165493,0.044727206974582684,0.10824757426446932,0.11807326136105195,0.10824757426446932
444.10955542325974,0.0447895400721783,0.10797900083372833,0.11776776034147766,0.10797900083372833
444.72761768102646,0.04485187316977392,0.10771138556445174,0.11746339096848235,0.10771138556445174
445.3456799387932,0.044914206267369534,0.10744472411052121,0.11716014794215268,0.10744472411052121
445.9637421965599,0.044976539364965144,0.10717901214909284,0.11685802599164283,0.10717901214909284
446.58180445432663,0.04503887246256076,0.10691424538045866,0.11655701987499972,0.10691424538045866
447.19986671209335,0.04510120556015638,0.1066504195279085,0.11625712437898891,0.1066504195279085
447.8179289698601,0.045163538657751995,0.10638753033759304,0.11595833431892155,0.10638753033759304
448.4359912276268,0.04522587175534761,0.10612557357838755,0.11566064453848278,0.10612557357838755
449.0540534853935,0.04528820485294323,0.10586454504175655,0.11536404990956055,0.10586454504175655
449.67211574316025,0.045350537950538845,0.10560444054161922,0.11506854533207628,0.10560444054161922
450.29017800092697,0.045412871048134455,0.1053452559142159,0.11477412573381558,0.1053452559142159
450.9082402586937,0.04547520414573007,0.10508698701797498,0.11448078607026117,0.10508698701797498
451.5263025164604,0.04553753724332569,0.10482962973338114,0.11418852132442572,0.10482962973338114
452.14436477422714,0.045599870340921306,0.10457317996284397,0.11389732650668637,0.10457317996284397
452.76242703199387,0.04566220343851692,0.10431763363056767,0.11360719665462014,0.10431763363056767
453.3804892897606,0.04572453653611254,0.10406298668242153,0.11331812683284022,0.10406298668242153
453.9985515475273,0.045786869633708156,0.10380923508581105,0.11303011213283345,0.10380923508581105
454.61661380529404,0.04584920273130377,0.10355637482955019,0.11274314767279871,0.10355637482955019
455.2346760034561,0.04591153582288811,0.10330440194799104,0.1124572286250093,0.10330440194799104
455.85273826122284,0.045973868920483725,0.10305331242378445,0.11217235010546074,0.10305331242378445
456.47080051898956,0.04603620201807934,0.10280310233355203,0.1118885073391519,0.10280310233355203
457.0888627767563,0.04609853511567496,0.1025537677504776,0.11160569554953326,0.1025537677504776
457.706925034523,0.046160868213270576,0.10230530476852538,0.11132390998597422,0.10230530476852538
458.32498729228973,0.04622320131086619,0.10205770950231689,0.11104314592360723,0.10205770950231689
458.94304955005646,0.04628553440846181,0.10181097808700862,0.11076339866317292,0.10181097808700862
459.5611118078232,0.046347867506057426,0.10156510667817009,0.11048466353086665,0.10156510667817009
460.1791740655899,0.046410200603653036,0.10132009145166321,0.11020693587818535,0.10132009145166321
460.7972363233566,0.04647253370124865,0.10107592860352192,0.10993021108177581,0.10107592860352192
461.41529858112335,0.04653486679884427,0.10083261434983284,0.10965448454328376,0.10083261434983284
462.0333608388901,0.046597199896439886,0.10059014492661673,0.10937975168920365,0.10059014492661673
462.6514230966568,0.0466595329940355,0.10034851658971042,0.10910600797072988,0.10034851658971042
463.2694853544235,0.04672186609163112,0.10010772561464969,0.10883324886360839,0.10010772561464969
463.88754761219025,0.04678419918922674,0.0998677682965529,0.10856146986798955,0.0998677682965529
464.50560986995697,0.046846532286822354,0.09962864095000513,0.10829066650828192,0.09962864095000513
465.1236721277237,0.046908865384417964,0.09939033990894341,0.10802083433300673,0.09939033990894341
465.7417343854904,0.04697119848201358,0.09915286152654232,0.10775196891465345,0.09915286152654232
466.35979664325714,0.0470335315796092,0.09891620217510046,0.10748406584953614,0.09891620217510046
466.97785890102386,0.047095864677204814,0.09868035824592765,0.10721712075765093,0.09868035824592765
467.59592109918594,0.047158197768789156,0.09844532617185978,0.10695112930813981,0.09844532617185978
468.21398335695267,0.04722053086638477,0.09821110233656177,0.10668608711663527,0.09821110233656177
468.8320456147194,0.04728286396398039,0.09797768321041224,0.10642198989902947,0.09797768321041224
469.4501078724861,0.04734519706157601,0.09774506525965176,0.10615883336863717,0.09774506525965176
470.06817013025284,0.04740753015917162,0.09751324496897845,0.10589661326175472,0.09751324496897845
470.68623238801956,0.047469863256767234,0.0972822188414395,0.10563532533752294,0.0972822188414395
471.3042946457863,0.04753219635436285,0.09705198339832305,0.10537496537779027,0.09705198339832305
471.922356903553,0.04759452945195847,0.09682253517905097,0.10511552918697735,0.09682253517905097
472.54041916131973,0.047656862549554084,0.09659387074107237,0.10485701259194193,0.09659387074107237
473.15848141908646,0.0477191956471497,0.09636598665975751,0.1045994114418449,0.09636598665975751
473.7765436768532,0.04778152874474532,0.09613887952829261,0.1043427216080173,0.09613887952829261
474.3946059346199,0.04784386184234093,0.09591254595757523,0.10408693898382766,0.09591254595757523
475.0126681923866,0.047906194939936544,0.09568698257611027,0.10383205948455082,0.09568698257611027
475.63073045015335,0.04796852803753216,0.09546218602990682,0.10357807904723705,0.09546218602990682
476.2487927079201,0.04803086113512778,0.09523815298237531,0.10332499363058223,0.09523815298237531
476.8668549656868,0.048093194232723395,0.09501488011422576,0.10307279921479885,0.09501488011422576
477.4849172234535,0.04815552733031901,0.09479236412336615,0.10282149180148763,0.09479236412336615
478.10297948122025,0.04821786042791463,0.09457060172480188,0.10257106741351034,0.09457060172480188
478.72104173898697,0.048280193525510245,0.09434958965053565,0.10232152209486298,0.09434958965053565
479.3391039967537,0.048342526623105855,0.09412932464946798,0.10207285191054992,0.09412932464946798
479.95716619491577,0.0484048597146902,0.09390980350843282,0.10182505297031441,0.09390980350843282
480.5752284526825,0.048467192812285814,0.09369102296749035,0.1015781213330093,0.09369102296749035
481.1932907104492,0.04852952590988143,0.09347297984685007,0.10133205314985637,0.09347297984685007
481.81135296821594,0.04859185900747705,0.09325567096202167,0.1010868445686513,0.09325567096202167
482.42941522598267,0.048654192105072665,0.09303909314492471,0.10084249175758085,0.09303909314492471
483.0474774837494,0.04871652520266828,0.09282324324379285,0.1005989909051016,0.09282324324379285
483.6655397415161,0.0487788583002639,0.09260811812307859,0.10035633821981971,0.09260811812307859
484.28360199928284,0.04884119139785951,0.0923937146633589,0.10011452993037114,0.0923937146633589
484.90166425704956,0.048903524495455125,0.09218002976124105,0.09987356228530295,0.09218002976124105
485.5197265148163,0.04896585759305074,0.09196706032926931,0.09963343155295504,0.09196706032926931
486.137788772583,0.04902819069064636,0.09175480329583231,0.0993941340213427,0.09175480329583231
486.75585103034973,0.049090523788241976,0.09154325560507051,0.09915566599804022,0.09154325560507051
487.37391328811646,0.04915285688583759,0.09133241421678492,0.09891802381006466,0.09133241421678492
487.9919755458832,0.04921518998343321,0.0911222761063458,0.09868120380376089,0.0911222761063458
488.6100378036499,0.049277523081028826,0.09091283826460224,0.09844520234468712,0.09091283826460224
489.2281000614166,0.049339856178624436,0.09070409769779238,0.09821001581750101,0.09070409769779238
489.84616231918335,0.04940218927622005,0.09049605142745384,0.09797564062584689,0.09049605142745384
490.4642245769501,0.04946452237381567,0.0902886964903352,0.0977420731922432,0.0902886964903352
491.0822868347168,0.04952685547141129,0.09008202993830752,0.09750930995797114,0.09008202993830752
491.7003490924835,0.0495891885690069,0.08987604883827675,0.09727734738296365,0.08987604883827675
492.3184112906456,0.049651521660591245,0.08967075029186254,0.09704618196795001,0.08967075029186254
492.9364735484123,0.04971385475818686,0.08946613135618299,0.09681581016525083,0.08946613135618299
493.55453580617905,0.04977618785578248,0.08926218916255975,0.09658622851242751,0.08926218916255975
494.17259806394577,0.04983852095337809,0.08905892083717273,0.09635743354292503,0.08905892083717273
494.7906603217125,0.049900854050973706,0.08885632352080666,0.0961294218082962,0.08885632352080666
495.4087225794792,0.04996318714856932,0.08865439436876647,0.09590218987809472,0.08865439436876647
496.02678483724594,0.05002552024616494,0.0884531305507937,0.09567573433976924,0.0884531305507937
496.64484709501266,0.050087853343760556,0.0882525292509828,0.09545005179855792,0.0882525292509828
497.2629093527794,0.05015018644135617,0.08805258766769852,0.09522513887738356,0.08805258766769852
497.8809716105461,0.05021251953895179,0.08785330301349353,0.09500099221674978,0.08785330301349353
498.49903386831284,0.05027485263654741,0.08765467251502661,0.09477760847463725,0.08765467251502661
499.11709612607956,0.05033718573414302,0.08745669341298135,0.09455498432640125,0.08745669341298135
499.7351583838463,0.050399518831738634,0.08725936296198533,0.09433311646466937,0.08725936296198533
500.353220641613,0.05046185192933425,0.08706267843052991,0.09411200159923998,0.08706267843052991
500.97128289937973,0.05052418502692987,0.08686663710089047,0.09389163645698156,0.08686663710089047
501.58934515714645,0.050586518124525484,0.08667123626904703,0.09367201778173236,0.08667123626904703
502.2074074149132,0.0506488512221211,0.08647647324460564,0.09345314233420086,0.08647647324460564
502.8254696726799,0.05071118431971672,0.0862823453507199,0.09323500689186698,0.0862823453507199
503.4435319304466,0.05077351741731233,0.08608884992401326,0.09301760824888343,0.08608884992401326
504.06159418821335,0.050835850514907945,0.08589598431450186,0.0928009432159784,0.08589598431450186
504.6796563863754,0.05089818360649229,0.08570374590402634,0.09258500864114738,0.08570374590402634
505.29771864414215,0.0509605167040879,0.08551213203207994,0.09236980132633014,0.08551213203207994
505.9157809019089,0.05102284980168352,0.08532114010696663,0.09215531815226016,0.08532114010696663
506.5338431596756,0.05108518289927914,0.08513076753150925,0.0919415559950021,0.08513076753150925
507.1519054174423,0.051147515996874754,0.08494101172154385,0.09172851174671662,0.08494101172154385
507.76996767520905,0.05120984909447037,0.08475187010584523,0.09151618231556635,0.08475187010584523
508.38802993297577,0.05127218219206598,0.08456334012605304,0.09130456462562236,0.08456334012605304
509.0060921907425,0.0513345152896616,0.08437541923659815,0.09109365561677141,0.08437541923659815
509.6241544485092,0.051396848387257214,0.08418810490462968,0.09088345224462362,0.08418810490462968
510.24221670627594,0.05145918148485283,0.08400139460994231,0.09067395148042064,0.08400139460994231
510.86027896404266,0.05152151458244845,0.08381528584490415,0.09046515031094478,0.08381528584490415
511.4783412218094,0.051583847680044065,0.08362977611438518,0.09025704573842822,0.08362977611438518
512.0964034795761,0.05164618077763968,0.08344486293568576,0.09004963478046321,0.08344486293568576
512.7144657373428,0.0517085138752353,0.083260543838466,0.08984291446991255,0.083260543838466
513.3325279951096,0.05177084697283091,0.0830768163646753,0.08963688185482085,0.0830768163646753
513.9505902528763,0.051833180070426525,0.08289367806848247,0.08943153399832614,0.08289367806848247
514.568652510643,0.05189551316802214,0.08271112651620627,0.08922686797857214,0.08271112651620627
515.1867147684097,0.05195784626561776,0.08252915928624623,0.08902288088862127,0.08252915928624623
515.8047770261765,0.052020179363213376,0.08234777396901416,0.08881956983636777,0.08234777396901416
516.4228392839432,0.05208251246080899,0.08216696816686586,0.08861693194445179,0.08216696816686586
517.0409015417099,0.05214484555840461,0.08198673949403337,0.08841496435017383,0.08198673949403337
517.658963739872,0.05220717864998895,0.08180708559385548,0.08821366422479056,0.08180708559385548
518.2770259976387,0.05226951174758456,0.08162800406946433,0.08801302869584293,0.08162800406946433
518.8950882554054,0.05233184484518018,0.08144949258767142,0.08781305496354969,0.08144949258767142
519.5131505131721,0.052394177942775795,0.0812715488095444,0.08761374022300797,0.0812715488095444
520.1312127709389,0.05245651104037141,0.08109417040769461,0.08741508168355559,0.08109417040769461
520.7492750287056,0.05251884413796703,0.0809173550662117,0.08721707656868871,0.0809173550662117
521.3673372864723,0.052581177235562646,0.08074110048059883,0.08701972211597987,0.08074110048059883
521.985399544239,0.05264351033315826,0.08056540435770819,0.08682301557699687,0.08056540435770819
522.6034618020058,0.05270584343075388,0.08039026441567686,0.08662695421722177,0.08039026441567686
523.2215240597725,0.05276817652834949,0.08021567838386319,0.08643153531597073,0.08021567838386319
523.8395863175392,0.052830509625945106,0.08004164400278353,0.08623675616631414,0.08004164400278353
524.4576485753059,0.05289284272354072,0.07986815902404927,0.0860426140749973,0.07986815902404927
525.0757108330727,0.05295517582113634,0.07969522121030445,0.08584910636236176,0.07969522121030445
525.6937730908394,0.053017508918731956,0.0795228283351635,0.08565623036226683,0.0795228283351635
526.3118353486061,0.05307984201632757,0.07935097818314972,0.08546398342201192,0.07935097818314972
526.9298976063728,0.05314217511392319,0.07917966854963371,0.0852723629022592,0.07917966854963371
527.5479598641396,0.0532045082115188,0.07900889724077258,0.08508136617695668,0.07900889724077258
528.1660221219063,0.05326684130911442,0.0788386620734493,0.08489099063326196,0.0788386620734493
528.784084379673,0.053329174406710034,0.07866896087521247,0.08470123367146626,0.07866896087521247
529.4021466374397,0.05339150750430565,0.07849979148421654,0.08451209270491913,0.07849979148421654
530.0202088356018,0.05345384059588999,0.07833115176540005,0.08432356517810521,0.07833115176540005
530.6382710933685,0.05351617369348561,0.0781630395454247,0.08413564849390408,0.0781630395454247
531.2563333511353,0.053578506791081226,0.07799545271019577,0.08394834012260317,0.07799545271019577
531.874395608902,0.05364083988867684,0.07782838913969999,0.08376163752904066,0.07782838913969999
532.4924578666687,0.05370317298627245,0.07766184672423615,0.08357553819074295,0.07766184672423615
533.1105201244354,0.05376550608386807,0.07749582336435758,0.08339003959785231,0.07749582336435758
533.7285823822021,0.05382783918146369,0.0773303169708148,0.08320513925305446,0.0773303169708148
534.3466446399689,0.053890172279059304,0.0771653254644985,0.08302083467150714,0.0771653254644985
534.9647068977356,0.05395250537665492,0.07700084677638315,0.08283712338076868,0.07700084677638315
535.5827691555023,0.05401483847425054,0.07683687884747054,0.08265400292072723,0.07683687884747054
536.200831413269,0.054077171571846154,0.076673419628734,0.08247147084353053,0.076673419628734
536.8188936710358,0.05413950466944177,0.07651046708106286,0.08228952471351579,0.07651046708106286
537.4369559288025,0.05420183776703738,0.07634801917520719,0.08210816210714038,0.07634801917520719
538.0550181865692,0.054264170864633,0.07618607389172297,0.08192738061291271,0.07618607389172297
538.6730804443359,0.054326503962228614,0.07602462922091752,0.08174717783132361,0.07602462922091752
539.2911427021027,0.05438883705982423,0.07586368316279533,0.0815675513747782,0.07586368316279533
539.9092049598694,0.05445117015741985,0.07570323372700424,0.08138849886752804,0.07570323372700424
540.5272672176361,0.054513503255015465,0.07554327893278183,0.08121001794560392,0.07554327893278183
541.1453294754028,0.05457583635261108,0.07538381680890224,0.08103210625674886,0.07538381680890224
541.7633917331696,0.0546381694502067,0.07522484539362337,0.08085476146035159,0.07522484539362337
542.3814539313316,0.054700502541791034,0.07506636274989446,0.0806779812444017,0.07506636274989446
542.9995161890984,0.05476283563938665,0.07490836690421618,0.08050176325728522,0.07490836690421618
543.6175784468651,0.05482516873698227,0.07475085593829071,0.08032610521000876,0.07475085593829071
544.2356407046318,0.054887501834577884,0.0745938279277885,0.0801510048078874,0.0745938279277885
544.8537029623985,0.0549498349321735,0.0744372809576041,0.07997645976755567,0.0744372809576041
545.4717652201653,0.05501216802976912,0.0742812131218053,0.07980246781690342,0.0742812131218053
546.089827477932,0.055074501127364735,0.0741256225235824,0.07962902669501232,0.0741256225235824
546.7078897356987,0.05513683422496035,0.07397050727519795,0.07945613415209246,0.07397050727519795
547.3259519934654,0.05519916732255596,0.07381586549793673,0.07928378794941963,0.07381586549793673
547.9440142512321,0.05526150042015158,0.07366169532205594,0.07911198585927282,0.07366169532205594
548.5620765089989,0.055323833517747195,0.07350799488673589,0.07894072566487195,0.07350799488673589
549.1801387667656,0.05538616661534281,0.07335476234003081,0.07877000516031656,0.07335476234003081
549.7982010245323,0.05544849971293843,0.07320199583882005,0.07859982215052408,0.07320199583882005
550.416263282299,0.055510832810534046,0.07304969354875962,0.07843017445116923,0.07304969354875962
551.0343255400658,0.05557316590812966,0.07289785364423389,0.07826105988862335,0.07289785364423389
551.6523877978325,0.05563549900572527,0.0727464743083077,0.0780924762998941,0.0727464743083077
552.2704500555992,0.05569783210332089,0.07259555373267877,0.07792442153256594,0.07259555373267877
552.8885123133659,0.055760165200916506,0.07244509011763026,0.07775689344474042,0.07244509011763026
553.5065745711327,0.05582249829851212,0.07229508167198381,0.0775898899049773,0.07229508167198381
554.1246368288994,0.05588483139610774,0.07214552661305272,0.07742340879223582,0.07214552661305272
554.7426990270615,0.05594716448769208,0.07199642318095305,0.07725744801179621,0.07199642318095305
555.3607612848282,0.0560094975852877,0.07184776958108388,0.0770920054312323,0.07184776958108388
555.9788235425949,0.056071830682883315,0.07169956407035685,0.07692707897638318,0.07169956407035685
556.5968858003616,0.056134163780478925,0.07155180489958993,0.07676266656722616,0.07155180489958993
557.2149480581284,0.05619649687807454,0.07140449032786317,0.07659876613385007,0.07140449032786317
557.8330103158951,0.05625882997567016,0.07125761862247368,0.07643537561639849,0.07125761862247368
558.4510725736618,0.056321163073265776,0.07111118805889069,0.07627249296501376,0.07111118805889069
559.0691348314285,0.05638349617086139,0.07096519692071114,0.076110116139781,0.07096519692071114
559.6871970891953,0.05644582926845701,0.07081964349961524,0.0759482431106726,0.07081964349961524
560.305259346962,0.056508162366052626,0.07067452609532264,0.07578687185749318,0.07067452609532264
560.9233216047287,0.05657049546364824,0.0705298430155486,0.07562600036982461,0.0705298430155486
561.5413838624954,0.05663282856124385,0.07038559257596054,0.07546562664697169,0.07038559257596054
562.1594461202621,0.05669516165883947,0.07024177310013488,0.07530574869790786,0.07024177310013488
562.7775083780289,0.05675749475643509,0.07009838291951401,0.07514636454122148,0.07009838291951401
563.3955706357956,0.056819827854030704,0.06995542037336366,0.07498747220506234,0.06995542037336366
564.0136328935623,0.05688216095162632,0.06981288380873052,0.07482906972708846,0.06981288380873052
564.631695151329,0.05694449404922194,0.06967077158039993,0.0746711551544133,0.06967077158039993
565.2497574090958,0.057006827146817554,0.06952908205085415,0.07451372654355334,0.06952908205085415
565.8678196668625,0.05706916024441317,0.06938781359023051,0.07435678196037573,0.06938781359023051
566.4858819246292,0.05713149334200878,0.06924696457628013,0.07420031948004663,0.06924696457628013
567.1039441227913,0.05719382643359312,0.06910653340784956,0.07404433720199899,0.06910653340784956
567.722006380558,0.05725615953118874,0.06896651845070853,0.07388883318975745,0.06896651845070853
568.3400686383247,0.05731849262878436,0.06882691811876647,0.07373380556114267,0.06882691811876647
568.9581308960915,0.05738082572637997,0.0686877308198204,0.07357925242800427,0.0686877308198204
569.5761931538582,0.05744315882397559,0.06854895496907774,0.07342517191123622,0.06854895496907774
570.1942554116249,0.05750549192157121,0.06841058898911644,0.07327156214072698,0.06841058898911644
570.8123176693916,0.057567825019166824,0.0682726313098452,0.07311842125530972,0.0682726313098452
571.4303799271584,0.057630158116762434,0.06813508036846411,0.07296574740271303,0.06813508036846411
572.0484421849251,0.05769249121435805,0.06799793460942528,0.0728135387395119,0.06799793460942528
572.6665044426918,0.05775482431195367,0.06786119248439411,0.07266179343107877,0.06786119248439411
573.2845667004585,0.057817157409549284,0.06772485245221024,0.07251050965153541,0.06772485245221024
573.9026289582253,0.0578794905071449,0.06758891297884931,0.0723596855837044,0.06758891297884931
574.520691215992,0.05794182360474052,0.06745337253738447,0.0722093194190615,0.06745337253738447
575.1387534737587,0.058004156702336135,0.06731822960794842,0.07205940935768798,0.06731822960794842
575.7568157315254,0.058066489799931745,0.06718348267769562,0.07190995360822339,0.06718348267769562
576.3748779892921,0.05812882289752736,0.0670491302407646,0.0717609503878185,0.0670491302407646
576.9929402470589,0.05819115599512298,0.06691517079824061,0.07161239792208868,0.06691517079824061
577.6110025048256,0.058253489092718595,0.06678160285811854,0.07146429444506738,0.06678160285811854
578.2290647625923,0.05831582219031421,0.06664842493526588,0.07131663819916008,0.06664842493526588
578.847127020359,0.05837815528790983,0.06651563555138613,0.07116942743509837,0.06651563555138613
579.4651892781258,0.058440488385505446,0.0663832332349822,0.07102266041189445,0.0663832332349822
580.0832514762878,0.05850282147708979,0.0662512165340331,0.07087633541088573,0.0662512165340331
580.7013137340546,0.0585651545746854,0.06611958396506934,0.07073045067928745,0.06611958396506934
581.3193759918213,0.058627487672281015,0.06598833408952551,0.07058500451481538,0.06598833408952551
581.937438249588,0.05868982076987663,0.06585746546274181,0.07043999520915364,0.06585746546274181
582.5555005073547,0.05875215386747225,0.06572697664667876,0.07029542106204321,0.06572697664667876
583.1735627651215,0.058814486965067865,0.06559686620988191,0.070151280381238,0.06559686620988191
583.7916250228882,0.05887682006266348,0.06546713272744688,0.07000757148246099,0.06546713272744688
584.4096872806549,0.0589391531602591,0.06533777478098463,0.06986429268936108,0.06533777478098463
585.0277495384216,0.059001486257854716,0.06520879095858675,0.06972144233346973,0.06520879095858675
585.6458117961884,0.059063819355450325,0.06508017985479121,0.06957901875415824,0.06508017985479121
586.2638740539551,0.05912615245304594,0.06495194007054818,0.0694370202985951,0.06495194007054818
586.8819363117218,0.05918848555064156,0.06482407021318597,0.06929544532170347,0.06482407021318597
587.4999985694885,0.059250818648237176,0.06469656889637744,0.06915429218611935,0.06469656889637744
588.1180608272552,0.05931315174583279,0.06456943474010624,0.06901355926214948,0.06456943474010624
588.736123085022,0.05937548484342841,0.0644426663706336,0.0688732449277299,0.0644426663706336
589.3541853427887,0.059437817941024026,0.0643162624204651,0.06873334756838459,0.0643162624204651
589.9722476005554,0.05950015103861964,0.06419022152831773,0.06859386557718425,0.06419022152831773
590.5903098583221,0.05956248413621525,0.06406454233908708,0.06845479735470565,0.06406454233908708
591.2083721160889,0.05962481723381087,0.06393922350381477,0.06831614130899084,0.06393922350381477
591.8264343738556,0.05968715033140649,0.0638142636796561,0.06817789585550697,0.0638142636796561
592.4444965720177,0.05974948342299083,0.06368966154184703,0.06804005943037907,0.06368966154184703
593.0625588297844,0.059811816520586446,0.0635654157356411,0.06790263043721899,0.0635654157356411
593.6806210875511,0.05987414961818206,0.06344152494837582,0.06776560732684156,0.06344152494837582
594.2986833453178,0.05993648271577768,0.06331798786134102,0.06762898854401535,0.06331798786134102
594.9167456030846,0.059998815813373296,0.0631948031617812,0.06749277254073568,0.0631948031617812
595.5348078608513,0.060061148910968906,0.0630719695428641,0.067356957776186,0.0630719695428641
596.152870118618,0.06012348200856452,0.06294948570364979,0.0672215427166989,0.06294948570364979
596.7709323763847,0.06018581510616014,0.06282735034905966,0.06708652583571789,0.06282735034905966
597.3889946341515,0.06024814820375576,0.06270556218984574,0.06695190561375909,0.06270556218984574
598.0070568919182,0.060310481301351374,0.06258411994256026,0.06681768053837321,0.06258411994256026
598.6251191496849,0.06037281439894699,0.06246302232952518,0.06668384910410793,0.06246302232952518
599.2431814074516,0.06043514749654261,0.06234226807880209,0.06655040981247018,0.06234226807880209
599.8612436652184,0.06049748059413822,0.06222185592416224,0.066417361171889,0.06222185592416224
600.4793059229851,0.060559813691733834,0.06210178460505666,0.06628470169767836,0.06210178460505666
601.0973681807518,0.06062214678932945,0.0619820528665866,0.06615242991200031,0.0619820528665866
601.7154304385185,0.06068447988692507,0.06186265945947397,0.06602054434382842,0.06186265945947397
602.3334926962852,0.060746812984520684,0.06174360314003218,0.06588904352891127,0.06174360314003218
602.951554954052,0.0608091460821163,0.061624882670136896,0.06575792600973625,0.061624882670136896
603.5696172118187,0.06087147917971192,0.061506496817197095,0.06562719033549368,0.061506496817197095
604.1876794695854,0.060933812277307535,0.06138844435412644,0.06549683506204088,0.06138844435412644
604.8057416677475,0.06099614536889187,0.061270724070651164,0.06536685876438318,0.061270724070651164
605.4238039255142,0.06105847846648749,0.06115333472790306,0.0652372599865365,0.06115333472790306
606.041866183281,0.061120811564083104,0.06103627512650715,0.06510803731669987,0.06103627512650715
606.6599284410477,0.06118314466167872,0.06091954406111085,0.06497918933704555,0.06091954406111085
607.2779906988144,0.06124547775927434,0.06080314033172481,0.06485071463623727,0.06080314033172481
607.8960529565811,0.061307810856869954,0.06068706274369502,0.0647226118093956,0.06068706274369502
608.5141152143478,0.06137014395446557,0.060571310107675275,0.06459487945806382,0.060571310107675275
609.1321774721146,0.06143247705206119,0.06045588123959963,0.06446751619017362,0.06045588123959963
609.7502397298813,0.0614948101496568,0.06034077496065519,0.06434052062001139,0.06034077496065519
610.368301987648,0.061557143247252415,0.06022599009725492,0.06421389136818442,0.06022599009725492
610.9863642454147,0.06161947634484803,0.06011152548101061,0.06408762706158745,0.06011152548101061
611.6044265031815,0.06168180944244365,0.059997379948706166,0.06396172633336936,0.059997379948706166
612.2224887609482,0.061744142540039265,0.05988355234227078,0.06383618782290007,0.05988355234227078
612.8405510187149,0.06180647563763488,0.059770041508752564,0.06371101017573769,0.059770041508752564
613.4586132764816,0.0618688087352305,0.05965684630029212,0.06358619204359575,0.05965684630029212
614.0766755342484,0.061931141832826116,0.05954396557409625,0.06346173208431072,0.05954396557409625
614.6947377920151,0.061993474930421726,0.05943139819241211,0.06333762896180972,0.05943139819241211
615.3128000497818,0.06205580802801734,0.059319143022501054,0.06321388134607835,0.059319143022501054
615.9308623075485,0.06211814112561296,0.059207198936613054,0.06309048791312878,0.059207198936613054
616.5489245653152,0.062180474223208576,0.059095564811960995,0.06296744734496804,0.059095564811960995
617.1669867634773,0.06224280731479292,0.058984239541416385,0.0628447583413813,0.058984239541416385
617.785049021244,0.062305140412388535,0.058873221990569935,0.06272241957260712,0.058873221990569935
618.4031112790108,0.06236747350998415,0.05876251106212207,0.06260042975029714,0.05876251106212207
619.0211735367775,0.06242980660757977,0.058652105652884305,0.062478787580123936,0.058652105652884305
619.6392357945442,0.06249213970517538,0.058542004664505334,0.062357491773598964,0.058542004664505334
620.257298052311,0.062554472802771,0.05843220700344621,0.06223654104804193,0.05843220700344621
620.8753603100777,0.06261680590036661,0.058322711580955734,0.06211593412655032,0.058322711580955734
621.4934225678444,0.06267913899796224,0.058213517313046075,0.06199566973796921,0.058213517313046075
622.1114848256111,0.06274147209555785,0.05810462312046842,0.061875746616861,0.05810462312046842
622.7295470833778,0.06280380519315346,0.05799602792868888,0.06175616350347568,0.05799602792868888
623.3476093411446,0.06286613829074908,0.05788773066786427,0.06163691914372093,0.05788773066786427
623.9656715989113,0.06292847138834469,0.05777973027281846,0.061518012289132645,0.05777973027281846
624.583733856678,0.06299080448594031,0.05767202568301848,0.06139944169684554,0.05767202568301848
625.2017961144447,0.06305313758353592,0.05756461584255088,0.06128120612956385,0.05756461584255088
625.8198583722115,0.06311547068113155,0.0574574997000984,0.06116330435553236,0.0574574997000984
626.4379206299782,0.06317780377872716,0.057350676208916436,0.06104573514850749,0.057350676208916436
627.0559828877449,0.06324013687632277,0.05724414432680996,0.060928497287728575,0.05724414432680996
627.6740451455116,0.06330246997391839,0.057137903016110374,0.060811589557889366,0.057137903016110374
628.2921074032784,0.063364803071514,0.0570319512436526,0.06069501074910954,0.0570319512436526
628.9101696610451,0.06342713616910962,0.05692628798075232,0.060578759656906705,0.05692628798075232
629.5282318592072,0.06348946926069396,0.05682091221333145,0.06046283509333191,0.05682091221333145
630.1462941169739,0.06355180235828958,0.05671582290127475,0.06034723584225536,0.05671582290127475
630.7643563747406,0.06361413545588519,0.05661101903938036,0.06023196072641564,0.05661101903938036
631.3824186325073,0.0636764685534808,0.05650649961666114,0.06011700856264267,0.05650649961666114
632.000480890274,0.06373880165107643,0.0564022636264984,0.06000237817302553,0.0564022636264984
632.6185431480408,0.06380113474867204,0.05629831006662007,0.059888068384885376,0.05629831006662007
633.2366054058075,0.06386346784626766,0.05619463793907861,0.05977407803074812,0.05619463793907861
633.8546676635742,0.06392580094386327,0.056091246250229286,0.05966040594831777,0.056091246250229286
634.4727299213409,0.0639881340414589,0.05598813401070849,0.059547050980449524,0.05598813401070849
635.0907921791077,0.0640504671390545,0.05588530023541226,0.059434011975123116,0.05588530023541226
635.7088544368744,0.06411280023665013,0.05578274394347465,0.05932128778541658,0.05578274394347465
636.3269166946411,0.06417513333424574,0.0556804641582467,0.059208877269479654,0.0556804641582467
636.9449789524078,0.06423746643184135,0.055578459907275085,0.05909677929050793,0.055578459907275085
637.5630412101746,0.06429979952943697,0.055476730222281105,0.05898499271671667,0.055476730222281105
638.1811034679413,0.06436213262703258,0.05537527413913968,0.058873516421315046,0.05537527413913968
638.799165725708,0.0644244657246282,0.055274090697858644,0.0587623492824804,0.055274090697858644
639.4172279834747,0.06448679882222381,0.05517317894255798,0.05865149018333276,0.05517317894255798
640.0352902412415,0.06454913191981944,0.055072537921449165,0.05854093801190939,0.055072537921449165
640.6533524990082,0.06461146501741505,0.05497216668681485,0.05843069166113964,0.05497216668681485
641.2714147567749,0.06467379811501066,0.0548720642949884,0.0583207500288197,0.0548720642949884
641.8894770145416,0.06473613121260628,0.05477222980633363,0.05821111201758774,0.05477222980633363
642.5075392127037,0.06479846430419062,0.05467266229481402,0.05810177654542867,0.05467266229481402
643.1256014704704,0.06486079740178624,0.05457336080959008,0.05799274250350219,0.05457336080959008
643.7436637282372,0.06492313049938185,0.05447432443261181,0.05788400881938274,0.05447432443261181
644.3617259860039,0.06498546359697747,0.05437555224016492,0.05777557441482973,0.05437555224016492
644.9797882437706,0.06504779669457308,0.05427704331246618,0.05766743821632184,0.05427704331246618
645.5978505015373,0.06511012979216871,0.0541787967336438,0.05755959915503296,0.0541787967336438
646.215912759304,0.06517246288976432,0.054080811591717896,0.05745205616680838,0.054080811591717896
646.8339750170708,0.06523479598735993,0.05398308697858135,0.057344808192140724,0.05398308697858135
647.4520372748375,0.06529712908495555,0.05388562198998038,0.0572378541761464,0.05388562198998038
648.0700995326042,0.06535946218255116,0.05378841572549554,0.057131193068542016,0.05378841572549554
648.6881617903709,0.06542179528014679,0.05369146728852259,0.057024823823621035,0.05369146728852259
649.3062240481377,0.0654841283777424,0.05359477578625372,0.05691874540023037,0.05359477578625372
649.9242863059044,0.06554646147533802,0.05349834032965866,0.05681295676174729,0.05349834032965866
650.5423485636711,0.06560879457293363,0.053402160033465915,0.05670745687605646,0.053402160033465915
651.1604108214378,0.06567112767052924,0.05330623401614436,0.05660224471552699,0.05330623401614436
651.7784730792046,0.06573346076812486,0.05321056139988459,0.05649731925698966,0.05321056139988459
652.3965353369713,0.06579579386572047,0.053115141310580524,0.05639267948171446,0.053115141310580524
653.014597594738,0.0658581269633161,0.05301997287781126,0.05628832437538787,0.05301997287781126
653.6326598525047,0.0659204600609117,0.05292505523482278,0.05618425292809064,0.05292505523482278
654.2507221102715,0.06598279315850733,0.05283038751850992,0.056080464134275546,0.05283038751850992
654.8687843084335,0.06604512625009167,0.052735968878491864,0.05597695700271373,0.052735968878491864
655.4868465662003,0.06610745934768728,0.05264179844069627,0.05587373051657181,0.05264179844069627
656.104908823967,0.0661697924452829,0.05254787536197453,0.05577078369328205,0.05254787536197453
656.7229710817337,0.06623212554287851,0.05245419879363797,0.0556681155445654,0.05245419879363797
657.3410333395004,0.06629445864047413,0.0523607678905579,0.05556572508640558,0.0523607678905579
657.9590955972672,0.06635679173806974,0.05226758181114808,0.05546361133902751,0.05226758181114808
658.5771578550339,0.06641912483566537,0.05217463971734733,0.05536177332687608,0.05217463971734733
659.1952201128006,0.06648145793326098,0.05208194077460222,0.055260210078594725,0.05208194077460222
659.8132823705673,0.0665437910308566,0.05198948415184996,0.055158920627004435,0.05198948415184996
660.431344628334,0.06660612412845221,0.051897269021501234,0.055057904009082795,0.051897269021501234
661.0494068861008,0.06666845722604782,0.051805294559423155,0.05495715926594293,0.051805294559423155
661.6674691438675,0.06673079032364344,0.05171355994492248,0.05485668544281292,0.05171355994492248
662.2855314016342,0.06679312342123905,0.05162206436072873,0.05475648158901511,0.05162206436072873
662.9035936594009,0.06685545651883468,0.05153080699297741,0.05465654675794552,0.05153080699297741
663.5216559171677,0.06691778961643029,0.0514397870311935,0.05455688000705349,0.0514397870311935
664.1397181749344,0.06698012271402591,0.051349003668274856,0.054457480397821396,0.051349003668274856
664.7577804327011,0.06704245581162152,0.05125845610047577,0.05435834699574446,0.05125845610047577
665.3758426904678,0.06710478890921713,0.05116814352739054,0.054259478870310705,0.05116814352739054
665.9939049482346,0.06716712200681275,0.05107806515193739,0.05416087509498091,0.05107806515193739
666.6119672060013,0.06722945510440836,0.05098822018034217,0.05406253474716896,0.05098822018034217
667.2300294041634,0.06729178819599271,0.050898607830753055,0.05396445691766773,0.050898607830753055
667.8480916619301,0.06735412129358832,0.05080922729867903,0.05386664067282115,0.05080922729867903
668.4661539196968,0.06741645439118395,0.05072007780882596,0.05376908511125526,0.05072007780882596
669.0842161774635,0.06747878748877956,0.050631158580490325,0.05367178932599971,0.050631158580490325
669.7022784352303,0.06754112058637518,0.05054246883619665,0.053574752413939615,0.05054246883619665
670.320340692997,0.06760345368397079,0.050454007801682,0.0534779734757965,0.050454007801682
670.9384029507637,0.0676657867815664,0.050365774705880356,0.053381451616109,0.050365774705880356
671.5564652085304,0.06772811987916202,0.050277768780907055,0.0532851859432141,0.050277768780907055
672.1745274662971,0.06779045297675763,0.050189989262043544,0.05318917556922821,0.050189989262043544
672.7925897240639,0.06785278607435326,0.05010243538772201,0.05309341961002844,0.05010243538772201
673.4106519818306,0.06791511917194887,0.05001510639951011,0.05299791718523389,0.05001510639951011
674.0287142395973,0.06797745226954449,0.04992800154209596,0.05290266741818717,0.04992800154209596
674.646776497364,0.0680397853671401,0.04984112006327296,0.05280766943593606,0.04984112006327296
675.2648387551308,0.06810211846473571,0.0497544612139249,0.052712922369214966,0.0497544612139249
675.8829010128975,0.06816445156233134,0.049668024248011,0.05261842535242684,0.049668024248011
676.5009632706642,0.06822678465992695,0.04958180842255119,0.0525241775236251,0.04958180842255119
677.1190255284309,0.06828911775752257,0.04949581299761135,0.05243017802449548,0.04949581299761135
677.7370877861977,0.06835145085511818,0.049410037236288604,0.05233642600033816,0.049410037236288604
678.3551500439644,0.0684137839527138,0.049324480404696835,0.05224292060004995,0.049324480404696835
678.9732123017311,0.06847611705030941,0.04923914177195222,0.05214966097610666,0.04923914177195222
679.5912744998932,0.06853845014189375,0.04915402061835711,0.05205664629350362,0.04915402061835711
680.2093367576599,0.06860078323948937,0.04906911620257123,0.051963875693881445,0.04906911620257123
680.8273990154266,0.06866311633708498,0.04898442781085072,0.05187134834932921,0.04898442781085072
681.4454612731934,0.0687254494346806,0.0488999547241774,0.05177906342646304,0.0488999547241774
682.0635235309601,0.06878778253227621,0.048815696226464055,0.05168702009539087,0.048815696226464055
682.6815857887268,0.06885011562987184,0.04873165160454048,0.05159521752969529,0.04873165160454048
683.2996480464935,0.06891244872746745,0.04864782014813948,0.051503654906416466,0.04864782014813948
683.9177103042603,0.06897478182506307,0.04856420114988307,0.0514123314060352,0.04856420114988307
684.535772562027,0.06903711492265868,0.04848079390526855,0.05132124621245618,0.04848079390526855
685.1538348197937,0.06909944802025429,0.04839759771265493,0.05123039851299106,0.04839759771265493
685.7718970775604,0.06916178111784992,0.04831461187324928,0.051139787498341895,0.04831461187324928
686.3899593353271,0.06922411421544553,0.048231835691092996,0.0510494123625846,0.048231835691092996
687.0080215930939,0.06928644731304115,0.04814926847304853,0.05095927230315236,0.04814926847304853
687.6260838508606,0.06934878041063676,0.04806690952878587,0.050869366520819324,0.04806690952878587
688.2441461086273,0.06941111350823238,0.04798475817076907,0.05077969421968427,0.04798475817076907
688.862208366394,0.069473446605828,0.04790281371424321,0.050690254607154456,0.04790281371424321
689.4802706241608,0.0695357797034236,0.04782107547722103,0.05060104689392943,0.04782107547722103
690.0983328819275,0.06959811280101923,0.047739542780469844,0.050512070293984974,0.047739542780469844
690.7163951396942,0.06966044589861484,0.04765821494749844,0.05042332402455734,0.04765821494749844
691.3344573974609,0.06972277899621046,0.04757709130454416,0.05033480730612719,0.04757709130454416
691.9525196552277,0.06978511209380607,0.047496171180559925,0.050246519362403916,0.047496171180559925
692.5705818533897,0.06984744518539042,0.04741545391497583,0.05015845942879134,0.04741545391497583
693.1886441111565,0.06990977828298603,0.047334938826569126,0.050070626718424834,0.047334938826569126
693.8067063689232,0.06997211138058165,0.047254625260156655,0.04998302047310955,0.047254625260156655
694.4247686266899,0.07003444447817726,0.0471745125554259,0.049895639929313965,0.0471745125554259
695.0428308844566,0.07009677757577287,0.0470946000547163,0.04980848432665768,0.0470946000547163
695.6608931422234,0.0701591106733685,0.04701488710300685,0.04972155290789629,0.04701488710300685
696.2789553999901,0.0702214437709641,0.046935373047903635,0.04963484491890612,0.046935373047903635
696.8970176577568,0.07028377686855973,0.04685605723962735,0.04954835960866932,0.04685605723962735
697.5150799155235,0.07034610996615534,0.04677693903100115,0.04946209622925862,0.04677693903100115
698.1331421732903,0.07040844306375096,0.04669801777743832,0.04937605403582257,0.04669801777743832
698.751204431057,0.07047077616134657,0.04661929283693005,0.04929023228657072,0.04661929283693005
699.3692666888237,0.07053310925894218,0.04654076357003342,0.04920463024275876,0.04654076357003342
699.9873289465904,0.07059544235653781,0.04646242933985932,0.049119247168673885,0.04646242933985932
700.6053912043571,0.07065777545413342,0.04638428951206044,0.04903408233162029,0.04638428951206044
701.2234534621239,0.07072010855172904,0.04630634345481934,0.04894913500190452,0.04630634345481934
701.8415157198906,0.07078244164932465,0.046228590538836656,0.048864404452821135,0.046228590538836656
702.4595779776573,0.07084477474692027,0.04615103013731929,0.04877988996063824,0.04615103013731929
703.077640235424,0.07090710784451588,0.0460736616259686,0.04869559080458343,0.0460736616259686
703.6957024931908,0.0709694409421115,0.04599648438296884,0.04861150626682933,0.04599648438296884
704.3137647509575,0.07103177403970712,0.04591949778897553,0.048527635632479596,0.04591949778897553
704.9318269491196,0.07109410713129145,0.04584270123450079,0.048443978197612446,0.04584270123450079
705.5498892068863,0.07115644022888708,0.0457660940902959,0.04836053323701608,0.0457660940902959
706.167951464653,0.07121877332648269,0.04568967575177634,0.04827730005258131,0.04568967575177634
706.7860137224197,0.07128110642407831,0.04561344560936779,0.048194277940996275,0.04561344560936779
707.4040759801865,0.07134343952167392,0.045537403055910024,0.04811146620181063,0.045537403055910024
708.0221382379532,0.07140577261926954,0.04546154748664578,0.04802886413742192,0.04546154748664578
708.6402004957199,0.07146810571686515,0.045385878299209495,0.04794647105306206,0.045385878299209495
709.2582627534866,0.07153043881446076,0.045310394893616185,0.0478642862567837,0.045310394893616185
709.8763250112534,0.07159277191205639,0.04523509667225046,0.04778230905944683,0.04523509667225046
710.4943872690201,0.071655105009652,0.045159983039855425,0.047700538774705425,0.045159983039855425
711.1124495267868,0.07171743810724762,0.045085053403521834,0.04761897471899415,0.045085053403521834
711.7305117845535,0.07177977120484323,0.04501030717267706,0.047537616211515095,0.04501030717267706
712.3485740423203,0.07184210430243886,0.04493574375907444,0.0474564625742246,0.04493574375907444
712.966636300087,0.07190443740003447,0.0448613625767824,0.047375513131820306,0.0448613625767824
713.5846985578537,0.07196677049763008,0.044787163042173714,0.047294767211727935,0.044787163042173714
714.2027608156204,0.0720291035952257,0.04471314457391494,0.04721422414408852,0.04471314457391494
714.8208230733871,0.07209143669282131,0.044639306592955764,0.04713388326174545,0.044639306592955764
715.4388853311539,0.07215376979041693,0.04456564852251841,0.047053743900231704,0.04456564852251841
716.0569475889206,0.07221610288801254,0.04449216978808726,0.04697380539775705,0.04449216978808726
716.6750098466873,0.07227843598560817,0.04441886981739831,0.04689406709519543,0.04441886981739831
717.2930720448494,0.0723407690771925,0.04434574804747202,0.04681452834373337,0.04434574804747202
717.9111343026161,0.07240310217478813,0.044272803896413214,0.04673518847419433,0.044272803896413214
718.5291965603828,0.07246543527238374,0.044200036805711135,0.046656046843049664,0.044200036805711135
719.1472588181496,0.07252776836997935,0.04412744621200517,0.04657710280170467,0.04412744621200517
719.7653210759163,0.07259010146757497,0.04405503155413504,0.04649835570416653,0.04405503155413504
720.383383333683,0.07265243456517058,0.04398279227313057,0.04641980490703198,0.04398279227313057
721.0014455914497,0.0727147676627662,0.04391072781220181,0.046341449769475206,0.04391072781220181
721.6195078492165,0.07277710076036181,0.043838837616728896,0.046263289653235624,0.043838837616728896
722.2375701069832,0.07283943385795744,0.043767121134252115,0.04618532392260579,0.043767121134252115
722.8556323647499,0.07290176695555305,0.04369557781446207,0.04610755194441957,0.04369557781446207
723.4736946225166,0.07296410005314866,0.04362420710918977,0.046029973088039966,0.04362420710918977
724.0917568802834,0.07302643315074428,0.04355300847239685,0.045952586725347404,0.04355300847239685
724.7098191380501,0.07308876624833989,0.043481981360165824,0.04587539223072793,0.043481981360165824
725.3278813958168,0.07315109934593551,0.043411125230690406,0.04579838898106134,0.043411125230690406
725.9459436535835,0.07321343244353112,0.04334043954426585,0.045721576355709594,0.04334043954426585
726.5640059113503,0.07327576554112675,0.04326992376327933,0.04564495373650516,0.04326992376327933
727.182068169117,0.07333809863872236,0.04319957735220045,0.04556852050773951,0.04319957735220045
727.8001304268837,0.07340043173631797,0.04312939977757175,0.04549227605615152,0.04312939977757175
728.4181926846504,0.07346276483391359,0.04305939050799915,0.04541621977091608,0.04305939050799915
729.0362549424171,0.0735250979315092,0.04298954901414272,0.04534035104363281,0.04298954901414272
729.6543171405792,0.07358743102309355,0.042919874775418414,0.045264669275604165,0.042919874775418414
730.272379398346,0.07364976412068916,0.042850367253127984,0.04518917384864797,0.042850367253127984
730.8904416561127,0.07371209721828478,0.042781025930765056,0.045113864168877714,0.042781025930765056
731.5085039138794,0.0737744303158804,0.04271185028711297,0.04503873963747896,0.04271185028711297
732.1265661716461,0.07383676341347602,0.042642839802962886,0.04496379965800597,0.042642839802962886
732.7446284294128,0.07389909651107163,0.042573993961104624,0.044889043636370675,0.042573993961104624
733.3626906871796,0.07396142960866724,0.0425053122463177,0.044814470980831675,0.0425053122463177
733.9807529449463,0.07402376270626286,0.042436794145362264,0.044740081101983346,0.042436794145362264
734.598815202713,0.07408609580385847,0.0423684391469701,0.044665873412745034,0.0423684391469701
735.2168774604797,0.0741484289014541,0.042300246741835766,0.04459184732835026,0.042300246741835766
735.8349397182465,0.0742107619990497,0.0422322164226077,0.04451800226633593,0.0422322164226077
736.4530019760132,0.07427309509664533,0.0421643476838794,0.04444433764653173,0.0421643476838794
737.0710642337799,0.07433542819424094,0.042096640022180595,0.04437085289104951,0.042096640022180595
737.6891264915466,0.07439776129183655,0.04202909293596857,0.04429754742427267,0.04202909293596857
738.3071887493134,0.07446009438943217,0.04196170592561944,0.044224420672845696,0.04196170592561944
738.9252510070801,0.07452242748702778,0.0418944784934195,0.04415147206566373,0.0418944784934195
739.5433132648468,0.0745847605846234,0.04182741014355664,0.04407870103386212,0.04182741014355664
740.1613755226135,0.07464709368221902,0.041760500382111806,0.044006107010806116,0.041760500382111806
740.7794377803802,0.07470942677981464,0.04169374871705041,0.04393368943208058,0.04169374871705041
741.397500038147,0.07477175987741025,0.04162715465821393,0.043861447735479786,0.04162715465821393
742.015562236309,0.0748340929689946,0.04156071772371095,0.04378938136793867,0.04156071772371095
742.6336244940758,0.07489642606659021,0.04149443741429577,0.04371748975773998,0.04149443741429577
743.2516867518425,0.07495875916418582,0.041428313251802205,0.043645772356203635,0.041428313251802205
743.8697490096092,0.07502109226178144,0.04136234475349207,0.04357422860986019,0.04136234475349207
744.487811267376,0.07508342535937705,0.041296531438461535,0.04350285796739922,0.041296531438461535
745.1058735251427,0.07514575845697267,0.04123087282763286,0.043431659879659454,0.04123087282763286
745.7239357829094,0.07520809155456828,0.041165368443746304,0.04336063379961887,0.041165368443746304
746.3419980406761,0.07527042465216391,0.04110001781135191,0.043289779182384844,0.04110001781135191
746.9600602984428,0.07533275774975952,0.041034820456801506,0.04321909548518455,0.041034820456801506
747.5781225562096,0.07539509084735513,0.040969775908240545,0.04314858216735508,0.040969775908240545
748.1961848139763,0.07545742394495075,0.040904883695600226,0.04307823869033385,0.040904883695600226
748.814247071743,0.07551975704254636,0.040840143350589456,0.04300806451764906,0.040840143350589456
749.4323093295097,0.07558209014014199,0.040775554406686905,0.042938059114910054,0.040775554406686905
750.0503715872765,0.0756444232377376,0.0407111163991332,0.04286822194979784,0.0407111163991332
750.6684338450432,0.07570675633533322,0.04064682886492302,0.04279855249205564,0.04064682886492302
751.2864961028099,0.07576908943292883,0.0405826913427973,0.04272905021347952,0.0405826913427973
751.9045583605766,0.07583142253052444,0.04051870337323551,0.04265971458790897,0.04051870337323551
752.5226206183434,0.07589375562812006,0.04045486449844787,0.042590545091217596,0.04045486449844787
753.1406828761101,0.07595608872571567,0.040391174262367734,0.042521541201303956,0.040391174262367734
753.7587451338768,0.0760184218233113,0.040327632210643845,0.04245270239808223,0.040327632210643845
754.3768073916435,0.0760807549209069,0.040264237890632826,0.042384028163473114,0.040264237890632826
754.9948695898056,0.07614308801249126,0.040200990857483895,0.04231551798799378,0.040200990857483895
755.6129318475723,0.07620542111008687,0.040137890649747925,0.042247171344336754,0.040137890649747925
756.230994105339,0.07626775420768249,0.04007493682596626,0.042178987727002605,0.04007493682596626
756.8490563631058,0.0763300873052781,0.040012128940251614,0.04211096662584741,0.040012128940251614
757.4671186208725,0.07639242040287371,0.03994946654838706,0.04204310753268861,0.03994946654838706
758.0851808786392,0.07645475350046933,0.039886949207818635,0.04197540994129615,0.039886949207818635
758.703243136406,0.07651708659806494,0.03982457647764808,0.041907873347383676,0.03982457647764808
759.3213053941727,0.07657941969566057,0.0397623479186255,0.04184049724859973,0.0397623479186255
759.9393676519394,0.07664175279325618,0.03970026309314202,0.041773281144518976,0.03970026309314202
760.5574299097061,0.0767040858908518,0.039638321565222706,0.041706224536633515,0.039638321565222706
761.1754921674728,0.07676641898844741,0.039576522900519245,0.041639326928344295,0.039576522900519245
761.7935544252396,0.07682875208604302,0.039514866666302856,0.04157258782495237,0.039514866666302856
762.4116166830063,0.07689108518363864,0.03945335243145709,0.041506006733650444,0.03945335243145709
763.029678940773,0.07695341828123425,0.039391979766470846,0.041439583163514315,0.039391979766470846
763.6477411985397,0.07701575137882988,0.03933074824343127,0.041373316625494386,0.03933074824343127
764.2658034563065,0.07707808447642549,0.03926965743601668,0.04130720663240722,0.03926965743601668
764.8838657140732,0.07714041757402111,0.03920870691948972,0.04124125269892719,0.03920870691948972
765.5019279718399,0.07720275067161672,0.03914789627069032,0.041175454341578106,0.03914789627069032
766.1199902296066,0.07726508376921234,0.039087225068028766,0.04110981107872492,0.039087225068028766
766.7380524873734,0.07732741686680795,0.03902669289147892,0.0410443224305654,0.03902669289147892
767.3561146855354,0.07738974995839229,0.038966299328388854,0.04097898792541538,0.038966299328388854
767.9741769433022,0.07745208305598791,0.03890604395019055,0.040913807074512344,0.03890604395019055
768.5922392010689,0.07751441615358352,0.0388459263473384,0.04084877940981172,0.0388459263473384
769.2103014588356,0.07757674925117915,0.03878594610599226,0.04078390445876106,0.03878594610599226
769.8283637166023,0.07763908234877476,0.03872610281384167,0.04071918175060006,0.03872610281384167
770.446425974369,0.07770141544637038,0.03866639606009912,0.0406546108163526,0.03866639606009912
771.0644882321358,0.07776374854396599,0.03860682543549347,0.040590191188818806,0.03860682543549347
771.6825504899025,0.0778260816415616,0.03854739053226333,0.04052592240256705,0.03854739053226333
772.3006127476692,0.07788841473915722,0.03848809094415049,0.04046180399392611,0.03848809094415049
772.918675005436,0.07795074783675283,0.03842892626639332,0.04039783550097729,0.03842892626639332
773.5367372632027,0.07801308093434846,0.03836989609572037,0.04033401646354665,0.03836989609572037
774.1547995209694,0.07807541403194407,0.03831100003034384,0.0402703464231972,0.03831100003034384
774.7728617787361,0.07813774712953969,0.038252237669953115,0.04020682492322116,0.038252237669953115
775.3909240365028,0.0782000802271353,0.03819360861570839,0.040143451508632355,0.03819360861570839
776.0089862942696,0.07826241332473091,0.0381351124702343,0.040080225726158436,0.0381351124702343
776.6270485520363,0.07832474642232654,0.03807674883761353,0.04001714712423336,0.03807674883761353
777.245110809803,0.07838707951992215,0.03801851732338053,0.03995421525298981,0.03801851732338053
777.8631730675697,0.07844941261751777,0.03796041753451526,0.039891429664251604,0.03796041753451526
778.4812353253365,0.07851174571511338,0.03790244907943688,0.03982878991152626,0.03790244907943688
779.0992975831032,0.078574078812709,0.037844611567997524,0.039766295549997485,0.037844611567997524
779.7173597812653,0.07863641190429334,0.03778690461703505,0.03970394614252369,0.03778690461703505
780.335422039032,0.07869874500188896,0.03772932782811885,0.03964174123559313,0.03772932782811885
780.9534842967987,0.07876107809948457,0.037671880820934485,0.03957968039539364,0.037671880820934485
781.5715465545654,0.07882341119708018,0.03761456321100455,0.03951776318373997,0.03761456321100455
782.1896088123322,0.0788857442946758,0.03755737461525397,0.03945598916408634,0.03755737461525397
782.8076710700989,0.07894807739227142,0.03750031465200403,0.03939435790151922,0.03750031465200403
783.4257333278656,0.07901041048986704,0.03744338294096625,0.03933286896275017,0.03744338294096625
784.0437955856323,0.07907274358746265,0.037386579103236534,0.03927152191610861,0.037386579103236534
784.661857843399,0.07913507668505827,0.037329902761289155,0.039210316331534684,0.037329902761289155
785.2799201011658,0.07919740978265388,0.03727335353897083,0.0391492517805723,0.03727335353897083
785.8979823589325,0.07925974288024949,0.03721693106149484,0.03908832783636189,0.03721693106149484
786.5160446166992,0.07932207597784512,0.037160634955435194,0.03902754407363353,0.037160634955435194
787.1341068744659,0.07938440907544073,0.03710446484872073,0.03896690006869991,0.03710446484872073
787.7521691322327,0.07944674217303635,0.03704842037062939,0.03890639539944939,0.03704842037062939
788.3702313899994,0.07950907527063196,0.03699250115178236,0.03884602964533906,0.03699250115178236
788.9882936477661,0.07957140836822758,0.03693670682413843,0.03878580238738787,0.03693670682413843
789.6063559055328,0.0796337414658232,0.036881037020988126,0.03872571320816989,0.036881037020988126
790.2244181632996,0.07969607456341882,0.036825491376948155,0.03866576169180731,0.036825491376948155
790.8424804210663,0.07975840766101443,0.036770069527955695,0.03860594742396379,0.036770069527955695
791.460542678833,0.07982074075861004,0.036714771111262694,0.03854626999183773,0.036714771111262694
792.0786048769951,0.07988307385019439,0.036659595770745436,0.038486728989890945,0.036659595770745436
792.6966671347618,0.07994540694779,0.036604543135626805,0.0384273239968871,0.036604543135626805
793.3147293925285,0.08000774004538562,0.03654961285239664,0.03836805461033718,0.03654961285239664
793.9327916502953,0.08007007314298123,0.0364948045635104,0.03830892042351162,0.0364948045635104
794.550853908062,0.08013240624057685,0.03644011791271061,0.03824992103118232,0.03644011791271061
795.1689161658287,0.08019473933817246,0.0363855525450214,0.03819105602961621,0.0363855525450214
795.7869784235954,0.08025707243576807,0.03633110810674298,0.03813232501656861,0.03633110810674298
796.4050406813622,0.0803194055333637,0.036276784245446336,0.03807372759127683,0.036276784245446336
797.0231029391289,0.0803817386309593,0.036222580609967726,0.03801526335445366,0.036222580609967726
797.6411651968956,0.08044407172855493,0.036168496850403416,0.03795693190828108,0.036168496850403416
798.2592274546623,0.08050640482615054,0.03611453261810422,0.037898732856403744,0.03611453261810422
798.877289712429,0.08056873792374616,0.03606068756567029,0.03784066580392269,0.03606068756567029
799.4953519701958,0.08063107102134177,0.036006961346945796,0.03778273035738905,0.036006961346945796
800.1134142279625,0.08069340411893738,0.03595335361701362,0.03772492612479771,0.03595335361701362
800.7314764857292,0.08075573721653301,0.03589986403219017,0.03766725271558108,0.03589986403219017
801.3495387434959,0.08081807031412862,0.03584649225002017,0.037609709740602904,0.03584649225002017
801.9676010012627,0.08088040341172424,0.0357932379292714,0.03755229681215199,0.0357932379292714
802.5856632590294,0.08094273650931985,0.03574010072992962,0.03749501354393611,0.03574010072992962
803.2037255167961,0.08100506960691548,0.03568708031319341,0.037437859551075856,0.03568708031319341
803.8217877745628,0.08106740270451109,0.035634176341468995,0.037380834450098537,0.035634176341468995
804.4398499727249,0.08112973579609543,0.03558138848345042,0.0373239378644129,0.03558138848345042
805.0579122304916,0.08119206889369104,0.03552871639376261,0.03726716940236754,0.03552871639376261
805.6759744882584,0.08125440199128665,0.03547615974350084,0.037210528690166784,0.03547615974350084
806.2940367460251,0.08131673508888228,0.035423718199851476,0.03715401534990438,0.035423718199851476
806.9120990037918,0.08137906818647789,0.03537139143118345,0.03709762900505072,0.03537139143118345
807.5301612615585,0.08144140128407351,0.0353191791070432,0.037041369280446976,0.0353191791070432
808.1482235193253,0.08150373438166912,0.03526708089814977,0.036985235802299114,0.03526708089814977
808.766285777092,0.08156606747926474,0.03521509647638984,0.0369292281981721,0.03521509647638984
809.3843480348587,0.08162840057686035,0.035163225514812914,0.03687334609698406,0.035163225514812914
810.0024102926254,0.08169073367445596,0.0351114676876264,0.036817589129000426,0.0351114676876264
810.6204725503922,0.08175306677205159,0.035059822670190734,0.03676195692582819,0.035059822670190734
811.2385348081589,0.0818153998696472,0.03500829013901463,0.036706449120410205,0.03500829013901463
811.8565970659256,0.08187773296724282,0.034956869771750214,0.036651065347019354,0.034956869771750214
812.4746593236923,0.08194006606483843,0.03490556124718827,0.03659580524125293,0.03490556124718827
813.092721581459,0.08200239916243406,0.03485436424525349,0.03654066844002696,0.03485436424525349
813.7107838392258,0.08206473226002967,0.03480327844699974,0.03648565458157058,0.03480327844699974
814.3288460969925,0.08212706535762529,0.03475230353460536,0.0364307633054204,0.03475230353460536
814.9469083547592,0.0821893984552209,0.0347014391913684,0.036375994252414896,0.0347014391913684
815.5649706125259,0.08225173155281651,0.0346506851017021,0.036321347064688966,0.0346506851017021
816.1830328702927,0.08231406465041213,0.034600040951130125,0.036266821385668245,0.034600040951130125
816.8010951280594,0.08237639774800774,0.03454950642628197,0.036212416860063726,0.03454950642628197
817.4191573262215,0.08243873083959209,0.034499081219746056,0.03615813313909543,0.034499081219746056
818.0372195839882,0.0825010639371877,0.03444876501062402,0.03610396985955862,0.03444876501062402
818.6552818417549,0.08256339703478333,0.0343985574937036,0.036049926675228286,0.0343985574937036
819.2733440995216,0.08262573013237894,0.0343484583599919,0.035996003235902255,0.0343484583599919
819.8914063572884,0.08268806322997455,0.03429846730157915,0.035942199192636505,0.03429846730157915
820.5094686150551,0.08275039632757017,0.034248584011634144,0.0358885141977399,0.034248584011634144
821.1275308728218,0.08281272942516578,0.03419880818439975,0.03583494790476887,0.03419880818439975
821.7455931305885,0.0828750625227614,0.03414913951518857,0.035781499968522125,0.03414913951518857
822.3636553883553,0.08293739562035701,0.03409957770037841,0.03572817004503535,0.03409957770037841
822.981717646122,0.08299972871795264,0.03405012243740791,0.03567495779157599,0.03405012243740791
823.5997799038887,0.08306206181554825,0.03400077342477218,0.03562186286663809,0.03400077342477218
824.2178421616554,0.08312439491314386,0.033951530362018416,0.035568884929937025,0.033951530362018416
824.8359044194221,0.08318672801073948,0.033902392949741574,0.035516023642404346,0.033902392949741574
825.4539666771889,0.08324906110833509,0.03385336088957999,0.03546327866618273,0.03385336088957999
826.0720289349556,0.08331139420593071,0.03380443388421118,0.03541064966462076,0.03380443388421118
826.6900911927223,0.08337372730352632,0.03375561163734747,0.03535813630226788,0.03375561163734747
827.308153450489,0.08343606040112195,0.03370689385373178,0.035305738244869364,0.03370689385373178
827.9262157082558,0.08349839349871756,0.03365828023913337,0.03525345515936124,0.03365828023913337
828.5442779660225,0.08356072659631318,0.033609770500343646,0.03520128671386528,0.033609770500343646
829.1623402237892,0.08362305969390879,0.033561364345171874,0.03514923257768399,0.033561364345171874
829.7804024219513,0.08368539278549313,0.03351306148709438,0.035097292426299234,0.03351306148709438
830.398464679718,0.08374772588308875,0.033464861626627346,0.035045465921342195,0.033464861626627346
831.0165269374847,0.08381005898068436,0.03341676447927206,0.03499375274064246,0.03341676447927206
831.6345891952515,0.08387239207827998,0.03336876975686787,0.03494215255817618,0.03336876975686787
832.2526514530182,0.0839347251758756,0.03332087717225139,0.03489066504907566,0.03332087717225139
832.8707137107849,0.08399705827347122,0.033273086439252336,0.03483928988962452,0.033273086439252336
833.4887759685516,0.08405939137106683,0.033225397272689514,0.0347880267572529,0.033225397272689514
834.1068382263184,0.08412172446866244,0.03317780938836671,0.034736875330532595,0.03317780938836671
834.7249004840851,0.08418405756625806,0.03313032250306875,0.03468583528917234,0.03313032250306875
835.3429627418518,0.08424639066385367,0.03308293633455744,0.034634906314013045,0.03308293633455744
835.9610249996185,0.0843087237614493,0.03303565060156755,0.034584088087023034,0.03303565060156755
836.5790872573853,0.0843710568590449,0.03298846502380293,0.03453338029129335,0.03298846502380293
837.197149515152,0.08443338995664053,0.0329413793219325,0.03448278261103306,0.0329413793219325
837.8152117729187,0.08449572305423614,0.0328943932175863,0.034432294731564644,0.0328943932175863
838.4332740306854,0.08455805615183176,0.03284750643335163,0.03438191633931926,0.03284750643335163
839.0513362884521,0.08462038924942737,0.03280071869276914,0.03433164712183219,0.03280071869276914
839.6693985462189,0.08468272234702298,0.0327540297203289,0.034281486767738255,0.0327540297203289
840.2874608039856,0.0847450554446186,0.03270743924146662,0.03423143496676718,0.03270743924146662
840.9055230617523,0.08480738854221422,0.032660946982559766,0.03418149140973908,0.032660946982559766
841.523585319519,0.08486972163980984,0.03261455267092374,0.0341316557885599,0.03261455267092374
842.1416475176811,0.08493205473139417,0.0325682560392681,0.034081927801007474,0.0325682560392681
842.7597097754478,0.0849943878289898,0.03252205680784325,0.03403230713155461,0.03252205680784325
843.3777720332146,0.08505672092658541,0.03247595471122511,0.033982793480138725,0.03247595471122511
843.9958342909813,0.08511905402418102,0.03242994948044295,0.033933386542964294,0.03242994948044295
844.613896548748,0.08518138712177664,0.03238404084744511,0.033884086017299295,0.03238404084744511
845.2319588065147,0.08524372021937225,0.03233822854509535,0.033834891601470816,0.03233822854509535
845.8500210642815,0.08530605331696788,0.032292512307169056,0.03378580299486071,0.032292512307169056
846.4680833220482,0.08536838641456349,0.032246891868349614,0.03373681989790115,0.032246891868349614
847.0861455798149,0.08543071951215911,0.03220136696422473,0.03368794201207032,0.03220136696422473
847.7042078375816,0.08549305260975472,0.03215593733128281,0.03363916903988817,0.03215593733128281
848.3222700953484,0.08555538570735033,0.03211060270690923,0.03359050068491199,0.03211060270690923
848.9403323531151,0.08561771880494595,0.03206536282938287,0.0335419366517322,0.03206536282938287
849.5583946108818,0.08568005190254156,0.032020217437872374,0.033493476645968114,0.032020217437872374
850.1764568686485,0.08574238500013719,0.031975166272432694,0.03344512037426365,0.031975166272432694
850.7945191264153,0.0858047180977328,0.031930209074001376,0.03339686754428311,0.031930209074001376
851.412581384182,0.08586705119532842,0.03188534558439517,0.033348717864707014,0.03188534558439517
852.0306436419487,0.08592938429292403,0.0318405755463064,0.03330067104522793,0.0318405755463064
852.6487058997154,0.08599171739051965,0.031795898703299456,0.033252726796546256,0.031795898703299456
853.2667681574821,0.08605405048811526,0.03175131479980733,0.033204884830366106,0.03175131479980733
853.8848304152489,0.08611638358571087,0.0317068235811281,0.03315714485939126,0.0317068235811281
854.502892613411,0.08617871667729522,0.03166242479769876,0.03310950660191017,0.03166242479769876
855.1209548711777,0.08624104977489083,0.031618118187973776,0.03306196976342524,0.031618118187973776
855.7390171289444,0.08630338287248646,0.031573903504111954,0.03301453406421356,0.031573903504111954
856.3570793867111,0.08636571597008207,0.031529780494837276,0.03296719922093644,0.031529780494837276
856.9751416444778,0.08642804906767769,0.0314857489097216,0.03291996495123449,0.0314857489097216
857.5932039022446,0.0864903821652733,0.03144180849918134,0.03287283097372364,0.03144180849918134
858.2112661600113,0.08655271526286891,0.03139795901447408,0.0328257970079911,0.03139795901447408
858.829328417778,0.08661504836046453,0.03135420020769517,0.03277886277459138,0.03135420020769517
859.4473906755447,0.08667738145806014,0.03131053183177447,0.03273202799504241,0.03131053183177447
860.0654529333115,0.08673971455565577,0.03126695364047292,0.03268529239182157,0.03126695364047292
860.6835151910782,0.08680204765325138,0.031223465388379314,0.03263865568836176,0.031223465388379314
861.3015774488449,0.086864380750847,0.03118006683090696,0.032592117609047504,0.03118006683090696
861.9196397066116,0.08692671384844261,0.031136757724290396,0.03254567787921114,0.031136757724290396
862.5377019643784,0.08698904694603823,0.03109353782558218,0.0324993362251289,0.03109353782558218
863.1557642221451,0.08705138004363384,0.031050406892649544,0.032453092374017056,0.031050406892649544
863.7738264799118,0.08711371314122945,0.031007364684171243,0.03240694605402818,0.031007364684171243
864.3918887376785,0.08717604623882508,0.030964410959634297,0.03236089699424726,0.030964410959634297
865.0099509954453,0.08723837933642069,0.030921545479330775,0.032314944924687936,0.030921545479330775
865.628013253212,0.08730071243401631,0.03087876800435462,0.03226908957628874,0.03087876800435462
866.2460755109787,0.08736304553161192,0.030836078296598488,0.032223330680909386,0.030836078296598488
866.8641377091408,0.08742537862319627,0.0307934761228548,0.03217766797572593,0.0307934761228548
867.4821999669075,0.08748771172079188,0.03075096123838717,0.03213210118562195,0.03075096123838717
868.1002622246742,0.08755004481838749,0.030708533411578094,0.03208663004960647,0.030708533411578094
868.718324482441,0.08761237791598311,0.030666192407483493,0.03204125430318657,0.030666192407483493
869.3363867402077,0.08767471101357872,0.030623937991942306,0.031995973682771975,0.030623937991942306
869.9544489979744,0.08773704411117435,0.03058176993157339,0.03195078792567144,0.03058176993157339
870.5725112557411,0.08779937720876996,0.03053968799377249,0.031905696770089045,0.03053968799377249
871.1905735135078,0.08786171030636558,0.030497691946709104,0.031860699955120655,0.030497691946709104
871.8086357712746,0.08792404340396119,0.03045578155932346,0.0318157972207503,0.03045578155932346
872.4266980290413,0.0879863765015568,0.030413956601323525,0.03177098830784657,0.030413956601323525
873.044760286808,0.08804870959915242,0.03037221684318192,0.03172627295815907,0.03037221684318192
873.6628225445747,0.08811104269674803,0.030330562056132944,0.0316816509143149,0.030330562056132944
874.2808848023415,0.08817337579434366,0.030288992012169547,0.03163712191981508,0.030288992012169547
874.8989470601082,0.08823570889193927,0.03024750648404043,0.031592685719031066,0.03024750648404043
875.5170093178749,0.08829804198953489,0.030206105245246948,0.031548342057201216,0.030206105245246948
876.1350715756416,0.0883603750871305,0.03016478807004029,0.03150409068042737,0.03016478807004029
876.7531338334084,0.08842270818472613,0.03012355473341844,0.03145993133567133,0.03012355473341844
877.3711960911751,0.08848504128232174,0.0300824050111233,0.03141586377075141,0.0300824050111233
877.9892583489418,0.08854737437991735,0.03004133867963775,0.03137188773433906,0.03004133867963775
878.6073206067085,0.08860970747751297,0.03000035551618277,0.031328002975955394,0.03000035551618277
879.2253828644753,0.08867204057510858,0.029959455298714535,0.031284209245967795,0.029959455298714535
879.8434450626373,0.08873437366669293,0.02991863780985389,0.031240506299796772,0.02991863780985389
880.461507320404,0.08879670676428854,0.029877902821146118,0.031196893881062927,0.029877902821146118
881.0795695781708,0.08885903986188416,0.029837250116676116,0.031153371746871203,0.029837250116676116
881.6976318359375,0.08892137295947977,0.029796679477312234,0.0311099396509404,0.029796679477312234
882.3156940937042,0.08898370605707538,0.029756190684643753,0.03106659734781879,0.029756190684643753
882.933756351471,0.089046039154671,0.0297157835209781,0.031023344592880864,0.0297157835209781
883.5518186092377,0.08910837225226662,0.02967545776933806,0.03098018114232399,0.02967545776933806
884.1698808670044,0.08917070534986224,0.02963521321345894,0.030937106753165158,0.02963521321345894
884.7879431247711,0.08923303844745785,0.029595049637785843,0.030894121183237727,0.029595049637785843
885.4060053825378,0.08929537154505347,0.029554966827470913,0.030851224191188135,0.029554966827470913
886.0240676403046,0.08935770464264908,0.029514964568370536,0.030808415536472712,0.029514964568370536
886.6421298980713,0.0894200377402447,0.029475042647042628,0.030765694979354444,0.029475042647042628
887.260192155838,0.08948237083784032,0.02943520085074394,0.030723062280899736,0.02943520085074394
887.8782544136047,0.08954470393543593,0.02939543896742731,0.030680517202975273,0.02939543896742731
888.4963166713715,0.08960703703303155,0.02935575678573896,0.030638059508244827,0.02935575678573896
889.1143789291382,0.08966937013062716,0.02931615409501584,0.03059568896016606,0.02931615409501584
889.7324411869049,0.08973170322822278,0.029276630685282936,0.030553405322987438,0.029276630685282936
890.3505034446716,0.0897940363258184,0.029237186347250577,0.03051120836174506,0.029237186347250577
890.9685657024384,0.08985636942341402,0.02919782087231183,0.030469097842259547,0.02919782087231183
891.5866279602051,0.08991870252100963,0.02915853405253985,0.03042707353113294,0.02915853405253985
892.2046901583672,0.08998103561259396,0.029119325684462617,0.03038513519978594,0.029119325684462617
892.8227524161339,0.09004336871018959,0.02908019555394322,0.030343282608285286,0.02908019555394322
893.4408146739006,0.0901057018077852,0.029041143458864268,0.030301515529607383,0.029041143458864268
894.0588769316673,0.09016803490538082,0.029002169193993045,0.030259833733449242,0.029002169193993045
894.676939189434,0.09023036800297643,0.028963272554763872,0.030218236990273917,0.028963272554763872
895.2950014472008,0.09029270110057205,0.028924453337275575,0.030176725071307597,0.028924453337275575
895.9130637049675,0.09035503419816766,0.028885711338288884,0.03013529774853656,0.028885711338288884
896.5311259627342,0.09041736729576327,0.028847046355223917,0.030093954794704156,0.028847046355223917
897.149188220501,0.0904797003933589,0.028808458186157612,0.030052695983307866,0.028808458186157612
897.7672504782677,0.09054203349095451,0.028769946629821224,0.03001152108859633,0.028769946629821224
898.3853127360344,0.09060436658855013,0.028731511485597824,0.029970429885566367,0.028731511485597824
899.0033749938011,0.09066669968614574,0.028693152553519737,0.02992942214996006,0.028693152553519737
899.6214372515678,0.09072903278374136,0.028654869634266132,0.02988849765826182,0.028654869634266132
900.2394995093346,0.09079136588133697,0.028616662529160484,0.029847656187695516,0.028616662529160484
900.8575617671013,0.0908536989789326,0.028578531040168106,0.029806897516221502,0.028578531040168106
901.475624024868,0.09091603207652821,0.02854047496989372,0.029766221422533764,0.02854047496989372
902.0936862826347,0.09097836517412382,0.028502494121578993,0.02972562768605709,0.028502494121578993
902.7117485404015,0.09104069827171944,0.0284645882991001,0.029685116086944144,0.0284645882991001
903.3298107981682,0.09110303136931505,0.02842675730696528,0.029644686406072644,0.02842675730696528
903.9478730559349,0.09116536446691068,0.028389000950312444,0.029604338425042526,0.028389000950312444
904.565935254097,0.09122769755849501,0.028351319038537163,0.029564071930052473,0.028351319038537163
905.1839975118637,0.09129003065609063,0.028313711370761545,0.029523886696371966,0.028313711370761545
905.8020597696304,0.09135236375368624,0.028276177757635662,0.029483782511637916,0.028276177757635662
906.4201220273972,0.09141469685128185,0.028238718006792143,0.029443759160311063,0.028238718006792143
907.0381842851639,0.09147702994887748,0.028201331926481357,0.02940381642756039,0.028201331926481357
907.6562465429306,0.09153936304647309,0.028164019325569053,0.02936395409926036,0.028164019325569053
908.2743088006973,0.09160169614406871,0.028126780013534036,0.029324171961988197,0.028126780013534036
908.892371058464,0.09166402924166432,0.02808961380046584,0.029284469803021105,0.02808961380046584
909.5104333162308,0.09172636233925995,0.02805252049706236,0.029244847410333567,0.02805252049706236
910.1284955739975,0.09178869543685556,0.028015499914627606,0.02920530457259465,0.028015499914627606
910.7465578317642,0.09185102853445118,0.027978551865069354,0.029165841079165283,0.027978551865069354
911.364620089531,0.09191336163204679,0.02794167616089685,0.029126456720095575,0.02794167616089685
911.9826823472977,0.0919756947296424,0.02790487261521858,0.029087151286122177,0.02790487261521858
912.6007446050644,0.09203802782723802,0.027868141041739937,0.02904792456866557,0.027868141041739937
913.2188068628311,0.09210036092483363,0.02783148125476101,0.029008776359827425,0.02783148125476101
913.8368691205978,0.09216269402242926,0.02779489306917428,0.028969706452388007,0.02779489306917428
914.4549313783646,0.09222502712002487,0.02775837630046243,0.028930714639803515,0.02775837630046243
915.0729936361313,0.09228736021762049,0.02772193076469609,0.02889180071620346,0.02772193076469609
915.691055893898,0.0923496933152161,0.027685556278531594,0.02885296447638807,0.027685556278531594
916.3091181516647,0.09241202641281171,0.0276492526592088,0.02881420571582574,0.0276492526592088
916.9271803498268,0.09247435950439606,0.027613019728039704,0.02877552423437702,0.027613019728039704
917.5452426075935,0.09253669260199167,0.02757685729643615,0.028736919821378104,0.02757685729643615
918.1633048653603,0.09259902569958729,0.027540765186872953,0.02869839227802042,0.027540765186872953
918.781367123127,0.0926613587971829,0.027504743218902106,0.02865994140241918,0.027504743218902106
919.3994293808937,0.09272369189477853,0.027468791212648152,0.02862156699334493,0.027468791212648152
920.0174916386604,0.09278602499237414,0.02743290898880607,0.028583268850221083,0.02743290898880607
920.6355538964272,0.09284835808996975,0.027397096368639146,0.028545046773121314,0.027397096368639146
921.2536161541939,0.09291069118756537,0.02736135317397681,0.028506900562767157,0.02736135317397681
921.8716784119606,0.09297302428516098,0.027325679227212508,0.028468830020525422,0.027325679227212508
922.4897406697273,0.0930353573827566,0.02729007435130159,0.028430834948405814,0.02729007435130159
923.107802927494,0.09309769048035221,0.027254538369759208,0.02839291514905838,0.027254538369759208
923.7258651852608,0.09316002357794784,0.027219071106658218,0.028355070425771102,0.027219071106658218
924.3439274430275,0.09322235667554345,0.027183672386627042,0.02831730058246744,0.027183672386627042
924.9619897007942,0.09328468977313907,0.027148342034847662,0.028279605423703884,0.027148342034847662
925.580051958561,0.09334702287073468,0.027113079877053504,0.028241984754667552,0.027113079877053504
926.1981142163277,0.09340935596833029,0.02707788573952735,0.028204438381173765,0.02707788573952735
926.8161764740944,0.09347168906592591,0.027042759449099334,0.028166966109663634,0.027042759449099334
927.4342387318611,0.09353402216352152,0.027007700833144875,0.02812956774720169,0.027007700833144875
928.0523009896278,0.09359635526111715,0.02697270971958261,0.02809224310147348,0.02697270971958261
928.6703632473946,0.09365868835871276,0.026937785936872422,0.028054991980783227,0.026937785936872422
929.2884254455566,0.0937210214502971,0.026902929317371635,0.028017814197633238,0.026902929317371635
929.9064877033234,0.09378335454789272,0.026868139683893524,0.027980709554387296,0.026868139683893524
930.5245499610901,0.09384568764548833,0.026833416869874234,0.027943677864780334,0.026833416869874234
931.1426122188568,0.09390802074308395,0.02679876070591839,0.02790671893956768,0.02679876070591839
931.7606744766235,0.09397035384067956,0.026764171023161816,0.027869832590111616,0.026764171023161816
932.3787367343903,0.09403268693827518,0.026729647653269552,0.02783301862837909,0.026729647653269552
932.996798992157,0.0940950200358708,0.026695190428433876,0.027796276866939373,0.026695190428433876
933.6148612499237,0.09415735313346642,0.0266607991813724,0.027759607118961794,0.0266607991813724
934.2329235076904,0.09421968623106203,0.026626473745326056,0.02772300919821349,0.026626473745326056
934.8509857654572,0.09428201932865765,0.026592213954057174,0.027686482919057082,0.026592213954057174
935.4690480232239,0.09434435242625326,0.026558019641847556,0.02765002809644844,0.026558019641847556
936.0871102809906,0.09440668552384887,0.026523890643496546,0.027613644545934467,0.026523890643496546
936.7051725387573,0.0944690186214445,0.026489826794319094,0.02757733208365079,0.026489826794319094
937.323234796524,0.0945313517190401,0.026455827930143873,0.0275410905263196,0.026455827930143873
937.9412970542908,0.09459368481663573,0.026421893887311355,0.027504919691247368,0.026421893887311355
938.5593593120575,0.09465601791423134,0.026388024502671945,0.0274688193963227,0.026388024502671945
939.1774215698242,0.09471835101182696,0.026354219613584032,0.02743278946001409,0.026354219613584032
939.7954838275909,0.09478068410942257,0.0263204790579122,0.027396829701367732,0.0263204790579122
940.4135460853577,0.09484301720701818,0.026286802674025292,0.02736093994000537,0.026286802674025292
941.0316083431244,0.0949053503046138,0.026253190300794566,0.0273251199961221,0.026253190300794566
941.6496706008911,0.09496768340220942,0.026219641777591837,0.027289369690484202,0.026219641777591837
942.2677327990532,0.09503001649379376,0.026186156947513806,0.027253688847864645,0.026186156947513806
942.8857950568199,0.09509234959138937,0.02615273564446949,0.027218077283283706,0.02615273564446949
943.5038573145866,0.095154682688985,0.026119377712553623,0.027182534822652697,0.026119377712553623
944.1219195723534,0.09521701578658061,0.026086082993121904,0.027147061289001257,0.026086082993121904
944.7399818301201,0.09527934888417623,0.02605285132802146,0.027111656505919537,0.02605285132802146
945.3580440878868,0.09534168198177184,0.026019682559588964,0.027076320297556102,0.026019682559588964
945.9761063456535,0.09540401507936745,0.025986576530648956,0.027041052488615824,0.025986576530648956
946.5941686034203,0.09546634817696308,0.02595353308451197,0.027005852904357835,0.02595353308451197
947.212230861187,0.09552868127455869,0.02592055206497273,0.026970721370593396,0.02592055206497273
947.8302931189537,0.09559101437215431,0.025887633316308466,0.026935657713683833,0.025887633316308466
948.4483553767204,0.09565334746974992,0.025854776683277052,0.026900661760538527,0.025854776683277052
949.0664176344872,0.09571568056734554,0.02582198201111531,0.0268657333386128,0.02582198201111531
949.6844798922539,0.09577801366494115,0.025789249145537194,0.026830872275905884,0.025789249145537194
950.3025421500206,0.09584034676253676,0.025756577932732106,0.026796078400958927,0.025756577932732106
950.9206044077873,0.09590267986013239,0.025723968219363114,0.02676135154285292,0.025723968219363114
951.538666665554,0.095965012957728,0.02569141985256523,0.026726691531206697,0.02569141985256523
952.1567289233208,0.09602734605532362,0.025658932679943697,0.026692098196174914,0.025658932679943697
952.7747911810875,0.09608967915291923,0.025626506549572266,0.02665757136844609,0.025626506549572266
953.3928534388542,0.09615201225051485,0.025594141309991464,0.026623110879240564,0.025594141309991464
954.0109156966209,0.09621434534811046,0.02556183681020692,0.02658871656030853,0.02556183681020692
954.628977894783,0.0962766784396948,0.025529592902794284,0.026554388247235463,0.025529592902794284
955.2470401525497,0.09633901153729042,0.02549740943146522,0.026520125766204276,0.02549740943146522
955.8651024103165,0.09640134463488603,0.025465286249722937,0.026485928953856656,0.025465286249722937
956.4831646680832,0.09646367773248166,0.025433223208416535,0.0264517976440426,0.025433223208416535
957.1012269258499,0.09652601083007727,0.025401220158851805,0.026417731671132153,0.025401220158851805
957.7192891836166,0.09658834392767289,0.02536927695278956,0.02638373087001349,0.02536927695278956
958.3373514413834,0.0966506770252685,0.025337393442443953,0.02634979507609103,0.025337393442443953
958.9554136991501,0.09671301012286412,0.025305569480480888,0.026315924125283472,0.025305569480480888
959.5734759569168,0.09677534322045973,0.025273804920016355,0.0262821178540219,0.025273804920016355
960.1915382146835,0.09683767631805534,0.025242099614614755,0.026248376099247912,0.025242099614614755
960.8096004724503,0.09690000941565097,0.025210453418287343,0.02621469869841169,0.025210453418287343
961.427662730217,0.09696234251324658,0.025178866185490572,0.026181085489470134,0.025178866185490572
962.0457249879837,0.0970246756108422,0.02514733777112447,0.02614753631088498,0.02514733777112447
962.6637872457504,0.09708700870843781,0.02511586803053106,0.026114051001620956,0.02511586803053106
963.2818495035172,0.09714934180603343,0.025084456819492756,0.026080629401143893,0.025084456819492756
963.8999117612839,0.09721167490362904,0.025053103994230743,0.026047271349418876,0.025053103994230743
964.5179740190506,0.09727400800122465,0.025021809411403438,0.026013976686908438,0.025021809411403438
965.1360362768173,0.09733634109882028,0.024990572928104866,0.02598074525457067,0.024990572928104866
965.754098534584,0.09739867419641589,0.024959394401863132,0.025947576893857422,0.024959394401863132
966.3721607923508,0.09746100729401151,0.02492827369063879,0.025914471446712488,0.02492827369063879
966.9902229905128,0.09752334038559585,0.024897210655816238,0.025881428758753346,0.024897210655816238
967.6082852482796,0.09758567348319147,0.024866205150225053,0.025848448666529092,0.024866205150225053
968.2263475060463,0.09764800658078708,0.02483525703611239,0.02581553101663809,0.02483525703611239
968.844409763813,0.0977103396783827,0.02480436617315324,0.025782675652973833,0.02480436617315324
969.4624720215797,0.09777267277597831,0.024773532421447364,0.025749882419912752,0.024773532421447364
970.0805342793465,0.09783500587357392,0.024742755641517754,0.02571715116231247,0.024742755641517754
970.6985965371132,0.09789733897116955,0.024712035694309093,0.02568448172551003,0.024712035694309093
971.3166587948799,0.09795967206876516,0.02468137244118627,0.02565187395532011,0.02468137244118627
971.9347210526466,0.09802200516636078,0.024650765743932868,0.025619327698033285,0.024650765743932868
972.5527833104134,0.09808433826395639,0.024620215464749618,0.02558684280041431,0.024620215464749618
973.1708455681801,0.09814667136155202,0.024589721466252976,0.02555441910970033,0.024589721466252976
973.7889078259468,0.09820900445914763,0.024559283611473564,0.025522056473599192,0.024559283611473564
974.4069700837135,0.09827133755674324,0.024528901763854742,0.025489754740287713,0.024528901763854742
975.0250323414803,0.09833367065433886,0.024498575787251082,0.02545751375840996,0.024498575787251082
975.643094599247,0.09839600375193447,0.024468305545926928,0.02542533337707554,0.024468305545926928
976.2611568570137,0.09845833684953009,0.024438090904554944,0.02539321344585789,0.024438090904554944
976.8792191147804,0.0985206699471257,0.024407931728214587,0.025361153814792634,0.024407931728214587
977.4972813725471,0.09858300304472133,0.024377827882390745,0.025329154334375825,0.024377827882390745
978.1153436303139,0.09864533614231694,0.024347779232972235,0.02529721485556231,0.024347779232972235
978.7334058880806,0.09870766923991255,0.02431778564625034,0.025265335229764065,0.02431778564625034
979.3514680862427,0.0987700023314969,0.024287846991802017,0.025233515311914263,0.024287846991802017
979.9695303440094,0.0988323354290925,0.02425796313094484,0.025201754948196816,0.02425796313094484
980.5875926017761,0.09889466852668813,0.024228133934058885,0.025170053994456598,0.024228133934058885
981.2056548595428,0.09895700162428374,0.024198359269031144,0.02513841230391743,0.024198359269031144
981.8237171173096,0.09901933472187936,0.024168639004144017,0.025106829730251995,0.024168639004144017
982.4417793750763,0.09908166781947497,0.024138973008073848,0.025075306127580223,0.024138973008073848
983.059841632843,0.0991440009170706,0.024109361149889572,0.02504384135046762,0.024109361149889572
983.6779038906097,0.0992063340146662,0.024079803299051288,0.025012435253923687,0.024079803299051288
984.2959661483765,0.09926866711226182,0.024050299325408902,0.024981087693400305,0.024050299325408902
984.9140284061432,0.09933100020985744,0.024020849099200724,0.024949798524790127,0.024020849099200724
985.5320906639099,0.09939333330745305,0.023991452491052074,0.02491856760442498,0.023991452491052074
986.1501529216766,0.09945566640504867,0.02396210937197395,0.024887394789074275,0.02396210937197395
986.7682151794434,0.09951799950264428,0.023932819613361644,0.024856279935943432,0.023932819613361644
987.3862774372101,0.09958033260023991,0.02390358308699336,0.024825222902672292,0.02390358308699336
988.0043396949768,0.09964266569783552,0.023874399665028884,0.024794223547333544,0.023874399665028884
988.6224019527435,0.09970499879543113,0.023845269220008247,0.024763281728431202,0.023845269220008247
989.2404642105103,0.09976733189302675,0.02381619162485033,0.024732397304898977,0.02381619162485033
989.858526468277,0.09982966499062236,0.02378716675285159,0.02470157013609879,0.02378716675285159
990.4765887260437,0.09989199808821798,0.02375819447768467,0.02467080008181919,0.02375819447768467
991.0946509838104,0.0999543311858136,0.02372927467339712,0.024640087002273842,0.02372927467339712
991.7127131819725,0.10001666427739794,0.023700407217191417,0.02460943076105366,0.023700407217191417
992.3307754397392,0.10007899737499355,0.023671591978293077,0.024578831213305088,0.023671591978293077
992.948837697506,0.10014133047258918,0.023642828834652827,0.0245482882234671,0.023642828834652827
993.5668999552727,0.10020366357018479,0.023614117661804566,0.024517801653438514,0.023614117661804566
994.1849622130394,0.1002659966677804,0.023585458335650504,0.02448737136553566,0.023585458335650504
994.8030244708061,0.10032832976537602,0.023556850732459906,0.02445699722249091,0.023556850732459906
995.4210867285728,0.10039066286297163,0.023528294728867773,0.024426679087451105,0.023528294728867773
996.0391489863396,0.10045299596056725,0.023499790201873545,0.024396416823976152,0.023499790201873545
996.6572112441063,0.10051532905816286,0.02347133702883985,0.024366210296037496,0.02347133702883985
997.275273501873,0.10057766215575849,0.02344293508749122,0.02433605936801666,0.02344293508749122
997.8933357596397,0.1006399952533541,0.023414584255912804,0.024305963904703753,0.023414584255912804
998.5113980174065,0.10070232835094971,0.023386284412549124,0.024275923771296073,0.023386284412549124
999.1294602751732,0.10076466144854533,0.023358035436202827,0.024245938833396558,0.023358035436202827
999.7475225329399,0.10082699454614094,0.023329837206033373,0.0242160089570124,0.023329837206033373
1000.3655847907066,0.10088932764373656,0.023301689601555868,0.024186134008553576,0.023301689601555868
1000.9836470484734,0.10095166074133217,0.023273592502639755,0.024156313854831434,0.023273592502639755
1001.6017093062401,0.1010139938389278,0.023245545789507605,0.024126548363057217,0.023245545789507605
1002.2197715640068,0.10107632693652341,0.023217549342733877,0.02409683740084067,0.023217549342733877
1002.8378338217735,0.10113866003411902,0.023189603043243683,0.024067180836188615,0.023189603043243683
1003.4558960795403,0.10120099313171464,0.023161706772311587,0.024037578537503518,0.023161706772311587
1004.073958337307,0.10126332622931025,0.023133860411560337,0.024008030373582106,0.023133860411560337
1004.692020535469,0.1013256593208946,0.023106063845637962,0.023978536216455685,0.023106063845637962
1005.3100827932358,0.10138799241849021,0.023078316951498735,0.023949095930016578,0.023078316951498735
1005.9281450510025,0.10145032551608583,0.023050619614485856,0.02391970938708278,0.023050619614485856
1006.5462073087692,0.10151265861368144,0.02302297171760285,0.02389037645801404,0.02302297171760285
1007.164269566536,0.10157499171127707,0.022995373144195447,0.023861097013557365,0.022995373144195447
1007.7823318243027,0.10163732480887268,0.022967823777950397,0.02383187092484567,0.022967823777950397
1008.4003940820694,0.10169965790646829,0.02294032350289423,0.023802698063396428,0.02294032350289423
1009.0184563398361,0.10176199100406391,0.022912872203392148,0.023773578301110286,0.022912872203392148
1009.6365185976028,0.10182432410165952,0.02288546976414679,0.0237445115102697,0.02288546976414679
1010.2545808553696,0.10188665719925515,0.02285811607019712,0.023715497563537604,0.02285811607019712
1010.8726431131363,0.10194899029685076,0.02283081100691719,0.02368653633395606,0.02283081100691719
1011.490705370903,0.10201132339444638,0.022803554460015026,0.023657627694944883,0.022803554460015026
1012.1087676286697,0.10207365649204199,0.02277634631553149,0.023628771520300348,0.02277634631553149
1012.7268298864365,0.1021359895896376,0.022749186459839057,0.023599967684193843,0.022749186459839057
1013.3448921442032,0.10219832268723322,0.02272207477964073,0.023571216061170547,0.02272207477964073
1013.9629544019699,0.10226065578482883,0.02269501116196888,0.023542516526148083,0.02269501116196888
1014.5810166597366,0.10232298888242446,0.02266799549418409,0.023513868954415238,0.02266799549418409
1015.1990789175034,0.10238532198002007,0.022641027663974037,0.02348527322163067,0.022641027663974037
1015.8171411752701,0.10244765507761569,0.022614107559352364,0.02345672920382153,0.022614107559352364
1016.4352034330368,0.1025099881752113,0.022587235068657563,0.023428236777382237,0.022587235068657563
1017.0532656311989,0.10257232126679565,0.022560410083136473,0.02339979582181348,0.022560410083136473
1017.6713278889656,0.10263465436439126,0.022533632486600015,0.0233714062087547,0.022533632486600015
1018.2893901467323,0.10269698746198687,0.022506902170943706,0.023343067818439568,0.022506902170943706
1018.907452404499,0.10275932055958249,0.022480219025794206,0.02331478052871859,0.022480219025794206
1019.5255146622658,0.1028216536571781,0.022453582941097474,0.023286544217803098,0.022453582941097474
1020.1435769200325,0.10288398675477373,0.022426993807117625,0.02325835876426397,0.022426993807117625
1020.7616391777992,0.10294631985236934,0.022400451514435888,0.02323022404703042,0.022400451514435888
1021.379701435566,0.10300865294996496,0.022373955953949455,0.023202139945388656,0.022373955953949455
1021.9977636933327,0.10307098604756057,0.022347507016870456,0.02317410633898071,0.022347507016870456
1022.6158259510994,0.10313331914515618,0.022321104594724854,0.023146123107803156,0.022321104594724854
1023.2338882088661,0.1031956522427518,0.022294748579351344,0.023118190132205858,0.022294748579351344
1023.8519504666328,0.10325798534034741,0.022268438862900322,0.023090307292890754,0.022268438862900322
1024.4700127243996,0.10332031843794304,0.022242175337832796,0.023062474470910598,0.022242175337832796
1025.0880749821663,0.10338265153553865,0.02221595789691931,0.023034691547667786,0.02221595789691931
1025.706137239933,0.10344498463313427,0.022189786433238913,0.023006958404913073,0.022189786433238913
1026.3241994976997,0.10350731773072988,0.022163660840178085,0.022979274924744383,0.022163660840178085
1026.9422617554665,0.10356965082832549,0.022137581011429694,0.022951640989605625,0.022137581011429694
1027.5603240132332,0.10363198392592111,0.02211154684099192,0.02292405648228543,0.02211154684099192
1028.178386271,0.10369431702351672,0.022085558223167268,0.022896521285915978,0.022085558223167268
1028.7964485287666,0.10375665012111235,0.022059615052561484,0.022869035283971814,0.022059615052561484
1029.4145107269287,0.10381898321269668,0.022033717226577876,0.022841598362912247,0.022033717226577876
1030.0325729846954,0.10388131631029231,0.022007864635430537,0.022814210401601014,0.022007864635430537
1030.6506352424622,0.10394364940788792,0.021982057177128506,0.022786871287180915,0.021982057177128506
1031.2686975002289,0.10400598250548354,0.02195629474748024,0.022759580904484013,0.02195629474748024
1031.8867597579956,0.10406831560307915,0.0219305772425923,0.02273233913867882,0.0219305772425923
1032.5048220157623,0.10413064870067476,0.02190490455886837,0.022705145875269096,0.02190490455886837
1033.122884273529,0.10419298179827038,0.02187927659300824,0.022678001000092738,0.02187927659300824
1033.7409465312958,0.104255314895866,0.021853693242006755,0.022650904399320562,0.021853693242006755
1034.3590087890625,0.10431764799346162,0.02182815440315287,0.02262385595945517,0.02182815440315287
1034.9770710468292,0.10437998109105723,0.02180265997402863,0.022596855567329845,0.02180265997402863
1035.595133304596,0.10444231418865285,0.021777209852508157,0.022569903110107318,0.021777209852508157
1036.2131955623627,0.10450464728624846,0.02175180393675668,0.0225429984752787,0.02175180393675668
1036.8312578201294,0.10456698038384407,0.021726442125229548,0.022516141550662318,0.021726442125229548
1037.4493200778961,0.1046293134814397,0.021701124316671244,0.02248933222440258,0.021701124316671244
1038.0673823356628,0.1046916465790353,0.02167585041011439,0.02246257038496886,0.02167585041011439
1038.6854445934296,0.10475397967663093,0.021650620304878784,0.022435855921154352,0.021650620304878784
1039.3035068511963,0.10481631277422654,0.021625433900570448,0.022409188722074994,0.021625433900570448
1039.921569108963,0.10487864587182216,0.02160029109708062,0.022382568677168316,0.02160029109708062
1040.5396313667297,0.10494097896941777,0.02157519179458482,0.022355995676192335,0.02157519179458482
1041.1576936244965,0.1050033120670134,0.021550135893541888,0.022329469609224484,0.021550135893541888
1041.7757558226585,0.10506564515859773,0.021525123297103075,0.022302990369211805,0.021525123297103075
1042.3938180804253,0.10512797825619334,0.021500153901466666,0.02227655784176,0.021500153901466666
1043.011880338192,0.10519031135378897,0.021475227610349947,0.022250171920453945,0.021475227610349947
1043.6299425959587,0.10525264445138457,0.02145034432533548,0.022223832496637654,0.02145034432533548
1044.2480048537254,0.1053149775489802,0.021425503948284377,0.02219753946196907,0.021425503948284377
1044.8660671114922,0.10537731064657581,0.02140070638133539,0.02217129270841901,0.02140070638133539
1045.4841293692589,0.10543964374417143,0.021375951526903955,0.022145092128270056,0.021375951526903955
1046.1021916270256,0.10550197684176704,0.021351239287681293,0.022118937614115493,0.021351239287681293
1046.7202538847923,0.10556430993936265,0.021326569566633435,0.02209282905885826,0.021326569566633435
1047.338316142559,0.10562664303695828,0.021301942267000343,0.02206676635570988,0.021301942267000343
1047.9563784003258,0.10568897613455389,0.021277357292294963,0.022040749398189386,0.021277357292294963
1048.5744406580925,0.10575130923214951,0.021252814546302318,0.022014778080122286,0.021252814546302318
1049.1925029158592,0.10581364232974512,0.0212283139330786,0.021988852295639523,0.0212283139330786
1049.810565173626,0.10587597542734074,0.021203855356950255,0.021962971939176398,0.021203855356950255
1050.4286274313927,0.10593830852493635,0.021179438722513065,0.021937136905471548,0.021179438722513065
1051.0466896891594,0.10600064162253196,0.021155063934631277,0.021911347089565925,0.021155063934631277
1051.6647519469261,0.10606297472012759,0.021130730898436676,0.02188560238680174,0.021130730898436676
1052.2828142046928,0.1061253078177232,0.021106439519327704,0.02185990269282143,0.021106439519327704
1052.9008764624596,0.10618764091531882,0.021082189702968546,0.021834247903566643,0.021082189702968546
1053.5189387202263,0.10624997401291443,0.02105798135528829,0.02180863791527725,0.02105798135528829
1054.1370009183884,0.10631230710449878,0.021033814384808606,0.021783072626953573,0.021033814384808606
1054.755063176155,0.10637464020209439,0.021009688693324438,0.021757551930497897,0.021009688693324438
1055.3731254339218,0.10643697329969001,0.02098560418988679,0.02173207572550617,0.02098560418988679
1055.9911876916885,0.10649930639728562,0.0209615607814754,0.021706643909400896,0.0209615607814754
1056.6092499494553,0.10656163949488123,0.020937558375330505,0.02168125637989771,0.020937558375330505
1057.227312207222,0.10662397259247686,0.020913596878951928,0.021655913035004422,0.020913596878951928
1057.8453744649887,0.10668630569007247,0.020889676200098267,0.021630613773019985,0.020889676200098267
1058.4634367227554,0.10674863878766809,0.020865796246786007,0.021605358492533526,0.020865796246786007
1059.0814989805222,0.1068109718852637,0.020841956927288637,0.021580147092423365,0.020841956927288637
1059.6995612382889,0.10687330498285932,0.020818158150135848,0.021554979471856035,0.020818158150135848
1060.3176234960556,0.10693563808045493,0.02079439982411264,0.021529855530285275,0.02079439982411264
1060.9356857538223,0.10699797117805054,0.020770681858258495,0.0215047751674511,0.020770681858258495
1061.553748011589,0.10706030427564617,0.020747004161866516,0.021479738283378808,0.020747004161866516
1062.1718102693558,0.10712263737324178,0.02072336664448261,0.021454744778378,0.02072336664448261
1062.7898725271225,0.1071849704708374,0.020699769215904634,0.021429794553041653,0.020699769215904634
1063.4079347848892,0.10724730356843301,0.020676211786181533,0.02140488750824514,0.020676211786181533
1064.025997042656,0.10730963666602863,0.020652694265612566,0.021380023545145285,0.020652694265612566
1064.6440593004227,0.10737196976362424,0.02062921656474644,0.021355202565179383,0.02062921656474644
1065.2621215581894,0.10743430286121987,0.020605778594380474,0.02133042447006431,0.020605778594380474
1065.8801838159561,0.10749663595881548,0.020582380265559815,0.02130568916179552,0.020582380265559815
1066.4982460737228,0.10755896905641109,0.020559021489576588,0.021280996542646147,0.020559021489576588
1067.116308271885,0.10762130214799544,0.02053570218021605,0.021256346517541182,0.02053570218021605
1067.7343705296516,0.10768363524559105,0.020512422244764135,0.021231738984551912,0.020512422244764135
1068.3524327874184,0.10774596834318667,0.020489181597499805,0.021207173849158087,0.020489181597499805
1068.970495045185,0.10780830144078228,0.02046598015069501,0.021182651014734186,0.02046598015069501
1069.5885573029518,0.1078706345383779,0.02044281781686463,0.02115817038492769,0.02044281781686463
1070.2066195607185,0.10793296763597351,0.02041969450876567,0.021133731863658183,0.02041969450876567
1070.8246818184853,0.10799530073356912,0.020396610139396507,0.021109335355116443,0.020396610139396507
1071.442744076252,0.10805763383116475,0.02037356462199602,0.021084980763763528,0.02037356462199602
1072.0608063340187,0.10811996692876036,0.020350557870042866,0.021060667994329863,0.020350557870042866
1072.6788685917854,0.10818230002635598,0.02032758979725467,0.021036396951814338,0.02032758979725467
1073.2969308495522,0.10824463312395159,0.020304660317587226,0.02101216754148342,0.020304660317587226
1073.9149931073189,0.10830696622154722,0.020281769345233715,0.020987979668870234,0.020281769345233715
1074.5330553650856,0.10836929931914283,0.020258916794623952,0.02096383323977368,0.020258916794623952
1075.1511176228523,0.10843163241673844,0.020236102580423583,0.020939728160257576,0.020236102580423583
1075.769179880619,0.10849396551433406,0.02021332661753332,0.020915664336649695,0.02021332661753332
1076.3872421383858,0.10855629861192967,0.02019058882108817,0.02089164167554096,0.02019058882108817
1077.0053043961525,0.10861863170952529,0.02016788910645667,0.020867660083784514,0.02016788910645667
1077.6233666539192,0.1086809648071209,0.020145227389240117,0.020843719468494882,0.020145227389240117
1078.241428911686,0.10874329790471653,0.020122603585271806,0.020819819737047066,0.020122603585271806
1078.8594911694527,0.10880563100231214,0.02010001761061628,0.020795960797075675,0.02010001761061628
1079.4775533676147,0.10886796409389649,0.020077469383741255,0.020772142558769136,0.020077469383741255
1080.0956156253815,0.1089302971914921,0.020054958816822472,0.020748364925684746,0.020054958816822472
1080.7136778831482,0.1089926302890877,0.020032485828789994,0.020724627808529746,0.020032485828789994
1081.331740140915,0.10905496338668333,0.020010050336625798,0.02070093111596863,0.020010050336625798
1081.9498023986816,0.10911729648427894,0.019987652257539342,0.020677274756921188,0.019987652257539342
1082.5678646564484,0.10917962958187456,0.019965291508966816,0.0206536586405617,0.019965291508966816
1083.185926914215,0.10924196267947017,0.01994296800857044,0.020630082676318075,0.01994296800857044
1083.8039891719818,0.1093042957770658,0.019920681674237703,0.020606546773870995,0.019920681674237703
1084.4220514297485,0.1093666288746614,0.01989843242408061,0.020583050843153098,0.01989843242408061
1085.0401136875153,0.10942896197225702,0.019876220176434988,0.020559594794348136,0.019876220176434988
1085.658175945282,0.10949129506985264,0.019854044849859746,0.02053617853789012,0.019854044849859746
1086.2762382030487,0.10955362816744825,0.01983190636313612,0.02051280198446252,0.01983190636313612
1086.8943004608154,0.10961596126504387,0.019809804635267013,0.020489465044997414,0.019809804635267013
1087.5123627185822,0.10967829436263948,0.019787739585476197,0.020466167630674693,0.019787739585476197
1088.1304249763489,0.10974062746023511,0.019765711133207676,0.020442909652921205,0.019765711133207676
1088.7484872341156,0.10980296055783072,0.019743719198124888,0.020419691023409958,0.019743719198124888
1089.3665494918823,0.10986529365542634,0.019721763700110074,0.02039651165405932,0.019721763700110074
1089.984611749649,0.10992762675302195,0.019699844559263515,0.02037337145703217,0.019699844559263515
1090.6026740074158,0.10998995985061756,0.01967796169590284,0.02035027034473512,0.01967796169590284
1091.2207362651825,0.11005229294821318,0.019656115030562325,0.020327208229817696,0.019656115030562325
1091.8387984633446,0.11011462603979752,0.01963430448609382,0.020304185027389992,0.01963430448609382
1092.4568607211113,0.11017695913739314,0.019612529979256072,0.02028120064614435,0.019612529979256072
1093.074922978878,0.11023929223498875,0.01959079143333419,0.020258255001676453,0.01959079143333419
1093.6929852366447,0.11030162533258438,0.01956908876972206,0.02023534800759952,0.01956908876972206
1094.3110474944115,0.11036395843017999,0.019547421910026716,0.0202124795777657,0.019547421910026716
1094.9291097521782,0.1104262915277756,0.019525790776067673,0.020189649626265304,0.019525790776067673
1095.547172009945,0.11048862462537122,0.01950419528987623,0.020166858067426022,0.01950419528987623
1096.1652342677116,0.11055095772296683,0.019482635373694813,0.02014410481581213,0.019482635373694813
1096.7832965254784,0.11061329082056245,0.019461110949976254,0.02012138978622369,0.019461110949976254
1097.401358783245,0.11067562391815806,0.019439621941383142,0.02009871289369584,0.019439621941383142
1098.0194210410118,0.11073795701575369,0.01941816827078715,0.02007607405349796,0.01941816827078715
1098.6374832987785,0.1108002901133493,0.019396749861268336,0.02005347318113292,0.019396749861268336
1099.2555455565453,0.11086262321094491,0.0193753666361145,0.02003091019233634,0.0193753666361145
1099.873607814312,0.11092495630854053,0.01935401851882049,0.020008385003075797,0.01935401851882049
1100.4916700720787,0.11098728940613614,0.01933270543308758,0.019985897529550063,0.01933270543308758
1101.1097323298454,0.11104962250373177,0.019311427302822735,0.01996344768818837,0.019311427302822735
1101.7277945876122,0.11111195560132738,0.01929018405213803,0.019941035395649658,0.01929018405213803
1102.3458568453789,0.111174288698923,0.019268975605349934,0.019918660568821793,0.019268975605349934
1102.9639191031456,0.11123662179651861,0.019247801886978683,0.01989632312482083,0.019247801886978683
1103.5819813609123,0.11129895489411423,0.01922666282174762,0.019874022980990294,0.01922666282174762
1104.2000435590744,0.11136128798569857,0.019205558336616153,0.019851760057045604,0.019205558336616153
1104.8181058168411,0.11142362108329418,0.019184488352641343,0.019829534266488952,0.019184488352641343
1105.4361680746078,0.1114859541808898,0.019163452797188882,0.019807345529490556,0.019163452797188882
1106.0542303323746,0.11154828727848541,0.019142451595788063,0.019785193764296313,0.019142451595788063
1106.6722925901413,0.11161062037608104,0.019121484674168042,0.019763078889375885,0.019121484674168042
1107.290354847908,0.11167295347367664,0.0191005519582572,0.019741000823421978,0.0191005519582572
1107.9084171056747,0.11173528657127227,0.019079653374182545,0.019718959485349602,0.019079653374182545
1108.5264793634415,0.11179761966886788,0.01905878884826903,0.01969695479429533,0.01905878884826903
1109.1445416212082,0.11185995276646349,0.019037958307038954,0.01967498666961662,0.019037958307038954
1109.762603878975,0.11192228586405911,0.019017161677211313,0.019653055030891063,0.019017161677211313
1110.3806661367416,0.11198461896165472,0.018996398885701184,0.019631159797915677,0.018996398885701184
1110.9987283945084,0.11204695205925035,0.018975669859619106,0.019609300890706186,0.018975669859619106
1111.616790652275,0.11210928515684596,0.01895497452627043,0.019587478229496344,0.01895497452627043
1112.2348529100418,0.11217161825444158,0.01893431281315473,0.01956569173473718,0.01893431281315473
1112.8529151678085,0.11223395135203719,0.018913684647965178,0.01954394132709631,0.018913684647965178
1113.4709774255753,0.11229628444963281,0.018893089958587902,0.019522226927457267,0.018893089958587902
1114.089039683342,0.11235861754722842,0.018872528673101414,0.019500548456918752,0.018872528673101414
1114.7071019411087,0.11242095064482403,0.01885200071977597,0.019478905836793965,0.01885200071977597
1115.3251641988754,0.11248328374241966,0.018831506027072974,0.019457298988609904,0.018831506027072974
1115.9432264566422,0.11254561684001527,0.01881104452364435,0.019435727834106683,0.01881104452364435
1116.5612886548042,0.11260794993159962,0.018790616140300448,0.01941419229731195,0.018790616140300448
1117.179350912571,0.11267028302919523,0.018770220802132333,0.019392692296236292,0.018770220802132333
1117.7974131703377,0.11273261612679085,0.018749858440331602,0.019371227755333568,0.018749858440331602
1118.4154754281044,0.11279494922438646,0.018729528984306305,0.019349798597189452,0.018729528984306305
1119.0335376858711,0.11285728232198207,0.018709232363652045,0.0193284047445993,0.018709232363652045
1119.6515999436378,0.11291961541957769,0.01868896850815137,0.019307046120567488,0.01868896850815137
1120.2696622014046,0.1129819485171733,0.018668737347773155,0.019285722648306726,0.018668737347773155
1120.8877244591713,0.11304428161476893,0.018648538812672064,0.019264434251237382,0.018648538812672064
1121.505786716938,0.11310661471236454,0.018628372833187933,0.019243180852986836,0.018628372833187933
1122.1238489747047,0.11316894780996016,0.01860823933984517,0.019221962377388793,0.01860823933984517
1122.7419112324715,0.11323128090755577,0.018588138263352216,0.01920077874848261,0.018588138263352216
1123.3599734902382,0.11329361400515138,0.018568069534600922,0.01917962989051268,0.018568069534600922
1123.978035748005,0.113355947102747,0.018548033084666005,0.019158515727927726,0.018548033084666005
1124.5960980057716,0.11341828020034261,0.018528028844804433,0.019137436185380153,0.018528028844804433
1125.2141602635384,0.11348061329793824,0.01850805674645489,0.01911639118772542,0.01850805674645489
1125.832222521305,0.11354294639553385,0.01848811672123719,0.019095380660021356,0.01848811672123719
1126.4502847790718,0.11360527949312947,0.018468208700951682,0.019074404527527542,0.018468208700951682
1127.0683470368385,0.11366761259072508,0.018448332617578733,0.01905346271570463,0.018448332617578733
1127.6864092946053,0.1137299456883207,0.018428488403278112,0.01903255515021374,0.018428488403278112
1128.304471552372,0.11379227878591631,0.018408675990388455,0.01901168175691577,0.018408675990388455
1128.9225338101387,0.11385461188351192,0.01838889531142669,0.018990842461870792,0.01838889531142669
1129.5405960083008,0.11391694497509627,0.01836914630099052,0.0189700371933422,0.01836914630099052
1130.1586582660675,0.11397927807269188,0.0183494288881427,0.01894926587377364,0.0183494288881427
1130.7767205238342,0.11404161117028751,0.018329743007837778,0.018928528431826918,0.018329743007837778
1131.394782781601,0.11410394426788312,0.0183100885933003,0.018907824794352424,0.0183100885933003
1132.0128450393677,0.11416627736547874,0.018290465577930334,0.018887154888396526,0.018290465577930334
1132.6309072971344,0.11422861046307435,0.018270873895302915,0.018866518641200987,0.018270873895302915
1133.2489695549011,0.11429094356066996,0.0182513134791675,0.018845915980202306,0.0182513134791675
1133.8670318126678,0.11435327665826558,0.01823178426344742,0.01882534683303113,0.01823178426344742
1134.4850940704346,0.1144156097558612,0.018212286182239353,0.018804811127511607,0.018212286182239353
1135.1031563282013,0.11447794285345682,0.018192819169812743,0.018784308791660778,0.018192819169812743
1135.721218585968,0.11454027595105243,0.018173383160609305,0.018763839753687984,0.018173383160609305
1136.3392808437347,0.11460260904864805,0.01815397808924247,0.01874340394199422,0.01815397808924247
1136.9573431015015,0.11466494214624366,0.018134603890496825,0.018723001285171546,0.018134603890496825
1137.5754053592682,0.11472727524383929,0.018115260499327622,0.018702631712002486,0.018115260499327622
1138.193467617035,0.1147896083414349,0.01809594785086022,0.0186822951514594,0.01809594785086022
1138.8115298748016,0.1148519414390305,0.01807666588038955,0.018661991532703898,0.01807666588038955
1139.4295921325684,0.11491427453662613,0.018057414523379608,0.018641720785086233,0.018057414523379608
1140.047654390335,0.11497660763422174,0.018038193715462916,0.01862148283814472,0.018038193715462916
1140.6657166481018,0.11503894073181736,0.018019003392439996,0.018601277621605104,0.018019003392439996
1141.2837789058685,0.11510127382941297,0.017999843490278847,0.01858110506538,0.017999843490278847
1141.9018411040306,0.11516360692099732,0.017980713946957785,0.018560965101508974,0.017980713946957785
1142.5199033617973,0.11522594001859293,0.017961614695088602,0.01854085765639207,0.017961614695088602
1143.137965619564,0.11528827311618854,0.01794254567298489,0.018520782662442746,0.01794254567298489
1143.7560278773308,0.11535060621378417,0.017923506817279396,0.018500740050315156,0.017923506817279396
1144.3740901350975,0.11541293931137978,0.017904498064769753,0.018480729750847358,0.017904498064769753
1144.9921523928642,0.1154752724089754,0.01788551935241799,0.018460751695060743,0.01788551935241799
1145.610214650631,0.11553760550657101,0.017866570617349992,0.018440805814159484,0.017866570617349992
1146.2282769083977,0.11559993860416663,0.01784765179685503,0.018420892039529922,0.01784765179685503
1146.8463391661644,0.11566227170176224,0.017828762828385233,0.01840101030273999,0.017828762828385233
1147.4644014239311,0.11572460479935785,0.01780990364955508,0.0183811605355387,0.01780990364955508
1148.0824636816978,0.11578693789695348,0.017791074198140914,0.018361342669855483,0.017791074198140914
1148.7005259394646,0.11584927099454909,0.01777227441208044,0.018341556637799687,0.01777227441208044
1149.3185881972313,0.11591160409214471,0.017753504229472205,0.018321802371659986,0.017753504229472205
1149.936650454998,0.11597393718974032,0.01773476358857513,0.018302079803903828,0.01773476358857513
1150.5547127127647,0.11603627028733594,0.017716052427807993,0.018282388867176858,0.017716052427807993
1151.1727749705315,0.11609860338493155,0.01769737068574895,0.018262729494302358,0.01769737068574895
1151.7908372282982,0.11616093648252718,0.017678718301135033,0.018243101618280706,0.017678718301135033
1152.408899486065,0.11622326958012279,0.017660095212861666,0.0182235051722888,0.017660095212861666
1153.0269617438316,0.1162856026777184,0.017641501359982183,0.01820394008967952,0.017641501359982183
1153.6450240015984,0.11634793577531402,0.01762293668170732,0.018184406303981156,0.01762293668170732
1154.2630861997604,0.11641026886689836,0.01760440111919089,0.018164903750776177,0.01760440111919089
1154.8811484575272,0.11647260196449398,0.017585894608381957,0.018145432360180496,0.017585894608381957
1155.4992107152939,0.11653493506208959,0.017567417090749556,0.01812599206812769,0.017567417090749556
1156.1172729730606,0.11659726815968521,0.017548968506129265,0.018106582808842267,0.017548968506129265
1156.7353352308273,0.11665960125728082,0.017530548794511686,0.01808720451672142,0.017530548794511686
1157.353397488594,0.11672193435487643,0.01751215789604195,0.0180678571263345,0.01751215789604195
1157.9714597463608,0.11678426745247206,0.01749379575101924,0.018048540572422486,0.01749379575101924
1158.5895220041275,0.11684660055006767,0.017475462299896345,0.01802925478989741,0.017475462299896345
1159.2075842618942,0.11690893364766329,0.017457157483279168,0.018009999713841856,0.017457157483279168
1159.825646519661,0.1169712667452589,0.01743888124192625,0.017990775279508434,0.01743888124192625
1160.4437087774277,0.11703359984285452,0.01742063351674832,0.01797158142231921,0.01742063351674832
1161.0617710351944,0.11709593294045013,0.01740241424880782,0.017952418077865216,0.01740241424880782
1161.6798332929611,0.11715826603804576,0.017384223379318452,0.017933285181905907,0.017384223379318452
1162.2978955507278,0.11722059913564137,0.017366060849644694,0.01791418267036864,0.017366060849644694
1162.9159578084946,0.11728293223323698,0.017347926601301356,0.017895110479348136,0.017347926601301356
1163.5340200662613,0.1173452653308326,0.017329820575953125,0.017876068545105987,0.017329820575953125
1164.152082324028,0.11740759842842821,0.017311742715414077,0.017857056804070123,0.017311742715414077
1164.7701445817947,0.11746993152602384,0.017293692961647265,0.01783807519283428,0.017293692961647265
1165.3882068395615,0.11753226462361945,0.01727567125676423,0.017819123648157513,0.01727567125676423
1166.0062690973282,0.11759459772121507,0.017257677543024562,0.017800202106963658,0.017257677543024562
1166.6243312954903,0.1176569308127994,0.017239711764566682,0.017781310508161268,0.017239711764566682
1167.242393553257,0.11771926391039501,0.017221773860479763,0.01776244878535849,0.017221773860479763
1167.8604558110237,0.11778159700799064,0.017203863775198773,0.017743616877793796,0.017203863775198773
1168.4785180687904,0.11784393010558625,0.017185981451570978,0.01772481472304509,0.017185981451570978
1169.0965803265572,0.11790626320318187,0.01716812683258948,0.017706042258852524,0.01716812683258948
1169.7146425843239,0.11796859630077748,0.017150299861392722,0.017687299423118013,0.017150299861392722
1170.3327048420906,0.1180309293983731,0.017132500481264083,0.017668586153904705,0.017132500481264083
1170.9507670998573,0.11809326249596871,0.01711472863563141,0.017649902389436506,0.01711472863563141
1171.568829357624,0.11815559559356432,0.017096984268066606,0.017631248068097564,0.017096984268066606
1172.1868916153908,0.11821792869115995,0.017079267322285176,0.017612623128431797,0.017079267322285176
1172.8049538731575,0.11828026178875556,0.017061577742145784,0.01759402750914238,0.017061577742145784
1173.4230161309242,0.11834259488635118,0.01704391547164984,0.01757546114909125,0.01704391547164984
1174.041078388691,0.11840492798394679,0.017026280454941065,0.01755692398729864,0.017026280454941065
1174.6591406464577,0.11846726108154242,0.017008672636305032,0.017538415962942568,0.017008672636305032
1175.2772029042244,0.11852959417913803,0.016991091960168767,0.017519937015358353,0.016991091960168767
1175.8952651619911,0.11859192727673365,0.01697353837110031,0.017501487084038144,0.01697353837110031
1176.5133274197578,0.11865426037432926,0.016956011813808302,0.017483066108630423,0.016956011813808302
1177.1313896775246,0.11871659347192487,0.01693851223314152,0.017464674028939534,0.01693851223314152
1177.7494519352913,0.1187789265695205,0.0169210395740885,0.017446310784925183,0.0169210395740885
1178.367514193058,0.1188412596671161,0.0169035937817771,0.017427976316702003,0.0169035937817771
1178.98557639122,0.11890359275870045,0.016886174803152607,0.017409670566303007,0.016886174803152607
1179.6036386489868,0.11896592585629606,0.016868782580260564,0.017391393470620454,0.016868782580260564
1180.2217009067535,0.11902825895389169,0.01685141706032539,0.017373144971997555,0.01685141706032539
1180.8397631645203,0.1190905920514873,0.016834078189028018,0.017354925011163785,0.016834078189028018
1181.457825422287,0.1191529251490829,0.0168167659121866,0.017336733529001135,0.0168167659121866
1182.0758876800537,0.11921525824667853,0.016799480175756113,0.01731857046654368,0.016799480175756113
1182.6939499378204,0.11927759134427414,0.01678222092582794,0.01730043576497709,0.01678222092582794
1183.3120121955872,0.11933992444186976,0.016764988108629433,0.017282329365638165,0.016764988108629433
1183.9300744533539,0.11940225753946537,0.01674778167052357,0.01726425121001439,0.01674778167052357
1184.5481367111206,0.119464590637061,0.016730601558008477,0.01724620123974345,0.016730601558008477
1185.1661989688873,0.1195269237346566,0.01671344771771706,0.017228179396612787,0.01671344771771706
1185.784261226654,0.11958925683225223,0.016696320096416584,0.01721018562255914,0.016696320096416584
1186.4023234844208,0.11965158992984784,0.01667921864100829,0.017192219859668092,0.01667921864100829
1187.0203857421875,0.11971392302744345,0.016662143298526978,0.01717428205017359,0.016662143298526978
1187.6384479999542,0.11977625612503907,0.0166450940161406,0.017156372136457525,0.0166450940161406
1188.256510257721,0.11983858922263468,0.01662807074114987,0.01713849006104928,0.01662807074114987
1188.8745725154877,0.11990092232023031,0.016611073420987884,0.01712063576662523,0.016611073420987884
1189.4926347732544,0.11996325541782592,0.016594102003219677,0.017102809196008366,0.016594102003219677
1190.1106970310211,0.12002558851542154,0.016577156435541883,0.017085010292167798,0.016577156435541883
1190.7287592887878,0.12008792161301715,0.016560236665782303,0.017067238998218326,0.016560236665782303
1191.3468215465546,0.12015025471061276,0.016543342641899522,0.017049495257419982,0.016543342641899522
1191.9648837447166,0.12021258780219711,0.01652647431360804,0.01703177901488483,0.01652647431360804
1192.5829460024834,0.12027492089979272,0.016509631625873353,0.01701409021074503,0.016509631625873353
1193.20100826025,0.12033725399738834,0.016492814528672066,0.016996428790403566,0.016492814528672066
1193.8190705180168,0.12039958709498395,0.01647602297048201,0.016978794697697065,0.01647602297048201
1194.4371327757835,0.12046192019257958,0.016459256899909878,0.016961187876605187,0.016459256899909878
1195.0551950335503,0.12052425329017519,0.01644251626569082,0.01694360827125022,0.01644251626569082
1195.673257291317,0.1205865863877708,0.01642580101668806,0.016926055825896635,0.01642580101668806
1196.2913195490837,0.12064891948536642,0.01640911110189253,0.016908530484950654,0.01640911110189253
1196.9093818068504,0.12071125258296203,0.01639244647042247,0.016891032192959825,0.01639244647042247
1197.5274440646172,0.12077358568055765,0.016375807071523068,0.016873560894612578,0.016375807071523068
1198.1455063223839,0.12083591877815326,0.01635919285456606,0.016856116534737828,0.01635919285456606
1198.7635685801506,0.12089825187574889,0.016342603769049373,0.01683869905830452,0.016342603769049373
1199.3816308379173,0.1209605849733445,0.016326039764596754,0.016821308410421214,0.016326039764596754
1199.999693095684,0.12102291807094012,0.016309500790957363,0.016803944536335682,0.016309500790957363
1200.6177553534508,0.12108525116853573,0.016292986798005445,0.016786607381434452,0.016292986798005445
1201.2358176112175,0.12114758426613134,0.016276497735739935,0.016769296891242427,0.016276497735739935
1201.8538798689842,0.12120991736372697,0.01626003355428407,0.01675201301142243,0.01626003355428407
1202.471942126751,0.12127225046132258,0.01624359420388507,0.016734755687774824,0.01624359420388507
1203.0900043845177,0.1213345835589182,0.016227179634913717,0.016717524866237062,0.016227179634913717
1203.7080666422844,0.12139691665651381,0.016210789797864035,0.0167003204928833,0.016210789797864035
1204.3261288404465,0.12145924974809816,0.01619442464492992,0.01668314251557932,0.01619442464492992
1204.9441910982132,0.12152158284569377,0.016178084123694297,0.016665990877358206,0.016178084123694297
1205.56225335598,0.12158391594328938,0.016161768186598067,0.016648865526359607,0.016161768186598067
1206.1803156137466,0.121646249040885,0.0161454767846245,0.016631766409200353,0.0161454767846245
1206.7983778715134,0.12170858213848061,0.016129209868878253,0.016614693472631913,0.016129209868878253
1207.41644012928,0.12177091523607624,0.016112967390585053,0.016597646663539994,0.016112967390585053
1208.0345023870468,0.12183324833367185,0.016096749301091322,0.016580625928944156,0.016096749301091322
1208.6525646448135,0.12189558143126747,0.016080555551863805,0.016563631215997385,0.016080555551863805
1209.2706269025803,0.12195791452886308,0.016064386094489236,0.016546662471985708,0.016064386094489236
1209.888689160347,0.1220202476264587,0.016048240880673983,0.016529719644327794,0.016048240880673983
1210.5067514181137,0.12208258072405431,0.01603211986224368,0.01651280268057454,0.01603211986224368
1211.1248136758804,0.12214491382164992,0.016016022991142898,0.016495911528408704,0.016016022991142898
1211.7428759336472,0.12220724691924555,0.015999950219434768,0.016479046135644465,0.015999950219434768
1212.3609381914139,0.12226958001684116,0.01598390149930066,0.016462206450227085,0.01598390149930066
1212.9790004491806,0.12233191311443678,0.015967876783039816,0.01644539242023247,0.015967876783039816
1213.5970627069473,0.12239424621203239,0.015951876023069012,0.0164286039938668,0.015951876023069012
1214.215124964714,0.12245657930962801,0.01593589917192221,0.01641184111946615,0.01593589917192221
1214.8331872224808,0.12251891240722362,0.015919946182250212,0.016395103745496062,0.015919946182250212
1215.4512494802475,0.12258124550481923,0.01590401700682032,0.016378391820551202,0.01590401700682032
1216.0693117380142,0.12264357860241486,0.015888111598516,0.01636170529335495,0.015888111598516
1216.6873739361763,0.12270591169399919,0.01587222991186698,0.01634504411436458,0.01587222991186698
1217.305436193943,0.12276824479159482,0.015856371896924824,0.016328408229346218,0.015856371896924824
1217.9234984517097,0.12283057788919043,0.015840537508452164,0.016311797589015107,0.015840537508452164
1218.5415607094765,0.12289291098678605,0.015824726699793703,0.016295212142605674,0.015824726699793703
1219.1596229672432,0.12295524408438166,0.015808939424408593,0.016278651839479172,0.015808939424408593
1219.77768522501,0.12301757718197727,0.01579317563587013,0.016262116629123264,0.01579317563587013
1220.3957474827766,0.1230799102795729,0.015777435287865408,0.016245606461151706,0.015777435287865408
1221.0138097405434,0.1231422433771685,0.01576171833419497,0.016229121285303915,0.01576171833419497
1221.63187199831,0.12320457647476413,0.015746024728772515,0.01621266105144461,0.015746024728772515
1222.2499342560768,0.12326690957235974,0.01573035442562452,0.016196225709563465,0.01573035442562452
1222.8679965138435,0.12332924266995536,0.015714707378889956,0.01617981520977471,0.015714707378889956
1223.4860587716103,0.12339157576755097,0.015699083542819924,0.016163429502316775,0.015699083542819924
1224.104121029377,0.1234539088651466,0.01568348287177735,0.016147068537551913,0.01568348287177735
1224.7221832871437,0.1235162419627422,0.015667905320236663,0.01613073226596583,0.015667905320236663
1225.3402455449104,0.12357857506033781,0.01565235084278343,0.016114420638167343,0.01565235084278343
1225.9583078026772,0.12364090815793344,0.01563681939411409,0.016098133604887974,0.01563681939411409
1226.5763700604439,0.12370324125552905,0.015621310929035591,0.01608187111698163,0.015621310929035591
1227.1944323182106,0.12376557435312467,0.015605825402465075,0.016065633125424215,0.015605825402465075
1227.8124945759773,0.12382790745072028,0.015590362769429577,0.01604941958131326,0.015590362769429577
1228.430556833744,0.1238902405483159,0.015574922985065683,0.0160332304358676,0.015574922985065683
1229.0486190319061,0.12395257363990024,0.015559506006104902,0.016017065641984702,0.015559506006104902
1229.6666812896729,0.12401490673749585,0.015544111784928427,0.01600092514800708,0.015544111784928427
1230.2847435474396,0.12407723983509147,0.015528740278487494,0.015984808907075335,0.015528740278487494
1230.9028058052063,0.12413957293268708,0.015513391442353768,0.015968716870889837,0.015513391442353768
1231.520868062973,0.12420190603028271,0.015498065232206861,0.015952648991270454,0.015498065232206861
1232.1389303207397,0.12426423912787832,0.015482761603834078,0.015936605220156216,0.015482761603834078
1232.7569925785065,0.12432657222547394,0.015467480513130072,0.01592058550960494,0.015467480513130072
1233.3750548362732,0.12438890532306955,0.015452221916096536,0.015904589811792887,0.015452221916096536
1233.99311709404,0.12445123842066518,0.015436985768841885,0.015888618079014417,0.015436985768841885
1234.6111793518066,0.12451357151826078,0.01542177202758097,0.015872670263681644,0.01542177202758097
1235.2292416095734,0.1245759046158564,0.015406580648634774,0.01585674631832408,0.015406580648634774
1235.84730386734,0.12463823771345202,0.015391411588430048,0.01584084619558829,0.015391411588430048
1236.4653661251068,0.12470057081104763,0.01537626480349908,0.015824969848237568,0.01537626480349908
1237.0834283828735,0.12476290390864325,0.015361140250479351,0.015809117229151563,0.015361140250479351
1237.7014906406403,0.12482523700623886,0.015346037886113233,0.015793288291325952,0.015346037886113233
1238.319552898407,0.12488757010383449,0.015330957667247697,0.01577748298787211,0.015330957667247697
1238.9376151561737,0.1249499032014301,0.015315899550833983,0.015761701272016752,0.015315899550833983
1239.5556774139404,0.12501223629902572,0.015300863493927353,0.015745943097101606,0.015300863493927353
1240.1737396717072,0.12507456939662132,0.01528584945368674,0.01573020841658307,0.01528584945368674
1240.7918019294739,0.12513690249421694,0.015270857387374473,0.015714497184031877,0.015270857387374473
1241.409864127636,0.1251992355858013,0.01525588725379861,0.015698809354644537,0.01525588725379861
1242.0279263854027,0.1252615686833969,0.015240939007540002,0.015683144879193662,0.015240939007540002
1242.6459886431694,0.1253239017809925,0.015226012607614125,0.015667503713105012,0.015226012607614125
1243.2640509009361,0.12538623487858813,0.015211108011693895,0.015651885810403332,0.015211108011693895
1243.8821131587029,0.12544856797618376,0.015196225177554172,0.01563629112522603,0.015196225177554172
1244.5001754164696,0.12551090107377935,0.015181364063071419,0.01562071961182287,0.015181364063071419
1245.1182376742363,0.12557323417137498,0.01516652462622343,0.015605171224555623,0.01516652462622343
1245.736299932003,0.1256355672689706,0.01515170682508905,0.015589645917897747,0.01515170682508905
1246.3543621897697,0.12569790036656622,0.015136910617847854,0.015574143646434072,0.015136910617847854
1246.9724244475365,0.12576023346416182,0.015122135962779898,0.015558664364860446,0.015122135962779898
1247.5904867053032,0.12582256656175744,0.015107382818265382,0.015543208027983445,0.015107382818265382
