rank,region_id,k,L_over_R,candidate_set_size,max_subset_size,subset_modes,s_min,F_min,F_eval_used,avg_ER_sum_dB,min_ER_sum_dB,avg_separation_efficiency,min_separation_efficiency,geometry_gap_to_target,feasible_under_budget,tau_min_at_budget,is_max_subset_for_k,max_subset_size_for_k,subset_size_gap_to_k_max,k_region_start,k_region_end,region_point_count
1,R015,0.28071999999999997,0.595911572413141,12,8,"[1,10,18,22,27,31,37,46]",0.10488000000000086,28.604118993134776,32.0,12.714076689350904,12.012138919598904,0.9488109575779827,0.940804910239026,0.09591157241314097,True,3.3561600000000276,True,8,0,0.2803866666666666,0.28121999999999997,35
2,R243,0.28071999999999997,0.595911572413141,12,8,"[1,6,10,18,22,27,37,46]",0.10488000000000075,28.604118993134808,32.0,12.707710984947266,12.092293524308884,0.9489297955625202,0.9418244360773701,0.09591157241314097,True,3.356160000000024,True,8,0,0.2803866666666666,0.28121999999999997,35
3,R014,0.2749933333333333,0.5781965463552693,12,8,"[1,10,18,22,27,31,37,46]",0.09997333333333369,30.008002133902266,32.0,12.577895544983578,12.269553141738548,0.9475408282670784,0.9440208533503135,0.07819654635526929,True,3.199146666666678,True,8,0,0.27343999999999996,0.27515999999999996,94
4,R241,0.2749933333333333,0.5781965463552693,12,8,"[1,6,10,18,22,27,31,37]",0.09997333333333303,30.008002133902465,32.0,12.57670616742778,12.274269914697687,0.9475290545456101,0.9440782199483091,0.07819654635526929,True,3.199146666666657,True,8,0,0.27343999999999996,0.27515999999999996,94
5,R158,0.25332666666666664,0.5104502705748287,12,7,"[1,4,6,15,37,40,46]",0.11975999999999903,25.050100200401005,32.0,13.907703211312539,13.053110842928016,0.9605068161281209,0.952826019422837,0.010450270574828724,True,3.832319999999969,True,7,0,0.25262666666666667,0.25399999999999995,57
6,R202,0.25332666666666664,0.5104502705748287,12,7,"[1,4,6,27,37,40,46]",0.11975999999999903,25.050100200401005,32.0,13.972677674871573,13.041368629208442,0.9609364641321818,0.9527043409976272,0.010450270574828724,True,3.832319999999969,True,7,0,0.25262666666666667,0.25399999999999995,57
7,R213,0.25332666666666664,0.5104502705748287,12,7,"[1,4,6,31,37,40,46]",0.11975999999999903,25.050100200401005,32.0,13.953104168955912,13.035607225106318,0.9607697215315426,0.9526445295536511,0.010450270574828724,True,3.832319999999969,True,7,0,0.25262666666666667,0.25399999999999995,57
8,R049,0.25332666666666664,0.5104502705748287,12,7,"[1,4,10,15,37,40,46]",0.11975999999999898,25.050100200401015,32.0,13.86303706060647,13.079635365388837,0.96016027776082,0.9530997848531055,0.010450270574828724,True,3.8323199999999673,True,7,0,0.25262666666666667,0.25399999999999995,57
9,R077,0.25332666666666664,0.5104502705748287,12,7,"[1,4,10,27,37,40,46]",0.11975999999999898,25.050100200401015,32.0,13.925687583513382,13.067821314439907,0.960615437067912,0.9529780365011662,0.010450270574828724,True,3.8323199999999673,True,7,0,0.25262666666666667,0.25399999999999995,57
10,R089,0.25332666666666664,0.5104502705748287,12,7,"[1,4,10,31,37,40,46]",0.11975999999999898,25.050100200401015,32.0,13.905708703578116,13.062024734269242,0.9604548955285621,0.9529181906877434,0.010450270574828724,True,3.8323199999999673,True,7,0,0.25262666666666667,0.25399999999999995,57
11,R305,0.23528,0.45382165775099165,12,7,"[4,15,22,31,37,40,46]",0.11751999999999985,25.52756977535742,32.0,13.659923650882652,12.986262044088381,0.9584414632605798,0.952129305514221,0.04617834224900835,True,3.760639999999995,True,7,0,0.23364666666666664,0.23584666666666665,89
12,R331,0.23528,0.45382165775099165,12,7,"[4,6,15,22,31,37,46]",0.11751999999999985,25.52756977535742,32.0,13.659814457388524,12.986889141048565,0.9584430993659456,0.952135886450597,0.04617834224900835,True,3.760639999999995,True,7,0,0.23263999999999999,0.23584666666666665,130
13,R048,0.24691333333333332,0.49030355855806457,12,7,"[1,4,10,15,37,40,46]",0.11109999999999887,27.00270027002728,32.0,13.627066544876316,12.51840160857409,0.9574590519073548,0.9469729562779899,0.009696441441935433,True,3.5551999999999637,True,7,0,0.24654666666666666,0.24738,35
14,R076,0.24691333333333332,0.49030355855806457,12,7,"[1,4,10,27,37,40,46]",0.11109999999999887,27.00270027002728,32.0,13.664429756764703,12.509540877928591,0.9577056297192911,0.9468704108513368,0.009696441441935433,True,3.5551999999999637,True,7,0,0.24654666666666666,0.24738,35
15,R088,0.24691333333333332,0.49030355855806457,12,7,"[1,4,10,31,37,40,46]",0.11109999999999887,27.00270027002728,32.0,13.652201119744268,12.505223128693306,0.9576136912853138,0.9468203736441133,0.009696441441935433,True,3.5551999999999637,True,7,0,0.24654666666666666,0.24738,35
16,R157,0.24691333333333332,0.49030355855806457,12,7,"[1,4,6,15,37,40,46]",0.11109999999999887,27.00270027002728,32.0,13.725297410688581,12.55662603780221,0.9584208054974341,0.9474131904199807,0.009696441441935433,True,3.5551999999999637,True,7,0,0.24654666666666666,0.24738,35
17,R201,0.24691333333333332,0.49030355855806457,12,7,"[1,4,6,27,37,40,46]",0.11109999999999887,27.00270027002728,32.0,13.744959719582381,12.547687055780878,0.9585711192457114,0.9473105496325372,0.009696441441935433,True,3.5551999999999637,True,7,0,0.24654666666666666,0.24738,35
18,R212,0.24691333333333332,0.49030355855806457,12,7,"[1,4,6,31,37,40,46]",0.11109999999999887,27.00270027002728,32.0,13.724383053662402,12.543331233723832,0.9584282086853869,0.9472604658976129,0.009696441441935433,True,3.5551999999999637,True,7,0,0.24654666666666666,0.24738,35
19,R036,0.2631533333333333,0.5412753915919174,12,7,"[1,4,10,15,18,31,40]",0.1051399999999989,28.533384059349736,32.0,13.128224457603407,12.257270173911895,0.9531033543564914,0.9438712048713693,0.0412753915919174,True,3.364479999999965,True,7,0,0.2627533333333333,0.26352,32
20,R040,0.2631533333333333,0.5412753915919174,12,7,"[1,4,10,15,22,31,40]",0.1051399999999989,28.533384059349736,32.0,13.366671099038763,12.18453630672402,0.9552682329349634,0.9429773209936988,0.0412753915919174,True,3.364479999999965,True,7,0,0.2627533333333333,0.26352,32
21,R047,0.2631533333333333,0.5412753915919174,12,7,"[1,4,10,15,31,37,40]",0.1051399999999989,28.533384059349736,32.0,13.127373822173235,12.257358789041435,0.9530947206623993,0.9438722858524394,0.0412753915919174,True,3.364479999999965,True,7,0,0.2627533333333333,0.26352,32
22,R142,0.27586,0.5808845840482643,12,7,"[1,4,6,10,18,27,31]",0.10343999999999998,29.002320185614856,32.0,13.668164301795594,12.08438784247379,0.9574008112118771,0.9417246166923877,0.08088458404826426,True,3.3100799999999992,True,7,0,0.2751933333333333,0.27624,43
23,R238,0.27586,0.5808845840482643,12,7,"[1,6,10,15,18,27,31]",0.10343999999999998,29.002320185614856,32.0,13.6717096557273,12.075947208931586,0.9573529243249588,0.9416178655176789,0.08088458404826426,True,3.3100799999999992,True,7,0,0.2751933333333333,0.27624,43
24,R240,0.27586,0.5808845840482643,12,7,"[1,6,10,15,27,31,40]",0.10343999999999998,29.002320185614856,32.0,13.236912974357567,12.088407852840097,0.9540203440620628,0.9417753945478493,0.08088458404826426,True,3.3100799999999992,True,7,0,0.2751933333333333,0.27624,43
25,R242,0.27586,0.5808845840482643,12,7,"[1,6,10,18,22,27,31]",0.10343999999999998,29.002320185614856,32.0,13.430945713503139,12.088426837875872,0.9554498576997281,0.9417756342545441,0.08088458404826426,True,3.3100799999999992,True,7,0,0.2751933333333333,0.27624,43
26,R353,0.27586,0.5808845840482643,12,7,"[6,10,18,22,27,31,37]",0.10343999999999998,29.002320185614856,32.0,13.30937757269862,12.128617107501205,0.9545696371466466,0.9422810093652703,0.08088458404826426,True,3.3100799999999992,True,7,0,0.2751933333333333,0.27624,43
27,R313,0.27586,0.5808845840482643,12,7,"[4,6,10,18,27,31,37]",0.10338000000000047,29.019152640742757,32.0,13.305394468482797,12.137171647036386,0.9546122355043717,0.9423880461773972,0.08088458404826426,True,3.308160000000015,True,7,0,0.2755933333333333,0.27624,27
28,R041,0.23331333333333332,0.447673281125393,12,7,"[1,4,10,15,22,37,46]",0.09981999999999935,30.054097375275692,32.0,13.52339815832529,12.062293513706182,0.956350243008008,0.9414447948041016,0.05232671887460699,True,3.1942399999999793,True,7,0,0.23263999999999999,0.2336133333333333,41
29,R152,0.23331333333333332,0.447673281125393,12,7,"[1,4,6,15,22,37,46]",0.09981999999999935,30.054097375275692,32.0,13.513577100727703,12.65548041995032,0.9564688089173864,0.948535748441371,0.05232671887460699,True,3.1942399999999793,True,7,0,0.23263999999999999,0.2336133333333333,41
30,R329,0.23331333333333332,0.447673281125393,12,7,"[4,6,15,18,27,37,46]",0.09981999999999935,30.054097375275692,32.0,13.15971751971892,11.736368860115249,0.9518330656684013,0.9371680432422919,0.05232671887460699,True,3.1942399999999793,True,7,0,0.23263999999999999,0.2336133333333333,41
31,R330,0.23331333333333332,0.447673281125393,12,7,"[4,6,15,22,27,37,46]",0.09981999999999935,30.054097375275692,32.0,13.560606968428951,11.906488872533018,0.955923894221315,0.9394355073204825,0.05232671887460699,True,3.1942399999999793,True,7,0,0.23263999999999999,0.2336133333333333,41
32,R108,0.23334666666666665,0.4477774269852673,12,7,"[1,4,15,22,37,40,46]",0.09972000000000031,30.084235860409052,32.0,13.529399194932887,12.063364010406941,0.9564170385272099,0.9414583815086506,0.05222257301473271,True,3.19104000000001,True,7,0,0.23318,0.2336133333333333,19
33,R301,0.2833133333333333,0.603894385761907,12,7,"[4,10,22,27,37,40,46]",0.09963999999999906,30.108390204737336,32.0,13.639202384555874,11.771929190182922,0.9563314005428817,0.9376484679141457,0.10389438576190702,True,3.18847999999997,True,7,0,0.2830133333333333,0.28347999999999995,20
34,R308,0.2833133333333333,0.603894385761907,12,7,"[4,22,27,31,37,40,46]",0.09963999999999906,30.108390204737336,32.0,13.45313897106559,11.784662807038695,0.9552297703776432,0.9378196654093599,0.10389438576190702,True,3.18847999999997,True,7,0,0.2830133333333333,0.28347999999999995,20
35,R314,0.2833133333333333,0.603894385761907,12,7,"[4,6,10,22,37,40,46]",0.09963999999999906,30.108390204737336,32.0,13.51891828322068,11.781513622231197,0.9555991718068684,0.9377773669931128,0.10389438576190702,True,3.18847999999997,True,7,0,0.2830133333333333,0.28347999999999995,20
36,R294,0.23314666666666664,0.4471525863469855,12,7,"[4,10,15,22,31,37,46]",0.0983199999999993,30.51261187957711,32.0,13.504237517310546,12.118549939916207,0.9561800520989668,0.9421548070162444,0.052847413653014486,True,3.1462399999999775,True,7,0,0.23263999999999999,0.23314666666666664,22
37,R335,0.2682866666666667,0.5573229367242248,12,7,"[4,6,18,27,37,40,46]",0.09744666666666646,30.78607101320387,32.0,13.237816120237095,11.709578012636875,0.9537016500153622,0.9368038166856341,0.05732293672422484,True,3.1182933333333267,True,7,0,0.26812,0.2684533333333333,14
38,R367,0.2682866666666667,0.5573229367242248,12,7,"[6,15,18,27,37,40,46]",0.09744666666666646,30.78607101320387,32.0,12.941456318148154,11.567542849721004,0.9504672199939778,0.9348397298400454,0.05732293672422484,True,3.1182933333333267,True,7,0,0.26812,0.2684533333333333,14
39,R151,0.24392,0.48090376221904196,12,7,"[1,4,6,15,22,31,40]",0.09727999999999959,30.838815789473813,32.0,13.039035930633498,11.43164844746719,0.9494443411517457,0.9329075338758738,0.019096237780958036,True,3.112959999999987,True,7,0,0.24375333333333332,0.24412,16
40,R256,0.24392,0.48090376221904196,12,7,"[1,6,15,22,31,37,40]",0.09727999999999959,30.838815789473813,32.0,13.039327198171021,11.440800993443599,0.9494882776868426,0.9330393212373986,0.019096237780958036,True,3.112959999999987,True,7,0,0.24375333333333332,0.24412,16
41,R333,0.24392,0.48090376221904196,12,7,"[4,6,15,22,31,40,46]",0.09727999999999959,30.838815789473813,32.0,13.182787978230794,11.448954563869256,0.9508207033211333,0.9331565219477043,0.019096237780958036,True,3.112959999999987,True,7,0,0.24375333333333332,0.24412,16
42,R369,0.24392,0.48090376221904196,12,7,"[6,15,22,31,37,40,46]",0.09727999999999959,30.838815789473813,32.0,13.148631106475616,11.458143693101839,0.9506952927558331,0.9332883796702832,0.019096237780958036,True,3.112959999999987,True,7,0,0.24375333333333332,0.24412,16
43,R081,0.2820533333333333,0.6000191609373859,12,6,"[1,4,10,27,37,46]",0.15376000000000034,19.510926118626386,32.0,15.45318125056824,15.006316295625751,0.9721575740634925,0.9693897556584233,0.10001916093738594,True,4.920320000000011,True,6,0,0.2812533333333333,0.28297999999999995,110
44,R193,0.26983999999999997,0.5621678939580784,12,6,"[1,4,6,22,40,46]",0.14279999999999793,21.008403361344843,32.0,15.368994505458682,14.64821532153739,0.9716309676536948,0.9668460118440887,0.062167893958078424,True,4.569599999999934,True,6,0,0.26875333333333334,0.27255999999999997,154
45,R135,0.28572666666666663,0.6112983873488658,12,6,"[1,4,27,31,37,40]",0.14273333333333316,21.01821578701544,32.0,15.021507305922398,14.476400822174009,0.9691967900321913,0.9655541770687811,0.11129838734886577,True,4.567466666666661,True,6,0,0.28445999999999994,0.28856,187
46,R079,0.28572666666666663,0.6112983873488658,12,6,"[1,4,10,27,37,40]",0.14264666666666725,21.030985652194147,32.0,15.019454126661671,14.475779134550761,0.9691834818380826,0.9655494157192419,0.11129838734886577,True,4.564693333333352,True,6,0,0.28445999999999994,0.28856,187
47,R144,0.28572666666666663,0.6112983873488658,12,6,"[1,4,6,10,37,40]",0.14247333333333367,21.056571990079966,32.0,15.019583500785552,14.47060271591657,0.969181978204049,0.9655097461777142,0.11129838734886577,True,4.559146666666678,True,6,0,0.28445999999999994,0.2872933333333333,137
48,R216,0.28572666666666663,0.6112983873488658,12,6,"[1,4,6,31,37,40]",0.14247333333333367,21.056571990079966,32.0,15.021627116153972,14.471223662929846,0.9691952151319004,0.9655145071360209,0.11129838734886577,True,4.559146666666678,True,6,0,0.28445999999999994,0.2872933333333333,137
49,R247,0.28572666666666663,0.6112983873488658,12,6,"[1,6,10,18,37,40]",0.14247333333333367,21.056571990079966,32.0,15.018211838536251,14.470526881036566,0.9691731020122109,0.9655091646890199,0.11129838734886577,True,4.559146666666678,True,6,0,0.28445999999999994,0.2872933333333333,137
50,R249,0.28572666666666663,0.6112983873488658,12,6,"[1,6,10,37,40,46]",0.14230000000000181,21.082220660575977,32.0,15.015454943354491,14.470374585322954,0.9691552387642673,0.965507996883372,0.11129838734886577,True,4.553600000000058,True,6,0,0.28445999999999994,0.2868,117
51,R008,0.2619533333333333,0.5375172100168104,12,6,"[1,10,15,22,27,40]",0.14140000000000086,21.216407355021087,32.0,15.350166185628998,14.641028164563487,0.9714129799356331,0.9667929232203126,0.03751721001681041,True,4.5248000000000275,True,6,0,0.2619533333333333,0.26271999999999995,33
52,R080,0.2540266666666666,0.512648796891703,12,6,"[1,4,10,27,37,46]",0.14128000000000052,21.23442808607014,32.0,15.29418190795388,14.568652765588304,0.9710642408805311,0.9662537202444541,0.012648796891702951,True,4.5209600000000165,True,6,0,0.2540266666666666,0.25576,70
53,R091,0.2540266666666666,0.512648796891703,12,6,"[1,4,10,31,37,46]",0.14128000000000052,21.23442808607014,32.0,15.237973835342522,14.59373686346451,0.9707771510486819,0.9664415489949352,0.012648796891702951,True,4.5209600000000165,True,6,0,0.2540266666666666,0.25576,70
54,R153,0.25999999999999995,0.5313952597646565,12,6,"[1,4,6,15,22,40]",0.13999999999999863,21.42857142857164,32.0,15.349068048525682,14.935021540936333,0.9716103858394477,0.968898861206384,0.03139525976465651,True,4.479999999999956,True,6,0,0.2588333333333333,0.2619333333333333,148
55,R124,0.25505999999999995,0.5158937809665946,12,6,"[1,4,18,27,37,46]",0.13362000000000096,22.45172878311614,32.0,15.278584743863354,14.63370754938344,0.9708785397895024,0.9667387644084033,0.01589378096659455,True,4.275840000000031,True,6,0,0.25505999999999995,0.2567933333333333,70
56,R042,0.26086666666666664,0.5341121218393554,12,6,"[1,4,10,15,22,40]",0.13039999999999985,23.00613496932518,32.0,15.295310605425009,14.760750156849141,0.9710783291806484,0.9676666460709629,0.034112121839355414,True,4.172799999999995,True,6,0,0.2588333333333333,0.26271999999999995,181
57,R146,0.26086666666666664,0.5341121218393554,12,6,"[1,4,6,15,18,40]",0.13039999999999985,23.00613496932518,32.0,15.132930551426702,14.094461579845918,0.9699517777359818,0.9625063728982849,0.034112121839355414,True,4.172799999999995,True,6,0,0.2588333333333333,0.2619333333333333,148
58,R250,0.26086666666666664,0.5341121218393554,12,6,"[1,6,15,18,27,40]",0.13039999999999985,23.00613496932518,32.0,15.132381839073043,14.094453874180353,0.9699481785721508,0.9625063088677293,0.034112121839355414,True,4.172799999999995,True,6,0,0.25967999999999997,0.2619333333333333,114
59,R252,0.26086666666666664,0.5341121218393554,12,6,"[1,6,15,18,31,40]",0.13039999999999985,23.00613496932518,32.0,15.307065202853599,14.094469261631858,0.9709850458806079,0.9625064367303072,0.034112121839355414,True,4.172799999999995,True,6,0,0.25967999999999997,0.26169999999999993,98
60,R254,0.26086666666666664,0.5341121218393554,12,6,"[1,6,15,22,27,40]",0.13039999999999985,23.00613496932518,32.0,15.290722373794438,14.835499823324449,0.971105470817455,0.968200852416129,0.034112121839355414,True,4.172799999999995,True,6,0,0.2604333333333333,0.2610666666666666,27
61,R145,0.28258666666666665,0.6016602469617475,12,6,"[1,4,6,10,37,46]",0.1303466666666664,23.015548281505776,32.0,15.213557435996274,14.509093345817393,0.9704941113182146,0.9658036686812981,0.10166024696174747,True,4.171093333333324,True,6,0,0.2812533333333333,0.28297999999999995,110
62,R325,0.28258666666666665,0.6016602469617475,12,6,"[4,6,10,37,40,46]",0.1303466666666664,23.015548281505776,32.0,15.205378418825267,14.771304115115466,0.9705795321512838,0.9677425936758968,0.10166024696174747,True,4.171093333333324,True,6,0,0.28237999999999996,0.28297999999999995,35
63,R136,0.28258666666666665,0.6016602469617475,12,6,"[1,4,27,31,37,46]",0.13034666666666617,23.015548281505815,32.0,15.205106138142126,14.614256563372859,0.9706356933715918,0.9665944489352523,0.10166024696174747,True,4.171093333333317,True,6,0,0.2812533333333333,0.28297999999999995,110
64,R050,0.24638,0.48862841515098754,12,6,"[1,4,10,15,37,40]",0.13032,23.02025782688766,32.0,15.120319757071814,13.907889335036998,0.9692429215210674,0.9609248640707594,0.011371584849012462,True,4.17024,True,6,0,0.24528,0.24651333333333333,68
65,R078,0.24638,0.48862841515098754,12,6,"[1,4,10,27,37,40]",0.13032,23.02025782688766,32.0,15.18726077185112,13.97728032690259,0.9698365764770206,0.9615204067046897,0.011371584849012462,True,4.17024,True,6,0,0.24528,0.24651333333333333,68
66,R090,0.24638,0.48862841515098754,12,6,"[1,4,10,31,37,40]",0.13032,23.02025782688766,32.0,15.157946478771114,13.994163347843418,0.9697302724535547,0.9616639807024194,0.011371584849012462,True,4.17024,True,6,0,0.24528,0.24651333333333333,68
67,R159,0.24638,0.48862841515098754,12,6,"[1,4,6,15,37,40]",0.13032,23.02025782688766,32.0,15.1195450977189,13.90895307760212,0.9692566558517585,0.9609340599471482,0.011371584849012462,True,4.17024,True,6,0,0.24528,0.24651333333333333,68
68,R203,0.24638,0.48862841515098754,12,6,"[1,4,6,27,37,40]",0.13032,23.02025782688766,32.0,15.149175299869007,13.97836120444511,0.969672194992803,0.961529613983135,0.011371584849012462,True,4.17024,True,6,0,0.24528,0.24651333333333333,68
69,R214,0.24638,0.48862841515098754,12,6,"[1,4,6,31,37,40]",0.13032,23.02025782688766,32.0,15.101191946534145,13.995248435957194,0.9694611311446065,0.9616731907307403,0.011371584849012462,True,4.17024,True,6,0,0.24528,0.24651333333333333,68
70,R132,0.25532666666666665,0.5167310929431385,12,6,"[1,4,22,27,37,46]",0.12748666666666675,23.53187261412957,32.0,15.193401656162521,14.261762976259797,0.9700703712315449,0.9638720684319262,0.01673109294313846,True,4.079573333333336,True,6,0,0.25505999999999995,0.2567933333333333,70
71,R051,0.2540266666666666,0.512648796891703,12,6,"[1,4,10,15,37,46]",0.12517333333333447,23.9667660843628,32.0,15.156999741543032,14.189035691373794,0.969797146304391,0.9632843732711611,0.012648796891702951,True,4.005546666666703,True,6,0,0.2540266666666666,0.25504,41
72,R161,0.2540266666666666,0.512648796891703,12,6,"[1,4,6,15,37,46]",0.12517333333333402,23.966766084362884,32.0,15.11115509232881,14.233831693915098,0.9694594003952383,0.9636474397825892,0.012648796891702951,True,4.005546666666689,True,6,0,0.2540266666666666,0.25504,41
73,R204,0.2540266666666666,0.512648796891703,12,6,"[1,4,6,27,37,46]",0.12517333333333402,23.966766084362884,32.0,15.25229335914794,14.251936562265433,0.9706862376579154,0.9637931952952039,0.012648796891702951,True,4.005546666666689,True,6,0,0.2540266666666666,0.25504,41
74,R217,0.2540266666666666,0.512648796891703,12,6,"[1,4,6,31,37,46]",0.12517333333333402,23.966766084362884,32.0,15.196637344418926,14.254818189017895,0.9703897357617718,0.9638163422481095,0.012648796891702951,True,4.005546666666689,True,6,0,0.2540266666666666,0.25504,41
75,R022,0.2812533333333333,0.597555431746108,12,6,"[1,10,18,27,37,46]",0.12490666666666783,24.017933390264506,32.0,15.028298211588762,13.875028448776845,0.969136074738051,0.9606397621800716,0.09755543174610803,True,3.9970133333333706,True,6,0,0.2812533333333333,0.2823533333333333,75
76,R035,0.2812533333333333,0.597555431746108,12,6,"[1,18,27,31,37,46]",0.12490666666666783,24.017933390264506,32.0,15.002386831785643,14.825479984115699,0.969351055368033,0.968129743088785,0.09755543174610803,True,3.9970133333333706,True,6,0,0.2812533333333333,0.2823533333333333,75
77,R248,0.2812533333333333,0.597555431746108,12,6,"[1,6,10,18,37,46]",0.12490666666666783,24.017933390264506,32.0,14.686234233146942,13.698039929853618,0.966722529100656,0.9590695870443081,0.09755543174610803,True,3.9970133333333706,True,6,0,0.2812533333333333,0.2823533333333333,75
78,R069,0.27085333333333333,0.5653253899124238,12,6,"[1,4,10,22,31,40]",0.12463999999999942,24.069319640564938,32.0,14.609499342052436,13.633570786762867,0.9661433912641145,0.9584828743092676,0.06532538991242376,True,3.9884799999999814,True,6,0,0.26988666666666666,0.27255999999999997,108
79,R071,0.27085333333333333,0.5653253899124238,12,6,"[1,4,10,22,40,46]",0.12463999999999942,24.069319640564938,32.0,15.028662714911073,13.64303644583929,0.9685042357465057,0.9585695194565407,0.06532538991242376,True,3.9884799999999814,True,6,0,0.26988666666666666,0.27255999999999997,108
80,R189,0.27085333333333333,0.5653253899124238,12,6,"[1,4,6,22,31,40]",0.12463999999999942,24.069319640564938,32.0,15.033226277785923,13.795995988188249,0.9689692057858025,0.9599458839334993,0.06532538991242376,True,3.9884799999999814,True,6,0,0.26982,0.27255999999999997,111
81,R302,0.2844466666666666,0.6073744820318533,12,6,"[4,10,22,27,37,40]",0.12003999999999904,24.99166944351903,32.0,14.857361523316861,13.525669633077193,0.9676169939648718,0.9574828598218592,0.10737448203185329,True,3.841279999999969,True,6,0,0.2835133333333333,0.2844466666666666,58
82,R316,0.2844466666666666,0.6073744820318533,12,6,"[4,6,10,22,37,40]",0.12003999999999904,24.99166944351903,32.0,14.794413516040608,13.534090108231156,0.9673964343827223,0.9575617207988586,0.10737448203185329,True,3.841279999999969,True,6,0,0.2835133333333333,0.2844466666666666,58
83,R016,0.27999999999999997,0.5936906572928622,12,6,"[1,10,18,22,27,31]",0.1200000000000001,24.99999999999998,32.0,14.489638691263638,13.67088541786571,0.9653690498345435,0.958823436448562,0.09369065729286219,True,3.8400000000000034,True,6,0,0.27902,0.2803533333333333,54
84,R033,0.27999999999999997,0.5936906572928622,12,6,"[1,18,22,27,31,46]",0.1200000000000001,24.99999999999998,32.0,14.744765754254948,13.56028221372169,0.967173440284781,0.9578061271737326,0.09369065729286219,True,3.8400000000000034,True,6,0,0.2796533333333333,0.2803533333333333,29
85,R244,0.27999999999999997,0.5936906572928622,12,6,"[1,6,10,18,22,27]",0.1200000000000001,24.99999999999998,32.0,14.489638691263641,13.67088541786571,0.9653690498345435,0.958823436448562,0.09369065729286219,True,3.8400000000000034,True,6,0,0.27626,0.2803533333333333,171
86,R266,0.27999999999999997,0.5936906572928622,12,6,"[1,6,18,22,27,46]",0.1200000000000001,24.99999999999998,32.0,14.744765754254951,13.560282213721713,0.967173440284781,0.9578061271737328,0.09369065729286219,True,3.8400000000000034,True,6,0,0.27902,0.2803533333333333,54
87,R352,0.27999999999999997,0.5936906572928622,12,6,"[6,10,15,18,27,37]",0.1200000000000001,24.99999999999998,32.0,15.068596664963772,13.599498139357042,0.9692712026275809,0.9581695486534592,0.09369065729286219,True,3.8400000000000034,True,6,0,0.2796533333333333,0.2803533333333333,29
88,R354,0.27999999999999997,0.5936906572928622,12,6,"[6,10,18,22,27,37]",0.1200000000000001,24.99999999999998,32.0,14.885907123790046,13.599498139357042,0.9680638252919112,0.9581695486534592,0.09369065729286219,True,3.8400000000000034,True,6,0,0.2796533333333333,0.2803533333333333,29
89,R270,0.27902,0.5906646727826588,12,6,"[1,6,18,27,40,46]",0.11821999999999994,25.376416849940803,32.0,15.062016542913957,13.991456673961517,0.9695206119779737,0.9616409976902511,0.09066467278265877,True,3.783039999999998,True,6,0,0.27902,0.27962,25
90,R315,0.21567999999999998,0.3930142028908705,12,6,"[4,6,10,22,37,40]",0.11743999999999977,25.544959128065447,32.0,14.446627932678538,13.201261234130692,0.9645127100574906,0.9543358763772262,0.10698579710912948,True,3.7580799999999925,True,6,0,0.21497999999999998,0.2170133333333333,82
91,R307,0.2557933333333333,0.518196274466329,12,6,"[4,18,27,37,40,46]",0.11675333333333349,25.695197853023434,32.0,15.11758229792332,13.878743185476939,0.969507295413103,0.9606720910772082,0.018196274466328988,True,3.7361066666666716,True,6,0,0.2557933333333333,0.2567933333333333,41
92,R310,0.2557933333333333,0.518196274466329,12,6,"[4,22,27,37,40,46]",0.11675333333333349,25.695197853023434,32.0,15.127397836311793,13.83323128393679,0.9693781629632526,0.9602742456332065,0.018196274466328988,True,3.7361066666666716,True,6,0,0.2557933333333333,0.2567933333333333,41
93,R246,0.2790533333333333,0.5907676545490623,12,6,"[1,6,10,18,27,40]",0.1162133333333335,25.81459385039005,32.0,14.763701805200583,13.999091500438738,0.9673948505719973,0.9617057928715316,0.09076765454906233,True,3.718826666666672,True,6,0,0.27902,0.27962,25
94,R019,0.2790533333333333,0.5907676545490623,12,6,"[1,10,18,27,31,40]",0.11621333333333261,25.814593850390246,32.0,14.76311854308109,14.004269791038809,0.9674085973167607,0.9617496801197922,0.09076765454906233,True,3.7188266666666436,True,6,0,0.27902,0.27962,25
95,R034,0.2873266666666666,0.6161931158420915,12,6,"[1,18,27,31,37,40]",0.1154466666666677,25.986025293064387,32.0,14.878911659786562,14.100229108114599,0.9682427676338955,0.9625542689546497,0.11619311584209147,True,3.6942933333333663,True,6,0,0.2873266666666666,0.28856,50
96,R020,0.2873266666666666,0.6161931158420915,12,6,"[1,10,18,27,37,40]",0.11544666666666714,25.98602529306451,32.0,14.566875425946106,13.5690785166688,0.9659577906665556,0.957887905874298,0.11619311584209147,True,3.6942933333333485,True,6,0,0.2873266666666666,0.28856,50
97,R298,0.2873266666666666,0.6161931158420915,12,6,"[4,10,15,27,37,40]",0.11544666666666714,25.98602529306451,32.0,14.918228712270503,13.553035456348008,0.9680495852216157,0.9577386404729681,0.11619311584209147,True,3.6942933333333485,True,6,0,0.2873266666666666,0.28856,50
98,R303,0.2873266666666666,0.6161931158420915,12,6,"[4,10,22,27,37,40]",0.11544666666666714,25.98602529306451,32.0,14.934007248256682,13.549863668262825,0.9680698108551268,0.9577090701876069,0.11619311584209147,True,3.6942933333333485,True,6,0,0.2873266666666666,0.28856,50
99,R258,0.26925333333333334,0.560338709892942,12,6,"[1,6,15,22,40,46]",0.11522666666666659,26.035639898171738,32.0,14.915490058289924,14.09113225235487,0.9685440873594549,0.9624786979215435,0.06033870989294199,True,3.687253333333331,True,6,0,0.26875333333333334,0.27232,141
100,R336,0.26922,0.5602347541307281,12,6,"[4,6,18,27,37,46]",0.1151800000000005,26.046188574405164,32.0,14.766342861811415,13.30504209307566,0.9667450167992345,0.9553660232747738,0.060234754130728096,True,3.685760000000016,True,6,0,0.26848,0.2697866666666667,54
101,R063,0.26922,0.5602347541307281,12,6,"[1,4,10,18,37,46]",0.11490000000000111,26.10966057441228,32.0,14.527336673430915,13.193296271299761,0.9652498429805365,0.9542558860035187,0.060234754130728096,True,3.6768000000000356,True,6,0,0.26875333333333334,0.2697866666666667,43
102,R174,0.26922,0.5602347541307281,12,6,"[1,4,6,18,37,46]",0.11490000000000111,26.10966057441228,32.0,14.763462996148318,13.30543977846572,0.9667247053540623,0.955369927839176,0.060234754130728096,True,3.6768000000000356,True,6,0,0.26875333333333334,0.26985333333333333,46
103,R226,0.26922,0.5602347541307281,12,6,"[1,4,6,37,40,46]",0.11490000000000111,26.10966057441228,32.0,14.994911458391725,14.481409976610562,0.9690455829283436,0.9655925177772142,0.060234754130728096,True,3.6768000000000356,True,6,0,0.26875333333333334,0.26985333333333333,46
104,R295,0.22952,0.4358375967645604,12,6,"[4,10,15,22,40,46]",0.11440000000000028,26.22377622377616,32.0,14.280334141779159,13.413207068589042,0.9635103043032202,0.9564160921316137,0.06416240323543959,True,3.660800000000009,True,6,0,0.22885333333333333,0.23018666666666668,55
105,R127,0.25505999999999995,0.5158937809665946,12,6,"[1,4,18,31,37,46]",0.11338000000000159,26.459693067560046,32.0,15.15411432152122,14.299709293276173,0.9700183747443872,0.9641751003636457,0.01589378096659455,True,3.628160000000051,True,6,0,0.25505999999999995,0.25576,29
106,R133,0.25505999999999995,0.5158937809665946,12,6,"[1,4,22,31,37,46]",0.11338000000000159,26.459693067560046,32.0,15.073511482921873,14.262715811739957,0.9693230742055867,0.9638797077026856,0.01589378096659455,True,3.628160000000051,True,6,0,0.25505999999999995,0.25576,29
107,R299,0.28297999999999995,0.6028698175207898,12,6,"[4,10,15,27,37,46]",0.11277999999999921,26.600461074658813,32.0,15.061254005452374,13.207566419425124,0.9687380151136677,0.9543991035076099,0.10286981752078983,True,3.608959999999975,True,6,0,0.28237999999999996,0.28297999999999995,35
108,R312,0.28297999999999995,0.6028698175207898,12,6,"[4,6,10,15,37,46]",0.11277999999999921,26.600461074658813,32.0,14.88735077905023,13.198100663897755,0.967526848426271,0.9543041514150815,0.10286981752078983,True,3.608959999999975,True,6,0,0.28237999999999996,0.28297999999999995,35
109,R103,0.24192,0.47462683411953166,12,6,"[1,4,15,18,31,46]",0.11264000000000021,26.633522727272677,32.0,14.453233741311712,12.966159145613057,0.9642267898105562,0.9519178840311718,0.02537316588046834,True,3.604480000000007,True,6,0,0.24082,0.24235333333333334,62
110,R083,0.24192,0.47462683411953166,12,6,"[1,4,10,27,40,46]",0.11263999999999985,26.633522727272762,32.0,14.752126639696755,13.87617902671483,0.9668819265055845,0.9606497782420682,0.02537316588046834,True,3.6044799999999952,True,6,0,0.24082,0.24235333333333334,62
111,R297,0.2844466666666666,0.6073744820318533,12,6,"[4,10,15,27,37,40]",0.11116666666666664,26.986506746626695,32.0,14.84559782220139,13.452140760600454,0.9673918911550333,0.9567882592953612,0.10737448203185329,True,3.5573333333333323,True,6,0,0.28376,0.2844466666666666,48
112,R311,0.2844466666666666,0.6073744820318533,12,6,"[4,6,10,15,37,40]",0.11116666666666664,26.986506746626695,32.0,14.782032783112008,13.461716186266129,0.967174910400053,0.9568793248269105,0.10737448203185329,True,3.5573333333333323,True,6,0,0.28376,0.2844466666666666,48
113,R334,0.2844466666666666,0.6073744820318533,12,6,"[4,6,15,31,37,40]",0.11116666666666641,26.98650674662675,32.0,14.471221741412526,13.470013453840359,0.9650963703183769,0.9569580864134803,0.10737448203185329,True,3.5573333333333252,True,6,0,0.28375999999999996,0.2844466666666666,48
114,R348,0.2844466666666666,0.6073744820318533,12,6,"[4,6,22,31,37,40]",0.11116666666666641,26.98650674662675,32.0,14.483408122652987,13.543848138271793,0.9653217495078019,0.9576529336305227,0.10737448203185329,True,3.5573333333333252,True,6,0,0.28375999999999996,0.2844466666666666,48
115,R143,0.27776,0.5867690862509962,12,6,"[1,4,6,10,18,27]",0.11104000000000003,27.017291066282414,32.0,14.923956695456598,14.18845127241346,0.968310867642758,0.9632796136485126,0.08676908625099622,True,3.553280000000001,True,6,0,0.27626,0.27898666666666666,117
116,R239,0.27776,0.5867690862509962,12,6,"[1,6,10,15,18,27]",0.11104000000000003,27.017291066282414,32.0,14.918399711997077,14.196941852393234,0.9683302896695722,0.9633487043092059,0.08676908625099622,True,3.553280000000001,True,6,0,0.27626,0.27898666666666666,117
117,R058,0.27776,0.5867690862509962,12,6,"[1,4,10,18,27,31]",0.11103999999999914,27.01729106628263,32.0,14.918400443769784,14.19674310358474,0.9683302825164626,0.9633470884545968,0.08676908625099622,True,3.5532799999999725,True,6,0,0.27626,0.27898666666666666,117
118,R123,0.27776,0.5867690862509962,12,6,"[1,4,18,27,31,46]",0.11103999999999914,27.01729106628263,32.0,14.91628551676665,14.189239672069117,0.9683163173957694,0.9632860343902442,0.08676908625099622,True,3.5532799999999725,True,6,0,0.27626,0.27898666666666666,117
119,R170,0.2777866666666666,0.586851589718499,12,6,"[1,4,6,18,27,46]",0.11098666666666723,27.030273906775452,32.0,14.922575008338585,14.181681121804427,0.9683007638226915,0.9632244329361758,0.08685158971849904,True,3.5515733333333515,True,6,0,0.2773533333333333,0.27898666666666666,67
120,R070,0.25926666666666665,0.52909564610949,12,6,"[1,4,10,22,40,46]",0.11080000000000156,27.07581227436785,32.0,14.577024016090647,14.563008498646218,0.9663164333243741,0.966211316569172,0.029095646109490003,True,3.54560000000005,True,6,0,0.2588333333333333,0.2596666666666666,34
121,R176,0.25926666666666665,0.52909564610949,12,6,"[1,4,6,18,40,46]",0.11080000000000156,27.07581227436785,32.0,14.527733622895804,14.267588206784952,0.9659163816748905,0.9639187473843499,0.029095646109490003,True,3.54560000000005,True,6,0,0.2588333333333333,0.2596666666666666,34
122,R192,0.25926666666666665,0.52909564610949,12,6,"[1,4,6,22,40,46]",0.11080000000000156,27.07581227436785,32.0,14.869739831768136,14.329507404926328,0.9682352228422739,0.9644113453884523,0.029095646109490003,True,3.54560000000005,True,6,0,0.2588333333333333,0.2596666666666666,34
123,R003,0.27342666666666665,0.5733315715031323,12,6,"[1,10,15,18,27,46]",0.10909333333333288,27.49938890246895,32.0,15.262938019488894,14.093836410181073,0.9706489445313701,0.9625011776827561,0.0733315715031323,True,3.490986666666652,True,6,0,0.27285333333333334,0.27342666666666665,37
124,R059,0.27342666666666665,0.5733315715031323,12,6,"[1,4,10,18,27,46]",0.10909333333333288,27.49938890246895,32.0,15.260010265078849,14.16969340206731,0.9706757690894179,0.9631265302703108,0.0733315715031323,True,3.490986666666652,True,6,0,0.27285333333333334,0.27342666666666665,37
125,R084,0.27342666666666665,0.5733315715031323,12,6,"[1,4,10,27,40,46]",0.10909333333333288,27.49938890246895,32.0,15.223438544619377,14.151722335491181,0.9704499588188528,0.9629792924569185,0.0733315715031323,True,3.490986666666652,True,6,0,0.27285333333333334,0.27342666666666665,37
126,R271,0.2868266666666666,0.6146647514099762,12,6,"[1,6,18,31,37,40]",0.10837333333333454,27.68208661417292,32.0,14.85064033205466,13.548368214268775,0.9676449487574769,0.9576951213496445,0.11466475140997623,True,3.4679466666667054,True,6,0,0.2868266666666666,0.2872933333333333,20
127,R355,0.2162133333333333,0.39465151145442495,12,6,"[6,10,18,22,37,40]",0.10805333333333289,27.764067127344635,32.0,14.270418157069761,13.264033044683188,0.9632437617432306,0.9549616346290264,0.10534848854557505,True,3.4577066666666525,True,6,0,0.21547999999999998,0.2170133333333333,62
128,R257,0.2702866666666667,0.563560003119742,12,6,"[1,6,15,22,31,40]",0.10799333333333383,27.779492561269088,32.0,14.743094288146366,13.517138286305972,0.9668308552219186,0.9574028176863348,0.06356000311974197,True,3.4557866666666825,True,6,0,0.26988666666666666,0.27232,98
129,R001,0.27698666666666666,0.5843754354759251,12,6,"[1,10,15,18,27,31]",0.10794666666666775,27.79150197628431,32.0,15.047071956029484,14.194581929699188,0.9691209834851269,0.963329513394947,0.08437543547592508,True,3.454293333333368,True,6,0,0.27626,0.27698666666666666,37
130,R186,0.24325333333333332,0.47881106883562374,12,6,"[1,4,6,22,27,40]",0.1079466666666673,27.791501976284422,32.0,14.494254569837386,12.58017306921005,0.9630567845686611,0.9476826631306633,0.021188931164376257,True,3.4542933333333536,True,6,0,0.24256,0.24372,47
131,R277,0.24325333333333332,0.47881106883562374,12,6,"[1,6,22,27,37,40]",0.1079466666666673,27.791501976284422,32.0,14.494788888529678,12.577371588201396,0.9630150302079511,0.9476506714278733,0.021188931164376257,True,3.4542933333333536,True,6,0,0.24256,0.24372,47
132,R341,0.24325333333333332,0.47881106883562374,12,6,"[4,6,22,27,40,46]",0.1079466666666673,27.791501976284422,32.0,14.89079733976039,12.7240326232784,0.9666154810724853,0.9493008578449715,0.021188931164376257,True,3.4542933333333536,True,6,0,0.24256,0.24372,47
133,R371,0.24325333333333332,0.47881106883562374,12,6,"[6,22,27,37,40,46]",0.1079466666666673,27.791501976284422,32.0,14.83252327142869,12.721136820892916,0.9663125009680852,0.9492687567972965,0.021188931164376257,True,3.4542933333333536,True,6,0,0.24256,0.24372,47
134,R160,0.2615333333333333,0.5362013316510061,12,6,"[1,4,6,15,37,40]",0.10753333333333148,27.898326100434453,32.0,14.663447202419873,12.860426004183804,0.9659269728451112,0.950791223856479,0.03620133165100614,True,3.4410666666666074,True,6,0,0.26109999999999994,0.2619333333333333,57
135,R290,0.28374666666666665,0.605225642484964,12,6,"[10,18,22,27,37,40]",0.10743999999999954,27.922561429635266,32.0,14.963432776004291,13.43459057170586,0.9680572058338761,0.9566208741539644,0.10522564248496402,True,3.438079999999985,True,6,0,0.2835133333333333,0.28374666666666665,10
136,R356,0.28374666666666665,0.605225642484964,12,6,"[6,10,18,22,37,40]",0.10743999999999954,27.922561429635266,32.0,14.839553199081761,13.446594586888196,0.967522379469589,0.9567354293558804,0.10522564248496402,True,3.438079999999985,True,6,0,0.2835133333333333,0.28374666666666665,10
137,R361,0.28374666666666665,0.605225642484964,12,6,"[6,10,22,37,40,46]",0.10743999999999954,27.922561429635266,32.0,15.082693626337473,13.731429131903107,0.969310774414664,0.959370323269923,0.10522564248496402,True,3.438079999999985,True,6,0,0.2835133333333333,0.28374666666666665,10
138,R309,0.28374666666666665,0.605225642484964,12,6,"[4,22,27,31,37,40]",0.10743999999999931,27.922561429635323,32.0,14.37150175663433,12.785500383666601,0.9638706526944957,0.9499777310949803,0.10522564248496402,True,3.438079999999978,True,6,0,0.2835133333333333,0.28374666666666665,10
139,R343,0.26872,0.5586751031883638,12,6,"[4,6,22,27,40,46]",0.10568000000000133,28.38758516275513,32.0,14.995158527897479,14.099138150833706,0.9690716040455335,0.9625452136840021,0.058675103188363775,True,3.3817600000000425,True,6,0,0.26848,0.26872,11
140,R351,0.26872,0.5586751031883638,12,6,"[4,6,27,37,40,46]",0.10568000000000133,28.38758516275513,32.0,14.898025894030292,14.057051743633892,0.9684235375935052,0.9621942730530009,0.058675103188363775,True,3.3817600000000425,True,6,0,0.26848,0.26872,11
141,R368,0.26872,0.5586751031883638,12,6,"[6,15,22,27,40,46]",0.10568000000000133,28.38758516275513,32.0,14.738491220758418,14.327298916454271,0.9673740972195947,0.9643938876784917,0.058675103188363775,True,3.3817600000000425,True,6,0,0.26848,0.26872,11
142,R300,0.26872,0.5586751031883638,12,6,"[4,10,18,27,37,46]",0.10568000000000044,28.38758516275537,32.0,14.366201245828131,13.239401214396544,0.9640270155883021,0.954717065379289,0.058675103188363775,True,3.381760000000014,True,6,0,0.26848,0.26872,11
143,R191,0.22805333333333333,0.4312708119275635,12,6,"[1,4,6,22,40,46]",0.10495999999999972,28.58231707317081,32.0,13.569636890632836,12.313165946977517,0.956794448690142,0.9445491790586684,0.0687291880724365,True,3.358719999999991,True,6,0,0.22744,0.22835333333333332,37
144,R109,0.25967999999999997,0.5303918710814053,12,6,"[1,4,15,22,37,40]",0.10480000000000089,28.62595419847304,32.0,14.929628719806095,14.010194213689138,0.9685873671867654,0.9617998317787008,0.030391871081405286,True,3.3536000000000286,True,6,0,0.25967999999999997,0.26039999999999996,30
145,R292,0.22918666666666668,0.43479919872296563,12,6,"[4,10,15,22,27,46]",0.10382666666666696,28.894311031205774,32.0,14.02727160588497,13.235398873441435,0.9613948162244688,0.954677206872755,0.06520080127703437,True,3.3224533333333426,True,6,0,0.22885333333333333,0.22976,38
146,R046,0.24138666666666667,0.4729536224092085,12,6,"[1,4,10,15,27,46]",0.10336000000000034,29.02476780185749,32.0,14.242826153011642,12.569136913802359,0.9627854056193966,0.947556527966283,0.02704637759079148,True,3.307520000000011,True,6,0,0.24082,0.24218666666666666,56
147,R102,0.24138666666666667,0.4729536224092085,12,6,"[1,4,15,18,27,46]",0.10336000000000034,29.02476780185749,32.0,14.217410166440095,13.222082275134426,0.9629125378274482,0.9545443488558811,0.02704637759079148,True,3.307520000000011,True,6,0,0.24082,0.24218666666666666,56
148,R147,0.24138666666666667,0.4729536224092085,12,6,"[1,4,6,15,18,46]",0.10335999999999967,29.024767801857678,32.0,14.291426067436213,12.354319438087902,0.962140302647703,0.9450434055927651,0.02704637759079148,True,3.3075199999999896,True,6,0,0.24082,0.24218666666666666,56
149,R175,0.24138666666666667,0.4729536224092085,12,6,"[1,4,6,18,40,46]",0.10335999999999967,29.024767801857678,32.0,14.431779624690222,12.401541011387376,0.9630100360772293,0.9456053934795317,0.02704637759079148,True,3.3075199999999896,True,6,0,0.24082,0.24218666666666666,56
150,R291,0.23587999999999998,0.45569888072240583,12,6,"[15,22,31,37,40,46]",0.10300000000000153,29.126213592232574,32.0,14.2643117999036,12.899881937795929,0.9631246343112466,0.9512145526020517,0.04430111927759417,True,3.296000000000049,True,6,0,0.23587999999999998,0.23624666666666666,16
151,R306,0.23587999999999998,0.45569888072240583,12,6,"[4,15,22,31,37,40]",0.10300000000000153,29.126213592232574,32.0,14.805679364492681,12.914858333084302,0.966113897358519,0.9513743302780079,0.04430111927759417,True,3.296000000000049,True,6,0,0.23587999999999998,0.23624666666666666,16
152,R332,0.23587999999999998,0.45569888072240583,12,6,"[4,6,15,22,31,37]",0.10300000000000042,29.12621359223289,32.0,14.816509058104442,12.880073975029877,0.9660056897819219,0.9510024635708197,0.04430111927759417,True,3.2960000000000136,True,6,0,0.23587999999999998,0.23624666666666666,16
153,R370,0.23587999999999998,0.45569888072240583,12,6,"[6,15,22,31,37,46]",0.10300000000000042,29.12621359223289,32.0,14.271234567599658,12.873065824414041,0.9630413690189208,0.9509272162412237,0.04430111927759417,True,3.2960000000000136,True,6,0,0.23587999999999998,0.23624666666666666,16
154,R187,0.25639999999999996,0.5201007746814764,12,6,"[1,4,6,22,27,46]",0.10239999999999894,29.296875000000306,32.0,14.430997371774554,13.123690137508346,0.9637350627070643,0.953551148522876,0.02010077468147642,True,3.276799999999966,True,6,0,0.25586,0.2567933333333333,38
155,R342,0.25639999999999996,0.5201007746814764,12,6,"[4,6,22,27,40,46]",0.10239999999999894,29.296875000000306,32.0,14.43042723479711,13.123277479492346,0.9637319243328193,0.9535469398646027,0.02010077468147642,True,3.276799999999966,True,6,0,0.25586,0.2567933333333333,38
156,R002,0.26271999999999995,0.5399185299632845,12,6,"[1,10,15,18,27,40]",0.10175999999999963,29.481132075471805,32.0,14.851631119078439,12.965765498355452,0.9672458659753783,0.951913735219069,0.03991852996328449,True,3.256319999999988,True,6,0,0.2619533333333333,0.26271999999999995,33
157,R005,0.26271999999999995,0.5399185299632845,12,6,"[1,10,15,18,31,40]",0.10175999999999963,29.481132075471805,32.0,14.65262657791915,12.967504840828301,0.9659450204072191,0.9519320643057739,0.03991852996328449,True,3.256319999999988,True,6,0,0.2619533333333333,0.26271999999999995,33
158,R007,0.26271999999999995,0.5399185299632845,12,6,"[1,10,15,18,40,46]",0.10175999999999963,29.481132075471805,32.0,14.830743424490928,12.964456990611975,0.9670892216940583,0.9518999418690629,0.03991852996328449,True,3.256319999999988,True,6,0,0.2619533333333333,0.26271999999999995,33
159,R037,0.26271999999999995,0.5399185299632845,12,6,"[1,4,10,15,18,40]",0.10175999999999963,29.481132075471805,32.0,14.575548899185668,12.955793894236336,0.9651365699564214,0.9518085269132203,0.03991852996328449,True,3.256319999999988,True,6,0,0.26171999999999995,0.26271999999999995,49
160,R006,0.27342666666666665,0.5733315715031323,12,6,"[1,10,15,18,31,46]",0.10139999999999993,29.585798816568065,32.0,15.175373167158916,13.589618565223116,0.9697308689131204,0.9580782758208565,0.0733315715031323,True,3.244799999999998,True,6,0,0.27292,0.27342666666666665,34
161,R061,0.27342666666666665,0.5733315715031323,12,6,"[1,4,10,18,31,46]",0.10139999999999993,29.585798816568065,32.0,15.175138142940552,13.590342764684625,0.9697297959376451,0.9580849728292232,0.0733315715031323,True,3.244799999999998,True,6,0,0.27292,0.27342666666666665,34
162,R093,0.27342666666666665,0.5733315715031323,12,6,"[1,4,10,31,40,46]",0.10139999999999993,29.585798816568065,32.0,15.135246411209371,13.604854898198383,0.9695235252358949,0.9582189577921031,0.0733315715031323,True,3.244799999999998,True,6,0,0.27292,0.27342666666666665,34
163,R245,0.27731999999999996,0.5854074290798429,12,6,"[1,6,10,18,27,40]",0.10103999999999935,29.691211401425367,32.0,14.833877577303463,13.905041211981818,0.9674337062862849,0.9609002322992186,0.08540742907984289,True,3.2332799999999793,True,6,0,0.27702,0.27731999999999996,13
164,R024,0.24222,0.4755681421223002,12,6,"[1,10,27,37,40,46]",0.10009999999999974,29.970029970030048,32.0,14.746171815643374,13.654229399974467,0.9665730003498584,0.9586717523816034,0.024431857877699803,True,3.203199999999992,True,6,0,0.24222,0.24235333333333334,6
165,R028,0.24222,0.4755681421223002,12,6,"[1,15,18,31,37,46]",0.10009999999999974,29.970029970030048,32.0,14.400712433619512,12.695132669124593,0.963505091070386,0.9489796278123281,0.024431857877699803,True,3.203199999999992,True,6,0,0.24222,0.24235333333333334,6
166,R125,0.24222,0.4755681421223002,12,6,"[1,4,18,27,40,46]",0.10009999999999974,29.970029970030048,32.0,14.75264700914637,12.75434093225002,0.9660977782733785,0.9496356848648211,0.024431857877699803,True,3.203199999999992,True,6,0,0.24222,0.24235333333333334,6
167,R128,0.24222,0.4755681421223002,12,6,"[1,4,18,31,40,46]",0.10009999999999974,29.970029970030048,32.0,14.773813442958579,12.702308294991827,0.9658816272717424,0.9490595659151586,0.024431857877699803,True,3.203199999999992,True,6,0,0.24222,0.24235333333333334,6
168,R317,0.21667999999999998,0.3960851275067613,12,6,"[4,6,10,22,40,46]",0.09975999999999985,30.07217321571777,32.0,13.787046882720036,12.061264380544056,0.95790405418888,0.9414317302961286,0.10391487249323872,True,3.192319999999995,True,6,0,0.21654666666666664,0.2170133333333333,20
169,R304,0.27235333333333334,0.569994415965165,12,6,"[4,10,22,27,40,46]",0.09763999999999973,30.7251126587465,32.0,14.629145081528867,12.135738200110636,0.9643558608991699,0.942370123491508,0.06999441596516498,True,3.1244799999999913,True,6,0,0.27235333333333334,0.27255999999999997,10
170,R344,0.27235333333333334,0.569994415965165,12,6,"[4,6,22,27,40,46]",0.09763999999999973,30.7251126587465,32.0,14.111700174257125,12.232751660460186,0.961298967156465,0.9435713598814476,0.06999441596516498,True,3.1244799999999913,True,6,0,0.27235333333333334,0.27255999999999997,10
171,R018,0.21144,0.3800418531805485,12,6,"[1,10,18,27,31,40]",0.09704000000000015,30.915086562242326,32.0,13.767755075954893,13.244690166464665,0.9595606415711971,0.9547696857719838,0.1199581468194515,True,3.105280000000005,True,6,0,0.21144,0.2117733333333333,15
172,R075,0.21144,0.3800418531805485,12,6,"[1,4,10,27,31,40]",0.09704000000000015,30.915086562242326,32.0,14.264361427683179,13.33118909875813,0.963463271147305,0.9556220484662572,0.1199581468194515,True,3.105280000000005,True,6,0,0.21144,0.2117733333333333,15
173,R092,0.21144,0.3800418531805485,12,6,"[1,4,10,31,40,46]",0.09704000000000015,30.915086562242326,32.0,14.170420875753166,13.51480616505199,0.9629378481306596,0.9573809123934565,0.1199581468194515,True,3.105280000000005,True,6,0,0.21144,0.2117733333333333,15
174,R017,0.21144,0.3800418531805485,12,6,"[1,10,18,22,31,40]",0.0970399999999998,30.91508656224244,32.0,13.832708401509569,12.045499051474579,0.9589184316659183,0.9412312526443998,0.1199581468194515,True,3.1052799999999934,True,6,0,0.21144,0.2117733333333333,15
175,R023,0.21144,0.3800418531805485,12,6,"[1,10,22,31,37,40]",0.0970399999999998,30.91508656224244,32.0,13.927325808577587,12.077721772227111,0.9595837973865944,0.94164032415879,0.1199581468194515,True,3.1052799999999934,True,6,0,0.21144,0.2117733333333333,15
176,R068,0.21144,0.3800418531805485,12,6,"[1,4,10,22,31,40]",0.0970399999999998,30.91508656224244,32.0,14.009454121777225,12.110969190262932,0.9601308894047835,0.9420596035870961,0.1199581468194515,True,3.1052799999999934,True,6,0,0.21144,0.2117733333333333,15
177,R172,0.26983999999999997,0.5621678939580784,12,6,"[1,4,6,18,31,37]",0.09519999999999873,31.512605042017228,32.0,14.326502636500791,12.816761868118245,0.9626132554663821,0.9503186851058308,0.062167893958078424,True,3.0463999999999594,True,6,0,0.26982,0.26985333333333333,3
178,R215,0.26983999999999997,0.5621678939580784,12,6,"[1,4,6,31,37,40]",0.09519999999999873,31.512605042017228,32.0,14.515769443021279,13.487856040804866,0.964596338484074,0.9571269915363914,0.062167893958078424,True,3.0463999999999594,True,6,0,0.26982,0.26985333333333333,3
179,R011,0.27288666666666667,0.5716530372757548,12,6,"[1,10,15,27,40,46]",0.09505333333333327,31.561228783840672,32.0,15.129898306701207,13.478197994608436,0.9691933634858452,0.9570356433285662,0.07165303727575478,True,3.0417066666666646,True,6,0,0.27285333333333334,0.27288666666666667,3
180,R021,0.27288666666666667,0.5716530372757548,12,6,"[1,10,18,27,37,46]",0.09505333333333327,31.561228783840672,32.0,15.131189067235574,13.452484321946656,0.969179142494891,0.9567915298536221,0.07165303727575478,True,3.0417066666666646,True,6,0,0.27285333333333334,0.27288666666666667,3
181,R025,0.27288666666666667,0.5716530372757548,12,6,"[1,10,27,37,40,46]",0.09505333333333327,31.561228783840672,32.0,15.131140813699284,13.449540995487855,0.9691743768123718,0.9567635029714401,0.07165303727575478,True,3.0417066666666646,True,6,0,0.27285333333333334,0.27288666666666667,3
182,R038,0.2641533333333333,0.5444054262067122,12,6,"[1,4,10,15,18,46]",0.0943133333333337,31.80886407012075,32.0,13.56370097337765,11.698758626218835,0.9561681546475101,0.9366561677060795,0.04440542620671217,True,3.018026666666678,True,6,0,0.2641533333333333,0.2641866666666666,3
183,R043,0.2641533333333333,0.5444054262067122,12,6,"[1,4,10,15,22,46]",0.0943133333333337,31.80886407012075,32.0,13.845827043071495,11.615704756374184,0.957333064814836,0.9355120029349662,0.04440542620671217,True,3.018026666666678,True,6,0,0.2641533333333333,0.2641866666666666,3
184,R052,0.2641533333333333,0.5444054262067122,12,6,"[1,4,10,15,37,46]",0.0943133333333337,31.80886407012075,32.0,13.73844405247725,11.676701610985765,0.9572017939251921,0.9363541654198033,0.04440542620671217,True,3.018026666666678,True,6,0,0.2641533333333333,0.2641866666666666,3
185,R148,0.2641533333333333,0.5444054262067122,12,6,"[1,4,6,15,18,46]",0.0943133333333337,31.80886407012075,32.0,14.111419971348646,11.70904680050729,0.9594193318938672,0.9367965748881273,0.04440542620671217,True,3.018026666666678,True,6,0,0.2641533333333333,0.2641866666666666,3
186,R154,0.2641533333333333,0.5444054262067122,12,6,"[1,4,6,15,22,46]",0.0943133333333337,31.80886407012075,32.0,14.074830941925851,11.625797823796212,0.958494101126179,0.9356520672743603,0.04440542620671217,True,3.018026666666678,True,6,0,0.2641533333333333,0.2641866666666666,3
187,R162,0.2641533333333333,0.5444054262067122,12,6,"[1,4,6,15,37,46]",0.0943133333333337,31.80886407012075,32.0,14.145613009748324,11.686937604530833,0.9594179759059033,0.9364944820678183,0.04440542620671217,True,3.018026666666678,True,6,0,0.2641533333333333,0.2641866666666666,3
188,R065,0.27272,0.5711348036749385,12,5,"[1,4,10,18,46]",0.18176000000000014,16.505281690140833,32.0,16.968732391445165,16.545529143648373,0.9802025942380993,0.9783264095319419,0.07113480367493852,True,5.816320000000005,True,5,0,0.2725866666666667,0.27282,10
189,R062,0.27272,0.5711348036749385,12,5,"[1,4,10,18,31]",0.18160000000000093,16.51982378854617,32.0,16.966137394529472,16.545991373998717,0.9801912378786367,0.9783286661947819,0.07113480367493852,True,5.81120000000003,True,5,0,0.2725866666666667,0.27282,10
190,R173,0.27272,0.5711348036749385,12,5,"[1,4,6,18,31]",0.18160000000000093,16.51982378854617,32.0,16.967520888094967,16.541405935923574,0.9801962985411427,0.978306269378275,0.07113480367493852,True,5.81120000000003,True,5,0,0.2725866666666667,0.27282,10
191,R219,0.27272,0.5711348036749385,12,5,"[1,4,6,31,40]",0.18160000000000093,16.51982378854617,32.0,16.968374698807878,16.541665682055392,0.9802001277337429,0.9783075386699551,0.07113480367493852,True,5.81120000000003,True,5,0,0.2725866666666667,0.27282,10
192,R095,0.27272,0.5711348036749385,12,5,"[1,4,10,31,40]",0.18160000000000087,16.519823788546177,32.0,16.966082948698322,16.548471721042166,0.9801915632346461,0.9783407716164576,0.07113480367493852,True,5.811200000000028,True,5,0,0.2726866666666667,0.27282,6
193,R101,0.27272,0.5711348036749385,12,5,"[1,4,10,40,46]",0.18160000000000087,16.519823788546177,32.0,16.96872704559293,16.54551576756859,0.9802025681206763,0.9783263442249291,0.07113480367493852,True,5.811200000000028,True,5,0,0.2726866666666667,0.27282,6
194,R086,0.24525333333333332,0.4850901174459284,12,5,"[1,4,10,27,40]",0.1693066666666665,17.719325878091055,32.0,16.966443732369445,16.436814914872045,0.9801482382271747,0.9777892228493223,0.014909882554071607,True,5.417813333333328,True,5,0,0.24415333333333333,0.24525333333333332,56
195,R289,0.24031999999999998,0.4696081289185944,12,5,"[1,6,37,40,46]",0.16288000000000125,18.418467583496913,32.0,16.880632889420045,16.37282298959705,0.9798510189784662,0.9774669600082699,0.03039187108140562,True,5.21216000000004,True,5,0,0.23958666666666667,0.24031999999999998,31
196,R013,0.24031999999999998,0.4696081289185944,12,5,"[1,10,15,37,46]",0.16288000000000002,18.41846758349705,32.0,16.833481450015782,16.2392400198662,0.9794909844438742,0.9767794494806961,0.03039187108140562,True,5.212160000000001,True,5,0,0.23958666666666667,0.24031999999999998,31
197,R027,0.24031999999999998,0.4696081289185944,12,5,"[1,10,37,40,46]",0.16288000000000002,18.41846758349705,32.0,16.862360197052144,16.25075764618829,0.9796132794588536,0.9768395251550599,0.03039187108140562,True,5.212160000000001,True,5,0,0.23958666666666667,0.24031999999999998,31
198,R263,0.24031999999999998,0.4696081289185944,12,5,"[1,6,15,37,46]",0.1628799999999997,18.418467583497087,32.0,16.820659745615323,16.376835447066306,0.9795817428244427,0.9774873002652006,0.03039187108140562,True,5.21215999999999,True,5,0,0.23958666666666667,0.24031999999999998,31
199,R032,0.24,0.4686047402353432,12,5,"[1,15,31,37,46]",0.16000000000000014,18.749999999999982,32.0,16.831396166740134,16.507329194640267,0.9796433121456568,0.9781391166124893,0.03139525976465679,True,5.1200000000000045,True,5,0,0.23958666666666667,0.24031999999999998,31
200,R114,0.23684666666666665,0.4587246084080825,12,5,"[1,4,15,27,37]",0.1578400000000002,19.006588950836267,32.0,16.77611080932173,15.787681241761467,0.9792083519749571,0.9743004926600822,0.04127539159191751,True,5.0508800000000065,True,5,0,0.23628,0.23955333333333334,169
201,R196,0.23075333333333334,0.43968208104790657,12,5,"[1,4,6,22,46]",0.1535599999999998,19.536337587913543,32.0,16.5635766023047,15.477164475075666,0.9777982648908097,0.972448196788572,0.06031791895209343,True,4.913919999999994,True,5,0,0.23022,0.2326133333333333,103
202,R346,0.23075333333333334,0.43968208104790657,12,5,"[4,6,22,27,46]",0.1535599999999998,19.536337587913543,32.0,16.56377909497776,15.476608487052797,0.9777970008272904,0.9724447665533995,0.06031791895209343,True,4.913919999999994,True,5,0,0.23022,0.23152,60
203,R339,0.23078666666666667,0.4397860373389236,12,5,"[4,6,22,27,37]",0.15348000000000028,19.546520719311925,32.0,16.10109125539718,15.348287179140652,0.9756946049287489,0.971641875446091,0.060213962661076426,True,4.911360000000009,True,5,0,0.23022,0.23152,60
204,R112,0.23078666666666667,0.4397860373389236,12,5,"[1,4,15,22,46]",0.1534799999999998,19.546520719311985,32.0,16.529813161385427,15.644043618456587,0.9781151260157273,0.973459236721962,0.060213962661076426,True,4.911359999999994,True,5,0,0.23022,0.2326133333333333,103
205,R190,0.23078666666666667,0.4397860373389236,12,5,"[1,4,6,22,37]",0.1534799999999998,19.546520719311985,32.0,16.10109239499702,15.348284605322124,0.9756945990556499,0.9716418591164191,0.060213962661076426,True,4.911359999999994,True,5,0,0.23022,0.2326133333333333,103
206,R349,0.23075333333333334,0.43968208104790657,12,5,"[4,6,22,37,40]",0.15335333333333367,19.562665739251358,32.0,16.08914494327744,15.35610903205453,0.9756384802593798,0.9716914592899089,0.06031791895209343,True,4.907306666666678,True,5,0,0.23022,0.23152,60
207,R318,0.21180666666666664,0.38116044446326575,12,5,"[4,6,10,22,40]",0.1527733333333332,19.63693489265144,32.0,16.899454914347082,16.329003620322997,0.9799063655413963,0.9772436556143935,0.11883955553673425,True,4.888746666666663,True,5,0,0.21180666666666664,0.21495999999999998,120
208,R358,0.21180666666666664,0.38116044446326575,12,5,"[6,10,18,22,40]",0.1527733333333332,19.63693489265144,32.0,16.647834114846244,16.181670171134733,0.9787661523760474,0.9764768787420135,0.11883955553673425,True,4.888746666666663,True,5,0,0.21180666666666664,0.21495999999999998,120
209,R362,0.21207333333333334,0.38197436191446704,12,5,"[6,10,22,37,40]",0.15170666666666666,19.77500439444542,32.0,16.86015620762334,16.40121909399689,0.9797468500353522,0.9776105225293306,0.11802563808553296,True,4.854613333333333,True,5,0,0.21207333333333334,0.21495999999999998,110
210,R094,0.24525333333333332,0.4850901174459284,12,5,"[1,4,10,31,40]",0.1503199999999998,19.957424161788214,32.0,16.88568121914173,16.238888131172274,0.9797433293084608,0.9767776116444808,0.014909882554071607,True,4.810239999999993,True,5,0,0.24415333333333333,0.24525333333333332,56
211,R206,0.24525333333333332,0.4850901174459284,12,5,"[1,4,6,27,40]",0.1503199999999998,19.957424161788214,32.0,16.86753152445367,16.03012888354136,0.979572548364853,0.9756619116792358,0.014909882554071607,True,4.810239999999993,True,5,0,0.24415333333333333,0.24525333333333332,56
212,R111,0.2568,0.5213563310605684,12,5,"[1,4,15,22,37]",0.1479999999999997,20.270270270270313,32.0,16.915547746768933,16.17569840487021,0.9798696068740581,0.9764452734383697,0.021356331060568445,True,4.73599999999999,True,5,0,0.2568,0.25776,28
213,R134,0.2568,0.5213563310605684,12,5,"[1,4,22,37,46]",0.1479999999999997,20.270270270270313,32.0,16.888363323142123,15.646095575538839,0.9795447065063174,0.9734714411657515,0.021356331060568445,True,4.73599999999999,True,5,0,0.2568,0.25776,28
214,R365,0.21427999999999997,0.38872203122860643,12,5,"[6,10,27,31,37]",0.14279999999999937,21.00840336134463,32.0,16.11759115305891,15.136603611944782,0.9759327658847153,0.9702675202079712,0.11127796877139357,True,4.56959999999998,True,5,0,0.21334,0.21495999999999998,59
215,R366,0.21427999999999997,0.38872203122860643,12,5,"[6,10,27,37,40]",0.14279999999999937,21.00840336134463,32.0,16.61044584773312,16.06998569849153,0.9783581605545365,0.9758788865043985,0.11127796877139357,True,4.56959999999998,True,5,0,0.21334,0.21495999999999998,59
216,R053,0.23808666666666667,0.46260810061993135,12,5,"[1,4,10,15,37]",0.14278000000000024,21.011346126908496,32.0,16.559865277140233,15.977777543486855,0.9783026111589628,0.9753740251547545,0.03739189938006865,True,4.568960000000008,True,5,0,0.23628,0.23955333333333334,169
217,R163,0.23808666666666667,0.46260810061993135,12,5,"[1,4,6,15,37]",0.1427799999999999,21.011346126908546,32.0,16.566635207116562,15.954840829707555,0.978254572516548,0.975246850018364,0.03739189938006865,True,4.568959999999997,True,5,0,0.23628,0.23955333333333334,169
218,R363,0.21427999999999997,0.38872203122860643,12,5,"[6,10,22,40,46]",0.14271999999999885,21.02017937219748,32.0,16.248145162661093,15.1800476483259,0.9766450022257359,0.9705547481174512,0.11127796877139357,True,4.567039999999963,True,5,0,0.21223999999999998,0.21495999999999998,103
219,R097,0.23808666666666667,0.46260810061993135,12,5,"[1,4,10,37,40]",0.14260000000000073,21.03786816269274,32.0,16.248006094251103,15.172916803712763,0.9766410804118392,0.9705077881755139,0.03739189938006865,True,4.563200000000023,True,5,0,0.23648,0.23955333333333334,161
220,R118,0.23808666666666667,0.46260810061993135,12,5,"[1,4,15,31,37]",0.14259999999999995,21.037868162692856,32.0,16.558710876094107,15.974852781090343,0.978296136757771,0.97535784398411,0.03739189938006865,True,4.563199999999998,True,5,0,0.23648,0.23955333333333334,161
221,R221,0.22858666666666666,0.4329308060347876,12,5,"[1,4,6,31,46]",0.14240000000000025,21.067415730337043,32.0,15.910904402283583,14.854630510825597,0.9743689943834347,0.9683361941470345,0.06706919396521238,True,4.556800000000008,True,5,0,0.22838666666666665,0.22882,19
222,R155,0.2588,0.5276319308984634,12,5,"[1,4,6,15,22]",0.14079999999999915,21.30681818181831,32.0,16.62751607013154,15.803801766527847,0.9783451534627374,0.9743932713340689,0.027631930898463386,True,4.505599999999973,True,5,0,0.2568,0.2588,63
223,R141,0.23798,0.46227394419206647,12,5,"[1,4,31,37,40]",0.1393999999999996,21.52080344332861,32.0,16.24291865075292,15.072217304467891,0.9765645285509335,0.9698368326687293,0.037726055807933534,True,4.460799999999987,True,5,0,0.23648,0.23798,62
224,R197,0.25859999999999994,0.5270045509213243,12,5,"[1,4,6,22,46]",0.13759999999999906,21.802325581395497,32.0,16.509487175931984,15.869522676136299,0.977748005674524,0.9747681517763375,0.027004550921324255,True,4.40319999999997,True,5,0,0.2568,0.2588,63
225,R322,0.21703999999999998,0.3971916709678156,12,5,"[4,6,10,31,37]",0.13183999999999996,22.754854368932047,32.0,15.5893768522895,14.69724600570034,0.9727999457989321,0.9672060007977716,0.1028083290321844,True,4.218879999999999,True,5,0,0.21703999999999998,0.21872,40
226,R326,0.21703999999999998,0.3971916709678156,12,5,"[4,6,10,37,40]",0.13183999999999996,22.754854368932047,32.0,16.039114072450154,14.707245366185882,0.9749946824621141,0.967278952286914,0.1028083290321844,True,4.218879999999999,True,5,0,0.21703999999999998,0.21872,40
227,R055,0.24525333333333332,0.4850901174459284,12,5,"[1,4,10,15,40]",0.13133333333333308,22.842639593908675,32.0,16.740979464277224,15.323219880397028,0.9787026080094068,0.9714824015381817,0.014909882554071607,True,4.202666666666659,True,5,0,0.24415333333333333,0.24525333333333332,56
228,R165,0.24525333333333332,0.4850901174459284,12,5,"[1,4,6,15,40]",0.13133333333333308,22.842639593908675,32.0,16.74899917502831,15.295564787455206,0.9786414472725602,0.971305454589974,0.014909882554071607,True,4.202666666666659,True,5,0,0.24415333333333333,0.24525333333333332,56
229,R218,0.24525333333333332,0.4850901174459284,12,5,"[1,4,6,31,40]",0.13133333333333308,22.842639593908675,32.0,16.726401971716975,15.681851790280128,0.9787806492268857,0.9736832343554284,0.014909882554071607,True,4.202666666666659,True,5,0,0.24415333333333333,0.24525333333333332,56
230,R328,0.21741333333333332,0.39833975303825225,12,5,"[4,6,10,40,46]",0.1303466666666666,23.015548281505737,32.0,15.875785334297001,15.102669002685039,0.9743044063909407,0.9700412758678599,0.10166024696174775,True,4.1710933333333315,True,5,0,0.21703999999999998,0.21872,40
231,R357,0.21738,0.3982372228747477,12,5,"[6,10,18,22,37]",0.13021999999999911,23.03793580095239,32.0,14.9836669553706,14.104274121449818,0.9686285092398654,0.9625878254108181,0.10176277712525228,True,4.167039999999972,True,5,0,0.21703999999999998,0.21872,40
232,R360,0.21738,0.3982372228747477,12,5,"[6,10,18,31,37]",0.13021999999999911,23.03793580095239,32.0,15.458591307445227,14.205704641241528,0.9713222233057793,0.9634198788879386,0.10176277712525228,True,4.167039999999972,True,5,0,0.21703999999999998,0.21761333333333333,25
233,R324,0.21738,0.3982372228747477,12,5,"[4,6,10,31,46]",0.1299600000000002,23.084025854108923,32.0,15.408331920973927,14.430897540701421,0.971684587961936,0.9652039971539379,0.10176277712525228,True,4.158720000000006,True,5,0,0.21703999999999998,0.21872,40
234,R319,0.21180666666666664,0.38116044446326575,12,5,"[4,6,10,27,31]",0.12844666666666682,23.355997301084727,32.0,16.275084775836266,14.990405119955168,0.9766201995844825,0.9692808550785896,0.11883955553673425,True,4.110293333333338,True,5,0,0.21180666666666664,0.21330666666666664,61
235,R321,0.21180666666666664,0.38116044446326575,12,5,"[4,6,10,27,40]",0.12844666666666682,23.355997301084727,32.0,16.533619408222833,15.94823960953228,0.9780866321662888,0.97521013035533,0.11883955553673425,True,4.110293333333338,True,5,0,0.21180666666666664,0.21330666666666664,61
236,R012,0.23644666666666667,0.45747239210302604,12,5,"[1,10,15,37,46]",0.12801999999999936,23.433838462740315,32.0,15.995527991740383,15.408215655932603,0.9753568750283561,0.972019628940663,0.04252760789697396,True,4.096639999999979,True,5,0,0.23628,0.23644666666666667,8
237,R030,0.23644666666666667,0.45747239210302604,12,5,"[1,15,27,37,46]",0.12801999999999936,23.433838462740315,32.0,16.10893963557993,15.59000341887183,0.9759690360642079,0.9731358484060818,0.04252760789697396,True,4.096639999999979,True,5,0,0.23628,0.23644666666666667,8
238,R262,0.23644666666666667,0.45747239210302604,12,5,"[1,6,15,37,46]",0.12801999999999936,23.433838462740315,32.0,16.02176054617773,15.328911700988531,0.9751691264327252,0.9715186881517746,0.04252760789697396,True,4.096639999999979,True,5,0,0.23628,0.23644666666666667,8
239,R031,0.23958666666666667,0.4673088849463084,12,5,"[1,15,27,37,46]",0.12495999999999974,24.007682458386736,32.0,16.5446092340379,15.709798475833326,0.9780584924430176,0.9738476234236831,0.0326911150536916,True,3.9987199999999916,True,5,0,0.23958666666666667,0.24031999999999998,31
240,R359,0.21872,0.40236240389045125,12,5,"[6,10,18,22,46]",0.12416000000000071,24.16237113402048,32.0,14.680038412677751,13.77787511000455,0.9664032726698736,0.9597851444886252,0.09763759610954875,True,3.973120000000023,True,5,0,0.21764666666666665,0.21872,15
241,R126,0.24255333333333334,0.4766141415694473,12,5,"[1,4,18,27,40]",0.12340666666666694,24.309869807141645,32.0,16.44439265238921,15.154844291406203,0.9770820586170906,0.9703884467781653,0.023385858430552686,True,3.949013333333342,True,5,0,0.24238666666666667,0.24255333333333334,8
242,R129,0.24255333333333334,0.4766141415694473,12,5,"[1,4,18,31,40]",0.12340666666666694,24.309869807141645,32.0,16.470271520778578,14.743086719791382,0.9769240512588852,0.9675391509167196,0.023385858430552686,True,3.949013333333342,True,5,0,0.24238666666666667,0.24255333333333334,8
243,R026,0.24255333333333334,0.4766141415694473,12,5,"[1,10,27,37,40]",0.12340666666666644,24.309869807141745,32.0,16.48043597819683,14.710269851921874,0.9768354348358411,0.9673009868704125,0.023385858430552686,True,3.949013333333326,True,5,0,0.24238666666666667,0.24255333333333334,8
244,R085,0.24255333333333334,0.4766141415694473,12,5,"[1,4,10,27,40]",0.12340666666666644,24.309869807141745,32.0,16.480602022480234,14.70812549310654,0.9768329139847021,0.9672853658416661,0.023385858430552686,True,3.949013333333326,True,5,0,0.24238666666666667,0.24255333333333334,8
245,R364,0.21220666666666665,0.38238144503529614,12,5,"[6,10,27,31,37]",0.12206666666666699,24.576734025122818,32.0,16.15232141932746,14.754421136093914,0.9758678230718744,0.9676210187733041,0.11761855496470386,True,3.9061333333333437,True,5,0,0.21207333333333334,0.21220666666666665,7
246,R029,0.24242,0.4761957292238173,12,5,"[1,15,18,31,37]",0.12113999999999966,24.764735017335383,32.0,15.841222973266246,14.508969045427376,0.9730974968966759,0.9658027233972329,0.02380427077618269,True,3.8764799999999893,True,5,0,0.24238666666666667,0.24255333333333334,8
247,R104,0.24242,0.4761957292238173,12,5,"[1,4,15,18,31]",0.12113999999999966,24.764735017335383,32.0,15.841020977610574,14.508868845332678,0.9730967028660082,0.9658019613736099,0.02380427077618269,True,3.8764799999999893,True,5,0,0.24238666666666667,0.24255333333333334,8
248,R105,0.2568,0.5213563310605684,12,5,"[1,4,15,18,37]",0.12080000000000002,24.834437086092713,32.0,16.6402925537652,15.486954385349474,0.9782948163181651,0.972508528888707,0.021356331060568445,True,3.8656000000000006,True,5,0,0.2568,0.25776,28
249,R130,0.2568,0.5213563310605684,12,5,"[1,4,18,37,46]",0.12080000000000002,24.834437086092713,32.0,16.70719248678247,15.183445613194696,0.9783870442893393,0.970577099788634,0.021356331060568445,True,3.8656000000000006,True,5,0,0.2568,0.25776,28
250,R009,0.26458666666666664,0.5457612373664823,12,5,"[1,10,15,22,27]",0.12074666666666756,24.845406360423844,32.0,15.956582277292393,14.982867956227686,0.9748040443317416,0.9692291377438492,0.0457612373664823,True,3.863893333333362,True,5,0,0.26458666666666664,0.26492,14
251,R010,0.26458666666666664,0.5457612373664823,12,5,"[1,10,15,27,37]",0.12074666666666756,24.845406360423844,32.0,15.918284525570801,15.030051111791105,0.9748440123893832,0.9695515089189051,0.0457612373664823,True,3.863893333333362,True,5,0,0.26458666666666664,0.26492,14
252,R251,0.26458666666666664,0.5457612373664823,12,5,"[1,6,15,18,27]",0.12074666666666756,24.845406360423844,32.0,16.376879879997603,15.049395644650637,0.9770327391140615,0.9696827296653514,0.0457612373664823,True,3.863893333333362,True,5,0,0.26458666666666664,0.26492,14
253,R255,0.26458666666666664,0.5457612373664823,12,5,"[1,6,15,22,27]",0.12074666666666756,24.845406360423844,32.0,16.258935028761307,14.972407064917665,0.976079380033245,0.9691572191099652,0.0457612373664823,True,3.863893333333362,True,5,0,0.26458666666666664,0.26492,14
254,R260,0.26458666666666664,0.5457612373664823,12,5,"[1,6,15,27,37]",0.12074666666666756,24.845406360423844,32.0,16.399572750210364,15.019476089379573,0.976996228415526,0.9694795424377399,0.0457612373664823,True,3.863893333333362,True,5,0,0.26458666666666664,0.26492,14
255,R228,0.23879999999999998,0.4648431961473479,12,5,"[1,4,6,37,40]",0.11919999999999975,25.16778523489938,32.0,15.970702025524337,15.221891572174783,0.9749398518613444,0.9708288522125164,0.035156803852652074,True,3.814399999999992,True,5,0,0.23805333333333334,0.23955333333333334,94
256,R195,0.22882,0.4336572913855568,12,5,"[1,4,6,22,46]",0.11876000000000009,25.261030650050504,32.0,15.792160756247938,15.14166835970029,0.9740784739881446,0.9703011448734806,0.06634270861444319,True,3.800320000000003,True,5,0,0.22838666666666665,0.22882,19
257,R345,0.22882,0.4336572913855568,12,5,"[4,6,22,27,46]",0.11876000000000009,25.261030650050504,32.0,15.81408858203385,14.461577492158536,0.9739751721926613,0.9654404759047452,0.06634270861444319,True,3.800320000000003,True,5,0,0.22838666666666665,0.22882,19
258,R350,0.22882,0.4336572913855568,12,5,"[4,6,22,40,46]",0.11875999999999909,25.261030650050717,32.0,15.594576028351549,13.854006423037745,0.9722754846729618,0.9604563293299012,0.06634270861444319,True,3.800319999999971,True,5,0,0.22838666666666665,0.22882,19
259,R004,0.2646866666666666,0.5460740690553548,12,5,"[1,10,15,18,27]",0.117493333333333,25.533363595097665,32.0,15.633738315834455,14.97641932427941,0.9732213886618014,0.9691848226144898,0.04607406905535483,True,3.759786666666656,True,5,0,0.26458666666666664,0.26492,14
260,R179,0.22838666666666665,0.43230821898374083,12,5,"[1,4,6,18,46]",0.11742666666666715,25.547859657090846,32.0,15.627738135636625,14.143074556516096,0.9721341923534869,0.9629082394685687,0.06769178101625917,True,3.757653333333349,True,5,0,0.22838666666666665,0.22882,19
261,R340,0.23254666666666665,0.4452785690979924,12,5,"[4,6,22,27,37]",0.11652000000000062,25.7466529351183,32.0,16.33506711016999,14.588803159107734,0.9761418585436734,0.9664046855046674,0.054721430902007595,True,3.72864000000002,True,5,0,0.23254666666666665,0.2326133333333333,4
262,R347,0.23254666666666665,0.4452785690979924,12,5,"[4,6,22,27,46]",0.11652000000000062,25.7466529351183,32.0,16.40243120522095,14.680845912765433,0.9766237694042184,0.9670860117121542,0.054721430902007595,True,3.72864000000002,True,5,0,0.23254666666666665,0.2326133333333333,4
263,R110,0.23256,0.4453202055750993,12,5,"[1,4,15,22,37]",0.11624000000000001,25.808671713695798,32.0,15.808366319204925,14.998027748984772,0.9739105159336537,0.9693330732369755,0.054679794424900674,True,3.7196800000000003,True,5,0,0.23154666666666665,0.2326133333333333,43
264,R194,0.2680866666666667,0.5566987159632527,12,5,"[1,4,6,22,40]",0.11494666666666675,26.099060433824363,32.0,16.230333109172456,14.785478294437306,0.976032952750703,0.967844321568197,0.05669871596325271,True,3.678293333333336,True,5,0,0.26748666666666665,0.2680866666666667,25
265,R229,0.2680866666666667,0.5566987159632527,12,5,"[1,4,6,37,40]",0.11494666666666675,26.099060433824363,32.0,16.16545963937167,15.001355467325306,0.9758173638763591,0.9693558425203426,0.05669871596325271,True,3.678293333333336,True,5,0,0.26748666666666665,0.2680866666666667,25
266,R259,0.2680866666666667,0.5566987159632527,12,5,"[1,6,15,22,40]",0.11494666666666675,26.099060433824363,32.0,15.880778948112209,14.699058120660087,0.9736478225177677,0.9672192329392987,0.05669871596325271,True,3.678293333333336,True,5,0,0.26748666666666665,0.2680866666666667,25
267,R293,0.22855999999999999,0.43284778828719433,12,5,"[4,10,15,22,27]",0.11407999999999996,26.297335203366067,32.0,14.783208937546831,13.88123479548716,0.9670669524228949,0.9606937609821835,0.06715221171280567,True,3.6505599999999987,True,5,0,0.22838666666666665,0.22882,19
268,R056,0.2408,0.4711134410416792,12,5,"[1,4,10,15,46]",0.1135999999999987,26.408450704225654,32.0,16.122094422642792,14.57817265734738,0.9752845361682857,0.966325123985314,0.028886558958320818,True,3.6351999999999585,True,5,0,0.24035333333333334,0.2408,19
269,R100,0.2408,0.4711134410416792,12,5,"[1,4,10,40,46]",0.1135999999999987,26.408450704225654,32.0,16.209476840160733,14.572690660282234,0.9756140196210902,0.9662840242125428,0.028886558958320818,True,3.6351999999999585,True,5,0,0.24035333333333334,0.2408,19
270,R119,0.2408,0.4711134410416792,12,5,"[1,4,15,31,46]",0.1135999999999987,26.408450704225654,32.0,15.97405429656691,14.641007720391034,0.9749167433014101,0.96679277209045,0.028886558958320818,True,3.6351999999999585,True,5,0,0.24035333333333334,0.2408,19
271,R166,0.2408,0.4711134410416792,12,5,"[1,4,6,15,46]",0.1135999999999987,26.408450704225654,32.0,16.099290053004037,14.623168341898523,0.9754364894186113,0.9666606442480543,0.028886558958320818,True,3.6351999999999585,True,5,0,0.24035333333333334,0.2408,19
272,R234,0.2408,0.4711134410416792,12,5,"[1,4,6,40,46]",0.1135999999999987,26.408450704225654,32.0,16.25161603735507,14.617629288986771,0.9760549894856909,0.9666195159302172,0.028886558958320818,True,3.6351999999999585,True,5,0,0.24035333333333334,0.2408,19
273,R115,0.24075333333333332,0.47096707950149314,12,5,"[1,4,15,27,46]",0.11096000000000039,27.03677000720971,32.0,15.477055591856068,14.611299043919155,0.972126384614269,0.9665724529086079,0.029032920498506865,True,3.5507200000000125,True,5,0,0.24035333333333334,0.2408,19
274,R337,0.23214666666666664,0.4440296546842995,12,5,"[4,6,18,37,40]",0.10701333333333451,28.033889857961316,32.0,15.684665279207469,13.026919862377762,0.9706387002871996,0.9525542066398978,0.0559703453157005,True,3.4244266666667045,True,5,0,0.23154666666666665,0.23251333333333332,39
275,R338,0.23214666666666664,0.4440296546842995,12,5,"[4,6,18,40,46]",0.10701333333333451,28.033889857961316,32.0,15.834385627023853,13.107228493206641,0.9716334693653291,0.9533829761636129,0.0559703453157005,True,3.4244266666667045,True,5,0,0.23154666666666665,0.23251333333333332,39
276,R177,0.26785333333333333,0.5559703453157004,12,5,"[1,4,6,18,40]",0.10701333333333274,28.033889857961782,32.0,15.646942089223277,13.127149893372481,0.9710827454496836,0.9535864199639595,0.05597034531570044,True,3.4244266666666476,True,5,0,0.26748666666666665,0.2680866666666667,25
277,R253,0.26785333333333333,0.5559703453157004,12,5,"[1,6,15,18,40]",0.10701333333333274,28.033889857961782,32.0,15.680115389546097,13.069564251672599,0.9707943580372429,0.9529960170166234,0.05597034531570044,True,3.4244266666666476,True,5,0,0.26748666666666665,0.2680866666666667,25
278,R261,0.26785333333333333,0.5559703453157004,12,5,"[1,6,15,37,40]",0.10701333333333274,28.033889857961782,32.0,15.558474253505642,14.523066470315097,0.97147564850202,0.965909771476223,0.05597034531570044,True,3.4244266666666476,True,5,0,0.26748666666666665,0.2680866666666667,25
279,R044,0.2588,0.5276319308984634,12,5,"[1,4,10,15,22]",0.10559999999999947,28.409090909091052,32.0,16.075593447478056,14.496521615351776,0.9748372869136018,0.9657079349901114,0.027631930898463386,True,3.379199999999983,True,5,0,0.25783999999999996,0.2588,35
280,R072,0.2588,0.5276319308984634,12,5,"[1,4,10,22,46]",0.10559999999999947,28.409090909091052,32.0,15.895759321495245,14.66728420878355,0.9739554309757003,0.9669864690804787,0.027631930898463386,True,3.379199999999983,True,5,0,0.25783999999999996,0.2588,35
281,R149,0.2588,0.5276319308984634,12,5,"[1,4,6,15,18]",0.10559999999999947,28.409090909091052,32.0,16.19335467700055,14.761206180093748,0.9756505415192182,0.967669931241131,0.027631930898463386,True,3.379199999999983,True,5,0,0.25783999999999996,0.2588,35
282,R180,0.2588,0.5276319308984634,12,5,"[1,4,6,18,46]",0.10559999999999947,28.409090909091052,32.0,15.96663460598037,14.870810792279235,0.9745210537145793,0.9684502278999176,0.027631930898463386,True,3.379199999999983,True,5,0,0.25783999999999996,0.2588,35
283,R323,0.21180666666666664,0.38116044446326575,12,5,"[4,6,10,31,46]",0.10412000000000066,28.81290818286574,32.0,16.041569600882305,14.363841540775164,0.9747820661450319,0.964681692566751,0.11883955553673425,True,3.331840000000021,True,5,0,0.21180666666666664,0.21203999999999998,10
284,R327,0.21180666666666664,0.38116044446326575,12,5,"[4,6,10,40,46]",0.10412000000000066,28.81290818286574,32.0,16.12864741690864,14.892453643159273,0.9754925575166691,0.9686021392113779,0.11883955553673425,True,3.331840000000021,True,5,0,0.21180666666666664,0.21203999999999998,10
285,R168,0.2525933333333333,0.5081468364297554,12,5,"[1,4,6,15,46]",0.10373333333333168,28.92030848329095,32.0,16.361459191782068,14.224271069505878,0.9758277598705668,0.9635702431338723,0.008146836429755444,True,3.3194666666666137,True,5,0,0.25236,0.2525933333333333,10
286,R208,0.2525933333333333,0.5081468364297554,12,5,"[1,4,6,27,46]",0.10373333333333168,28.92030848329095,32.0,16.38776999397403,14.505240713136466,0.9762561729566688,0.9657743583231205,0.008146836429755444,True,3.3194666666666137,True,5,0,0.25236,0.2525933333333333,10
287,R223,0.2525933333333333,0.5081468364297554,12,5,"[1,4,6,31,46]",0.10373333333333168,28.92030848329095,32.0,16.362035827190827,14.575110849223412,0.9762144188087192,0.9663021748819757,0.008146836429755444,True,3.3194666666666137,True,5,0,0.25236,0.2525933333333333,10
288,R265,0.2525933333333333,0.5081468364297554,12,5,"[1,6,15,40,46]",0.10373333333333168,28.92030848329095,32.0,15.939388352546402,14.258686096575312,0.974211133466867,0.9638473892119507,0.008146836429755444,True,3.3194666666666137,True,5,0,0.25236,0.2525933333333333,10
289,R285,0.2525933333333333,0.5081468364297554,12,5,"[1,6,27,40,46]",0.10373333333333168,28.92030848329095,32.0,16.09853481830293,14.541965595637745,0.9751008552493522,0.9660527739480601,0.008146836429755444,True,3.3194666666666137,True,5,0,0.25236,0.2525933333333333,10
290,R288,0.2525933333333333,0.5081468364297554,12,5,"[1,6,31,40,46]",0.10373333333333168,28.92030848329095,32.0,16.129884240913462,14.61243391371047,0.9752752627186329,0.9665808949542992,0.008146836429755444,True,3.3194666666666137,True,5,0,0.25236,0.2525933333333333,10
291,R167,0.24741333333333332,0.4918741047480852,12,5,"[1,4,6,15,46]",0.10346666666666815,28.994845360824325,32.0,16.108907592033255,13.632182146828251,0.9737772693567164,0.9584701486396664,0.008125895251914816,True,3.310933333333381,True,5,0,0.24741333333333332,0.24764666666666665,11
292,R207,0.24741333333333332,0.4918741047480852,12,5,"[1,4,6,27,46]",0.10346666666666815,28.994845360824325,32.0,16.01303752191099,13.58802939173426,0.9731957691643076,0.9580635764100645,0.008125895251914816,True,3.310933333333381,True,5,0,0.24741333333333332,0.24764666666666665,11
293,R222,0.24741333333333332,0.4918741047480852,12,5,"[1,4,6,31,46]",0.10346666666666815,28.994845360824325,32.0,15.961988620973415,13.569735093870158,0.9728981884632226,0.9578940039519702,0.008125895251914816,True,3.310933333333381,True,5,0,0.24741333333333332,0.24764666666666665,11
294,R264,0.24741333333333332,0.4918741047480852,12,5,"[1,6,15,40,46]",0.10346666666666815,28.994845360824325,32.0,15.84225234159562,13.662028311961427,0.972930345123444,0.9587428424523321,0.008125895251914816,True,3.310933333333381,True,5,0,0.24741333333333332,0.24764666666666665,11
295,R284,0.24741333333333332,0.4918741047480852,12,5,"[1,6,27,40,46]",0.10346666666666815,28.994845360824325,32.0,15.889011358137171,13.617572632448304,0.9728480894496012,0.958336038891634,0.008125895251914816,True,3.310933333333381,True,5,0,0.24741333333333332,0.24764666666666665,11
296,R287,0.24741333333333332,0.4918741047480852,12,5,"[1,6,31,40,46]",0.10346666666666815,28.994845360824325,32.0,15.874754583670116,13.599153726292306,0.9726689582242244,0.9581663699793744,0.008125895251914816,True,3.310933333333381,True,5,0,0.24741333333333332,0.24764666666666665,11
297,R064,0.2643533333333333,0.54503122671665,12,5,"[1,4,10,18,46]",0.10283999999999671,29.171528588098948,32.0,14.648037191575643,12.905577406406067,0.9659949080019172,0.9512753740780634,0.04503122671665005,True,3.290879999999895,True,5,0,0.26421999999999995,0.26455999999999996,15
298,R073,0.2643533333333333,0.54503122671665,12,5,"[1,4,10,22,46]",0.10283999999999671,29.171528588098948,32.0,15.312104629231987,12.868921553637326,0.9691052282082022,0.9508826671685574,0.04503122671665005,True,3.290879999999895,True,5,0,0.26421999999999995,0.26455999999999996,15
299,R098,0.2643533333333333,0.54503122671665,12,5,"[1,4,10,37,46]",0.10283999999999671,29.171528588098948,32.0,14.998460173585983,12.89385261258349,0.9678419616451219,0.9511500874154968,0.04503122671665005,True,3.290879999999895,True,5,0,0.26421999999999995,0.26455999999999996,15
300,R181,0.2643533333333333,0.54503122671665,12,5,"[1,4,6,18,46]",0.10283999999999671,29.171528588098948,32.0,15.401853888230061,12.894714622993455,0.9696144145282037,0.9511593089278638,0.04503122671665005,True,3.290879999999895,True,5,0,0.26421999999999995,0.26455999999999996,15
301,R198,0.2643533333333333,0.54503122671665,12,5,"[1,4,6,22,46]",0.10283999999999671,29.171528588098948,32.0,15.641014570549036,12.858149956644922,0.9702640721326592,0.9507666978211113,0.04503122671665005,True,3.290879999999895,True,5,0,0.26421999999999995,0.26455999999999996,15
302,R230,0.2643533333333333,0.54503122671665,12,5,"[1,4,6,37,46]",0.10283999999999671,29.171528588098948,32.0,15.542038873301824,12.883019079742152,0.9700764661629273,0.9510340528338818,0.04503122671665005,True,3.290879999999895,True,5,0,0.26421999999999995,0.26455999999999996,15
303,R060,0.26527999999999996,0.5479298254318495,12,5,"[1,4,10,18,27]",0.10143999999999931,29.574132492113765,32.0,14.715229649190471,12.799121827842665,0.966189895846297,0.950126565315382,0.04792982543184954,True,3.246079999999978,True,5,0,0.2649533333333333,0.2656,14
304,R067,0.26527999999999996,0.5479298254318495,12,5,"[1,4,10,22,27]",0.10143999999999931,29.574132492113765,32.0,15.293400437893505,12.753366916186566,0.9686550055494185,0.9496249571909481,0.04792982543184954,True,3.246079999999978,True,5,0,0.2649533333333333,0.2656,14
305,R082,0.26527999999999996,0.5479298254318495,12,5,"[1,4,10,27,37]",0.10143999999999931,29.574132492113765,32.0,15.177538440518472,12.77243925024665,0.968306488696944,0.9498346240025352,0.04792982543184954,True,3.246079999999978,True,5,0,0.2649533333333333,0.2656,14
306,R171,0.26527999999999996,0.5479298254318495,12,5,"[1,4,6,18,27]",0.10143999999999931,29.574132492113765,32.0,15.423890901799817,12.789148919604973,0.9693903543446611,0.9500176378999039,0.04792982543184954,True,3.246079999999978,True,5,0,0.2649533333333333,0.2656,14
307,R188,0.26527999999999996,0.5479298254318495,12,5,"[1,4,6,22,27]",0.10143999999999931,29.574132492113765,32.0,15.587495605729595,12.7434984069073,0.9696655989403375,0.949516144752415,0.04792982543184954,True,3.246079999999978,True,5,0,0.2649533333333333,0.2656,14
308,R205,0.26527999999999996,0.5479298254318495,12,5,"[1,4,6,27,37]",0.10143999999999931,29.574132492113765,32.0,15.5758184631159,12.762527356971328,0.9697643853751267,0.9497257635122573,0.04792982543184954,True,3.246079999999978,True,5,0,0.2649533333333333,0.2656,14
309,R039,0.2635533333333333,0.5425276078969737,12,5,"[1,4,10,15,18]",0.10091333333333363,29.728479883728525,32.0,15.35997923281494,14.258932422722783,0.9704183956789023,0.9638493655567649,0.04252760789697374,True,3.2292266666666762,True,5,0,0.2635533333333333,0.26411999999999997,24
310,R045,0.2635533333333333,0.5425276078969737,12,5,"[1,4,10,15,22]",0.10091333333333363,29.728479883728525,32.0,15.798109841053739,13.770836178639104,0.9725553670543879,0.959722539834478,0.04252760789697374,True,3.2292266666666762,True,5,0,0.2635533333333333,0.26411999999999997,24
311,R054,0.2635533333333333,0.5425276078969737,12,5,"[1,4,10,15,37]",0.10091333333333363,29.728479883728525,32.0,15.47667720589455,14.211555216959317,0.9711645680271135,0.963467325360152,0.04252760789697374,True,3.2292266666666762,True,5,0,0.2635533333333333,0.26411999999999997,24
312,R150,0.2635533333333333,0.5425276078969737,12,5,"[1,4,6,15,18]",0.10091333333333363,29.728479883728525,32.0,16.109089444586136,14.32442863052203,0.9747077188658085,0.9643711862515327,0.04252760789697374,True,3.2292266666666762,True,5,0,0.2635533333333333,0.26411999999999997,24
313,R156,0.2635533333333333,0.5425276078969737,12,5,"[1,4,6,15,22]",0.10091333333333363,29.728479883728525,32.0,16.126752653720104,13.82932284764909,0.9741153134693402,0.9602399004321576,0.04252760789697374,True,3.2292266666666762,True,5,0,0.2635533333333333,0.26411999999999997,24
314,R164,0.2635533333333333,0.5425276078969737,12,5,"[1,4,6,15,37]",0.10091333333333363,29.728479883728525,32.0,16.144037370477538,14.276335482975997,0.9748094664891547,0.963988732357716,0.04252760789697374,True,3.2292266666666762,True,5,0,0.2635533333333333,0.26411999999999997,24
315,R268,0.22,0.4063093427071376,12,5,"[1,6,18,22,46]",0.10000000000000006,29.999999999999982,32.0,14.092975283147435,12.478123112324745,0.961415552555074,0.946505302028427,0.09369065729286241,True,3.200000000000002,True,5,0,0.2188,0.22008,17
316,R273,0.22,0.4063093427071376,12,5,"[1,6,18,31,46]",0.10000000000000006,29.999999999999982,32.0,14.39134399341242,12.48755930132117,0.9632499791119857,0.9466152088916392,0.09369065729286241,True,3.200000000000002,True,5,0,0.2188,0.22008,17
317,R275,0.22,0.4063093427071376,12,5,"[1,6,18,40,46]",0.10000000000000006,29.999999999999982,32.0,14.621086443209986,12.494884321718285,0.9644762810646874,0.9467003792405322,0.09369065729286241,True,3.200000000000002,True,5,0,0.21968,0.22008,6
318,R278,0.22,0.4063093427071376,12,5,"[1,6,22,27,46]",0.10000000000000006,29.999999999999982,32.0,13.82997279707262,12.514523780462735,0.9596931550201067,0.9469281011015054,0.09369065729286241,True,3.200000000000002,True,5,0,0.21968,0.22008,6
319,R281,0.22,0.4063093427071376,12,5,"[1,6,27,31,46]",0.10000000000000006,29.999999999999982,32.0,14.234022024831683,12.524039478927538,0.962557915214159,0.9470381061820202,0.09369065729286241,True,3.200000000000002,True,5,0,0.21968,0.22008,6
320,R283,0.22,0.4063093427071376,12,5,"[1,6,27,40,46]",0.10000000000000006,29.999999999999982,32.0,14.538973022801596,12.531426340274471,0.9643521459096073,0.9471233526504955,0.09369065729286241,True,3.200000000000002,True,5,0,0.21968,0.22008,6
321,R232,0.21952,0.40482851677228715,12,5,"[1,4,6,40,46]",0.0972800000000007,30.83881578947346,32.0,14.268156475261568,13.15004397481699,0.963599455619663,0.953819178614104,0.09517148322771285,True,3.1129600000000224,True,5,0,0.2188,0.2196,11
322,R227,0.21952,0.40482851677228715,12,5,"[1,4,6,37,40]",0.09728000000000031,30.838815789473585,32.0,13.9074340558174,12.418392645273617,0.9603098812852566,0.945804631707585,0.09517148322771285,True,3.11296000000001,True,5,0,0.2188,0.2196,11
323,R267,0.21952,0.40482851677228715,12,5,"[1,6,18,22,37]",0.09728000000000031,30.838815789473585,32.0,14.098668343056769,12.312493000423771,0.9612319577440038,0.9445410627466744,0.09517148322771285,True,3.11296000000001,True,5,0,0.2188,0.2196,11
324,R272,0.21952,0.40482851677228715,12,5,"[1,6,18,31,37]",0.09728000000000031,30.838815789473585,32.0,14.446696844230496,12.321980656848543,0.963264053804016,0.9446553888209335,0.09517148322771285,True,3.11296000000001,True,5,0,0.2188,0.2196,11
325,R178,0.22742,0.42930057285778167,12,5,"[1,4,6,18,46]",0.09680000000000044,30.991735537189943,32.0,15.042789056621217,13.325618666881542,0.9680199886190838,0.9555676217935989,0.07069942714221833,True,3.097600000000014,True,5,0,0.22735333333333332,0.22742,4
326,R220,0.22742,0.42930057285778167,12,5,"[1,4,6,31,46]",0.09680000000000044,30.991735537189943,32.0,15.030721277248167,13.400722481515528,0.9686415238636824,0.9562961055155556,0.07069942714221833,True,3.097600000000014,True,5,0,0.22735333333333332,0.22742,4
327,R233,0.22742,0.42930057285778167,12,5,"[1,4,6,40,46]",0.09680000000000044,30.991735537189943,32.0,15.022746348045766,13.318450717709316,0.9678257111216798,0.9554974927100683,0.07069942714221833,True,3.097600000000014,True,5,0,0.22735333333333332,0.22742,4
328,R113,0.22582,0.4243281842067348,12,5,"[1,4,15,27,31]",0.09671999999999947,31.017369727047317,32.0,14.172343074316718,12.174855724957368,0.9606376320312817,0.9428573448576181,0.0756718157932652,True,3.095039999999983,True,5,0,0.22572,0.22655999999999998,35
329,R137,0.22582,0.4243281842067348,12,5,"[1,4,27,31,37]",0.09671999999999947,31.017369727047317,32.0,13.797727123692031,12.157283255194313,0.9583562760125913,0.9426389546243064,0.0756718157932652,True,3.095039999999983,True,5,0,0.22572,0.22655999999999998,35
330,R138,0.22582,0.4243281842067348,12,5,"[1,4,27,31,46]",0.09671999999999947,31.017369727047317,32.0,14.176358213292986,12.175046602261855,0.9606596047122361,0.9428597127825684,0.0756718157932652,True,3.095039999999983,True,5,0,0.22572,0.22655999999999998,35
331,R200,0.22582,0.4243281842067348,12,5,"[1,4,6,27,31]",0.09671999999999947,31.017369727047317,32.0,13.791723619861333,12.157008347405453,0.9583157973060523,0.9426355318572565,0.0756718157932652,True,3.095039999999983,True,5,0,0.22572,0.22655999999999998,35
332,R296,0.22582,0.4243281842067348,12,5,"[4,10,15,27,31]",0.09671999999999947,31.017369727047317,32.0,14.117419217775318,12.253688046777233,0.9611320800635014,0.9438274915157799,0.0756718157932652,True,3.095039999999983,True,5,0,0.22572,0.22655999999999998,35
333,R320,0.22582,0.4243281842067348,12,5,"[4,6,10,27,31]",0.09671999999999947,31.017369727047317,32.0,13.500349953464118,12.235514431920398,0.9566494067561017,0.9436052218684243,0.0756718157932652,True,3.095039999999983,True,5,0,0.22572,0.22655999999999998,35
334,R182,0.2725866666666667,0.5707201606012196,12,5,"[1,4,6,18,46]",0.09653333333333203,31.077348066298764,32.0,16.093391993813412,14.437442515428273,0.9748564462647586,0.9652545758561564,0.07072016060121955,True,3.089066666666625,True,5,0,0.2725866666666667,0.27265333333333336,4
335,R235,0.2725866666666667,0.5707201606012196,12,5,"[1,4,6,40,46]",0.09653333333333203,31.077348066298764,32.0,16.109427120805435,14.43442477904554,0.9749177995277589,0.9652312639985843,0.07072016060121955,True,3.089066666666625,True,5,0,0.2725866666666667,0.27265333333333336,4
336,R139,0.23804666666666666,0.4624827899831893,12,5,"[1,4,27,37,40]",0.0946066666666665,31.710238883799644,32.0,15.803409050038757,13.963609244655487,0.9730748213588243,0.9614037690947499,0.03751721001681069,True,3.027413333333328,True,5,0,0.23798666666666665,0.23804666666666666,5
337,R057,0.25,0.5000000000000001,12,4,"[1,4,10,15]",0.25,12.0,32.0,19.209693589986486,19.209693589986447,0.9881463550700496,0.9881463550700494,1.1102230246251565e-16,True,8.0,True,4,0,0.24767999999999998,0.25232666666666664,119
338,R087,0.25,0.5000000000000001,12,4,"[1,4,10,27]",0.25,12.0,32.0,19.209693589986486,19.209693589986447,0.9881463550700496,0.9881463550700494,1.1102230246251565e-16,True,8.0,True,4,0,0.24767999999999998,0.25232666666666664,119
339,R096,0.25,0.5000000000000001,12,4,"[1,4,10,31]",0.25,12.0,32.0,19.209693589986486,19.209693589986447,0.9881463550700496,0.9881463550700494,1.1102230246251565e-16,True,8.0,True,4,0,0.24767999999999998,0.25232666666666664,119
340,R169,0.25,0.5000000000000001,12,4,"[1,4,6,15]",0.25,12.0,32.0,19.209693589986486,19.209693589986447,0.9881463550700496,0.9881463550700494,1.1102230246251565e-16,True,8.0,True,4,0,0.24767999999999998,0.25232666666666664,119
341,R211,0.25,0.5000000000000001,12,4,"[1,4,6,27]",0.25,12.0,32.0,19.209693589986486,19.209693589986447,0.9881463550700496,0.9881463550700494,1.1102230246251565e-16,True,8.0,True,4,0,0.24767999999999998,0.25232666666666664,119
342,R225,0.25,0.5000000000000001,12,4,"[1,4,6,31]",0.25,12.0,32.0,19.209693589986486,19.209693589986447,0.9881463550700496,0.9881463550700494,1.1102230246251565e-16,True,8.0,True,4,0,0.24767999999999998,0.25232666666666664,119
343,R199,0.26567999999999997,0.5491805228114469,12,4,"[1,4,6,22]",0.20296000000000008,14.781237682301926,32.0,18.937973950214293,18.18792959328578,0.9872828485390901,0.9850491819788129,0.049180522811446914,True,6.494720000000003,True,4,0,0.26567999999999997,0.2674533333333333,55
344,R231,0.26567999999999997,0.5491805228114469,12,4,"[1,4,6,37]",0.20296000000000008,14.781237682301926,32.0,18.953808304627124,18.36755519880285,0.9873724020600112,0.9856462442595663,0.049180522811446914,True,6.494720000000003,True,4,0,0.26567999999999997,0.2674533333333333,55
345,R185,0.2666866666666667,0.5523267188746069,12,4,"[1,4,6,18]",0.19993999999999995,15.004501350405125,32.0,18.82237803020773,18.629335764479464,0.9870430031652192,0.9864745320064372,0.05232671887460694,True,6.398079999999998,True,4,0,0.26567999999999997,0.2674533333333333,55
346,R074,0.26665333333333335,0.5522225730147327,12,4,"[1,4,10,22]",0.19984000000000002,15.012009607686148,32.0,18.47349319331058,17.824451323737282,0.9858377533856122,0.9837652227846454,0.052222573014732654,True,6.394880000000001,True,4,0,0.26567999999999997,0.2674533333333333,55
347,R099,0.26665333333333335,0.5522225730147327,12,4,"[1,4,10,37]",0.19964000000000048,15.027048687637711,32.0,18.473373849933452,17.824706278290613,0.9858382001661252,0.9837661603551291,0.052222573014732654,True,6.3884800000000155,True,4,0,0.26567999999999997,0.2674533333333333,55
348,R106,0.22568666666666667,0.42391415676829586,12,4,"[1,4,15,18]",0.15961333333333327,18.795422270487016,32.0,17.111016716100366,16.279898651409557,0.9805916129661034,0.976990847107502,0.07608584323170414,True,5.107626666666665,True,4,0,0.22104,0.22568666666666667,64
349,R116,0.22496,0.4216586533741111,12,4,"[1,4,15,27]",0.14944000000000007,20.07494646680941,32.0,16.97389955527281,15.792556711486451,0.9798086979168349,0.9743285869878554,0.07834134662588887,True,4.782080000000002,True,4,0,0.22152,0.22568666666666667,58
350,R107,0.22658666666666666,0.426709863701176,12,4,"[1,4,15,18]",0.14802666666666714,20.2666186272743,32.0,17.232879574505283,16.160523635541487,0.9809032917242204,0.97636477509998,0.07329013629882403,True,4.7368533333333485,True,4,0,0.22658666666666666,0.22732,30
351,R122,0.22718666666666668,0.42857497586160465,12,4,"[1,4,15,40]",0.13971999999999898,21.471514457486556,32.0,17.268747187870016,16.027879787291592,0.980888572484339,0.9756496113558814,0.07142502413839535,True,4.4710399999999675,True,4,0,0.22718666666666668,0.22732,7
352,R066,0.2674533333333333,0.5547214309020075,12,4,"[1,4,10,18]",0.13962666666666612,21.48586707410245,32.0,17.960022045313643,16.931396446455487,0.983950626825915,0.9801324137420748,0.05472143090200754,True,4.468053333333316,True,4,0,0.26567999999999997,0.2674533333333333,55
353,R120,0.22732,0.4289895840182776,12,4,"[1,4,15,31]",0.1376400000000001,21.795989537925006,32.0,17.237880238673668,16.066806443674487,0.981052461395663,0.9758616485549896,0.07101041598172242,True,4.404480000000003,True,4,0,0.22718666666666668,0.22732,7
354,R224,0.22732,0.4289895840182776,12,4,"[1,4,6,31]",0.13660000000000003,21.9619326500732,32.0,16.533779669330652,15.949650428324858,0.978094083344993,0.9752179825729911,0.07101041598172242,True,4.371200000000001,True,4,0,0.22658666666666666,0.22732,30
355,R184,0.22725333333333333,0.428782273692023,12,4,"[1,4,6,18]",0.13626666666666673,22.015655577299402,32.0,16.588925120498423,15.101765569121195,0.9776796538639749,0.9700352298711912,0.07121772630797701,True,4.360533333333335,True,4,0,0.22658666666666666,0.22732,30
356,R237,0.22725333333333333,0.428782273692023,12,4,"[1,4,6,40]",0.13626666666666673,22.015655577299402,32.0,16.591841872262467,15.11285717523847,0.9777051284360891,0.9701093758012815,0.07121772630797701,True,4.360533333333335,True,4,0,0.22658666666666666,0.22732,30
357,R183,0.22568666666666667,0.42391415676829586,12,4,"[1,4,6,18]",0.12843333333333332,23.358422008824295,32.0,16.54916860507901,15.433203405741088,0.9779118377847038,0.9721756891824145,0.07608584323170414,True,4.109866666666666,True,4,0,0.22104,0.22568666666666667,64
358,R209,0.22568666666666667,0.42391415676829586,12,4,"[1,4,6,27]",0.12843333333333332,23.358422008824295,32.0,16.447601677667446,14.77343948554477,0.9767119114593192,0.9677579390802412,0.07608584323170414,True,4.109866666666666,True,4,0,0.22152,0.22568666666666667,58
359,R121,0.22568666666666667,0.42391415676829586,12,4,"[1,4,15,40]",0.1247200000000005,24.05388069275167,32.0,16.81885601100603,15.810045427790646,0.9792997403931079,0.9744291178729283,0.07608584323170414,True,3.991040000000016,True,4,0,0.22488,0.22568666666666667,16
360,R236,0.22568666666666667,0.42391415676829586,12,4,"[1,4,6,40]",0.1247200000000005,24.05388069275167,32.0,16.241146069829774,15.75589549957186,0.9766858563193752,0.9741165959151351,0.07608584323170414,True,3.991040000000016,True,4,0,0.22488,0.22568666666666667,16
361,R280,0.22424,0.4194254532533591,12,4,"[1,6,22,27]",0.12119999999999997,24.752475247524757,32.0,15.737288893731938,15.19830845322848,0.973823363717273,0.9706746737055998,0.08057454674664088,True,3.878399999999999,True,4,0,0.2236,0.22424,9
362,R131,0.2248,0.4211622465140886,12,4,"[1,4,18,46]",0.11599999999999977,25.86206896551729,32.0,16.223700882548336,15.176046226491254,0.9763053124747877,0.9705284058207189,0.07883775348591138,True,3.7119999999999926,True,4,0,0.22432,0.2248,7
363,R140,0.2248,0.4211622465140886,12,4,"[1,4,27,46]",0.11599999999999977,25.86206896551729,32.0,16.302071591957752,14.8451286467073,0.9762814300035736,0.9682690421636112,0.07883775348591138,True,3.7119999999999926,True,4,0,0.22432,0.2248,7
364,R269,0.22224,0.4132309137490037,12,4,"[1,6,18,22]",0.11104000000000092,27.017291066282198,32.0,15.609784340331238,15.342731671317404,0.9732094211873534,0.9716066070895732,0.08676908625099627,True,3.5532800000000293,True,4,0,0.22016,0.22424,52
365,R274,0.22224,0.4132309137490037,12,4,"[1,6,18,31]",0.11088000000000076,27.056277056276873,32.0,15.605267511130924,15.334589484961803,0.9731823624147449,0.9715548406242346,0.08676908625099627,True,3.548160000000024,True,4,0,0.22016,0.22352,43
366,R117,0.22658666666666666,0.426709863701176,12,4,"[1,4,15,27]",0.10874666666666649,27.58705247670431,32.0,16.776028361255488,14.7646212349649,0.9775477425517599,0.9676945228840714,0.07329013629882403,True,3.4798933333333277,True,4,0,0.22658666666666666,0.22715333333333335,23
367,R210,0.22658666666666666,0.426709863701176,12,4,"[1,4,6,27]",0.10874666666666649,27.58705247670431,32.0,16.189603191830997,14.109728602086303,0.9744552365074298,0.962633028707437,0.07329013629882403,True,3.4798933333333277,True,4,0,0.22658666666666666,0.22715333333333335,23
368,R276,0.22144,0.4107568797561667,12,4,"[1,6,18,40]",0.10720000000000005,27.98507462686566,32.0,15.999844047012873,15.262972794515528,0.9752859416641058,0.9710955516417141,0.0892431202438333,True,3.4304000000000014,True,4,0,0.22016,0.22144,17
369,R279,0.22144,0.4107568797561667,12,4,"[1,6,22,27]",0.10720000000000005,27.98507462686566,32.0,15.477848144123017,15.28000992097069,0.9724261470629801,0.971205461401563,0.0892431202438333,True,3.4304000000000014,True,4,0,0.22016,0.22144,17
370,R282,0.22096,0.40927353767997016,12,4,"[1,6,27,31]",0.10479999999999984,28.625954198473327,32.0,15.706439303412441,15.225401429046293,0.9737410723960827,0.9708517311599912,0.09072646232002984,True,3.353599999999995,True,4,0,0.22016,0.22096,11
371,R286,0.22096,0.40927353767997016,12,4,"[1,6,27,40]",0.10479999999999984,28.625954198473327,32.0,15.990071991671437,15.237171830878326,0.9752026617333064,0.970928329354051,0.09072646232002984,True,3.353599999999995,True,4,0,0.22016,0.22096,11
