k,L_over_R,best_subset_size,best_s_min,best_F_min,feasible_solution_count,near_optimal_solution_count,best_subset_signature,best_avg_ER_sum_dB,best_avg_efficiency
0.01,0.000986635785864219,0,,,0,0,,,
0.01008,0.0010024798048133643,0,,,0,0,,,
0.01016,0.0010184499014077642,0,,,0,0,,,
0.01024,0.0010345460716123843,0,,,0,0,,,
0.01032,0.0010507683113603356,0,,,0,0,,,
0.0104,0.0010671166165528772,0,,,0,0,,,
0.01048,0.0010835909830594166,0,,,0,0,,,
0.01056,0.0011001914067175083,0,,,0,0,,,
0.01064,0.0011169178833328592,0,,,0,0,,,
0.01072,0.0011337704086793255,0,,,0,0,,,
0.0108,0.0011507489784989174,0,,,0,0,,,
0.01088,0.0011678535885017978,0,,,0,0,,,
0.010960000000000001,0.0011850842343662834,0,,,0,0,,,
0.01104,0.0012024409117388473,0,,,0,0,,,
0.01112,0.0012199236162341194,0,,,0,0,,,
0.0112,0.0012375323434348868,0,,,0,0,,,
0.01128,0.0012552670888920949,0,,,0,0,,,
0.01136,0.001273127848124851,0,,,0,0,,,
0.01144,0.0012911146166204213,0,,,0,0,,,
0.01152,0.0013092273898342361,0,,,0,0,,,
0.0116,0.0013274661631898863,0,,,0,0,,,
0.01168,0.001345830932079132,0,,,0,0,,,
0.01176,0.0013643216918618956,0,,,0,0,,,
0.01184,0.001382938437866267,0,,,0,0,,,
0.01192,0.0014016811653885033,0,,,0,0,,,
0.012,0.001420549869693034,0,,,0,0,,,
0.01208,0.0014395445460124556,0,,,0,0,,,
0.01216,0.0014586651895475374,0,,,0,0,,,
0.012240000000000001,0.0014779117954672233,0,,,0,0,,,
0.012320000000000001,0.0014972843589086294,0,,,0,0,,,
0.0124,0.0015167828749770467,0,,,0,0,,,
0.01248,0.001536407338745945,0,,,0,0,,,
0.01256,0.0015561577452569697,0,,,0,0,,,
0.01264,0.0015760340895199473,0,,,0,0,,,
0.01272,0.0015960363665128829,0,,,0,0,,,
0.012799999999999999,0.0016161645711819626,0,,,0,0,,,
0.012879999999999999,0.0016364186984415584,0,,,0,0,,,
0.01296,0.0016567987431742248,0,,,0,0,,,
0.01304,0.001677304700230701,0,,,0,0,,,
0.01312,0.0016979365644299127,0,,,0,0,,,
0.0132,0.0017186943305589758,0,,,0,0,,,
0.01328,0.001739577993373194,0,,,0,0,,,
0.01336,0.001760587547596062,0,,,0,0,,,
0.01344,0.0017817229879192665,0,,,0,0,,,
0.01352,0.0018029843090026881,0,,,0,0,,,
0.013600000000000001,0.0018243715054744015,0,,,0,0,,,
0.01368,0.0018458845719306768,0,,,0,0,,,
0.01376,0.0018675235029359835,0,,,0,0,,,
0.01384,0.0018892882930229894,0,,,0,0,,,
0.01392,0.0019111789366925613,0,,,0,0,,,
0.014,0.001933195428413767,0,,,0,0,,,
0.014079999999999999,0.00195533776262388,0,,,0,0,,,
0.014159999999999999,0.001977605933728378,0,,,0,0,,,
0.01424,0.0019999999361009413,0,,,0,0,,,
0.01432,0.0020225197640834592,0,,,0,0,,,
0.0144,0.0020451654119860315,0,,,0,0,,,
0.01448,0.0020679368740869667,0,,,0,0,,,
0.01456,0.002090834144632783,0,,,0,0,,,
0.01464,0.0021138572178382134,0,,,0,0,,,
0.01472,0.002137006087886207,0,,,0,0,,,
0.0148,0.0021602807489279246,0,,,0,0,,,
0.01488,0.0021836811950827493,0,,,0,0,,,
0.01496,0.0022072074204382785,0,,,0,0,,,
0.01504,0.002230859419050334,0,,,0,0,,,
0.01512,0.002254637184942957,0,,,0,0,,,
0.0152,0.0022785407121084125,0,,,0,0,,,
0.01528,0.0023025699945071914,0,,,0,0,,,
0.015359999999999999,0.0023267250260680084,0,,,0,0,,,
0.015439999999999999,0.002351005800687811,0,,,0,0,,,
0.015519999999999999,0.0023754123122317707,0,,,0,0,,,
0.0156,0.002399944554533295,0,,,0,0,,,
0.01568,0.0024246025213940205,0,,,0,0,,,
0.01576,0.002449386206583819,0,,,0,0,,,
0.01584,0.002474295603840798,0,,,0,0,,,
0.01592,0.002499330706871305,0,,,0,0,,,
0.016,0.0025244915093499214,0,,,0,0,,,
0.01608,0.002549778004919473,0,,,0,0,,,
0.01616,0.0025751901871910268,0,,,0,0,,,
0.016239999999999997,0.0026007280497438927,0,,,0,0,,,
0.01632,0.002626391586125629,0,,,0,0,,,
0.016399999999999998,0.0026521807898520345,0,,,0,0,,,
0.01648,0.0026780956544071644,0,,,0,0,,,
0.01656,0.002704136173243318,0,,,0,0,,,
0.01664,0.002730302339781052,0,,,0,0,,,
0.01672,0.002756594147409172,0,,,0,0,,,
0.0168,0.0027830115894847407,0,,,0,0,,,
0.01688,0.0028095546593330796,0,,,0,0,,,
0.01696,0.0028362233502477654,0,,,0,0,,,
0.01704,0.002863017655490636,0,,,0,0,,,
0.01712,0.002889937568291795,0,,,0,0,,,
0.0172,0.002916983081849606,0,,,0,0,,,
0.01728,0.0029441541893306966,0,,,0,0,,,
0.01736,0.0029714508838699673,0,,,0,0,,,
0.01744,0.002998873158570583,0,,,0,0,,,
0.01752,0.00302642100650398,0,,,0,0,,,
0.017599999999999998,0.003054094420709868,0,,,0,0,,,
0.01768,0.0030818933941962317,0,,,0,0,,,
0.017759999999999998,0.003109817919939328,0,,,0,0,,,
0.01784,0.003137867990883697,0,,,0,0,,,
0.01792,0.003166043599942153,0,,,0,0,,,
0.018000000000000002,0.0031943447399957964,0,,,0,0,,,
0.01808,0.003222771403894004,0,,,0,0,,,
0.01816,0.003251323584454446,0,,,0,0,,,
0.01824,0.003280001274463075,0,,,0,0,,,
0.01832,0.00330880446667413,0,,,0,0,,,
0.0184,0.0033377331538101446,0,,,0,0,,,
0.01848,0.0033667873285619415,0,,,0,0,,,
0.01856,0.0033959669835886388,0,,,0,0,,,
0.018639999999999997,0.0034252721115176493,0,,,0,0,,,
0.01872,0.003454702704944689,0,,,0,0,,,
0.018799999999999997,0.0034842587564337633,0,,,0,0,,,
0.01888,0.0035139402585171904,0,,,0,0,,,
0.018959999999999998,0.0035437472036955815,0,,,0,0,,,
0.01904,0.0035736795844378633,0,,,0,0,,,
0.019119999999999998,0.00360373739318126,0,,,0,0,,,
0.019200000000000002,0.003633920622331314,0,,,0,0,,,
0.01928,0.003664229264261868,0,,,0,0,,,
0.01936,0.0036946633113150904,0,,,0,0,,,
0.01944,0.0037252227558014542,0,,,0,0,,,
0.01952,0.003755907589999756,0,,,0,0,,,
0.0196,0.003786717806157105,0,,,0,0,,,
0.01968,0.003817653396488937,0,,,0,0,,,
0.01976,0.0038487143531790056,0,,,0,0,,,
0.01984,0.003879900668379394,0,,,0,0,,,
0.01992,0.003911212334210508,0,,,0,0,,,
0.019999999999999997,0.003942649342761083,0,,,0,0,,,
0.02008,0.003974211686088189,0,,,0,0,,,
0.020159999999999997,0.004005899356217222,0,,,0,0,,,
0.02024,0.004037712345141917,0,,,0,0,,,
0.020319999999999998,0.004069650644824344,0,,,0,0,,,
0.0204,0.0041017142471949175,0,,,0,0,,,
0.020479999999999998,0.0041339031441523805,0,,,0,0,,,
0.020560000000000002,0.0041662173275638335,0,,,0,0,,,
0.02064,0.004198656789264706,0,,,0,0,,,
0.02072,0.00423122152105879,0,,,0,0,,,
0.0208,0.004263911514718216,0,,,0,0,,,
0.02088,0.004296726761983471,0,,,0,0,,,
0.02096,0.004329667254563396,0,,,0,0,,,
0.02104,0.004362732984135178,0,,,0,0,,,
0.02112,0.004395923942344373,0,,,0,0,,,
0.021199999999999997,0.00442924012080489,0,,,0,0,,,
0.02128,0.004462681511099001,0,,,0,0,,,
0.021359999999999997,0.004496248104777341,0,,,0,0,,,
0.02144,0.004529939893358915,0,,,0,0,,,
0.021519999999999997,0.004563756868331086,0,,,0,0,,,
0.0216,0.004597699021149605,0,,,0,0,,,
0.021679999999999998,0.004631766343238574,0,,,0,0,,,
0.02176,0.004665958825990486,0,,,0,0,,,
0.02184,0.004700276460766199,0,,,0,0,,,
0.02192,0.0047347192388949595,0,,,0,0,,,
0.022,0.004769287151674388,0,,,0,0,,,
0.02208,0.0048039801903704965,0,,,0,0,,,
0.02216,0.004838798346217671,0,,,0,0,,,
0.02224,0.004873741610418695,0,,,0,0,,,
0.02232,0.004908809974144737,0,,,0,0,,,
0.0224,0.004944003428535358,0,,,0,0,,,
0.02248,0.004979321964698514,0,,,0,0,,,
0.022559999999999997,0.005014765573710557,0,,,0,0,,,
0.02264,0.005050334246616243,0,,,0,0,,,
0.022719999999999997,0.005086027974428718,0,,,0,0,,,
0.0228,0.0051218467481295455,0,,,0,0,,,
0.022879999999999998,0.0051577905586686805,0,,,0,0,,,
0.02296,0.005193859396964499,0,,,0,0,,,
0.023039999999999998,0.005230053253903772,0,,,0,0,,,
0.02312,0.005266372120341702,0,,,0,0,,,
0.0232,0.00530281598710189,0,,,0,0,,,
0.02328,0.005339384844976363,0,,,0,0,,,
0.02336,0.005376078684725565,0,,,0,0,,,
0.02344,0.005412897497078363,0,,,0,0,,,
0.02352,0.005449841272732042,0,,,0,0,,,
0.0236,0.005486910002352326,0,,,0,0,,,
0.02368,0.0055241036765733545,0,,,0,0,,,
0.023759999999999996,0.005561422285997707,0,,,0,0,,,
0.02384,0.0055988658211963945,0,,,0,0,,,
0.023919999999999997,0.005636434272708861,0,,,0,0,,,
0.024,0.005674127631042996,0,,,0,0,,,
0.024079999999999997,0.005711945886675118,0,,,0,0,,,
0.02416,0.005749889030050005,0,,,0,0,,,
0.024239999999999998,0.005787957051580862,0,,,0,0,,,
0.02432,0.005826149941649359,0,,,0,0,,,
0.024399999999999998,0.005864467690605605,0,,,0,0,,,
0.02448,0.005902910288768167,0,,,0,0,,,
0.02456,0.005941477726424068,0,,,0,0,,,
0.02464,0.005980169993828785,0,,,0,0,,,
0.02472,0.00601898708120626,0,,,0,0,,,
0.0248,0.006057928978748893,0,,,0,0,,,
0.02488,0.00609699567661755,0,,,0,0,,,
0.02496,0.0061361871649415695,0,,,0,0,,,
0.02504,0.006175503433818755,0,,,0,0,,,
0.025119999999999996,0.006214944473315385,0,,,0,0,,,
0.0252,0.006254510273466215,0,,,0,0,,,
0.025279999999999997,0.006294200824274471,0,,,0,0,,,
0.02536,0.006334016115711871,0,,,0,0,,,
0.025439999999999997,0.006373956137718601,0,,,0,0,,,
0.02552,0.00641402088020335,0,,,0,0,,,
0.025599999999999998,0.006454210333043276,0,,,0,0,,,
0.02568,0.0064945244860840435,0,,,0,0,,,
0.025759999999999998,0.006534963329139799,0,,,0,0,,,
0.025840000000000002,0.006575526851993194,0,,,0,0,,,
0.02592,0.006616215044395364,0,,,0,0,,,
0.026000000000000002,0.006657027896065966,0,,,0,0,,,
0.02608,0.0066979653966931394,0,,,0,0,,,
0.026159999999999996,0.006739027535933541,0,,,0,0,,,
0.02624,0.0067802143034123375,0,,,0,0,,,
0.026319999999999996,0.0068215256887232,0,,,0,0,,,
0.0264,0.006862961681428322,0,,,0,0,,,
0.026479999999999997,0.0069045222710583986,0,,,0,0,,,
0.02656,0.006946207447112664,0,,,0,0,,,
0.026639999999999997,0.006988017199058853,0,,,0,0,,,
0.02672,0.0070299515163332466,0,,,0,0,,,
0.026799999999999997,0.007072010388340635,0,,,0,0,,,
0.02688,0.0071141938044543464,0,,,0,0,,,
0.026959999999999998,0.00715650175401624,0,,,0,0,,,
0.02704,0.007198934226336713,0,,,0,0,,,
0.02712,0.007241491210694691,0,,,0,0,,,
0.027200000000000002,0.007284172696337658,0,,,0,0,,,
0.02728,0.007326978672481619,0,,,0,0,,,
0.027359999999999995,0.007369909128311139,0,,,0,0,,,
0.02744,0.007412964052979333,0,,,0,0,,,
0.027519999999999996,0.007456143435607858,0,,,0,0,,,
0.0276,0.007499447265286941,0,,,0,0,,,
0.027679999999999996,0.007542875531075341,0,,,0,0,,,
0.02776,0.0075864282220004025,0,,,0,0,,,
0.027839999999999997,0.007630105327058012,0,,,0,0,,,
0.02792,0.0076739068352126415,0,,,0,0,,,
0.027999999999999997,0.007717832735397308,0,,,0,0,,,
0.02808,0.007761883016513621,0,,,0,0,,,
0.028159999999999998,0.007806057667431749,0,,,0,0,,,
0.02824,0.007850356676990449,0,,,0,0,,,
0.028319999999999998,0.007894780033997038,0,,,0,0,,,
0.0284,0.007939327727227444,0,,,0,0,,,
0.02848,0.00798399974542615,0,,,0,0,,,
0.028560000000000002,0.008028796077306244,0,,,0,0,,,
0.02864,0.008073716711549404,0,,,0,0,,,
0.028719999999999996,0.008118761636805895,0,,,0,0,,,
0.0288,0.008163930841694592,0,,,0,0,,,
0.028879999999999996,0.008209224314802945,0,,,0,0,,,
0.02896,0.008254642044687031,0,,,0,0,,,
0.029039999999999996,0.008300184019871513,0,,,0,0,,,
0.02912,0.008345850228849682,0,,,0,0,,,
0.029199999999999997,0.008391640660083416,0,,,0,0,,,
0.02928,0.008437555302003226,0,,,0,0,,,
0.029359999999999997,0.00848359414300823,0,,,0,0,,,
0.02944,0.008529757171466177,0,,,0,0,,,
0.029519999999999998,0.008576044375713415,0,,,0,0,,,
0.0296,0.008622455744054945,0,,,0,0,,,
0.029679999999999998,0.008668991264764376,0,,,0,0,,,
0.02976,0.008715650926083963,0,,,0,0,,,
0.02984,0.008762434716224583,0,,,0,0,,,
0.029919999999999995,0.008809342623365761,0,,,0,0,,,
0.03,0.008856374635655659,0,,,0,0,,,
0.030079999999999996,0.008903530741211071,0,,,0,0,,,
0.03016,0.008950810928117461,0,,,0,0,,,
0.030239999999999996,0.008998215184428917,0,,,0,0,,,
0.03032,0.009045743498168198,0,,,0,0,,,
0.030399999999999996,0.009093395857326709,0,,,0,0,,,
0.03048,0.009141172249864516,0,,,0,0,,,
0.030559999999999997,0.009189072663710341,0,,,0,0,,,
0.03064,0.00923709708676159,0,,,0,0,,,
0.030719999999999997,0.009285245506884308,0,,,0,0,,,
0.0308,0.009333517911913239,0,,,0,0,,,
0.030879999999999998,0.009381914289651773,0,,,0,0,,,
0.03096,0.009430434627871999,0,,,0,0,,,
0.031039999999999998,0.009479078914314674,0,,,0,0,,,
0.031120000000000002,0.00952784713668925,0,,,0,0,,,
0.0312,0.009576739282673842,0,,,0,0,,,
0.031279999999999995,0.00962575533991528,0,,,0,0,,,
0.03136,0.00967489529602908,0,,,0,0,,,
0.031439999999999996,0.009724159138599435,0,,,0,0,,,
0.03152,0.009773546855179263,0,,,0,0,,,
0.031599999999999996,0.00982305843329016,0,,,0,0,,,
0.03168,0.009872693860422449,0,,,0,0,,,
0.03176,0.009922453124035143,0,,,0,0,,,
0.03184,0.00997233621155598,0,,,0,0,,,
0.03192,0.010022343110381398,0,,,0,0,,,
0.032,0.010072473807876568,0,,,0,0,,,
0.03208,0.010122728291375366,0,,,0,0,,,
0.03216,0.010173106548180407,0,,,0,0,,,
0.03224,0.010223608565563026,0,,,0,0,,,
0.03232,0.010274234330763288,0,,,0,0,,,
0.0324,0.010324983830989991,0,,,0,0,,,
0.032479999999999995,0.010375857053420671,0,,,0,0,,,
0.03256,0.010426853985201613,0,,,0,0,,,
0.032639999999999995,0.010477974613447825,0,,,0,0,,,
0.03272,0.010529218925243083,0,,,0,0,,,
0.032799999999999996,0.010580586907639897,0,,,0,0,,,
0.03288,0.01063207854765954,0,,,0,0,,,
0.032959999999999996,0.010683693832292035,0,,,0,0,,,
0.03304,0.010735432748496176,0,,,0,0,,,
0.03312,0.0107872952831995,0,,,0,0,,,
0.0332,0.010839281423298337,0,,,0,0,,,
0.03328,0.01089139115565775,0,,,0,0,,,
0.03336,0.01094362446711162,0,,,0,0,,,
0.03344,0.010995981344462568,0,,,0,0,,,
0.03352,0.011048461774482009,0,,,0,0,,,
0.0336,0.011101065743910137,0,,,0,0,,,
0.03368,0.011153793239455947,0,,,0,0,,,
0.03376,0.011206644247797196,0,,,0,0,,,
0.033839999999999995,0.011259618755580458,0,,,0,0,,,
0.03392,0.011312716749421097,0,,,0,0,,,
0.033999999999999996,0.011365938215903267,0,,,0,0,,,
0.03408,0.01141928314157994,0,,,0,0,,,
0.034159999999999996,0.011472751512972883,0,,,0,0,,,
0.03424,0.011526343316572683,0,,,0,0,,,
0.034319999999999996,0.011580058538838724,0,,,0,0,,,
0.0344,0.011633897166199234,0,,,0,0,,,
0.03448,0.011687859185051228,0,,,0,0,,,
0.03456,0.011741944581760571,0,,,0,0,,,
0.03464,0.011796153342661948,0,,,0,0,,,
0.03472,0.011850485454058863,0,,,0,0,,,
0.0348,0.011904940902223667,0,,,0,0,,,
0.03488,0.01195951967339755,0,,,0,0,,,
0.03496,0.01201422175379053,0,,,0,0,,,
0.035039999999999995,0.01206904712958148,0,,,0,0,,,
0.03512,0.012123995786918128,0,,,0,0,,,
0.035199999999999995,0.012179067711917024,0,,,0,0,,,
0.03528,0.012234262890663612,0,,,0,0,,,
0.035359999999999996,0.012289581309212158,0,,,0,0,,,
0.03544,0.012345022953585824,0,,,0,0,,,
0.035519999999999996,0.012400587809776606,0,,,0,0,,,
0.0356,0.012456275863745397,0,,,0,0,,,
0.035679999999999996,0.012512087101421935,0,,,0,0,,,
0.03576,0.012568021508704858,0,,,0,0,,,
0.03584,0.012624079071461672,0,,,0,0,,,
0.03592,0.012680259775528767,0,,,0,0,,,
0.036,0.012736563606711422,0,,,0,0,,,
0.03608,0.012792990550783812,0,,,0,0,,,
0.03616,0.012849540593488988,0,,,0,0,,,
0.03624,0.012906213720538923,0,,,0,0,,,
0.03632,0.012963009917614466,0,,,0,0,,,
0.036399999999999995,0.013019929170365393,0,,,0,0,,,
0.03648,0.01307697146441038,0,,,0,0,,,
0.036559999999999995,0.013134136785337007,0,,,0,0,,,
0.03664,0.013191425118701791,0,,,0,0,,,
0.036719999999999996,0.013248836450030135,0,,,0,0,,,
0.0368,0.013306370764816406,0,,,0,0,,,
0.036879999999999996,0.013364028048523855,0,,,0,0,,,
0.03696,0.013421808286584708,0,,,0,0,,,
0.03704,0.01347971146440008,0,,,0,0,,,
0.03712,0.013537737567340058,0,,,0,0,,,
0.0372,0.013595886580743654,0,,,0,0,,,
0.03728,0.013654158489918841,0,,,0,0,,,
0.03736,0.013712553280142512,0,,,0,0,,,
0.03744,0.013771070936660548,0,,,0,0,,,
0.03752,0.013829711444687752,0,,,0,0,,,
0.037599999999999995,0.013888474789407912,0,,,0,0,,,
0.03768,0.013947360955973776,0,,,0,0,,,
0.037759999999999995,0.014006369929507044,0,,,0,0,,,
0.03784,0.014065501695098412,0,,,0,0,,,
0.037919999999999995,0.014124756237807526,0,,,0,0,,,
0.038,0.01418413354266303,0,,,0,0,,,
0.038079999999999996,0.014243633594662537,0,,,0,0,,,
0.03816,0.014303256378772665,0,,,0,0,,,
0.038239999999999996,0.014363001879928991,0,,,0,0,,,
0.03832,0.014422870083036117,0,,,0,0,,,
0.0384,0.014482860972967627,0,,,0,0,,,
0.03848,0.014542974534566124,0,,,0,0,,,
0.03856,0.01460321075264318,0,,,0,0,,,
0.03864,0.014663569611979422,0,,,0,0,,,
0.03872,0.01472405109732445,0,,,0,0,,,
0.0388,0.014784655193396912,0,,,0,0,,,
0.03888,0.014845381884884453,0,,,0,0,,,
0.038959999999999995,0.014906231156443765,0,,,0,0,,,
0.03904,0.014967202992700549,0,,,0,0,,,
0.039119999999999995,0.015028297378249551,0,,,0,0,,,
0.0392,0.01508951429765455,0,,,0,0,,,
0.039279999999999995,0.01515085373544836,0,,,0,0,,,
0.03936,0.015212315676132853,0,,,0,0,,,
0.039439999999999996,0.015273900104178928,0,,,0,0,,,
0.03952,0.015335607004026556,0,,,0,0,,,
0.039599999999999996,0.015397436360084756,0,,,0,0,,,
0.03968,0.015459388156731611,0,,,0,0,,,
0.03976,0.015521462378314258,0,,,0,0,,,
0.03984,0.01558365900914891,0,,,0,0,,,
0.03992,0.01564597803352085,0,,,0,0,,,
0.04,0.015708419435684445,0,,,0,0,,,
0.04008,0.01577098319986311,0,,,0,0,,,
0.040159999999999994,0.015833669310249394,0,,,0,0,,,
0.04024,0.0158964777510049,0,,,0,0,,,
0.040319999999999995,0.01595940850626032,0,,,0,0,,,
0.0404,0.01602246156011546,0,,,0,0,,,
0.040479999999999995,0.016085636896639215,0,,,0,0,,,
0.04056,0.016148934499869597,0,,,0,0,,,
0.040639999999999996,0.0162123543538137,0,,,0,0,,,
0.04072,0.016275896442447764,0,,,0,0,,,
0.040799999999999996,0.016339560749717097,0,,,0,0,,,
0.04088,0.016403347259536186,0,,,0,0,,,
0.040959999999999996,0.016467255955788587,0,,,0,0,,,
0.04104,0.016531286822327036,0,,,0,0,,,
0.04112,0.016595439842973347,0,,,0,0,,,
0.0412,0.016659715001518527,0,,,0,0,,,
0.04128,0.01672411228172267,0,,,0,0,,,
0.04136,0.016788631667315052,0,,,0,0,,,
0.04144,0.016853273141994078,0,,,0,0,,,
0.04152,0.01691803668942731,0,,,0,0,,,
0.0416,0.01698292229325148,0,,,0,0,,,
0.04168,0.017047929937072465,0,,,0,0,,,
0.04176,0.01711305960446531,0,,,0,0,,,
0.04184,0.017178311278974234,0,,,0,0,,,
0.04192,0.017243684944112627,0,,,0,0,,,
0.042,0.01730918058336306,0,,,0,0,,,
0.04208,0.01737479818017727,0,,,0,0,,,
0.042159999999999996,0.0174405377179762,0,,,0,0,,,
0.04224,0.017506399180149988,0,,,0,0,,,
0.042319999999999997,0.017572382550057934,0,,,0,0,,,
0.0424,0.01763848781102857,0,,,0,0,,,
0.04248,0.017704714946359612,0,,,0,0,,,
0.04256,0.017771063939317988,0,,,0,0,,,
0.04264,0.017837534773139832,0,,,0,0,,,
0.04272,0.01790412743103051,0,,,0,0,,,
0.0428,0.01797084189616459,0,,,0,0,,,
0.04288,0.018037678151685874,0,,,0,0,,,
0.04296,0.018104636180707387,0,,,0,0,,,
0.04304,0.018171715966311397,0,,,0,0,,,
0.04312,0.018238917491549385,0,,,0,0,,,
0.0432,0.0183062407394421,0,,,0,0,,,
0.04328,0.01837368569297951,0,,,0,0,,,
0.043359999999999996,0.018441252335120863,0,,,0,0,,,
0.04344,0.01850894064879464,0,,,0,0,,,
0.043519999999999996,0.01857675061689858,0,,,0,0,,,
0.0436,0.018644682222299702,0,,,0,0,,,
0.04368,0.018712735447834264,0,,,0,0,,,
0.04376,0.018780910276307825,0,,,0,0,,,
0.04384,0.01884920669049519,0,,,0,0,,,
0.04392,0.01891762467314047,0,,,0,0,,,
0.044,0.018986164206957052,0,,,0,0,,,
0.04408,0.019054825274627606,0,,,0,0,,,
0.04416,0.01912360785880409,0,,,0,0,,,
0.04424,0.01919251194210779,0,,,0,0,,,
0.04432,0.01926153750712925,0,,,0,0,,,
0.0444,0.019330684536428354,0,,,0,0,,,
0.04448,0.019399953012534273,0,,,0,0,,,
0.044559999999999995,0.019469342917945515,0,,,0,0,,,
0.04464,0.019538854235129893,0,,,0,0,,,
0.044719999999999996,0.019608486946524548,0,,,0,0,,,
0.0448,0.019678241034535957,0,,,0,0,,,
0.044879999999999996,0.0197481164815399,0,,,0,0,,,
0.04496,0.01981811326988154,0,,,0,0,,,
0.04504,0.019888231381875343,0,,,0,0,,,
0.04512,0.019958470799805138,0,,,0,0,,,
0.0452,0.02002883150592411,0,,,0,0,,,
0.04528,0.020099313482454795,0,,,0,0,,,
0.04536,0.020169916711589058,0,,,0,0,,,
0.04544,0.020240641175488194,0,,,0,0,,,
0.04552,0.020311486856282795,0,,,0,0,,,
0.0456,0.020382453736072885,0,,,0,0,,,
0.04568,0.020453541796927818,0,,,0,0,,,
0.04576,0.020524751020886363,0,,,0,0,,,
0.04584,0.020596081389956656,0,,,0,0,,,
0.045919999999999996,0.02066753288611624,0,,,0,0,,,
0.046,0.020739105491312058,0,,,0,0,,,
0.046079999999999996,0.020810799187460417,0,,,0,0,,,
0.04616,0.020882613956447076,0,,,0,0,,,
0.046239999999999996,0.020954549780127157,0,,,0,0,,,
0.04632,0.021026606640325244,0,,,0,0,,,
0.0464,0.021098784518835303,0,,,0,0,,,
0.04648,0.02117108339742075,0,,,0,0,,,
0.04656,0.0212435032578144,0,,,0,0,,,
0.04664,0.021316044081718524,0,,,0,0,,,
0.04672,0.021388705850804816,0,,,0,0,,,
0.0468,0.021461488546714435,0,,,0,0,,,
0.04688,0.02153439215105794,0,,,0,0,,,
0.04696,0.021607416645415396,0,,,0,0,,,
0.04704,0.021680562011336283,0,,,0,0,,,
0.04712,0.02175382823033956,0,,,0,0,,,
0.0472,0.021827215283913647,0,,,0,0,,,
0.047279999999999996,0.021900723153516436,0,,,0,0,,,
0.04736,0.021974351820575295,0,,,0,0,,,
0.047439999999999996,0.022048101266487062,0,,,0,0,,,
0.04752,0.022121971472618056,0,,,0,0,,,
0.047599999999999996,0.02219596242030412,0,,,0,0,,,
0.04768,0.02227007409085053,0,,,0,0,,,
0.04776,0.022344306465532114,0,,,0,0,,,
0.04784,0.02241865952559318,0,,,0,0,,,
0.04792,0.022493133252247534,0,,,0,0,,,
0.048,0.022567727626678524,0,,,0,0,,,
0.04808,0.022642442630038968,0,,,0,0,,,
0.04816,0.02271727824345126,0,,,0,0,,,
0.04824,0.022792234448007275,0,,,0,0,,,
0.04832,0.022867311224768466,0,,,0,0,,,
0.0484,0.022942508554765758,0,,,0,0,,,
0.048479999999999995,0.02301782641899967,0,,,0,0,,,
0.04856,0.023093264798440264,0,,,0,0,,,
0.048639999999999996,0.02316882367402711,0,,,0,0,,,
0.04872,0.023244503026669385,0,,,0,0,,,
0.048799999999999996,0.023320302837245795,0,,,0,0,,,
0.04888,0.023396223086604613,0,,,0,0,,,
0.04896,0.023472263755563688,0,,,0,0,,,
0.04904,0.023548424824910454,0,,,0,0,,,
0.04912,0.023624706275401898,0,,,0,0,,,
0.0492,0.023701108087764624,0,,,0,0,,,
0.04928,0.02377763024269478,0,,,0,0,,,
0.04936,0.02385427272085817,0,,,0,0,,,
0.04944,0.023931035502890132,0,,,0,0,,,
0.04952,0.024007918569395655,0,,,0,0,,,
0.0496,0.02408492190094931,0,,,0,0,,,
0.049679999999999995,0.024162045478095293,0,,,0,0,,,
0.04976,0.024239289281347436,0,,,0,0,,,
0.049839999999999995,0.024316653291189143,0,,,0,0,,,
0.04992,0.024394137488073505,0,,,0,0,,,
0.049999999999999996,0.024471741852423214,0,,,0,0,,,
0.05008,0.024549466364630592,0,,,0,0,,,
0.050159999999999996,0.024627311005057637,0,,,0,0,,,
0.05024,0.02470527575403597,0,,,0,0,,,
0.05032,0.024783360591866872,0,,,0,0,,,
0.0504,0.02486156549882128,0,,,0,0,,,
0.05048,0.0249398904551398,0,,,0,0,,,
0.05056,0.025018335441032706,0,,,0,0,,,
0.05064,0.025096900436679927,0,,,0,0,,,
0.05072,0.025175585422231094,0,,,0,0,,,
0.0508,0.02525439037780551,0,,,0,0,,,
0.05088,0.025333315283492176,0,,,0,0,,,
0.05096,0.025412360119349765,0,,,0,0,,,
0.051039999999999995,0.02549152486540666,0,,,0,0,,,
0.05112,0.025570809501660966,0,,,0,0,,,
0.051199999999999996,0.025650214008080454,0,,,0,0,,,
0.05128,0.02572973836460265,0,,,0,0,,,
0.051359999999999996,0.02580938255113479,0,,,0,0,,,
0.05144,0.025889146547553806,0,,,0,0,,,
0.051519999999999996,0.02596903033370639,0,,,0,0,,,
0.0516,0.026049033889408952,0,,,0,0,,,
0.05168,0.02612915719444763,0,,,0,0,,,
0.05176,0.026209400228578345,0,,,0,0,,,
0.05184,0.026289762971526725,0,,,0,0,,,
0.05192,0.02637024540298818,0,,,0,0,,,
0.052,0.026450847502627852,0,,,0,0,,,
0.05208,0.02653156925008069,0,,,0,0,,,
0.05216,0.02661241062495136,0,,,0,0,,,
0.05224,0.02669337160681434,0,,,0,0,,,
0.05232,0.02677445217521389,0,,,0,0,,,
0.052399999999999995,0.02685565230966402,0,,,0,0,,,
0.05248,0.026936971989648558,0,,,0,0,,,
0.052559999999999996,0.027018411194621134,0,,,0,0,,,
0.05264,0.027099969904005164,0,,,0,0,,,
0.052719999999999996,0.02718164809719386,0,,,0,0,,,
0.0528,0.02726344575355027,0,,,0,0,,,
0.052879999999999996,0.02734536285240723,0,,,0,0,,,
0.05296,0.027427399373067436,0,,,0,0,,,
0.05304,0.027509555294803364,0,,,0,0,,,
0.05312,0.027591830596857363,0,,,0,0,,,
0.0532,0.027674225258441584,0,,,0,0,,,
0.05328,0.027756739258738054,0,,,0,0,,,
0.05336,0.027839372576898624,0,,,0,0,,,
0.05344,0.027922125192044997,0,,,0,0,,,
0.05352,0.02800499708326877,0,,,0,0,,,
0.053599999999999995,0.02808798822963135,0,,,0,0,,,
0.05368,0.02817109861016404,0,,,0,0,,,
0.053759999999999995,0.02825432820386803,0,,,0,0,,,
0.05384,0.028337676989714376,0,,,0,0,,,
0.053919999999999996,0.02842114494664401,0,,,0,0,,,
0.054,0.028504732053567766,0,,,0,0,,,
0.054079999999999996,0.028588438289366358,0,,,0,0,,,
0.05416,0.02867226363289043,0,,,0,0,,,
0.05424,0.028756208062960493,0,,,0,0,,,
0.05432,0.028840271558367016,0,,,0,0,,,
0.0544,0.028924454097870336,0,,,0,0,,,
0.05448,0.029008755660200756,0,,,0,0,,,
0.05456,0.029093176224058468,0,,,0,0,,,
0.05464,0.02917771576811364,0,,,0,0,,,
0.05472,0.02926237427100631,0,,,0,0,,,
0.054799999999999995,0.029347151711346532,0,,,0,0,,,
0.05488,0.029432048067714277,0,,,0,0,,,
0.054959999999999995,0.029517063318659473,0,,,0,0,,,
0.05504,0.029602197442702007,0,,,0,0,,,
0.055119999999999995,0.029687450418331734,0,,,0,0,,,
0.0552,0.029772822224008483,0,,,0,0,,,
0.055279999999999996,0.02985831283816203,0,,,0,0,,,
0.05536,0.029943922239192188,0,,,0,0,,,
0.055439999999999996,0.0300296504054687,0,,,0,0,,,
0.05552,0.030115497315331353,0,,,0,0,,,
0.0556,0.03020146294708988,0,,,0,0,,,
0.05568,0.030287547279024062,0,,,0,0,,,
0.05576,0.030373750289383654,0,,,0,0,,,
0.05584,0.030460071956388474,0,,,0,0,,,
0.05592,0.03054651225822829,0,,,0,0,,,
0.056,0.030633071173062954,0,,,0,0,,,
0.05608,0.03071974867902233,0,,,0,0,,,
0.056159999999999995,0.030806544754206303,0,,,0,0,,,
0.05624,0.030893459376684848,0,,,0,0,,,
0.056319999999999995,0.030980492524497912,0,,,0,0,,,
0.0564,0.031067644175655582,0,,,0,0,,,
0.056479999999999995,0.031154914308137913,0,,,0,0,,,
0.05656,0.0312423028998951,0,,,0,0,,,
0.056639999999999996,0.031329809928847374,0,,,0,0,,,
0.05672,0.031417435372885036,0,,,0,0,,,
0.056799999999999996,0.03150517920986848,0,,,0,0,,,
0.05688,0.0315930414176282,0,,,0,0,,,
0.05696,0.03168102197396474,0,,,0,0,,,
0.05704,0.03176912085664879,0,,,0,0,,,
0.05712,0.03185733804342111,0,,,0,0,,,
0.0572,0.03194567351199258,0,,,0,0,,,
0.05728,0.032034127240044216,0,,,0,0,,,
0.05736,0.03212269920522711,0,,,0,0,,,
0.05744,0.032211389385162506,0,,,0,0,,,
0.057519999999999995,0.03230019775744179,0,,,0,0,,,
0.0576,0.032389124299626475,0,,,0,0,,,
0.057679999999999995,0.0324781689892482,0,,,0,0,,,
0.05776,0.032567331803808774,0,,,0,0,,,
0.057839999999999996,0.03265661272078015,0,,,0,0,,,
0.05792,0.03274601171760447,0,,,0,0,,,
0.057999999999999996,0.03283552877169397,0,,,0,0,,,
0.05808,0.032925163860431136,0,,,0,0,,,
0.058159999999999996,0.033014916961168594,0,,,0,0,,,
0.05824,0.03310478805122916,0,,,0,0,,,
0.05832,0.03319477710790583,0,,,0,0,,,
0.0584,0.0332848841084618,0,,,0,0,,,
0.05848,0.033375109030130475,0,,,0,0,,,
0.05856,0.03346545185011546,0,,,0,0,,,
0.05864,0.03355591254559054,0,,,0,0,,,
0.058719999999999994,0.03364649109369979,0,,,0,0,,,
0.0588,0.03373718747155744,0,,,0,0,,,
0.058879999999999995,0.03382800165624797,0,,,0,0,,,
0.05896,0.03391893362482613,0,,,0,0,,,
0.059039999999999995,0.03400998335431683,0,,,0,0,,,
0.05912,0.03410115082171532,0,,,0,0,,,
0.059199999999999996,0.03419243600398703,0,,,0,0,,,
0.05928,0.034283838878067685,0,,,0,0,,,
0.059359999999999996,0.03437535942086326,0,,,0,0,,,
0.05944,0.034466997609250025,0,,,0,0,,,
0.059519999999999997,0.03455875342007446,0,,,0,0,,,
0.0596,0.0346506268301534,0,,,0,0,,,
0.05968,0.03474261781627395,0,,,0,0,,,
0.05976,0.03483472635519347,0,,,0,0,,,
0.05984,0.034926952423639655,0,,,0,0,,,
0.059919999999999994,0.035019295998310496,0,,,0,0,,,
0.06,0.035111757055874285,0,,,0,0,,,
0.060079999999999995,0.03520433557296965,0,,,0,0,,,
0.06016,0.03529703152620553,0,,,0,0,,,
0.060239999999999995,0.03538984489216118,0,,,0,0,,,
0.06032,0.03548277564738622,0,,,0,0,,,
0.060399999999999995,0.035575823768400565,0,,,0,0,,,
0.06048,0.03566898923169452,0,,,0,0,,,
0.060559999999999996,0.03576227201372873,0,,,0,0,,,
0.06064,0.03585567209093418,0,,,0,0,,,
0.060719999999999996,0.035949189439712245,0,,,0,0,,,
0.0608,0.03604282403643465,0,,,0,0,,,
0.06088,0.03613657585744349,0,,,0,0,,,
0.06096,0.036230444879051284,0,,,0,0,,,
0.06104,0.03632443107754088,0,,,0,0,,,
0.06112,0.03641853442916558,0,,,0,0,,,
0.0612,0.03651275491014903,0,,,0,0,,,
0.061279999999999994,0.03660709249668532,0,,,0,0,,,
0.06136,0.03670154716493893,0,,,0,0,,,
0.061439999999999995,0.036796118891044775,0,,,0,0,,,
0.06152,0.036890807651108186,0,,,0,0,,,
0.061599999999999995,0.036985613421204926,0,,,0,0,,,
0.06168,0.03708053617738118,0,,,0,0,,,
0.061759999999999995,0.0371755758956536,0,,,0,0,,,
0.06184,0.037270732552009266,0,,,0,0,,,
0.061919999999999996,0.037366006122405725,0,,,0,0,,,
0.062,0.037461396582770964,0,,,0,0,,,
0.062079999999999996,0.03755690390900347,0,,,0,0,,,
0.06216,0.03765252807697219,0,,,0,0,,,
0.06224,0.03774826906251652,0,,,0,0,,,
0.06232,0.03784412684144637,0,,,0,0,,,
0.0624,0.03794010138954214,0,,,0,0,,,
0.06248,0.038036192682554724,0,,,0,0,,,
0.06255999999999999,0.038132400696205486,0,,,0,0,,,
0.06263999999999999,0.03822872540618638,0,,,0,0,,,
0.06272,0.038325166788159816,0,,,0,0,,,
0.0628,0.0384217248177587,0,,,0,0,,,
0.06287999999999999,0.038518399470586516,0,,,0,0,,,
0.06295999999999999,0.038615190722217266,0,,,0,0,,,
0.06304,0.03871209854819552,0,,,0,0,,,
0.06312,0.038809122924036314,0,,,0,0,,,
0.06319999999999999,0.038906263825225315,0,,,0,0,,,
0.06327999999999999,0.03900352122721873,0,,,0,0,,,
0.06336,0.03910089510544331,0,,,0,0,,,
0.06344,0.03919838543529638,0,,,0,0,,,
0.06352,0.03929599219214587,0,,,0,0,,,
0.06359999999999999,0.039393715351330266,0,,,0,0,,,
0.06368,0.03949155488815868,0,,,0,0,,,
0.06376,0.03958951077791074,0,,,0,0,,,
0.06384,0.039687582995836745,0,,,0,0,,,
0.06391999999999999,0.039785771517157606,0,,,0,0,,,
0.06399999999999999,0.03988407631706481,0,,,0,0,,,
0.06408,0.03998249737072051,0,,,0,0,,,
0.06416,0.040081034653257415,0,,,0,0,,,
0.06423999999999999,0.040179688139778943,0,,,0,0,,,
0.06431999999999999,0.040278457805359096,0,,,0,0,,,
0.0644,0.040377343625042576,0,,,0,0,,,
0.06448,0.04047634557384468,0,,,0,0,,,
0.06455999999999999,0.040575463626751414,0,,,0,0,,,
0.06463999999999999,0.0406746977587194,0,,,0,0,,,
0.06472,0.040774047944675984,0,,,0,0,,,
0.0648,0.04087351415951914,0,,,0,0,,,
0.06488,0.04097309637811756,0,,,0,0,,,
0.06495999999999999,0.041072794575310614,0,,,0,0,,,
0.06503999999999999,0.041172608725908354,0,,,0,0,,,
0.06512,0.041272538804691596,0,,,0,0,,,
0.0652,0.04137258478641176,0,,,0,0,,,
0.06527999999999999,0.04147274664579108,0,,,0,0,,,
0.06535999999999999,0.04157302435752244,0,,,0,0,,,
0.06544,0.041673417896269556,0,,,0,0,,,
0.06552,0.041773927236666716,0,,,0,0,,,
0.06559999999999999,0.041874552353319106,0,,,0,0,,,
0.06567999999999999,0.04197529322080256,0,,,0,0,,,
0.06576,0.042076149813663755,0,,,0,0,,,
0.06584,0.04217712210642001,0,,,0,0,,,
0.06591999999999999,0.04227821007355952,0,,,0,0,,,
0.06599999999999999,0.0423794136895412,0,,,0,0,,,
0.06608,0.04248073292879477,0,,,0,0,,,
0.06616,0.04258216776572069,0,,,0,0,,,
0.06624,0.04268371817469025,0,,,0,0,,,
0.06631999999999999,0.042785384130045546,0,,,0,0,,,
0.06639999999999999,0.04288716560609947,0,,,0,0,,,
0.06648,0.04298906257713575,0,,,0,0,,,
0.06656,0.04309107501740885,0,,,0,0,,,
0.06663999999999999,0.04319320290114414,0,,,0,0,,,
0.06671999999999999,0.043295446202537814,0,,,0,0,,,
0.0668,0.04339780489575688,0,,,0,0,,,
0.06688,0.043500278954939194,0,,,0,0,,,
0.06695999999999999,0.043602868354193455,0,,,0,0,,,
0.06703999999999999,0.043705573067599264,0,,,0,0,,,
0.06712,0.04380839306920704,0,,,0,0,,,
0.0672,0.0439113283330381,0,,,0,0,,,
0.06727999999999999,0.0440143788330846,0,,,0,0,,,
0.06735999999999999,0.044117544543309635,0,,,0,0,,,
0.06744,0.044220825437647174,0,,,0,0,,,
0.06752,0.04432422149000204,0,,,0,0,,,
0.0676,0.04442773267425,0,,,0,0,,,
0.06767999999999999,0.04453135896423775,0,,,0,0,,,
0.06775999999999999,0.04463510033378285,0,,,0,0,,,
0.06784,0.04473895675667386,0,,,0,0,,,
0.06792,0.04484292820667015,0,,,0,0,,,
0.06799999999999999,0.04494701465750215,0,,,0,0,,,
0.06807999999999999,0.045051216082871166,0,,,0,0,,,
0.06816,0.04515553245644948,0,,,0,0,,,
0.06824,0.045259963751880294,0,,,0,0,,,
0.06831999999999999,0.04536450994277784,0,,,0,0,,,
0.06839999999999999,0.045469171002727266,0,,,0,0,,,
0.06848,0.04557394690528473,0,,,0,0,,,
0.06856,0.04567883762397732,0,,,0,0,,,
0.06863999999999999,0.04578384313230317,0,,,0,0,,,
0.06871999999999999,0.0458889634037314,0,,,0,0,,,
0.0688,0.045994198411702145,0,,,0,0,,,
0.06888,0.04609954812962647,0,,,0,0,,,
0.06896,0.04620501253088656,0,,,0,0,,,
0.06903999999999999,0.04631059158883559,0,,,0,0,,,
0.06911999999999999,0.04641628527679773,0,,,0,0,,,
0.0692,0.04652209356806825,0,,,0,0,,,
0.06928,0.046628016435913404,0,,,0,0,,,
0.06935999999999999,0.04673405385357052,0,,,0,0,,,
0.06943999999999999,0.04684020579424799,0,,,0,0,,,
0.06952,0.046946472231125295,0,,,0,0,,,
0.0696,0.04705285313735292,0,,,0,0,,,
0.06967999999999999,0.047159348486052466,0,,,0,0,,,
0.06975999999999999,0.04726595825031665,0,,,0,0,,,
0.06984,0.04737268240320926,0,,,0,0,,,
0.06992,0.04747952091776511,0,,,0,0,,,
0.06999999999999999,0.04758647376699022,0,,,0,0,,,
0.07007999999999999,0.04769354092386169,0,,,0,0,,,
0.07015999999999999,0.04780072236132772,0,,,0,0,,,
0.07024,0.047908018052307676,0,,,0,0,,,
0.07032,0.048015427969691986,0,,,0,0,,,
0.07039999999999999,0.04812295208634226,0,,,0,0,,,
0.07047999999999999,0.04823059037509129,0,,,0,0,,,
0.07056,0.04833834280874297,0,,,0,0,,,
0.07064,0.04844620936007235,0,,,0,0,,,
0.07071999999999999,0.04855419000182569,0,,,0,0,,,
0.07079999999999999,0.048662284706720384,0,,,0,0,,,
0.07088,0.04877049344744506,0,,,0,0,,,
0.07096,0.04887881619665944,0,,,0,0,,,
0.07103999999999999,0.04898725292699451,0,,,0,0,,,
0.07111999999999999,0.04909580361105245,0,,,0,0,,,
0.0712,0.049204468221406686,0,,,0,0,,,
0.07128,0.04931324673060174,0,,,0,0,,,
0.07135999999999999,0.04942213911115346,0,,,0,0,,,
0.07143999999999999,0.04953114533554891,0,,,0,0,,,
0.07151999999999999,0.04964026537624635,0,,,0,0,,,
0.0716,0.04974949920567534,0,,,0,0,,,
0.07168,0.04985884679623662,0,,,0,0,,,
0.07175999999999999,0.049968308120302236,0,,,0,0,,,
0.07183999999999999,0.05007788315021549,0,,,0,0,,,
0.07192,0.05018757185829095,0,,,0,0,,,
0.072,0.05029737421681446,0,,,0,0,,,
0.07207999999999999,0.05040729019804316,0,,,0,0,,,
0.07215999999999999,0.05051731977420545,0,,,0,0,,,
0.07224,0.05062746291750109,0,,,0,0,,,
0.07232,0.050737719600101074,0,,,0,0,,,
0.07239999999999999,0.05084808979414773,0,,,0,0,,,
0.07247999999999999,0.05095857347175476,0,,,0,0,,,
0.07255999999999999,0.05106917060500713,0,,,0,0,,,
0.07264,0.051179881165961186,0,,,0,0,,,
0.07271999999999999,0.05129070512664455,0,,,0,0,,,
0.07279999999999999,0.05140164245905624,0,,,0,0,,,
0.07287999999999999,0.051512693135166654,0,,,0,0,,,
0.07295999999999998,0.0516238571269175,0,,,0,0,,,
0.07304,0.051735134406221885,0,,,0,0,,,
0.07311999999999999,0.051846524944964265,0,,,0,0,,,
0.07319999999999999,0.05195802871500051,0,,,0,0,,,
0.07327999999999998,0.052069645688157876,0,,,0,0,,,
0.07336,0.05218137583623502,0,,,0,0,,,
0.07343999999999999,0.052293219131001954,0,,,0,0,,,
0.07351999999999999,0.05240517554420017,0,,,0,0,,,
0.07359999999999998,0.05251724504754255,0,,,0,0,,,
0.07368,0.052629427612713435,0,,,0,0,,,
0.07375999999999999,0.052741723211368496,0,,,0,0,,,
0.07383999999999999,0.05285413181513496,0,,,0,0,,,
0.07391999999999999,0.05296665339561146,0,,,0,0,,,
0.074,0.053079287924368106,0,,,0,0,,,
0.07408,0.053192035372946395,0,,,0,0,,,
0.07415999999999999,0.05330489571285937,0,,,0,0,,,
0.07423999999999999,0.05341786891559153,0,,,0,0,,,
0.07431999999999998,0.053530954952598866,0,,,0,0,,,
0.0744,0.05364415379530884,0,,,0,0,,,
0.07447999999999999,0.05375746541512041,0,,,0,0,,,
0.07455999999999999,0.053870889783404055,0,,,0,0,,,
0.07463999999999998,0.05398442687150176,0,,,0,0,,,
0.07472,0.05409807665072707,0,,,0,0,,,
0.07479999999999999,0.054211839092364954,0,,,0,0,,,
0.07487999999999999,0.05432571416767202,0,,,0,0,,,
0.07495999999999998,0.05443970184787638,0,,,0,0,,,
0.07504,0.0545538021041777,0,,,0,0,,,
0.07511999999999999,0.05466801490774717,0,,,0,0,,,
0.07519999999999999,0.054782340229727576,0,,,0,0,,,
0.07527999999999999,0.054896778041233274,0,,,0,0,,,
0.07535999999999998,0.0550113283133502,0,,,0,0,,,
0.07544,0.055125991017135875,0,,,0,0,,,
0.07551999999999999,0.055240766123619375,0,,,0,0,,,
0.07559999999999999,0.05535565360380145,0,,,0,0,,,
0.07567999999999998,0.05547065342865437,0,,,0,0,,,
0.07576,0.055585765569122106,0,,,0,0,,,
0.07583999999999999,0.055700989996120165,0,,,0,0,,,
0.07591999999999999,0.05581632668053576,0,,,0,0,,,
0.07599999999999998,0.055931775593227706,0,,,0,0,,,
0.07608,0.056047336705026485,0,,,0,0,,,
0.07615999999999999,0.05616300998673416,0,,,0,0,,,
0.07623999999999999,0.056278795409124525,0,,,0,0,,,
0.07631999999999999,0.056394692942943025,0,,,0,0,,,
0.0764,0.05651070255890679,0,,,0,0,,,
0.07647999999999999,0.056626824227704584,0,,,0,0,,,
0.07655999999999999,0.05674305791999689,0,,,0,0,,,
0.07663999999999999,0.056859403606415906,0,,,0,0,,,
0.07671999999999998,0.0569758612575655,0,,,0,0,,,
0.0768,0.05709243084402128,0,,,0,0,,,
0.07687999999999999,0.05720911233633053,0,,,0,0,,,
0.07695999999999999,0.05732590570501231,0,,,0,0,,,
0.07703999999999998,0.05744281092055738,0,,,0,0,,,
0.07712,0.05755982795342827,0,,,0,0,,,
0.07719999999999999,0.05767695677405921,0,,,0,0,,,
0.07727999999999999,0.0577941973528562,0,,,0,0,,,
0.07735999999999998,0.05791154966019705,0,,,0,0,,,
0.07744,0.05802901366643132,0,,,0,0,,,
0.07751999999999999,0.058146589341880286,0,,,0,0,,,
0.07759999999999999,0.058264276656837075,0,,,0,0,,,
0.07767999999999999,0.05838207558156662,0,,,0,0,,,
0.07776,0.058499986086305585,0,,,0,0,,,
0.07783999999999999,0.058618008141262515,0,,,0,0,,,
0.07791999999999999,0.058736141716617715,0,,,0,0,,,
0.07799999999999999,0.05885438678252333,0,,,0,0,,,
0.07807999999999998,0.05897274330910337,0,,,0,0,,,
0.07816,0.05909121126645364,0,,,0,0,,,
0.07823999999999999,0.059209790624641795,0,,,0,0,,,
0.07831999999999999,0.059328481353707344,0,,,0,0,,,
0.07839999999999998,0.05944728342366169,0,,,0,0,,,
0.07848,0.05956619680448811,0,,,0,0,,,
0.07855999999999999,0.05968522146614164,0,,,0,0,,,
0.07863999999999999,0.05980435737854934,0,,,0,0,,,
0.07871999999999998,0.059923604511610114,0,,,0,0,,,
0.0788,0.060042962835194766,0,,,0,0,,,
0.07887999999999999,0.06016243231914596,0,,,0,0,,,
0.07895999999999999,0.06028201293327834,0,,,0,0,,,
0.07903999999999999,0.06040170464737842,0,,,0,0,,,
0.07911999999999998,0.0605215074312047,0,,,0,0,,,
0.07919999999999999,0.06064142125448759,0,,,0,0,,,
0.07927999999999999,0.0607614460869294,0,,,0,0,,,
0.07935999999999999,0.06088158189820445,0,,,0,0,,,
0.07943999999999998,0.06100182865795901,0,,,0,0,,,
0.07952,0.061122186335811325,0,,,0,0,,,
0.07959999999999999,0.061242654901351556,0,,,0,0,,,
0.07967999999999999,0.06136323432414191,0,,,0,0,,,
0.07975999999999998,0.06148392457371657,0,,,0,0,,,
0.07984,0.06160472561958173,0,,,0,0,,,
0.07991999999999999,0.06172563743121553,0,,,0,0,,,
0.07999999999999999,0.06184665997806818,0,,,0,0,,,
0.08007999999999998,0.06196779322956191,0,,,0,0,,,
0.08016,0.06208903715509099,0,,,0,0,,,
0.08023999999999999,0.06221039172402165,0,,,0,0,,,
0.08031999999999999,0.06233185690569225,0,,,0,0,,,
0.08039999999999999,0.062453432669413146,0,,,0,0,,,
0.08047999999999998,0.0625751189844668,0,,,0,0,,,
0.08055999999999999,0.06269691582010775,0,,,0,0,,,
0.08063999999999999,0.0628188231455625,0,,,0,0,,,
0.08071999999999999,0.06294084093002979,0,,,0,0,,,
0.08079999999999998,0.06306296914268032,0,,,0,0,,,
0.08088,0.06318520775265701,0,,,0,0,,,
0.08095999999999999,0.0633075567290748,0,,,0,0,,,
0.08103999999999999,0.06343001604102072,0,,,0,0,,,
0.08111999999999998,0.06355258565755409,0,,,0,0,,,
0.0812,0.06367526554770611,0,,,0,0,,,
0.08127999999999999,0.0637980556804803,0,,,0,0,,,
0.08135999999999999,0.06392095602485233,0,,,0,0,,,
0.08143999999999998,0.06404396654976989,0,,,0,0,,,
0.08152,0.06416708722415297,0,,,0,0,,,
0.08159999999999999,0.06429031801689362,0,,,0,0,,,
0.08167999999999999,0.06441365889685613,0,,,0,0,,,
0.08175999999999999,0.06453710983287698,0,,,0,0,,,
0.08183999999999998,0.06466067079376484,0,,,0,0,,,
0.08191999999999999,0.06478434174830053,0,,,0,0,,,
0.08199999999999999,0.06490812266523713,0,,,0,0,,,
0.08207999999999999,0.06503201351329994,0,,,0,0,,,
0.08215999999999998,0.06515601426118646,0,,,0,0,,,
0.08224,0.06528012487756642,0,,,0,0,,,
0.08231999999999999,0.06540434533108179,0,,,0,0,,,
0.08239999999999999,0.06552867559034681,0,,,0,0,,,
0.08247999999999998,0.06565311562394795,0,,,0,0,,,
0.08256,0.06577766540044401,0,,,0,0,,,
0.08263999999999999,0.06590232488836593,0,,,0,0,,,
0.08271999999999999,0.0660270940562171,0,,,0,0,,,
0.08279999999999998,0.06615197287247301,0,,,0,0,,,
0.08288,0.06627696130558167,0,,,0,0,,,
0.08295999999999999,0.06640205932396316,0,,,0,0,,,
0.08303999999999999,0.06652726689601,0,,,0,0,,,
0.08311999999999999,0.06665258399008706,0,,,0,0,,,
0.08319999999999998,0.06677801057453144,0,,,0,0,,,
0.08327999999999999,0.06690354661765265,0,,,0,0,,,
0.08335999999999999,0.06702919208773252,0,,,0,0,,,
0.08343999999999999,0.06715494695302521,0,,,0,0,,,
0.08351999999999998,0.0672808111817573,0,,,0,0,,,
0.0836,0.06740678474212766,0,,,0,0,,,
0.08367999999999999,0.0675328676023076,0,,,0,0,,,
0.08375999999999999,0.06765905973044074,0,,,0,0,,,
0.08383999999999998,0.0677853610946432,0,,,0,0,,,
0.08392,0.06791177166300345,0,,,0,0,,,
0.08399999999999999,0.06803829140358232,0,,,0,0,,,
0.08407999999999999,0.0681649202844131,0,,,0,0,,,
0.08415999999999998,0.06829165827350149,0,,,0,0,,,
0.08424,0.06841850533882568,0,,,0,0,,,
0.08431999999999999,0.0685454614483362,0,,,0,0,,,
0.08439999999999999,0.06867252656995611,0,,,0,0,,,
0.08447999999999999,0.06879970067158088,0,,,0,0,,,
0.08455999999999998,0.06892698372107853,0,,,0,0,,,
0.08463999999999999,0.0690543756862894,0,,,0,0,,,
0.08471999999999999,0.06918187653502644,0,,,0,0,,,
0.08479999999999999,0.06930948623507505,0,,,0,0,,,
0.08487999999999998,0.0694372047541931,0,,,0,0,,,
0.08496,0.06956503206011104,0,,,0,0,,,
0.08503999999999999,0.06969296812053172,0,,,0,0,,,
0.08511999999999999,0.0698210129031306,0,,,0,0,,,
0.08519999999999998,0.06994916637555568,0,,,0,0,,,
0.08528,0.07007742850542743,0,,,0,0,,,
0.08535999999999999,0.0702057992603389,0,,,0,0,,,
0.08543999999999999,0.07033427860785571,0,,,0,0,,,
0.08551999999999998,0.07046286651551603,0,,,0,0,,,
0.08559999999999998,0.07059156295083056,0,,,0,0,,,
0.08567999999999999,0.07072036788128269,0,,,0,0,,,
0.08575999999999999,0.07084928127432825,0,,,0,0,,,
0.08583999999999999,0.07097830309739583,0,,,0,0,,,
0.08591999999999998,0.07110743331788645,0,,,0,0,,,
0.086,0.07123667190317384,0,,,0,0,,,
0.08607999999999999,0.07136601882060438,0,,,0,0,,,
0.08615999999999999,0.07149547403749701,0,,,0,0,,,
0.08623999999999998,0.07162503752114333,0,,,0,0,,,
0.08632,0.07175470923880763,0,,,0,0,,,
0.08639999999999999,0.07188448915772674,0,,,0,0,,,
0.08647999999999999,0.07201437724511026,0,,,0,0,,,
0.08655999999999998,0.07214437346814043,0,,,0,0,,,
0.08664,0.07227447779397217,0,,,0,0,,,
0.08671999999999999,0.07240469018973303,0,,,0,0,,,
0.08679999999999999,0.07253501062252336,0,,,0,0,,,
0.08687999999999999,0.07266543905941614,0,,,0,0,,,
0.08695999999999998,0.07279597546745704,0,,,0,0,,,
0.08703999999999999,0.07292661981366456,0,,,0,0,,,
0.08711999999999999,0.07305737206502977,0,,,0,0,,,
0.08719999999999999,0.07318823218851664,0,,,0,0,,,
0.08727999999999998,0.07331920015106175,0,,,0,0,,,
0.08736,0.07345027591957452,0,,,0,0,,,
0.08743999999999999,0.07358145946093708,0,,,0,0,,,
0.08751999999999999,0.07371275074200435,0,,,0,0,,,
0.08759999999999998,0.07384414972960407,0,,,0,0,,,
0.08768,0.07397565639053671,0,,,0,0,,,
0.08775999999999999,0.07410727069157554,0,,,0,0,,,
0.08783999999999999,0.07423899259946663,0,,,0,0,,,
0.08791999999999998,0.07437082208092888,0,,,0,0,,,
0.088,0.07450275910265404,0,,,0,0,,,
0.08807999999999999,0.07463480363130663,0,,,0,0,,,
0.08815999999999999,0.07476695563352406,0,,,0,0,,,
0.08823999999999999,0.07489921507591653,0,,,0,0,,,
0.08831999999999998,0.0750315819250671,0,,,0,0,,,
0.08839999999999999,0.07516405614753177,0,,,0,0,,,
0.08847999999999999,0.07529663770983933,0,,,0,0,,,
0.08855999999999999,0.07542932657849148,0,,,0,0,,,
0.08863999999999998,0.0755621227199628,0,,,0,0,,,
0.08872,0.07569502610070075,0,,,0,0,,,
0.08879999999999999,0.07582803668712573,0,,,0,0,,,
0.08887999999999999,0.07596115444563106,0,,,0,0,,,
0.08895999999999998,0.07609437934258292,0,,,0,0,,,
0.08904,0.0762277113443205,0,,,0,0,,,
0.08911999999999999,0.07636115041715581,0,,,0,0,,,
0.08919999999999999,0.07649469652737398,0,,,0,0,,,
0.08927999999999998,0.07662834964123295,0,,,0,0,,,
0.08935999999999998,0.07676210972496364,0,,,0,0,,,
0.08943999999999999,0.0768959767447701,0,,,0,0,,,
0.08951999999999999,0.07702995066682909,0,,,0,0,,,
0.08959999999999999,0.0771640314572906,0,,,0,0,,,
0.08967999999999998,0.0772982190822775,0,,,0,0,,,
0.08975999999999999,0.07743251350788574,0,,,0,0,,,
0.08983999999999999,0.07756691470018413,0,,,0,0,,,
0.08991999999999999,0.07770142262521473,0,,,0,0,,,
0.08999999999999998,0.07783603724899245,0,,,0,0,,,
0.09008,0.07797075853750532,0,,,0,0,,,
0.09015999999999999,0.07810558645671441,0,,,0,0,,,
0.09023999999999999,0.07824052097255386,0,,,0,0,,,
0.09031999999999998,0.07837556205093085,0,,,0,0,,,
0.0904,0.07851070965772565,0,,,0,0,,,
0.09047999999999999,0.0786459637587916,0,,,0,0,,,
0.09055999999999999,0.07878132431995519,0,,,0,0,,,
0.09063999999999998,0.07891679130701595,0,,,0,0,,,
0.09071999999999998,0.0790523646857465,0,,,0,0,,,
0.09079999999999999,0.07918804442189262,0,,,0,0,,,
0.09087999999999999,0.07932383048117327,0,,,0,0,,,
0.09095999999999999,0.07945972282928046,0,,,0,0,,,
0.09103999999999998,0.07959572143187937,0,,,0,0,,,
0.09111999999999999,0.07973182625460834,0,,,0,0,,,
0.09119999999999999,0.0798680372630789,0,,,0,0,,,
0.09127999999999999,0.08000435442287566,0,,,0,0,,,
0.09135999999999998,0.08014077769955653,0,,,0,0,,,
0.09144,0.08027730705865253,0,,,0,0,,,
0.09151999999999999,0.08041394246566791,0,,,0,0,,,
0.09159999999999999,0.08055068388608007,0,,,0,0,,,
0.09167999999999998,0.08068753128533973,0,,,0,0,,,
0.09176,0.08082448462887072,0,,,0,0,,,
0.09183999999999999,0.08096154388207016,0,,,0,0,,,
0.09191999999999999,0.08109870901030843,0,,,0,0,,,
0.09199999999999998,0.0812359799789291,0,,,0,0,,,
0.09207999999999998,0.08137335675324908,0,,,0,0,,,
0.09215999999999999,0.08151083929855846,0,,,0,0,,,
0.09223999999999999,0.08164842758012063,0,,,0,0,,,
0.09231999999999999,0.08178612156317229,0,,,0,0,,,
0.09239999999999998,0.0819239212129234,0,,,0,0,,,
0.09247999999999999,0.08206182649455733,0,,,0,0,,,
0.09255999999999999,0.08219983737323058,0,,,0,0,,,
0.09263999999999999,0.08233795381407309,0,,,0,0,,,
0.09271999999999998,0.0824761757821881,0,,,0,0,,,
0.0928,0.08261450324265225,0,,,0,0,,,
0.09287999999999999,0.0827529361605154,0,,,0,0,,,
0.09295999999999999,0.08289147450080082,0,,,0,0,,,
0.09303999999999998,0.08303011822850519,0,,,0,0,,,
0.09312,0.0831688673085985,0,,,0,0,,,
0.09319999999999999,0.0833077217060242,0,,,0,0,,,
0.09327999999999999,0.08344668138569901,0,,,0,0,,,
0.09335999999999998,0.08358574631251316,0,,,0,0,,,
0.09343999999999998,0.08372491645133025,0,,,0,0,,,
0.09351999999999999,0.08386419176698728,0,,,0,0,,,
0.09359999999999999,0.08400357222429466,0,,,0,0,,,
0.09367999999999999,0.08414305778803634,0,,,0,0,,,
0.09375999999999998,0.08428264842296954,0,,,0,0,,,
0.09383999999999999,0.08442234409382514,0,,,0,0,,,
0.09391999999999999,0.08456214476530725,0,,,0,0,,,
0.09399999999999999,0.08470205040209364,0,,,0,0,,,
0.09407999999999998,0.0848420609688355,0,,,0,0,,,
0.09416,0.0849821764301575,0,,,0,0,,,
0.09423999999999999,0.08512239675065773,0,,,0,0,,,
0.09431999999999999,0.08526272189490794,0,,,0,0,,,
0.09439999999999998,0.08540315182745331,0,,,0,0,,,
0.09448,0.08554368651281254,0,,,0,0,,,
0.09455999999999999,0.08568432591547787,0,,,0,0,,,
0.09463999999999999,0.08582506999991504,0,,,0,0,,,
0.09471999999999998,0.08596591873056349,0,,,0,0,,,
0.09479999999999998,0.086106872071836,0,,,0,0,,,
0.09487999999999999,0.08624792998811917,0,,,0,0,,,
0.09495999999999999,0.08638909244377291,0,,,0,0,,,
0.09503999999999999,0.08653035940313092,0,,,0,0,,,
0.09511999999999998,0.08667173083050043,0,,,0,0,,,
0.09519999999999999,0.08681320669016226,0,,,0,0,,,
0.09527999999999999,0.08695478694637082,0,,,0,0,,,
0.09535999999999999,0.08709647156335423,0,,,0,0,,,
0.09543999999999998,0.08723826050531415,0,,,0,0,,,
0.09552,0.08738015373642598,0,,,0,0,,,
0.09559999999999999,0.08752215122083863,0,,,0,0,,,
0.09567999999999999,0.0876642529226748,0,,,0,0,,,
0.09575999999999998,0.0878064588060308,0,,,0,0,,,
0.09583999999999998,0.08794876883497665,0,,,0,0,,,
0.09591999999999999,0.088091182973556,0,,,0,0,,,
0.09599999999999999,0.08823370118578626,0,,,0,0,,,
0.09607999999999998,0.08837632343565845,0,,,0,0,,,
0.09615999999999998,0.08851904968713742,0,,,0,0,,,
0.09623999999999999,0.08866187990416169,0,,,0,0,,,
0.09631999999999999,0.08880481405064347,0,,,0,0,,,
0.09639999999999999,0.08894785209046879,0,,,0,0,,,
0.09647999999999998,0.08909099398749737,0,,,0,0,,,
0.09655999999999999,0.08923423970556275,0,,,0,0,,,
0.09663999999999999,0.08937758920847214,0,,,0,0,,,
0.09671999999999999,0.08952104246000661,0,,,0,0,,,
0.09679999999999998,0.08966459942392101,0,,,0,0,,,
0.09688,0.08980826006394398,0,,,0,0,,,
0.09695999999999999,0.08995202434377789,0,,,0,0,,,
0.09703999999999999,0.09009589222709904,0,,,0,0,,,
0.09711999999999998,0.0902398636775575,0,,,0,0,,,
0.09719999999999998,0.09038393865877715,0,,,0,0,,,
0.09727999999999999,0.09052811713435582,0,,,0,0,,,
0.09735999999999999,0.09067239906786499,0,,,0,0,,,
0.09743999999999998,0.09081678442285016,0,,,0,0,,,
0.09751999999999998,0.09096127316283066,0,,,0,0,,,
0.09759999999999999,0.09110586525129978,0,,,0,0,,,
0.09767999999999999,0.09125056065172446,0,,,0,0,,,
0.09775999999999999,0.09139535932754576,0,,,0,0,,,
0.09783999999999998,0.0915402612421786,0,,,0,0,,,
0.09792,0.09168526635901175,0,,,0,0,,,
0.09799999999999999,0.09183037464140797,0,,,0,0,,,
0.09807999999999999,0.09197558605270395,0,,,0,0,,,
0.09815999999999998,0.09212090055621028,0,,,0,0,,,
0.09824,0.09226631811521155,0,,,0,0,,,
0.09831999999999999,0.09241183869296624,0,,,0,0,,,
0.09839999999999999,0.09255746225270685,0,,,0,0,,,
0.09847999999999998,0.09270318875763989,0,,,0,0,,,
0.09855999999999998,0.09284901817094583,0,,,0,0,,,
0.09863999999999999,0.0929949504557792,0,,,0,0,,,
0.09871999999999999,0.09314098557526831,0,,,0,0,,,
0.09879999999999999,0.09328712349251582,0,,,0,0,,,
0.09887999999999998,0.09343336417059812,0,,,0,0,,,
0.09895999999999999,0.09357970757256591,0,,,0,0,,,
0.09903999999999999,0.09372615366144366,0,,,0,0,,,
0.09911999999999999,0.09387270240023009,0,,,0,0,,,
0.09919999999999998,0.09401935375189789,0,,,0,0,,,
0.09928,0.09416610767939392,0,,,0,0,,,
0.09935999999999999,0.09431296414563901,0,,,0,0,,,
0.09943999999999999,0.0944599231135281,0,,,0,0,,,
0.09951999999999998,0.09460698454593033,0,,,0,0,,,
0.09959999999999998,0.09475414840568885,0,,,0,0,,,
0.09967999999999999,0.09490141465562098,0,,,0,0,,,
0.09975999999999999,0.09504878325851811,0,,,0,0,,,
0.09983999999999998,0.09519625417714588,0,,,0,0,,,
0.09991999999999998,0.09534382737424395,0,,,0,0,,,
0.09999999999999999,0.09549150281252627,0,,,0,0,,,
0.10007999999999999,0.09563928045468084,0,,,0,0,,,
0.10015999999999999,0.09578716026336988,0,,,0,0,,,
0.10023999999999998,0.0959351422012298,0,,,0,0,,,
0.10031999999999999,0.09608322623087119,0,,,0,0,,,
0.10039999999999999,0.09623141231487896,0,,,0,0,,,
0.10047999999999999,0.09637970041581204,0,,,0,0,,,
0.10055999999999998,0.09652809049620371,0,,,0,0,,,
0.10064,0.09667658251856148,0,,,0,0,,,
0.10071999999999999,0.09682517644536703,0,,,0,0,,,
0.10079999999999999,0.09697387223907637,0,,,0,0,,,
0.10087999999999998,0.09712266986211975,0,,,0,0,,,
0.10095999999999998,0.09727156927690168,0,,,0,0,,,
0.10103999999999999,0.09742057044580098,0,,,0,0,,,
0.10111999999999999,0.09756967333117066,0,,,0,0,,,
0.10119999999999998,0.09771887789533815,0,,,0,0,,,
0.10127999999999998,0.09786818410060516,0,,,0,0,,,
0.10135999999999999,0.09801759190924775,0,,,0,0,,,
0.10143999999999999,0.09816710128351612,0,,,0,0,,,
0.10151999999999999,0.09831671218563508,0,,,0,0,,,
0.10159999999999998,0.09846642457780361,0,,,0,0,,,
0.10167999999999999,0.09861623842219518,0,,,0,0,,,
0.10175999999999999,0.0987661536809574,0,,,0,0,,,
0.10183999999999999,0.09891617031621247,0,,,0,0,,,
0.10191999999999998,0.09906628829005694,0,,,0,0,,,
0.102,0.0992165075645617,0,,,0,0,,,
0.10207999999999999,0.09936682810177204,0,,,0,0,,,
0.10215999999999999,0.09951724986370772,0,,,0,0,,,
0.10223999999999998,0.09966777281236287,0,,,0,0,,,
0.10231999999999998,0.09981839690970613,0,,,0,0,,,
0.10239999999999999,0.09996912211768053,0,,,0,0,,,
0.10247999999999999,0.10011994839820348,0,,,0,0,,,
0.10255999999999998,0.10027087571316698,0,,,0,0,,,
0.10263999999999998,0.1004219040244375,0,,,0,0,,,
0.10271999999999999,0.10057303329385585,0,,,0,0,,,
0.10279999999999999,0.10072426348323751,0,,,0,0,,,
0.10287999999999999,0.10087559455437231,0,,,0,0,,,
0.10295999999999998,0.10102702646902473,0,,,0,0,,,
0.10303999999999999,0.10117855918893369,0,,,0,0,,,
0.10311999999999999,0.10133019267581259,0,,,0,0,,,
0.10319999999999999,0.10148192689134947,0,,,0,0,,,
0.10327999999999998,0.10163376179720683,0,,,0,0,,,
0.10336,0.1017856973550219,0,,,0,0,,,
0.10343999999999999,0.10193773352640623,0,,,0,0,,,
0.10351999999999999,0.10208987027294612,0,,,0,0,,,
0.10359999999999998,0.10224210755620246,0,,,0,0,,,
0.10367999999999998,0.10239444533771062,0,,,0,0,,,
0.10375999999999999,0.10254688357898076,0,,,0,0,,,
0.10383999999999999,0.1026994222414974,0,,,0,0,,,
0.10391999999999998,0.10285206128671995,0,,,0,0,,,
0.10399999999999998,0.1030048006760823,0,,,0,0,,,
0.10407999999999999,0.10315764037099305,0,,,0,0,,,
0.10415999999999999,0.10331058033283542,0,,,0,0,,,
0.10423999999999999,0.10346362052296731,0,,,0,0,,,
0.10431999999999998,0.10361676090272133,0,,,0,0,,,
0.10439999999999999,0.10377000143340474,0,,,0,0,,,
0.10447999999999999,0.10392334207629945,0,,,0,0,,,
0.10455999999999999,0.10407678279266216,0,,,0,0,,,
0.10463999999999998,0.10423032354372426,0,,,0,0,,,
0.10472,0.10438396429069188,0,,,0,0,,,
0.10479999999999999,0.10453770499474581,0,,,0,0,,,
0.10487999999999999,0.10469154561704169,0,,,0,0,,,
0.10495999999999998,0.10484548611870981,0,,,0,0,,,
0.10503999999999998,0.10499952646085528,0,,,0,0,,,
0.10511999999999999,0.10515366660455804,0,,,0,0,,,
0.10519999999999999,0.10530790651087268,0,,,0,0,,,
0.10527999999999998,0.10546224614082868,0,,,0,0,,,
0.10535999999999998,0.10561668545543032,0,,,0,0,,,
0.10543999999999999,0.1057712244156567,0,,,0,0,,,
0.10551999999999999,0.10592586298246165,0,,,0,0,,,
0.10559999999999999,0.10608060111677392,0,,,0,0,,,
0.10567999999999998,0.10623543877949711,0,,,0,0,,,
0.10575999999999999,0.10639037593150968,0,,,0,0,,,
0.10583999999999999,0.10654541253366483,0,,,0,0,,,
0.10591999999999999,0.10670054854679076,0,,,0,0,,,
0.10599999999999998,0.1068557839316905,0,,,0,0,,,
0.10607999999999998,0.10701111864914205,0,,,0,0,,,
0.10615999999999999,0.10716655265989822,0,,,0,0,,,
0.10623999999999999,0.10732208592468669,0,,,0,0,,,
0.10631999999999998,0.10747771840421025,0,,,0,0,,,
0.10639999999999998,0.10763345005914643,0,,,0,0,,,
0.10647999999999999,0.10778928085014783,0,,,0,0,,,
0.10655999999999999,0.10794521073784191,0,,,0,0,,,
0.10663999999999998,0.10810123968283113,0,,,0,0,,,
0.10671999999999998,0.10825736764569296,0,,,0,0,,,
0.10679999999999999,0.10841359458697981,0,,,0,0,,,
0.10687999999999999,0.10856992046721906,0,,,0,0,,,
0.10695999999999999,0.10872634524691314,0,,,0,0,,,
0.10703999999999998,0.10888286888653946,0,,,0,0,,,
0.10711999999999999,0.10903949134655053,0,,,0,0,,,
0.10719999999999999,0.10919621258737376,0,,,0,0,,,
0.10727999999999999,0.10935303256941166,0,,,0,0,,,
0.10735999999999998,0.10950995125304182,0,,,0,0,,,
0.10743999999999998,0.1096669685986169,0,,,0,0,,,
0.10751999999999999,0.10982408456646453,0,,,0,0,,,
0.10759999999999999,0.10998129911688762,0,,,0,0,,,
0.10767999999999998,0.11013861221016391,0,,,0,0,,,
0.10775999999999998,0.11029602380654648,0,,,0,0,,,
0.10783999999999999,0.11045353386626341,0,,,0,0,,,
0.10791999999999999,0.1106111423495179,0,,,0,0,,,
0.10799999999999998,0.11076884921648823,0,,,0,0,,,
0.10807999999999998,0.11092665442732799,0,,,0,0,,,
0.10815999999999999,0.11108455794216576,0,,,0,0,,,
0.10823999999999999,0.11124255972110539,0,,,0,0,,,
0.10831999999999999,0.11140065972422578,0,,,0,0,,,
0.10839999999999998,0.11155885791158117,0,,,0,0,,,
0.10848,0.11171715424320089,0,,,0,0,,,
0.10855999999999999,0.11187554867908943,0,,,0,0,,,
0.10863999999999999,0.11203404117922663,0,,,0,0,,,
0.10871999999999998,0.11219263170356744,0,,,0,0,,,
0.10879999999999998,0.11235132021204208,0,,,0,0,,,
0.10887999999999999,0.1125101066645561,0,,,0,0,,,
0.10895999999999999,0.11266899102099011,0,,,0,0,,,
0.10903999999999998,0.11282797324120009,0,,,0,0,,,
0.10911999999999998,0.11298705328501736,0,,,0,0,,,
0.10919999999999999,0.11314623111224849,0,,,0,0,,,
0.10927999999999999,0.1133055066826752,0,,,0,0,,,
0.10935999999999998,0.11346487995605468,0,,,0,0,,,
0.10943999999999998,0.11362435089211939,0,,,0,0,,,
0.10951999999999999,0.11378391945057716,0,,,0,0,,,
0.10959999999999999,0.11394358559111098,0,,,0,0,,,
0.10967999999999999,0.11410334927337937,0,,,0,0,,,
0.10975999999999998,0.11426321045701612,0,,,0,0,,,
0.10983999999999998,0.11442316910163046,0,,,0,0,,,
0.10991999999999999,0.11458322516680687,0,,,0,0,,,
0.10999999999999999,0.11474337861210533,0,,,0,0,,,
0.11007999999999998,0.11490362939706117,0,,,0,0,,,
0.11015999999999998,0.11506397748118508,0,,,0,0,,,
0.11023999999999999,0.11522442282396332,0,,,0,0,,,
0.11031999999999999,0.11538496538485735,0,,,0,0,,,
0.11039999999999998,0.11554560512330424,0,,,0,0,,,
0.11047999999999998,0.11570634199871646,0,,,0,0,,,
0.11055999999999999,0.11586717597048192,0,,,0,0,,,
0.11063999999999999,0.116028106997964,0,,,0,0,,,
0.11071999999999999,0.11618913504050156,0,,,0,0,,,
0.11079999999999998,0.11635026005740898,0,,,0,0,,,
0.11087999999999999,0.11651148200797612,0,,,0,0,,,
0.11095999999999999,0.11667280085146833,0,,,0,0,,,
0.11103999999999999,0.11683421654712643,0,,,0,0,,,
0.11111999999999998,0.11699572905416693,0,,,0,0,,,
0.11119999999999998,0.11715733833178169,0,,,0,0,,,
0.11127999999999999,0.11731904433913831,0,,,0,0,,,
0.11135999999999999,0.11748084703537973,0,,,0,0,,,
0.11143999999999998,0.11764274637962464,0,,,0,0,,,
0.11151999999999998,0.11780474233096726,0,,,0,0,,,
0.11159999999999999,0.1179668348484774,0,,,0,0,,,
0.11167999999999999,0.1181290238912004,0,,,0,0,,,
0.11175999999999998,0.11829130941815728,0,,,0,0,,,
0.11183999999999998,0.11845369138834473,0,,,0,0,,,
0.11191999999999999,0.11861616976073505,0,,,0,0,,,
0.11199999999999999,0.11877874449427607,0,,,0,0,,,
0.11207999999999999,0.11894141554789131,0,,,0,0,,,
0.11215999999999998,0.11910418288048014,0,,,0,0,,,
0.11223999999999999,0.11926704645091736,0,,,0,0,,,
0.11231999999999999,0.11943000621805354,0,,,0,0,,,
0.11239999999999999,0.11959306214071508,0,,,0,0,,,
0.11247999999999998,0.11975621417770382,0,,,0,0,,,
0.11255999999999998,0.1199194622877976,0,,,0,0,,,
0.11263999999999999,0.12008280642974976,0,,,0,0,,,
0.11271999999999999,0.12024624656228948,0,,,0,0,,,
0.11279999999999998,0.1204097826441217,0,,,0,0,,,
0.11287999999999998,0.12057341463392704,0,,,0,0,,,
0.11295999999999999,0.12073714249036198,0,,,0,0,,,
0.11303999999999999,0.1209009661720587,0,,,0,0,,,
0.11311999999999998,0.12106488563762517,0,,,0,0,,,
0.11319999999999998,0.1212289008456453,0,,,0,0,,,
0.11327999999999999,0.12139301175467865,0,,,0,0,,,
0.11335999999999999,0.1215572183232606,0,,,0,0,,,
0.11343999999999999,0.12172152050990247,0,,,0,0,,,
0.11351999999999998,0.12188591827309135,0,,,0,0,,,
0.11359999999999999,0.1220504115712902,0,,,0,0,,,
0.11367999999999999,0.12221500036293781,0,,,0,0,,,
0.11375999999999999,0.12237968460644888,0,,,0,0,,,
0.11383999999999998,0.12254446426021398,0,,,0,0,,,
0.11391999999999998,0.12270933928259958,0,,,0,0,,,
0.11399999999999999,0.12287430963194806,0,,,0,0,,,
0.11407999999999999,0.1230393752665777,0,,,0,0,,,
0.11415999999999998,0.12320453614478269,0,,,0,0,,,
0.11423999999999998,0.1233697922248332,0,,,0,0,,,
0.11431999999999999,0.1235351434649753,0,,,0,0,,,
0.11439999999999999,0.12370058982343103,0,,,0,0,,,
0.11447999999999998,0.12386613125839843,0,,,0,0,,,
0.11455999999999998,0.12403176772805145,0,,,0,0,,,
0.11463999999999999,0.12419749919054011,0,,,0,0,,,
0.11471999999999999,0.12436332560399041,0,,,0,0,,,
0.11479999999999999,0.12452924692650429,0,,,0,0,,,
0.11487999999999998,0.12469526311615975,0,,,0,0,,,
0.11495999999999999,0.12486137413101092,0,,,0,0,,,
0.11503999999999999,0.12502757992908778,0,,,0,0,,,
0.11511999999999999,0.12519388046839647,0,,,0,0,,,
0.11519999999999998,0.12536027570691927,0,,,0,0,,,
0.11527999999999998,0.12552676560261433,0,,,0,0,,,
0.11535999999999999,0.12569335011341615,0,,,0,0,,,
0.11543999999999999,0.12586002919723502,0,,,0,0,,,
0.11551999999999998,0.12602680281195758,0,,,0,0,,,
0.11559999999999998,0.1261936709154465,0,,,0,0,,,
0.11567999999999999,0.12636063346554055,0,,,0,0,,,
0.11575999999999999,0.12652769042005466,0,,,0,0,,,
0.11583999999999998,0.12669484173677986,0,,,0,0,,,
0.11591999999999998,0.12686208737348345,0,,,0,0,,,
0.11599999999999999,0.12702942728790892,0,,,0,0,,,
0.11607999999999999,0.12719686143777567,0,,,0,0,,,
0.11615999999999999,0.12736438978077957,0,,,0,0,,,
0.11623999999999998,0.1275320122745926,0,,,0,0,,,
0.11631999999999998,0.12769972887686293,0,,,0,0,,,
0.11639999999999999,0.12786753954521501,0,,,0,0,,,
0.11647999999999999,0.1280354442372494,0,,,0,0,,,
0.11655999999999998,0.1282034429105431,0,,,0,0,,,
0.11663999999999998,0.1283715355226491,0,,,0,0,,,
0.11671999999999999,0.12853972203109695,0,,,0,0,,,
0.11679999999999999,0.12870800239339228,0,,,0,0,,,
0.11687999999999998,0.12887637656701703,0,,,0,0,,,
0.11695999999999998,0.12904484450942952,0,,,0,0,,,
0.11703999999999999,0.12921340617806423,0,,,0,0,,,
0.11711999999999999,0.12938206153033222,0,,,0,0,,,
0.11719999999999998,0.12955081052362052,0,,,0,0,,,
0.11727999999999998,0.12971965311529288,0,,,0,0,,,
0.11735999999999999,0.12988858926268912,0,,,0,0,,,
0.11743999999999999,0.13005761892312548,0,,,0,0,,,
0.11751999999999999,0.13022674205389465,0,,,0,0,,,
0.11759999999999998,0.13039595861226566,0,,,0,0,,,
0.11767999999999998,0.13056526855548398,0,,,0,0,,,
0.11775999999999999,0.13073467184077142,0,,,0,0,,,
0.11783999999999999,0.13090416842532623,0,,,0,0,,,
0.11791999999999998,0.13107375826632306,0,,,0,0,,,
0.11799999999999998,0.131243441320913,0,,,0,0,,,
0.11807999999999999,0.1314132175462237,0,,,0,0,,,
0.11815999999999999,0.1315830868993591,0,,,0,0,,,
0.11823999999999998,0.13175304933739973,0,,,0,0,,,
0.11831999999999998,0.13192310481740258,0,,,0,0,,,
0.11839999999999999,0.13209325329640112,0,,,0,0,,,
0.11847999999999999,0.13226349473140525,0,,,0,0,,,
0.11855999999999998,0.13243382907940152,0,,,0,0,,,
0.11863999999999998,0.13260425629735287,0,,,0,0,,,
0.11871999999999999,0.1327747763421989,0,,,0,0,,,
0.11879999999999999,0.1329453891708557,0,,,0,0,,,
0.11887999999999999,0.13311609474021585,0,,,0,0,,,
0.11895999999999998,0.13328689300714863,0,,,0,0,,,
0.11903999999999998,0.1334577839284998,0,,,0,0,,,
0.11911999999999999,0.13362876746109173,0,,,0,0,,,
0.11919999999999999,0.13379984356172345,0,,,0,0,,,
0.11927999999999998,0.13397101218717047,0,,,0,0,,,
0.11935999999999998,0.13414227329418507,0,,,0,0,,,
0.11943999999999999,0.13431362683949608,0,,,0,0,,,
0.11951999999999999,0.134485072779809,0,,,0,0,,,
0.11959999999999998,0.134656611071806,0,,,0,0,,,
0.11967999999999998,0.13482824167214588,0,,,0,0,,,
0.11975999999999999,0.1349999645374641,0,,,0,0,,,
0.11983999999999999,0.13517177962437282,0,,,0,0,,,
0.11991999999999998,0.135343686889461,0,,,0,0,,,
0.11999999999999998,0.13551568628929417,0,,,0,0,,,
0.12007999999999998,0.1356877777804147,0,,,0,0,,,
0.12015999999999999,0.13585996131934158,0,,,0,0,,,
0.12023999999999999,0.1360322368625706,0,,,0,0,,,
0.12031999999999998,0.1362046043665743,0,,,0,0,,,
0.12039999999999998,0.13637706378780198,0,,,0,0,,,
0.12047999999999999,0.13654961508267982,0,,,0,0,,,
0.12055999999999999,0.13672225820761053,0,,,0,0,,,
0.12063999999999998,0.13689499311897388,0,,,0,0,,,
0.12071999999999998,0.13706781977312624,0,,,0,0,,,
0.12079999999999999,0.13724073812640106,0,,,0,0,,,
0.12087999999999999,0.13741374813510834,0,,,0,0,,,
0.12095999999999998,0.1375868497555351,0,,,0,0,,,
0.12103999999999998,0.13776004294394514,0,,,0,0,,,
0.12111999999999999,0.1379333276565792,0,,,0,0,,,
0.12119999999999999,0.1381067038496548,0,,,0,0,,,
0.12127999999999999,0.13828017147936633,0,,,0,0,,,
0.12135999999999998,0.1384537305018852,0,,,0,0,,,
0.12143999999999998,0.13862738087335966,0,,,0,0,,,
0.12151999999999999,0.13880112254991492,0,,,0,0,,,
0.12159999999999999,0.13897495548765298,0,,,0,0,,,
0.12167999999999998,0.13914887964265302,0,,,0,0,,,
0.12175999999999998,0.1393228949709709,0,,,0,0,,,
0.12183999999999999,0.13949700142863966,0,,,0,0,,,
0.12191999999999999,0.1396711989716692,0,,,0,0,,,
0.12199999999999998,0.13984548755604653,0,,,0,0,,,
0.12207999999999998,0.14001986713773548,0,,,0,0,,,
0.12215999999999999,0.14019433767267697,0,,,0,0,,,
0.12223999999999999,0.14036889911678901,0,,,0,0,,,
0.12231999999999998,0.14054355142596656,0,,,0,0,,,
0.12239999999999998,0.14071829455608162,0,,,0,0,,,
0.12247999999999999,0.14089312846298335,0,,,0,0,,,
0.12255999999999999,0.14106805310249776,0,,,0,0,,,
0.12263999999999999,0.14124306843042814,0,,,0,0,,,
0.12271999999999998,0.14141817440255475,0,,,0,0,,,
0.12279999999999998,0.14159337097463504,0,,,0,0,,,
0.12287999999999999,0.1417686581024035,0,,,0,0,,,
0.12295999999999999,0.14194403574157172,0,,,0,0,,,
0.12303999999999998,0.14211950384782848,0,,,0,0,,,
0.12311999999999998,0.1422950623768397,0,,,0,0,,,
0.12319999999999999,0.14247071128424846,0,,,0,0,,,
0.12327999999999999,0.14264645052567484,0,,,0,0,,,
0.12335999999999998,0.14282228005671638,0,,,0,0,,,
0.12343999999999998,0.14299819983294765,0,,,0,0,,,
0.12351999999999999,0.14317420980992038,0,,,0,0,,,
0.12359999999999999,0.14335030994316358,0,,,0,0,,,
0.12367999999999998,0.14352650018818344,0,,,0,0,,,
0.12375999999999998,0.1437027805004634,0,,,0,0,,,
0.12383999999999999,0.14387915083546426,0,,,0,0,,,
0.12391999999999999,0.1440556111486238,0,,,0,0,,,
0.12399999999999999,0.1442321613953573,0,,,0,0,,,
0.12407999999999998,0.14440880153105726,0,,,0,0,,,
0.12415999999999998,0.14458553151109343,0,,,0,0,,,
0.12423999999999999,0.14476235129081289,0,,,0,0,,,
0.12431999999999999,0.14493926082554,0,,,0,0,,,
0.12439999999999998,0.14511626007057654,0,,,0,0,,,
0.12447999999999998,0.1452933489812015,0,,,0,0,,,
0.12455999999999999,0.14547052751267123,0,,,0,0,,,
0.12463999999999999,0.1456477956202195,0,,,0,0,,,
0.12471999999999998,0.14582515325905746,0,,,0,0,,,
0.12479999999999998,0.14600260038437357,0,,,0,0,,,
0.12487999999999999,0.14618013695133372,0,,,0,0,,,
0.12495999999999999,0.14635776291508115,0,,,0,0,,,
0.12503999999999998,0.14653547823073654,0,,,0,0,,,
0.12511999999999998,0.14671328285339807,0,,,0,0,,,
0.1252,0.14689117673814134,0,,,0,0,,,
0.12528,0.14706915984001923,0,,,0,0,,,
0.12536,0.14724723211406218,0,,,0,0,,,
0.12544,0.1474253935152782,0,,,0,0,,,
0.12552,0.1476036439986527,0,,,0,0,,,
0.1256,0.14778198351914848,0,,,0,0,,,
0.12568,0.1479604120317061,0,,,0,0,,,
0.12575999999999998,0.14813892949124333,0,,,0,0,,,
0.12583999999999998,0.14831753585265572,0,,,0,0,,,
0.12592,0.1484962310708163,0,,,0,0,,,
0.126,0.1486750151005754,0,,,0,0,,,
0.12608,0.14885388789676127,0,,,0,0,,,
0.12616,0.1490328494141795,0,,,0,0,,,
0.12624,0.1492118996076134,0,,,0,0,,,
0.12632,0.14939103843182377,0,,,0,0,,,
0.12639999999999998,0.14957026584154912,0,,,0,0,,,
0.12647999999999998,0.14974958179150544,0,,,0,0,,,
0.12655999999999998,0.14992898623638648,0,,,0,0,,,
0.12664,0.1501084791308636,0,,,0,0,,,
0.12672,0.15028806042958573,0,,,0,0,,,
0.1268,0.15046773008717948,0,,,0,0,,,
0.12688,0.1506474880582493,0,,,0,0,,,
0.12696,0.15082733429737716,0,,,0,0,,,
0.12704,0.1510072687591227,0,,,0,0,,,
0.12711999999999998,0.1511872913980235,0,,,0,0,,,
0.12719999999999998,0.15136740216859454,0,,,0,0,,,
0.12728,0.15154760102532885,0,,,0,0,,,
0.12736,0.1517278879226969,0,,,0,0,,,
0.12744,0.15190826281514713,0,,,0,0,,,
0.12752,0.15208872565710568,0,,,0,0,,,
0.1276,0.1522692764029765,0,,,0,0,,,
0.12768,0.1524499150071413,0,,,0,0,,,
0.12775999999999998,0.15263064142395952,0,,,0,0,,,
0.12783999999999998,0.15281145560776854,0,,,0,0,,,
0.12791999999999998,0.1529923575128835,0,,,0,0,,,
0.128,0.15317334709359753,0,,,0,0,,,
0.12808,0.1533544243041812,0,,,0,0,,,
0.12816,0.15353558909888337,0,,,0,0,,,
0.12824,0.15371684143193054,0,,,0,0,,,
0.12832,0.1538981812575272,0,,,0,0,,,
0.1284,0.15407960852985567,0,,,0,0,,,
0.12847999999999998,0.1542611232030762,0,,,0,0,,,
0.12855999999999998,0.15444272523132696,0,,,0,0,,,
0.12864,0.15462441456872406,0,,,0,0,,,
0.12872,0.15480619116936148,0,,,0,0,,,
0.1288,0.15498805498731127,0,,,0,0,,,
0.12888,0.15517000597662328,0,,,0,0,,,
0.12896,0.15535204409132555,0,,,0,0,,,
0.12904,0.15553416928542396,0,,,0,0,,,
0.12911999999999998,0.15571638151290237,0,,,0,0,,,
0.12919999999999998,0.15589868072772273,0,,,0,0,,,
0.12927999999999998,0.15608106688382495,0,,,0,0,,,
0.12936,0.15626353993512704,0,,,0,0,,,
0.12944,0.15644609983552502,0,,,0,0,,,
0.12952,0.15662874653889292,0,,,0,0,,,
0.1296,0.15681147999908293,0,,,0,0,,,
0.12968,0.15699430016992524,0,,,0,0,,,
0.12976,0.1571772070052282,0,,,0,0,,,
0.12983999999999998,0.15736020045877822,0,,,0,0,,,
0.12991999999999998,0.1575432804843398,0,,,0,0,,,
0.13,0.15772644703565566,0,,,0,0,,,
0.13008,0.15790970006644653,0,,,0,0,,,
0.13016,0.15809303953041137,0,,,0,0,,,
0.13024,0.15827646538122728,0,,,0,0,,,
0.13032,0.15845997757254957,0,,,0,0,,,
0.1304,0.15864357605801171,0,,,0,0,,,
0.13047999999999998,0.1588272607912254,0,,,0,0,,,
0.13055999999999998,0.15901103172578038,0,,,0,0,,,
0.13063999999999998,0.15919488881524488,0,,,0,0,,,
0.13072,0.15937883201316524,0,,,0,0,,,
0.1308,0.15956286127306588,0,,,0,0,,,
0.13088,0.15974697654844972,0,,,0,0,,,
0.13096,0.15993117779279784,0,,,0,0,,,
0.13104,0.1601154649595696,0,,,0,0,,,
0.13112,0.16029983800220263,0,,,0,0,,,
0.13119999999999998,0.16048429687411297,0,,,0,0,,,
0.13127999999999998,0.16066884152869484,0,,,0,0,,,
0.13136,0.1608534719193209,0,,,0,0,,,
0.13144,0.161038187999342,0,,,0,0,,,
0.13152,0.1612229897220875,0,,,0,0,,,
0.1316,0.161407877040865,0,,,0,0,,,
0.13168,0.1615928499089606,0,,,0,0,,,
0.13176,0.16177790827963864,0,,,0,0,,,
0.13183999999999998,0.16196305210614195,0,,,0,0,,,
0.13191999999999998,0.1621482813416918,0,,,0,0,,,
0.13199999999999998,0.1623335959394877,0,,,0,0,,,
0.13208,0.16251899585270793,0,,,0,0,,,
0.13216,0.1627044810345087,0,,,0,0,,,
0.13224,0.1628900514380252,0,,,0,0,,,
0.13232,0.1630757070163708,0,,,0,0,,,
0.1324,0.1632614477226374,0,,,0,0,,,
0.13248,0.1634472735098955,0,,,0,0,,,
0.13255999999999998,0.16363318433119386,0,,,0,0,,,
0.13263999999999998,0.16381918013956,0,,,0,0,,,
0.13272,0.16400526088799994,0,,,0,0,,,
0.1328,0.16419142652949797,0,,,0,0,,,
0.13288,0.16437767701701728,0,,,0,0,,,
0.13296,0.16456401230349943,0,,,0,0,,,
0.13304,0.16475043234186462,0,,,0,0,,,
0.13312,0.1649369370850116,0,,,0,0,,,
0.13319999999999999,0.1651235264858177,0,,,0,0,,,
0.13327999999999998,0.16531020049713896,0,,,0,0,,,
0.13335999999999998,0.16549695907180992,0,,,0,0,,,
0.13344,0.1656838021626439,0,,,0,0,,,
0.13352,0.16587072972243266,0,,,0,0,,,
0.1336,0.16605774170394677,0,,,0,0,,,
0.13368,0.16624483805993545,0,,,0,0,,,
0.13376,0.1664320187431267,0,,,0,0,,,
0.13384,0.16661928370622683,0,,,0,0,,,
0.13391999999999998,0.16680663290192133,0,,,0,0,,,
0.13399999999999998,0.16699406628287414,0,,,0,0,,,
0.13408,0.16718158380172807,0,,,0,0,,,
0.13416,0.16736918541110443,0,,,0,0,,,
0.13424,0.16755687106360356,0,,,0,0,,,
0.13432,0.16774464071180448,0,,,0,0,,,
0.1344,0.16793249430826485,0,,,0,0,,,
0.13448,0.16812043180552133,0,,,0,0,,,
0.13455999999999999,0.16830845315608925,0,,,0,0,,,
0.13463999999999998,0.16849655831246277,0,,,0,0,,,
0.13471999999999998,0.1686847472271149,0,,,0,0,,,
0.1348,0.16887301985249756,0,,,0,0,,,
0.13488,0.16906137614104128,0,,,0,0,,,
0.13496,0.16924981604515563,0,,,0,0,,,
0.13504,0.16943833951722914,0,,,0,0,,,
0.13512,0.16962694650962903,0,,,0,0,,,
0.1352,0.16981563697470153,0,,,0,0,,,
0.13528,0.17000441086477186,0,,,0,0,,,
0.13536,0.1701932681321439,0,,,0,0,,,
0.13544,0.17038220872910065,0,,,0,0,,,
0.13552,0.17057123260790408,0,,,0,0,,,
0.1356,0.170760339720795,0,,,0,0,,,
0.13568,0.1709495300199933,0,,,0,0,,,
0.13576,0.17113880345769783,0,,,0,0,,,
0.13584,0.1713281599860863,0,,,0,0,,,
0.13591999999999999,0.1715175995573157,0,,,0,0,,,
0.136,0.1717071221235218,0,,,0,0,,,
0.13608,0.17189672763681937,0,,,0,0,,,
0.13616,0.1720864160493025,0,,,0,0,,,
0.13624,0.172276187313044,0,,,0,0,,,
0.13632,0.17246604138009602,0,,,0,0,,,
0.1364,0.17265597820248968,0,,,0,0,,,
0.13648,0.17284599773223513,0,,,0,0,,,
0.13656,0.17303609992132168,0,,,0,0,,,
0.13664,0.1732262847217179,0,,,0,0,,,
0.13672,0.17341655208537113,0,,,0,0,,,
0.1368,0.17360690196420814,0,,,0,0,,,
0.13688,0.17379733431013478,0,,,0,0,,,
0.13696,0.1739878490750361,0,,,0,0,,,
0.13704,0.1741784462107762,0,,,0,0,,,
0.13712,0.17436912566919854,0,,,0,0,,,
0.1372,0.17455988740212566,0,,,0,0,,,
0.13727999999999999,0.17475073136135932,0,,,0,0,,,
0.13736,0.17494165749868062,0,,,0,0,,,
0.13744,0.1751326657658497,0,,,0,0,,,
0.13752,0.17532375611460607,0,,,0,0,,,
0.1376,0.17551492849666847,0,,,0,0,,,
0.13768,0.175706182863735,0,,,0,0,,,
0.13776,0.17589751916748292,0,,,0,0,,,
0.13784,0.17608893735956882,0,,,0,0,,,
0.13792,0.1762804373916287,0,,,0,0,,,
0.138,0.17647201921527783,0,,,0,0,,,
0.13808,0.1766636827821107,0,,,0,0,,,
0.13816,0.17685542804370116,0,,,0,0,,,
0.13824,0.17704725495160267,0,,,0,0,,,
0.13832,0.17723916345734783,0,,,0,0,,,
0.1384,0.1774311535124486,0,,,0,0,,,
0.13848,0.17762322506839656,0,,,0,0,,,
0.13856,0.1778153780766624,0,,,0,0,,,
0.13863999999999999,0.17800761248869643,0,,,0,0,,,
0.13872,0.17819992825592842,0,,,0,0,,,
0.1388,0.17839232532976737,0,,,0,0,,,
0.13888,0.178584803661602,0,,,0,0,,,
0.13896,0.1787773632028003,0,,,0,0,,,
0.13904,0.1789700039047099,0,,,0,0,,,
0.13912,0.17916272571865777,0,,,0,0,,,
0.1392,0.17935552859595044,0,,,0,0,,,
0.13928,0.17954841248787407,0,,,0,0,,,
0.13935999999999998,0.17974137734569412,0,,,0,0,,,
0.13944,0.1799344231206559,0,,,0,0,,,
0.13952,0.18012754976398399,0,,,0,0,,,
0.1396,0.1803207572268826,0,,,0,0,,,
0.13968,0.18051404546053568,0,,,0,0,,,
0.13976,0.1807074144161066,0,,,0,0,,,
0.13984,0.18090086404473846,0,,,0,0,,,
0.13992,0.18109439429755386,0,,,0,0,,,
0.13999999999999999,0.1812880051256551,0,,,0,0,,,
0.14008,0.18148169648012416,0,,,0,0,,,
0.14016,0.18167546831202255,0,,,0,0,,,
0.14024,0.1818693205723915,0,,,0,0,,,
0.14032,0.18206325321225203,0,,,0,0,,,
0.1404,0.18225726618260463,0,,,0,0,,,
0.14048,0.18245135943442975,0,,,0,0,,,
0.14056,0.18264553291868735,0,,,0,0,,,
0.14064,0.1828397865863172,0,,,0,0,,,
0.14071999999999998,0.18303412038823882,0,,,0,0,,,
0.1408,0.18322853427535152,0,,,0,0,,,
0.14088,0.1834230281985342,0,,,0,0,,,
0.14096,0.18361760210864578,0,,,0,0,,,
0.14104,0.1838122559565248,0,,,0,0,,,
0.14112,0.18400698969298965,0,,,0,0,,,
0.1412,0.18420180326883856,0,,,0,0,,,
0.14128,0.1843966966348496,0,,,0,0,,,
0.14135999999999999,0.1845916697417805,0,,,0,0,,,
0.14144,0.18478672254036926,0,,,0,0,,,
0.14152,0.18498185498133327,0,,,0,0,,,
0.1416,0.18517706701536996,0,,,0,0,,,
0.14168,0.18537235859315684,0,,,0,0,,,
0.14176,0.1855677296653511,0,,,0,0,,,
0.14184,0.18576318018258994,0,,,0,0,,,
0.14192,0.18595871009549048,0,,,0,0,,,
0.142,0.1861543193546497,0,,,0,0,,,
0.14207999999999998,0.1863500079106447,0,,,0,0,,,
0.14216,0.18654577571403247,0,,,0,0,,,
0.14224,0.1867416227153498,0,,,0,0,,,
0.14232,0.18693754886511366,0,,,0,0,,,
0.1424,0.18713355411382107,0,,,0,0,,,
0.14248,0.18732963841194888,0,,,0,0,,,
0.14256,0.18752580170995414,0,,,0,0,,,
0.14264,0.18772204395827383,0,,,0,0,,,
0.14271999999999999,0.187918365107325,0,,,0,0,,,
0.1428,0.18811476510750488,0,,,0,0,,,
0.14288,0.18831124390919057,0,,,0,0,,,
0.14296,0.1885078014627394,0,,,0,0,,,
0.14304,0.18870443771848877,0,,,0,0,,,
0.14312,0.18890115262675627,0,,,0,0,,,
0.1432,0.18909794613783942,0,,,0,0,,,
0.14328,0.18929481820201605,0,,,0,0,,,
0.14336,0.1894917687695441,0,,,0,0,,,
0.14343999999999998,0.1896887977906617,0,,,0,0,,,
0.14352,0.18988590521558713,0,,,0,0,,,
0.1436,0.19008309099451884,0,,,0,0,,,
0.14368,0.1902803550776355,0,,,0,0,,,
0.14376,0.19047769741509593,0,,,0,0,,,
0.14384,0.19067511795703934,0,,,0,0,,,
0.14392,0.1908726166535851,0,,,0,0,,,
0.144,0.19107019345483275,0,,,0,0,,,
0.14407999999999999,0.19126784831086222,0,,,0,0,,,
0.14416,0.19146558117173376,0,,,0,0,,,
0.14424,0.19166339198748758,0,,,0,0,,,
0.14432,0.19186128070814457,0,,,0,0,,,
0.1444,0.1920592472837058,0,,,0,0,,,
0.14448,0.1922572916641526,0,,,0,0,,,
0.14456,0.19245541379944675,0,,,0,0,,,
0.14464,0.19265361363953035,0,,,0,0,,,
0.14472,0.19285189113432585,0,,,0,0,,,
0.14479999999999998,0.1930502462337361,0,,,0,0,,,
0.14488,0.19324867888764444,0,,,0,0,,,
0.14496,0.1934471890459142,0,,,0,0,,,
0.14504,0.19364577665838967,0,,,0,0,,,
0.14512,0.19384444167489528,0,,,0,0,,,
0.1452,0.194043184045236,0,,,0,0,,,
0.14528,0.1942420037191971,0,,,0,0,,,
0.14536,0.19444090064654454,0,,,0,0,,,
0.14543999999999999,0.1946398747770246,0,,,0,0,,,
0.14552,0.19483892606036413,0,,,0,0,,,
0.1456,0.19503805444627043,0,,,0,0,,,
0.14568,0.19523725988443136,0,,,0,0,,,
0.14576,0.19543654232451527,0,,,0,0,,,
0.14584,0.19563590171617118,0,,,0,0,,,
0.14592,0.19583533800902847,0,,,0,0,,,
0.146,0.19603485115269723,0,,,0,0,,,
0.14608,0.19623444109676813,0,,,0,0,,,
0.14615999999999998,0.19643410779081238,0,,,0,0,,,
0.14624,0.19663385118438192,0,,,0,0,,,
0.14632,0.196833671227009,0,,,0,0,,,
0.1464,0.19703356786820686,0,,,0,0,,,
0.14648,0.19723354105746918,0,,,0,0,,,
0.14656,0.1974335907442704,0,,,0,0,,,
0.14664,0.19763371687806552,0,,,0,0,,,
0.14672,0.19783391940829043,0,,,0,0,,,
0.14679999999999999,0.19803419828436147,0,,,0,0,,,
0.14688,0.19823455345567595,0,,,0,0,,,
0.14696,0.19843498487161157,0,,,0,0,,,
0.14704,0.19863549248152704,0,,,0,0,,,
0.14712,0.19883607623476174,0,,,0,0,,,
0.1472,0.19903673608063574,0,,,0,0,,,
0.14728,0.19923747196845004,0,,,0,0,,,
0.14736,0.19943828384748635,0,,,0,0,,,
0.14744,0.19963917166700706,0,,,0,0,,,
0.14751999999999998,0.19984013537625556,0,,,0,0,,,
0.1476,0.200041174924456,0,,,0,0,,,
0.14768,0.20024229026081322,0,,,0,0,,,
0.14776,0.2004434813345132,0,,,0,0,,,
0.14784,0.20064474809472255,0,,,0,0,,,
0.14792,0.20084609049058885,0,,,0,0,,,
0.148,0.20104750847124053,0,,,0,0,,,
0.14808,0.201249001985787,0,,,0,0,,,
0.14816,0.20145057098331845,0,,,0,0,,,
0.14823999999999998,0.20165221541290618,0,,,0,0,,,
0.14832,0.2018539352236023,0,,,0,0,,,
0.1484,0.20205573036443983,0,,,0,0,,,
0.14848,0.20225760078443294,0,,,0,0,,,
0.14856,0.20245954643257655,0,,,0,0,,,
0.14864,0.20266156725784684,0,,,0,0,,,
0.14872,0.20286366320920074,0,,,0,0,,,
0.1488,0.20306583423557636,0,,,0,0,,,
0.14887999999999998,0.2032680802858928,0,,,0,0,,,
0.14896,0.20347040130905025,0,,,0,0,,,
0.14904,0.20367279725392973,0,,,0,0,,,
0.14912,0.20387526806939363,0,,,0,0,,,
0.1492,0.20407781370428524,0,,,0,0,,,
0.14928,0.20428043410742902,0,,,0,0,,,
0.14936,0.20448312922763054,0,,,0,0,,,
0.14944,0.2046858990136765,0,,,0,0,,,
0.14952,0.20488874341433463,0,,,0,0,,,
0.14959999999999998,0.20509166237835394,0,,,0,0,,,
0.14968,0.20529465585446463,0,,,0,0,,,
0.14976,0.2054977237913778,0,,,0,0,,,
0.14984,0.205700866137786,0,,,0,0,,,
0.14992,0.2059040828423629,0,,,0,0,,,
0.15,0.2061073738537634,0,,,0,0,,,
0.15008,0.20631073912062367,0,,,0,0,,,
0.15016,0.206514178591561,0,,,0,0,,,
0.15023999999999998,0.20671769221517397,0,,,0,0,,,
0.15032,0.20692127994004259,0,,,0,0,,,
0.1504,0.2071249417147278,0,,,0,0,,,
0.15048,0.20732867748777217,0,,,0,0,,,
0.15056,0.20753248720769943,0,,,0,0,,,
0.15064,0.20773637082301458,0,,,0,0,,,
0.15072,0.20794032828220402,0,,,0,0,,,
0.1508,0.2081443595337355,0,,,0,0,,,
0.15088,0.20834846452605812,0,,,0,0,,,
0.15095999999999998,0.20855264320760228,0,,,0,0,,,
0.15104,0.20875689552677995,0,,,0,0,,,
0.15112,0.20896122143198415,0,,,0,0,,,
0.1512,0.2091656208715896,0,,,0,0,,,
0.15128,0.2093700937939524,0,,,0,0,,,
0.15136,0.20957464014740998,0,,,0,0,,,
0.15144,0.20977925988028134,0,,,0,0,,,
0.15152,0.20998395294086683,0,,,0,0,,,
0.15159999999999998,0.2101887192774483,0,,,0,0,,,
0.15168,0.21039355883828925,0,,,0,0,,,
0.15176,0.21059847157163433,0,,,0,0,,,
0.15184,0.21080345742571002,0,,,0,0,,,
0.15192,0.21100851634872417,0,,,0,0,,,
0.152,0.21121364828886616,0,,,0,0,,,
0.15208,0.2114188531943071,0,,,0,0,,,
0.15216,0.21162413101319952,0,,,0,0,,,
0.15224,0.2118294816936774,0,,,0,0,,,
0.15231999999999998,0.2120349051838566,0,,,0,0,,,
0.1524,0.21224040143183442,0,,,0,0,,,
0.15248,0.21244597038568971,0,,,0,0,,,
0.15256,0.21265161199348318,0,,,0,0,,,
0.15264,0.21285732620325687,0,,,0,0,,,
0.15272,0.21306311296303468,0,,,0,0,,,
0.1528,0.21326897222082222,0,,,0,0,,,
0.15288,0.21347490392460666,0,,,0,0,,,
0.15295999999999998,0.21368090802235692,0,,,0,0,,,
0.15304,0.21388698446202364,0,,,0,0,,,
0.15312,0.21409313319153914,0,,,0,0,,,
0.1532,0.21429935415881743,0,,,0,0,,,
0.15328,0.21450564731175442,0,,,0,0,,,
0.15336,0.2147120125982277,0,,,0,0,,,
0.15344,0.21491844996609663,0,,,0,0,,,
0.15352,0.21512495936320228,0,,,0,0,,,
0.1536,0.2153315407373677,0,,,0,0,,,
0.15367999999999998,0.2155381940363976,0,,,0,0,,,
0.15376,0.21574491920807867,0,,,0,0,,,
0.15384,0.2159517162001792,0,,,0,0,,,
0.15392,0.21615858496044946,0,,,0,0,,,
0.154,0.21636552543662171,0,,,0,0,,,
0.15408,0.21657253757640996,0,,,0,0,,,
0.15416,0.21677962132751014,0,,,0,0,,,
0.15424,0.21698677663760005,0,,,0,0,,,
0.15431999999999998,0.21719400345433945,0,,,0,0,,,
0.1544,0.21740130172537012,0,,,0,0,,,
0.15448,0.21760867139831552,0,,,0,0,,,
0.15456,0.2178161124207813,0,,,0,0,,,
0.15464,0.2180236247403551,0,,,0,0,,,
0.15472,0.2182312083046064,0,,,0,0,,,
0.1548,0.21843886306108679,0,,,0,0,,,
0.15488,0.21864658895732977,0,,,0,0,,,
0.15496,0.218854385940851,0,,,0,0,,,
0.15503999999999998,0.21906225395914805,0,,,0,0,,,
0.15512,0.21927019295970068,0,,,0,0,,,
0.1552,0.21947820288997058,0,,,0,0,,,
0.15528,0.2196862836974015,0,,,0,0,,,
0.15536,0.21989443532941946,0,,,0,0,,,
0.15544,0.22010265773343246,0,,,0,0,,,
0.15552,0.22031095085683058,0,,,0,0,,,
0.1556,0.22051931464698618,0,,,0,0,,,
0.15567999999999999,0.22072774905125356,0,,,0,0,,,
0.15576,0.2209362540169695,0,,,0,0,,,
0.15584,0.2211448294914525,0,,,0,0,,,
0.15592,0.22135347542200362,0,,,0,0,,,
0.156,0.22156219175590597,0,,,0,0,,,
0.15608,0.22177097844042487,0,,,0,0,,,
0.15616,0.22197983542280797,0,,,0,0,,,
0.15624,0.22218876265028495,0,,,0,0,,,
0.15632,0.22239776007006795,0,,,0,0,,,
0.15639999999999998,0.22260682762935127,0,,,0,0,,,
0.15648,0.22281596527531156,0,,,0,0,,,
0.15656,0.22302517295510765,0,,,0,0,,,
0.15664,0.22323445061588068,0,,,0,0,,,
0.15672,0.22344379820475424,0,,,0,0,,,
0.1568,0.22365321566883423,0,,,0,0,,,
0.15688,0.22386270295520874,0,,,0,0,,,
0.15696,0.22407226001094835,0,,,0,0,,,
0.15703999999999999,0.22428188678310607,0,,,0,0,,,
0.15712,0.22449158321871712,0,,,0,0,,,
0.1572,0.22470134926479923,0,,,0,0,,,
0.15728,0.2249111848683525,0,,,0,0,,,
0.15736,0.22512108997635946,0,,,0,0,,,
0.15744,0.22533106453578514,0,,,0,0,,,
0.15752,0.22554110849357695,0,,,0,0,,,
0.1576,0.22575122179666476,0,,,0,0,,,
0.15768,0.22596140439196102,0,,,0,0,,,
0.15775999999999998,0.22617165622636057,0,,,0,0,,,
0.15784,0.22638197724674086,0,,,0,0,,,
0.15792,0.2265923673999616,0,,,0,0,,,
0.158,0.2268028266328654,0,,,0,0,,,
0.15808,0.2270133548922772,0,,,0,0,,,
0.15816,0.22722395212500446,0,,,0,0,,,
0.15824,0.2274346182778374,0,,,0,0,,,
0.15832,0.22764535329754862,0,,,0,0,,,
0.15839999999999999,0.22785615713089344,0,,,0,0,,,
0.15848,0.22806702972460996,0,,,0,0,,,
0.15856,0.22827797102541839,0,,,0,0,,,
0.15864,0.22848898098002204,0,,,0,0,,,
0.15872,0.22870005953510678,0,,,0,0,,,
0.1588,0.22891120663734107,0,,,0,0,,,
0.15888,0.22912242223337614,0,,,0,0,,,
0.15896,0.22933370626984587,0,,,0,0,,,
0.15904,0.22954505869336672,0,,,0,0,,,
0.15911999999999998,0.22975647945053815,0,,,0,0,,,
0.1592,0.22996796848794213,0,,,0,0,,,
0.15928,0.23017952575214343,0,,,0,0,,,
0.15936,0.2303911511896895,0,,,0,0,,,
0.15944,0.23060284474711085,0,,,0,0,,,
0.15952,0.2308146063709205,0,,,0,0,,,
0.1596,0.2310264360076143,0,,,0,0,,,
0.15968,0.23123833360367113,0,,,0,0,,,
0.15975999999999999,0.23145029910555243,0,,,0,0,,,
0.15983999999999998,0.23166233245970264,0,,,0,0,,,
0.15992,0.23187443361254909,0,,,0,0,,,
0.16,0.23208660251050173,0,,,0,0,,,
0.16008,0.23229883909995364,0,,,0,0,,,
0.16016,0.23251114332728082,0,,,0,0,,,
0.16024,0.23272351513884199,0,,,0,0,,,
0.16032,0.2329359544809789,0,,,0,0,,,
0.1604,0.2331484613000163,0,,,0,0,,,
0.16047999999999998,0.23336103554226173,0,,,0,0,,,
0.16056,0.2335736771540059,0,,,0,0,,,
0.16064,0.23378638608152227,0,,,0,0,,,
0.16072,0.23399916227106743,0,,,0,0,,,
0.1608,0.23421200566888098,0,,,0,0,,,
0.16088,0.2344249162211855,0,,,0,0,,,
0.16096,0.23463789387418657,0,,,0,0,,,
0.16104,0.2348509385740729,0,,,0,0,,,
0.16111999999999999,0.23506405026701627,0,,,0,0,,,
0.16119999999999998,0.2352772288991714,0,,,0,0,,,
0.16128,0.2354904744166762,0,,,0,0,,,
0.16136,0.23570378676565165,0,,,0,0,,,
0.16144,0.23591716589220188,0,,,0,0,,,
0.16152,0.2361306117424141,0,,,0,0,,,
0.1616,0.23634412426235873,0,,,0,0,,,
0.16168,0.23655770339808924,0,,,0,0,,,
0.16176,0.23677134909564232,0,,,0,0,,,
0.16183999999999998,0.2369850613010379,0,,,0,0,,,
0.16192,0.23719883996027916,0,,,0,0,,,
0.162,0.23741268501935212,0,,,0,0,,,
0.16208,0.23762659642422646,0,,,0,0,,,
0.16216,0.23784057412085485,0,,,0,0,,,
0.16224,0.23805461805517336,0,,,0,0,,,
0.16232,0.23826872817310119,0,,,0,0,,,
0.1624,0.2384829044205409,0,,,0,0,,,
0.16247999999999999,0.23869714674337833,0,,,0,0,,,
0.16255999999999998,0.2389114550874826,0,,,0,0,,,
0.16264,0.23912582939870625,0,,,0,0,,,
0.16272,0.23934026962288496,0,,,0,0,,,
0.1628,0.23955477570583786,0,,,0,0,,,
0.16288,0.23976934759336743,0,,,0,0,,,
0.16296,0.2399839852312596,0,,,0,0,,,
0.16304,0.2401986885652836,0,,,0,0,,,
0.16312,0.24041345754119214,0,,,0,0,,,
0.16319999999999998,0.24062829210472117,0,,,0,0,,,
0.16328,0.24084319220159034,0,,,0,0,,,
0.16336,0.24105815777750247,0,,,0,0,,,
0.16344,0.24127318877814397,0,,,0,0,,,
0.16352,0.24148828514918472,0,,,0,0,,,
0.1636,0.24170344683627804,0,,,0,0,,,
0.16368,0.24191867378506088,0,,,0,0,,,
0.16376,0.2421339659411535,0,,,0,0,,,
0.16383999999999999,0.24234932325015976,0,,,0,0,,,
0.16391999999999998,0.24256474565766717,0,,,0,0,,,
0.164,0.24278023310924676,0,,,0,0,,,
0.16408,0.2429957855504529,0,,,0,0,,,
0.16416,0.24321140292682375,0,,,0,0,,,
0.16424,0.2434270851838811,0,,,0,0,,,
0.16432,0.24364283226713018,0,,,0,0,,,
0.1644,0.2438586441220599,0,,,0,0,,,
0.16448,0.24407452069414298,0,,,0,0,,,
0.16455999999999998,0.24429046192883558,0,,,0,0,,,
0.16464,0.24450646777157767,0,,,0,0,,,
0.16472,0.24472253816779252,0,,,0,0,,,
0.1648,0.24493867306288764,0,,,0,0,,,
0.16488,0.24515487240225392,0,,,0,0,,,
0.16496,0.24537113613126596,0,,,0,0,,,
0.16504,0.24558746419528227,0,,,0,0,,,
0.16512,0.24580385653964498,0,,,0,0,,,
0.16519999999999999,0.24602031310967995,0,,,0,0,,,
0.16527999999999998,0.24623683385069686,0,,,0,0,,,
0.16536,0.24645341870798929,0,,,0,0,,,
0.16544,0.24667006762683427,0,,,0,0,,,
0.16552,0.2468867805524931,0,,,0,0,,,
0.1656,0.24710355743021056,0,,,0,0,,,
0.16568,0.24732039820521548,0,,,0,0,,,
0.16576,0.24753730282272038,0,,,0,0,,,
0.16584,0.24775427122792185,0,,,0,0,,,
0.16591999999999998,0.24797130336600015,0,,,0,0,,,
0.166,0.24818839918211952,0,,,0,0,,,
0.16608,0.24840555862142824,0,,,0,0,,,
0.16616,0.2486227816290583,0,,,0,0,,,
0.16624,0.24884006815012577,0,,,0,0,,,
0.16632,0.24905741812973062,0,,,0,0,,,
0.1664,0.24927483151295685,0,,,0,0,,,
0.16648,0.24949230824487226,0,,,0,0,,,
0.16655999999999999,0.24970984827052892,0,,,0,0,,,
0.16663999999999998,0.24992745153496265,0,,,0,0,,,
0.16672,0.2501451179831936,0,,,0,0,,,
0.1668,0.2503628475602255,0,,,0,0,,,
0.16688,0.25058064021104637,0,,,0,0,,,
0.16696,0.2507984958806285,0,,,0,0,,,
0.16704,0.2510164145139281,0,,,0,0,,,
0.16712,0.2512343960558853,0,,,0,0,,,
0.1672,0.25145244045142456,0,,,0,0,,,
0.16727999999999998,0.25167054764545427,0,,,0,0,,,
0.16736,0.25188871758286724,0,,,0,0,,,
0.16744,0.25210695020854,0,,,0,0,,,
0.16752,0.25232524546733365,0,,,0,0,,,
0.1676,0.25254360330409337,0,,,0,0,,,
0.16768,0.2527620236636483,0,,,0,0,,,
0.16776,0.25298050649081194,0,,,0,0,,,
0.16784,0.25319905173038215,0,,,0,0,,,
0.16791999999999999,0.25341765932714083,0,,,0,0,,,
0.16799999999999998,0.25363632922585416,0,,,0,0,,,
0.16808,0.25385506137127267,0,,,0,0,,,
0.16816,0.2540738557081309,0,,,0,0,,,
0.16824,0.25429271218114796,0,,,0,0,,,
0.16832,0.2545116307350272,0,,,0,0,,,
0.1684,0.25473061131445623,0,,,0,0,,,
0.16848,0.254949653864107,0,,,0,0,,,
0.16856,0.2551687583286359,0,,,0,0,,,
0.16863999999999998,0.25538792465268345,0,,,0,0,,,
0.16871999999999998,0.2556071527808747,0,,,0,0,,,
0.1688,0.25582644265781923,0,,,0,0,,,
0.16888,0.25604579422811063,0,,,0,0,,,
0.16896,0.2562652074363272,0,,,0,0,,,
0.16904,0.2564846822270316,0,,,0,0,,,
0.16912,0.2567042185447708,0,,,0,0,,,
0.1692,0.25692381633407657,0,,,0,0,,,
0.16927999999999999,0.25714347553946487,0,,,0,0,,,
0.16935999999999998,0.257363196105436,0,,,0,0,,,
0.16944,0.2575829779764753,0,,,0,0,,,
0.16952,0.25780282109705194,0,,,0,0,,,
0.1696,0.25802272541161997,0,,,0,0,,,
0.16968,0.2582426908646182,0,,,0,0,,,
0.16976,0.25846271740046955,0,,,0,0,,,
0.16984,0.2586828049635817,0,,,0,0,,,
0.16992,0.258902953498347,0,,,0,0,,,
0.16999999999999998,0.2591231629491423,0,,,0,0,,,
0.17007999999999998,0.2593434332603291,0,,,0,0,,,
0.17016,0.25956376437625345,0,,,0,0,,,
0.17024,0.259784156241246,0,,,0,0,,,
0.17032,0.2600046087996222,0,,,0,0,,,
0.1704,0.2602251219956821,0,,,0,0,,,
0.17048,0.2604456957737104,0,,,0,0,,,
0.17056,0.2606663300779765,0,,,0,0,,,
0.17064,0.2608870248527347,0,,,0,0,,,
0.17071999999999998,0.26110778004222357,0,,,0,0,,,
0.1708,0.2613285955906669,0,,,0,0,,,
0.17088,0.26154947144227303,0,,,0,0,,,
0.17096,0.2617704075412348,0,,,0,0,,,
0.17104,0.26199140383173036,0,,,0,0,,,
0.17112,0.26221246025792233,0,,,0,0,,,
0.1712,0.26243357676395795,0,,,0,0,,,
0.17128,0.2626547532939698,0,,,0,0,,,
0.17135999999999998,0.2628759897920749,0,,,0,0,,,
0.17143999999999998,0.26309728620237516,0,,,0,0,,,
0.17152,0.2633186424689576,0,,,0,0,,,
0.1716,0.26354005853589374,0,,,0,0,,,
0.17168,0.26376153434724015,0,,,0,0,,,
0.17176,0.2639830698470385,0,,,0,0,,,
0.17184,0.2642046649793151,0,,,0,0,,,
0.17192,0.26442631968808145,0,,,0,0,,,
0.172,0.26464803391733355,0,,,0,0,,,
0.17207999999999998,0.26486980761105317,0,,,0,0,,,
0.17216,0.2650916407132061,0,,,0,0,,,
0.17224,0.2653135331677438,0,,,0,0,,,
0.17232,0.2655354849186025,0,,,0,0,,,
0.1724,0.26575749590970327,0,,,0,0,,,
0.17248,0.2659795660849526,0,,,0,0,,,
0.17256,0.26620169538824173,0,,,0,0,,,
0.17264,0.26642388376344717,0,,,0,0,,,
0.17271999999999998,0.2666461311544303,0,,,0,0,,,
0.17279999999999998,0.2668684375050376,0,,,0,0,,,
0.17288,0.26709080275910096,0,,,0,0,,,
0.17296,0.26731322686043685,0,,,0,0,,,
0.17304,0.26753570975284746,0,,,0,0,,,
0.17312,0.2677582513801197,0,,,0,0,,,
0.1732,0.26798085168602576,0,,,0,0,,,
0.17328,0.2682035106143231,0,,,0,0,,,
0.17336,0.26842622810875444,0,,,0,0,,,
0.17343999999999998,0.26864900411304726,0,,,0,0,,,
0.17352,0.2688718385709149,0,,,0,0,,,
0.1736,0.2690947314260552,0,,,0,0,,,
0.17368,0.26931768262215194,0,,,0,0,,,
0.17376,0.2695406921028737,0,,,0,0,,,
0.17384,0.26976375981187456,0,,,0,0,,,
0.17392,0.2699868856927938,0,,,0,0,,,
0.174,0.27021006968925604,0,,,0,0,,,
0.17407999999999998,0.2704333117448711,0,,,0,0,,,
0.17415999999999998,0.2706566118032344,0,,,0,0,,,
0.17424,0.2708799698079264,0,,,0,0,,,
0.17432,0.271103385702513,0,,,0,0,,,
0.1744,0.27132685943054563,0,,,0,0,,,
0.17448,0.2715503909355611,0,,,0,0,,,
0.17456,0.27177398016108123,0,,,0,0,,,
0.17464,0.2719976270506137,0,,,0,0,,,
0.17472,0.27222133154765155,0,,,0,0,,,
0.17479999999999998,0.2724450935956731,0,,,0,0,,,
0.17488,0.2726689131381423,0,,,0,0,,,
0.17496,0.27289279011850837,0,,,0,0,,,
0.17504,0.27311672448020613,0,,,0,0,,,
0.17512,0.27334071616665584,0,,,0,0,,,
0.1752,0.2735647651212636,0,,,0,0,,,
0.17528,0.27378887128742063,0,,,0,0,,,
0.17536,0.27401303460850385,0,,,0,0,,,
0.17543999999999998,0.27423725502787577,0,,,0,0,,,
0.17551999999999998,0.27446153248888433,0,,,0,0,,,
0.1756,0.27468586693486324,0,,,0,0,,,
0.17568,0.27491025830913185,0,,,0,0,,,
0.17576,0.27513470655499483,0,,,0,0,,,
0.17584,0.27535921161574284,0,,,0,0,,,
0.17592,0.2755837734346519,0,,,0,0,,,
0.176,0.27580839195498374,0,,,0,0,,,
0.17608,0.276033067119986,0,,,0,0,,,
0.17615999999999998,0.2762577988728917,0,,,0,0,,,
0.17624,0.2764825871569198,0,,,0,0,,,
0.17632,0.2767074319152749,0,,,0,0,,,
0.1764,0.27693233309114706,0,,,0,0,,,
0.17648,0.27715729062771255,0,,,0,0,,,
0.17656,0.2773823044681331,0,,,0,0,,,
0.17664,0.2776073745555563,0,,,0,0,,,
0.17672,0.27783250083311545,0,,,0,0,,,
0.17679999999999998,0.2780576832439299,0,,,0,0,,,
0.17687999999999998,0.2782829217311046,0,,,0,0,,,
0.17696,0.2785082162377303,0,,,0,0,,,
0.17704,0.27873356670688354,0,,,0,0,,,
0.17712,0.2789589730816271,0,,,0,0,,,
0.1772,0.2791844353050093,0,,,0,0,,,
0.17728,0.27940995332006435,0,,,0,0,,,
0.17736,0.27963552706981254,0,,,0,0,,,
0.17744,0.27986115649726,0,,,0,0,,,
0.17751999999999998,0.2800868415453987,0,,,0,0,,,
0.1776,0.2803125821572068,0,,,0,0,,,
0.17768,0.280538378275648,0,,,0,0,,,
0.17776,0.2807642298436722,0,,,0,0,,,
0.17784,0.28099013680421564,0,,,0,0,,,
0.17792,0.2812160991002001,0,,,0,0,,,
0.178,0.28144211667453356,0,,,0,0,,,
0.17808,0.2816681894701098,0,,,0,0,,,
0.17815999999999999,0.2818943174298091,0,,,0,0,,,
0.17823999999999998,0.2821205004964974,0,,,0,0,,,
0.17832,0.28234673861302684,0,,,0,0,,,
0.1784,0.2825730317222359,0,,,0,0,,,
0.17848,0.28279937976694863,0,,,0,0,,,
0.17856,0.2830257826899757,0,,,0,0,,,
0.17864,0.2832522404341136,0,,,0,0,,,
0.17872,0.2834787529421453,0,,,0,0,,,
0.1788,0.2837053201568396,0,,,0,0,,,
0.17887999999999998,0.2839319420209515,0,,,0,0,,,
0.17896,0.2841586184772225,0,,,0,0,,,
0.17904,0.28438534946838007,0,,,0,0,,,
0.17912,0.28461213493713766,0,,,0,0,,,
0.1792,0.2848389748261956,0,,,0,0,,,
0.17928,0.2850658690782399,0,,,0,0,,,
0.17936,0.28529281763594305,0,,,0,0,,,
0.17944,0.2855198204419638,0,,,0,0,,,
0.17951999999999999,0.28574687743894733,0,,,0,0,,,
0.17959999999999998,0.2859739885695247,0,,,0,0,,,
0.17968,0.2862011537763141,0,,,0,0,,,
0.17976,0.28642837300191903,0,,,0,0,,,
0.17984,0.28665564618893,0,,,0,0,,,
0.17992,0.28688297327992396,0,,,0,0,,,
0.18,0.2871103542174637,0,,,0,0,,,
0.18008,0.28733778894409895,0,,,0,0,,,
0.18016,0.2875652774023654,0,,,0,0,,,
0.18023999999999998,0.2877928195347857,0,,,0,0,,,
0.18031999999999998,0.2880204152838685,0,,,0,0,,,
0.1804,0.288248064592109,0,,,0,0,,,
0.18048,0.2884757674019889,0,,,0,0,,,
0.18056,0.2887035236559764,0,,,0,0,,,
0.18064,0.28893133329652615,0,,,0,0,,,
0.18072,0.2891591962660794,0,,,0,0,,,
0.1808,0.2893871125070638,0,,,0,0,,,
0.18087999999999999,0.2896150819618937,0,,,0,0,,,
0.18095999999999998,0.2898431045729698,0,,,0,0,,,
0.18104,0.29007118028267964,0,,,0,0,,,
0.18112,0.2902993090333969,0,,,0,0,,,
0.1812,0.2905274907674825,0,,,0,0,,,
0.18128,0.29075572542728334,0,,,0,0,,,
0.18136,0.2909840129551334,0,,,0,0,,,
0.18144,0.2912123532933529,0,,,0,0,,,
0.18152,0.2914407463842492,0,,,0,0,,,
0.18159999999999998,0.291669192170116,0,,,0,0,,,
0.18167999999999998,0.29189769059323367,0,,,0,0,,,
0.18176,0.2921262415958696,0,,,0,0,,,
0.18184,0.29235484512027726,0,,,0,0,,,
0.18192,0.2925835011086976,0,,,0,0,,,
0.182,0.29281220950335785,0,,,0,0,,,
0.18208,0.29304097024647213,0,,,0,0,,,
0.18216,0.29326978328024145,0,,,0,0,,,
0.18223999999999999,0.2934986485468532,0,,,0,0,,,
0.18231999999999998,0.2937275659884821,0,,,0,0,,,
0.1824,0.2939565355472894,0,,,0,0,,,
0.18248,0.2941855571654232,0,,,0,0,,,
0.18256,0.2944146307850184,0,,,0,0,,,
0.18264,0.29464375634819684,0,,,0,0,,,
0.18272,0.29487293379706725,0,,,0,0,,,
0.1828,0.2951021630737253,0,,,0,0,,,
0.18288,0.2953314441202534,0,,,0,0,,,
0.18295999999999998,0.2955607768787212,0,,,0,0,,,
0.18303999999999998,0.29579016129118463,0,,,0,0,,,
0.18312,0.29601959729968746,0,,,0,0,,,
0.1832,0.29624908484625967,0,,,0,0,,,
0.18328,0.2964786238729185,0,,,0,0,,,
0.18336,0.2967082143216683,0,,,0,0,,,
0.18344,0.2969378561345003,0,,,0,0,,,
0.18352,0.2971675492533927,0,,,0,0,,,
0.18359999999999999,0.29739729362031087,0,,,0,0,,,
0.18367999999999998,0.2976270891772072,0,,,0,0,,,
0.18376,0.2978569358660212,0,,,0,0,,,
0.18384,0.29808683362867905,0,,,0,0,,,
0.18392,0.29831678240709475,0,,,0,0,,,
0.184,0.2985467821431687,0,,,0,0,,,
0.18408,0.29877683277878886,0,,,0,0,,,
0.18416,0.29900693425583014,0,,,0,0,,,
0.18424,0.29923708651615477,0,,,0,0,,,
0.18431999999999998,0.29946728950161217,0,,,0,0,,,
0.18439999999999998,0.29969754315403846,0,,,0,0,,,
0.18448,0.29992784741525774,0,,,0,0,,,
0.18456,0.30015820222708056,0,,,0,0,,,
0.18464,0.3003886075313052,0,,,0,0,,,
0.18472,0.300619063269717,0,,,0,0,,,
0.1848,0.3008495693840886,0,,,0,0,,,
0.18488,0.3010801258161799,0,,,0,0,,,
0.18495999999999999,0.301310732507738,0,,,0,0,,,
0.18503999999999998,0.3015413894004975,0,,,0,0,,,
0.18512,0.3017720964361801,0,,,0,0,,,
0.1852,0.302002853556495,0,,,0,0,,,
0.18528,0.3022336607031386,0,,,0,0,,,
0.18536,0.3024645178177949,0,,,0,0,,,
0.18544,0.30269542484213496,0,,,0,0,,,
0.18552,0.30292638171781733,0,,,0,0,,,
0.1856,0.3031573883864881,0,,,0,0,,,
0.18567999999999998,0.3033884447897809,0,,,0,0,,,
0.18575999999999998,0.30361955086931625,0,,,0,0,,,
0.18584,0.3038507065667025,0,,,0,0,,,
0.18592,0.30408191182353567,0,,,0,0,,,
0.186,0.30431316658139873,0,,,0,0,,,
0.18608,0.3045444707818626,0,,,0,0,,,
0.18616,0.30477582436648537,0,,,0,0,,,
0.18624,0.30500722727681295,0,,,0,0,,,
0.18631999999999999,0.3052386794543787,0,,,0,0,,,
0.18639999999999998,0.30547018084070326,0,,,0,0,,,
0.18648,0.3057017313772953,0,,,0,0,,,
0.18656,0.3059333310056507,0,,,0,0,,,
0.18664,0.30616497966725303,0,,,0,0,,,
0.18672,0.3063966773035735,0,,,0,0,,,
0.1868,0.3066284238560711,0,,,0,0,,,
0.18688,0.3068602192661921,0,,,0,0,,,
0.18696,0.3070920634753708,0,,,0,0,,,
0.18703999999999998,0.307323956425029,0,,,0,0,,,
0.18711999999999998,0.3075558980565762,0,,,0,0,,,
0.1872,0.3077878883114097,0,,,0,0,,,
0.18728,0.30801992713091403,0,,,0,0,,,
0.18736,0.3082520144564621,0,,,0,0,,,
0.18744,0.3084841502294143,0,,,0,0,,,
0.18752,0.3087163343911187,0,,,0,0,,,
0.1876,0.3089485668829112,0,,,0,0,,,
0.18767999999999999,0.30918084764611564,0,,,0,0,,,
0.18775999999999998,0.30941317662204343,0,,,0,0,,,
0.18784,0.309645553751994,0,,,0,0,,,
0.18792,0.30987797897725433,0,,,0,0,,,
0.188,0.3101104522390994,0,,,0,0,,,
0.18808,0.31034297347879236,0,,,0,0,,,
0.18816,0.31057554263758363,0,,,0,0,,,
0.18824,0.3108081596567122,0,,,0,0,,,
0.18832,0.31104082447740433,0,,,0,0,,,
0.18839999999999998,0.3112735370408746,0,,,0,0,,,
0.18847999999999998,0.3115062972883254,0,,,0,0,,,
0.18856,0.3117391051609473,0,,,0,0,,,
0.18864,0.3119719605999182,0,,,0,0,,,
0.18872,0.3122048635464048,0,,,0,0,,,
0.1888,0.31243781394156117,0,,,0,0,,,
0.18888,0.3126708117265297,0,,,0,0,,,
0.18896,0.31290385684244076,0,,,0,0,,,
0.18903999999999999,0.3131369492304128,0,,,0,0,,,
0.18911999999999998,0.3133700888315521,0,,,0,0,,,
0.18919999999999998,0.3136032755869532,0,,,0,0,,,
0.18928,0.31383650943769903,0,,,0,0,,,
0.18936,0.3140697903248598,0,,,0,0,,,
0.18944,0.3143031181894946,0,,,0,0,,,
0.18952,0.31453649297265035,0,,,0,0,,,
0.1896,0.31476991461536197,0,,,0,0,,,
0.18968,0.31500338305865294,0,,,0,0,,,
0.18975999999999998,0.3152368982435346,0,,,0,0,,,
0.18983999999999998,0.31547046011100655,0,,,0,0,,,
0.18992,0.3157040686020567,0,,,0,0,,,
0.19,0.315937723657661,0,,,0,0,,,
0.19008,0.3161714252187836,0,,,0,0,,,
0.19016,0.31640517322637735,0,,,0,0,,,
0.19024,0.3166389676213828,0,,,0,0,,,
0.19032,0.3168728083447291,0,,,0,0,,,
0.19039999999999999,0.31710669533733377,0,,,0,0,,,
0.19047999999999998,0.3173406285401021,0,,,0,0,,,
0.19055999999999998,0.31757460789392844,0,,,0,0,,,
0.19064,0.3178086333396949,0,,,0,0,,,
0.19072,0.31804270481827224,0,,,0,0,,,
0.1908,0.3182768222705196,0,,,0,0,,,
0.19088,0.3185109856372844,0,,,0,0,,,
0.19096,0.3187451948594025,0,,,0,0,,,
0.19104,0.31897944987769816,0,,,0,0,,,
0.19111999999999998,0.319213750632984,0,,,0,0,,,
0.19119999999999998,0.31944809706606114,0,,,0,0,,,
0.19128,0.31968248911771935,0,,,0,0,,,
0.19136,0.31991692672873645,0,,,0,0,,,
0.19144,0.3201514098398792,0,,,0,0,,,
0.19152,0.32038593839190255,0,,,0,0,,,
0.1916,0.3206205123255501,0,,,0,0,,,
0.19168,0.32085513158155404,0,,,0,0,,,
0.19175999999999999,0.32108979610063487,0,,,0,0,,,
0.19183999999999998,0.32132450582350197,0,,,0,0,,,
0.19191999999999998,0.321559260690853,0,,,0,0,,,
0.192,0.3217940606433747,0,,,0,0,,,
0.19208,0.3220289056217416,0,,,0,0,,,
0.19216,0.3222637955666175,0,,,0,0,,,
0.19224,0.3224987304186547,0,,,0,0,,,
0.19232,0.3227337101184941,0,,,0,0,,,
0.1924,0.3229687346067655,0,,,0,0,,,
0.19247999999999998,0.3232038038240868,0,,,0,0,,,
0.19255999999999998,0.3234389177110652,0,,,0,0,,,
0.19264,0.3236740762082965,0,,,0,0,,,
0.19272,0.3239092792563649,0,,,0,0,,,
0.1928,0.32414452679584366,0,,,0,0,,,
0.19288,0.3243798187672945,0,,,0,0,,,
0.19296,0.3246151551112684,0,,,0,0,,,
0.19304,0.32485053576830475,0,,,0,0,,,
0.19311999999999999,0.3250859606789316,0,,,0,0,,,
0.19319999999999998,0.3253214297836664,0,,,0,0,,,
0.19327999999999998,0.3255569430230149,0,,,0,0,,,
0.19336,0.32579250033747215,0,,,0,0,,,
0.19344,0.3260281016675213,0,,,0,0,,,
0.19352,0.3262637469536352,0,,,0,0,,,
0.1936,0.32649943613627525,0,,,0,0,,,
0.19368,0.3267351691558916,0,,,0,0,,,
0.19376,0.32697094595292386,0,,,0,0,,,
0.19383999999999998,0.3272067664678,0,,,0,0,,,
0.19391999999999998,0.3274426306409371,0,,,0,0,,,
0.194,0.32767853841274147,0,,,0,0,,,
0.19408,0.3279144897236081,0,,,0,0,,,
0.19416,0.32815048451392104,0,,,0,0,,,
0.19424,0.3283865227240534,0,,,0,0,,,
0.19432,0.32862260429436746,0,,,0,0,,,
0.1944,0.3288587291652144,0,,,0,0,,,
0.19448,0.32909489727693425,0,,,0,0,,,
0.19455999999999998,0.3293311085698566,0,,,0,0,,,
0.19463999999999998,0.3295673629842998,0,,,0,0,,,
0.19472,0.3298036604605712,0,,,0,0,,,
0.1948,0.3300400009389677,0,,,0,0,,,
0.19488,0.3302763843597749,0,,,0,0,,,
0.19496,0.3305128106632677,0,,,0,0,,,
0.19504,0.33074927978971036,0,,,0,0,,,
0.19512,0.33098579167935593,0,,,0,0,,,
0.19519999999999998,0.33122234627244707,0,,,0,0,,,
0.19527999999999998,0.33145894350921534,0,,,0,0,,,
0.19536,0.3316955833298816,0,,,0,0,,,
0.19544,0.3319322656746561,0,,,0,0,,,
0.19552,0.3321689904837382,0,,,0,0,,,
0.1956,0.33240575769731656,0,,,0,0,,,
0.19568,0.3326425672555692,0,,,0,0,,,
0.19576,0.3328794190986632,0,,,0,0,,,
0.19584,0.3331163131667553,0,,,0,0,,,
0.19591999999999998,0.33335324939999134,0,,,0,0,,,
0.19599999999999998,0.3335902277385066,0,,,0,0,,,
0.19608,0.3338272481224257,0,,,0,0,,,
0.19616,0.3340643104918626,0,,,0,0,,,
0.19624,0.33430141478692055,0,,,0,0,,,
0.19632,0.3345385609476924,0,,,0,0,,,
0.1964,0.3347757489142606,0,,,0,0,,,
0.19648,0.3350129786266965,0,,,0,0,,,
0.19655999999999998,0.33525025002506137,0,,,0,0,,,
0.19663999999999998,0.3354875630494056,0,,,0,0,,,
0.19672,0.3357249176397696,0,,,0,0,,,
0.1968,0.3359623137361825,0,,,0,0,,,
0.19688,0.3361997512786635,0,,,0,0,,,
0.19696,0.33643723020722116,0,,,0,0,,,
0.19704,0.3366747504618538,0,,,0,0,,,
0.19712,0.33691231198254895,0,,,0,0,,,
0.1972,0.3371499147092838,0,,,0,0,,,
0.19727999999999998,0.33738755858202546,0,,,0,0,,,
0.19735999999999998,0.3376252435407301,0,,,0,0,,,
0.19744,0.337862969525344,0,,,0,0,,,
0.19752,0.33810073647580274,0,,,0,0,,,
0.1976,0.33833854433203175,0,,,0,0,,,
0.19768,0.33857639303394604,0,,,0,0,,,
0.19776,0.3388142825214501,0,,,0,0,,,
0.19784,0.33905221273443875,0,,,0,0,,,
0.19791999999999998,0.3392901836127959,0,,,0,0,,,
0.19799999999999998,0.3395281950963952,0,,,0,0,,,
0.19808,0.3397662471251005,0,,,0,0,,,
0.19816,0.34000433963876503,0,,,0,0,,,
0.19824,0.3402424725772317,0,,,0,0,,,
0.19832,0.3404806458803338,0,,,0,0,,,
0.1984,0.34071885948789365,0,,,0,0,,,
0.19848,0.3409571133397239,0,,,0,0,,,
0.19856,0.3411954073756268,0,,,0,0,,,
0.19863999999999998,0.34143374153539474,0,,,0,0,,,
0.19871999999999998,0.34167211575880957,0,,,0,0,,,
0.1988,0.3419105299856435,0,,,0,0,,,
0.19888,0.3421489841556579,0,,,0,0,,,
0.19896,0.3423874782086049,0,,,0,0,,,
0.19904,0.3426260120842258,0,,,0,0,,,
0.19912,0.3428645857222525,0,,,0,0,,,
0.1992,0.34310319906240627,0,,,0,0,,,
0.19927999999999998,0.3433418520443987,0,,,0,0,,,
0.19935999999999998,0.34358054460793147,0,,,0,0,,,
0.19944,0.3438192766926959,0,,,0,0,,,
0.19952,0.3440580482383735,0,,,0,0,,,
0.1996,0.3442968591846359,0,,,0,0,,,
0.19968,0.3445357094711444,0,,,0,0,,,
0.19976,0.3447745990375511,0,,,0,0,,,
0.19984,0.3450135278234974,0,,,0,0,,,
0.19992,0.3452524957686151,0,,,0,0,,,
0.19999999999999998,0.3454915028125263,0,,,0,0,,,
0.20007999999999998,0.3457305488948428,0,,,0,0,,,
0.20016,0.345969633955167,0,,,0,0,,,
0.20024,0.346208757933091,0,,,0,0,,,
0.20032,0.34644792076819747,0,,,0,0,,,
0.2004,0.346687122400059,0,,,0,0,,,
0.20048,0.34692636276823835,0,,,0,0,,,
0.20056,0.3471656418122888,0,,,0,0,,,
0.20063999999999999,0.3474049594717537,0,,,0,0,,,
0.20071999999999998,0.34764431568616644,0,,,0,0,,,
0.20079999999999998,0.3478837103950508,0,,,0,0,,,
0.20088,0.3481231435379212,0,,,0,0,,,
0.20096,0.34836261505428145,0,,,0,0,,,
0.20104,0.34860212488362674,0,,,0,0,,,
0.20112,0.3488416729654417,0,,,0,0,,,
0.2012,0.34908125923920197,0,,,0,0,,,
0.20128,0.349320883644373,0,,,0,0,,,
0.20135999999999998,0.349560546120411,0,,,0,0,,,
0.20143999999999998,0.34980024660676223,0,,,0,0,,,
0.20152,0.35003998504286393,0,,,0,0,,,
0.2016,0.3502797613681429,0,,,0,0,,,
0.20168,0.35051957552201674,0,,,0,0,,,
0.20176,0.3507594274438939,0,,,0,0,,,
0.20184,0.3509993170731728,0,,,0,0,,,
0.20192,0.3512392443492424,0,,,0,0,,,
0.20199999999999999,0.3514792092114825,0,,,0,0,,,
0.20207999999999998,0.35171921159926284,0,,,0,0,,,
0.20215999999999998,0.35195925145194407,0,,,0,0,,,
0.20224,0.35219932870887727,0,,,0,0,,,
0.20232,0.352439443309404,0,,,0,0,,,
0.2024,0.35267959519285663,0,,,0,0,,,
0.20248,0.35291978429855786,0,,,0,0,,,
0.20256,0.353160010565821,0,,,0,0,,,
0.20264,0.35340027393394996,0,,,0,0,,,
0.20271999999999998,0.3536405743422396,0,,,0,0,,,
0.20279999999999998,0.353880911729975,0,,,0,0,,,
0.20288,0.3541212860364322,0,,,0,0,,,
0.20296,0.3543616972008775,0,,,0,0,,,
0.20304,0.35460214516256844,0,,,0,0,,,
0.20312,0.3548426298607528,0,,,0,0,,,
0.2032,0.3550831512346695,0,,,0,0,,,
0.20328,0.3553237092235477,0,,,0,0,,,
0.20335999999999999,0.35556430376660775,0,,,0,0,,,
0.20343999999999998,0.35580493480306047,0,,,0,0,,,
0.20351999999999998,0.35604560227210763,0,,,0,0,,,
0.2036,0.3562863061129419,0,,,0,0,,,
0.20368,0.35652704626474624,0,,,0,0,,,
0.20376,0.356767822666695,0,,,0,0,,,
0.20384,0.35700863525795323,0,,,0,0,,,
0.20392,0.35724948397767653,0,,,0,0,,,
0.204,0.3574903687650119,0,,,0,0,,,
0.20407999999999998,0.35773128955909683,0,,,0,0,,,
0.20415999999999998,0.35797224629905977,0,,,0,0,,,
0.20424,0.35821323892402007,0,,,0,0,,,
0.20432,0.35845426737308833,0,,,0,0,,,
0.2044,0.3586953315853657,0,,,0,0,,,
0.20448,0.3589364314999445,0,,,0,0,,,
0.20456,0.35917756705590786,0,,,0,0,,,
0.20464,0.35941873819233017,0,,,0,0,,,
0.20471999999999999,0.3596599448482765,0,,,0,0,,,
0.20479999999999998,0.3599011869628032,0,,,0,0,,,
0.20487999999999998,0.36014246447495774,0,,,0,0,,,
0.20496,0.36038377732377824,0,,,0,0,,,
0.20504,0.3606251254482943,0,,,0,0,,,
0.20512,0.36086650878752646,0,,,0,0,,,
0.2052,0.36110792728048624,0,,,0,0,,,
0.20528,0.3613493808661766,0,,,0,0,,,
0.20536,0.36159086948359126,0,,,0,0,,,
0.20543999999999998,0.3618323930717152,0,,,0,0,,,
0.20551999999999998,0.3620739515695248,0,,,0,0,,,
0.2056,0.36231554491598755,0,,,0,0,,,
0.20568,0.3625571730500616,0,,,0,0,,,
0.20576,0.36279883591069695,0,,,0,0,,,
0.20584,0.3630405334368346,0,,,0,0,,,
0.20592,0.36328226556740695,0,,,0,0,,,
0.206,0.36352403224133734,0,,,0,0,,,
0.20607999999999999,0.3637658333975405,0,,,0,0,,,
0.20615999999999998,0.36400766897492265,0,,,0,0,,,
0.20623999999999998,0.3642495389123811,0,,,0,0,,,
0.20632,0.3644914431488047,0,,,0,0,,,
0.2064,0.36473338162307317,0,,,0,0,,,
0.20648,0.364975354274058,0,,,0,0,,,
0.20656,0.36521736104062197,0,,,0,0,,,
0.20664,0.3654594018616192,0,,,0,0,,,
0.20672,0.3657014766758952,0,,,0,0,,,
0.20679999999999998,0.3659435854222868,0,,,0,0,,,
0.20687999999999998,0.36618572803962246,0,,,0,0,,,
0.20696,0.3664279044667222,0,,,0,0,,,
0.20704,0.36667011464239674,0,,,0,0,,,
0.20712,0.36691235850544923,0,,,0,0,,,
0.2072,0.3671546359946737,0,,,0,0,,,
0.20728,0.3673969470488559,0,,,0,0,,,
0.20736,0.36763929160677306,0,,,0,0,,,
0.20743999999999999,0.3678816696071939,0,,,0,0,,,
0.20751999999999998,0.36812408098887894,0,,,0,0,,,
0.20759999999999998,0.3683665256905798,0,,,0,0,,,
0.20768,0.3686090036510402,0,,,0,0,,,
0.20776,0.36885151480899514,0,,,0,0,,,
0.20784,0.36909405910317106,0,,,0,0,,,
0.20792,0.36933663647228654,0,,,0,0,,,
0.208,0.3695792468550515,0,,,0,0,,,
0.20808,0.3698218901901675,0,,,0,0,,,
0.20815999999999998,0.37006456641632773,0,,,0,0,,,
0.20823999999999998,0.37030727547221726,0,,,0,0,,,
0.20832,0.3705500172965128,0,,,0,0,,,
0.2084,0.3707927918278827,0,,,0,0,,,
0.20848,0.37103559900498706,0,,,0,0,,,
0.20856,0.3712784387664778,0,,,0,0,,,
0.20864,0.3715213110509985,0,,,0,0,,,
0.20872,0.37176421579718477,0,,,0,0,,,
0.20879999999999999,0.3720071529436637,0,,,0,0,,,
0.20887999999999998,0.3722501224290543,0,,,0,0,,,
0.20895999999999998,0.3724931241919675,0,,,0,0,,,
0.20904,0.37273615817100614,0,,,0,0,,,
0.20912,0.3729792243047649,0,,,0,0,,,
0.2092,0.3732223225318298,0,,,0,0,,,
0.20928,0.3734654527907794,0,,,0,0,,,
0.20936,0.3737086150201841,0,,,0,0,,,
0.20944,0.3739518091586058,0,,,0,0,,,
0.20947333333333332,0.37405314945259827,0,,,0,0,,,
0.20950666666666665,0.37415449527123756,0,,,0,0,,,
0.20951999999999998,0.37419503514459884,0,,,0,0,,,
0.20953999999999998,0.37425584661007866,0,,,0,0,,,
0.20957333333333333,0.37435720346467555,0,,,0,0,,,
0.20959999999999998,0.37443829291670927,0,,,0,0,,,
0.20960666666666666,0.37445856583058196,0,,,0,0,,,
0.20964,0.37455993370335194,0,,,0,0,,,
0.20967333333333332,0.37466130707853895,0,,,0,0,,,
0.20967999999999998,0.37468158241347505,0,,,0,0,,,
0.20970666666666665,0.3747626859516962,0,,,0,0,,,
0.20973999999999998,0.37486407031837676,0,,,0,0,,,
0.20976,0.3749249035734262,0,,,0,0,,,
0.2097733333333333,0.3749654601741334,0,,,0,0,,,
0.20980666666666664,0.37506685551451857,0,,,0,0,,,
0.20984,0.3751682563350849,0,,,0,0,,,
0.20987333333333333,0.37526966263138417,0,,,0,0,,,
0.20990666666666666,0.375371074398968,0,,,0,0,,,
0.20992,0.3754116406369649,0,,,0,0,,,
0.20994,0.3754724916333884,0,,,0,0,,,
0.20997333333333332,0.37557391433019655,0,,,0,0,,,
0.21,0.37565505641757246,0,,,0,0,,,
0.21000666666666665,0.3756753424849435,0,,,0,0,,,
0.21003999999999998,0.37577677609318005,0,,,0,0,,,
0.21007333333333333,0.3758782151504572,0,,,0,0,,,
0.21008,0.3758985036154058,0,,,0,0,,,
0.21010666666666666,0.37597965965232477,0,,,0,0,,,
0.21014,0.3760811095943333,0,,,0,0,,,
0.21015999999999999,0.37614198216895484,0,,,0,0,,,
0.21017333333333332,0.3761825649720326,0,,,0,0,,,
0.21020666666666665,0.3762840257809724,0,,,0,0,,,
0.21023999999999998,0.37638549201670196,0,,,0,0,,,
0.2102733333333333,0.3764869636747707,0,,,0,0,,,
0.21030666666666664,0.3765884407507273,0,,,0,0,,,
0.21031999999999998,0.3766290330971215,0,,,0,0,,,
0.21034,0.3766899232401207,0,,,0,0,,,
0.21037333333333333,0.3767914111384994,0,,,0,0,,,
0.2104,0.37687260534867995,0,,,0,0,,,
0.21040666666666666,0.3768929044414114,0,,,0,0,,,
0.21044,0.3769944031444048,0,,,0,0,,,
0.21047333333333332,0.37709590724302766,0,,,0,0,,,
0.21048,0.37711620870983587,0,,,0,0,,,
0.21050666666666665,0.37719741673282703,0,,,0,0,,,
0.21053999999999998,0.37729893160935063,0,,,0,0,,,
0.21056,0.37735984311903986,0,,,0,0,,,
0.21057333333333333,0.37740045186814536,0,,,0,0,,,
0.21060666666666666,0.3775019775047579,0,,,0,0,,,
0.21064,0.377603508514735,0,,,0,0,,,
0.21067333333333332,0.377705044893623,0,,,0,0,,,
0.21070666666666665,0.37780658663696787,0,,,0,0,,,
0.21072,0.37784720483535617,0,,,0,0,,,
0.21073999999999998,0.37790813374031573,0,,,0,0,,,
0.2107733333333333,0.3780096861992122,0,,,0,0,,,
0.2108,0.37809093201933064,0,,,0,0,,,
0.21080666666666664,0.3781112440092024,0,,,0,0,,,
0.21084,0.3782128071658319,0,,,0,0,,,
0.21087333333333333,0.3783143756646454,0,,,0,0,,,
0.21087999999999998,0.37833469000507797,0,,,0,0,,,
0.21090666666666666,0.37841594950118745,0,,,0,0,,,
0.21094,0.3785175286710029,0,,,0,0,,,
0.21095999999999998,0.37857847873100964,0,,,0,0,,,
0.21097333333333332,0.37861911316963587,0,,,0,0,,,
0.21100666666666665,0.37872070299263016,0,,,0,0,,,
0.21103999999999998,0.3788222981355296,0,,,0,0,,,
0.21107333333333334,0.3789238985938781,0,,,0,0,,,
0.21110666666666666,0.37902550436321863,0,,,0,0,,,
0.21112,0.3790661481570342,0,,,0,0,,,
0.21114,0.37912711543909416,0,,,0,0,,,
0.21117333333333332,0.37922873181704764,0,,,0,0,,,
0.2112,0.3793100287339115,0,,,0,0,,,
0.21120666666666665,0.37933035349262195,0,,,0,0,,,
0.21123999999999998,0.37943198046135906,0,,,0,0,,,
0.2112733333333333,0.37953361271880137,0,,,0,0,,,
0.21128,0.37955393980454216,0,,,0,0,,,
0.21130666666666664,0.3796352502604907,0,,,0,0,,,
0.21134,0.3797368930819689,0,,,0,0,,,
0.21136,0.3797978813072995,0,,,0,0,,,
0.21137333333333333,0.379838541178777,0,,,0,0,,,
0.21140666666666666,0.37994019454645667,0,,,0,0,,,
0.21144,0.3800418531805485,6,0.09704000000000015,30.915086562242326,6,120,"[1,4,10,27,31,40]",14.264361427683179,0.963463271147305
0.21147333333333332,0.38014351707659344,6,0.09674000000000019,31.010957204879,6,120,"[1,4,10,27,31,40]",14.247072859028828,0.9633276998782058
0.21150666666666665,0.38024518623013215,6,0.09644000000000022,31.107424305267454,6,120,"[1,4,10,22,31,40]",13.976983677834482,0.95982991182539
0.21151999999999999,0.38028585536264686,6,0.09632000000000024,31.14617940199328,6,120,"[1,4,10,22,31,40]",13.97042260831622,0.9597688476971763
0.21153999999999998,0.38034686063670464,6,0.09614000000000011,31.20449344705634,6,120,"[1,4,10,22,31,40]",13.960539217464095,0.9596767050051714
0.21157333333333334,0.3804485402918514,6,0.09583999999999987,31.302170283806387,6,120,"[1,4,10,22,31,40]",13.943955594521137,0.9595216699008474
0.21159999999999998,0.38052988779194463,6,0.09560000000000032,31.380753138075207,6,120,"[1,4,10,27,31,40]",14.179680511683557,0.9627942510956836
0.21160666666666667,0.3805502251911118,6,0.09553999999999974,31.40046054008801,6,120,"[1,4,10,22,31,40]",13.927233033540583,0.9593647938729203
0.21164,0.3806519153300255,6,0.09523999999999955,31.499370012599897,6,120,"[1,4,10,22,31,40]",13.910371741204145,0.9592060639278307
0.21167333333333332,0.38075361070413216,6,0.09493999999999936,31.59890457130841,6,120,"[1,4,10,22,31,40]",13.89337190660836,0.9590454667171464
0.21167999999999998,0.38077395040678397,6,0.09488000000000041,31.61888701517693,6,120,"[1,4,10,22,31,40]",13.889955330035995,0.959013122003436
0.21170666666666665,0.3808553113089707,6,0.09464,31.69907016060862,6,120,"[1,4,10,22,31,40]",13.876233701523581,0.95888298853657
0.21173999999999998,0.38095701714008,6,0.09433999999999987,31.799872800508844,6,120,"[1,4,10,22,31,40]",13.858957280643956,0.9587186153247688
0.21176,0.38101804314549975,6,0.09416000000000008,31.86066270178417,6,120,"[1,4,10,27,31,40]",14.090672299977136,0.9620775224697525
0.2117733333333333,0.3810587281929988,6,0.09403999999999968,31.90131858783507,6,120,"[1,4,10,22,31,40]",13.841542781828956,0.9585523326620287
0.21180666666666664,0.38116044446326575,5,0.1527733333333332,19.63693489265144,6,9,"[4,6,10,22,40]",16.899454914347082,0.9799063655413963
0.21184,0.38126216594641893,5,0.1526400000000001,19.654088050314453,6,9,"[4,6,10,22,40]",16.89618335641414,0.9798940402736136
0.21187333333333333,0.3813638926379962,5,0.1525066666666668,19.671271201258946,6,9,"[4,6,10,22,40]",16.892748634965415,0.9798808538262289
0.21190666666666666,0.3814656245335354,5,0.15237333333333347,19.688484424221194,6,9,"[4,6,10,22,40]",16.889151722144895,0.979866811071967
0.21192,0.38150631874786095,5,0.1523199999999998,19.69537815126053,6,9,"[4,6,10,22,40]",16.887667755882774,0.9798609552347413
0.21194,0.38156736162857413,5,0.15224000000000015,19.705727798213328,6,9,"[4,6,10,22,40]",16.885393562267094,0.9798519165635101
0.21197333333333332,0.3816691039186497,5,0.15210666666666683,19.723001402524524,6,9,"[4,6,10,22,40]",16.88147507230878,0.9798361745399665
0.212,0.3817505014881376,5,0.1519999999999999,19.736842105263168,6,9,"[4,6,10,22,40]",16.878225441733186,0.9798229733625428
0.21200666666666665,0.3817708513992992,5,0.15197333333333352,19.740305316722207,6,9,"[4,6,10,22,40]",16.877397142386712,0.9798195889330256
0.21203999999999998,0.3818726040660594,5,0.1518400000000002,19.757639620653293,6,9,"[4,6,10,22,40]",16.87316063622169,0.9798021633728082
0.21207333333333334,0.38197436191446704,5,0.15170666666666666,19.77500439444542,6,7,"[4,6,10,22,40]",16.86876639158881,0.9797839011934233
0.21208,0.3819947141055535,5,0.15167999999999981,19.77848101265825,6,7,"[4,6,10,22,40]",16.8678686859697,0.9797801486361225
0.21210666666666667,0.3820761249400585,5,0.15157333333333334,19.792399718508094,6,7,"[4,6,10,22,40]",16.86421522075503,0.9797648054382423
0.21214,0.38217789313837,5,0.15144000000000002,19.80982567353407,6,7,"[4,6,10,22,40]",16.859507910903677,0.9797448788648998
0.21216,0.38223895653840523,5,0.15135999999999994,19.820295983086687,6,7,"[4,6,10,22,40]",16.8566088964836,0.9797325251700096
0.21217333333333332,0.38227966650493717,5,0.1513066666666667,19.827282340500524,6,7,"[4,6,10,22,40]",16.85464522454659,0.9797241239500284
0.21220666666666665,0.38238144503529614,5,0.15117333333333338,19.844769800670306,6,7,"[4,6,10,22,40]",16.84962789992437,0.9797025428937387
0.21223999999999998,0.38248322872498214,5,0.15104000000000006,19.86228813559321,6,8,"[4,6,10,22,40]",16.844456651394513,0.9796801376238504
0.21227333333333331,0.38258501756953056,5,0.15090666666666674,19.87983742710725,6,8,"[4,6,10,22,40]",16.83913216980842,0.9796569097998852
0.21230666666666664,0.3826868115644765,5,0.15077333333333343,19.897417757339923,6,8,"[4,6,10,22,40]",16.833655122876884,0.9796328608168228
0.21231999999999998,0.38272753060356585,5,0.1507200000000002,19.90445859872609,6,8,"[4,6,10,22,40]",16.831421731028406,0.9796230115617532
0.21234,0.38278861070535464,5,0.15063999999999989,19.91502920870952,6,8,"[4,6,10,22,40]",16.828026155524864,0.9796079918086352
0.21237333333333333,0.38289041498769966,5,0.15050666666666657,19.932671863926306,6,8,"[4,6,10,22,40]",16.822245890235603,0.9795823036515987
0.21239999999999998,0.3829718621124308,5,0.1504000000000003,19.946808510638256,6,8,"[4,6,10,22,40]",16.81751314767591,0.9795611637650461
0.21240666666666666,0.38299222440704583,5,0.15037333333333325,19.950345805993983,6,8,"[4,6,10,22,40]",16.81631492738413,0.9795557969673924
0.21244,0.38309403895892735,5,0.15023999999999993,19.968051118210873,6,8,"[4,6,10,22,40]",16.810233845560994,0.9795284721259906
0.21247333333333332,0.38319585863887806,5,0.1501066666666666,19.985787884171263,6,8,"[4,6,10,22,40]",16.80400320188584,0.979500329248352
0.21248,0.38321622318984355,5,0.15008,19.989339019189767,6,8,"[4,6,10,22,40]",16.802739173261603,0.9794946025017385
0.21250666666666665,0.3832976834424318,5,0.1499733333333333,20.00355618776672,6,8,"[4,6,10,22,40]",16.7976235323114,0.9794713682089125
0.21253999999999998,0.38339951336512196,5,0.14983999999999997,20.021356113187405,6,8,"[4,6,10,22,40]",16.79109535191801,0.9794415886378852
0.21256,0.3834606137740635,5,0.14976000000000012,20.032051282051267,6,8,"[4,6,10,22,40]",16.787107365046232,0.9794233277555705
0.21257333333333334,0.38350134840248185,5,0.14970666666666688,20.039187744923378,6,8,"[4,6,10,22,40]",16.784419155199117,0.9794109899233738
0.21260666666666667,0.38360318855004427,5,0.14957333333333356,20.05705116776606,6,8,"[4,6,10,22,40]",16.777595416337455,0.9793795712133015
0.21264,0.38370503380334225,5,0.14944000000000024,20.07494646680939,6,8,"[4,6,10,22,40]",16.770624589472742,0.9793473314171621
0.21267333333333333,0.3838068841579082,5,0.14930666666666692,20.092873727451295,6,8,"[4,6,10,22,40]",16.76350710896066,0.9793142692075957
0.21270666666666666,0.3839087396092745,5,0.1491733333333336,20.11083303539503,6,8,"[4,6,10,22,40]",16.756243389623247,0.9792803830217902
0.21272,0.3839494832159243,5,0.14912000000000014,20.118025751072942,6,8,"[4,6,10,22,40]",16.753297044258908,0.9792665974394315
0.21273999999999998,0.3840106001529732,5,0.14904000000000028,20.128824476650525,6,8,"[4,6,10,22,40]",16.748833826991483,0.9792456710627186
0.21277333333333331,0.3841124657845365,5,0.14890666666666696,20.146848137535777,6,8,"[4,6,10,22,40]",16.741278797539376,0.9792101313002057
0.2128,0.3841939619500467,5,0.14879999999999982,20.16129032258067,6,8,"[4,6,10,22,40]",16.73513027883062,0.9791811019591575
0.21280666666666664,0.3842143364994958,5,0.14877333333333365,20.164904104678214,6,8,"[4,6,10,22,40]",16.733578658910535,0.9791737614718355
0.21284,0.38431621229338264,5,0.14863999999999988,20.182992465016163,6,8,"[4,6,10,22,40]",16.725733750136747,0.9791365590836986
0.21287333333333333,0.38441809316172804,5,0.14850666666666656,20.20111330579998,6,8,"[4,6,10,22,40]",16.717744391849315,0.9790985214109792
0.21287999999999999,0.384438469943939,5,0.14847999999999995,20.204741379310352,6,8,"[4,6,10,22,40]",16.716129213182462,0.9790908133862729
0.21290666666666666,0.3845199791000633,5,0.14837333333333325,20.21926671459383,6,8,"[4,6,10,22,40]",16.709610886482658,0.97905964549839
0.21294,0.3846218701039192,5,0.14823999999999993,20.237452779276857,6,8,"[4,6,10,22,40]",16.701333518470907,0.979019928160451
0.21295999999999998,0.3846830071358231,5,0.14815999999999985,20.248380129589652,6,8,"[4,6,10,22,40]",16.696298155244904,0.9789956924622238
0.21297333333333332,0.3847237661688259,5,0.1481066666666666,20.25567158804466,6,8,"[4,6,10,22,40]",16.692912554437317,0.9789793659816184
0.21300666666666665,0.38482566729031414,5,0.1479733333333333,20.27392322941071,6,8,"[4,6,10,22,40]",16.684348243376647,0.9789379553162618
0.21303999999999998,0.3849275734639141,5,0.14783999999999997,20.292207792207797,6,8,"[4,6,10,22,40]",16.67564081683085,0.9788956922884953
0.21307333333333334,0.38502948468515535,5,0.14770666666666643,20.310525365589488,6,8,"[4,6,10,22,40]",16.666790489057902,0.978852572791858
0.21310666666666667,0.38513140094956777,5,0.14757333333333356,20.32887603903141,6,8,"[4,6,10,22,40]",16.657797457194164,0.9788085924888529
0.21312,0.3851721688664193,5,0.14751999999999987,20.336225596529303,6,8,"[4,6,10,22,40]",16.654160328227988,0.9787907583261786
0.21314,0.3852333222526808,5,0.1474399999999998,20.34725990233318,6,8,"[4,6,10,22,40]",16.648661901410023,0.9787637468103337
0.21317333333333333,0.3853352485900234,5,0.14730666666666692,20.365677045619083,6,8,"[4,6,10,22,40]",16.63938398505959,0.9787180309547546
0.2132,0.38541679328153866,5,0.14719999999999978,20.380434782608727,6,8,"[4,6,10,22,40]",16.631859251497758,0.978680828367257
0.21320666666666666,0.38543717995712495,5,0.14717333333333316,20.384127559340484,6,8,"[4,6,10,22,40]",16.629963854823774,0.9786714398872707
0.21323999999999999,0.3855391163495142,5,0.14704000000000028,20.40261153427635,6,8,"[4,6,10,22,40]",16.62040164084737,0.9786239683386977
0.21327333333333331,0.38564105776271945,5,0.14690666666666652,20.42112906153569,6,8,"[4,6,10,22,40]",16.610697456870017,0.9785756108043262
0.21328,0.38566144664746493,5,0.1468799999999999,20.424836601307202,6,8,"[4,6,10,22,40]",16.608739592536057,0.9785658324780833
0.21330666666666664,0.38574300419226915,5,0.14677333333333364,20.439680232558096,6,8,"[4,6,10,22,40]",16.600851400351395,0.9785263615425951
0.21334,0.38584495563369176,5,0.1466400000000001,20.45826513911619,6,6,"[4,6,10,22,40]",16.59086355259016,0.9784762145736201
0.21336,0.3859061289023838,5,0.14656000000000002,20.469432314410476,6,6,"[4,6,10,22,40]",16.58480281194581,0.978445692915345
0.21337333333333333,0.3859469120825147,5,0.14650666666666678,20.47688387331633,6,6,"[4,6,10,22,40]",16.58073397883758,0.978425163677579
0.21340666666666666,0.386048873534266,5,0.14637333333333347,20.49553652760064,6,6,"[4,6,10,22,40]",16.570462728405197,0.978373202392955
0.21344,0.386150839984473,5,0.14624000000000015,20.51422319474834,6,6,"[4,6,10,22,40]",16.56004983476675,0.9783203240146321
0.21352,0.38639557983190365,5,0.14592000000000027,20.559210526315752,6,6,"[4,6,10,22,40]",16.534481059103115,0.9781896320515482
0.21359999999999998,0.38664034838283917,5,0.14560000000000017,20.60439560439558,6,6,"[4,6,10,22,40]",16.508096363685304,0.978053515075139
0.21367999999999998,0.386885145575436,5,0.14527999999999985,20.64977973568284,6,6,"[4,6,10,22,40]",16.480895114398216,0.9779118627132434
0.2137133333333333,0.3869871528442479,5,0.14514666666666698,20.66874885173613,6,6,"[4,6,10,22,40]",16.46932000982548,0.9778511791974849
0.21374666666666664,0.3870891650703579,5,0.14501333333333322,20.68775285031263,6,6,"[4,6,10,22,40]",16.457602841881545,0.9777895050597707
0.21375999999999998,0.38712997134784316,5,0.14495999999999998,20.695364238410598,6,6,"[4,6,10,22,40]",16.452876169804263,0.9777645559492102
0.21377999999999997,0.3871911822492915,5,0.14488000000000034,20.706791827719442,6,6,"[4,6,10,22,40]",16.445743487074587,0.9777268309673766
0.21381333333333333,0.38729320437657344,5,0.1447466666666668,20.725865880618993,6,6,"[4,6,10,22,40]",16.43374180685428,0.9776631473124973
0.21384,0.3873748256382027,5,0.1446400000000001,20.74115044247786,6,6,"[4,6,10,22,40]",16.42403788568522,0.977611466869248
0.21384666666666666,0.38739523144772864,5,0.14461333333333348,20.74497510602985,6,6,"[4,6,10,22,40]",16.421597647650692,0.9775984442084885
0.21388,0.3874972634582817,5,0.14448000000000016,20.76411960132888,6,6,"[4,6,10,22,40]",16.409310840907473,0.9775327114859366
0.21391333333333332,0.3875993004037569,5,0.14434666666666685,20.7832994642527,6,6,"[4,6,10,22,40]",16.396881203110887,0.9774659386885645
0.21392,0.3876197083846488,5,0.14432000000000023,20.78713968957868,6,6,"[4,6,10,22,40]",16.39437811862438,0.9774524583795131
0.21394666666666665,0.3877013422796785,5,0.14421333333333353,20.80251479289938,6,6,"[4,6,10,22,40]",16.384308535813542,0.9773981150689659
0.21397999999999998,0.3878033890815705,5,0.1440800000000002,20.82176568573012,6,6,"[4,6,10,22,40]",16.371592625653513,0.9773292295841649
0.214,0.3878646195253095,5,0.1439999999999999,20.833333333333346,6,6,"[4,6,10,22,40]",16.363894228645794,0.9772873838918616
0.2140133333333333,0.3879054408049565,5,0.1439466666666669,20.84105224157092,6,6,"[4,6,10,22,40]",16.358733244368473,0.9772592708909988
0.21404666666666664,0.38800749744536006,5,0.14381333333333357,20.86037455961428,6,6,"[4,6,10,22,40]",16.345730148805252,0.9771882273413197
0.21408,0.3881095589983046,5,0.1436799999999998,20.879732739420962,6,6,"[4,6,10,22,40]",16.332583080924444,0.9771160869770139
0.21411333333333332,0.388211625459313,5,0.1435466666666665,20.899126880921447,6,6,"[4,6,10,22,40]",16.319291767800387,0.9770428375248302
0.21414666666666665,0.38831369682390804,5,0.14341333333333317,20.918557084418023,6,6,"[4,6,10,22,40]",16.305855921616292,0.9769684663910198
0.21416,0.3883545267417476,5,0.14335999999999993,20.926339285714295,6,6,"[4,6,10,22,40]",16.30044104657805,0.9769384009836894
0.21417999999999998,0.38841577308761266,5,0.14327999999999985,20.938023450586286,6,6,"[4,6,10,22,40]",16.292275239654547,0.9768929606557768
0.2142133333333333,0.38851785424594915,5,0.14314666666666653,20.95752608047692,6,6,"[4,6,10,22,40]",16.27854940428268,0.9768163070674818
0.21423999999999999,0.3885995226937442,5,0.14304000000000006,20.9731543624161,6,6,"[4,6,10,22,40]",16.267464002547406,0.9767541486220784
0.21424666666666664,0.3886199402944397,5,0.14301333333333321,20.97706507551745,6,6,"[4,6,10,22,40]",16.26467808293395,0.9767384920367365
0.21427999999999997,0.38872203122860643,5,0.1428799999999999,20.99664053751401,6,6,"[4,6,10,22,40]",16.2506609280838,0.9766595016301933
0.21431333333333333,0.38882412704397107,5,0.1427466666666668,21.016252568653073,6,6,"[6,10,27,37,40]",16.6089488109311,0.9783499165086134
0.21431999999999998,0.3888445467923936,5,0.14272000000000018,21.020179372197283,6,6,"[6,10,27,37,40]",16.608635095677194,0.9783481932239939
0.21434666666666666,0.38892622773605506,5,0.14261333333333348,21.035901271503345,6,6,"[6,10,27,37,40]",16.607332522029317,0.9783410514572678
0.21438,0.38902833330038006,5,0.14248000000000016,21.055586749017383,6,6,"[6,10,27,37,40]",16.605596900971243,0.9783315639278534
0.21439999999999998,0.3890895989757873,5,0.1424000000000003,21.067415730337032,6,6,"[6,10,27,31,37]",16.106533025078505,0.9758807392689064
0.21441333333333332,0.3891304437324668,5,0.14234666666666684,21.075309104533506,6,6,"[6,10,27,37,40]",16.603741853564024,0.9783214523145831
0.21444666666666665,0.38923255902783654,5,0.14221333333333352,21.09506844177758,6,6,"[6,10,27,37,40]",16.601767271449376,0.9783107148774489
0.21447999999999998,0.3893346791820101,5,0.1420800000000002,21.114864864864835,6,6,"[6,10,27,37,40]",16.59967303206971,0.9782993497410605
0.21448,0.3893346791820101,5,0.14207999999999998,21.114864864864867,6,6,"[6,10,27,31,37]",16.098569468646694,0.9758424187408256
0.2145133333333333,0.3894368041905075,5,0.1419466666666669,21.134698478301676,6,6,"[6,10,27,37,40]",16.597458998629435,0.978287354893405
0.21454666666666664,0.3895389340488495,5,0.14181333333333357,21.154569386987554,6,6,"[6,10,27,37,40]",16.595125020051306,0.9782747281845244
0.21456,0.38957978734913945,5,0.1417600000000001,21.162528216704274,6,6,"[6,10,27,37,40]",16.5941578074129,0.9782695000717393
0.21458,0.3896410687525562,5,0.14168000000000003,21.174477696216822,6,6,"[6,10,27,31,37]",16.087940103768144,0.9757903541729828
0.21461333333333332,0.3897432082971472,5,0.1415466666666667,21.194423511680476,6,6,"[6,10,27,31,37]",16.084228566008573,0.9757719572028563
0.21464,0.38982492341524594,5,0.14144000000000023,21.21040723981897,6,6,"[6,10,27,31,37]",16.08119820844434,0.9757568604613909
0.21464666666666665,0.3898453526781421,5,0.1414133333333334,21.214406939468216,6,6,"[6,10,27,31,37]",16.080432099535674,0.9757530333730433
0.21467999999999998,0.3899475018910606,5,0.14128000000000007,21.234428086070203,6,6,"[6,10,27,31,37]",16.07655025726331,0.9757335790320381
0.2147133333333333,0.3900496559314219,5,0.14114666666666675,21.254487058378977,6,6,"[6,10,27,31,37]",16.072582582101724,0.9757135904118721
0.21472,0.3900700873183928,5,0.14112000000000013,21.258503401360525,6,6,"[6,10,27,37,40]",16.581047830672407,0.9781987893631723
0.21474666666666664,0.39015181479474476,5,0.14101333333333343,21.274583963691363,6,6,"[6,10,27,31,37]",16.06852860680643,0.9756930636257541
0.21477999999999997,0.39025397847654836,5,0.14088000000000012,21.294718909710376,6,6,"[6,10,27,31,37]",16.06438785382346,0.9756719946656291
0.2148,0.39031527899663687,5,0.14080000000000026,21.306818181818144,6,6,"[6,10,27,31,37]",16.06186154616696,0.9756590913324132
0.21481333333333333,0.39035614697235116,5,0.14074666666666658,21.31489200454719,6,6,"[6,10,27,31,37]",16.060159835131348,0.9756503793996594
0.21484666666666666,0.3904583202776715,5,0.14061333333333326,21.33510335672294,6,6,"[6,10,27,31,37]",16.055844052078942,0.9756282135696178
0.21488,0.3905604983880275,5,0.14047999999999994,21.355353075170854,6,6,"[6,10,27,31,37]",16.051439995219596,0.9756054927881973
0.21491333333333332,0.3906626812989373,5,0.14034666666666662,21.375641269238084,6,6,"[6,10,27,31,37]",16.046947144141463,0.9755822125362285
0.21494666666666665,0.3907648690059184,5,0.1402133333333333,21.39596804868772,6,6,"[6,10,27,31,37]",16.042364967293597,0.9755583681598056
0.21495999999999998,0.39080574543060675,5,0.14015999999999984,21.40410958904112,6,6,"[6,10,27,31,37]",16.04050696412085,0.9755486713857646
0.21497999999999998,0.3908670615044886,6,0.09433999999999887,31.799872800509178,1,14,"[4,6,10,22,37,40]",14.470994131533692,0.9642724308802512
0.2150133333333333,0.39096925879016514,6,0.09543999999999897,31.433361274099248,1,14,"[4,6,10,22,37,40]",14.475321896681619,0.9643478096096917
0.21503999999999998,0.3910510200624104,6,0.09631999999999918,31.14617940199362,1,14,"[4,6,10,22,37,40]",14.478355873645512,0.9644027480154437
0.21504666666666664,0.391071460858465,6,0.09653999999999907,31.075201988813227,1,14,"[4,6,10,22,37,40]",14.47905545192387,0.9644157519222335
0.21508,0.39117366770490547,6,0.09763999999999995,30.725112658746433,1,14,"[4,6,10,22,37,40]",14.482203128410049,0.9644764697751794
0.21511333333333332,0.391275879325003,6,0.09874000000000005,30.38282357707108,1,14,"[4,6,10,22,37,40]",14.484772974333445,0.96453016267793
0.21511999999999998,0.39129632222146676,6,0.09895999999999905,30.315278900566177,1,14,"[4,6,10,22,37,40]",14.485218292654004,0.9645400749851868
0.21514666666666665,0.39137809571427395,6,0.09983999999999926,30.048076923077144,1,14,"[4,6,10,22,37,40]",14.486772763043767,0.9645770183661618
0.21517999999999998,0.39148031686823487,6,0.10093999999999936,29.720626114523668,1,14,"[4,6,10,22,37,40]",14.48821000080963,0.9646172134302939
0.2152,0.39154165184579737,6,0.10159999999999969,29.5275590551182,1,14,"[4,6,10,22,37,40]",14.48880534419474,0.9646382028608039
0.2152133333333333,0.39158254278240173,6,0.10203999999999946,29.40023520188177,1,14,"[4,6,10,22,37,40]",14.489091934247902,0.9646509139014979
0.21524666666666664,0.3916847734522904,6,0.10313999999999957,29.08667830133811,1,14,"[4,6,10,22,37,40]",14.48942555743608,0.9646782757982656
0.21527999999999997,0.3917870088734165,6,0.10423999999999878,28.779739063699495,1,14,"[4,6,10,22,37,40]",14.489217618722527,0.9646994456362963
0.21528,0.39178700887341666,6,0.10423999999999956,28.779739063699278,1,14,"[4,6,10,22,37,40]",14.489217618722506,0.9646994456362962
0.21531333333333333,0.39188924904129574,6,0.10533999999999966,28.479210176571197,1,14,"[4,6,10,22,37,40]",14.488474627249003,0.9647145609042603
0.21534666666666666,0.39199149395144295,6,0.10643999999999976,28.184892897407053,1,14,"[4,6,10,22,37,40]",14.487202859198804,0.9647237505077916
0.21536,0.39203239324233224,6,0.10688000000000031,28.06886227544902,1,14,"[4,6,10,22,37,40]",14.486547457054243,0.9647257944737165
0.21538,0.39209374359937343,6,0.10753999999999986,27.89659661521298,1,14,"[4,6,10,22,37,40]",14.485408363782975,0.9647271351838795
0.21541333333333332,0.392195997980602,6,0.10863999999999907,27.614138438880943,1,14,"[4,6,10,22,37,40]",14.483096968976804,0.964724827887668
0.21544,0.39227780489054515,6,0.10952000000000017,27.39225712198681,1,14,"[4,6,10,22,37,40]",14.48087946410743,0.9647189549903418
0.21544666666666665,0.39229825709064314,6,0.10973999999999917,27.337342810279047,1,14,"[4,6,10,22,37,40]",14.480274287017634,0.9647169341535066
0.21547999999999998,0.3924005209250113,6,0.11083999999999927,27.066041140382712,2,24,"[4,6,10,22,37,40]",14.476945719674289,0.9647035524319647
0.2155133333333333,0.39250278947922096,6,0.11193999999999937,26.800071466857396,2,24,"[4,6,10,22,37,40]",14.473116463298558,0.9646847744043856
0.21552,0.3925232437560491,6,0.11216000000000004,26.7475035663338,2,24,"[4,6,10,22,37,40]",14.472290972445073,0.964680378851067
0.21554666666666664,0.3926050627487857,6,0.11303999999999859,26.53927813163515,2,24,"[4,6,10,22,37,40]",14.468791513667504,0.9646606852764377
0.21558,0.3927073407292196,6,0.11413999999999946,26.28351147713347,2,24,"[4,6,10,22,37,40]",14.463975670625842,0.9646313640520102
0.21559999999999999,0.39276870977683076,6,0.1147999999999999,26.13240418118469,2,24,"[4,6,10,22,37,40]",14.460852460879364,0.9646112905431182
0.21561333333333332,0.3928096234160362,6,0.11523999999999957,26.03262755987514,2,24,"[4,6,10,22,37,40]",14.458673542536507,0.9645968837886986
0.21564666666666665,0.39291191080474874,6,0.11633999999999967,25.78648788035077,2,24,"[4,6,10,22,37,40]",14.452889550546836,0.9645573118360291
0.21567999999999998,0.3930142028908705,6,0.11743999999999977,25.544959128065447,2,24,"[4,6,10,22,37,40]",14.446627932678538,0.9645127100574906
0.2157133333333333,0.3931164996699146,6,0.11715999999999926,25.606008876749904,2,24,"[4,6,10,22,37,40]",14.439892747747336,0.9644631350373549
0.21574666666666664,0.3932188011373934,6,0.11656000000000022,25.737817433081627,2,24,"[4,6,10,22,37,40]",14.432687879119735,0.9644086382731971
0.21575999999999998,0.3932597230361416,6,0.11631999999999998,25.790921595598356,2,24,"[4,6,10,22,37,40]",14.429675257307792,0.9643854720763745
0.21577999999999997,0.39332110728881975,6,0.1159599999999994,25.87098999655067,2,24,"[4,6,10,22,37,40]",14.425017038311998,0.9643492663549579
0.21581333333333333,0.3934234181197061,6,0.11535999999999991,26.005547850208064,2,24,"[4,6,10,22,37,40]",14.416883768438309,0.9642850611313313
0.21584,0.39350527015061043,6,0.1148800000000002,26.11420612813366,2,24,"[4,6,10,22,37,40]",14.410046479103022,0.9642302421629365
0.21584666666666666,0.3935257336255645,6,0.11476000000000008,26.14151272220284,2,24,"[4,6,10,22,37,40]",14.408291447512354,0.9642160598641908
0.21588,0.3936280538019065,6,0.11416000000000004,26.278906797477216,2,24,"[4,6,10,22,37,40]",14.39924329160813,0.9641422953717259
0.21591333333333332,0.39373037864424437,6,0.11356000000000022,26.417752729834397,2,24,"[4,6,10,22,37,40]",14.389742357884657,0.9640637961609064
0.21592,0.3937508441722365,6,0.11343999999999888,26.445698166431857,2,24,"[4,6,10,22,37,40]",14.3877880958161,0.9640475303649554
0.21594666666666665,0.3938327081480894,6,0.11296000000000017,26.558073654390896,2,24,"[4,6,10,22,37,40]",14.379791547478852,0.9639805865498386
0.21597999999999998,0.3939350423089529,6,0.11236000000000035,26.699893200427116,2,24,"[4,6,10,22,37,40]",14.369393608271173,0.9638926867805466
0.216,0.3939964450389727,6,0.11199999999999921,26.785714285714473,2,24,"[4,6,10,22,37,40]",14.362941309573474,0.9638377025735355
0.2160133333333333,0.3940373811223461,6,0.1117600000000003,26.843235504652753,2,24,"[4,6,10,22,37,40]",14.358551137527613,0.9638001131226587
0.21604666666666664,0.3941397245837798,6,0.11116000000000048,26.988125224900926,2,24,"[4,6,10,22,37,40]",14.347266584422286,0.9637028779684528
0.21608,0.39424207268876493,6,0.11055999999999955,27.134587554269284,2,24,"[4,6,10,22,37,40]",14.335542252443693,0.963600989919673
0.21611333333333332,0.3943444254328117,6,0.10995999999999984,27.28264823572212,2,24,"[4,6,10,22,37,40]",14.32338030168819,0.9634944538664977
0.21614666666666665,0.3944467828114306,6,0.10935999999999968,27.43233357717638,2,24,"[4,6,10,22,37,40]",14.310782751043744,0.9633832710590106
0.21616,0.39448772705955265,6,0.10911999999999988,27.492668621700908,2,24,"[4,6,10,22,37,40]",14.30562218851169,0.963337496442643
0.21617999999999998,0.3945491448201317,6,0.10875999999999997,27.583670467083493,2,24,"[4,6,10,22,37,40]",14.297751480267047,0.9632674391715003
0.2162133333333333,0.39465151145442495,6,0.10815999999999981,27.736686390532594,2,24,"[4,6,10,22,37,40]",14.284288231956284,0.9631469523598813
0.21624,0.39473340808926827,6,0.10768000000000022,27.860326894502172,2,24,"[4,6,10,22,37,40]",14.273207694096216,0.9630472052231457
0.21624666666666664,0.39475388270981987,6,0.10756000000000032,27.89140944589058,2,24,"[6,10,18,22,37,40]",14.26275744210128,0.9631911884799177
0.21627999999999997,0.39485625858182616,6,0.10695999999999994,28.047868362004504,2,24,"[4,6,10,22,37,40]",14.25607209846329,0.9628919732946355
0.21631333333333333,0.3949586390659529,6,0.10636000000000045,28.206092515983332,2,24,"[6,10,18,22,37,40]",14.246589552701737,0.9630767642984797
0.21631999999999998,0.39497911571583755,6,0.10624000000000056,28.237951807228768,2,24,"[6,10,18,22,37,40]",14.244910525669942,0.9630646390033615
0.21634666666666666,0.39506102415770955,6,0.10576000000000096,28.366111951588245,2,24,"[6,10,18,22,37,40]",14.238080953986115,0.9630148912924593
0.21638,0.39516341385260445,6,0.10516000000000059,28.527957398250127,2,24,"[6,10,18,22,37,40]",14.229288206314807,0.9629498935793097
0.21639999999999998,0.39522484987717965,6,0.10480000000000089,28.62595419847304,2,24,"[6,10,18,22,37,40]",14.223875811789638,0.9629093888722399
0.21641333333333332,0.39526580814614676,6,0.1045600000000011,28.691660290741858,2,24,"[6,10,18,22,37,40]",14.220210451815879,0.962881756043202
0.21644666666666665,0.39536820703384484,6,0.10396000000000072,28.857252789534236,2,24,"[6,10,18,22,37,40]",14.210846773571383,0.962810461919774
0.21647999999999998,0.3954706105112067,6,0.10336000000000123,29.02476780185724,2,24,"[6,10,18,22,37,40]",14.201196195155523,0.9627359927823226
0.2165133333333333,0.3955730185737407,6,0.10276000000000085,29.194239003503068,2,24,"[6,10,18,22,37,40]",14.191257680144352,0.9626583285261509
0.21654666666666664,0.39567543121695486,6,0.10216000000000136,29.3657008613935,3,32,"[6,10,18,22,37,40]",14.181030131597256,0.9625774473510521
0.21656,0.3957163975558248,6,0.10191999999999979,29.43485086342235,3,32,"[4,6,10,22,37,40]",14.11898128259415,0.9616137231888385
0.21658,0.39577784843635666,6,0.1015600000000001,29.539188656951527,3,32,"[4,6,10,22,37,40]",14.10804820862907,0.9615093012411572
0.21661333333333332,0.3958802702274535,6,0.1009600000000006,29.714738510300933,3,32,"[6,10,18,22,37,40]",14.159703240232703,0.9624059384473069
0.21664,0.39596221094893225,6,0.10048000000000012,29.856687898089135,3,32,"[4,6,10,22,37,40]",14.074339342722277,0.9611852216784023
0.21664666666666665,0.39598269658575275,6,0.10036000000000023,29.892387405340706,3,32,"[4,6,10,22,37,40]",14.070509697262727,0.9611482028872848
0.21667999999999998,0.3960851275067613,6,0.09975999999999985,30.07217321571777,3,32,"[4,6,10,22,37,40]",14.051108793834684,0.9609600472347574
0.2167133333333333,0.39618756298598634,6,0.09916000000000036,30.25413473174656,3,32,"[4,6,10,22,37,40]",14.03128664188958,0.9607667473759602
0.21672,0.396208050628422,6,0.09904000000000046,30.290791599353657,3,32,"[6,10,18,22,37,40]",14.123140337530579,0.9621040275985587
0.21674666666666664,0.39629000301893436,6,0.09856000000000087,30.43831168831142,3,32,"[6,10,18,22,37,40]",14.113525937976855,0.9620231652571535
0.21677999999999997,0.396392447601112,6,0.09796000000000049,30.62474479379323,3,32,"[4,6,10,22,37,40]",13.99037743379271,0.9603644751163943
0.2168,0.3964539165321793,6,0.09759999999999902,30.737704918033096,3,32,"[4,6,10,22,37,40]",13.97777539869909,0.9602396587532266
0.21681333333333333,0.39649489672802535,6,0.09735999999999922,30.81347576006598,3,32,"[4,6,10,22,37,40]",13.96928950471357,0.9601553741936075
0.21684666666666666,0.3965973503951806,6,0.09675999999999974,31.004547333609015,3,32,"[4,6,10,22,37,40]",13.947778581996964,0.9599408719389472
0.21688,0.3966998085980835,6,0.09615999999999936,31.19800332778723,3,32,"[4,6,10,22,37,40]",13.925843937096408,0.9597208953391068
0.21691333333333332,0.39680227133223983,6,0.09555999999999987,31.39388865634161,3,32,"[4,6,10,22,37,40]",13.90348472502317,0.9594953677897399
0.21694666666666665,0.3969047385931552,6,0.09495999999999949,31.592249368155183,3,32,"[4,6,10,22,37,40]",13.880699984444105,0.9592642090378787
0.21696,0.396945726764007,6,0.0947199999999997,31.6722972972974,3,32,"[4,6,10,22,37,40]",13.87146670274506,0.9591701501186863
0.21697999999999998,0.3970072103763347,6,0.09436,31.7931326833404,3,32,"[4,6,10,22,37,40]",13.857488637702794,0.9590273351194459
0.2170133333333333,0.3971096866772833,6,0.09375999999999962,31.996587030716853,3,32,"[4,6,10,22,37,40]",13.833849490764223,0.9587846582917967
0.21703999999999998,0.3971916709678156,5,0.13183999999999996,22.754854368932047,6,11,"[4,6,10,31,37]",15.5893768522895,0.9727999457989321
0.21704666666666664,0.39721216749150634,5,0.13181333333333334,22.759457819138174,6,11,"[4,6,10,31,37]",15.586399508392821,0.972782277171115
0.21708,0.3973146528145082,5,0.13168000000000024,22.78250303766703,6,11,"[4,6,10,31,37]",15.571234048187316,0.9726919295090418
0.21711333333333332,0.3974171426417931,5,0.13154666666666692,22.80559497263324,6,11,"[4,6,10,31,37]",15.555602958240012,0.9725982161219354
0.21711999999999998,0.39743764114736846,5,0.13152000000000008,22.810218978102174,6,11,"[4,6,10,31,37]",15.552420730427363,0.9725790664408022
0.21714666666666665,0.3975196369688659,5,0.1314133333333336,22.828733766233718,6,11,"[4,6,10,31,37]",15.539504686987247,0.9725011010793114
0.21717999999999998,0.3976221357912303,5,0.13128000000000029,22.851919561243093,6,11,"[4,6,10,31,37]",15.522937552882246,0.9724005458698995
0.2172,0.39768363724051875,5,0.13119999999999976,22.865853658536626,6,11,"[4,6,10,31,37]",15.512771469818352,0.9723385444632457
0.2172133333333333,0.3977246391043903,5,0.13114666666666697,22.875152501016622,6,11,"[4,6,10,31,37]",15.505899743685152,0.9722965093606806
0.21724666666666664,0.3978271469038498,5,0.13101333333333365,22.898432729493127,6,11,"[4,6,10,31,37]",15.488389315671492,0.9721889477517367
0.21727999999999997,0.39792965918511186,5,0.13088000000000033,22.921760391197985,6,11,"[4,6,10,31,37]",15.47040419275715,0.9720778145268161
0.21728,0.39792965918511203,5,0.13087999999999989,22.921760391198063,6,11,"[4,6,10,31,37]",15.47040419275712,0.972077814526816
0.21731333333333333,0.39803217594368034,5,0.13074666666666657,22.945135631246192,6,11,"[4,6,10,31,37]",15.451942165539748,0.9719630603995236
0.21734666666666666,0.39813469717505806,5,0.13061333333333325,22.968558595345055,6,11,"[4,6,10,31,37]",15.433000890254453,0.9718446332550148
0.21736,0.39817570691898824,5,0.13056,22.977941176470587,6,11,"[4,6,10,31,37]",15.42528963990739,0.9717962217296646
0.21738,0.3982372228747477,5,0.13047999999999993,22.992029429797682,6,11,"[4,6,10,31,37]",15.413577887643225,0.9717224780870719
0.21741333333333332,0.39833975303825225,5,0.1303466666666666,23.015548281505737,6,11,"[4,6,10,40,46]",15.875785334297001,0.9743044063909407
0.21744,0.3984217803799805,5,0.13024000000000013,23.03439803439801,6,11,"[4,6,10,40,46]",15.875127865049382,0.9743124986364687
0.21744666666666665,0.3984422876610744,5,0.1302133333333333,23.039115297972565,6,11,"[4,6,10,40,46]",15.874886967449049,0.9743139891745078
0.21747999999999998,0.3985448267387162,5,0.13007999999999997,23.062730627306276,6,11,"[4,6,10,40,46]",15.873225123428591,0.9743182799870302
0.2175133333333333,0.3986473702666799,5,0.12994666666666665,23.086394418222863,6,11,"[4,6,10,40,46]",15.870804159093959,0.9743173574815327
0.21752,0.3986678795059154,5,0.12992000000000026,23.091133004926064,6,11,"[4,6,10,40,46]",15.870229228832079,0.974316553737715
0.21754666666666664,0.39874991824046735,5,0.12981333333333334,23.1101068200493,6,11,"[4,6,10,40,46]",15.867628057716932,0.9743112923175848
0.21758,0.39885247065558055,5,0.12968000000000024,23.13386798272667,6,11,"[4,6,10,40,46]",15.863700434203357,0.9743001474446004
0.2176,0.39891400423461326,5,0.12960000000000016,23.14814814814812,6,11,"[4,6,10,40,46]",15.860984497011472,0.9742910456497842
0.21761333333333333,0.3989550275075206,5,0.12954666666666648,23.157678056813538,6,11,"[4,6,10,40,46]",15.859024539875907,0.9742839783586487
0.21764666666666665,0.39905758879178904,5,0.1294133333333336,23.181537193488516,6,14,"[4,6,10,40,46]",15.85360326683406,0.9742628333342779
0.21767999999999998,0.39916015450388737,5,0.12927999999999984,23.205445544554482,6,14,"[4,6,10,40,46]",15.84743915190362,0.9742367536326805
0.21775999999999998,0.3994063302515452,5,0.12895999999999996,23.263027295285365,6,14,"[4,6,10,40,46]",15.829626827278,0.9741542209850564
0.21783999999999998,0.3996525314153875,5,0.12863999999999987,23.320895522388085,6,14,"[4,6,10,40,46]",15.807569582615386,0.9740437693962104
0.21792,0.39989875793320867,5,0.1283200000000002,23.379052369077268,6,14,"[4,6,10,40,46]",15.781278104847223,0.973905509374184
0.218,0.40014500974279643,5,0.1279999999999999,23.43750000000002,6,14,"[4,6,10,40,46]",15.750751841105352,0.973739347112684
0.21808,0.40039128678193264,5,0.1276799999999998,23.496240601503796,6,14,"[4,6,10,40,46]",15.71597906491825,0.9735449880547244
0.21816,0.40063758898839225,5,0.12735999999999992,23.555276381909565,6,14,"[4,6,10,40,46]",15.67693687729257,0.9733219373183093
0.21824,0.4008839162999442,5,0.12704000000000004,23.614609571788407,6,14,"[4,6,10,40,46]",15.63359114318819,0.9730694970652181
0.21832,0.4011302686543509,5,0.12672000000000017,23.674242424242394,6,14,"[4,6,10,40,46]",15.585896363003457,0.9727867608145507
0.21839999999999998,0.40137664598936845,5,0.1264000000000003,23.73417721518982,6,14,"[4,6,10,40,46]",15.533795477819918,0.972472604625102
0.21847999999999998,0.4016230482427469,5,0.1260800000000002,23.794416243654787,6,14,"[4,6,10,40,46]",15.477219606282636,0.9721256749918602
0.21856,0.40186947535222983,5,0.1257600000000001,23.85496183206105,6,14,"[4,6,10,40,46]",15.416087710101703,0.9717443732190887
0.21864,0.4021159272555543,5,0.12544000000000022,23.91581632653057,6,14,"[4,6,10,40,46]",15.35030618422407,0.9713268359424335
0.21872,0.40236240389045125,5,0.12512000000000012,23.976982097186678,6,14,"[4,6,10,40,46]",15.279768366728124,0.9708709113719586
0.2188,0.4026089051946456,5,0.09399999999999997,31.914893617021285,6,28,"[1,4,6,37,40]",14.749709084686515,0.9666564492996841
0.21888,0.4028554311058558,5,0.09440000000000001,31.77966101694915,6,28,"[1,4,6,37,40]",14.676739610414765,0.9661736595000641
0.21896,0.4031019815617941,5,0.09479999999999983,31.645569620253223,6,28,"[1,4,6,37,40]",14.599146282127176,0.9656461639664761
0.21903999999999998,0.40334855650016693,5,0.09519999999999987,31.51260504201685,6,28,"[1,4,6,37,40]",14.51672747427681,0.9650701227515167
0.21911999999999998,0.4035951558586737,5,0.09559999999999991,31.380753138075345,6,28,"[1,4,6,37,40]",14.429265867299108,0.9644412211223999
0.21919999999999998,0.40384177957500855,5,0.09599999999999995,31.250000000000018,6,28,"[1,4,6,37,40]",14.336527143981954,0.9637546013143655
0.21928,0.4040884275868589,5,0.09639999999999996,31.120331950207483,6,28,"[1,4,6,37,40]",14.238258541939198,0.9630047825217283
0.21936,0.4043350998319063,5,0.0968,30.991735537190085,6,28,"[1,4,6,37,40]",14.134187244001765,0.9621855668199778
0.21944,0.40458179624782586,5,0.09720000000000004,30.864197530864185,6,28,"[1,4,6,37,40]",14.024018585683368,0.9612899282028475
0.21952,0.40482851677228715,5,0.09760000000000008,30.73770491803276,6,28,"[1,6,18,22,46]",14.31906971709908,0.963674260481492
0.2196,0.40507526134295296,5,0.09799999999999989,30.61224489795922,6,28,"[1,6,18,22,46]",14.292470082432041,0.963420373422198
0.21968,0.40532202989748056,5,0.09839999999999993,30.487804878048802,6,6,"[1,6,18,22,46]",14.261735988214454,0.9631234550255755
0.21975999999999998,0.4055688223735209,5,0.09879999999999997,30.364372469635637,6,6,"[1,6,18,22,46]",14.226661468105675,0.9627795573919125
0.21983999999999998,0.4058156387087188,5,0.09919999999999979,30.241935483871032,6,6,"[1,6,18,22,46]",14.187017547421107,0.9623840532017705
0.21992,0.40606247884071356,5,0.09960000000000002,30.120481927710838,6,6,"[1,6,18,22,46]",14.142549755333604,0.9619315127065494
0.22,0.4063093427071376,5,0.10000000000000006,29.999999999999982,6,6,"[1,6,18,22,46]",14.092975283147435,0.961415552555074
0.22008,0.40655623024561816,5,0.09639999999999976,31.120331950207547,6,6,"[1,6,18,22,46]",14.037979734519984,0.960828649217736
0.22016,0.40680314139377605,4,0.10079999999999992,29.761904761904788,6,42,"[1,6,18,22]",15.670125630493095,0.9734135820474816
0.22024,0.4070500760892263,4,0.10119999999999996,29.64426877470357,6,42,"[1,6,18,22]",15.670226238203965,0.973427884518451
0.22032,0.40729703426957775,4,0.1016,29.52755905511811,6,42,"[1,6,18,22]",15.670141080290492,0.973440421586459
0.22039999999999998,0.4075440158724338,4,0.10200000000000004,29.411764705882344,6,42,"[1,6,18,22]",15.669869341887251,0.9734511953328607
0.22047999999999998,0.4077910208353914,4,0.10239999999999985,29.296875000000043,6,42,"[1,6,18,22]",15.66941017905777,0.9734602073397645
0.22055999999999998,0.40803804909604174,4,0.10279999999999989,29.182879377431938,6,42,"[1,6,18,22]",15.668762718387788,0.9734674586880775
0.22064,0.40828510059197054,4,0.10320000000000012,29.06976744186043,6,42,"[1,6,18,22]",15.667926056565506,0.9734729499551931
0.22072,0.408532175260757,4,0.10359999999999994,28.957528957528975,6,42,"[1,6,18,22]",15.66689925994818,0.9734766812123059
0.2208,0.40877927303997486,4,0.10399999999999998,28.84615384615385,6,42,"[1,6,18,22]",15.665681364115514,0.973478652021358
0.22088,0.40902639386719186,4,0.10440000000000002,28.73563218390804,6,42,"[1,6,18,22]",15.664271373408468,0.9734788614315977
0.22096,0.40927353767997016,4,0.10479999999999984,28.625954198473327,6,42,"[1,6,18,22]",15.662668260453714,0.9734773079757484
0.22104,0.40952070441586585,4,0.10519999999999988,28.51711026615973,6,56,"[1,6,18,22]",15.660870965673556,0.9734739896657796
0.22111999999999998,0.4097678940124292,4,0.10559999999999992,28.40909090909093,6,56,"[1,6,18,22]",15.658878396780235,0.9734689039882652
0.22119999999999998,0.410015106407205,4,0.10599999999999996,28.30188679245284,6,56,"[1,6,18,22]",15.656689428254797,0.973462047899324
0.22127999999999998,0.41026234153773206,4,0.1064,28.195488721804512,6,56,"[1,6,18,22]",15.654302900809853,0.9734534178191279
0.22136,0.4105095993415435,4,0.1068,28.089887640449437,6,56,"[1,6,18,22]",15.651717620835894,0.9734430096259694
0.22144,0.4107568797561667,4,0.10720000000000005,27.98507462686566,6,56,"[1,6,18,22]",15.648932359830264,0.9734308186498706
0.22152,0.41100418271912326,4,0.10760000000000008,27.881040892193287,6,64,"[1,6,18,22]",15.645945853809131,0.9734168396657271
0.2216,0.41125150816792927,4,0.1079999999999999,27.777777777777803,6,64,"[1,6,18,22]",15.642756802701138,0.9734010668859686
0.22168,0.4114988560400949,4,0.10839999999999994,27.675276752767545,6,64,"[1,6,18,22]",15.639363869722608,0.9733834939527192
0.22175999999999998,0.41174622627312474,4,0.10879999999999998,27.57352941176471,6,64,"[1,6,18,22]",15.63576568073367,0.9733641139294478
0.22183999999999998,0.41199361880451796,4,0.1091999999999998,27.472527472527524,6,64,"[1,6,18,22]",15.631960823574836,0.9733429192920864
0.22191999999999998,0.4122410335717677,4,0.10959999999999984,27.372262773722667,6,64,"[1,6,18,22]",15.627947847382982,0.9733199019195992
0.222,0.41248847051236204,4,0.11000000000000007,27.272727272727256,6,64,"[1,6,18,22]",15.623725261886968,0.9732950530839862
0.22208,0.4127359295637826,4,0.11039999999999989,27.17391304347829,6,64,"[1,6,18,22]",15.619291536681054,0.9732683634396975
0.22216,0.4129834106635062,4,0.11079999999999993,27.07581227436825,6,64,"[1,6,18,22]",15.614645100476745,0.9732398230124399
0.22224,0.4132309137490037,4,0.11135999999999968,26.93965517241387,6,64,"[1,4,15,18]",15.62328738775675,0.9732900552133041
0.22232,0.4134784387577406,4,0.11248,26.67140825035562,6,64,"[1,4,15,18]",15.67841630682269,0.9736151683229951
0.2224,0.4137259856271767,4,0.11359999999999987,26.408450704225384,6,64,"[1,4,15,27]",15.76653457951332,0.9741243493654009
0.22247999999999998,0.4139735542947663,4,0.11471999999999974,26.15062761506282,6,64,"[1,4,15,27]",15.833170547241028,0.974502478133935
0.22255999999999998,0.4142211446979584,4,0.11583999999999961,25.897790055248706,6,64,"[1,4,15,18]",15.837145813398525,0.9745286001835458
0.22263999999999998,0.41446875677419637,4,0.11695999999999948,25.6497948016417,6,64,"[1,4,15,18]",15.887882047615998,0.974813556232649
0.22272,0.41471639046091785,4,0.11808000000000021,25.406504065040604,6,56,"[1,4,15,27]",16.020797881533333,0.9755336324011289
0.2228,0.4149640456955554,4,0.11920000000000008,25.167785234899313,6,40,"[1,4,15,27]",16.07934537205417,0.9758453390738012
0.22288,0.4152117224155359,4,0.12031999999999995,24.933510638297882,6,40,"[1,4,15,18]",16.033748605219806,0.9756141112106451
0.22296,0.4154594205582811,4,0.12143999999999983,24.703557312253,6,40,"[1,4,15,18]",16.080296473228326,0.9758637768192582
0.22304,0.4157071400612068,4,0.1225599999999997,24.47780678851181,6,28,"[1,4,15,27]",16.243370221934256,0.9766930983063604
0.22311999999999999,0.41595488086172394,4,0.12368000000000001,24.256144890038808,6,28,"[1,4,15,27]",16.294249553375984,0.9769483347004553
0.22319999999999998,0.4162026428972379,4,0.12479999999999988,24.03846153846156,6,28,"[1,4,15,18]",16.21387283767364,0.9765647190967248
0.22327999999999998,0.41645042610514843,4,0.12591999999999975,23.82465057179166,6,28,"[1,4,15,27]",16.390437590011516,0.9774205616200142
0.22336,0.4166982304228506,4,0.12704000000000004,23.614609571788407,6,28,"[1,4,15,18]",16.297970392233808,0.9769942126352986
0.22344,0.4169460557877332,4,0.1281599999999999,23.408239700374548,6,28,"[1,4,15,27]",16.47931553273154,0.9778444179148167
0.22352,0.41719390213718033,4,0.12927999999999978,23.205445544554493,6,28,"[1,4,15,18]",16.378194348200406,0.9773953658514024
0.2236,0.417441769408571,4,0.1304000000000001,23.006134969325135,6,20,"[1,4,15,27]",16.561005084787134,0.9782226159582166
0.22368,0.41768965753927834,4,0.13151999999999997,22.810218978102196,6,20,"[1,4,15,27]",16.599186410286535,0.9783953147966593
0.22376,0.4179375664666704,4,0.13263999999999984,22.617611580217154,6,20,"[1,4,15,18]",16.49141921700828,0.9779471089068703
0.22383999999999998,0.4181854961281102,4,0.1337599999999997,22.428229665071818,6,20,"[1,4,15,18]",16.527296638147714,0.9781183450464473
0.22391999999999998,0.41843344646095537,4,0.13487999999999958,22.241992882562347,6,20,"[1,4,15,27]",16.703199939068416,0.9788506406642081
0.22399999999999998,0.4186814174025581,4,0.13599999999999945,22.058823529411853,6,20,"[1,4,15,18]",16.596299473996975,0.978442682301939
0.22408,0.418929408890266,4,0.1371200000000002,21.87864644107348,6,20,"[1,4,15,27]",16.76384419324279,0.9791037486808802
0.22416,0.4191774208614207,4,0.13824000000000006,21.70138888888888,6,20,"[1,4,15,18]",16.661678072444126,0.9787437219694491
0.22424,0.4194254532533591,4,0.13935999999999993,21.526980482204372,6,20,"[1,4,15,18]",16.693024071211116,0.9788858103347245
0.22432,0.419673506003413,4,0.1404799999999998,21.355353075170875,6,25,"[1,4,15,27]",16.841861147321772,0.9794104342626766
0.2244,0.41992157904890903,4,0.14159999999999967,21.18644067796615,6,25,"[1,4,15,18]",16.75305847604895,0.979153677386626
0.22447999999999999,0.4201696723271683,4,0.14271999999999999,21.020179372197312,6,25,"[1,4,15,27]",16.885259698747312,0.9795671541970576
0.22455999999999998,0.4204177857755072,4,0.14383999999999986,20.85650723025586,6,25,"[1,4,15,27]",16.90437271259487,0.9796312953625911
0.22463999999999998,0.4206659193312369,4,0.14495999999999973,20.695364238410633,6,25,"[1,4,15,18]",16.836544534925103,0.979516180074336
0.22472,0.4209140729316639,4,0.14608000000000002,20.53669222343921,6,25,"[1,4,15,27]",16.93740923821523,0.9797310874075165
0.2248,0.4211622465140886,4,0.1471999999999999,20.380434782608713,6,25,"[1,4,15,18]",16.88787934087341,0.9797326634544046
0.22488,0.42141044001580746,4,0.14831999999999976,20.22653721682851,6,42,"[1,4,15,18]",16.912262326458404,0.9798335771818278
0.22496,0.4216586533741111,4,0.14944000000000007,20.07494646680941,6,42,"[1,4,15,27]",16.97389955527281,0.9798086979168349
0.22504,0.4219068865262859,4,0.15055999999999994,19.92561105207227,6,42,"[1,4,15,18]",16.958477339526695,0.9800210753706308
0.22512,0.4221551394096124,4,0.15167999999999981,19.77848101265825,6,42,"[1,4,15,18]",16.9803157138821,0.9801077752688577
0.22519999999999998,0.4224034119613668,4,0.1527999999999995,19.633507853403206,6,42,"[1,4,15,18]",17.001311788029824,0.9801898443983276
0.22527999999999998,0.4226517041188201,4,0.15391999999999956,19.490644490644545,6,42,"[1,4,15,18]",17.02146807202123,0.9802673281885772
0.22535999999999998,0.4229000158192383,4,0.15503999999999973,19.349845201238423,6,42,"[1,4,15,18]",17.040786812188106,0.9803402672646857
0.22544,0.42314834699988246,4,0.15616000000000016,19.211065573770473,6,42,"[1,4,15,18]",17.05926999170617,0.9804086974926953
0.22552,0.4233966975980087,4,0.15727999999999986,19.074262461851493,6,42,"[1,4,15,18]",17.07691933093986,0.9804726500146825
0.22555333333333333,0.42350018272983037,4,0.15774666666666642,19.017834502578,6,42,"[1,4,15,18]",17.08402747926487,0.9804979818029996
0.22558666666666666,0.42360367121730946,4,0.1582133333333331,18.96173942356315,6,42,"[1,4,15,18]",17.09099121184614,0.9805225425312297
0.2256,0.4236450675508683,4,0.15839999999999954,18.939393939393995,6,42,"[1,4,15,18]",17.09373628756644,0.9805321512735125
0.22562,0.42370716305590655,4,0.15867999999999965,18.905974287875008,6,42,"[1,4,15,18]",17.097810612745064,0.9805463337309632
0.22565333333333334,0.423810658241082,4,0.1591466666666669,18.850536193029463,6,42,"[1,4,15,18]",17.104485758095876,0.9805693567927545
0.22568,0.4238934567957078,4,0.15951999999999977,18.806419257773346,6,42,"[1,4,15,18]",17.1097220564802,0.9805872230272741
0.22568666666666667,0.42391415676829586,4,0.15961333333333327,18.795422270487016,6,42,"[1,4,15,18]",17.111016716100366,0.9805916129661034
0.22572,0.4240176586330083,5,0.09444000000000019,31.766200762388753,6,8,"[1,4,6,27,31]",13.764860856959501,0.9580554548547748
0.22575333333333333,0.42412116383067905,5,0.09533999999999987,31.466331025802436,6,8,"[1,4,6,27,31]",13.774276342666052,0.9581487606114335
0.22576,0.4241418652697687,5,0.0955199999999995,31.407035175879564,6,8,"[1,4,6,27,31]",13.776103786904253,0.9581666298915508
0.22578666666666666,0.42422467235676814,5,0.09623999999999955,31.172069825436555,6,8,"[1,4,6,27,31]",13.783229197685781,0.9582355008425617
0.22582,0.4243281842067348,5,0.09671999999999947,31.017369727047317,6,8,"[1,4,6,27,31]",13.791723619861333,0.9583157973060523
0.22583999999999999,0.42439029291028746,5,0.09663999999999984,31.043046357615946,6,8,"[1,4,6,27,31]",13.79660189716833,0.9583609299678433
0.22585333333333332,0.4244316993760389,5,0.09658666666666704,31.060187741579117,6,8,"[1,4,6,27,31]",13.799763608214104,0.9583897641448946
0.22588666666666665,0.4245352178601397,5,0.09645333333333372,31.103124136024203,6,8,"[1,4,6,27,31]",13.807352966141604,0.9584575081532452
0.22591999999999998,0.42463873965449606,5,0.0963200000000004,31.146179401993223,6,8,"[1,4,6,27,31]",13.81449530444018,0.9585191290239834
0.22592,0.42463873965449617,5,0.0963200000000004,31.146179401993223,6,8,"[1,4,6,27,31]",13.81449530444019,0.9585191290239834
0.22595333333333334,0.42474226475456717,5,0.0961866666666662,31.189354033823275,6,8,"[1,4,6,27,31]",13.821194044156732,0.9585747195786478
0.22598666666666667,0.4248457931558122,5,0.09605333333333288,31.232648528595373,6,8,"[1,4,6,27,31]",13.827452419272635,0.9586243659805934
0.22599999999999998,0.4248872054396214,5,0.09600000000000009,31.24999999999997,6,8,"[1,4,6,27,31]",13.829833156450329,0.9586425782447761
0.22602,0.42494932485368936,5,0.09592000000000045,31.276063386154984,6,8,"[1,4,6,27,31]",13.833273479223774,0.9586681479321433
0.22605333333333333,0.42505285984365754,5,0.09578666666666713,31.31959910913125,6,8,"[1,4,6,27,31]",13.83866009125902,0.958706138856434
0.22608,0.4251356902028857,5,0.09567999999999977,31.3545150501673,6,8,"[1,4,6,27,31]",13.842658390222345,0.9587324074907151
0.22608666666666666,0.4251563981211752,5,0.09565333333333292,31.36325620295525,6,8,"[1,4,6,27,31]",13.843614942640283,0.9587384060646157
0.22612,0.42525993968170045,5,0.0955199999999996,31.40703517587953,6,8,"[1,4,6,27,31]",13.84814054268673,0.9587650109089958
0.22615333333333335,0.42536348452069195,5,0.09538666666666629,31.450936538999287,6,8,"[1,4,6,27,31]",13.852239224665102,0.9587860089226699
0.22616,0.4253841938815064,5,0.09536000000000033,31.459731543624052,6,8,"[1,4,6,27,31]",13.853007923930008,0.9587895401905474
0.22618666666666667,0.4254670326336071,5,0.09525333333333386,31.494960806270825,6,8,"[1,4,6,27,31]",13.855913147528572,0.9588014499461351
0.22622,0.4255705840159041,5,0.09511999999999965,31.539108494533338,6,8,"[1,4,6,27,31]",13.85916429750579,0.9588113782413339
0.22624,0.42563271641269573,5,0.09504000000000001,31.56565656565656,6,8,"[1,4,6,27,31]",13.860912818609489,0.9588147054686044
0.22625333333333333,0.42567413866304044,5,0.09498666666666633,31.583380123526222,6,8,"[1,4,6,27,31]",13.861994489541843,0.9588158325935249
0.22628666666666666,0.42577769657047404,5,0.09485333333333301,31.627776215912395,6,8,"[1,4,6,27,31]",13.864405368592378,0.9588148464013443
0.22632,0.4258812577336621,5,0.09472000000000058,31.672297297297103,6,8,"[1,4,6,27,31]",13.866398410772305,0.9588084477553712
0.22635333333333332,0.4259848221480619,5,0.09458666666666637,31.71694389625045,6,8,"[1,4,6,27,31]",13.867974924359904,0.9587966595054775
0.22638666666666665,0.42608838980913083,5,0.09445333333333306,31.761716544325335,6,8,"[1,4,6,27,31]",13.869136050657227,0.9587794993171975
0.2264,0.42612981778160813,5,0.09440000000000026,31.779661016949063,6,8,"[1,4,6,27,31]",13.869484416716801,0.958771134076937
0.22642,0.4261919607123258,5,0.09431999999999974,31.806615776081514,6,8,"[1,4,6,27,31]",13.869882764707157,0.9587569797173214
0.22645333333333334,0.4262955348531035,5,0.0941866666666673,31.851642129105105,6,8,"[1,4,6,27,31]",13.870215875867828,0.9587291081288756
0.22648,0.4263783964937324,5,0.09407999999999994,31.887755102040835,6,8,"[1,4,6,27,31]",13.870185009099066,0.9587029591716064
0.22648666666666667,0.42639911222692095,5,0.0940533333333331,31.896796144031835,6,8,"[1,4,6,27,31]",13.870136028244247,0.9586958868956211
0.22652,0.42650269282923453,5,0.09391999999999978,31.942078364565663,6,8,"[1,4,6,27,31]",13.869643700977246,0.9586573132961644
0.22655333333333333,0.4266062766555007,5,0.09378666666666646,31.987489337503625,6,8,"[1,4,6,27,31]",13.868739208389428,0.9586133795477382
0.22655999999999998,0.42662699380722835,5,0.09376000000000051,31.99658703071655,6,8,"[1,4,6,27,31]",13.868508866091867,0.9586039485386684
0.22658666666666666,0.426709863701176,4,0.14802666666666714,20.2666186272743,6,35,"[1,4,15,18]",17.232879574505283,0.9809032917242204
0.22662,0.42681345396171616,4,0.1474600000000001,20.34450020344499,6,35,"[1,4,15,18]",17.235368357640155,0.9809039976432121
0.22663999999999998,0.4268756096592852,4,0.1471200000000004,20.391517128874334,6,35,"[1,4,15,18]",17.236791689283397,0.9809040402070017
0.22665333333333335,0.4269170474325775,4,0.14689333333333307,20.422982663156976,6,35,"[1,4,15,18]",17.237711412737873,0.9809039094086913
0.22668666666666668,0.427020644109216,4,0.1463266666666669,20.5020729873798,6,35,"[1,4,15,18]",17.239908561439428,0.9809030237409677
0.22671999999999998,0.42712424398708704,4,0.14576000000000072,20.58177826564205,6,35,"[1,4,15,18]",17.241959616666186,0.980901337188844
0.22672,0.4271242439870872,4,0.14575999999999986,20.58177826564217,6,35,"[1,4,15,18]",17.241959616666186,0.980901337188844
0.22675333333333333,0.42722784706164657,4,0.1451933333333337,20.662105698149542,6,35,"[1,4,15,18]",17.24386438257241,0.980898846127513
0.22678666666666666,0.42733145332835,4,0.14462666666666665,20.743062597953354,6,35,"[1,4,15,18]",17.245622654496458,0.9808955467563714
0.2268,0.42737289672781364,4,0.1444000000000002,20.775623268698034,6,35,"[1,4,15,18]",17.246284897419905,0.9808939997959814
0.22682,0.4274350627826525,4,0.1440600000000005,20.82465639316944,6,35,"[1,4,15,18]",17.24723421891018,0.980891435096745
0.22685333333333332,0.4275386754200091,4,0.14349333333333344,20.906894629251052,6,35,"[1,4,15,18]",17.248698853366584,0.9808865069895263
0.22688,0.4276215678186396,4,0.14303999999999964,20.97315436241616,6,35,"[1,4,15,18]",17.249764616151456,0.9808819737498744
0.22688666666666665,0.4276422912358754,4,0.14292666666666728,20.98978497131387,6,35,"[1,4,15,18]",17.250016326446225,0.9808807580927212
0.22692,0.42774591022570585,4,0.14236000000000026,21.073335206518646,6,35,"[1,4,15,18]",17.25118639770167,0.9808741838789037
0.22695333333333334,0.42784953238495516,4,0.14179333333333322,21.15755324650902,6,35,"[1,4,15,18]",17.252208817600287,0.9808667796325748
0.22696,0.4278702571967354,4,0.14167999999999997,21.17447769621683,6,35,"[1,4,15,18]",17.252395560815284,0.9808651987510426
0.22698666666666667,0.42795315770907816,4,0.14122666666666617,21.24244712990944,6,35,"[1,4,15,18]",17.253083327465497,0.9808585404474259
0.22702,0.4280567861935294,4,0.14066,21.328025024882695,6,35,"[1,4,15,18]",17.253809659416042,0.9808494612235004
0.22704,0.42811896479926664,4,0.1403200000000003,21.379703534777605,6,35,"[1,4,15,18]",17.254174218281012,0.9808436082754387
0.22705333333333333,0.42816041783376313,4,0.14009333333333385,21.414295231750184,6,35,"[1,4,15,18]",17.25438753630353,0.9808395366642553
0.22708666666666666,0.42826405262523337,4,0.1395266666666668,21.50126618567536,6,35,"[1,4,15,18]",17.254816671648463,0.9808287612735184
0.22712,0.42836769056339447,4,0.13895999999999975,21.58894645941282,6,35,"[1,4,15,18]",17.255096769573974,0.9808171293523369
0.22715333333333335,0.4284713316437003,4,0.13839333333333273,21.677344766125632,6,35,"[1,4,15,18]",17.255227524738107,0.9808046349957186
0.22718666666666668,0.42857497586160465,4,0.13971999999999898,21.471514457486556,6,27,"[1,4,15,40]",17.268747187870016,0.980888572484339
0.22719999999999999,0.4286164344262755,4,0.1392000000000008,21.55172413793091,6,27,"[1,4,15,40]",17.266834071695087,0.9808693475227108
0.22722,0.42867862321256106,4,0.13841999999999913,21.673168617251978,6,27,"[1,4,15,40]",17.263759236135805,0.9808392692675212
0.22725333333333333,0.428782273692023,4,0.13711999999999927,21.878646441073627,6,27,"[1,4,15,40]",17.25808483495534,0.9807857857035818
0.22727999999999998,0.4288651963250615,4,0.13655999999999913,21.968365553602954,6,27,"[1,4,15,31]",17.22246676526782,0.9809855625524732
0.22728666666666666,0.42888592729544406,4,0.13673999999999953,21.939447125932503,6,27,"[1,4,15,31]",17.225075085087102,0.9809969440081702
0.22732,0.4289895840182776,4,0.1376400000000001,21.795989537925006,6,27,"[1,4,15,31]",17.237880238673668,0.981052461395663
0.22735333333333332,0.42909324385597625,5,0.0941333333333334,31.8696883852691,3,3,"[1,4,6,18,46]",14.982766544048875,0.9674938055094466
0.22735999999999998,0.42911397619689956,5,0.09439999999999871,31.77966101694959,3,3,"[1,4,6,18,46]",14.988909594843701,0.9675484868687881
0.22738666666666665,0.42919690680399325,5,0.09546666666666614,31.424581005586763,3,3,"[1,4,6,18,46]",15.013166422962737,0.9677625573426454
0.22742,0.42930057285778167,5,0.09680000000000044,30.991735537189943,3,3,"[1,4,6,18,46]",15.042789056621217,0.9680199886190838
0.22744,0.42936277397893324,6,0.09391999999999978,31.942078364565663,1,18,"[1,4,6,22,40,46]",13.098586974176449,0.9525943964564876
0.22745333333333334,0.42940424201279387,6,0.09415999999999958,31.86066270178434,1,18,"[1,4,6,22,40,46]",13.112332676402685,0.9527333278549056
0.22748666666666667,0.4295079142644824,6,0.09475999999999973,31.658927817644663,1,18,"[1,4,6,22,40,46]",13.145989838436416,0.9530703904760548
0.22752,0.4296115896082999,6,0.09535999999999945,31.459731543624343,1,18,"[1,4,6,22,40,46]",13.17864439427457,0.9533930740812419
0.22755333333333333,0.4297152680396985,6,0.0959599999999996,31.26302626094219,1,18,"[1,4,6,22,40,46]",13.210305088278083,0.9537017120757896
0.22758666666666666,0.4298189495541306,6,0.09655999999999931,31.068765534382987,1,18,"[1,4,6,22,40,46]",13.240979895718217,0.9539966098682364
0.2276,0.429860423022134,6,0.09679999999999911,30.99173553719037,1,18,"[1,4,6,22,40,46]",13.252975412794505,0.9541107850032576
0.22762,0.42992263414704796,6,0.09715999999999947,30.876904075751508,1,18,"[1,4,6,22,40,46]",13.270676036433093,0.9542780460133614
0.22765333333333335,0.4300263218139026,6,0.09776000000000007,30.687397708674283,1,18,"[1,4,6,22,40,46]",13.2993999870792,0.9545462732262676
0.22768,0.4301092741575645,6,0.09823999999999877,30.537459283388003,1,18,"[1,4,6,22,40,46]",13.321683055312496,0.9547514984432469
0.22768666666666668,0.430130012550146,6,0.09836000000000011,30.500203334688862,1,18,"[1,4,6,22,40,46]",13.327157492019174,0.9548015192748781
0.22772,0.43023370635123015,6,0.09895999999999994,30.315278900565904,1,18,"[1,4,6,22,40,46]",13.35395357288328,0.9550439877572426
0.22775333333333334,0.43033740321260633,6,0.09955999999999998,30.132583366813986,1,18,"[1,4,6,22,40,46]",13.379792536837632,0.9552738587691513
0.22776,0.4303581429517163,6,0.0996800000000001,30.096308186195795,1,18,"[1,4,6,22,40,46]",13.384845804755644,0.9553183355030214
0.22778666666666667,0.43044110312972583,6,0.1001599999999998,29.952076677316352,1,18,"[1,4,6,22,40,46]",13.404677983587462,0.955491289466702
0.22782,0.43054480609804024,6,0.10075999999999985,29.773719730051653,1,18,"[1,4,6,22,40,46]",13.42861281114075,0.9556964145276864
0.22784,0.43060702934170986,6,0.10111999999999988,29.667721518987378,1,18,"[1,4,6,22,40,46]",13.44251835490715,0.9558136305961514
0.22785333333333332,0.4306485121130001,6,0.10135999999999967,29.59747434885566,1,18,"[1,4,6,22,40,46]",13.451599220352476,0.9558893465148867
0.22788666666666665,0.4307522211700567,6,0.10195999999999972,29.423303256178976,1,18,"[1,4,6,22,40,46]",13.473638718267168,0.9560701761436713
0.22791999999999998,0.43085593326466093,6,0.10255999999999954,29.251170046802002,1,18,"[1,4,6,22,40,46]",13.494732120272166,0.956238972455559
0.22792,0.43085593326466093,6,0.10255999999999998,29.251170046801878,1,18,"[1,4,6,22,40,46]",13.494732120272184,0.9562389724555592
0.22795333333333334,0.43095964839226314,6,0.10315999999999903,29.081039162466347,1,18,"[1,4,6,22,40,46]",13.514879551071559,0.956395782898749
0.22798666666666667,0.43106336654831406,6,0.10375999999999985,28.91287586738632,1,18,"[1,4,6,22,40,46]",13.53408044448649,0.9565406333159417
0.22799999999999998,0.43110485465768095,6,0.1039999999999992,28.846153846154067,1,18,"[1,4,6,22,40,46]",13.541495512806518,0.9565952263345553
0.22802,0.4311670877282642,6,0.1043599999999989,28.74664622460743,1,18,"[1,4,6,22,40,46]",13.552333542083977,0.9566735278391013
0.22805333333333333,0.4312708119275635,6,0.10495999999999972,28.58231707317081,1,18,"[1,4,6,22,40,46]",13.569636890632836,0.956794448690142
0.22807999999999998,0.4313537934578771,6,0.10488000000000111,28.60411899313471,1,18,"[1,4,6,22,40,46]",13.58279399176925,0.9568825382139394
0.22808666666666666,0.43137453914166235,6,0.10462000000000116,28.67520550563914,1,18,"[1,4,6,22,40,46]",13.585987838381286,0.9569033558858294
0.22812,0.4314782693660109,6,0.10331999999999952,29.036004645760876,1,18,"[1,4,6,22,40,46]",13.60138303014793,0.9570001868445056
0.22815333333333335,0.43158200259605894,6,0.1020199999999997,29.405998823760136,1,18,"[1,4,6,22,40,46]",13.615818401213039,0.9570848558914954
0.22816,0.43160274960235195,6,0.10175999999999971,29.48113207547178,1,18,"[1,4,6,22,40,46]",13.618589888871588,0.9571003210717577
0.22818666666666668,0.4316857388272559,6,0.10071999999999984,29.78554408260529,1,18,"[1,4,6,22,40,46]",13.629289169994308,0.9571572536593208
0.22822,0.4317894780550518,6,0.09941999999999998,30.17501508750755,1,18,"[1,4,6,22,40,46]",13.641789829486916,0.9572172463780406
0.22824,0.43185172302820385,6,0.09864000000000006,30.413625304136236,1,18,"[1,4,6,22,40,46]",13.648822006858735,0.9572472225196975
0.22825333333333334,0.431893220274896,6,0.09812000000000012,30.574806359559684,1,18,"[1,4,6,22,40,46]",13.6533141374437,0.9572646750501871
0.22828666666666667,0.43199696548223787,6,0.09682000000000027,30.985333608758435,1,18,"[1,4,6,22,40,46]",13.663855105267553,0.9572993545038804
0.22832,0.43210071367252656,6,0.09552000000000041,31.407035175879262,1,18,"[1,4,6,22,40,46]",13.673404985584263,0.9573210723167346
0.22835333333333332,0.4322044648412113,6,0.09422000000000055,31.840373593716645,1,18,"[1,4,6,22,40,46]",13.681955258459253,0.9573295876021168
0.22838666666666665,0.43230821898374083,5,0.13546666666666551,22.14566929133877,6,11,"[1,4,6,31,46]",15.818402500445382,0.9739043571792794
0.2284,0.4323497214724099,5,0.13599999999999923,22.05882352941189,6,11,"[1,4,6,31,46]",15.825237325745272,0.9739404788534008
0.22842,0.4324119760955642,5,0.13680000000000003,21.929824561403503,6,11,"[1,4,6,31,46]",15.835308028298641,0.9739932433368736
0.22845333333333334,0.4325157361721302,5,0.13813333333333455,21.718146718146528,6,11,"[1,4,6,31,46]",15.851611354553047,0.9740774481144412
0.22848,0.4325987463649388,5,0.13920000000000043,21.551724137930968,6,11,"[1,4,6,31,46]",15.864223993968537,0.9741414961519717
0.22848666666666667,0.4326194992088869,5,0.1394666666666673,21.510516252389962,6,11,"[1,4,6,31,46]",15.867317768516022,0.9741570527850474
0.22852,0.4327232652012833,5,0.14080000000000004,21.306818181818176,6,11,"[1,4,6,31,46]",15.882432288661192,0.9742321329093893
0.22855333333333333,0.43282703414476753,5,0.14213333333333278,21.106941838649238,6,11,"[1,4,6,31,46]",15.896959668526076,0.9743027585356592
0.22855999999999999,0.43284778828719433,5,0.14239999999999964,21.06741573033713,6,11,"[1,4,6,31,46]",15.899795087657196,0.9743163549083004
0.22858666666666666,0.4329308060347876,5,0.14240000000000025,21.067415730337043,6,11,"[1,4,6,31,46]",15.910904402283583,0.9743689943834347
0.22862,0.43303458086679186,5,0.14140000000000058,21.21640735502113,6,11,"[1,4,6,31,46]",15.924270729999483,0.9744309000124494
0.22863999999999998,0.4330968471762532,5,0.14080000000000095,21.306818181818038,6,11,"[1,4,6,31,46]",15.932014562172157,0.974465987783365
0.22865333333333335,0.4331383586362281,5,0.14039999999999916,21.367521367521494,6,11,"[1,4,6,31,46]",15.93706264258725,0.9744885299770202
0.22868666666666668,0.4332421393385441,5,0.1393999999999995,21.520803443328628,6,11,"[1,4,6,31,46]",15.949283886470369,0.9745419339668391
0.22871999999999998,0.4333459229691874,5,0.1384000000000007,21.676300578034574,6,11,"[1,4,6,31,46]",15.96093796796261,0.9745911569347696
0.22872,0.4333459229691874,5,0.13839999999999983,21.67630057803471,6,11,"[1,4,6,31,46]",15.960937967962616,0.9745911569347696
0.22875333333333334,0.4334497095236058,5,0.13740000000000016,21.834061135371154,6,11,"[1,4,6,31,46]",15.97202815737516,0.9746362392122265
0.22878666666666667,0.43355349899724654,5,0.1363999999999996,21.994134897360766,6,11,"[1,4,6,31,46]",15.982557492859218,0.9746772166126592
0.2288,0.43359501560306524,5,0.13599999999999957,22.058823529411836,6,11,"[1,4,6,31,46]",15.986612824900643,0.9746924653848685
0.22882,0.4336572913855568,5,0.13539999999999994,22.156573116691295,6,11,"[1,4,6,31,46]",15.992528783992578,0.9747141205236103
0.22885333333333333,0.43376108668398417,6,0.09445333333333261,31.761716544325484,2,30,"[4,10,15,22,27,46]",13.832626272523116,0.9598317586280385
0.22888,0.43384412501495034,6,0.09528000000000025,31.4861460957178,2,30,"[4,10,15,22,27,46]",13.849998538481643,0.9599813827143975
0.22888666666666665,0.43386488488797514,6,0.09548666666666694,31.41799902255105,2,30,"[4,10,15,22,27,46]",13.854290677969502,0.9600180665717666
0.22892,0.43396868599297717,6,0.0965199999999995,31.081641110650803,2,30,"[4,10,15,22,27,46]",13.875448659842169,0.9601972329467473
0.22895333333333334,0.43407248999443654,6,0.09755333333333382,30.752408938700043,2,30,"[4,10,15,22,27,46]",13.89610720221313,0.9603694522315823
0.22896,0.43409325114190256,6,0.09775999999999918,30.687397708674563,2,30,"[4,10,15,22,27,46]",13.90017957588867,0.960403078839415
0.22898666666666667,0.43417629688780013,6,0.09858666666666682,30.430078441979937,2,30,"[4,10,15,22,27,46]",13.916273053683346,0.9605349088665168
0.22902,0.43428010666851435,6,0.09961999999999982,30.114434852439324,2,30,"[4,10,15,22,27,46]",13.935952734361246,0.9606937777526339
0.22904,0.4343423939209769,6,0.10024000000000033,29.92817238627285,2,30,"[4,10,15,22,27,46]",13.947529809916796,0.9607860063139597
0.22905333333333333,0.43438391933202575,6,0.10065333333333415,29.80527222148605,2,30,"[4,10,15,22,27,46]",13.955152542555384,0.9608462247192976
0.22908666666666666,0.4344877348737804,6,0.1016866666666667,29.502392971874375,2,30,"[4,10,15,22,27,46]",13.973878561193324,0.9609924069619549
0.22912,0.43459155328922455,6,0.1027199999999997,29.2056074766356,2,30,"[4,10,15,22,27,46]",13.992136663978952,0.9611324734522496
0.22915333333333335,0.4346953745738046,6,0.10375333333333403,28.914733663175287,2,30,"[4,10,15,22,27,46]",14.009932521298353,0.961266565322251
0.22918666666666668,0.43479919872296563,6,0.10478666666666658,28.629596640794016,2,30,"[4,10,15,22,40,46]",14.10774509926208,0.9622501115624726
0.2292,0.43484072918369265,6,0.10519999999999907,28.517110266159946,2,30,"[4,10,15,22,40,46]",14.115789168614958,0.9623135686241685
0.22922,0.4349030257321539,6,0.10581999999999958,28.350028350028463,2,30,"[4,10,15,22,40,46]",14.127675001836451,0.9624066423422888
0.22925333333333334,0.4350068555968152,6,0.10685333333333391,28.075867232343246,2,30,"[4,10,15,22,40,46]",14.147005490759677,0.9625561853492051
0.22927999999999998,0.4350899215414237,6,0.10768000000000022,27.860326894502172,2,30,"[4,10,15,22,40,46]",14.16204007888192,0.962670850482557
0.22928666666666667,0.4351106883123945,6,0.10788666666666691,27.806957918803622,2,30,"[4,10,15,22,40,46]",14.16573919462114,0.9626988323218044
0.22932,0.4352145238743376,6,0.10891999999999946,27.543150936467267,2,30,"[4,10,15,22,40,46]",14.183878492617097,0.9628346668306085
0.22935333333333333,0.43531836227808973,6,0.10995333333333246,27.284302431334723,2,30,"[4,10,15,22,40,46]",14.201425517037316,0.9629637644600368
0.22935999999999998,0.43533913029945626,6,0.11015999999999915,27.233115468409796,2,30,"[4,10,15,22,40,46]",14.20486401948537,0.9629887816592522
0.22938666666666666,0.43542220351909594,6,0.11098666666666679,27.03027390677556,2,30,"[4,10,15,22,40,46]",14.218382155493591,0.9630861929687264
0.22942,0.43552604759280134,6,0.11202000000000112,26.780931976432512,2,30,"[4,10,15,22,40,46]",14.234750052894038,0.9632020124288835
0.22943999999999998,0.43558835539482504,6,0.11263999999999852,26.63352272727308,2,30,"[4,10,15,22,40,46]",14.244288789640636,0.9632683539153568
0.22945333333333334,0.4356298944946507,6,0.11305333333333367,26.53614813067571,2,30,"[4,10,15,22,40,46]",14.250530613167543,0.963311275345251
0.22948666666666667,0.4357337442200889,6,0.11408666666666667,26.29579851574826,2,30,"[4,10,15,22,40,46]",14.265725000742082,0.9634140267541819
0.22952,0.4358375967645604,6,0.11440000000000028,26.22377622377616,2,30,"[4,10,15,22,40,46]",14.280334141779159,0.9635103043032202
0.22955333333333333,0.4359414521235098,6,0.11340000000000039,26.455026455026363,2,30,"[4,10,15,22,40,46]",14.294358725167958,0.9636001383115093
0.22958666666666666,0.4360453102923817,6,0.1124000000000005,26.690391459074615,2,30,"[4,10,15,22,40,46]",14.307799203280702,0.9636835518112661
0.2296,0.43608685434568817,6,0.11200000000000054,26.785714285714157,2,30,"[4,10,15,22,40,46]",14.313011901437852,0.9637151232446807
0.22962,0.43614917126662,6,0.11140000000000061,26.92998204667849,2,30,"[4,10,15,22,40,46]",14.320655792491081,0.9637605605704714
0.22965333333333335,0.4362530350416692,6,0.11039999999999939,27.17391304347841,2,30,"[4,10,15,22,40,46]",14.33292847345701,0.963831173096855
0.22968,0.43633612807523064,6,0.10959999999999948,27.37226277372276,2,30,"[4,10,15,22,40,46]",14.342326040848862,0.9638830589039359
0.22968666666666668,0.4363569016129732,6,0.1093999999999995,27.422303473491898,2,30,"[4,10,15,22,40,46]",14.344616991168222,0.963895390623165
0.22972,0.4364607709759758,6,0.10839999999999961,27.675276752767626,2,30,"[4,10,15,22,40,46]",14.355720854759497,0.9639532070736426
0.22975333333333334,0.4365646431261209,6,0.10739999999999972,27.932960893854823,2,30,"[4,10,15,22,40,46]",14.366239337088642,0.9640046090115271
0.22976,0.43658541789020583,6,0.10719999999999974,27.98507462686574,2,30,"[4,10,15,22,40,46]",14.368272707143623,0.9640141179528564
0.22978666666666667,0.43666851805885204,6,0.10639999999999983,28.19548872180456,1,21,"[4,10,15,22,40,46]",14.376171474079555,0.9640495755673536
0.22982,0.43677239576961274,6,0.10539999999999994,28.46299810246681,1,21,"[4,10,15,22,40,46]",14.38551606382831,0.9640880783477065
0.22984,0.43683472372762794,6,0.1048,28.62595419847328,1,21,"[4,10,15,22,40,46]",14.390840205582329,0.9641080627372262
0.22985333333333333,0.4368762762538466,6,0.10440000000000005,28.735632183908034,1,21,"[4,10,15,22,40,46]",14.394271665471662,0.9641200813240159
0.22988666666666666,0.4369801595069968,6,0.10340000000000016,29.01353965183748,1,21,"[4,10,15,22,40,46]",14.402436597815296,0.9641455407008969
0.22991999999999999,0.4370840455245065,6,0.10240000000000027,29.296874999999922,1,21,"[4,10,15,22,40,46]",14.410008937719937,0.9641644047634356
0.22992,0.4370840455245067,6,0.10240000000000027,29.296874999999922,1,21,"[4,10,15,22,40,46]",14.410008937719956,0.9641644047634356
0.22995333333333334,0.437187934301819,6,0.10139999999999905,29.585798816568325,1,21,"[4,10,15,22,40,46]",14.416986518241863,0.9641766137027402
0.22998666666666667,0.43729182583437687,6,0.10040000000000049,29.88047808764926,1,21,"[4,10,15,22,40,46]",14.423366926525022,0.9641820994189719
0.22999999999999998,0.4373333832178478,6,0.10000000000000053,29.99999999999984,1,21,"[4,10,15,22,40,46]",14.425751293918651,0.9641823943335236
0.23002,0.4373957201176229,6,0.09939999999999927,30.18108651911491,1,21,"[4,10,15,22,40,46]",14.429147501440191,0.9641807853009663
0.23005333333333333,0.4374996171469999,6,0.09840000000000071,30.48780487804856,1,21,"[4,10,15,22,40,46]",14.434325330967575,0.9641725859814599
0.23007999999999998,0.43758273674465337,6,0.0976000000000008,30.737704918032534,1,21,"[4,10,15,22,40,46]",14.438031499105,0.9641610060589728
0.23008666666666666,0.43760351691795074,6,0.09739999999999949,30.8008213552363,1,21,"[4,10,15,22,40,46]",14.43889724931711,0.9641574070668048
0.23012,0.4377074194259174,6,0.09640000000000093,31.12033195020717,1,21,"[4,10,15,22,40,46]",14.442859833781844,0.9641351448399508
0.23015333333333335,0.4378113246663425,6,0.09539999999999971,31.446540880503242,1,21,"[4,10,15,22,40,46]",14.446209401317818,0.9641056859353353
0.23015999999999998,0.43783210604192124,6,0.09520000000000106,31.512605042016457,1,21,"[4,10,15,22,40,46]",14.446805410141435,0.9640989198769239
0.23018666666666668,0.43791523263466814,6,0.09439999999999982,31.779661016949213,1,21,"[4,10,15,22,40,46]",14.448942004844355,0.9640689069841927
0.23022,0.4380191433263363,5,0.1439600000000002,20.839121978327285,6,12,"[1,4,6,22,46]",16.4526472766884,0.9773685073080205
0.23024,0.43808149104664545,5,0.14431999999999956,20.787139689578776,6,12,"[1,4,6,22,46]",16.458094740542734,0.9773915177277427
0.23025333333333334,0.43812305673678903,5,0.1445599999999997,20.752628666297777,6,12,"[1,4,6,22,46]",16.46166961721716,0.9774065487080549
0.23028666666666667,0.43822697286146833,5,0.14516000000000007,20.666850372003296,6,12,"[1,4,6,22,46]",16.470408698176964,0.9774430497617015
0.23032,0.4383308916958156,5,0.14575999999999956,20.581778265642214,6,12,"[1,4,6,22,46]",16.478865706068127,0.9774780232288947
0.23035333333333333,0.43843481323527284,5,0.14635999999999993,20.497403662202796,6,12,"[1,4,6,22,46]",16.487041770035265,0.9775114811771435
0.23038666666666666,0.4385387374752813,5,0.14695999999999942,20.41371801850852,6,12,"[1,4,6,22,46]",16.494937962612212,0.9775434349946549
0.2304,0.43858030792641783,5,0.14719999999999955,20.380434782608756,6,12,"[1,4,6,22,46]",16.49801830524193,0.9775557977887541
0.23042,0.43864266441128247,5,0.14756000000000058,20.330712930333345,6,12,"[1,4,6,22,46]",16.502555300430608,0.9775738954026842
0.23045333333333334,0.43874659403871746,5,0.14816000000000007,20.248380129589624,6,12,"[1,4,6,22,46]",16.509894744893,0.9776028724671363
0.23048,0.43882973967543415,5,0.14863999999999955,20.18299246501621,6,12,"[1,4,6,22,46]",16.51556682844296,0.9776249924639158
0.23048666666666667,0.43885052635302746,5,0.14876000000000045,20.16671148158101,6,12,"[1,4,6,22,46]",16.51695720281152,0.9776303756094435
0.23052,0.43895446134965355,5,0.14935999999999994,20.085698982324594,6,12,"[1,4,6,22,46]",16.52374352701259,0.9776564136167412
0.23055333333333333,0.43905839902403654,5,0.14996000000000032,20.005334755934875,6,12,"[1,4,6,22,46]",16.530254516908833,0.9776809946513607
0.23056,0.43907918687984265,5,0.15007999999999955,19.989339019189824,6,12,"[1,4,6,22,46]",16.53152374139164,0.9776857366963897
0.23058666666666666,0.4391623393716174,5,0.1505599999999998,19.925611052072288,6,12,"[1,4,6,22,46]",16.536490919038748,0.977704126259664
0.23062,0.43926628238783644,5,0.15116000000000018,19.846520243450623,6,12,"[1,4,6,22,46]",16.54245342757478,0.9777258153802307
0.23063999999999998,0.43932864947661765,5,0.15151999999999954,19.799366420274612,6,12,"[1,4,6,22,46]",16.545899733106307,0.9777381391199714
0.23065333333333335,0.4393702280681347,5,0.15176000000000045,19.76805482340532,6,12,"[1,4,6,22,46]",16.548142684800638,0.9777460683514203
0.23068666666666668,0.4394741764079522,5,0.15235999999999994,19.69020740351799,6,12,"[1,4,6,22,46]",16.553559281558307,0.9777648909183224
0.23071999999999998,0.4395781274027294,5,0.15295999999999954,19.61297071129713,6,12,"[1,4,6,22,46]",16.55870375766566,0.9777822882391103
0.23072,0.4395781274027294,5,0.15296000000000032,19.61297071129703,6,12,"[1,4,6,22,46]",16.55870375766566,0.9777822882391103
0.23075333333333334,0.43968208104790657,5,0.1535599999999998,19.536337587913543,6,12,"[1,4,6,22,46]",16.5635766023047,0.9777982648908097
0.23078666666666667,0.4397860373389236,5,0.15348000000000028,19.546520719311925,6,12,"[4,6,22,27,37]",16.10109125539718,0.9756946049287489
0.23079999999999998,0.43982762059514413,5,0.15320000000000053,19.582245430809333,6,12,"[1,4,6,22,37]",16.105781350847984,0.9757164387008068
0.23082,0.4398899962712206,5,0.15278000000000033,19.636078020683293,6,12,"[1,4,6,22,37]",16.112727330253158,0.9757486039096108
0.23085333333333333,0.4399939578402375,5,0.15208,19.726459758022095,6,12,"[4,6,22,27,37]",16.124045689967573,0.975800775011286
0.23088,0.44007712899082474,5,0.15151999999999988,19.799366420274566,6,12,"[4,6,22,27,37]",16.132894350103737,0.9758410992364734
0.23088666666666666,0.440097922041414,5,0.1513800000000005,19.817677368212383,6,12,"[1,4,6,22,37]",16.13512710591823,0.9758507292711613
0.23092000000000001,0.4402018888701895,5,0.15068000000000015,19.90974250066364,6,12,"[1,4,6,22,37]",16.145895258234425,0.9758988926197159
0.23095333333333334,0.4403058583220037,5,0.14998000000000022,20.002667022269605,6,12,"[4,6,22,27,37]",16.156256981948598,0.9759457853678967
0.23096,0.4403266525267298,5,0.14983999999999975,20.021356113187434,6,12,"[4,6,22,27,37]",16.158310685286068,0.975954855804147
0.23098666666666667,0.440409830392296,5,0.14927999999999964,20.096463022508086,6,12,"[4,6,22,27,37]",16.166409284070774,0.9759904010139989
0.23102,0.4405138050765056,5,0.14857999999999993,20.191142818683545,6,12,"[1,4,6,22,37]",16.176491384440936,0.9760320202098356
0.23104,0.44057619113981433,5,0.14815999999999985,20.248380129589652,6,12,"[4,6,22,27,37]",16.182051414092474,0.9760579837532047
0.23105333333333333,0.44061778237007154,5,0.14788000000000046,20.286718961319927,6,12,"[1,4,6,22,37]",16.18612547792597,0.9760726678937909
0.23108666666666666,0.44072176226843324,5,0.1471800000000001,20.38320423970647,6,12,"[1,4,6,22,37]",16.195479535053874,0.9761114786837034
0.23112,0.44082574476702924,5,0.14647999999999994,20.480611687602412,6,12,"[4,6,22,27,37]",16.20413911986056,0.9761507072384799
0.23115333333333335,0.4409297298612986,5,0.14577999999999958,20.57895458910693,6,12,"[4,6,22,27,37]",16.21285943118762,0.9761863181577308
0.23118666666666668,0.44103371754667986,5,0.1450799999999999,20.67824648469811,6,12,"[1,4,6,22,37]",16.22187400156868,0.9762170339062288
0.2312,0.44107531334532196,5,0.14480000000000062,20.718232044198807,6,12,"[1,4,6,22,37]",16.225205431889655,0.9762298883394072
0.23122,0.44113770781861184,5,0.14438000000000017,20.778501177448376,6,12,"[4,6,22,27,37]",16.22945544148381,0.97625227119927
0.23125333333333334,0.44124170067253277,5,0.14368000000000006,20.879732739420927,6,12,"[1,4,6,22,37]",16.23809212272507,0.9762784680001125
0.23127999999999999,0.44132489681163617,5,0.14312000000000064,20.96143096702059,6,12,"[1,4,6,22,37]",16.24427296500497,0.9763010644544794
0.23128666666666667,0.4413456961038811,5,0.14297999999999988,20.981955518254317,6,12,"[4,6,22,27,37]",16.24493394495104,0.9763112715548552
0.23131333333333332,0.44142889430164195,5,0.14242000000000044,21.06445723915174,6,12,"[4,6,22,27,37]",16.250814623961823,0.9763329421662782
0.23132,0.4414496941080951,5,0.1422800000000002,21.085184143941493,6,12,"[1,4,6,22,37]",16.253217495784313,0.9763328563945569
0.23134666666666664,0.44153289436086396,5,0.1417200000000008,21.168501270109957,6,12,"[1,4,6,22,37]",16.258963376529472,0.976352655745532
0.23135333333333333,0.44155369468061284,5,0.14158000000000048,21.18943353581007,6,12,"[4,6,22,27,37]",16.259304540814785,0.9763633940828003
0.23135999999999998,0.44157449510291136,5,0.14144000000000065,21.210407239818906,6,12,"[1,4,6,22,37]",16.261771342563385,0.9763621383944574
0.23137999999999997,0.44163689698474023,5,0.14102000000000103,21.27357821585575,6,12,"[4,6,22,27,37]",16.26474454981481,0.9763823315167495
0.23138666666666666,0.4416576978168726,5,0.14088000000000037,21.294718909710337,6,12,"[1,4,6,22,37]",16.267257592429406,0.9763802720204486
0.23141333333333333,0.44174090216870865,5,0.14032000000000008,21.37970353477764,6,12,"[1,4,6,22,37]",16.272571273127912,0.9763972996800956
0.23142000000000001,0.44176170351231203,5,0.14018000000000003,21.401055785418745,6,12,"[1,4,6,22,37]",16.27387277561111,0.9764013841727592
0.23143999999999998,0.4418241081560839,5,0.13976000000000066,21.465369204350214,6,12,"[1,4,6,22,37]",16.27771277546946,0.9764132245962637
0.23144666666666666,0.441844909908207,5,0.13961999999999986,21.486892995272907,6,12,"[4,6,22,27,37]",16.27757855418475,0.9764249254472468
0.23145333333333334,0.44186571176236894,5,0.13947999999999983,21.508459994264438,6,12,"[4,6,22,27,37]",16.27880197667588,0.9764288128692475
0.23148,0.4419489201986731,5,0.13892000000000024,21.595162683558847,6,12,"[1,4,6,22,37]",16.28510300002811,0.9764350505600365
0.23148666666666667,0.44196972256248096,5,0.13878000000000018,21.61694768698657,6,12,"[1,4,6,22,37]",16.28629720416155,0.9764384482322264
0.23151333333333332,0.4420529330355443,5,0.13822000000000045,21.704529011720375,6,12,"[4,6,22,27,37]",16.289324182433297,0.976460767236223
0.23151999999999998,0.44207373590808574,5,0.13808000000000067,21.726535341830715,6,12,"[1,4,6,22,37]",16.292107819820927,0.976454410146095
0.23152,0.44207373590808585,5,0.13808000000000042,21.726535341830758,6,12,"[4,6,22,27,37]",16.29043915021389,0.9764639813330718
0.23154666666666665,0.4421569484142586,5,0.1375200000000004,21.815008726003427,6,22,"[1,4,6,22,37]",16.296564117007204,0.9764659497101871
0.23157999999999998,0.44226096633025275,5,0.13682000000000002,21.926618915363246,6,22,"[1,4,6,22,37]",16.301894722944006,0.976478839304864
0.2316,0.4423233782958459,5,0.13639999999999983,21.99413489736073,6,22,"[1,4,6,22,37]",16.304965414876374,0.9764857554000701
0.2316133333333333,0.4423649867789645,5,0.13612000000000055,22.039377020276138,6,22,"[1,4,6,22,37]",16.306959412519678,0.976490025687735
0.23164666666666664,0.44246900975583087,5,0.13542000000000018,22.153300841825402,6,22,"[1,4,6,22,37]",16.31175866583428,0.976499510458779
0.23168,0.4425730352562888,5,0.13471999999999984,22.26840855106891,6,22,"[1,4,6,22,37]",16.316292916269212,0.9765072944363071
0.23171333333333333,0.4426770632757752,5,0.13402000000000036,22.384718698701626,6,22,"[1,4,6,22,37]",16.320562550798506,0.9765133776588506
0.23174666666666666,0.4427810938097271,5,0.13332,22.502250225022504,6,22,"[1,4,6,22,37]",16.324567910278326,0.9765177593862386
0.23176,0.4428227067263359,5,0.13303999999999985,22.549609140108263,6,22,"[1,4,6,22,37]",16.326096124672397,0.9765190353445444
0.23177999999999999,0.4428851268535808,5,0.13262000000000052,22.621022470215564,6,22,"[1,4,6,22,37]",16.32830928971369,0.9765204380998588
0.23181333333333332,0.44298916240277336,5,0.13192000000000015,22.741055184960558,6,22,"[1,4,6,22,37]",16.331786938504003,0.9765214115021121
0.23184,0.44307239264290454,5,0.13135999999999987,22.838002436053618,6,22,"[1,4,6,22,37]",16.33437931009113,0.9765209603576261
0.23184666666666665,0.44309320045274103,5,0.13122000000000067,22.86236854138077,6,22,"[1,4,6,22,37]",16.335001060666762,0.9765206765150595
0.23187999999999998,0.44319724099892027,5,0.1305200000000003,22.98498314434564,6,22,"[1,4,6,22,37]",16.33795181504019,0.9765182292782614
0.23191333333333333,0.44330128403674746,5,0.12981999999999996,23.108920043136656,6,22,"[1,4,6,22,37]",16.34063931546493,0.9765140651458115
0.23192,0.4433220929429089,5,0.12967999999999988,23.133867982726734,6,22,"[1,4,6,22,37]",16.341145231935833,0.9765130258274894
0.23194666666666666,0.4434053295616584,5,0.12912000000000048,23.234200743494338,6,22,"[1,4,6,22,37]",16.34306363094465,0.9765081786825565
0.23198,0.44350937756908954,5,0.12842000000000012,23.36084722005916,6,22,"[1,4,6,22,37]",16.345224785786538,0.9765005636595058
0.23199999999999998,0.4435718075632591,5,0.12800000000000078,23.437499999999858,6,22,"[1,4,6,22,37]",16.346395155004565,0.9764951620466539
0.23201333333333332,0.44361342805447646,5,0.12772000000000064,23.488881929220053,6,22,"[1,4,6,22,37]",16.347122759720847,0.9764912130484158
0.23204666666666665,0.44371748101325537,5,0.12702000000000027,23.618327822390125,6,22,"[1,4,6,22,37]",16.34875748800054,0.9764801190155522
0.23207999999999998,0.4438215364408617,5,0.1263200000000008,23.749208359721194,6,22,"[1,4,6,22,37]",16.350128861480755,0.9764672729146151
0.2321133333333333,0.44392559433273127,5,0.12562000000000043,23.881547524279494,6,22,"[1,4,6,22,37]",16.35123672667816,0.9764526652788168
0.23214666666666664,0.4440296546842995,5,0.12492000000000095,24.015369836695303,6,22,"[1,4,6,22,37]",16.352080885810363,0.9764362858121075
0.23215999999999998,0.44407127951261993,5,0.1246400000000008,24.06931964056467,6,22,"[1,4,6,22,37]",16.35234465903085,0.9764292354469599
0.23218,0.4441337174910017,5,0.12421999999999972,24.150700370310794,6,22,"[1,4,6,22,37]",16.352661096815716,0.9764181233795268
0.23221333333333333,0.44423778274827336,5,0.12352000000000024,24.28756476683933,6,22,"[1,4,6,22,37]",16.352977073353106,0.9763981659966763
0.23224,0.4443210367154331,5,0.12295999999999996,24.398178269355896,6,22,"[1,4,6,22,37]",16.353039385065177,0.9763808991234175
0.23224666666666666,0.44434185045154945,5,0.12281999999999987,24.425989252564754,6,22,"[1,4,6,22,37]",16.353028484782214,0.9763764008182884
0.23228,0.4444459205962653,5,0.1221200000000004,24.566000655093273,6,22,"[1,4,6,22,37]",16.352814956123797,0.9763528141258785
0.23231333333333332,0.4445499931778556,5,0.12142000000000003,24.707626420688513,6,22,"[1,4,6,22,37]",16.352336068000746,0.9763273913144648
0.23232,0.444570807986197,5,0.12127999999999997,24.736147757255942,6,22,"[1,4,6,22,37]",16.352208407205033,0.9763220850694188
0.23234666666666665,0.44465406819175546,5,0.12072000000000055,24.850894632206646,6,22,"[1,4,6,22,37]",16.351591356558863,0.9763001168783229
0.23237999999999998,0.44475814563339955,5,0.12002000000000018,24.995834027662017,6,22,"[1,4,6,22,37]",16.350580313368514,0.9762709743957686
0.2324,0.4448205932618041,5,0.11959999999999998,25.083612040133783,6,22,"[1,4,6,22,37]",16.349845619978787,0.9762525850640357
0.23241333333333333,0.44486222549822246,5,0.11931999999999984,25.142474019443547,6,22,"[1,4,6,22,37]",16.349302385305872,0.9762399465129296
0.23244666666666666,0.44496630778165885,5,0.11862000000000036,25.290844714213378,6,22,"[1,4,6,22,37]",16.347756974414967,0.9762070149264904
0.23248,0.44507039247914315,5,0.11792,25.440976933514246,6,22,"[1,4,6,22,37]",16.345943437749145,0.9761721603653756
0.23251333333333332,0.44517447958610956,5,0.11722000000000052,25.59290223511335,6,22,"[1,4,6,22,37]",16.34386108719319,0.9761353625713459
0.23254666666666665,0.4452785690979924,5,0.11652000000000062,25.7466529351183,6,18,"[4,6,22,27,37]",16.33506711016999,0.9761418585436734
0.23256,0.4453202055750993,5,0.11624000000000012,25.808671713695777,6,18,"[4,6,22,27,37]",16.333987234568173,0.9761263820886213
0.23257999999999998,0.4453826610102258,5,0.11582000000000067,25.902262130892613,6,18,"[1,4,6,22,37]",16.33888696489544,0.9760558511914518
0.2326133333333333,0.44548675531824367,5,0.11512000000000033,26.05976372480882,6,18,"[4,6,22,27,37]",16.329235741664725,0.9760612918826059
0.23263999999999999,0.4455700324865545,7,0.09375999999999962,31.996587030716853,6,51,"[1,4,6,15,22,37,46]",13.418401353291994,0.9549523053388842
0.23264666666666664,0.4455908520174801,7,0.09381999999999913,31.97612449371166,6,51,"[1,4,6,15,22,37,46]",13.419907963627727,0.9549747324412831
0.23268,0.44569495110336893,7,0.0941200000000002,31.874203144921307,6,51,"[4,10,15,22,31,37,46]",13.410424000417962,0.9552149635222459
0.23271333333333333,0.4457990525713436,7,0.09442000000000039,31.772929464096457,6,51,"[4,10,15,22,31,37,46]",13.41904410222381,0.9553071086843217
0.23271999999999998,0.44581987315038707,7,0.09447999999999901,31.752751905165447,6,51,"[1,4,6,15,22,37,46]",13.435757860205104,0.9552116746155092
0.23274666666666666,0.44590315641683786,7,0.09472000000000014,31.672297297297252,6,51,"[1,4,6,15,22,37,46]",13.441191485975304,0.9552934085739224
0.23278,0.4460072626352853,7,0.09501999999999988,31.57230056830145,6,51,"[1,4,6,15,22,37,46]",13.447734622589039,0.9553922608490991
0.23279999999999998,0.44606972750347157,7,0.0951999999999984,31.512605042017338,6,51,"[1,4,6,15,22,37,46]",13.451527277141,0.9554498049111722
0.23281333333333332,0.4461113712221192,7,0.09531999999999918,31.47293327738172,6,51,"[1,4,6,15,22,37,46]",13.45400002793171,0.9554874313479643
0.23284666666666665,0.4462154821727728,7,0.09561999999999848,31.37418950010508,6,51,"[1,4,6,15,22,37,46]",13.459986371601733,0.9555789202211082
0.23287999999999998,0.44631959548267935,7,0.09591999999999956,31.276063386155272,6,51,"[1,4,6,15,22,37,46]",13.465692253532954,0.9556667257926105
0.23291333333333333,0.446423711147272,7,0.09622000000000017,31.17854915817912,6,51,"[1,4,10,15,22,37,46]",13.468476497320285,0.9557480996387301
0.23294666666666666,0.4465278291619836,7,0.09651999999999994,31.08164111065066,6,51,"[1,4,10,15,22,37,46]",13.474696092950124,0.9558182794668485
0.23296,0.4465694770248786,7,0.09664000000000028,31.043046357615804,6,51,"[1,4,6,15,22,37,46]",13.478233136789603,0.9558624063483956
0.23298,0.4466319495222471,7,0.09681999999999924,30.985333608758765,6,51,"[1,4,6,15,22,37,46]",13.481112065469095,0.9559079982083928
0.23301333333333332,0.44673607222349515,7,0.09711999999999854,30.889621087315128,6,51,"[1,4,6,15,22,37,46]",13.485680676361468,0.9559810167092504
0.23304,0.44681937206693334,7,0.09736000000000011,30.8134757600657,6,51,"[1,4,6,15,22,37,46]",13.489127904893365,0.95603675393335
0.23304666666666665,0.4468401972611604,7,0.09741999999999962,30.79449804968191,6,51,"[1,4,6,15,22,37,46]",13.489960749369711,0.9560503155243036
0.23307999999999998,0.4469443246306758,7,0.09772,30.699959066721245,6,51,"[1,4,10,15,22,37,46]",13.496631386860912,0.9560630235211424
0.2331133333333333,0.4470484543274732,7,0.09801999999999997,30.60599877576006,6,51,"[1,4,10,15,22,37,46]",13.50137065899347,0.9561151467804313
0.23312,0.4470692805457048,7,0.09808000000000039,30.58727569331146,6,51,"[4,10,15,22,31,37,46]",13.500469182327906,0.9561439334354873
0.23314666666666664,0.4471525863469855,7,0.0983199999999993,30.51261187957711,6,51,"[1,4,6,15,22,37,46]",13.501050984202797,0.9562357535999996
0.23318,0.44725672068464495,7,0.0986199999999986,30.419793145407045,6,57,"[1,4,6,15,22,37,46]",13.504157761082267,0.9562900233818556
0.2332,0.44731920239805084,7,0.09879999999999986,30.364372469635672,6,57,"[1,4,10,15,22,37,46]",13.512276107543968,0.9562334887568061
0.23321333333333333,0.4473608573358832,7,0.09891999999999967,30.327537403962896,6,57,"[1,4,6,15,22,37,46]",13.506966035658646,0.9563404881763822
0.23324666666666666,0.44746499629613273,7,0.09921999999999986,30.23583954847817,6,57,"[1,4,6,15,22,37,46]",13.509473575189263,0.9563871247004255
0.23328,0.4475691375608254,7,0.09951999999999978,30.144694533762127,6,57,"[1,4,10,15,22,37,46]",13.520500822943415,0.9563204275938858
0.23331333333333332,0.447673281125393,7,0.09981999999999935,30.054097375275692,6,57,"[1,4,6,15,22,37,46]",13.513577100727703,0.9564688089173864
0.23334666666666665,0.4477774269852673,7,0.10011999999999954,29.96404314822227,6,57,"[4,6,15,22,31,37,46]",13.51913564576092,0.9565403990571284
0.23335999999999998,0.44781908597087977,7,0.10023999999999944,29.92817238627311,6,57,"[4,6,15,22,31,37,46]",13.523661703260958,0.9565900627387772
0.23337999999999998,0.4478815751358801,7,0.10041999999999973,29.874526986656125,6,57,"[4,6,15,22,31,37,46]",13.530374247099,0.956663694804709
0.23341333333333333,0.4479857255726628,7,0.10071999999999992,29.785544082605266,6,57,"[4,6,15,22,31,37,46]",13.541356902063187,0.9567841156971783
0.23343999999999998,0.44806904756506116,7,0.10095999999999972,29.714738510301192,6,57,"[4,6,15,22,31,37,46]",13.549957702166806,0.9568783862331391
0.23344666666666666,0.44808987829104674,7,0.10102000000000011,29.697089685210816,6,57,"[4,6,15,22,31,37,46]",13.552082055816408,0.9569016672066569
0.23348,0.4481940332864634,7,0.10131999999999941,29.609159099881737,6,57,"[4,6,15,22,31,37,46]",13.562548082590007,0.957016353599853
0.23351333333333332,0.4482981905543443,7,0.1016199999999996,29.521747687463215,6,57,"[4,6,15,22,31,37,46]",13.57275328425845,0.9571281779249216
0.23351999999999998,0.448319022280214,7,0.1016799999999991,29.50432730133779,6,57,"[4,6,15,22,31,37,46]",13.574762870962926,0.9571501995233521
0.23354666666666665,0.44840235009012,7,0.10191999999999979,29.43485086342235,6,57,"[4,6,15,22,31,37,46]",13.582695888849093,0.9572371419967222
0.23357999999999998,0.4485065118892222,7,0.10221999999999909,29.34846409704585,6,57,"[4,6,15,22,31,37,46]",13.592374048986203,0.9573432463804411
0.2336,0.44856901005317923,7,0.10239999999999938,29.296875000000178,6,57,"[4,6,15,22,31,37,46]",13.598053214433465,0.9574055361214427
0.2336133333333333,0.4486106759470813,7,0.10251999999999839,29.26258291065204,6,57,"[4,6,15,22,31,37,46]",13.601785840266013,0.9574464903735026
0.23364666666666664,0.4487148422591284,7,0.10281999999999947,29.177202878817504,2,24,"[4,6,15,22,31,37,46]",13.610929259561203,0.9575468719857205
0.23368,0.4488190108207944,7,0.10312000000000054,29.092319627618156,2,24,"[4,15,22,31,37,40,46]",13.629624833446668,0.9575246000319435
0.23371333333333333,0.4489231816275097,7,0.10341999999999985,29.007928833881305,2,24,"[4,6,15,22,31,37,46]",13.628402565381919,0.9577390335368338
0.23374666666666666,0.44902735467470484,7,0.10371999999999915,28.92402622445068,2,24,"[4,6,15,22,31,37,46]",13.63672803573518,0.9578308028525845
0.23376,0.44906902451989383,7,0.10383999999999993,28.89060092449925,2,24,"[4,15,22,31,37,40,46]",13.649556701577964,0.9577491554424528
0.23378,0.4491315299578105,7,0.10401999999999845,28.840607575466688,2,24,"[4,6,15,22,31,37,46]",13.644776297833134,0.9579196884880105
0.23381333333333332,0.44923570747225705,7,0.10432000000000041,28.75766871165633,2,24,"[4,15,22,31,37,40,46]",13.661935898566156,0.9578898764256655
0.23384,0.4493190510873086,7,0.10455999999999932,28.691660290742345,2,24,"[4,6,15,22,31,37,46]",13.658556807019007,0.9580723867675907
0.23384666666666665,0.4493398872134744,7,0.10461999999999971,28.675205505639536,2,24,"[4,6,15,22,31,37,46]",13.66003140742338,0.9580887720991967
0.23387999999999998,0.4494440691768931,7,0.1049199999999999,28.59321387723983,2,24,"[4,15,22,31,37,40,46]",13.676370784009622,0.9580555958706315
0.23391333333333333,0.4495482533579432,7,0.1052199999999992,28.51168979281527,2,24,"[4,6,15,22,31,37,46]",13.674147395551847,0.9582461964453992
0.23392,0.4495690904598667,7,0.1052799999999996,28.49544072948339,2,24,"[4,6,15,22,31,37,46]",13.675495508462209,0.9582612935162093
0.23394666666666666,0.44965243975205427,7,0.1055199999999985,28.430629264594792,2,24,"[4,6,15,22,31,37,46]",13.680771398929235,0.9583205023002767
0.23398,0.4497566283546565,7,0.10582000000000003,28.350028350028342,2,24,"[4,6,15,22,31,37,46]",13.68710224051163,0.9583918492748508
0.23399999999999999,0.44981914257439237,7,0.10599999999999987,28.301886792452866,2,24,"[4,6,15,22,31,37,46]",13.69075878255521,0.9584332297593469
0.23401333333333332,0.4498608191611798,7,0.10611999999999977,28.269883151149703,2,24,"[4,6,15,22,31,37,46]",13.693136916444852,0.9584602193220448
0.23404666666666665,0.4499650121670535,7,0.10641999999999996,28.19018981394476,2,24,"[4,6,15,22,31,37,46]",13.698872317295557,0.9585255927009719
0.23407999999999998,0.4500692073677074,7,0.10671999999999926,28.110944527736326,2,24,"[4,6,15,22,31,37,46]",13.704305225172158,0.9585879479257216
0.2341133333333333,0.450173404758571,7,0.10701999999999989,28.032143524574874,2,24,"[4,6,15,22,31,37,46]",13.709432310729316,0.9586472617108066
0.23414666666666664,0.4502776043350735,7,0.10731999999999964,27.953783078643404,2,24,"[4,6,15,22,31,37,46]",13.714250130051038,0.9587035089130761
0.23415999999999998,0.4503192847766295,7,0.10743999999999954,27.922561429635266,2,24,"[4,6,15,22,31,37,46]",13.716089869441232,0.9587251431547389
0.23418,0.45038180609264444,7,0.10761999999999983,27.875859505668135,2,24,"[4,6,15,22,31,37,46]",13.718755121407943,0.9587566624699003
0.23421333333333333,0.4504860100267129,7,0.10792000000000002,27.79836916234247,2,24,"[4,6,15,22,31,37,46]",13.722943601883054,0.9588066933334051
0.23423999999999998,0.45056937473797415,7,0.10815999999999981,27.736686390532594,2,24,"[4,6,15,22,31,37,46]",13.726063943993429,0.9588444488546947
0.23424666666666666,0.45059021613270794,7,0.10821999999999932,27.721308445758815,2,24,"[4,6,15,22,31,37,46]",13.726811763861518,0.9588535704005343
0.23428,0.45069442440605856,7,0.1085199999999995,27.64467379284937,2,24,"[4,6,15,22,31,37,46]",13.730355671378168,0.9588972604386834
0.23431333333333332,0.45079863484219385,7,0.1088199999999997,27.568461679838343,2,24,"[4,6,15,22,31,37,46]",13.733571256317436,0.9589377280066419
0.23432,0.45081947718855275,7,0.1088799999999992,27.55326965466589,2,24,"[4,6,15,22,31,37,46]",13.734174607065878,0.9589454315445699
0.23434666666666665,0.4509028474365425,7,0.109119999999999,27.49266862170113,2,24,"[4,6,15,22,31,37,46]",13.736454314459236,0.9589749353705563
0.23437999999999998,0.45100706218453307,7,0.10942000000000007,27.417291171632225,2,25,"[4,6,15,22,31,37,46]",13.739000501364691,0.9590088424146036
0.2344,0.45106959206517405,7,0.10959999999999859,27.37226277372298,2,25,"[4,6,15,22,31,37,46]",13.740364654059297,0.9590275848749349
0.23441333333333333,0.45111127908159476,7,0.10971999999999937,27.342325920525127,2,25,"[4,6,15,22,31,37,46]",13.741205328094768,0.959039406546043
0.23444666666666666,0.45121549812315537,7,0.11001999999999956,27.267769496455298,2,25,"[4,6,15,22,31,37,46]",13.743064156754942,0.9590665825942907
0.23448,0.4513197193046437,7,0.11031999999999975,27.193618564177,2,25,"[4,6,15,22,31,37,46]",13.744572195858222,0.9590903227036239
0.23451333333333332,0.45142394262148816,7,0.11061999999999905,27.119869824625074,2,25,"[4,6,15,22,31,37,46]",13.74572449549912,0.95911057621911
0.23454666666666665,0.4515281680691169,7,0.11091999999999991,27.046520014424832,2,25,"[4,6,15,22,31,37,46]",13.746515942330069,0.9591272895652995
0.23456,0.45156985884376394,7,0.11103999999999914,27.01729106628263,2,25,"[4,6,15,22,31,37,46]",13.74673030489377,0.9591329710779236
0.23457999999999998,0.45163239564295804,7,0.11121999999999943,26.973565905412833,2,25,"[4,6,15,22,31,37,46]",13.746941254331878,0.9591404061172085
0.2346133333333333,0.45173662533843995,7,0.11151999999999984,26.901004304160725,2,25,"[4,6,15,22,31,37,46]",13.746994975369171,0.9591498660630656
0.23464,0.45182001061933397,7,0.11175999999999853,26.84323550465318,2,25,"[4,6,15,22,31,37,46]",13.74676662555619,0.9591547589461161
0.23464666666666664,0.45184085715099004,7,0.11181999999999981,26.828832051511405,2,25,"[4,6,15,22,31,37,46]",13.74667146952134,0.9591556062582566
0.23468,0.45194509107603675,7,0.11211999999999911,26.757046022119372,2,25,"[4,6,15,22,31,37,46]",13.745964915179075,0.9591575600698633
0.23471333333333333,0.4520493271090076,7,0.11242000000000019,26.685643123999245,2,25,"[4,15,22,31,37,40,46]",13.74922525392765,0.9590961433618262
0.23471999999999998,0.4520701745681502,7,0.11247999999999969,26.671408250355693,2,25,"[4,6,15,22,31,37,46]",13.7446029451411,0.9591548073861444
0.23474666666666666,0.45215356524533024,7,0.11271999999999993,26.614620298083764,2,25,"[4,6,15,22,31,37,46]",13.743378408983776,0.9591498235651649
0.23478,0.4522578054804322,7,0.11301999999999968,26.543974517784537,2,25,"[4,6,15,22,31,37,46]",13.74148582884111,0.9591399809970562
0.23479999999999998,0.45232035062700554,7,0.11319999999999908,26.501766784452514,2,25,"[4,6,15,22,31,37,46]",13.740154721031137,0.9591321170964273
0.23481333333333332,0.45236204780974143,7,0.11331999999999987,26.473702788563394,2,25,"[4,6,15,22,31,37,46]",13.73918493000111,0.9591260471536477
0.23484666666666665,0.45246629222868506,7,0.11361999999999917,26.403802147509435,2,25,"[4,6,15,22,31,37,46]",13.736468864887366,0.9591079352499899
0.23487999999999998,0.4525705387326902,7,0.11391999999999847,26.334269662921702,2,25,"[4,6,15,22,31,37,46]",13.733330559263312,0.9590855538415334
0.23491333333333334,0.4526747873171844,7,0.11421999999999954,26.265102433899596,2,25,"[4,6,15,22,31,37,46]",13.729762704361193,0.9590588065809812
0.23494666666666666,0.4527790379775949,7,0.11451999999999973,26.196297589940684,2,25,"[4,6,15,22,31,37,46]",13.725757748675523,0.9590275919586545
0.23496,0.4528207388219911,7,0.11463999999999963,26.168876482903084,2,25,"[4,6,15,22,31,37,46]",13.724031638999568,0.959013831481179
0.23498,0.4528832907093483,7,0.11481999999999992,26.127852290541735,2,25,"[4,15,22,31,37,40,46]",13.723713112576947,0.9589575842875041
0.23501333333333332,0.452987545507872,7,0.11511999999999922,26.05976372480907,2,25,"[4,6,15,22,31,37,46]",13.716405063526818,0.958951327094618
0.23504,0.4530709508316923,7,0.11535999999999991,26.005547850208064,2,25,"[4,6,15,22,31,37,46]",13.712151076690555,0.9589154921317141
0.23504666666666665,0.4530918023685927,7,0.11541999999999852,25.992029111072938,2,25,"[4,6,15,22,31,37,46]",13.711040938483668,0.95890604542812
0.23507999999999998,0.45319606128693696,7,0.1157199999999996,25.924645696508904,2,25,"[4,6,15,22,31,37,46]",13.705206902467982,0.9588558328938683
0.2351133333333333,0.45330032225833194,7,0.11601999999999979,25.85761075676612,2,25,"[4,15,22,31,37,40,46]",13.700286885397693,0.9587802977195958
0.23512,0.45332117469857447,7,0.11608000000000018,25.8442453480358,2,25,"[4,15,22,31,37,40,46]",13.698915008888273,0.9587693431773222
0.23514666666666664,0.4534045852782039,7,0.11631999999999909,25.79092159559855,2,25,"[4,6,15,22,31,37,46]",13.692093192744059,0.958740080526189
0.23518,0.4535088503419795,7,0.11661999999999928,25.724575544503676,2,25,"[4,6,15,22,31,37,46]",13.684794805649764,0.9586742550648074
0.2352,0.45357141035941595,7,0.11680000000000001,25.684931506849313,2,25,"[4,6,15,22,31,37,46]",13.680172883631618,0.9586321285956656
0.23521333333333333,0.45361311744508515,7,0.11691999999999858,25.658569962367743,2,25,"[4,6,15,22,31,37,46]",13.676989058212808,0.9586029266151497
0.23524666666666666,0.4537173865829472,7,0.11721999999999966,25.592902235113538,2,25,"[4,6,15,22,31,37,46]",13.668665781012098,0.958525932082375
0.23528,0.45382165775099165,7,0.11751999999999985,25.52756977535742,2,25,"[4,6,15,22,31,37,46]",13.659814457388524,0.9584430993659456
0.23531333333333332,0.453925930944645,7,0.11684000000000094,25.676138308798148,2,25,"[4,6,15,22,31,37,46]",13.65042421027317,0.9583542468053985
0.23534666666666665,0.4540302061593331,7,0.11544000000000154,25.98752598752564,2,25,"[4,6,15,22,31,37,46]",13.640483788416413,0.9582591825843462
0.23535999999999999,0.4540719168100735,7,0.11488000000000109,26.114206128133457,2,25,"[4,6,15,22,31,37,46]",13.636350976820136,0.9582193726237734
0.23537999999999998,0.45413448339048196,7,0.11404000000000036,26.306559102069365,2,25,"[4,6,15,22,31,37,46]",13.629981551986154,0.9581577040891149
0.23541333333333334,0.4542387626335176,7,0.1126399999999993,26.633522727272894,2,25,"[4,6,15,22,31,37,46]",13.618905457502292,0.9580495972180912
0.23543999999999998,0.45432218747343045,7,0.11152000000000006,26.901004304160672,2,25,"[4,6,15,22,31,37,46]",13.609623043562086,0.9579581876255536
0.23544666666666667,0.4543430438838656,7,0.1112399999999999,26.968716289104663,2,25,"[4,6,15,22,31,37,46]",13.607243042071502,0.9579346356374494
0.23548,0.45444732713695185,7,0.10984000000000049,27.31245447924241,2,25,"[4,6,15,22,31,37,46]",13.59498140688493,0.9578125799785185
0.23551333333333332,0.4545516123882018,7,0.10844000000000109,27.66506824050138,2,25,"[4,6,15,22,31,37,46]",13.582107199938893,0.9576831769715763
0.23551999999999998,0.454572469677829,7,0.10816000000000081,27.736686390532338,2,25,"[4,6,15,22,31,37,46]",13.579457641993717,0.9576563913673165
0.23554666666666665,0.4546558996330413,7,0.10703999999999991,28.026905829596437,2,25,"[4,6,15,22,31,37,46]",13.568606597935437,0.9575461585103221
0.23557999999999998,0.4547601888668955,7,0.10564000000000051,28.398333964407286,2,25,"[4,6,15,22,31,37,46]",13.554465287317754,0.9574012406407165
0.23559999999999998,0.454822763360032,7,0.10480000000000156,28.625954198472858,2,25,"[4,6,15,22,31,37,46]",13.545666815994625,0.9573103737699624
0.2356133333333333,0.45486448008518987,7,0.10424000000000111,28.779739063698848,2,25,"[4,6,15,22,31,37,46]",13.53966844439179,0.9572481224672204
0.23564666666666664,0.4549687732833498,7,0.10284000000000171,29.17152858809753,2,25,"[4,6,15,22,31,37,46]",13.524200714482491,0.957086484968755
0.23568,0.4550730684568003,7,0.10144000000000064,29.574132492113378,2,25,"[4,6,15,22,31,37,46]",13.50804619006973,0.9569159897159061
0.23571333333333333,0.4551773656009664,7,0.10003999999999946,29.98800479808093,2,25,"[4,6,15,22,31,37,46]",13.491188387845012,0.9567362774800116
0.23574666666666666,0.45528166471127346,7,0.09864000000000006,30.413625304136236,2,25,"[4,6,15,22,31,37,46]",13.473610224626489,0.9565469667237806
0.23576,0.4553233849048908,7,0.09807999999999961,30.587275693311703,2,25,"[4,6,15,22,31,37,46]",13.466373313195374,0.9564684648513488
0.23578,0.45538596578314594,7,0.09724000000000066,30.851501439736523,2,25,"[4,6,15,22,31,37,46]",13.45529399206543,0.9563476519620036
0.23581333333333332,0.45549026881200905,7,0.09584000000000126,31.302170283805932,2,25,"[4,6,15,22,31,37,46]",13.43622133007267,0.9561379019796711
0.23584,0.45557371264105834,7,0.09472000000000036,31.672297297297177,2,25,"[4,6,15,22,31,37,46]",13.420405800148611,0.9559622812480325
0.23584666666666665,0.45559457379328755,7,0.09444000000000008,31.76620076238879,2,25,"[4,6,15,22,31,37,46]",13.41637319888898,0.9559172578934677
0.23587999999999998,0.45569888072240583,6,0.10300000000000153,29.126213592232574,4,44,"[4,15,22,31,37,40]",14.805679364492681,0.966113897358519
0.23591333333333334,0.4558031895947888,6,0.10216666666666674,29.363784665579097,4,44,"[4,6,15,22,31,37]",14.811211616541064,0.9659413599499066
0.23592,0.45582405160205447,6,0.10200000000000031,29.411764705882263,4,44,"[4,6,15,22,31,37]",14.810111008899787,0.9659280698190553
0.23594666666666667,0.45590750040586075,6,0.10133333333333372,29.605263157894623,4,44,"[4,6,15,22,31,37]",14.805570444807381,0.9658734751108118
0.23598,0.4560118131510462,6,0.10050000000000026,29.85074626865664,4,44,"[4,15,22,31,37,40]",14.787034800924381,0.9659293825730891
0.236,0.4560744017246283,6,0.10000000000000053,29.99999999999984,4,44,"[4,15,22,31,37,40]",14.78293554855131,0.9658885618681743
0.23601333333333332,0.4561161278257692,6,0.09966666666666724,30.100334448160364,4,44,"[4,15,22,31,37,40]",14.780133076905814,0.9658606007619839
0.23604666666666665,0.4562204444254545,6,0.09883333333333377,30.35413153456985,4,44,"[4,6,15,22,31,37]",14.786543520847816,0.9656476987269578
0.23607999999999998,0.45632476294552576,6,0.09800000000000075,30.61224489795895,4,44,"[4,6,15,22,31,37]",14.779485896733703,0.9655647853521212
0.23611333333333331,0.4564290833814074,6,0.09716666666666729,30.874785591766525,4,44,"[4,15,22,31,37,40]",14.757310685725825,0.9656312393714762
0.23614666666666664,0.45653340572852347,6,0.09633333333333427,31.141868512110424,4,44,"[4,15,22,31,37,40]",14.74898331400334,0.9655468074496558
0.23615999999999998,0.4565751352014903,6,0.09600000000000097,31.249999999999684,4,44,"[4,15,22,31,37,40]",14.745549773120006,0.9655118778911113
0.23618,0.4566377299822975,6,0.09549999999999992,31.413612565445053,4,44,"[4,6,15,22,31,37]",14.756104577646736,0.9652918020501106
0.23621333333333333,0.45674205613815355,6,0.0946666666666669,31.690140845070346,4,44,"[4,6,15,22,31,37]",14.747559044216098,0.9651923960098809
0.23623999999999998,0.45682551842926217,6,0.0940000000000012,31.914893617020873,4,44,"[4,15,22,31,37,40]",14.723697909134438,0.9652879762238489
0.23624666666666666,0.4568463841915156,6,0.09383333333333299,31.971580817051628,4,44,"[4,6,15,22,31,37]",14.738629538812566,0.9650886083902636
0.23628,0.4569507141378066,5,0.14327999999999969,20.93802345058631,6,22,"[1,4,15,27,37]",16.735074088742596,0.9788832104761547
0.23631333333333332,0.45705504597245084,5,0.14414666666666603,20.81213578762381,6,22,"[1,4,15,27,37]",16.73980847181262,0.9789154802453064
0.23632,0.4570759125655794,5,0.14431999999999964,20.787139689578765,6,22,"[1,4,15,27,37]",16.740720256584638,0.9789217300611176
0.23634666666666665,0.45715937969087156,5,0.14501333333333327,20.687752850312624,6,22,"[1,4,15,27,37]",16.744250600298304,0.9789460526784088
0.23637999999999998,0.45726371528849197,5,0.14587999999999962,20.564847820126186,6,22,"[1,4,15,27,37]",16.7484011136812,0.9789749416735416
0.2364,0.4573263175471765,5,0.14639999999999959,20.491803278688582,6,22,"[1,4,15,27,37]",16.750751690978305,0.978991472467594
0.23641333333333334,0.4573680527607359,5,0.14674666666666683,20.443394512084296,6,22,"[1,4,15,27,37]",16.752260594010817,0.9790021602366504
0.23644666666666667,0.45747239210302604,5,0.14761333333333318,20.323367356155742,6,22,"[1,4,15,27,37]",16.755829566067227,0.9790277204942555
0.23648,0.4575767333107859,5,0.14847999999999953,20.20474137931041,6,32,"[1,4,15,27,37]",16.75910849749688,0.9790516337050909
0.23651333333333333,0.45768107637943833,5,0.14934666666666677,20.08749218819747,6,32,"[1,4,15,27,37]",16.762097798920905,0.9790739102706872
0.23654666666666666,0.45778542130440664,5,0.15021333333333312,19.97159595242325,6,32,"[1,4,15,27,37]",16.76479782401724,0.9790945597449248
0.23656,0.45782715979313704,5,0.15055999999999947,19.925611052072334,6,32,"[1,4,15,27,37]",16.765796905075394,0.9791023659291612
0.23657999999999998,0.45788976808111354,5,0.15107999999999946,19.857029388403564,6,32,"[1,4,15,27,37]",16.76720886957485,0.9791135908425602
0.23661333333333331,0.4579941167049818,5,0.15194666666666581,19.743769743769853,6,32,"[1,4,15,27,37]",16.769331175522087,0.9791310114467546
0.23664,0.4580775969309569,5,0.15263999999999942,19.65408805031454,6,32,"[1,4,15,27,37]",16.770821252693416,0.9791437931454474
0.23664666666666664,0.4580984671714343,5,0.15281333333333305,19.631794782305246,6,32,"[1,4,15,27,37]",16.77116492492743,0.9791468286156025
0.23668,0.4582028194758938,5,0.15368000000000026,19.521082769390908,6,32,"[1,4,15,27,37]",16.7727102439738,0.9791610485876813
0.23671333333333333,0.4583071736137827,5,0.1545466666666666,19.411612457941512,6,32,"[1,4,15,27,37]",16.77396720190591,0.9791736767866206
0.23671999999999999,0.4583280446609693,5,0.15471999999999936,19.38986556359884,6,32,"[1,4,15,27,37]",16.774183992239195,0.9791760118337592
0.23674666666666666,0.4584115295805237,5,0.15541333333333296,19.3033630748113,6,32,"[1,4,15,27,37]",16.77493581095043,0.9791847178247034
0.23678,0.45851588737153903,5,0.1562800000000002,19.196314307652905,6,32,"[1,4,15,27,37]",16.7756160262092,0.9791941755054975
0.23679999999999998,0.45857850291989566,5,0.1567999999999993,19.132653061224573,6,32,"[1,4,15,27,37]",16.77588568623664,0.9791990913825735
0.23681333333333332,0.45862024698225123,5,0.15714666666666655,19.090446292211112,6,32,"[1,4,15,27,37]",16.776007745525344,0.979202052825524
0.23684666666666665,0.4587246084080825,5,0.1578400000000002,19.006588950836267,6,32,"[1,4,15,27,37]",16.77611080932173,0.9792083519749571
0.23687999999999998,0.4588289716444549,5,0.15744000000000025,19.05487804878046,6,32,"[1,4,15,27,37]",16.77592500041213,0.9792130743373579
0.23691333333333334,0.458933336686791,5,0.1570400000000003,19.103413143148206,6,32,"[1,4,15,27,37]",16.775450043784424,0.9792162204884333
0.23694666666666667,0.4590377035305121,5,0.15663999999999945,19.15219611848832,6,32,"[1,4,15,27,37]",16.774685606355924,0.9792177901938167
0.23695999999999998,0.4590794507713631,5,0.15648000000000062,19.171779141104217,6,32,"[1,4,15,27,37]",16.77429869104787,0.9792179764639195
0.23698,0.459142072171041,5,0.15623999999999993,19.20122887864824,6,32,"[1,4,15,27,37]",16.773631296700312,0.9792177824058612
0.23701333333333333,0.4592464426037988,5,0.15583999999999998,19.25051334702259,6,32,"[1,4,15,27,37]",16.772286664746062,0.979216195259433
0.23704,0.45932994023733376,5,0.1555200000000001,19.29012345679011,6,32,"[1,4,15,27,37]",16.77100158703844,0.9792137866257603
0.23704666666666666,0.45935081482420775,5,0.15544000000000047,19.300051466803854,6,32,"[1,4,15,27,37]",16.770651201445823,0.9792130260666946
0.23707999999999999,0.45945518882768965,5,0.15503999999999962,19.349845201238438,6,32,"[1,4,15,27,37]",16.768724338416614,0.9792082713108611
0.23711333333333331,0.4595595646096658,5,0.1546400000000001,19.399896533885137,6,32,"[1,4,15,27,37]",16.766505447550443,0.979201926638914
0.23712,0.45958043997907755,5,0.15456000000000003,19.409937888198755,6,32,"[1,4,15,27,37]",16.766026566534027,0.979200466472169
0.23714666666666664,0.4596639421655581,5,0.15424000000000015,19.450207468879647,6,32,"[1,4,15,27,37]",16.763993840594406,0.9791939868532491
0.23718,0.45976832149078783,5,0.1538400000000002,19.500780031201224,6,32,"[1,4,15,27,37]",16.76118876870068,0.9791844459022437
0.2372,0.4598309499333029,5,0.15359999999999996,19.531250000000004,6,32,"[1,4,15,27,37]",16.759364528021838,0.9791779499314505
0.23721333333333333,0.45987270258077634,5,0.15344000000000024,19.551616266944702,6,32,"[1,4,15,27,37]",16.75808942194515,0.9791732968697098
0.23724666666666666,0.45997708543094507,5,0.15303999999999984,19.602718243596467,6,32,"[1,4,15,27,37]",16.75469492881443,0.9791605319632131
0.23728,0.46008147003671535,5,0.1526399999999999,19.65408805031448,6,32,"[1,4,15,27,37]",16.751004355660843,0.9791461425012263
0.23731333333333332,0.4601858563935083,5,0.15224000000000038,19.7057277982133,6,32,"[1,4,15,27,37]",16.747016706124533,0.9791301188990819
0.23734666666666665,0.4602902444967449,5,0.15184000000000042,19.757639620653265,6,32,"[1,4,15,27,37]",16.742730920521993,0.9791124506536917
0.23736,0.4603320002260181,5,0.15168000000000026,19.778481012658194,6,32,"[1,4,15,27,37]",16.74093287864896,0.9791049203251164
0.23737999999999998,0.4603946343418463,5,0.15144000000000002,19.80982567353407,6,32,"[1,4,15,27,37]",16.738145875200722,0.9790931263269951
0.23741333333333334,0.4604990259242336,5,0.15103999999999962,19.86228813559327,6,32,"[1,4,15,27,37]",16.733260381858663,0.9790721335280914
0.23743999999999998,0.4605825404379118,5,0.1507200000000002,19.90445859872609,6,32,"[1,4,15,27,37]",16.729134824360894,0.9790541290422485
0.23744666666666667,0.46060341923932735,5,0.1506400000000001,19.91502920870949,6,32,"[1,4,15,27,37]",16.72807318682846,0.9790494588940166
0.23748,0.46070781428254864,5,0.15024000000000015,19.96805111821084,6,32,"[1,4,15,27,37]",16.722582970324762,0.9790250880691105
0.23751333333333333,0.4608122110493179,5,0.14983999999999975,20.021356113187434,6,32,"[1,4,15,27,37]",16.716788345654386,0.9789990056829255
0.23751999999999998,0.46083309060909455,5,0.14976000000000012,20.032051282051267,6,32,"[1,4,15,27,37]",16.715592764952344,0.9789935823929111
0.23754666666666666,0.4609166095350559,5,0.1494399999999998,20.07494646680945,6,32,"[1,4,15,27,37]",16.710687858388376,0.9789711953266238
0.23757999999999999,0.4610210097351834,5,0.14904000000000028,20.128824476650525,6,32,"[1,4,15,27,37]",16.70427998549452,0.9789416395277961
0.23759999999999998,0.46108365067626167,5,0.14880000000000004,20.16129032258064,6,32,"[1,4,15,27,37]",16.70028705707877,0.9789230605601661
0.23761333333333332,0.46112541164512066,5,0.14864000000000033,20.182992465016103,6,32,"[1,4,15,27,37]",16.697563134429934,0.9789103197236464
0.23764666666666664,0.4612298152602881,5,0.14823999999999993,20.237452779276857,6,32,"[1,4,15,27,37]",16.690535642191854,0.9788772162324657
0.23768,0.46133422057610635,5,0.14783999999999953,20.292207792207858,6,32,"[1,4,15,27,37]",16.683195774326542,0.9788423082233292
0.23771333333333333,0.4614386275879953,5,0.14744000000000002,20.34725990233315,6,32,"[1,4,15,27,37]",16.67554172389395,0.978805573683934
0.23774666666666666,0.4615430362913753,5,0.14704000000000006,20.402611534276378,6,32,"[1,4,15,27,37]",16.667571610387718,0.9787669893864924
0.23776,0.46158480024531906,5,0.14687999999999946,20.424836601307266,6,32,"[1,4,15,27,37]",16.664294631896233,0.978751032294791
0.23778,0.4616474466816665,5,0.14664000000000055,20.458265139116126,6,32,"[1,4,15,27,37]",16.659283478608888,0.9787265308515973
0.23781333333333332,0.46175185875428904,5,0.1462399999999997,20.5142231947484,6,32,"[1,4,15,27,37]",16.65067529749184,0.978684172309958
0.23784,0.46183538962058773,5,0.14591999999999983,20.559210526315812,6,32,"[1,4,15,27,37]",16.64355690301676,0.9786488993065969
0.23784666666666665,0.46185627250466266,5,0.1458400000000002,20.5704882062534,6,32,"[1,4,15,27,37]",16.641744958881148,0.9786398866619079
0.23787999999999998,0.46196068792820744,5,0.14544000000000024,20.627062706270593,6,32,"[1,4,15,27,37]",16.632490276257595,0.9785936454345748
0.23791333333333334,0.46206510502034326,5,0.14504000000000028,20.683949255377787,6,32,"[1,4,15,27,37]",16.622908983411953,0.9785454187365981
0.23792,0.4620859886385982,5,0.14495999999999976,20.69536423841063,6,32,"[1,4,15,27,37]",16.62095332649836,0.9785355324074148
0.23794666666666667,0.46216952377648957,5,0.14464000000000032,20.741150442477828,6,32,"[1,4,15,27,37]",16.612998733064643,0.978495175210268
0.23795333333333332,0.4621904077269971,5,0.1445599999999998,20.75262866629776,6,32,"[1,4,15,27,37]",16.61097699574254,0.9784848816199219
0.23798,0.46227394419206647,5,0.14423999999999992,20.798668885191358,6,32,"[1,4,15,27,37]",16.602757095429563,0.9784428819809575
0.23798666666666665,0.4622948284739103,5,0.1441600000000003,20.81021087680351,6,42,"[1,4,15,27,37]",16.600668781710528,0.9784321743678441
0.238,0.46233659723603354,5,0.14399999999999968,20.83333333333338,6,42,"[1,4,15,27,37]",16.596452004755708,0.9784105079238303
0.23801333333333333,0.4623783662624931,5,0.14383999999999997,20.856507230255843,6,42,"[1,4,15,27,37]",16.59218155672007,0.9783885046037035
0.23801999999999998,0.4623992508747574,5,0.14376000000000033,20.868113522537513,6,42,"[1,4,15,27,37]",16.590026153631,0.9783773758854792
0.23804666666666666,0.4624827899831893,5,0.14344000000000046,20.914668153931892,6,42,"[1,4,15,27,37]",16.581269517595192,0.9783320070067884
0.23805333333333334,0.462503674924958,5,0.14336000000000038,20.92633928571423,6,48,"[1,4,15,27,37]",16.57904649486026,0.9783204497687139
0.23807999999999999,0.46258721534957464,5,0.1430400000000005,20.973154362416032,6,48,"[1,4,15,27,37]",16.570018291543793,0.9782733514321624
0.23808666666666667,0.46260810061993135,5,0.14295999999999953,20.9848908785675,6,48,"[1,4,15,27,37]",16.567727101253784,0.9782613579147931
0.23811333333333332,0.4626916423570683,5,0.14226000000000083,21.08814846056504,6,48,"[1,4,6,15,37]",16.560747964201887,0.9782269047368919
0.23812,0.4627125279550968,5,0.14204000000000017,21.120811039143877,6,48,"[1,4,6,15,37]",16.55924988959267,0.9782198023051947
0.23814666666666665,0.4627960710010895,5,0.14116000000000073,21.252479455936417,6,48,"[1,4,6,15,37]",16.55315169494239,0.9781906399402496
0.23815333333333333,0.4628169569258741,5,0.14094000000000007,21.285653469561506,6,48,"[1,4,6,15,37]",16.551600530512985,0.9781831593722113
0.23815999999999998,0.4628378429158998,5,0.14072000000000107,21.31893121091513,6,48,"[1,4,6,15,37]",16.55003866263892,0.9781756020764396
0.23818,0.46290050127705773,5,0.14006000000000074,21.419391689275912,6,48,"[1,4,6,15,37]",16.54528854971951,0.9781524660715514
0.23818666666666666,0.46292138752768186,5,0.13983999999999996,21.453089244851263,6,48,"[1,4,6,15,37]",16.54368357877761,0.9781445980987279
0.23821333333333333,0.4630049331803921,5,0.13896000000000064,21.588946459412682,6,48,"[1,4,6,15,37]",16.53715491220642,0.9781123360462745
0.23822,0.46302581975593987,5,0.13873999999999986,21.623180049012564,6,48,"[1,4,6,15,37]",16.53549540154173,0.9781040710258303
0.23823999999999998,0.4630884798716848,5,0.1380800000000012,21.726535341830633,6,48,"[1,4,6,15,37]",16.530450764355734,0.9780787907385955
0.23824666666666666,0.4631093667065117,5,0.13786000000000054,21.76120702161605,6,48,"[1,4,6,15,37]",16.528747082624797,0.9780702008750296
0.23825333333333332,0.46313025360606663,5,0.13763999999999976,21.79598953792506,6,48,"[1,4,6,15,37]",16.52703228207528,0.9780615287731107
0.23828,0.4632138018508356,5,0.13676000000000044,21.93623866627662,6,48,"[1,4,6,15,37]",16.520061275545252,0.9780260095786695
0.23828666666666665,0.4632346890734816,5,0.13654000000000144,21.97158341877815,6,44,"[1,4,6,15,37]",16.518290417548034,0.9780169199528889
0.23831333333333332,0.46331823860878246,5,0.13566000000000034,22.11410880141525,6,44,"[1,4,6,15,37]",16.511093617611348,0.9779797090988656
0.23831999999999998,0.46333912615360356,5,0.13544000000000134,22.150029533372493,6,44,"[1,4,6,15,37]",16.509265916737938,0.9779701910798517
0.23832,0.46333912615360356,5,0.13543999999999967,22.150029533372766,6,44,"[1,4,6,15,37]",16.509265916737927,0.9779701910798517
0.23834666666666665,0.4634226769757715,5,0.13456000000000023,22.29488703923896,6,44,"[1,4,6,15,37]",16.501840145183557,0.9779312442038826
0.23835333333333333,0.4634435648418514,5,0.13433999999999957,22.331397945511462,6,44,"[1,4,6,15,37]",16.49995479765898,0.9779212864758324
0.23837999999999998,0.4635271169472217,5,0.13346000000000013,22.47864528697735,6,44,"[1,4,6,15,37]",16.492296801900487,0.9778805573892576
0.23838666666666666,0.46354800513364375,5,0.13323999999999947,22.515761032722995,6,44,"[1,4,6,15,37]",16.490352985105126,0.9778701481694343
0.2384,0.4635897816983271,5,0.1327999999999998,22.590361445783167,6,44,"[1,4,6,15,37]",16.48642993489064,0.9778490539703457
0.23841333333333334,0.4636315585185514,5,0.13236000000000014,22.66545784224839,6,44,"[1,4,6,15,37]",16.482459436152848,0.9778275887730731
0.23842,0.46365244702439956,5,0.13213999999999937,22.703193582564055,6,44,"[1,4,6,15,37]",16.480456308106504,0.9778167157901823
0.23844666666666667,0.46373600168517937,5,0.13126000000000004,22.855401493219556,6,44,"[1,4,6,15,37]",16.47232379846735,0.9777722759854927
0.23845333333333332,0.46375689050953756,5,0.13104000000000104,22.893772893772713,6,44,"[1,4,6,15,37]",16.470260497294895,0.9777609264568714
0.23848,0.46384044644252437,5,0.13015999999999994,23.048555623847584,6,44,"[1,4,6,15,37]",16.46188553879583,0.9777145540522032
0.23848666666666665,0.4638613355844761,5,0.12994000000000094,23.087578882561015,6,44,"[1,4,6,15,37]",16.459761182173178,0.9777027146597431
0.23851333333333333,0.4639448927860049,5,0.12905999999999984,23.245002324500263,6,44,"[1,4,6,15,37]",16.45114020370584,0.977654355271383
0.23851999999999998,0.46396578224463403,5,0.12884000000000084,23.284694194349427,6,44,"[1,4,6,15,37]",16.44895388828592,0.9776420121361131
0.23854666666666666,0.4640493407110393,5,0.12795999999999974,23.444826508283885,6,44,"[1,4,6,15,37]",16.440083233468137,0.9775916090837935
0.23855333333333334,0.46407023048542967,5,0.12773999999999908,23.485204321277767,6,44,"[1,4,6,15,37]",16.43783403428566,0.9775787477390331
0.23856,0.4640911203228619,5,0.12752000000000008,23.525721455457955,6,44,"[1,4,6,15,37]",16.43557214540925,0.9775657809626761
0.23858,0.4641537902130462,5,0.12685999999999964,23.64811603342274,6,44,"[1,4,6,15,37]",16.42870995903649,0.9775262419355512
0.23858666666666667,0.4641746803022811,5,0.12664000000000075,23.689197725836877,6,44,"[1,4,6,15,37]",16.426396928890608,0.9775128472985493
0.23861333333333332,0.46425824128744375,5,0.12576000000000132,23.85496183206082,6,44,"[1,4,6,15,37]",16.417015598915206,0.977458177133126
0.23862,0.4642791316906069,5,0.12554000000000065,23.896765971005134,6,44,"[1,4,6,15,37]",16.41463776772884,0.9774442334750807
0.23864,0.4643418032760042,5,0.12488000000000021,24.023062139654026,6,44,"[1,4,6,15,37]",16.407425642179085,0.9774017293440049
0.23864666666666665,0.4643626939296503,5,0.12466000000000121,24.065458045884572,6,44,"[1,4,6,15,37]",16.404995255908567,0.977387334690054
0.23865333333333333,0.4643835846458256,5,0.12444000000000055,24.10800385728051,6,44,"[1,4,6,15,37]",16.40255163006401,0.9773728256044178
0.23868,0.464467148135084,5,0.12355999999999945,24.279702168986837,6,44,"[1,4,6,15,37]",16.392643913747733,0.977313631164842
0.23868666666666666,0.4644880391633547,5,0.12334000000000045,24.32300956705034,6,44,"[1,4,6,15,37]",16.39013347539664,0.9772985395337942
0.23871333333333333,0.46457160389916297,5,0.12245999999999935,24.49779519843227,6,44,"[1,4,6,15,37]",16.379956433588838,0.9772369794894828
0.23872,0.46459249523861296,5,0.12224000000000035,24.541884816753857,6,44,"[1,4,6,15,37]",16.377378139935747,0.977221287448452
0.23874666666666666,0.4646760612173052,5,0.12135999999999925,24.719841793012677,6,44,"[1,4,6,15,37]",16.36692755037596,0.9771572887879663
0.23875333333333332,0.4646969528670182,5,0.12114000000000025,24.764735017335266,6,44,"[1,4,6,15,37]",16.364280332934428,0.9771409776880772
0.23878,0.46478052008492887,5,0.12026000000000092,24.9459504407116,6,44,"[1,4,6,15,37]",16.35355186906389,0.9770744641841344
0.23878666666666665,0.46480141204398806,5,0.12004000000000015,24.991669443518795,6,44,"[1,4,6,15,37]",16.350834632883377,0.9770575145524362
0.23879999999999998,0.4648431961473479,5,0.11960000000000048,25.083612040133676,6,44,"[1,4,6,15,37]",16.345357702833557,0.9770232241127588
0.23881333333333332,0.4648849804974518,5,0.11916000000000082,25.176233635447964,6,44,"[1,4,6,15,37]",16.3398238606925,0.9769884065981597
0.23882,0.46490587276494105,5,0.11894000000000016,25.222801412476844,6,44,"[1,4,6,15,37]",16.337035483555013,0.9769707980954921
0.23884666666666665,0.46498944245029183,5,0.11806000000000072,25.41080806369627,6,44,"[1,4,6,15,37]",16.325737858307143,0.9768990125308985
0.23885333333333333,0.46501033502529476,5,0.11784000000000006,25.45824847250508,6,44,"[1,4,6,15,37]",16.322877189892,0.9768807239072361
0.23887999999999998,0.4650939059388666,5,0.11696000000000062,25.649794801641452,6,44,"[1,4,6,15,37]",16.3112880527165,0.9768061738352914
0.23888666666666666,0.4651147988204667,5,0.11673999999999995,25.69813260236424,6,44,"[1,4,6,15,37]",16.308353913731935,0.9767871828823924
0.23891333333333334,0.46519837095859445,5,0.11586000000000063,25.89331952356278,6,44,"[1,4,6,15,37]",16.296468488081047,0.9767097774739373
0.23892,0.46521926414587483,5,0.11563999999999985,25.94258042199934,6,44,"[1,4,6,15,37]",16.293459669360665,0.9766900609751179
0.23894666666666667,0.46530283750489215,5,0.11476000000000053,26.141512722202737,6,44,"[1,4,6,15,37]",16.281273057323073,0.9766097052618932
0.23895333333333332,0.4653237309969369,5,0.11453999999999975,26.19172341540079,6,44,"[1,4,6,15,37]",16.278188318885842,0.9765892389387268
0.23895999999999998,0.4653446245498243,5,0.11432000000000075,26.24212736179129,6,44,"[1,4,6,15,37]",16.275088244927428,0.976568619639902
0.23898,0.4654073055731777,5,0.11366000000000043,26.39450994193198,6,44,"[1,4,6,15,37]",16.26569549735037,0.9765058335936851
0.23898666666666665,0.46542819936907026,5,0.11343999999999965,26.445698166431676,6,44,"[1,4,6,15,37]",16.262533567422057,0.9764845920494143
0.23901333333333333,0.4655117751588689,5,0.11256000000000033,26.65245202558628,6,44,"[1,4,6,15,37]",16.249729384083683,0.9763980331534295
0.23901999999999998,0.4655326692576923,5,0.11234000000000133,26.704646608509567,6,44,"[1,4,6,15,37]",16.246488958078107,0.9763759898128617
0.23904,0.46559535191687396,5,0.11167999999999922,26.862464183381274,6,44,"[1,4,6,15,37]",16.2366723121743,0.9763088733512155
0.23904666666666666,0.4656162462573826,5,0.11146000000000023,26.91548537591956,6,44,"[1,4,6,15,37]",16.233368127278837,0.9762861686068917
0.23905333333333334,0.46563714065822104,5,0.11123999999999956,26.968716289104744,6,44,"[1,4,6,15,37]",16.230047866736577,0.9762632956525316
0.23908,0.4657207188641367,5,0.11036000000000012,27.183762232692974,6,44,"[1,4,6,15,37]",16.216604965133016,0.9761700982742021
0.23908666666666667,0.465741613566073,5,0.11013999999999946,27.23806065008185,6,44,"[1,4,6,15,37]",16.213203496616046,0.9761463665783581
0.23911333333333332,0.4658251929745482,5,0.10926000000000002,27.457440966501917,6,44,"[1,4,6,15,37]",16.199432958664456,0.9760496737818694
0.23912,0.46584608797666616,5,0.10903999999999936,27.512839325018504,6,44,"[1,4,6,15,37]",16.195948872603736,0.9760250528344404
0.23914666666666665,0.46592966858403456,5,0.10815999999999992,27.736686390532565,6,44,"[1,4,6,15,37]",16.181844985854266,0.9759247396926011
0.23915333333333333,0.46595056388541767,5,0.10793999999999926,27.793218454697247,6,44,"[1,4,6,15,37]",16.178276835348562,0.975899197524242
0.23918,0.4660341456880129,5,0.10705999999999993,28.021670091537473,6,44,"[1,4,6,15,37]",16.163833735538155,0.9757951331113454
0.23918666666666666,0.46605504128774433,5,0.10684000000000093,28.07937102208886,6,44,"[1,4,6,15,37]",16.16018003510138,0.9757686362116715
0.2392,0.46609683266584956,5,0.1063999999999995,28.195488721804644,6,44,"[1,4,6,15,37]",16.15282069769716,0.9757150556660467
0.23921333333333333,0.46613862428190034,5,0.10595999999999983,28.312570781427,6,44,"[1,4,6,15,37]",16.1453917010357,0.9756606832658254
0.23922,0.46615952017906354,5,0.10574000000000083,28.371477208246418,6,44,"[1,4,6,15,37]",16.14165092528981,0.9756331964962965
0.23924666666666666,0.4662431043611139,5,0.10485999999999973,28.609574670989964,6,44,"[1,4,6,15,37]",16.12651117350322,0.9755212110597083
0.23925333333333332,0.46626400055479233,5,0.10464000000000073,28.669724770642002,6,44,"[1,4,6,15,37]",16.12268175581479,0.9754926975608056
0.23928,0.4663475859210704,5,0.10375999999999963,28.91287586738638,6,44,"[1,4,6,15,37]",16.107184234996783,0.9753765285963967
0.23928666666666665,0.4663684824103477,5,0.10354000000000063,28.9743094456247,6,44,"[1,4,6,15,37]",16.10326456605312,0.9753469496886675
0.23932,0.46647296574114644,5,0.10244000000000064,29.28543537680575,6,44,"[1,4,6,15,37]",16.083391177552304,0.9751957537497864
0.23935333333333333,0.4665774505426056,5,0.10134000000000054,29.60331557134383,6,44,"[1,4,6,15,37]",16.06305318640086,0.9750389006517631
0.23936,0.4665983476789732,5,0.10111999999999977,29.66772151898741,6,44,"[1,4,6,15,37]",16.058929079967378,0.9750068320372545
0.23938666666666666,0.46668193681014164,5,0.10024000000000044,29.928172386272813,6,44,"[1,4,6,15,37]",16.04224195525732,0.9748761707541742
0.23942,0.4667864245391715,5,0.09914000000000034,30.260238047205867,6,44,"[1,4,6,15,37]",16.020948605020376,0.9747073332430729
0.23944,0.4668491178761998,5,0.0984799999999999,30.463038180341215,6,44,"[1,4,6,15,37]",16.007937390502036,0.9746029986508015
0.23945333333333332,0.4668909137251118,5,0.09804000000000024,30.59975520195831,6,44,"[1,4,6,15,37]",15.999164006121195,0.9745321454626789
0.23948666666666665,0.4669954043633791,5,0.09694000000000014,30.946977511862965,6,44,"[1,4,6,15,37]",15.976878769417738,0.9743503522009724
0.23951999999999998,0.46709989644939,5,0.09584000000000004,31.302170283806333,6,44,"[1,4,6,15,37]",15.954083236670773,0.9741616849256275
0.23955333333333334,0.4672043899785611,5,0.09474000000000005,31.66561114629511,6,44,"[1,4,6,15,37]",15.93076747057884,0.9739658609664257
0.23958666666666667,0.4673088849463084,5,0.15628000000000064,19.19631430765285,6,22,"[1,15,31,37,46]",16.854469998227387,0.9797502795235333
0.23959999999999998,0.46735068333518204,5,0.15639999999999965,19.181585677749403,6,22,"[1,6,15,37,46]",16.817798562908376,0.9795746832371204
0.23962,0.46741338134804855,5,0.15657999999999994,19.15953506194917,6,22,"[1,6,15,37,46]",16.819119466464468,0.9795814952826524
0.23965333333333333,0.46751787917919785,5,0.15687999999999924,19.12289648138714,6,22,"[1,6,15,37,46]",16.821178340647933,0.9795921013753608
0.23967999999999998,0.4676014784702112,5,0.15711999999999904,19.093686354378935,6,22,"[1,6,15,37,46]",16.822695643137493,0.9795999054849392
0.23968666666666666,0.4676223784351722,5,0.15717999999999854,19.086397760529508,6,22,"[1,6,15,37,46]",16.823056773401127,0.9796017609902992
0.23972,0.46772687911138805,5,0.15747999999999962,19.050038100076247,6,22,"[1,6,15,37,46]",16.82475222535358,0.9796104593809856
0.23975333333333332,0.4678313812032614,5,0.1577800000000007,19.013816706806864,6,22,"[1,15,31,37,46]",16.85093891637236,0.9797344412624763
0.23976,0.46785228179111155,5,0.1578400000000002,19.006588950836267,6,22,"[1,15,31,37,46]",16.850637778127542,0.9797330553611495
0.23978666666666665,0.4679358847062081,5,0.15808,18.977732793522268,6,22,"[1,15,31,37,46]",16.849308826068388,0.9797269246624831
0.23982,0.4680403896156445,5,0.1583799999999993,18.94178557898733,6,22,"[1,6,15,37,46]",16.828714324767816,0.9796306306756144
0.23984,0.4681030932345142,5,0.15856000000000137,18.92028254288581,6,22,"[1,15,31,37,46]",16.846050606228665,0.9797118250960611
0.23985333333333334,0.4681448959269862,5,0.1586799999999986,18.905974287875136,6,22,"[1,6,15,37,46]",16.829651143027963,0.9796353244462871
0.23988666666666666,0.4682494036356491,5,0.15898000000000145,18.87029815071061,6,22,"[1,15,31,37,46]",16.842537708069862,0.979695474143429
0.23992,0.46835391273704896,5,0.15928000000000075,18.83475640381709,6,22,"[1,15,31,37,46]",16.839646830262872,0.9796819786796227
0.23995333333333332,0.4684584232266015,5,0.15958000000000006,18.7993482892593,6,22,"[1,6,15,37,46]",16.831269614183714,0.9796430640400742
0.23998666666666665,0.4685629350997226,5,0.15987999999999936,18.76407305479117,6,22,"[1,6,15,37,46]",16.831401672390815,0.9796434651521231
0.24,0.4686047402353432,5,0.16000000000000014,18.749999999999982,6,22,"[1,15,31,37,46]",16.831396166740134,0.9796433121456568
0.24001999999999998,0.46866744835182755,5,0.16018000000000043,18.728929953801924,6,22,"[1,6,37,40,46]",16.83545034616833,0.979661935870778
0.24005333333333334,0.468771962978332,5,0.1604800000000015,18.693918245264033,6,22,"[1,6,37,40,46]",16.841919974665476,0.9796913012878369
0.24008,0.46885557566602243,5,0.1607200000000013,18.666002986560326,6,22,"[1,6,37,40,46]",16.846836655397922,0.979713289485051
0.24008666666666667,0.46887647897465146,5,0.1607800000000008,18.65903719368071,6,22,"[1,6,37,40,46]",16.84802979560877,0.9797185778445667
0.24012,0.4689809963362014,5,0.1610800000000001,18.624286069034007,6,22,"[1,6,37,40,46]",16.8537789452754,0.979743768256631
0.24015333333333333,0.4690855150583969,5,0.1613799999999994,18.589664146734485,6,22,"[1,6,15,37,46]",16.82886072980194,0.979628162453445
0.24015999999999998,0.4691064189657101,5,0.1614400000000007,18.582755203171377,6,22,"[1,6,37,40,46]",16.860200407716004,0.9797712441240287
0.24018666666666666,0.4691900351366536,5,0.1616800000000005,18.555170707570454,6,22,"[1,6,37,40,46]",16.86419104786849,0.9797878922369578
0.24022,0.4692945565663865,5,0.1619799999999998,18.520805037658995,6,22,"[1,6,15,37,46]",16.826285648030378,0.9796135162741365
0.24023999999999998,0.46935727007102745,5,0.16216000000000008,18.50024666995559,6,22,"[1,6,37,40,46]",16.871472451876592,0.9798171750632398
0.24025333333333332,0.46939907934301084,5,0.1622799999999991,18.48656642839547,6,22,"[1,6,15,37,46]",16.824649378827893,0.9796042613627781
0.24028666666666665,0.46950360346194187,5,0.1625799999999984,18.452454176405645,6,22,"[1,6,15,37,46]",16.82277542204452,0.9795936802823928
0.24031999999999998,0.4696081289185944,5,0.16288000000000125,18.418467583496913,6,22,"[1,6,37,40,46]",16.880632889420045,0.9798510189784662
0.24032,0.4696081289185945,5,0.16287999999999947,18.41846758349711,6,22,"[1,6,15,37,46]",16.820659745615323,0.9795817428244428
0.24035333333333334,0.46971265570838366,5,0.09484000000000081,31.632222690847474,6,44,"[1,4,6,15,46]",15.780494548849143,0.973033388850131
0.24038666666666667,0.4698171838267246,5,0.09624000000000021,31.17206982543634,6,44,"[1,4,6,15,46]",15.810446674102426,0.9732785186643941
0.2404,0.46985899544502824,5,0.09680000000000066,30.99173553718987,6,44,"[1,4,6,15,46]",15.822133738572536,0.9733730909811451
0.24042,0.4699217132690318,5,0.09763999999999962,30.725112658746536,6,44,"[1,4,6,15,46]",15.83935277618348,0.9735113312847206
0.24045333333333332,0.47002624403072024,5,0.09903999999999902,30.290791599354097,6,44,"[1,4,6,15,46]",15.867228582033906,0.9737323611861569
0.24048,0.4701098695869445,5,0.10015999999999992,29.95207667731632,6,44,"[1,4,6,15,46]",15.888797465418616,0.9739010369094026
0.24048666666666665,0.47013077610720494,5,0.1004400000000002,29.868578255674972,6,44,"[1,4,6,15,46]",15.894089010640851,0.973942105653949
0.24051999999999998,0.47023530949390024,5,0.1018399999999996,29.457973291437664,6,44,"[1,4,6,15,46]",15.919948200693693,0.9741410273064274
0.24055333333333334,0.4703398441862212,5,0.10324000000000066,29.058504455637163,6,44,"[1,4,6,15,46]",15.944819536322353,0.9743295564007461
0.24056,0.47036075128095683,5,0.10351999999999917,28.979907264296987,6,44,"[1,4,6,15,46]",15.949676387028168,0.9743660508231254
0.24058666666666667,0.470444380179582,5,0.10464000000000007,28.669724770642183,6,44,"[1,4,6,15,46]",15.968715671023478,0.9745080929404336
0.24062,0.47054891746939737,5,0.10603999999999947,28.291210863825114,6,44,"[1,4,6,15,46]",15.991648549876967,0.9746770086018411
0.24064,0.47061164046367715,5,0.1068800000000002,28.06886227544905,6,44,"[1,4,6,15,46]",16.00495062543482,0.974773884598795
0.24065333333333333,0.4706534560510817,5,0.10744000000000065,27.92256142963498,6,44,"[1,4,6,15,46]",16.01362943014437,0.9748366484948416
0.24068666666666666,0.4707579959200497,5,0.10884000000000005,27.563395810363826,6,44,"[1,4,6,15,46]",16.034668900335838,0.9749873327716102
0.24072,0.4708625370717152,5,0.11023999999999945,27.213352685050936,6,44,"[1,4,6,15,46]",16.054776897824983,0.9751293580959326
0.24075333333333332,0.47096707950149314,5,0.11163999999999885,26.872088857040765,6,44,"[1,4,6,15,46]",16.0739627250848,0.9752629989842363
0.24078666666666665,0.4710716232047974,5,0.11304000000000003,26.539278131634813,6,44,"[1,4,6,15,46]",16.092235064611618,0.9753885090284182
0.2408,0.4711134410416792,5,0.1135999999999987,26.408450704225654,6,44,"[1,4,6,15,46]",16.099290053004037,0.9754364894186113
0.24082,0.4711761681770422,6,0.09394000000000016,31.935277836917127,6,112,"[1,4,6,15,18,46]",14.106253418202316,0.9608770624281305
0.24085333333333334,0.4712807144136417,6,0.09450666666666718,31.74379232505626,6,112,"[1,4,10,15,27,46]",14.0851535609356,0.9614801849466276
0.24087999999999998,0.47136435231017504,6,0.09495999999999993,31.592249368155034,6,112,"[1,4,10,15,27,46]",14.09802015709498,0.9615915978407967
0.24088666666666667,0.47138526191001023,6,0.09507333333333357,31.55458943973066,6,112,"[1,4,10,15,27,46]",14.10115239841672,0.9616186294238503
0.24092,0.47148981066156154,6,0.09563999999999995,31.367628607277307,6,112,"[1,4,10,15,27,46]",14.11630983162344,0.9617489259050852
0.24095333333333332,0.47159436066370947,6,0.09620666666666658,31.182870209964687,6,112,"[1,4,6,15,18,46]",14.170389483631068,0.9613703157460286
0.24095999999999998,0.4716152708138072,6,0.09631999999999996,31.14617940199337,6,112,"[1,4,10,15,27,46]",14.133397065909596,0.9618947550660942
0.24098666666666665,0.4716989119118684,6,0.0967733333333336,31.000275558004876,6,112,"[1,4,10,15,27,46]",14.14412554890918,0.9619857135715558
0.24101999999999998,0.47180346440145177,6,0.09733999999999998,30.81980686254367,6,112,"[1,4,10,15,27,46]",14.156795077122355,0.9620924897841013
0.24103999999999998,0.47186619648917794,6,0.09767999999999999,30.712530712530715,6,112,"[1,4,10,15,27,46]",14.164003429665678,0.9621529112387875
0.24105333333333334,0.47190801812787386,6,0.09790666666666681,30.641427209587317,6,112,"[1,4,6,15,18,46]",14.210015025790005,0.9616574347129095
0.24108666666666667,0.47201257308654804,6,0.09847333333333386,30.465100534831603,6,112,"[1,4,6,15,18,46]",14.22164107404243,0.9617380694364593
0.24112,0.4721171292728881,6,0.09904000000000002,30.290791599353792,6,112,"[1,4,6,15,18,46]",14.232484018214613,0.9618113406868266
0.24115333333333333,0.47222168668230774,6,0.09960666666666684,30.118465966133407,6,112,"[1,4,10,15,27,46]",14.199325239867273,0.9624448679418545
0.24118666666666666,0.4723262453102205,6,0.10017333333333323,29.948089977372586,6,112,"[1,4,6,15,18,46]",14.251836595705418,0.9619361230881798
0.2412,0.47236806910153634,6,0.10039999999999968,29.880478087649497,6,112,"[1,4,6,15,18,46]",14.255335659188548,0.9619576360003746
0.24122,0.47243080515203995,6,0.10074000000000027,29.779630732578834,6,112,"[1,4,6,15,18,46]",14.260352982942829,0.9619877707376389
0.24125333333333332,0.4725353662031797,6,0.10130666666666688,29.613056067386093,6,112,"[1,4,10,15,27,46]",14.222761795648111,0.9626331118164932
0.24128,0.47261901591171984,6,0.10176000000000024,29.481132075471628,6,112,"[1,4,6,15,18,46]",14.273744547563133,0.9620628970471986
0.24128666666666665,0.47263992845905306,6,0.10187333333333326,29.448334533080317,6,112,"[1,4,10,15,27,46]",14.228974396524555,0.9626816997073284
0.24132,0.47274449191507356,6,0.1024400000000005,29.28543537680579,6,112,"[1,4,6,15,18,46]",14.281292592026213,0.9621003239852516
0.24135333333333334,0.47284905656665416,6,0.10300666666666666,29.124328522425735,6,112,"[1,4,6,15,18,46]",14.2867413740061,0.9621238102021867
0.24136,0.47286996964003397,6,0.1031199999999999,29.092319627618334,6,112,"[1,4,6,15,18,46]",14.287739428873396,0.9621276681358065
0.24138666666666667,0.4729536224092085,6,0.10357333333333371,28.964984552008133,6,112,"[1,4,15,18,31,46]",14.434380789037457,0.9642023151323439
0.24142,0.47305818943814987,6,0.10414000000000012,28.807374687920074,6,112,"[1,4,10,27,40,46]",14.653569441403654,0.9662187951693498
0.24144,0.4731209302230722,6,0.10447999999999968,28.713629402756595,6,112,"[1,4,10,27,40,46]",14.660963123799796,0.9662760326441688
0.24145333333333333,0.47316275764889115,6,0.10470666666666692,28.65147077549974,6,112,"[1,4,15,18,31,46]",14.447942792830878,0.9643078533452544
0.24148666666666666,0.47326732703684565,6,0.10527333333333308,28.497245266290992,6,112,"[1,4,15,18,31,46]",14.453547877000695,0.9643500520149657
0.24151999999999998,0.4733718975974264,6,0.10584000000000013,28.344671201814023,6,112,"[1,4,15,18,31,46]",14.458366198506672,0.9643851683066069
0.24155333333333334,0.4734764693260465,6,0.10640666666666715,28.19372219785715,6,112,"[1,4,15,18,31,46]",14.46239496844539,0.964413161380539
0.24158666666666667,0.4735810422181187,6,0.10697333333333381,28.044372429265735,6,112,"[1,4,10,27,40,46]",14.70654407386922,0.9666201041759438
0.24159999999999998,0.47362287169968664,6,0.1071999999999998,27.985074626865725,6,112,"[1,4,15,18,31,46]",14.46670233723586,0.964440282343269
0.24162,0.4736856162690562,6,0.10754000000000036,27.89659661521285,6,112,"[1,4,15,18,31,46]",14.468069941722675,0.9644475556638432
0.24165333333333333,0.47379019147427154,6,0.10810666666666657,27.750370004933423,6,112,"[1,4,10,27,40,46]",14.722191855933106,0.9667318213534967
0.24167999999999998,0.4738738524664415,6,0.10855999999999946,27.634487840825486,6,112,"[1,4,15,18,31,46]",14.470437791043354,0.9644534949346516
0.24168666666666666,0.4738947678291778,6,0.10867333333333357,27.605668363903995,6,112,"[1,4,15,18,31,46]",14.47053933637306,0.9644526681958848
0.24172,0.4739993453291877,6,0.10924000000000023,27.46246796045399,6,112,"[1,4,10,27,40,46]",14.734623645997312,0.9668148185442943
0.24175333333333332,0.47410392396971396,6,0.10980666666666677,27.320745552789724,6,112,"[1,4,15,18,31,46]",14.46976044523538,0.9644277276708833
0.24175999999999997,0.4741248398342775,6,0.10992000000000002,27.29257641921397,6,112,"[1,4,15,18,31,46]",14.469501971451061,0.9644235445296051
0.24178666666666665,0.47420850374616913,6,0.11037333333333299,27.180478376419508,6,112,"[1,4,10,27,40,46]",14.743794507156869,0.9668682563821541
0.24182,0.47431308465396615,6,0.11093999999999996,27.041644131963235,6,112,"[1,4,15,18,31,46]",14.465680944490018,0.9643717424527427
0.24184,0.47437583373977976,6,0.11127999999999982,26.959022286125133,6,112,"[1,4,10,27,40,46]",14.748747185861456,0.9668890138446025
0.24185333333333334,0.4744176666885171,6,0.11150666666666709,26.904220973334827,6,112,"[1,4,10,27,40,46]",14.749650175693953,0.9668910659258795
0.24188666666666667,0.4745222498452348,6,0.11207333333333347,26.768187496282163,6,112,"[1,4,10,27,40,46]",14.751315202673437,0.9668905829176344
0.24192,0.47462683411953166,6,0.11264000000000021,26.633522727272677,6,112,"[1,4,15,18,31,46]",14.453233741311712,0.9642267898105562
0.24195333333333333,0.47473141950682024,6,0.11210000000000017,26.761819803746615,6,112,"[1,4,10,27,40,46]",14.75207488194094,0.9668648878086438
0.24198666666666666,0.47483600600251263,6,0.11060000000000078,27.124773960216807,6,112,"[1,4,10,27,40,46]",14.751149650225662,0.9668392384925194
0.242,0.47487784091011526,6,0.11000000000000032,27.272727272727195,6,112,"[1,4,10,27,40,46]",14.750532550661498,0.9668265127443538
0.24201999999999999,0.47494059360202145,6,0.10910000000000139,27.49770852428929,6,112,"[1,4,10,27,40,46]",14.749339971570768,0.9668047295789455
0.24205333333333334,0.4750451823007589,6,0.10760000000000025,27.881040892193244,6,112,"[1,4,10,27,40,46]",14.746634158408432,0.966761090136543
0.24208,0.47512885404811017,6,0.10640000000000108,28.195488721804224,6,112,"[1,4,10,27,40,46]",14.743815967214303,0.9667194076424167
0.24208666666666667,0.4751497720941369,6,0.10609999999999908,28.275212064090724,6,112,"[1,4,10,27,40,46]",14.743019786374347,0.9667080258424322
0.24212,0.475254362977568,6,0.1045999999999997,28.68068833652016,6,112,"[1,4,10,27,40,46]",14.73848367059587,0.9666452174024656
0.24215333333333333,0.4753589549464642,6,0.1031000000000003,29.097963142579935,6,112,"[1,4,10,27,40,46]",14.733011840388471,0.9665723188165609
0.24216,0.47537987347009547,6,0.10280000000000006,29.18287937743189,6,112,"[1,4,10,27,40,46]",14.73180390229183,0.9665564958425644
0.24218666666666666,0.47546354799623747,6,0.10160000000000091,29.527559055117845,6,112,"[1,4,10,27,40,46]",14.726589512263786,0.9664889554740302
0.24222,0.4755681421223002,6,0.10009999999999974,29.970029970030048,6,62,"[1,4,10,27,40,46]",14.719201061144863,0.9663947220620615
0.24223999999999998,0.47563089911264794,6,0.09920000000000082,30.24193548387072,6,62,"[1,4,10,27,40,46]",14.714297425788027,0.9663327834903866
0.24225333333333332,0.4756727373200638,6,0.09860000000000035,30.425963488843703,6,62,"[1,4,10,27,40,46]",14.710829989675117,0.9662891802685375
0.24228666666666665,0.4757773335849408,6,0.09710000000000096,30.895983522141815,6,62,"[1,4,10,27,40,46]",14.70145889549857,0.9661718562581738
0.24231999999999998,0.47588193091234277,6,0.09560000000000157,31.380753138074798,6,62,"[1,4,10,27,40,46]",14.691069436378491,0.9660422378984892
0.24232,0.47588193091234293,6,0.09559999999999982,31.38075313807537,6,62,"[1,4,10,27,40,46]",14.691069436378484,0.9660422378984893
0.24235333333333334,0.4759865292976817,6,0.09410000000000043,31.880977683315475,6,62,"[1,4,10,27,40,46]",14.679642293011241,0.9658997717093408
0.24238666666666667,0.47609112873636916,5,0.1205733333333335,24.8811235209554,6,26,"[1,4,15,18,31]",15.836970755359157,0.9730637407062128
0.24239999999999998,0.47613296880575406,5,0.12079999999999999,24.834437086092716,6,26,"[1,4,15,18,31]",15.838611845783726,0.9730771359616479
0.24242,0.4761957292238173,5,0.12113999999999966,24.764735017335383,6,26,"[1,4,15,18,31]",15.841020977610574,0.9730967028660082
0.24245333333333333,0.47630033075543743,5,0.12170666666666685,24.649430324276913,6,26,"[1,4,10,27,40]",16.443110205313253,0.9765714388188924
0.24248,0.47638401272945413,5,0.12216000000000049,24.557956777995972,6,26,"[1,4,10,27,40]",16.453235149723575,0.9766423028842566
0.24248666666666666,0.47640493332664136,5,0.12227333333333323,24.53519437326211,6,26,"[1,4,10,27,40]",16.45575193370406,0.9766598887254168
0.24251999999999999,0.47650953693284076,5,0.12283999999999992,24.42201237381962,6,26,"[1,4,18,27,40]",16.43149747793813,0.9769999635908576
0.24255333333333334,0.4766141415694473,5,0.12340666666666694,24.309869807141645,6,26,"[1,4,18,27,40]",16.44439265238921,0.9770820586170906
0.24256,0.4766350626200136,6,0.09376000000000029,31.996587030716626,4,60,"[4,6,22,27,40,46]",14.760886512212515,0.9654619644873085
0.24258666666666667,0.4767187472318721,6,0.09432000000000063,31.806615776081212,4,60,"[4,6,22,27,40,46]",14.769417755774255,0.9655401626942934
0.24262,0.4768233539155272,6,0.09502000000000033,31.5723005683013,4,60,"[1,4,6,22,27,40]",14.187180858581868,0.959990052467198
0.24264,0.4768861184140017,6,0.09544000000000019,31.433361274098846,4,60,"[4,6,22,27,40,46]",14.785594202167943,0.965687793536846
0.24265333333333333,0.4769279616158235,6,0.09572000000000003,31.34141245298787,4,60,"[4,6,22,27,40,46]",14.78945511882811,0.965722900534801
0.24268666666666666,0.4770325703281727,6,0.09641999999999973,31.113876789048003,4,60,"[1,4,6,22,27,40]",14.22648442531446,0.9604004562952412
0.24272,0.4771371800479862,6,0.09712000000000032,30.889621087314563,4,60,"[4,6,22,27,40,46]",14.807672018475882,0.965887836966608
0.24275333333333332,0.4772417907706752,6,0.09782000000000002,30.668574933551415,4,60,"[1,4,6,22,27,40]",14.264087269141024,0.9607883936725936
0.24278666666666665,0.47734640249165095,6,0.09851999999999972,30.45066991473821,4,60,"[4,6,22,27,40,46]",14.824096082375275,0.966035458992334
0.2428,0.47738824745853364,6,0.09880000000000022,30.36437246963556,4,60,"[4,6,22,27,40,46]",14.827168049464504,0.9660629451282644
0.24282,0.47745101520632466,6,0.09922000000000009,30.235839548478104,4,60,"[4,6,22,27,40,46]",14.831643905055268,0.9661029161429503
0.24285333333333334,0.4775556289101075,6,0.09991999999999979,30.024019215372363,4,60,"[1,4,6,22,27,40]",14.31735878690479,0.9613299927045936
0.24287999999999998,0.47763932058220865,6,0.10048000000000012,29.856687898089135,4,60,"[4,6,22,27,40,46]",14.84412638198667,0.9662138691760571
0.24288666666666667,0.4776602435984106,6,0.10062000000000038,29.815146094215752,4,60,"[4,6,22,27,40,46]",14.845426316233464,0.9662253758148922
0.24292,0.4777648592666451,6,0.10132000000000008,29.60915909988154,4,60,"[1,4,6,22,27,40]",14.350819441732781,0.9616652968343545
0.24295333333333333,0.47786947591022205,6,0.10201999999999978,29.40599882376011,4,60,"[4,6,22,27,40,46]",14.857476672612632,0.9663315350419922
0.24295999999999998,0.47789039935557465,6,0.10215999999999914,29.36570086139414,4,60,"[1,4,6,22,27,40]",14.370118277650635,0.9618569344085107
0.24298666666666666,0.47797409352455233,6,0.10271999999999948,29.205607476635663,4,60,"[1,4,6,22,27,40]",14.38266298555576,0.9619808027655291
0.24301999999999999,0.47807871210504704,6,0.10342000000000007,29.00792883388124,4,60,"[4,6,22,27,40,46]",14.867816145566168,0.9664217243275647
0.24303999999999998,0.4781414837151936,6,0.10383999999999904,28.890600924499495,4,60,"[1,4,6,22,27,40]",14.40698731678516,0.9622193808093885
0.24305333333333334,0.47818333164711707,6,0.10412000000000043,28.812908182865804,4,60,"[1,4,6,22,27,40]",14.412909906016017,0.9622771448273776
0.24308666666666667,0.47828795214617315,6,0.10482000000000014,28.62049227246705,4,60,"[1,4,6,22,27,40]",14.427440642538095,0.9624183136468982
0.24311999999999998,0.4783925735976262,6,0.10551999999999917,28.430629264594614,4,60,"[1,4,6,22,27,40]",14.441579259881825,0.9625549064787952
0.24312,0.4783925735976262,6,0.10551999999999984,28.430629264594433,4,60,"[4,6,22,27,40,46]",14.880159575981061,0.9665276900559636
0.24315333333333333,0.4784971959968871,6,0.10621999999999954,28.24326868762957,4,60,"[1,4,6,22,27,40]",14.455327922923482,0.9626869887662629
0.24318666666666666,0.47860181933936646,6,0.10692000000000013,28.058361391694692,4,60,"[1,4,6,22,27,40]",14.468688711781015,0.9628146231084038
0.2432,0.4786436689394314,6,0.10719999999999974,27.98507462686574,4,60,"[4,6,22,27,40,46]",14.887333711614408,0.9665876144876896
0.24322,0.47870644362047515,6,0.10761999999999983,27.875859505668135,4,60,"[1,4,6,22,27,40]",14.481663622857186,0.9629378693335117
0.24325333333333332,0.47881106883562374,6,0.1079466666666673,27.791501976284422,4,60,"[1,4,6,22,27,40]",14.494254569837386,0.9630567845686611
0.24328,0.4788947696771672,6,0.1075200000000005,27.901785714285584,4,60,"[1,4,6,22,27,40]",14.504052107047267,0.9631488351494849
0.24328666666666665,0.47891569498022274,6,0.10741333333333358,27.92949354518365,4,60,"[1,4,6,22,27,40]",14.506463384642737,0.9631714233057385
0.24332,0.47902032204968303,6,0.10688000000000009,28.068862275449078,4,60,"[1,4,6,22,27,40]",14.518291818339803,0.9632818374640476
0.24335333333333334,0.4791249500394149,6,0.10634666666666637,28.20962888666006,4,60,"[1,4,6,22,27,40]",14.529741542007187,0.9633880764496014
0.24336,0.47914587574738987,6,0.10624000000000033,28.23795180722883,4,60,"[1,4,6,22,27,40]",14.531986183009948,0.9634088274001171
0.24338666666666667,0.4792295789448288,6,0.10581333333333354,28.35181451612898,4,60,"[1,4,6,22,27,40]",14.540814147560141,0.9634901872112233
0.24342,0.4793342087613353,6,0.10527999999999982,28.49544072948333,4,60,"[1,4,6,22,27,40]",14.551511148533768,0.9635882142935567
0.24344,0.4793969870866545,6,0.10496000000000039,28.582317073170625,4,60,"[1,4,6,22,27,40]",14.557749659461626,0.9636450880246422
0.24345333333333333,0.47943883948434496,6,0.10474666666666699,28.64052953156814,4,60,"[1,4,6,22,27,40]",14.561833980825545,0.9636821998870886
0.24348666666666666,0.479543471109268,6,0.10421333333333327,28.787103377686815,4,60,"[1,4,6,22,27,40]",14.571784003397545,0.9637721838752796
0.24352,0.4796481036315148,6,0.10368000000000044,28.935185185185063,4,60,"[1,4,6,22,27,40]",14.581362498939546,0.9638582038788911
0.24355333333333334,0.4797527370464958,6,0.10314666666666694,29.08479834539806,4,60,"[1,4,6,22,27,40]",14.590570674493042,0.9639402952975881
0.24358666666666667,0.4798573713496209,6,0.10261333333333322,29.235966735966766,4,60,"[1,4,6,22,27,40]",14.599409662036576,0.9640184913489
0.24359999999999998,0.4798992253185233,6,0.10240000000000027,29.296874999999922,4,60,"[1,4,6,22,27,40]",14.602842123774872,0.9640486860979446
0.24362,0.47996200653630067,6,0.10208000000000039,29.388714733542205,4,60,"[1,4,6,22,27,40]",14.607880519033769,0.9640928231046114
0.24365333333333333,0.4800666426019453,6,0.10154666666666667,29.543067226890756,4,60,"[1,4,6,22,27,40]",14.61598422894325,0.9641633195246458
0.24367999999999998,0.48015035208423096,6,0.10112000000000032,29.667721518987246,4,60,"[1,4,6,22,27,40]",14.622203464897993,0.964216973351164
0.24368666666666666,0.48017127954196465,6,0.10101333333333384,29.699049630411675,4,60,"[1,4,6,22,27,40]",14.623721701692057,0.9642300074885123
0.24372,0.48027591735176894,6,0.10048000000000012,29.856687898089135,4,60,"[1,4,6,22,27,40]",14.631093774112138,0.9642929118243674
0.24375333333333332,0.4803805560267685,7,0.09383333333333255,31.971580817051777,4,40,"[1,4,6,15,22,31,40]",12.976692305676606,0.9486953178936002
0.24375999999999998,0.4804014838651878,7,0.09399999999999942,31.914893617021473,4,40,"[1,4,6,15,22,31,40]",12.979492783395456,0.9487295537295608
0.24378666666666665,0.4804851955623731,7,0.09466666666666601,31.69014084507064,4,40,"[1,4,6,15,22,31,40]",12.990436140064517,0.9488628519466492
0.24382,0.4805898359539929,7,0.09549999999999992,31.413612565445053,4,40,"[1,4,6,15,22,31,40]",13.003537001622012,0.9490213701174172
0.24384,0.4806526205979425,7,0.09600000000000053,31.249999999999826,4,40,"[1,4,6,15,22,31,40]",13.011091201111395,0.9491122184096674
0.24385333333333334,0.48069447719703773,7,0.09633333333333383,31.141868512110566,4,40,"[1,4,6,15,22,31,40]",13.01600041962917,0.9491710278259387
0.24388666666666667,0.4807991192869174,7,0.09716666666666685,30.874785591766667,4,40,"[1,4,6,15,22,31,40]",13.027831700222203,0.949311971956957
0.24392,0.48090376221904196,7,0.09727999999999959,30.838815789473813,4,40,"[1,4,6,15,22,31,40]",13.039035930633498,0.9494443411517457
0.24395333333333333,0.4810084059888214,7,0.09674666666666676,31.008820286659287,4,40,"[1,4,6,15,22,31,40]",13.049617983265657,0.9495682660826361
0.24398666666666666,0.4811130505916652,7,0.09621333333333304,31.180709534368166,4,40,"[1,4,6,15,22,31,40]",13.059582519603897,0.9496838697110958
0.244,0.4811549086650327,7,0.09599999999999964,31.250000000000117,4,40,"[1,4,6,15,22,31,40]",13.063396434222609,0.9497278073138915
0.24402,0.4812176960229833,7,0.09568000000000021,31.354515050167155,4,40,"[1,4,6,15,22,31,40]",13.06893399397084,0.9497912675301586
0.24405333333333334,0.4813223422781857,7,0.09514666666666649,31.53026905829602,4,40,"[1,4,6,15,22,31,40]",13.077676657128146,0.9498905677919514
0.24408,0.4814060598724592,7,0.09472000000000058,31.672297297297103,4,40,"[1,4,6,15,22,31,40]",13.084235172260275,0.9499642460139999
0.24408666666666667,0.4814269893526817,7,0.094613333333333,31.708004509582977,4,40,"[1,4,6,15,22,31,40]",13.085814559728705,0.9499818717210128
0.24412,0.48153163724188097,7,0.0940799999999995,31.887755102040988,4,40,"[1,4,6,15,22,31,40]",13.093351555623112,0.9500652737140561
0.24415333333333333,0.48163628594119356,5,0.15060666666666656,19.919436943915734,6,48,"[1,4,10,27,40]",16.9001732385478,0.9796316914740985
0.24416,0.4816572157778654,5,0.1507200000000002,19.90445859872609,6,48,"[1,4,10,27,40]",16.901174333322096,0.979638357507761
0.24418666666666666,0.48174093544602853,5,0.15117333333333338,19.844769800670306,6,48,"[1,4,10,27,40]",16.90511165227334,0.979664616478388
0.24422,0.48184558575179565,5,0.1517400000000002,19.77066034005533,6,48,"[1,4,10,27,40]",16.90988173789909,0.9796965269265835
0.24423999999999998,0.48190837631779376,5,0.15208000000000022,19.726459758022067,6,48,"[1,4,10,27,40]",16.912662513664227,0.9797151849735275
0.24425333333333332,0.48195023685390465,5,0.15230666666666615,19.697102337389545,6,48,"[1,4,10,27,40]",16.914482342764494,0.9797274198118583
0.24428666666666665,0.4820548887477648,5,0.15287333333333297,19.62408966028525,6,48,"[1,4,10,27,40]",16.918912280766932,0.9797572917457857
0.24431999999999998,0.4821595414287856,5,0.1534399999999998,19.55161626694476,6,48,"[1,4,10,27,40]",16.92317033177124,0.9797861389510796
0.24432,0.48215954142878575,5,0.1534399999999998,19.55161626694476,6,48,"[1,4,10,27,40]",16.92317033177124,0.9797861389510796
0.24435333333333334,0.4822641948923766,5,0.15400666666666707,19.479676204493263,6,48,"[1,4,10,27,40]",16.927255241000474,0.9798139572539112
0.24438666666666667,0.482368849133947,5,0.15457333333333345,19.408263607349248,6,48,"[1,4,10,27,40]",16.9311657184089,0.9798407420757922
0.24439999999999998,0.482410711047381,5,0.15479999999999983,19.37984496124033,6,48,"[1,4,10,27,40]",16.932680772669045,0.9798511655258215
0.24442,0.4824735041489061,5,0.15513999999999983,19.337372695629774,6,48,"[1,4,10,27,40]",16.934900438035566,0.9798664884250023
0.24445333333333333,0.4825781599326635,5,0.15570666666666622,19.266997773591424,6,48,"[1,4,10,27,40]",16.93845803733843,0.9798911908875452
0.24447999999999998,0.4826618851101189,5,0.15615999999999985,19.211065573770508,6,48,"[1,4,10,27,40]",16.941175650745997,0.97991019734556
0.24448666666666666,0.4826828164806282,5,0.1562733333333335,19.197133228104583,6,48,"[1,4,10,27,40]",16.94183711650844,0.9799148436176146
0.24452,0.4827874737882095,5,0.15683999999999987,19.127773527161455,6,48,"[1,4,10,27,40]",16.945036237762924,0.9799374403275507
0.24455333333333334,0.48289213185081686,5,0.1574066666666667,19.058913218415142,6,48,"[1,4,10,27,40]",16.948053924617835,0.9799589742772643
0.24456,0.4829130635535374,5,0.15751999999999988,19.045200609446432,6,48,"[1,4,10,27,40]",16.948635557161534,0.9799631529103477
0.24458666666666667,0.4829967906638593,5,0.15797333333333308,18.99054692775155,6,48,"[1,4,10,27,40]",16.950888661137895,0.9799794382631075
0.24462,0.48310145022274575,5,0.15854000000000035,18.92266935789071,6,48,"[1,4,10,27,40]",16.953538891164328,0.9799988246061677
0.24464,0.48316424631417315,5,0.15887999999999947,18.882175226586167,6,48,"[1,4,10,27,40]",16.955039803368205,0.9800099357668767
0.24465333333333333,0.4832061105228857,5,0.15910666666666673,18.855275287019182,6,48,"[1,4,10,27,40]",16.95600301751969,0.9800171251399608
0.24468666666666666,0.483310771559688,5,0.1596733333333331,18.788359567450236,6,48,"[1,4,10,27,40]",16.958279401188108,0.980034331197493
0.24472,0.4834154333285618,5,0.1602399999999995,18.72191712431359,6,48,"[1,4,10,27,40]",16.96036636047172,0.9800504335976703
0.24475333333333332,0.48352009582491623,5,0.16080666666666676,18.6559429542722,6,48,"[1,4,10,27,40]",16.962262170121154,0.9800654226310199
0.24478666666666665,0.4836247590441598,5,0.16137333333333315,18.590432124266734,6,48,"[1,4,10,27,40]",16.963965060440113,0.9800792880446961
0.2448,0.4836666245332381,5,0.16159999999999952,18.56435643564362,6,48,"[1,4,10,27,40]",16.964591794126427,0.9800845171939377
0.24482,0.48372942298170213,5,0.16194000000000042,18.525379770285245,6,48,"[1,4,10,27,40]",16.965473216363016,0.9800920190267369
0.24485333333333334,0.4838340876329517,5,0.1625066666666668,18.460781096160144,6,48,"[1,4,10,27,40]",16.96678477650471,0.9801036041895361
0.24488,0.4839178198647354,5,0.16295999999999955,18.409425625920523,6,48,"[1,4,10,27,40]",16.96769119463496,0.9801120392993432
0.24488666666666667,0.48393875299331757,5,0.16307333333333318,18.39663137238872,6,48,"[1,4,10,27,40]",16.967897832181514,0.980114031552494
0.24491333333333332,0.48402248578908863,5,0.16352666666666682,18.345631701251563,6,48,"[1,4,10,27,40]",16.968644040060035,0.9801215313863031
0.24492,0.48404341905820847,5,0.16364000000000045,18.332925934979173,6,48,"[1,4,10,27,40]",16.968810426402808,0.9801232885238083
0.24494666666666665,0.48412715241429416,5,0.1640933333333332,18.282278378158786,6,48,"[1,4,10,27,40]",16.96939482295878,0.9801298425553012
0.24495333333333333,0.4841480858230335,5,0.16420666666666683,18.269660184320553,6,48,"[1,4,10,27,40]",16.969520552831845,0.9801313618813647
0.24495999999999998,0.4841690192595864,5,0.16431999999999958,18.25705939629995,6,48,"[1,4,10,27,40]",16.969638101887917,0.9801328333101271
0.24497999999999998,0.48423181973576046,5,0.16465999999999958,18.2193611077372,6,48,"[1,4,10,27,40]",16.96994149674827,0.9801369590655812
0.24498666666666666,0.4842527532832011,5,0.16477333333333322,18.206829584075106,6,48,"[1,4,10,27,40]",16.970026154715068,0.9801382377526815
0.24501333333333333,0.48433648774889676,5,0.1652266666666664,18.156875403486147,6,48,"[1,4,10,27,40]",16.970281963548814,0.9801428665092622
0.24502,0.4843574214341203,5,0.1653399999999996,18.144429660094396,6,48,"[1,4,10,27,40]",16.97032512377901,0.9801439015938627
0.24503999999999998,0.4844202226543226,5,0.1656799999999996,18.10719459198459,6,48,"[1,4,10,27,40]",16.970404424742373,0.9801467118148854
0.24504666666666666,0.4844411564491115,5,0.1657933333333328,18.09481684024293,6,48,"[1,4,10,27,40]",16.97041407305396,0.9801475497894675
0.24505333333333335,0.48446209027119996,5,0.1659066666666673,18.082455999357,6,48,"[1,4,10,27,40]",16.970415299093112,0.9801483381675119
0.24508,0.4845458258318135,5,0.16636000000000006,18.033181053137767,6,48,"[1,4,10,27,40]",16.970335621365688,0.9801509930973664
0.24508666666666667,0.4845667597898484,5,0.1664733333333337,18.02090424892872,6,48,"[1,4,10,27,40]",16.97029446589826,0.9801515315195554
0.24511333333333332,0.4846504958924115,5,0.16692666666666645,17.971963736570974,6,48,"[1,4,10,27,40]",16.970044349794144,0.980153179888085
0.24511999999999998,0.4846714299854746,5,0.16703999999999963,17.959770114942568,6,48,"[1,4,10,27,40]",16.969960354398918,0.9801534649549154
0.24512,0.4846714299854746,5,0.16704000000000008,17.959770114942522,6,48,"[1,4,10,27,40]",16.969960354398907,0.9801534649549153
0.24514666666666665,0.48475516662631396,5,0.16749333333333283,17.911160643209733,6,48,"[1,4,10,27,40]",16.969537943620185,0.9801540928554218
0.24515333333333333,0.4847761008534871,5,0.16760666666666646,17.899049361600596,6,48,"[1,4,10,27,40]",16.969410638518248,0.980154121011981
0.24517999999999998,0.4848598380289298,5,0.1680599999999992,17.850767583006153,6,48,"[1,4,10,27,40]",16.968814030819793,0.9801537139053081
0.24518666666666666,0.4848807723892945,5,0.16817333333333284,17.83873781019588,6,48,"[1,4,10,27,40]",16.968642934614696,0.980153481435811
0.2452,0.4849226411895715,5,0.1684000000000001,17.814726840855094,6,48,"[1,4,10,27,40]",16.968274271289836,0.9801528585831903
0.2452133333333333,0.4849645100956674,5,0.16862666666666648,17.79078042223454,6,48,"[1,4,10,27,40]",16.96787018074895,0.9801520241279522
0.24522,0.48498544458830534,5,0.1687400000000001,17.77883133815336,6,48,"[1,4,10,27,40]",16.967654800158954,0.9801515271500054
0.24524666666666664,0.4850691828219353,5,0.16919333333333286,17.731195082548613,6,48,"[1,4,10,27,40]",16.96670390278772,0.9801490037685946
0.24525333333333332,0.4850901174459284,5,0.1693066666666665,17.719325878091055,6,48,"[1,4,10,27,40]",16.966443732369445,0.9801482382271747
0.24528,0.48517385620314224,6,0.09423999999999988,31.833616298811584,6,120,"[1,4,6,15,37,40]",14.930761490043347,0.9674978011865809
0.24528666666666665,0.4851947909575722,6,0.09445999999999888,31.759474910015197,6,120,"[1,4,6,15,37,40]",14.93441812717497,0.9675320908211783
0.24531333333333333,0.4852785302346965,6,0.09533999999999998,31.466331025802397,6,120,"[1,4,6,15,37,40]",14.948723997815433,0.967665782964378
0.24532,0.4852994651186451,6,0.09556000000000064,31.393888656341353,6,120,"[1,4,6,15,37,40]",14.952220546722492,0.9676983486660807
0.24534666666666666,0.4853832049120067,6,0.09644000000000008,31.107424305267497,6,120,"[1,4,6,15,37,40]",14.965888524519778,0.9678252359217251
0.24535333333333334,0.48540413992455544,6,0.09666000000000075,31.036623215393927,6,120,"[1,4,6,15,37,40]",14.969226199575417,0.9678561225179715
0.24536,0.48542507496271387,6,0.09687999999999974,30.96614368290677,6,120,"[1,4,6,15,37,40]",14.972532238730253,0.9678866784146027
0.24538,0.48548788023048123,6,0.09754000000000018,30.756612671724362,6,120,"[1,4,6,15,37,40]",14.982260986215634,0.9679763783357344
0.24538666666666667,0.485508815370712,6,0.09776000000000085,30.687397708674037,6,120,"[1,4,6,15,37,40]",14.985440924131401,0.9680056277519905
0.24541333333333332,0.4855925561855286,6,0.09864000000000028,30.413625304136165,6,120,"[1,4,6,15,37,40]",14.997846913013346,0.9681194142478634
0.24542,0.4856134914525229,6,0.09885999999999917,30.345943758851156,6,120,"[1,4,6,15,37,40]",15.000870173999642,0.9681470656426034
0.24544,0.48567629740481355,6,0.09951999999999961,30.144694533762177,6,120,"[1,4,6,15,37,40]",15.009752822618708,0.9682281347259344
0.24544666666666665,0.4856972327725573,6,0.09973999999999861,30.078203328654922,6,120,"[1,4,6,15,37,40]",15.012651454687278,0.9682545341180094
0.24545333333333333,0.48571816816539676,6,0.09995999999999927,30.012004801920988,6,120,"[1,4,6,15,37,40]",15.015519023519806,0.9682806240074288
0.24547999999999998,0.4858019099869755,6,0.10083999999999871,29.750099166997604,6,120,"[1,4,6,15,37,40]",15.026679385825291,0.9683819154285959
0.24548666666666666,0.48582284550474186,6,0.10105999999999937,29.685335444290704,6,120,"[1,4,6,15,37,40]",15.029392172820641,0.9684064778017104
0.24551333333333333,0.48590658782419166,6,0.10194000000000047,29.429075927015756,6,120,"[1,4,6,15,37,40]",15.039935110529958,0.9685017232418232
0.24552,0.48592752346596657,6,0.10215999999999947,29.365700861394043,6,120,"[1,4,6,15,37,40]",15.042493952433462,0.9685247896665619
0.24554666666666666,0.486011266279614,6,0.10304000000000058,29.114906832297972,6,120,"[1,4,6,15,37,40]",15.052422666686034,0.9686141107129922
0.24555333333333335,0.4860322020444791,6,0.10326000000000124,29.05287623474689,6,120,"[1,4,6,15,37,40]",15.054828327474269,0.9686357104338255
0.24558,0.4861159453486509,6,0.1041399999999989,28.80737468792041,6,120,"[1,4,6,15,37,40]",15.064145729807123,0.9687192195625466
0.24558666666666668,0.4861368812356879,6,0.10435999999999956,28.74664622460725,6,120,"[1,4,6,15,37,40]",15.066398901407892,0.9687393795901588
0.24559999999999998,0.48617875308269776,6,0.10479999999999934,28.625954198473462,6,120,"[1,4,6,15,37,40]",15.070814005558333,0.9687788459584586
0.24561333333333332,0.4862206250267104,6,0.105239999999999,28.506271379703804,6,120,"[1,4,6,15,37,40]",15.075107616473758,0.9688171805092548
0.24562,0.48624156103500105,6,0.10545999999999967,28.44680447563066,6,120,"[1,4,6,15,37,40]",15.07720891940559,0.9688359257027144
0.24564666666666665,0.48632530530920104,6,0.1063399999999991,28.211397404551676,6,120,"[1,4,6,15,37,40]",15.085311287373381,0.9689081136667285
0.24565333333333333,0.4863462414378269,6,0.10655999999999977,28.153153153153216,6,120,"[1,4,6,15,37,40]",15.087261271306767,0.968925466808571
0.24567999999999998,0.486429986191531,6,0.1074399999999992,27.92256142963535,6,120,"[1,4,6,15,37,40]",15.094759349953087,0.9689921289052789
0.24568666666666666,0.4864509224395737,6,0.10765999999999987,27.86550250789526,6,120,"[1,4,6,15,37,40]",15.096558494195273,0.9690081107698827
0.2457133333333333,0.4865346676691082,6,0.1085399999999993,27.639579878386026,6,120,"[1,4,6,15,37,40]",15.103454060693322,0.9690693261809248
0.24572,0.4865556040356494,6,0.10875999999999997,27.583670467083493,6,120,"[1,4,6,15,37,40]",15.105102774598274,0.9690839555965164
0.24574666666666664,0.48663934973734124,6,0.1096399999999994,27.362276541408395,6,120,"[1,4,6,15,37,40]",15.111397327011012,0.9691397958331848
0.24575333333333332,0.48666028622146223,6,0.10986000000000007,27.30748225013652,6,120,"[1,4,6,15,37,40]",15.112895950316348,0.9691530897377847
0.24575999999999998,0.48668122272898934,6,0.11007999999999907,27.252906976744416,6,120,"[1,4,6,15,37,40]",15.114364590163447,0.9691661184100049
0.24578,0.48674403239163777,6,0.1107399999999994,27.090482210583495,6,120,"[1,4,6,15,37,40]",15.118590708799312,0.969203618853132
0.24578666666666665,0.4867649689924206,6,0.11096000000000017,27.036770007209764,6,120,"[1,4,6,15,37,40]",15.119939511891088,0.9692155923447161
0.24581333333333333,0.4868487156274061,6,0.1118399999999995,26.824034334764068,6,120,"[1,4,6,15,37,40]",15.125035419610162,0.969260867123033
0.24582,0.4868696523439323,6,0.11206000000000016,26.771372479029054,6,120,"[1,4,6,15,37,40]",15.126234603717036,0.9692715335041558
0.24583999999999998,0.4869324626315946,6,0.11271999999999893,26.614620298084,6,120,"[1,4,6,15,37,40]",15.129652740073858,0.9693019745394502
0.24584666666666666,0.48695339944005445,6,0.1129399999999996,26.562776695590674,6,120,"[1,4,6,15,37,40]",15.130732327484859,0.9693116036287446
0.24585333333333334,0.4869743362714055,6,0.11316000000000026,26.511134676564097,6,120,"[1,4,6,15,37,40]",15.131782024802492,0.9693209744458448
0.24588,0.48705808382499055,6,0.1140399999999997,26.30655910206952,6,120,"[1,4,6,15,37,40]",15.135681955437846,0.9693558826459158
0.24588666666666667,0.4870790207702483,6,0.11426000000000036,26.25590757920524,6,120,"[1,4,6,15,37,40]",15.136582229184214,0.9693639677234945
0.24591333333333332,0.4871627687776226,6,0.1151399999999998,26.05523710265768,6,120,"[1,4,6,15,37,40]",15.139884481596775,0.9693937499009048
0.24592,0.4871837058358686,6,0.11536000000000046,26.00554785020794,6,120,"[1,4,6,15,37,40]",15.140635325999291,0.9694005573707466
0.24594666666666665,0.4872674542933588,6,0.1162399999999999,25.808671713695823,6,120,"[1,4,6,15,37,40]",15.14333973900221,0.9694252427072015
0.24597999999999998,0.4873721403676068,6,0.11734,25.56672916311573,6,120,"[1,4,6,15,37,40]",15.1460472150693,0.9694503900780341
0.246,0.48743495227833117,6,0.11800000000000033,25.42372881355925,6,120,"[1,4,6,15,37,40]",15.147312422735865,0.9694624416846965
0.24601333333333333,0.4874768269957749,6,0.11843999999999999,25.329280648429588,6,120,"[1,4,6,15,37,40]",15.148006050712306,0.969469212815716
0.24604666666666666,0.4875815141732707,6,0.11954000000000009,25.09620210808096,6,120,"[1,4,6,15,37,40]",15.149215039133336,0.9694817235781902
0.24608,0.48768620189550227,6,0.12064000000000019,24.867374005305,6,120,"[1,4,6,15,37,40]",15.149672624274418,0.9694879269231175
0.24611333333333332,0.4877908901578774,6,0.12174000000000029,24.6426811237062,6,109,"[1,4,6,15,37,40]",15.1493768989328,0.9694878193297557
0.24614666666666665,0.4878955789558041,6,0.1228400000000004,24.422012373819523,6,109,"[1,4,6,15,37,40]",15.14832560253747,0.969481389198771
0.24616,0.48793745462390054,6,0.12328000000000006,24.334847501622313,6,109,"[1,4,6,15,37,40]",15.14769295001115,0.9694770426960764
0.24617999999999998,0.48800026828469006,6,0.12393999999999872,24.205260609972818,6,109,"[1,4,6,15,37,40]",15.146516118584506,0.9694686168300285
0.2462133333333333,0.4881049581399432,6,0.12503999999999882,23.992322456814048,6,109,"[1,4,6,15,37,40]",15.143945471728344,0.9694494743783052
0.24624,0.48818871040004413,6,0.12591999999999992,23.82465057179163,6,109,"[1,4,6,15,37,40]",15.141338686447666,0.9694295500050566
0.24624666666666664,0.4882096485169713,6,0.12613999999999892,23.783098144918547,6,109,"[1,4,6,15,37,40]",15.14061032452509,0.9694239257867698
0.24628,0.48831433941118196,6,0.12724000000000069,23.577491354919708,6,109,"[1,4,6,15,37,40]",15.136506973823101,0.9693919266979769
0.24631333333333333,0.4884190308179831,6,0.128339999999999,23.3754090696589,6,109,"[1,4,6,15,37,40]",15.13163134679555,0.969353424342014
0.24631999999999998,0.48843996916045,6,0.12855999999999979,23.335407591785977,6,109,"[1,4,6,15,37,40]",15.13056316354385,0.9693449382349653
0.24634666666666666,0.4885237227327824,6,0.1294399999999991,23.17676143386913,6,109,"[1,4,6,15,37,40]",15.125978996608735,0.9693083574013417
0.24638,0.48862841515098754,6,0.13032,23.02025782688766,6,109,"[1,4,6,15,37,40]",15.1195450977189,0.9692566558517585
0.24639999999999998,0.488691230841635,6,0.12960000000000005,23.148148148148138,6,109,"[1,4,6,15,37,40]",15.115307464050607,0.96922241785723
0.24641333333333332,0.48873310806800624,6,0.12912000000000012,23.2342007434944,6,109,"[1,4,6,15,37,40]",15.112324440790031,0.9691982407788102
0.24644666666666665,0.4888378014792461,6,0.12792000000000026,23.452157598499014,6,109,"[1,4,6,15,37,40]",15.104311427223744,0.969133024168849
0.24647999999999998,0.4889424953801148,6,0.1267200000000004,23.67424242424235,6,109,"[1,4,6,15,37,40]",15.095500063291311,0.9690609086738299
0.24651333333333333,0.4890471897660199,6,0.1255200000000005,23.900573613766635,6,109,"[1,4,6,15,37,40]",15.085883953857822,0.9689817873488019
0.24654666666666666,0.48915188463236897,7,0.09460000000000027,31.7124735729386,6,63,"[1,4,6,15,37,40,46]",13.766905833875082,0.9585885368505017
0.24656,0.4891937627124043,7,0.09520000000000073,31.512605042016567,6,63,"[1,4,6,15,37,40,46]",13.768559124904646,0.9586175544436892
0.24658,0.48925657997456967,7,0.09609999999999966,31.2174817898024,6,63,"[1,4,6,15,37,40,46]",13.770585330341829,0.9586558871958683
0.24661333333333332,0.48936127578802957,7,0.09759999999999905,30.737704918033085,6,63,"[1,4,6,15,37,40,46]",13.77275701718838,0.958706098529216
0.24664,0.48944503277501794,7,0.09879999999999997,30.364372469635637,6,63,"[1,4,6,15,37,40,46]",13.773414021641885,0.9587341264030297
0.24664666666666665,0.4894659720681559,7,0.09910000000000022,30.272452068617493,6,63,"[1,4,6,15,37,40,46]",13.773428680512907,0.958739464500731
0.24667999999999998,0.4895706688103567,7,0.1005999999999996,29.821073558648227,6,47,"[1,4,6,15,37,40,46]",13.772606753159366,0.9587562327454241
0.2467133333333333,0.4896753660100389,7,0.102099999999999,29.38295788442732,6,47,"[1,4,6,15,37,40,46]",13.770296335559944,0.9587566068582082
0.24672,0.4896963055044692,7,0.10239999999999921,29.296875000000224,6,47,"[1,4,6,15,37,40,46]",13.769655989352005,0.9587547293036843
0.24674666666666664,0.4897800636626105,7,0.10359999999999839,28.95752895752941,6,47,"[1,4,6,15,37,40,46]",13.766501214103085,0.9587407480984123
0.24678,0.48988476176347856,7,0.10509999999999953,28.544243577545323,6,47,"[1,4,6,15,37,40,46]",13.761223877112181,0.9587087768423864
0.2468,0.48994758083727125,7,0.10600000000000023,28.30188679245277,6,47,"[1,4,6,15,37,40,46]",13.757346565366918,0.9586818952848437
0.24681333333333333,0.4899894603080505,7,0.10659999999999892,28.14258911819916,6,47,"[1,4,6,15,37,40,46]",13.754465528510066,0.958660773800332
0.24684666666666666,0.49009415929173394,7,0.10810000000000008,27.752081406105436,6,47,"[1,4,6,15,37,40,46]",13.746226099234628,0.9585967810111532
0.24688,0.4901988587099361,7,0.10959999999999948,27.37226277372276,6,47,"[1,4,6,15,37,40,46]",13.736504256462426,0.9585168026270285
0.24691333333333332,0.49030355855806457,7,0.11109999999999887,27.00270027002728,6,47,"[1,4,6,15,37,40,46]",13.725297410688581,0.9584208054974341
0.24694666666666665,0.4904082588315263,7,0.10992000000000068,27.292576419213805,6,47,"[1,4,6,15,37,40,46]",13.712601720702413,0.9583087195605475
0.24695999999999999,0.49045013905897583,7,0.10943999999999968,27.41228070175447,6,47,"[1,4,6,15,37,40,46]",13.707105470093483,0.9582593576354025
0.24697999999999998,0.49051295952572915,7,0.10872000000000082,27.593818984547255,6,47,"[1,4,6,15,37,40,46]",13.69841209649149,0.9581804380482699
0.24701333333333333,0.4906176606360801,7,0.1075199999999992,27.90178571428592,6,47,"[1,4,6,15,37,40,46]",13.682722200098194,0.9580358175095071
0.24703999999999998,0.4907014218209012,7,0.10655999999999982,28.1531531531532,6,47,"[1,4,6,15,37,40,46]",13.669085030538607,0.9579082370702869
0.24704666666666666,0.4907223621579864,7,0.10631999999999941,28.21670428893921,6,47,"[1,4,6,15,37,40,46]",13.665524444446172,0.9578746776548365
0.24708,0.4908270640868556,7,0.10511999999999955,28.538812785388252,6,47,"[1,4,6,15,37,40,46]",13.64680999014622,0.9576968010242292
0.24711333333333332,0.4909317664180946,7,0.10391999999999968,28.868360277136347,6,47,"[1,4,6,15,37,40,46]",13.62656874028528,0.9575019324780863
0.24711999999999998,0.4909527069322226,7,0.10367999999999997,28.935185185185194,6,47,"[1,4,6,15,37,40,46]",13.622336297376036,0.9574608945948687
0.24714666666666665,0.49103646914711085,7,0.10271999999999981,29.205607476635567,6,47,"[1,4,6,15,37,40,46]",13.60478933319387,0.9572897785104609
0.24717999999999998,0.49114117226931164,7,0.10151999999999994,29.550827423167863,6,47,"[1,4,6,15,37,40,46]",13.581459133181383,0.9570600063819547
0.24719999999999998,0.49120399432945,7,0.10080000000000011,29.761904761904727,6,47,"[1,4,6,15,37,40,46]",13.566710895281265,0.956913532921237
0.2472133333333333,0.4912458757801041,7,0.10032000000000008,29.90430622009567,6,47,"[1,4,6,15,37,40,46]",13.556564219221704,0.9568122430684134
0.24724666666666664,0.49135057967489537,7,0.09912000000000021,30.266343825665796,6,47,"[1,4,6,15,37,40,46]",13.530089371564472,0.9565460740201351
0.24728,0.49145528394909277,7,0.09792000000000028,30.637254901960695,6,47,"[1,4,6,15,37,40,46]",13.50201805624074,0.9562610417248791
0.24731333333333333,0.49155998859810335,7,0.0967200000000002,31.017369727047083,6,47,"[1,4,6,15,37,40,46]",13.47233240742457,0.9559566440664825
0.24734666666666666,0.4916646936173341,7,0.0955200000000001,31.40703517587936,6,47,"[1,4,6,15,37,40,46]",13.441013207605476,0.9556323324693518
0.24736,0.49170657572765936,7,0.09504000000000043,31.565656565656422,6,47,"[1,4,6,15,37,40,46]",13.428023567654396,0.9554968998561132
0.24738,0.4917693990021924,7,0.09432000000000001,31.80661577608142,6,47,"[1,4,6,15,37,40,46]",13.408039865518635,0.9552875098174697
0.24741333333333332,0.4918741047480852,5,0.10346666666666815,28.994845360824325,6,12,"[1,4,6,15,46]",16.108907592033255,0.9737772693567164
0.24744,0.49195786960165805,5,0.10240000000000049,29.296874999999858,6,12,"[1,4,6,15,46]",16.101357735211163,0.9736979431783945
0.24744666666666665,0.4919788108504197,5,0.10213333333333363,29.373368146214013,6,12,"[1,4,6,15,46]",16.099356017132013,0.9736769523941359
0.24747999999999998,0.492083517304603,5,0.10080000000000089,29.7619047619045,6,12,"[1,4,6,15,46]",16.088660175550977,0.973564948783723
0.24751333333333334,0.49218822410604196,5,0.09946666666666637,30.160857908847277,6,12,"[1,4,6,15,46]",16.076815284491186,0.9734410056837499
0.24752,0.4922091655075963,5,0.09920000000000129,30.241935483870574,6,12,"[1,4,6,15,46]",16.07430793983378,0.9734147598301423
0.24754666666666666,0.49229293125014373,5,0.09813333333333363,30.57065217391295,6,12,"[1,4,6,15,46]",16.063815712377824,0.9733048381554816
0.24758,0.4923976387323156,5,0.09680000000000089,30.9917355371898,6,12,"[1,4,6,15,46]",16.049654966603367,0.9731561277923095
0.2476,0.49246046338198135,5,0.09600000000000009,31.24999999999997,6,12,"[1,4,6,15,46]",16.040598127694828,0.9730607354950344
0.24761333333333332,0.49250234654796415,5,0.09546666666666637,31.424581005586692,6,12,"[1,4,6,15,46]",16.034325679496735,0.9729945211649735
0.24764666666666665,0.4926070546924966,5,0.09413333333333362,31.869688385269022,6,12,"[1,4,6,15,46]",16.017819592463347,0.9728196280706042
0.24767999999999998,0.49271176316131987,4,0.22912,13.093575418994414,6,60,"[1,4,6,15]",19.169841956712133,0.9880195585677508
0.2477133333333333,0.4928164719498411,4,0.22941999999999987,13.076453665765852,6,60,"[1,4,10,15]",19.17138278209225,0.9880213135115732
0.24774666666666664,0.49292118105346694,4,0.22971999999999992,13.059376632422083,6,60,"[1,4,6,15]",19.172088385765367,0.9880267396942906
0.24775999999999998,0.492963064782118,4,0.22983999999999982,13.052558301427089,6,60,"[1,4,6,15]",19.17252989791311,0.9880281505439709
0.24778,0.49302589046760475,4,0.23002000000000022,13.042344143987467,6,60,"[1,4,10,15]",19.17357378043191,0.9880284959713934
0.24781333333333333,0.4931306001876612,4,0.23032000000000008,13.02535602639805,6,60,"[1,4,6,15]",19.174270031177684,0.9880337094595272
0.24783999999999998,0.49321436818088116,4,0.23055999999999974,13.011797362942415,6,60,"[1,4,10,15]",19.175490818090434,0.988034776907591
0.24784666666666666,0.4932353102090431,4,0.23062000000000016,13.008412106495525,6,60,"[1,4,10,15]",19.175700613758725,0.9880354640836776
0.24788,0.49334002052715764,4,0.23092000000000001,12.991512212021478,6,60,"[1,4,6,15]",19.176386880041616,0.9880404682363514
0.24791333333333332,0.49344473113741155,4,0.2312200000000001,12.974656171611446,6,60,"[1,4,10,15]",19.17776327290622,0.9880422182102857
0.24792,0.4934656732941148,4,0.23128000000000007,12.97129021099965,6,60,"[1,4,10,15]",19.177966008802628,0.9880428818669644
0.24794666666666665,0.4935494420352116,4,0.23151999999999995,12.957843814789221,6,60,"[1,4,6,15]",19.178438916734876,0.9880470163741493
0.24797999999999998,0.4936541532159649,4,0.23182000000000003,12.941074971961003,6,60,"[1,4,10,15]",19.1797617458399,0.9880487586895726
0.248,0.4937169800583237,4,0.23199999999999998,12.931034482758621,6,60,"[1,4,10,15]",19.18034876925495,0.9880506792198198
0.24801333333333334,0.4937588646750783,4,0.2321200000000001,12.924349474409782,6,60,"[1,4,6,15]",19.1804261229164,0.9880533541988422
0.24804666666666667,0.49386357640795825,4,0.23241999999999993,12.907667154289651,6,60,"[1,4,10,15]",19.181696017653064,0.9880550858364239
0.24808,0.49396828841001195,4,0.23272000000000004,12.891027844620142,6,60,"[1,4,6,15]",19.18234847752246,0.9880594820129205
0.24811333333333332,0.49407300067664633,4,0.23301999999999987,12.874431379280756,6,60,"[1,4,10,15]",19.183566070562442,0.9880611999422881
0.24814666666666665,0.49417771320326764,4,0.23331999999999997,12.857877593005316,6,60,"[1,4,6,15]",19.184205956762064,0.988065400095471
0.24816,0.49421959828568396,4,0.23343999999999987,12.851267991775195,6,60,"[1,4,6,15]",19.184569665280197,0.9880665585671112
0.24817999999999998,0.4942824259852833,4,0.2336199999999998,12.841366321376606,6,60,"[1,4,10,15]",19.18537188390292,0.9880671012751996
0.2482133333333333,0.49438713901809966,4,0.2339199999999999,12.824897400820799,6,60,"[1,4,6,15]",19.185998534112564,0.9880711087021994
0.24824,0.49447090962184287,4,0.23415999999999992,12.811752647762217,6,60,"[1,4,6,15]",19.18669738606161,0.9880733335444892
0.24824666666666664,0.4944918522971237,4,0.23421999999999973,12.808470668602183,6,60,"[1,4,10,15]",19.18711343412247,0.9880727900797976
0.24828,0.49459656581776235,4,0.23452000000000028,12.792085962817655,6,60,"[1,4,6,15]",19.187726180313867,0.9880766080654446
0.24831333333333333,0.4947012795754219,4,0.23482000000000008,12.775743122391615,6,60,"[1,4,10,15]",19.188790694776422,0.98807826657734
0.24831999999999999,0.4947222223549921,4,0.2348800000000001,12.772479564032693,6,60,"[1,4,10,15]",19.1889548838111,0.9880788025580268
0.24834666666666666,0.4948059935655094,4,0.23512000000000022,12.75944198707042,6,60,"[1,4,6,15]",19.189388863363348,0.9880818983941893
0.24838,0.49491070778343144,4,0.23542000000000002,12.74318239741738,6,60,"[1,4,10,15]",19.190403636521207,0.9880835309657061
0.24839999999999998,0.49497353642163455,4,0.2356,12.733446519524618,6,60,"[1,4,10,15]",19.190874972112347,0.9880850689476268
0.24841333333333332,0.49501542222459494,4,0.23572000000000015,12.72696419480739,6,60,"[1,4,6,15]",19.19098654850978,0.9880869798740616
0.24844666666666665,0.4951201368844064,4,0.23601999999999995,12.710787221421915,6,60,"[1,4,10,15]",19.19195222710823,0.9880885834194002
0.24847999999999998,0.4952248517582727,4,0.23632000000000009,12.694651320243732,6,60,"[1,4,6,15]",19.192519198246814,0.9880918526673328
0.24851333333333334,0.49532956684160045,4,0.23662000000000005,12.67855633505198,6,60,"[1,4,6,15]",19.193261122361037,0.9880942108508138
0.24854666666666667,0.4954342821297963,4,0.23692000000000024,12.662502110417005,6,60,"[1,4,6,15]",19.193986772306296,0.9880965169129079
0.24855999999999998,0.49547616830140856,4,0.23703999999999992,12.656091798852518,6,60,"[1,4,6,15]",19.19427247429843,0.988097424746877
0.24858,0.49553899761826686,4,0.23722,12.646488491695473,6,60,"[1,4,6,15]",19.194696142616316,0.9880987708673242
0.24861333333333333,0.49564371330241896,4,0.23752000000000018,12.630515325025252,6,60,"[1,4,6,15]",19.195389227651333,0.9881009727263097
0.24864,0.4957274859875445,4,0.23776000000000017,12.617765814266479,6,60,"[1,4,10,15]",19.19607889643691,0.9881020383377065
0.24864666666666665,0.49574842917765904,4,0.23781999999999992,12.614582457320667,6,60,"[1,4,6,15]",19.196066021597915,0.9881031225006479
0.24867999999999998,0.49585314523939394,4,0.2381200000000001,12.598689736267422,6,60,"[1,4,6,15]",19.196726518468516,0.9881052201996577
0.24871333333333331,0.4959578614830303,4,0.23841999999999985,12.582837010317935,6,60,"[1,4,6,15]",19.19737071210133,0.9881072658311927
0.24872,0.4959788047531816,4,0.23848000000000008,12.579671251257963,6,60,"[1,4,10,15]",19.19762786154585,0.9881070855295557
0.24874666666666664,0.4960625779039747,4,0.23872000000000004,12.567024128686326,6,60,"[1,4,6,15]",19.197998596160087,0.9881092594016397
0.24878,0.4961672944976338,4,0.23902,12.55125094134382,6,60,"[1,4,6,15]",19.198610164133555,0.9881112009159179
0.2488,0.49623012453482135,4,0.2392,12.54180602006689,6,60,"[1,4,10,15]",19.19908385853897,0.9881118282914984
0.24881333333333333,0.49627201125941417,4,0.23931999999999998,12.535517299013874,6,60,"[1,4,10,15]",19.199317480108693,0.9881125891587252
0.24884666666666666,0.49637672818472234,4,0.23961999999999994,12.519823053167519,6,60,"[1,4,6,15]",19.199784324904506,0.9881149277882973
0.24888,0.4964814452689649,4,0.23992000000000013,12.504168056018665,6,60,"[1,4,6,15]",19.200346903803133,0.9881167131488857
0.24896,0.49673276689211315,4,0.24063999999999997,12.466755319148938,6,60,"[1,4,6,15]",19.201630396011993,0.9881207856404799
0.24903999999999998,0.4969840893407666,4,0.2413599999999998,12.429565793834946,6,60,"[1,4,6,15]",19.20281964318675,0.9881245582657433
0.24911999999999998,0.4972354125514255,4,0.24207999999999985,12.392597488433584,6,60,"[1,4,6,15]",19.203914535592272,0.9881280309275142
0.24919999999999998,0.4974867364605904,4,0.24280000000000002,12.355848434925864,6,60,"[1,4,10,15]",19.204966056169944,0.9881309757044554
0.24928,0.4977380610047612,4,0.2435199999999999,12.319316688567678,6,60,"[1,4,10,15]",19.20586219849765,0.9881338912306631
0.24936,0.4979893861204377,4,0.24424000000000023,12.283000327546663,6,60,"[1,4,6,15]",19.206631898197365,0.9881366474200339
0.24944,0.4982407117441196,4,0.24496000000000007,12.246897452645326,6,60,"[1,4,6,15]",19.207348155784235,0.9881389182678412
0.24952,0.4984920378123065,4,0.2456800000000001,12.211006186909797,6,60,"[1,4,10,15]",19.2079878478452,0.9881408059286492
0.2496,0.498743364261498,4,0.2464,12.175324675324674,6,60,"[1,4,10,15]",19.208508348188367,0.9881424990499701
0.24967999999999999,0.4989946910281935,4,0.24711999999999992,12.139851084493367,6,60,"[1,4,10,15]",19.208934579411633,0.9881438855804182
0.24975999999999998,0.4992460180488921,4,0.24783999999999984,12.104583602324087,6,60,"[1,4,10,15]",19.209266385230748,0.9881449650224696
0.24983999999999998,0.49949734526009326,4,0.2485599999999999,12.06952043772128,6,60,"[1,4,6,15]",19.209501553689872,0.9881457459374737
0.24991999999999998,0.4997486725982962,4,0.24927999999999972,12.034659820282426,6,60,"[1,4,6,15]",19.209645550740788,0.9881462026715527
0.25,0.5000000000000001,4,0.25,12.0,6,60,"[1,4,6,15]",19.209693589986486,0.9881463550700496
0.25007999999999997,0.5002513274017035,4,0.24912000000000045,12.042389210019246,6,60,"[1,4,6,15]",19.209645488824197,0.9881462024276704
0.25016,0.5005026547399065,4,0.24824000000000024,12.085078955849166,6,60,"[1,4,6,15]",19.209501058339963,0.9881457439862444
0.25023999999999996,0.5007539819511077,4,0.24736000000000025,12.128072445019393,6,60,"[1,4,6,15]",19.209260103265123,0.9881449789342831
0.25032,0.5010053089718064,4,0.24648000000000003,12.1713729308666,6,60,"[1,4,6,15]",19.20892242193182,0.988143906406519
0.25039999999999996,0.5012566357385015,4,0.24560000000000048,12.214983713355025,6,60,"[1,4,6,15]",19.2084878062271,0.98814252548342
0.25048,0.5015079621876932,4,0.24472000000000027,12.258908139914992,6,60,"[1,4,6,15]",19.207956041545554,0.9881408351906815
0.25055999999999995,0.5017592882558801,4,0.24384000000000072,12.303149606299176,6,60,"[1,4,6,15]",19.207326906740246,0.9881388344986927
0.25064,0.5020106138795621,4,0.24296000000000006,12.347711557458014,6,60,"[1,4,6,15]",19.20660017407269,0.9881365223219805
0.25072,0.5022619389952387,4,0.24207999999999985,12.392597488433584,6,60,"[1,4,6,15]",19.205775609160458,0.9881338975186261
0.25079999999999997,0.5025132635394093,4,0.2412000000000003,12.437810945273617,6,60,"[1,4,6,15]",19.20485297092425,0.9881309588896596
0.25088,0.5027645874485742,4,0.2403200000000001,12.483355525965376,6,60,"[1,4,6,15]",19.20383201153261,0.9881277051784261
0.25095999999999996,0.5030159106592332,4,0.23944000000000054,12.52923488138988,6,60,"[1,4,6,15]",19.202712476345667,0.9881241350699258
0.25104,0.5032672331078867,4,0.23856000000000033,12.57545271629777,6,60,"[1,4,6,15]",19.201494103856824,0.9881202471901293
0.25111999999999995,0.5035185547310347,4,0.23768000000000034,12.622012790306277,6,60,"[1,4,6,15]",19.200176625632988,0.988116040105263
0.2512,0.5037698754651785,4,0.23680000000000012,12.668918918918912,6,60,"[1,4,6,15]",19.198759766253296,0.9881115123210678
0.25127999999999995,0.5040211952468182,4,0.23592000000000057,12.716174974567618,6,60,"[1,4,6,15]",19.19724324324613,0.98810666228203
0.25136,0.5042725140124554,4,0.23504000000000036,12.763784887678673,6,60,"[1,4,6,15]",19.19562676702406,0.9881014883705805
0.2513933333333333,0.5043772298498455,4,0.2346733333333335,12.783727735007519,6,60,"[1,4,6,15]",19.194923664877518,0.9880992365894712
0.25142666666666663,0.5044819454952286,4,0.2343066666666671,12.803732999487826,6,60,"[1,4,6,15]",19.194203136468396,0.9880969281647161
0.25144,0.5045238316985913,4,0.23416000000000015,12.811752647762205,6,60,"[1,4,6,15]",19.193910040817656,0.9880959889062673
0.25145999999999996,0.5045866609440117,4,0.23394000000000026,12.82380097460886,6,60,"[1,4,6,15]",19.193465159739,0.9880945629695692
0.2514933333333333,0.5046913761916013,4,0.23357333333333385,12.843931955702677,6,60,"[1,4,6,15]",19.192709712411677,0.988092140875342
0.25151999999999997,0.5047751482417272,4,0.2332800000000006,12.860082304526715,6,60,"[1,4,6,15]",19.192092760607345,0.9880901621448953
0.2515266666666666,0.5047960912334043,4,0.233206666666667,12.864126239958816,6,60,"[1,4,6,15]",19.191936771987265,0.98808966175139
0.25155999999999995,0.5049008060648269,4,0.2328400000000006,12.884384126438723,6,60,"[1,4,6,15]",19.191146315744767,0.9880871254651028
0.2515933333333333,0.5050055206812762,4,0.23247333333333375,12.90470591609071,6,60,"[1,4,6,15]",19.190338320740146,0.988084531881892
0.2516,0.5050264635783652,4,0.23239999999999994,12.908777969018937,6,60,"[1,4,6,15]",19.190174615052932,0.9880840062776353
0.25162666666666667,0.5051102350781591,4,0.23210666666666668,12.925091911764705,6,60,"[1,4,6,15]",19.189512763805396,0.988081880865179
0.25166,0.5052149492508818,4,0.23174000000000028,12.945542418227308,6,60,"[1,4,6,15]",19.18866962154779,0.9880791722763829
0.25167999999999996,0.5052777776450077,4,0.2315200000000004,12.957843814789197,6,60,"[1,4,6,15]",19.18815528542237,0.9880775194301019
0.2516933333333333,0.5053196631948511,4,0.23137333333333343,12.96605774217714,6,60,"[1,4,6,15]",19.18780887034884,0.9880764059749088
0.25172666666666665,0.5054243769054739,4,0.23100666666666658,12.986638192259969,6,60,"[1,4,6,15]",19.186930486363114,0.9880735818181343
0.25176,0.505529090378157,4,0.23064000000000018,13.007284079084277,6,60,"[1,4,6,15]",19.186034445517883,0.9880706996613985
0.2517933333333333,0.505633803608307,4,0.23027333333333377,13.02799571523694,6,60,"[1,4,6,15]",19.185120723511453,0.9880677593579872
0.25182666666666664,0.5057385165913306,4,0.22990666666666693,13.048773415298948,6,60,"[1,4,6,15]",19.18418929581261,0.9880647607591218
0.25183999999999995,0.5057804017143158,4,0.22976000000000063,13.057103064066817,6,60,"[1,4,6,15]",19.18381176160033,0.9880635449631266
0.25186,0.505843229322635,4,0.22954000000000008,13.069617495861284,6,60,"[1,4,6,15]",19.18324013765955,0.9880617037139449
0.2518933333333333,0.5059479417976263,4,0.22917333333333367,13.090528275541056,6,60,"[1,4,6,15]",19.182273224058907,0.9880585880695076
0.25192,0.5060317115899878,4,0.22888000000000042,13.107305138063591,6,60,"[1,4,6,15]",19.181486892312023,0.9880560532583649
0.25192666666666663,0.506052654011712,4,0.22880666666666727,13.11150607499778,6,60,"[1,4,6,15]",19.18128852978453,0.9880554136707554
0.25195999999999996,0.5061573659602985,4,0.22844000000000042,13.132551216949722,6,60,"[1,4,6,15]",19.180286029376795,0.9880521803605155
0.2519933333333333,0.5062620776387925,4,0.22807333333333357,13.153664026190393,6,60,"[1,4,6,15]",19.179265697141304,0.9880488879794812
0.25199999999999995,0.5062830199416761,4,0.22800000000000042,13.157894736842081,6,60,"[1,4,6,15]",19.17905948859717,0.9880482224006091
0.2520266666666666,0.5063667890426012,4,0.22770666666666717,13.174844829605311,6,60,"[1,4,6,15]",19.17822750714795,0.9880455363661997
0.25205999999999995,0.5064715001671314,4,0.22734000000000076,13.196093956188923,6,60,"[1,4,6,15]",19.177171433229972,0.9880421253570567
0.25207999999999997,0.506534326705885,4,0.2271200000000002,13.208876364917213,6,60,"[1,4,6,15]",19.176529193620915,0.9880400501726794
0.2520933333333333,0.5065762110077897,4,0.22697333333333392,13.217411737061589,6,60,"[1,4,6,15]",19.176097448982635,0.9880386547862616
0.25212666666666667,0.5066809215599833,4,0.22660666666666684,13.238798505486736,6,60,"[1,4,6,15]",19.17500552776241,0.988035124485834
0.25216,0.5067856318191188,4,0.22624,13.260254596888261,6,60,"[1,4,6,15]",19.173895642685636,0.9880315342855872
0.2521933333333333,0.506890341780603,4,0.2258733333333336,13.281780348868082,6,60,"[1,4,6,15]",19.17276776662788,0.9880278840131149
0.25222666666666665,0.506995051439843,4,0.22550666666666674,13.303376101223906,6,60,"[1,4,6,15]",19.171621872222193,0.9880241734937749
0.25223999999999996,0.507036935217882,4,0.22536000000000045,13.312034078807216,6,60,"[1,4,6,15]",19.17115846314602,0.9880226723773674
0.25226,0.507099760792246,4,0.22514000000000034,13.325042195966933,6,60,"[1,4,6,15]",19.17045793185844,0.9880204025506725
0.2522933333333333,0.5072044698332183,4,0.2247733333333335,13.346778977340126,6,60,"[1,4,6,15]",19.169275917682192,0.9880165710046472
0.25232,0.5072882368386801,4,0.22448000000000023,13.364219529579458,6,60,"[1,4,6,15]",19.16831727432119,0.9880134620118692
0.25232666666666664,0.5073091785581675,4,0.2244066666666671,13.368586791836224,6,60,"[1,4,6,15]",19.168075801593268,0.9880126786742549
0.25236,0.5074138869625001,5,0.09439999999999893,31.779661016949515,6,12,"[1,4,6,15,46]",16.203105930204647,0.9744290614164483
0.2523933333333333,0.5075185950416231,5,0.09573333333333167,31.33704735376099,6,12,"[1,4,6,15,46]",16.228232999281467,0.9746594724661397
0.25239999999999996,0.5075395366180184,5,0.09599999999999875,31.250000000000405,6,12,"[1,4,6,15,46]",16.233154443424954,0.9747042226714502
0.25242666666666663,0.5076233027909437,5,0.09706666666666441,30.906593406594123,6,12,"[1,4,6,15,46]",16.252498186865484,0.9748789178050334
0.25245999999999996,0.507728010205869,5,0.09839999999999893,30.48780487804911,6,12,"[1,4,6,15,46]",16.275918200287798,0.9750878868397337
0.25248,0.5077908344924036,5,0.09919999999999973,30.24193548387105,6,12,"[1,4,6,15,46]",16.289571239009803,0.9752084317086247
0.2524933333333333,0.5078327172818056,5,0.09973333333333168,30.080213903743815,6,12,"[1,4,6,15,46]",16.29850911863167,0.9752868383802674
0.2525266666666666,0.5079374240141608,5,0.10106666666666442,29.683377308707783,6,12,"[1,4,6,15,46]",16.320286418025535,0.9754762027271322
0.25255999999999995,0.5080421303983419,5,0.10239999999999716,29.296875000000814,6,12,"[1,4,6,15,46]",16.341264995541515,0.9756563835926018
0.2525933333333333,0.5081468364297554,5,0.10373333333333168,28.92030848329095,6,12,"[1,4,6,15,46]",16.361459191782068,0.9758277598705668
0.25262666666666667,0.5082515421038089,7,0.09455999999999909,31.725888324873402,6,47,"[1,4,6,15,37,40,46]",13.459994720890322,0.9560876424238872
0.25264,0.5082934242723405,7,0.09503999999999868,31.565656565657005,6,47,"[1,4,6,15,37,40,46]",13.474354524542566,0.9562377305102612
0.25266,0.5083562474159091,7,0.09575999999999907,31.32832080200532,6,47,"[1,4,6,15,37,40,46]",13.495429084265833,0.9564570319764157
0.2526933333333333,0.5084609523614634,7,0.09695999999999882,30.940594059406315,6,47,"[1,4,6,15,37,40,46]",13.52932651340268,0.956807355798447
0.25272,0.5085447160509072,7,0.09792000000000028,30.637254901960695,6,47,"[1,4,6,15,37,40,46]",13.555354459602357,0.957074335345926
0.25272666666666666,0.5085656569358786,7,0.09815999999999925,30.562347188264294,6,47,"[1,4,6,15,37,40,46]",13.561711645443811,0.957139278099674
0.25276,0.5086703611345622,7,0.09935999999999856,30.193236714976283,6,47,"[1,4,6,15,37,40,46]",13.592607953084903,0.9574534200285977
0.2527933333333333,0.5087750649529211,7,0.10055999999999943,29.832935560859358,6,47,"[1,4,6,15,37,40,46]",13.622037775717141,0.9577503620853186
0.25279999999999997,0.5087960056705498,7,0.10079999999999839,29.761904761905235,6,47,"[1,4,6,15,37,40,46]",13.627749649873948,0.9578077348671581
0.25282666666666664,0.5088797683863626,7,0.1017599999999983,29.481132075472193,6,47,"[1,4,6,15,37,40,46]",13.650022348784413,0.958030646343108
0.25286,0.5089844714302939,7,0.10295999999999961,29.13752913752925,6,47,"[1,4,6,15,37,40,46]",13.67658183143386,0.9582947784928043
0.25288,0.5090472930677772,7,0.10367999999999977,28.935185185185247,6,47,"[1,4,6,15,37,40,46]",13.691841469859767,0.9584457021676445
0.2528933333333333,0.5090891740801221,7,0.10415999999999803,28.801843317972896,6,47,"[1,4,6,15,37,40,46]",13.701735332530784,0.9585432297227499
0.25292666666666663,0.5091938763312547,7,0.10535999999999801,28.473804100228328,6,47,"[1,4,6,15,37,40,46]",13.72550093510591,0.9587764384458295
0.25295999999999996,0.5092985781790986,7,0.10655999999999777,28.153153153153742,6,47,"[1,4,6,15,37,40,46]",13.747895719296627,0.9589948118840752
0.2529933333333333,0.5094032796190613,7,0.10775999999999819,27.839643652561715,6,47,"[1,4,6,15,37,40,46]",13.768935783840494,0.9591987275203184
0.2530266666666666,0.50950798064655,7,0.1089599999999975,27.533039647577723,6,47,"[1,4,6,15,37,40,46]",13.788636266173665,0.9593885344254527
0.25304,0.509549860941024,7,0.1094399999999991,27.412280701754614,6,47,"[1,4,6,15,37,40,46]",13.79614458700598,0.959460579729746
0.25305999999999995,0.509612681256972,7,0.11015999999999837,27.233115468409988,6,47,"[1,4,6,15,37,40,46]",13.807011361184157,0.9595645544690405
0.2530933333333333,0.5097173814457346,7,0.11135999999999724,26.93965517241446,6,47,"[1,4,6,15,37,40,46]",13.82407433866449,0.9597270834202105
0.25311999999999996,0.5098011412900636,7,0.11231999999999781,26.70940170940223,6,47,"[1,4,6,15,37,40,46]",13.836788332696667,0.9598475757022514
0.25312666666666667,0.5098220812082453,7,0.11256000000000027,26.65245202558629,6,47,"[1,4,6,15,37,40,46]",13.83983755950608,0.9598763919450902
0.25316,0.509926780539911,7,0.1137600000000003,26.371308016877567,6,47,"[1,4,6,15,37,40,46]",13.854312490672312,0.9600127265063325
0.2531933333333333,0.5100314794361397,7,0.11496000000000017,26.096033402922718,6,47,"[1,4,6,15,37,40,46]",13.867509718986094,0.960136310169698
0.2532,0.5100524191627286,7,0.11519999999999941,26.0416666666668,6,47,"[1,4,6,15,37,40,46]",13.869996710741034,0.9601595148204062
0.25322666666666666,0.5101361778923383,7,0.11615999999999876,25.82644628099201,6,47,"[1,4,6,15,37,40,46]",13.87943896376199,0.9602473433220439
0.25326,0.5102408759039142,7,0.11735999999999885,25.56237218813931,6,47,"[1,4,6,15,37,40,46]",13.89010908831194,0.9603460043045449
0.25327999999999995,0.5103036944955307,7,0.11807999999999752,25.406504065041183,6,47,"[1,4,6,15,37,40,46]",13.895910155592244,0.9603993283804113
0.2532933333333333,0.5103455734662755,7,0.11855999999999894,25.30364372469658,6,47,"[1,4,6,15,37,40,46]",13.899528110349062,0.9604324499644418
0.25332666666666664,0.5104502705748287,7,0.11975999999999903,25.050100200401005,6,47,"[1,4,6,15,37,40,46]",13.907703211312539,0.9605068161281209
0.25336,0.5105549672249821,7,0.11896000000000057,25.218560860793424,6,63,"[1,4,6,15,37,40,46]",13.914640744631772,0.9605692179978511
0.2533933333333333,0.5106596634121425,7,0.11766000000000071,25.49719530851591,6,63,"[1,4,6,15,37,40,46]",13.920346242947579,0.9606197504740575
0.25342666666666663,0.5107643591317179,7,0.11636000000000085,25.7820556892401,6,63,"[1,4,6,15,37,40,46]",13.924824424303333,0.9606584884045507
0.25344,0.5108062372875956,7,0.11584000000000094,25.897790055248407,6,63,"[1,4,6,15,37,40,46]",13.926272950722874,0.9606706940827271
0.25345999999999996,0.5108690543791158,7,0.115060000000001,26.073353033199844,6,63,"[1,4,6,15,37,40,46]",13.928079197317844,0.9606854867617143
0.2534933333333333,0.5109737491497435,7,0.11376000000000114,26.371308016877375,6,63,"[1,4,6,15,37,40,46]",13.930113665348026,0.9607007807482031
0.25351999999999997,0.5110575046198851,7,0.11272000000000126,26.614620298083448,6,63,"[1,4,6,15,37,40,46]",13.930864193516443,0.9607045998482097
0.2535266666666666,0.5110784434390087,7,0.11246000000000128,26.676151520540333,6,63,"[1,4,6,15,37,40,46]",13.930930129647631,0.9607043858312908
0.25355999999999995,0.511183137242319,7,0.11116000000000142,26.9881252249007,6,63,"[1,4,6,15,37,40,46]",13.93053009152516,0.960696297705569
0.2535933333333333,0.5112878305550819,7,0.10986000000000157,27.307482250136147,6,63,"[1,4,6,15,37,40,46]",13.928914253501327,0.9606764921832528
0.2536,0.5113087691583648,7,0.10959999999999986,27.37226277372266,6,63,"[1,4,6,15,37,40,46]",13.928445195512696,0.9606711214527063
0.25362666666666667,0.5113925233727054,7,0.10855999999999999,27.634487840825354,6,63,"[1,4,6,15,37,40,46]",13.92608251946467,0.9606449250109267
0.25366,0.5114972156905968,7,0.10726000000000013,27.969420100689877,6,63,"[1,4,6,15,37,40,46]",13.92203399382004,0.9606015316110675
0.25367999999999996,0.5115600308395498,7,0.10648000000000196,28.174305033808647,6,63,"[1,4,6,15,37,40,46]",13.91902014594795,0.9605697843944945
0.2536933333333333,0.5116019075041638,7,0.10596000000000028,28.31257078142688,6,63,"[1,4,6,15,37,40,46]",13.916766979622764,0.9605462267462356
0.25372666666666666,0.5117065988088143,7,0.10466000000000042,28.664246130326656,6,63,"[1,4,6,15,37,40,46]",13.910278975688383,0.9604789041033016
0.25376,0.5118112895999558,7,0.10336000000000056,29.024767801857426,6,63,"[1,4,6,15,37,40,46]",13.90256667266468,0.9603994357945581
0.2537933333333333,0.5119159798729963,7,0.1020600000000007,29.39447383891808,6,63,"[1,4,6,15,37,40,46]",13.893625948050163,0.960307671772
0.25382666666666664,0.5120206696233434,7,0.10076000000000085,29.773719730051358,6,63,"[1,4,6,15,37,40,46]",13.883451860139832,0.9602034391504629
0.25383999999999995,0.5120625453760992,7,0.10024000000000266,29.928172386272152,6,63,"[1,4,6,15,37,40,46]",13.879035619155456,0.9601582116918319
0.25386,0.5121253588464048,7,0.09946000000000099,30.162879549567364,6,63,"[1,4,6,15,37,40,46]",13.87203864087613,0.960086541434661
0.2538933333333333,0.5122300475375885,7,0.09816000000000114,30.562347188263704,6,63,"[1,4,6,15,37,40,46]",13.859379687579631,0.9599567576444826
0.25392,0.5123137981044976,7,0.09712000000000126,30.88962108731426,6,79,"[1,4,6,15,37,40,46]",13.848350620867356,0.9598434879090211
0.25392666666666663,0.5123347356923023,7,0.09686000000000128,30.972537683253773,6,79,"[1,4,6,15,37,40,46]",13.845467553530487,0.9598138413321476
0.25395999999999996,0.512439423305954,7,0.09556000000000142,31.393888656341097,6,79,"[1,4,6,15,37,40,46]",13.830293937368648,0.9596575194840177
0.2539933333333333,0.5125441103739516,7,0.09426000000000156,31.82686187141895,6,79,"[1,4,6,15,37,40,46]",13.813849671276245,0.9594874912989725
0.25399999999999995,0.5125650477216687,7,0.09400000000000158,31.914893617020738,6,79,"[1,4,6,15,37,40,46]",13.81040747153649,0.9594518123958217
0.2540266666666666,0.512648796891703,6,0.14128000000000052,21.23442808607014,6,120,"[1,4,10,27,37,46]",15.29418190795388,0.9710642408805311
0.25405999999999995,0.5127534828546161,6,0.14038000000000217,21.370565607636085,6,120,"[1,4,10,27,37,46]",15.296922382980407,0.9710859931134636
0.25408,0.5128162941641312,6,0.1398400000000004,21.453089244851196,6,120,"[1,4,10,27,37,46]",15.298281705568124,0.9710968750911854
0.2540933333333333,0.5128581682580988,6,0.13948000000000205,21.508459994264093,6,120,"[1,4,10,27,37,46]",15.299069806106482,0.9711032328657195
0.25412666666666667,0.5129628530975592,6,0.1385800000000006,21.648145475537504,6,120,"[1,4,10,27,37,46]",15.300628747233413,0.9711160113002784
0.25416,0.5130675373684052,6,0.13768000000000047,21.789657176060356,6,120,"[1,4,10,27,37,46]",15.301603553220458,0.9711243753122162
0.2541933333333333,0.5131722210660448,6,0.13678000000000035,21.93303114490417,6,120,"[1,4,10,27,37,46]",15.301998352069132,0.9711283676426138
0.25422666666666666,0.5132769041858862,6,0.13588000000000022,22.078304386223103,6,120,"[1,4,10,27,37,46]",15.301817056918884,0.9711280269834393
0.25423999999999997,0.5133187772710105,6,0.13552000000000053,22.136953955135688,6,120,"[1,4,10,27,37,46]",15.301584068814416,0.971126685395005
0.25426,0.5133815867233373,6,0.1349800000000001,22.22551489109496,6,120,"[1,4,10,27,37,46]",15.301063369859838,0.9711233880737901
0.2542933333333333,0.5134862686738064,6,0.13407999999999998,22.374701670644395,6,120,"[1,4,10,27,37,46]",15.299740785568021,0.971114481787842
0.25432,0.5135700138084688,6,0.1333600000000006,22.495500899819938,6,120,"[1,4,10,27,37,46]",15.298275330261694,0.9711043025773985
0.25432666666666665,0.5135909500327015,6,0.13317999999999985,22.52590479050911,6,120,"[1,4,10,27,37,46]",15.297852594768022,0.9711013352148216
0.25436,0.5136956307954309,6,0.13227999999999973,22.67916540671308,6,120,"[1,4,10,27,37,46]",15.295401887527712,0.9710839717312957
0.2543933333333333,0.5138003109574028,6,0.13138000000000138,22.834525803013918,6,120,"[1,4,10,27,37,46]",15.292391556389688,0.9710624110660362
0.25439999999999996,0.513821246917302,6,0.13120000000000065,22.865853658536473,6,120,"[1,4,10,27,37,46]",15.291722576109295,0.9710575967539694
0.25442666666666663,0.5139049905140252,6,0.13048000000000126,22.992029429797448,6,120,"[1,4,10,27,37,46]",15.288824299343368,0.9710366693576984
0.25445999999999996,0.5140096694607065,6,0.12958000000000114,23.15172094459001,6,120,"[1,4,10,27,37,46]",15.284702622641872,0.9710067592055266
0.25448,0.5140724765340333,6,0.12904000000000115,23.24860508369477,6,120,"[1,4,10,27,37,46]",15.281964466923084,0.9709868161925931
0.2544933333333333,0.5141143477928548,6,0.12868000000000102,23.313646254273984,6,120,"[1,4,10,27,37,46]",15.280028843467015,0.9709726897132708
0.2545266666666666,0.5142190255058786,6,0.1277800000000009,23.477852559085765,6,120,"[1,4,10,27,37,46]",15.274805092446252,0.9709344665264849
0.25455999999999995,0.5143237025951862,6,0.12688000000000077,23.644388398486615,6,120,"[1,4,10,27,37,46]",15.26903331602434,0.9708920918633485
0.2545933333333333,0.5144283790561859,6,0.12598000000000065,23.813303698999718,6,120,"[1,4,10,27,37,46]",15.262715278692928,0.970845564539133
0.25462666666666667,0.5145330548842864,6,0.12507999999999964,23.984649824112637,6,120,"[1,4,10,27,37,46]",15.255852565080744,0.9707948799844214
0.25464,0.5145749250372857,6,0.12472000000000127,24.05388069275152,6,120,"[1,4,10,27,37,46]",15.252955291317738,0.9707734404721248
0.25466,0.5146377300748953,6,0.12417999999999907,24.15847962634903,6,120,"[1,4,10,27,37,46]",15.24844658190687,0.9707400302571557
0.2546933333333333,0.5147424046234216,6,0.12328000000000117,24.334847501622093,6,120,"[1,4,10,27,37,46]",15.240498559799335,0.9706810040485839
0.25471999999999995,0.5148261437968574,6,0.12256000000000089,24.47780678851157,6,120,"[1,4,10,27,37,46]",15.233750589682614,0.9706307662664603
0.25472666666666666,0.5148470785252738,6,0.1223800000000006,24.513809445987786,6,120,"[1,4,10,27,37,46]",15.232009554981232,0.9706177866831452
0.25476,0.5149517517758603,6,0.12148000000000092,24.695423114915847,6,120,"[1,4,10,27,37,46]",15.222980450826265,0.9705503601123245
0.2547933333333333,0.5150564243705894,6,0.12058000000000035,24.879747885221356,6,120,"[1,4,10,27,37,46]",15.213411959285436,0.970478702902478
0.25479999999999997,0.5150773588104283,6,0.1204000000000014,24.916943521594394,6,120,"[1,4,10,27,37,46]",15.211433585152305,0.970463861658323
0.25482666666666665,0.51516109630487,6,0.11968000000000067,25.066844919785954,6,120,"[1,4,10,27,37,46]",15.203304622186165,0.9704027902166259
0.25486,0.5152657675741101,6,0.11878000000000011,25.256777235224764,6,120,"[1,4,10,27,37,46]",15.192658812405554,0.9703225937901768
0.25488,0.5153285700145254,6,0.11824000000000012,25.372124492557482,6,120,"[1,4,10,27,37,46]",15.186012951875943,0.9702724066871272
0.2548933333333333,0.5153704381737192,6,0.11788000000000043,25.44960977265006,6,120,"[1,4,10,27,37,46]",15.18147473491863,0.9702380819005394
0.25492666666666663,0.5154751080991051,6,0.11697999999999986,25.645409471704596,6,120,"[1,4,10,27,37,46]",15.169752427722463,0.970149219330556
0.25495999999999996,0.515579777345677,6,0.11608000000000196,25.8442453480354,6,120,"[1,4,10,27,37,46]",15.157491762637385,0.9700559673256701
0.2549933333333333,0.5156844459088435,6,0.11518000000000139,26.046188574404965,6,120,"[1,4,10,27,37,46]",15.144692445985156,0.9699582835447279
0.2550266666666666,0.5157891137840129,6,0.11428000000000171,26.251312565627888,6,120,"[1,4,10,27,37,46]",15.131354019145363,0.9698561220042873
0.25504,0.5158309807404133,6,0.11392000000000024,26.334269662921294,6,120,"[1,4,10,27,37,46]",15.125867563495682,0.9698139926113388
0.25505999999999995,0.5158937809665946,6,0.13362000000000096,22.45172878311614,6,74,"[1,4,18,27,37,46]",15.278584743863354,0.9708785397895024
0.2550933333333333,0.5159984474519969,6,0.1328533333333346,22.581292653552573,6,74,"[1,4,18,27,37,46]",15.275366779947015,0.9708509334731286
0.25511999999999996,0.5160821801352643,6,0.13224000000000102,22.686025408348282,6,74,"[1,4,18,27,37,46]",15.272500057093419,0.9708265532471518
0.25512666666666667,0.5161031132356289,6,0.13208666666666669,22.712360571342046,6,74,"[1,4,18,27,37,46]",15.271742893976407,0.9708201399099812
0.25516,0.5162077783128992,6,0.13132000000000033,22.84495887907396,6,74,"[1,4,18,27,37,46]",15.267714886080261,0.9707861659246193
0.2551933333333333,0.5163124426792167,6,0.13055333333333308,22.97911453811984,6,74,"[1,4,18,27,37,46]",15.263284457270975,0.9707490164323759
0.2552,0.5163333754667618,6,0.1304000000000003,23.006134969325103,6,74,"[1,4,18,27,37,46]",15.262350223784338,0.9707412057723853
0.25522666666666666,0.5164171063299905,6,0.12978666666666672,23.114855146907736,6,74,"[1,4,18,27,37,46]",15.258453210679031,0.9707086944583625
0.25526,0.5165217692606294,6,0.12902000000000036,23.25220895985112,6,74,"[1,4,18,27,37,46]",15.253222652726514,0.9706652011539215
0.25527999999999995,0.5165845666714379,6,0.12856000000000112,23.335407591785735,6,74,"[1,4,18,27,37,46]",15.24989323935103,0.9706375827149324
0.2552933333333333,0.5166264314665424,6,0.128253333333334,23.391204906954865,6,74,"[1,4,18,27,37,46]",15.247594194241328,0.9706185358105759
0.25532666666666665,0.5167310929431385,6,0.12748666666666675,23.53187261412957,6,74,"[1,4,18,27,37,46]",15.24156915151294,0.9705686958715214
0.25536,0.5168357536858268,6,0.1267200000000004,23.67424242424235,6,74,"[1,4,18,27,37,46]",15.235148747290898,0.9705156769406987
0.2553933333333333,0.5169404136900162,6,0.12595333333333403,23.8183454189381,6,74,"[1,4,18,27,37,46]",15.228334111726658,0.9704594727894778
0.25542666666666664,0.5170450729511159,6,0.12518666666666767,23.96421344126086,6,74,"[1,4,18,27,37,46]",15.221126283260055,0.970400075360982
0.25544,0.5170869364464625,6,0.12487999999999966,24.023062139654133,6,74,"[1,4,18,27,37,46]",15.218133273149595,0.9703754201194804
0.25545999999999996,0.5171497314645352,6,0.12442000000000042,24.1118791191126,6,74,"[1,4,18,27,37,46]",15.213526209450919,0.9703374747720769
0.2554933333333333,0.517254389225683,6,0.12365333333333406,24.26137588958364,6,74,"[1,4,18,27,37,46]",15.20553474775671,0.9702716593130338
0.25551999999999997,0.5173381148898808,6,0.12304000000000048,24.382314694408226,6,74,"[1,4,18,27,37,46]",15.198860298259207,0.9702166832026933
0.2555266666666666,0.5173590462299686,6,0.1228866666666677,24.41273802419553,6,74,"[1,4,18,27,37,46]",15.197152666256907,0.9702026154448892
0.25555999999999995,0.5174637024728013,6,0.12212000000000134,24.56600065509308,6,74,"[1,4,18,27,37,46]",15.188380644324448,0.9701303277944979
0.2555933333333333,0.5175683579495901,6,0.12135333333333409,24.72119980223025,6,74,"[1,4,18,27,37,46]",15.17921927324529,0.9700547791472885
0.2556,0.5175892889526188,6,0.12119999999999975,24.752475247524803,6,74,"[1,4,18,27,37,46]",15.177340322997672,0.970039276453163
0.25562666666666667,0.5176730126557448,6,0.12058666666666618,24.878372401592316,6,74,"[1,4,18,27,37,46]",15.169669056786235,0.9699759504377128
0.25566,0.5177776665866743,6,0.11981999999999982,25.03755633450179,6,74,"[1,4,18,27,37,46]",15.159730411711578,0.9698938207373867
0.25567999999999996,0.5178404585712141,6,0.11936000000000058,25.134048257372534,6,74,"[1,4,18,27,37,46]",15.153580919893136,0.9698429490331439
0.25569333333333333,0.517882319737788,6,0.11905333333333346,25.19879045805799,6,74,"[1,4,18,27,37,46]",15.149403668248908,0.9698083672409021
0.25572666666666666,0.5179869721044954,6,0.1182866666666671,25.362114636758065,6,74,"[1,4,18,27,37,46]",15.138689070504421,0.9697195652493015
0.25576,0.518091623682206,6,0.11752000000000073,25.527569775357225,6,74,"[1,4,18,27,37,46]",15.127586776828181,0.969627388151181
0.2557933333333333,0.518196274466329,6,0.11675333333333349,25.695197853023434,4,36,"[1,4,18,27,37,46]",15.116096860129234,0.9695318074014055
0.25582666666666665,0.5183009244522744,6,0.11598666666666713,25.86504195884574,4,36,"[1,4,18,27,37,46]",15.104219308140939,0.9694327924973921
0.25583999999999996,0.5183427842221342,6,0.11568000000000067,25.933609958506075,4,36,"[1,4,18,27,37,46]",15.099359730536419,0.9693922177629796
0.25586,0.5184055736354513,6,0.11522000000000077,26.037146328762194,6,55,"[1,4,18,27,37,46]",15.091954023636694,0.9693303109529325
0.2558933333333333,0.5185102220112692,6,0.11445333333333352,26.211556383970134,6,55,"[1,4,18,27,37,46]",15.079300824595729,0.9692243282695042
0.25592,0.5185939401275406,6,0.11384000000000083,26.352775825720116,6,55,"[1,4,18,27,37,46]",15.068898790518398,0.9691369968159399
0.25592666666666664,0.5186148695751381,6,0.11368666666666716,26.38831877089064,6,55,"[1,4,18,27,37,46]",15.066259444319611,0.9691148079050257
0.25595999999999997,0.5187195163224674,6,0.1129200000000008,26.56748140276283,6,55,"[1,4,18,27,37,46]",15.052829531498531,0.9690017112399977
0.2559933333333333,0.5188241622486667,6,0.11215333333333444,26.749093502942138,6,55,"[1,4,18,27,37,46]",15.039010650228128,0.9688849975409767
0.25599999999999995,0.518845091334967,6,0.11200000000000077,26.785714285714104,6,55,"[1,4,18,27,37,46]",15.03620015344349,0.9688612170214282
0.2560266666666666,0.5189288073491459,6,0.11138666666666808,26.933205649987688,6,55,"[1,4,18,27,37,46]",15.024802279976022,0.9687646239213042
0.25605999999999995,0.519033451619315,6,0.11062000000000083,27.11986982462464,6,55,"[1,4,18,27,37,46]",15.010203815498157,0.9686405452990318
0.25608,0.5190962377809579,6,0.11016000000000092,27.23311546840936,6,55,"[1,4,18,27,37,46]",15.001257208040393,0.9685643001329924
0.2560933333333333,0.5191380950545832,6,0.10985333333333447,27.309139458671886,6,55,"[1,4,18,27,37,46]",14.995214566704497,0.9685127143519546
0.25612666666666667,0.5192427376503608,6,0.10908666666666655,27.501069486035597,6,55,"[1,4,18,27,37,46]",14.979833758473793,0.9683810814696739
0.25616,0.5193473794020576,6,0.1083200000000002,27.695716395864057,6,55,"[1,4,18,27,37,46]",14.96406053041713,0.9682455947025944
0.25619333333333333,0.519452020305083,6,0.10755333333333383,27.893138287981028,6,55,"[1,4,18,27,37,46]",14.947893936589338,0.9681061997077604
0.25622666666666666,0.5195566603548473,6,0.10678666666666659,28.09339493070298,6,55,"[1,4,18,27,37,46]",14.931332945148222,0.9679628396914234
0.25623999999999997,0.519598516134812,6,0.10648000000000102,28.174305033808896,6,55,"[1,4,18,27,37,46]",14.92459786968756,0.9679043722803063
0.25626,0.5196612995467608,6,0.10602000000000023,28.296547821165756,6,55,"[1,4,18,27,37,46]",14.914376437960954,0.9678154553482307
0.2562933333333333,0.5197659378762329,6,0.10525333333333386,28.502660248289697,6,55,"[1,4,18,27,37,46]",14.897023210156382,0.9676639847969112
0.25632,0.5198496479157688,6,0.10464000000000029,28.669724770642123,6,55,"[1,4,18,27,37,46]",14.882854123714859,0.9675398230157604
0.25632666666666665,0.5198705753386743,6,0.1044866666666675,28.711797358514414,6,55,"[1,4,18,27,37,46]",14.879271969623467,0.9675083635123323
0.25636,0.5199752119294944,6,0.10372000000000026,28.924026224450373,6,55,"[1,4,18,27,37,46]",14.861121336454152,0.9673485242537865
0.2563933333333333,0.5200798476441039,6,0.1029533333333339,29.139415916596356,6,55,"[1,4,18,27,37,46]",14.842569842330304,0.9671843969893664
0.25639999999999996,0.5201007746814764,6,0.10280000000000111,29.18287937743159,6,55,"[1,4,18,27,37,46]",14.838811304715788,0.9671510506117894
0.25642666666666664,0.5201844824779126,6,0.10218666666666754,29.35803757828785,6,55,"[1,4,6,22,27,46]",14.427198984993447,0.9636960814376195
0.25645999999999997,0.5202891164263308,6,0.10142000000000118,29.579964504042252,6,55,"[1,4,6,22,27,46]",14.422141823452634,0.9636429809466609
0.25648,0.520351896368485,6,0.10096000000000038,29.714738510300997,6,55,"[1,4,6,22,27,46]",14.418942127058052,0.9636087700554491
0.2564933333333333,0.5203937494847687,6,0.10065333333333393,29.805272221486113,6,55,"[1,4,6,22,27,46]",14.416739898234859,0.9635849768770685
0.2565266666666666,0.5204983816486368,6,0.09988666666666757,30.034038577053725,6,55,"[1,4,6,22,27,46]",14.410991824676719,0.9635220192969237
0.25655999999999995,0.5206030129133452,6,0.09912000000000121,30.26634382566549,6,55,"[1,4,6,22,27,46]",14.404896149568089,0.9634540549084479
0.2565933333333333,0.5207076432743044,6,0.09835333333333485,30.502270724597917,6,55,"[1,4,6,22,27,46]",14.398451350021858,0.9633810269650813
0.25662666666666667,0.5208122727269249,6,0.09758666666666693,30.741904631780216,6,55,"[1,4,6,22,27,46]",14.391655832290676,0.9633028751832805
0.25664,0.52085412425261,6,0.09728000000000048,30.838815789473532,6,55,"[1,4,6,22,27,46]",14.388839053408843,0.9632701656032387
0.25666,0.5209169012666166,6,0.09681999999999968,30.985333608758623,6,55,"[1,4,6,22,27,46]",14.384507930529516,0.9632195356488183
0.25669333333333333,0.5210215288887906,6,0.09605333333333332,31.232648528595227,6,55,"[1,4,6,22,27,46]",14.377005905501997,0.9631309407173555
0.25671999999999995,0.5211052303228325,6,0.0954400000000013,31.43336127409848,6,55,"[1,4,6,22,27,46]",14.370748100281169,0.9630562329835725
0.25672666666666666,0.5211261555888571,6,0.09528666666666696,31.483943188973527,6,55,"[1,4,6,22,27,46]",14.36914794322878,0.9630370189090355
0.25676,0.5212307813622268,6,0.0945200000000006,31.739314430808093,6,55,"[1,4,6,22,27,46]",14.360932153576776,0.9629376947968485
0.2567933333333333,0.5213354062043098,6,0.09375333333333336,31.998862262675097,6,55,"[1,4,6,22,27,46]",14.352356568786186,0.9628328888884722
0.2568,0.5213563310605684,5,0.1479999999999997,20.270270270270313,6,30,"[1,4,15,22,37]",16.915547746768933,0.9798696068740581
0.25682666666666665,0.5214400301105176,5,0.14760000000000062,20.325203252032434,6,30,"[1,4,15,22,37]",16.9101196715426,0.9798410297950575
0.25686,0.5215446530762603,5,0.1471,20.3942895989123,6,30,"[1,4,15,22,37]",16.903226849143245,0.9798047015198194
0.25688,0.5216074264023737,5,0.1468000000000007,20.435967302452216,6,30,"[1,4,15,22,37]",16.899033923707798,0.9797825807455807
0.2568933333333333,0.5216492750969488,5,0.14660000000000029,20.463847203274177,6,30,"[1,4,15,22,37]",16.896214869216866,0.979767698586406
0.25692666666666664,0.5217538961679937,5,0.14609999999999967,20.533880903490804,6,30,"[1,4,15,22,37]",16.889084294017767,0.9797300205161434
0.25695999999999997,0.5218585162848061,5,0.14559999999999995,20.604395604395613,6,30,"[1,4,15,22,37]",16.881835668127767,0.9796916666611208
0.2569933333333333,0.5219631354427966,5,0.14510000000000112,20.67539627842851,6,30,"[1,4,15,22,37]",16.874469518704835,0.9796526362055973
0.2570266666666666,0.5220677536373765,5,0.1446000000000014,20.746887966804778,6,30,"[1,4,15,22,37]",16.866986355724368,0.9796129281672912
0.25704,0.5221096006444254,5,0.14440000000000008,20.775623268698048,6,30,"[1,4,15,22,37]",16.863960437738477,0.9795968549772484
0.25705999999999996,0.5221723708639558,5,0.14410000000000078,20.818875780707728,6,30,"[1,4,15,22,37]",16.8593866722139,0.9795725413985569
0.2570933333333333,0.5222769871179465,5,0.14360000000000106,20.891364902506808,6,30,"[1,4,15,22,37]",16.85167094448059,0.9795314745874496
0.25711999999999996,0.5223606794177911,5,0.14320000000000022,20.94972067039103,6,30,"[1,4,15,22,37]",16.84541511999321,0.9794981305221265
0.25712666666666667,0.5223816023947593,5,0.14310000000000045,20.96436058700203,6,30,"[1,4,15,22,37]",16.84383963233223,0.9794897262586796
0.25716,0.522486216689805,5,0.14259999999999984,21.03786816269287,6,30,"[1,4,15,22,37]",16.835893179291915,0.9794472947744621
0.25719333333333333,0.5225908299984948,5,0.14210000000000012,21.111893033075283,6,30,"[1,4,15,22,37]",16.82783201280583,0.979404178335259
0.2572,0.5226117525414663,5,0.14200000000000035,21.12676056338023,6,30,"[1,4,15,22,37]",16.826206050390574,0.9793954726831121
0.25722666666666666,0.52269544231624,5,0.1415999999999995,21.186440677966175,6,30,"[1,4,15,22,37]",16.819656544445326,0.9793603749804187
0.25726,0.5228000536384517,5,0.14109999999999978,21.261516654854745,6,30,"[1,4,15,22,37]",16.811367170102486,0.9793158825887132
0.25727999999999995,0.5228628199520136,5,0.14080000000000048,21.30681818181811,6,30,"[1,4,15,22,37]",16.806339029511495,0.9792888554735967
0.2572933333333333,0.522904663960541,5,0.14060000000000095,21.33712660028435,6,30,"[1,4,15,22,37]",16.802964270179757,0.9792706988787755
0.25732666666666665,0.5230092732779195,5,0.14010000000000122,21.413276231263197,6,30,"[1,4,15,22,37]",16.79444820977384,0.979224821409438
0.25736,0.5231138815859983,5,0.1396000000000006,21.489971346704777,6,30,"[1,4,15,22,37]",16.7858193388536,0.9791782475799732
0.25743999999999995,0.5233649373799861,5,0.13839999999999986,21.676300578034706,6,30,"[1,4,15,22,37]",16.764651755520354,0.9790636123894527
0.25751999999999997,0.5236159872705458,5,0.13720000000000088,21.86588921282785,6,30,"[1,4,15,22,37]",16.74284056581687,0.9789449079993335
0.2576,0.5238670311942457,5,0.13600000000000012,22.058823529411747,6,30,"[1,4,15,22,37]",16.72038957780122,0.9788220872081945
0.25767999999999996,0.5241180690876571,5,0.13480000000000114,22.25519287833809,6,30,"[1,4,15,22,37]",16.697302132835972,0.9786950974893676
0.25776,0.5243691008873519,5,0.1335999999999995,22.455089820359365,6,30,"[1,4,15,22,37]",16.673581116180635,0.9785638809469337
0.25783999999999996,0.5246201265299043,5,0.12543999999999955,23.9158163265307,6,60,"[1,4,6,15,22]",16.554117727964787,0.9778617592332222
0.25792,0.5248711459518897,5,0.12671999999999928,23.67424242424256,6,60,"[1,4,6,15,22]",16.562918164518926,0.9779235657242948
0.25799999999999995,0.5251221590898847,5,0.12799999999999967,23.43750000000006,6,60,"[1,4,6,15,22]",16.571209647564682,0.9779811371477646
0.2580333333333333,0.525226746027654,5,0.1285333333333325,23.340248962655753,6,60,"[1,4,6,15,22]",16.574515840138815,0.9780039014767681
0.2580666666666666,0.5253313318588547,5,0.12906666666666622,23.243801652892643,6,60,"[1,4,6,15,22]",16.57773533129198,0.9780259571582824
0.25808,0.5253731658804682,5,0.1292799999999994,23.205445544554564,6,60,"[1,4,6,15,22]",16.578998957301337,0.978034582673702
0.25809999999999994,0.5254359165788988,5,0.12959999999999905,23.14814814814832,6,60,"[1,4,6,15,22]",16.580868592990967,0.9780473115948956
0.25813333333333327,0.5255405001831986,5,0.13013333333333277,23.053278688524692,6,60,"[1,4,6,15,22]",16.583916090519665,0.9780679720138318
0.25816,0.5256241662602201,5,0.13056,22.977941176470587,6,60,"[1,4,6,15,22]",16.586292646792444,0.9780840054031918
0.2581666666666666,0.5256450826671667,5,0.1306666666666656,22.959183673469575,6,60,"[1,4,6,15,22]",16.5868782825574,0.9780879454705314
0.25819999999999993,0.5257496640262158,5,0.13119999999999932,22.865853658536704,6,60,"[1,4,6,15,22]",16.589755621256092,0.9781072388521332
0.25823333333333326,0.5258542442557582,5,0.13173333333333215,22.773279352226925,6,40,"[1,4,6,15,22]",16.592548552315854,0.9781258588808581
0.25823999999999997,0.5258751601657223,5,0.1318399999999995,22.754854368932122,6,40,"[1,4,6,15,22]",16.593097048382884,0.9781295026643985
0.25826666666666664,0.5259588233512067,5,0.1322666666666663,22.681451612903288,6,40,"[1,4,6,15,22]",16.595257515058936,0.9781438121173004
0.2583,0.5260634013079736,5,0.13279999999999914,22.59036144578328,6,40,"[1,4,6,15,22]",16.597882942502725,0.9781611049636263
0.25832,0.5261261475335585,5,0.13312000000000013,22.536057692307672,6,40,"[1,4,6,15,22]",16.599418279824512,0.9781711662892253
0.2583333333333333,0.5261679781214718,5,0.13333333333333286,22.50000000000008,6,40,"[1,4,6,15,22]",16.600425261430736,0.9781777436666841
0.25836666666666663,0.526272553787114,5,0.13386666666666658,22.410358565737067,6,40,"[1,4,6,15,22]",16.60288489246284,0.9781937343210284
0.25839999999999996,0.5263771283003131,5,0.1343999999999994,22.32142857142867,6,40,"[1,4,6,15,22]",16.605262250123708,0.9782090828718587
0.2584333333333333,0.5264817016564819,5,0.13493333333333224,22.23320158102785,6,40,"[1,4,6,15,22]",16.60755774291015,0.9782237951178784
0.2584666666666666,0.5265862738510332,5,0.13546666666666596,22.1456692913387,6,40,"[1,4,6,15,22]",16.60977177335714,0.9782378767140726
0.25848,0.5266281024025734,5,0.13568000000000024,22.110849056603733,6,40,"[1,4,6,15,22]",16.610634665124476,0.9782433340104058
0.25849999999999995,0.5266908448793801,5,0.13599999999999968,22.058823529411818,6,40,"[1,4,6,15,22]",16.61190473810263,0.9782513331744098
0.2585333333333333,0.5267954147369355,5,0.1365333333333325,21.97265625000013,6,40,"[1,4,6,15,22]",16.61395702795092,0.9782641698744674
0.25855999999999996,0.5268790697769277,5,0.1369599999999993,21.904205607476747,6,40,"[1,4,6,15,22]",16.615541032838152,0.9782739965327177
0.2585666666666666,0.5268999834191125,5,0.13706666666666534,21.887159533074144,6,40,"[1,4,6,15,22]",16.615929027935074,0.9782763920539853
0.25859999999999994,0.5270045509213243,5,0.13759999999999906,21.802325581395497,6,40,"[1,4,6,15,22]",16.617821117377986,0.9782880048193464
0.25863333333333327,0.5271091172389836,5,0.13813333333333278,21.718146718146805,6,40,"[1,4,6,15,22]",16.619633669952297,0.9782990131459901
0.25864,0.5271300303599658,5,0.13824000000000014,21.701388888888868,6,40,"[1,4,6,15,22]",16.619986668531784,0.978301142707432
0.2586666666666666,0.5272136823675044,5,0.1386666666666656,21.63461538461555,6,40,"[1,4,6,15,22]",16.621367053739114,0.9783094218807564
0.25869999999999993,0.5273182463022994,5,0.13919999999999844,21.551724137931277,6,40,"[1,4,6,15,22]",16.623021631285855,0.9783192357441655
0.25871999999999995,0.5273809840882798,5,0.13951999999999942,21.50229357798174,6,40,"[1,4,6,15,22]",16.623976699585967,0.9783248404411662
0.25873333333333326,0.5274228090387818,5,0.13973333333333215,21.46946564885514,6,40,"[1,4,6,15,22]",16.624597759662564,0.9783284593326329
0.25876666666666664,0.5275273705723655,5,0.14026666666666632,21.387832699619825,6,40,"[1,4,6,15,22]",16.626095790517503,0.9783370971206221
0.2588,0.5276319308984634,5,0.14079999999999915,21.30681818181831,6,40,"[1,4,6,15,22]",16.62751607013154,0.9783451534627374
0.2588333333333333,0.5277364900124893,6,0.09449999999999842,31.746031746032276,6,105,"[1,4,6,15,18,40]",14.616461038145596,0.96588187958233
0.25886666666666663,0.5278410479098566,6,0.09579999999999828,31.31524008350787,6,105,"[1,4,6,15,18,40]",14.640935384625777,0.9661074243393858
0.25888,0.5278828707271118,6,0.09631999999999996,31.14617940199337,6,105,"[1,4,6,15,18,40]",14.65052779253413,0.9661950642066895
0.25889999999999996,0.5279456045859788,6,0.09709999999999813,30.895983522142714,6,105,"[1,4,6,15,18,40]",14.664707789436791,0.9663238404636684
0.2589333333333333,0.5280501600362697,6,0.09839999999999799,30.487804878049403,6,105,"[1,4,6,15,18,40]",14.687792099788602,0.9665315116324164
0.25895999999999997,0.5281338035108217,6,0.09943999999999964,30.168946098149746,6,105,"[1,4,6,15,18,40]",14.705773101506805,0.9666915953489084
0.2589666666666666,0.5281547142561429,6,0.09969999999999785,30.09027081243796,6,105,"[1,4,6,15,18,40]",14.710201656321788,0.966730798587391
0.25899999999999995,0.528259267241012,6,0.1009999999999977,29.70297029703038,6,105,"[1,4,6,15,18,40]",14.731949311856939,0.9669220406620583
0.2590333333333333,0.5283638189862911,6,0.10229999999999756,29.325513196481637,6,105,"[1,4,6,15,18,40]",14.753047449170031,0.9671055571907531
0.25904,0.5283847291861926,6,0.10255999999999926,29.25117004680208,6,105,"[1,4,6,15,18,40]",14.757190192042955,0.9671413602021969
0.2590666666666666,0.5284683694873938,6,0.10359999999999742,28.95752895752968,6,105,"[1,4,6,15,18,40]",14.773507997849075,0.9672816488097574
0.25909999999999994,0.5285729187397342,6,0.10489999999999727,28.598665395615615,6,105,"[1,4,6,15,18,40]",14.793342450283644,0.9674505986593224
0.25911999999999996,0.5286356476898246,6,0.10567999999999894,28.387585162755773,6,105,"[1,4,6,15,18,40]",14.804947217937633,0.967548652140246
0.25913333333333327,0.5286774667387261,6,0.10619999999999713,28.24858757062223,6,105,"[1,4,6,15,18,40]",14.812561876836007,0.9676126734948314
0.2591666666666666,0.5287820134797834,6,0.10749999999999699,27.906976744186828,6,105,"[1,4,6,15,18,40]",14.83117694023943,0.9677681247145736
0.25919999999999993,0.5288865589583205,6,0.10879999999999684,27.573529411765506,6,105,"[1,4,6,15,18,40]",14.849197909265747,0.9679171893109103
0.2592,0.5288865589583205,6,0.10879999999999856,27.57352941176507,6,105,"[1,4,6,15,18,40]",14.849197909265783,0.9679171893109105
0.25923333333333326,0.5289911031697512,6,0.1100999999999967,27.24795640327057,6,105,"[1,4,6,15,18,40]",14.86663467170249,0.9680600907510225
0.25926666666666665,0.52909564610949,6,0.11139999999999828,26.92998204667905,6,105,"[1,4,6,15,22,40]",15.16215619396859,0.9702373980360021
0.25927999999999995,0.5291374629282845,6,0.11191999999999824,26.804860614725225,6,105,"[1,4,6,15,22,40]",15.16777588595442,0.970281931889276
0.2593,0.5292001877729509,6,0.11269999999999991,26.619343389529746,6,105,"[1,4,6,15,22,40]",15.1760362033907,0.9703470821214596
0.2593333333333333,0.5293047281555481,6,0.11399999999999799,26.315789473684674,6,105,"[1,4,6,15,22,40]",15.189356744608453,0.9704513612105647
0.25936,0.5293883595363227,6,0.11503999999999964,26.07788595271218,6,105,"[1,4,6,15,22,40]",15.19961602250018,0.9705310106892672
0.25936666666666663,0.5294092672526962,6,0.11529999999999963,26.019080659150127,6,105,"[1,4,6,15,22,40]",15.202126226858615,0.9705504101028403
0.25939999999999996,0.5295138050598095,6,0.1165999999999977,25.728987993139445,6,105,"[1,4,6,15,22,40]",15.214352733813541,0.9706443936313452
0.2594333333333333,0.5296183415723024,6,0.11789999999999934,25.44529262086528,6,105,"[1,4,6,15,22,40]",15.22604403314738,0.9707334672228299
0.25943999999999995,0.5296392487190428,6,0.11815999999999754,25.389302640488,6,105,"[1,4,6,15,22,40]",15.228318729949905,0.9707507057950925
0.2594666666666666,0.5297228767855894,6,0.11919999999999742,25.167785234899874,6,105,"[1,4,6,15,22,40]",15.23720758562785,0.9708177774179103
0.25949999999999995,0.5298274106950851,6,0.12049999999999905,24.89626556016617,6,105,"[1,4,6,15,22,40]",15.247850553757166,0.9708974623542481
0.25952,0.5298901304130553,6,0.12127999999999894,24.736147757256152,6,105,"[1,4,6,15,22,40]",15.253989324914594,0.9709431076664222
0.2595333333333333,0.5299319432962044,6,0.12179999999999713,24.63054187192176,6,105,"[1,4,6,15,22,40]",15.257979809984027,0.9709726522154606
0.2595666666666666,0.5300364745843615,6,0.12309999999999877,24.370430544273194,6,105,"[1,4,6,15,22,40]",15.267601944507204,0.9710434696482589
0.25959999999999994,0.5301410045549715,6,0.12439999999999685,24.11575562701026,6,105,"[1,4,6,15,22,40]",15.276723272689631,0.9711100301500947
0.2596,0.5301410045549717,6,0.12440000000000034,24.11575562700958,6,105,"[1,4,6,15,22,40]",15.276723272689646,0.9711100301500948
0.25963333333333327,0.5302455332034491,6,0.12569999999999848,23.86634844868764,6,105,"[1,4,6,15,22,40]",15.285349842101377,0.9711724424294187
0.2596666666666666,0.5303500605252092,6,0.12699999999999656,23.62204724409513,6,105,"[1,4,6,15,22,40]",15.293487439207928,0.9712308087404585
0.25967999999999997,0.5303918710814053,6,0.12751999999999825,23.525721455458292,6,88,"[1,4,6,15,22,40]",15.29660681332836,0.971253044122313
0.25969999999999993,0.5304545865156667,6,0.1282999999999982,23.3826968043651,6,88,"[1,4,6,15,22,40]",15.301141595719434,0.971285225194281
0.25973333333333326,0.5305591111702365,6,0.12959999999999627,23.148148148148813,6,88,"[1,4,6,15,22,40]",15.308317594615964,0.9713357820477481
0.25976,0.5306427299289722,6,0.13063999999999965,22.963870177587324,6,88,"[1,4,6,15,22,40]",15.313717515132195,0.9713735056984
0.25976666666666665,0.5306636344843338,6,0.13089999999999963,22.918258212375925,6,88,"[1,4,6,15,22,40]",15.315020475862235,0.971382563971846
0.2598,0.5307681564533736,6,0.13219999999999948,22.69288956127089,6,88,"[1,4,6,15,22,40]",15.321255041824644,0.9714256503007376
0.2598333333333333,0.5308726770727709,6,0.13349999999999934,22.471910112359662,6,88,"[1,4,6,15,22,40]",15.3270258624028,0.9714651152627858
0.25983999999999996,0.5308935810342897,6,0.13375999999999932,22.428229665071882,6,88,"[1,4,6,15,22,40]",15.328124763147189,0.9714725798766116
0.25986666666666663,0.5309771963379409,6,0.1347999999999992,22.255192878338413,6,88,"[1,4,6,15,22,40]",15.332337279886742,0.9715010281946818
0.25989999999999996,0.5310817142442993,6,0.13609999999999906,22.042615723732702,6,88,"[1,4,6,15,22,40]",15.337193413550091,0.9715334537397227
0.25992,0.5311444243339775,6,0.13687999999999895,21.917007597896134,6,88,"[1,4,6,15,22,40]",15.339890189135021,0.9715512603189528
0.2599333333333333,0.531186230787261,6,0.1373999999999989,21.834061135371353,6,88,"[1,4,6,15,22,40]",15.341598163989355,0.9715624520311933
0.2599666666666666,0.5312907459622416,6,0.13869999999999877,21.629416005768036,6,88,"[1,4,6,15,22,40]",15.345555217218246,0.9715880788617278
0.25999999999999995,0.5313952597646565,6,0.13999999999999863,21.42857142857164,6,88,"[1,4,6,15,22,40]",15.349068048525682,0.9716103858394477
0.2600333333333333,0.5314997721899213,6,0.13963333333333394,21.48484125089511,6,88,"[1,4,6,15,22,40]",15.352139926105371,0.9716294205316092
0.2600666666666666,0.5316042832334513,6,0.1392666666666671,21.541407371948235,6,88,"[1,4,6,15,22,40]",15.354773914464316,0.971645226596424
0.26008,0.5316460872629508,6,0.13912000000000013,21.56411730879814,6,88,"[1,4,6,15,22,40]",15.355705549032448,0.9716506540622382
0.26009999999999994,0.5317087928906624,6,0.1389000000000007,21.598272138228836,6,88,"[1,4,6,15,22,40]",15.356972877617386,0.971657843903662
0.26013333333333327,0.5318133011569702,6,0.13853333333333384,21.65543792107788,6,88,"[1,4,6,15,22,40]",15.358739482074148,0.9716673086445852
0.26016,0.5318969067654857,6,0.13823999999999992,21.7013888888889,6,88,"[1,4,6,15,22,40]",15.35984313489606,0.9716726326230871
0.2601666666666666,0.5319178080277905,6,0.13816666666666744,21.712907117008324,6,88,"[1,4,6,15,22,40]",15.360076199623796,0.9716736534317114
0.26019999999999993,0.532022313498539,6,0.1378000000000006,21.770682148040546,6,88,"[1,4,6,15,22,40]",15.360985309923935,0.9716769073888624
0.26023333333333326,0.5321268175646318,6,0.13743333333333418,21.828765462042067,6,88,"[1,4,6,15,22,40]",15.361468902898183,0.9716770962318965
0.26023999999999997,0.5321477182088883,6,0.13736000000000037,21.840419336051195,6,88,"[1,4,6,15,22,40]",15.3615147301021,0.9716767682141977
0.26026666666666665,0.5322313202214848,6,0.13706666666666667,21.88715953307393,6,88,"[1,4,6,15,22,40]",15.361528880946922,0.9716742423404918
0.2603,0.5323358214645136,6,0.13670000000000027,21.945866861740996,6,88,"[1,4,6,15,22,40]",15.361166960976306,0.9716683648213026
0.26032,0.5323985215297886,6,0.13648000000000016,21.981242672919084,6,88,"[1,4,6,15,22,40]",15.360747943369697,0.9716633937104658
0.2603333333333333,0.5324403212891347,6,0.13633333333333386,22.004889975550036,6,88,"[1,4,6,15,22,40]",15.360384676248025,0.9716594795627674
0.26036666666666664,0.532544819690764,6,0.135966666666667,22.064231429271825,6,88,"[1,4,6,15,22,40]",15.359183378054995,0.9716475992818244
0.26039999999999996,0.5326493166648177,6,0.13560000000000016,22.12389380530971,6,88,"[1,4,6,15,22,40]",15.357564237224935,0.9716327335627396
0.2604333333333333,0.5327538122067121,6,0.13523333333333376,22.18387971407437,6,57,"[1,4,6,15,22,40]",15.35552824545494,0.9716148888882296
0.2604666666666666,0.5328583063118637,6,0.13486666666666736,22.244191794364692,6,57,"[1,4,6,15,22,40]",15.35307621648019,0.9715940686630266
0.26048,0.5329001035506099,6,0.13471999999999995,22.26840855106889,6,57,"[1,4,6,15,22,40]",15.351979063036632,0.9715849075981876
0.26049999999999995,0.5329627989756888,6,0.1345000000000005,22.304832713754564,6,57,"[1,4,6,15,22,40]",15.350208787077998,0.9715702732299986
0.2605333333333333,0.5330672901936037,6,0.13413333333333366,22.36580516898603,6,57,"[1,4,6,15,22,40]",15.346926417910028,0.9715434998789143
0.26056,0.5331508821238002,6,0.13383999999999974,22.41482367005384,6,57,"[1,4,6,15,22,40]",15.344001963497403,0.9715199333277136
0.2605666666666666,0.5331717799610247,6,0.13376666666666726,22.4271118863692,6,57,"[1,4,6,15,22,40]",15.343229394203474,0.9715137428479
0.26059999999999994,0.5332762682733687,6,0.13340000000000085,22.488755622188762,6,57,"[1,4,6,15,22,40]",15.339117826273082,0.9714809933176233
0.2606333333333333,0.5333807551260524,6,0.133033333333334,22.5507391631169,6,57,"[1,4,6,15,22,40]",15.334591649884773,0.9714452393981928
0.26064,0.5334016523210267,6,0.1329600000000002,22.563176895306828,6,57,"[1,4,6,15,22,40]",15.333636643664699,0.9714377268239813
0.2606666666666666,0.5334852405144922,6,0.13266666666666715,22.613065326633084,6,57,"[1,4,6,15,22,40]",15.329650626461296,0.9714064661087445
0.26069999999999993,0.5335897244341051,6,0.13230000000000075,22.67573696145112,6,57,"[1,4,6,15,22,40]",15.3242943431308,0.9713646553496504
0.26072,0.5336524140789294,6,0.13207999999999998,22.713506965475474,6,57,"[1,4,6,15,22,40]",15.32088101133274,0.9713381021996831
0.26073333333333326,0.5336942068803079,6,0.13193333333333435,22.738756947953338,6,57,"[1,4,6,15,22,40]",15.318522212618186,0.9713197858672618
0.26076666666666665,0.5337986878485173,6,0.13156666666666683,22.802128198631845,6,57,"[1,4,6,15,22,40]",15.312333472978708,0.9712718332110587
0.2608,0.5339031673341502,6,0.13120000000000043,22.865853658536512,6,57,"[1,4,6,15,22,40]",15.305727187174101,0.9712207696830605
0.2608333333333333,0.534007645332624,6,0.13083333333333358,22.92993630573244,6,57,"[1,4,6,15,22,40]",15.298702242489725,0.9711665642793076
0.26086666666666664,0.5341121218393554,6,0.13046666666666717,22.994379151762814,6,57,"[1,4,6,15,22,40]",15.29125734979196,0.971109182623203
0.26088,0.5341539120233338,6,0.1303200000000002,23.020257826887622,6,57,"[1,4,10,15,22,40]",15.295611513391306,0.9710779697195736
0.26089999999999997,0.5342165968497617,6,0.13010000000000033,23.059185242121387,6,57,"[1,4,10,15,22,40]",15.29597797315656,0.9710768638717848
0.2609333333333333,0.5343210703592602,6,0.12973333333333392,23.124357656731654,6,57,"[1,4,10,15,22,40]",15.296363171120278,0.9710735165224694
0.26095999999999997,0.5344046480831258,6,0.12944000000000022,23.176761433868933,6,57,"[1,4,10,15,22,40]",15.296469185453356,0.9710694916638252
0.2609666666666666,0.5344255423632681,6,0.12936666666666707,23.18989951043538,6,57,"[1,4,10,15,22,40]",15.29646770992259,0.9710682991105465
0.26099999999999995,0.5345300128572027,6,0.12900000000000067,23.25581395348825,6,57,"[1,4,10,15,22,40]",15.296293009167313,0.9710612224045311
0.2610333333333333,0.5346344818364814,6,0.12863333333333382,23.322104172065213,6,57,"[1,4,10,15,22,40]",15.295840398637482,0.9710522959862137
0.26104,0.5346553754501755,6,0.12856,23.335407591785934,6,57,"[1,4,10,15,22,40]",15.29571663812247,0.9710502894979564
0.2610666666666666,0.5347389492965219,6,0.12826666666666742,23.388773388773252,6,57,"[1,4,10,15,22,40]",15.295111119408643,0.9710415282711923
0.26109999999999994,0.5348434152327415,6,0.12790000000000057,23.45582486317425,6,88,"[1,4,10,15,22,40]",15.29410632489506,0.9710289265273961
0.26111999999999996,0.5349060940611331,6,0.12768000000000046,23.496240601503676,6,88,"[1,4,10,15,22,40]",15.29337164818952,0.9710204877468325
0.2611333333333333,0.5349478796405578,6,0.12753333333333416,23.52326189231558,6,88,"[1,4,10,15,22,40]",15.292827081830595,0.9710144968916655
0.2611533333333333,0.5350105575497078,6,0.1273133333333336,23.563910561868305,6,88,"[1,4,10,15,22,40]",15.29192821231274,0.9710049638566461
0.2611666666666666,0.5350523425153887,6,0.12716666666666732,23.591087811271176,6,88,"[1,4,10,15,22,40]",15.291274371185118,0.9709982443844395
0.2611866666666666,0.5351150195025479,6,0.1269466666666672,23.631971431572214,6,88,"[1,4,10,15,22,40]",15.290211856627883,0.970987619576774
0.26119999999999993,0.5351568038526516,6,0.1268000000000009,23.659305993690683,6,88,"[1,4,10,15,22,40]",15.289449089018275,0.9709801729226012
0.2612,0.5351568038526519,6,0.12680000000000025,23.659305993690804,6,88,"[1,4,10,15,22,40]",15.289449089018262,0.9709801729226012
0.26121999999999995,0.5352194799150708,6,0.12658000000000036,23.70042660767887,6,88,"[1,4,10,15,22,40]",15.288223426632383,0.9709684581673819
0.26123333333333326,0.5352612636477647,6,0.12643333333333406,23.727919852359474,6,88,"[1,4,10,15,22,40]",15.287352047271064,0.9709602853305235
0.2612533333333333,0.5353239387826945,6,0.12621333333333395,23.769279526727118,6,88,"[1,4,10,15,22,40]",15.285963684150843,0.9709474818019025
0.26126666666666665,0.5353657218961457,6,0.126066666666667,23.79693283976726,6,88,"[1,4,10,15,22,40]",15.284983974497075,0.9709385833493521
0.26128,0.535407504761387,6,0.12592000000000003,23.824650571791608,6,88,"[1,4,10,15,22,40]",15.28396100413247,0.9709293947130022
0.2612866666666666,0.5354283961008368,6,0.1258466666666671,23.838533665306905,6,88,"[1,4,10,15,22,40]",15.283433308030437,0.970924691575283
0.2613,0.5354701785932127,6,0.12570000000000014,23.866348448687322,6,88,"[1,4,10,15,22,40]",15.282345516533738,0.9709150676445627
0.26131999999999994,0.5355328518649157,6,0.1254800000000007,23.908192540643793,6,88,"[1,4,10,15,22,40]",15.28063289477661,0.9709000875105144
0.2613333333333333,0.5355746337343834,6,0.12533333333333374,23.93617021276588,6,88,"[1,4,10,15,22,40]",15.279437237114871,0.970889737811815
0.26135333333333327,0.5356373060703494,6,0.12511333333333385,23.978259711195083,6,88,"[1,4,10,15,22,40]",15.277562959130984,0.9708736685634789
0.26136,0.5356581967239956,6,0.12504000000000004,23.992322456813813,6,88,"[1,4,10,15,22,40]",15.27691666888712,0.970868166821394
0.26136666666666664,0.5356790873150761,6,0.12496666666666689,24.006401707121857,6,88,"[1,4,10,15,22,40]",15.276259618425405,0.9708625923811304
0.26138666666666666,0.535741758712556,6,0.12474666666666678,24.048738777255213,6,88,"[1,4,10,15,22,40]",15.274223934591467,0.9708454326261292
0.26139999999999997,0.5357835393307088,6,0.12460000000000049,24.077046548956567,6,88,"[1,4,10,15,22,40]",15.272813061598763,0.9708336288194106
0.26142,0.5358462097869537,6,0.12438000000000038,24.119633381572527,6,88,"[1,4,10,15,22,40]",15.270616173875935,0.9708153765280189
0.2614333333333333,0.5358879897766998,6,0.12423333333333364,24.148108398175417,6,88,"[1,4,10,15,22,40]",15.269097887157884,0.9708028435313097
0.26144,0.535908879677138,6,0.12415999999999983,24.162371134020653,6,88,"[1,4,10,15,22,40]",15.268322640710267,0.9707964674753189
0.2614533333333333,0.5359506592889605,6,0.12401333333333353,24.190947209977384,6,88,"[1,4,10,15,22,40]",15.266739949329482,0.9707834960361921
0.2614666666666666,0.5359924386484676,6,0.12386666666666724,24.219590958019264,6,88,"[1,4,10,15,22,40]",15.265114335400519,0.9707702318584724
0.26148666666666665,0.5360551072139949,6,0.12364666666666668,24.26268399202027,6,88,"[1,4,10,15,22,40]",15.262595453276644,0.9707497858534424
0.26149999999999995,0.5360968859414301,6,0.12350000000000039,24.291497975708428,6,88,"[1,4,10,15,22,40]",15.260862566729172,0.970735788077139
0.26152,0.5361595535574755,6,0.12328000000000028,24.334847501622267,6,88,"[1,4,10,15,22,40]",15.258182798318378,0.9707142396149407
0.2615333333333333,0.5362013316510061,6,0.12313333333333398,24.363833243096785,6,88,"[1,4,10,15,22,40]",15.256342661926396,0.9706995053941211
0.2615533333333333,0.5362639983148204,6,0.12291333333333387,24.40744155773705,6,88,"[1,4,10,15,22,40]",15.253502017574789,0.9706768498832292
0.2615666666666666,0.5363057757726142,6,0.12276666666666713,24.436600597339034,6,88,"[1,4,10,15,22,40]",15.251554622375698,0.9706613759411415
0.26158666666666663,0.5363684414814486,6,0.12254666666666703,24.48047002502441,6,88,"[1,4,10,15,22,40]",15.248553064873631,0.9706376081415785
0.26159999999999994,0.5364102183016727,6,0.12240000000000073,24.50980392156848,6,88,"[1,4,10,15,22,40]",15.246498370228709,0.9706213907675325
0.2616,0.536410218301673,6,0.12240000000000006,24.509803921568615,6,88,"[1,4,10,15,22,40]",15.246498370228707,0.9706213907675324
0.26161999999999996,0.5364728830527783,6,0.12218000000000018,24.553936814535895,6,88,"[1,4,10,15,22,40]",15.24333581488524,0.9705965047856923
0.2616333333333333,0.5365146592336001,6,0.12203333333333388,24.583447145588526,6,88,"[1,4,10,15,22,40]",15.241173748518621,0.9705795398312761
0.2616533333333333,0.5365773230242281,6,0.12181333333333377,24.627845884413222,6,88,"[1,4,10,15,22,40]",15.237850063204036,0.970553529113748
0.2616666666666666,0.5366190985638155,6,0.12166666666666748,24.657534246575178,6,88,"[1,4,10,15,22,40]",15.235580521220177,0.9705358119883739
0.26167999999999997,0.5366608738463964,6,0.12152000000000052,24.687294272547625,6,88,"[1,4,10,15,22,40]",15.233267952815801,0.9705177926092426
0.2616866666666666,0.5366817613912174,6,0.12144666666666737,24.702201240599297,6,88,"[1,4,10,15,22,40]",15.232095526376412,0.9705086693147509
0.26169999999999993,0.5367235362877376,6,0.12130000000000063,24.73206924979377,6,88,"[1,4,10,15,22,40]",15.229718373256839,0.9704901949805197
0.26171999999999995,0.5367861981491643,6,0.12108000000000052,24.777006937561836,6,105,"[1,4,10,15,22,40]",15.226071841876257,0.9704619124551795
0.26173333333333326,0.5368279724007851,6,0.12093333333333423,24.80705622932727,6,105,"[1,4,10,15,22,40]",15.22358691045435,0.9704426754210522
0.2617533333333333,0.5368906332934882,6,0.12071333333333367,24.85226707903014,6,105,"[1,4,10,15,22,40]",15.219778568026596,0.9704132444638894
0.26176,0.5369115201283151,6,0.12063999999999986,24.86737400530507,6,105,"[1,4,10,15,22,40]",15.218487518087613,0.9704032802104924
0.26176666666666665,0.536932406898377,6,0.12056666666666671,24.882499308819455,6,105,"[1,4,10,15,22,40]",15.217185659441888,0.9703932387791565
0.2617866666666666,0.5369950668196076,6,0.12034666666666727,24.92798581874572,6,105,"[1,4,10,15,22,40]",15.213215183868911,0.9703626501152467
0.2618,0.5370368397759322,6,0.1202000000000003,24.958402662229553,6,105,"[1,4,10,15,22,40]",15.210514067499716,0.9703418693622753
0.26181999999999994,0.5370994987229418,6,0.11998000000000086,25.004167361226692,6,105,"[1,4,10,15,22,40]",15.206381088979084,0.9703101130104493
0.2618333333333333,0.5371412710288698,6,0.11983333333333346,25.03477051460359,6,105,"[1,4,10,15,22,40]",15.203571502354071,0.970288550296695
0.26183999999999996,0.5371621570841001,6,0.11976000000000031,25.05010020040074,6,105,"[1,4,10,15,22,40]",15.20215041128498,0.9702776509564512
0.26185333333333327,0.5372039289989102,6,0.11961333333333402,25.080815962545838,6,105,"[1,4,10,15,22,40]",15.199275603230296,0.9702556155569928
0.26186666666666664,0.5372457006526089,6,0.11946666666666705,25.11160714285706,6,105,"[1,4,10,15,22,40]",15.196357251918679,0.970233263506257
0.26188666666666666,0.5373083576429317,6,0.11924666666666695,25.157935931123102,6,105,"[1,4,10,15,22,40]",15.191897966502431,0.9701991389462331
0.26189999999999997,0.5373501286425689,6,0.1191000000000002,25.188916876574265,6,105,"[1,4,10,15,22,40]",15.188870523982784,0.9701759896891412
0.26192,0.5374127846504253,6,0.1188800000000001,25.235531628532954,6,105,"[1,4,10,15,22,40]",15.184247338338146,0.9701406631289915
0.2619333333333333,0.5374545549941687,6,0.1187333333333338,25.26670409882079,6,105,"[1,4,10,15,22,40]",15.181110445845839,0.9701167082926755
0.2619533333333333,0.5375172100168104,6,0.14140000000000086,21.216407355021087,6,62,"[1,10,15,22,27,40]",15.350166185628998,0.9714129799356331
0.2619666666666666,0.5375589797028281,6,0.1410000000000009,21.276595744680716,6,62,"[1,10,15,22,27,40]",15.34876019509453,0.97140384064231
0.26198666666666665,0.5376216337375067,6,0.14040000000000097,21.36752136752122,6,62,"[1,10,15,22,27,40]",15.3465541148461,0.9713894835797667
0.26199999999999996,0.5376634027639663,6,0.140000000000001,21.428571428571274,6,62,"[1,10,15,22,27,40]",15.34501852937688,0.9713794778935215
0.262,0.5376634027639664,6,0.13999999999999968,21.428571428571477,6,62,"[1,10,15,22,27,40]",15.34501852937688,0.9713794778935215
0.26202,0.5377260558079335,6,0.13940000000000108,21.520803443328383,6,62,"[1,10,15,22,27,40]",15.34261761317554,0.9713638139603481
0.2620533333333333,0.5378304762235102,6,0.1384000000000012,21.676300578034496,6,62,"[1,10,15,22,27,40]",15.338355152224844,0.9713359460325476
0.26208,0.5379140113614016,6,0.13759999999999994,21.80232558139536,6,62,"[1,10,15,22,27,40]",15.334709405690667,0.9713120511370348
0.26208666666666663,0.5379348949796565,6,0.1374000000000013,21.834061135370973,6,62,"[1,10,15,22,27,40]",15.33376510956598,0.9713058532758047
0.26211999999999996,0.5380393120717925,6,0.1364000000000014,21.994134897360478,6,62,"[1,10,15,22,27,40]",15.328845767935363,0.9712735076543697
0.2621533333333333,0.538143727495337,6,0.13540000000000152,22.156573116691035,6,62,"[1,10,15,22,27,40]",15.323595314373437,0.9712388795752572
0.26216,0.5381646103794121,6,0.1352000000000002,22.189349112426,6,62,"[1,10,15,22,27,40]",15.32250532389782,0.971231677348077
0.2621866666666666,0.5382481412457106,6,0.13440000000000163,22.3214285714283,6,62,"[1,10,15,22,27,40]",15.31801183930301,0.9712019378434992
0.26221999999999995,0.5383525533183333,6,0.13340000000000174,22.488755622188613,6,62,"[1,10,15,22,27,40]",15.312093335545441,0.9711626496145858
0.26224,0.5384151997546809,6,0.13280000000000047,22.590361445783053,6,62,"[1,10,15,22,27,40]",15.30838054763344,0.9711379360603726
0.2622533333333333,0.5384569637086244,6,0.13240000000000185,22.658610271903008,6,62,"[1,10,15,22,27,40]",15.305837697273246,0.9711209803439617
0.2622866666666666,0.5385613724120045,6,0.13140000000000196,22.83105022831016,6,62,"[1,10,15,22,27,40]",15.299242718898787,0.9710768937334517
0.26231999999999994,0.5386657794238935,6,0.13040000000000207,23.006134969324787,6,62,"[1,10,15,22,27,40]",15.292306093896698,0.9710303516744635
0.26232,0.5386657794238935,6,0.13040000000000074,23.006134969325025,6,62,"[1,10,15,22,27,40]",15.292306093896684,0.9710303516744633
0.26235333333333327,0.5387701847397115,6,0.12940000000000218,23.183925811437014,6,62,"[1,10,15,22,27,40]",15.285025413559937,0.9709813141878203
0.26238666666666666,0.5388745883548792,6,0.12840000000000096,23.36448598130824,6,62,"[1,10,15,22,27,40]",15.277398165687119,0.9709297393600526
0.26239999999999997,0.5389163493237382,6,0.128000000000001,23.437499999999815,6,62,"[1,10,15,22,27,40]",15.27424964495903,0.970908389205292
0.26242,0.5389789902648164,6,0.12739999999999974,23.547880690737884,6,62,"[1,10,15,22,27,40]",15.269421733200163,0.9708755832759759
0.2624533333333333,0.5390833904649439,6,0.12640000000000118,23.734177215189654,6,62,"[1,10,15,22,27,40]",15.261093392690467,0.9708187999473635
0.26248,0.5391669093909052,6,0.12559999999999993,23.88535031847135,6,62,"[1,10,15,22,27,40]",15.254175447560007,0.9707714493947462
0.26248666666666665,0.5391877889506819,6,0.12539999999999996,23.923444976076564,6,62,"[1,10,15,22,27,40]",15.252410312891884,0.9707593412375127
0.26252,0.5392921857174513,6,0.1244000000000014,24.115755627009374,6,62,"[1,10,15,22,27,40]",15.243369553078876,0.9706971567814872
0.2625533333333333,0.5393965807606725,6,0.12340000000000018,24.311183144246318,6,62,"[1,10,15,22,27,40]",15.233968061387563,0.9706321939018054
0.26255999999999996,0.539417459562088,6,0.12320000000000153,24.350649350649046,6,62,"[1,10,15,22,27,40]",15.232044198732448,0.9706188631113788
0.26258666666666663,0.5395009740757661,6,0.12240000000000162,24.509803921568302,6,62,"[1,10,15,22,27,40]",15.224202673058107,0.9705643975193304
0.26261999999999996,0.5396053656581534,6,0.1214000000000004,24.71169686985165,6,62,"[1,10,15,22,27,40]",15.214070108595626,0.970493710059087
0.26264,0.5396679997739816,6,0.12080000000000046,24.83443708609262,6,62,"[1,10,15,22,27,40]",15.207812917487596,0.9704498849458293
0.2626533333333333,0.5397097555032548,6,0.12040000000000184,24.916943521594305,6,62,"[1,10,15,22,27,40]",15.203566971848282,0.9704200713507402
0.2626866666666666,0.5398141436064914,6,0.11940000000000062,25.125628140703387,6,62,"[1,10,15,22,27,40]",15.192689747998665,0.9703434185234127
0.26271999999999995,0.5399185299632845,6,0.11840000000000206,25.337837837837398,6,62,"[1,10,15,22,27,40]",15.181434801467708,0.9702636858945407
0.26272,0.5399185299632846,6,0.1183999999999994,25.337837837837967,6,62,"[1,10,15,22,27,40]",15.181434801467674,0.9702636858945405
0.2627533333333333,0.5400229145690546,7,0.09433999999999942,31.799872800508993,3,31,"[1,4,10,15,18,31,40]",13.243412081440626,0.953973586568028
0.2627866666666666,0.5401272974192234,7,0.09523999999999821,31.499370012600338,3,31,"[1,4,10,15,18,31,40]",13.237558068745605,0.9539464293823035
0.2628,0.540169050066697,7,0.09559999999999902,31.380753138075637,3,31,"[1,4,10,15,18,31,40]",13.235028812331262,0.9539332939448686
0.26281999999999994,0.5402316785092119,7,0.09613999999999878,31.204493447056773,3,31,"[1,4,10,15,18,31,40]",13.231033423302689,0.953911153535428
0.26285333333333327,0.5403360578344416,7,0.09703999999999757,30.915086562243147,3,31,"[1,4,10,15,18,31,40]",13.223835773813065,0.9538677431888428
0.26288,0.5404195600209224,7,0.09776000000000096,30.687397708674006,3,31,"[1,4,10,15,18,31,40]",13.217591298910047,0.9538271410105192
0.26288666666666666,0.540440435390334,7,0.0979399999999997,30.630998570553494,3,31,"[1,4,10,15,18,31,40]",13.215962437366953,0.9538161724499058
0.26292,0.5405448111723103,7,0.09884000000000026,30.352084176446702,3,31,"[1,4,10,15,18,31,40]",13.207410417525322,0.9537564053362518
0.2629533333333333,0.5406491851757921,7,0.09973999999999905,30.078203328654787,3,31,"[1,4,10,15,18,31,40]",13.198176402125554,0.9536883957134845
0.26295999999999997,0.5406700597626661,7,0.09991999999999956,30.02401921537243,3,31,"[1,4,10,15,18,31,40]",13.196247445737313,0.9536737999082467
0.26298666666666665,0.5407535573962009,7,0.10063999999999962,29.809220985691688,3,31,"[1,4,10,15,18,31,40]",13.188256760808027,0.9536120872059859
0.26302,0.5408579278289589,7,0.10154000000000019,29.545006893834888,3,31,"[1,4,10,15,18,31,40]",13.177647542260521,0.9535274130805259
0.26304,0.5409205492286366,7,0.10207999999999973,29.388714733542397,3,31,"[1,4,10,15,18,31,40]",13.170949249109698,0.953472561420744
0.2630533333333333,0.5409622964694877,7,0.10243999999999898,29.285435376806227,3,31,"[1,4,10,15,18,31,40]",13.166344471175524,0.9534342961022195
0.26308666666666664,0.541066663313209,7,0.10333999999999954,29.030385136442938,3,31,"[1,4,10,15,18,31,40]",13.154342944916554,0.9533326483622856
0.26311999999999997,0.5411710283555448,7,0.10423999999999833,28.779739063699616,3,31,"[1,4,10,15,18,31,40]",13.141638029888082,0.9532223710769209
0.2631533333333333,0.5412753915919174,7,0.1051399999999989,28.533384059349736,3,31,"[1,4,10,15,18,31,40]",13.128224457603407,0.9531033543564914
0.2631866666666666,0.5413797530177484,7,0.10440000000000066,28.735632183907864,3,31,"[1,4,10,15,18,31,40]",13.114096620444277,0.9529754769441069
0.2632,0.541421497080104,7,0.10399999999999976,28.846153846153914,3,31,"[1,4,10,15,18,31,40]",13.108244169980784,0.9529218156109723
0.26321999999999995,0.5414841126284606,7,0.10340000000000105,29.01353965183723,3,31,"[1,4,10,15,18,31,40]",13.099248567105693,0.952838605922515
0.2632533333333333,0.5415884704194761,7,0.10240000000000116,29.29687499999967,3,31,"[1,4,10,15,18,31,40]",13.083673997718135,0.9526925963881047
0.26328,0.5416719553390306,7,0.10159999999999952,29.52755905511825,3,31,"[1,4,10,15,18,31,40]",13.070686791432053,0.9525691037839759
0.2632866666666666,0.5416928263862169,7,0.10140000000000077,29.585798816567824,3,31,"[1,4,10,15,18,31,40]",13.067366258639666,0.952537291090667
0.26331999999999994,0.541797180524106,7,0.10040000000000138,29.880478087648992,3,31,"[1,4,10,15,18,31,40]",13.050318336908916,0.9523725200374027
0.2633533333333333,0.5419015328285653,7,0.09940000000000143,30.181086519114253,3,31,"[1,4,10,15,18,31,40]",13.032522854349951,0.9521981000594992
0.26336,0.541922403069043,7,0.09920000000000018,30.241935483870915,3,31,"[1,4,10,15,18,31,40]",13.028873375181238,0.9521620411188824
0.26338666666666666,0.5420058832950181,7,0.09840000000000027,30.4878048780487,3,31,"[1,4,10,15,18,31,40]",13.013972061318729,0.9520138343394299
0.26342,0.5421102319188863,7,0.09740000000000038,30.80082135523602,3,31,"[1,4,10,15,18,31,40]",12.99465783008113,0.9518195118969424
0.26344,0.5421728402068628,7,0.096799999999999,30.991735537190404,3,31,"[1,4,10,15,18,31,40]",12.982699315901966,0.9516979979433718
0.2634533333333333,0.5422145786955932,7,0.09639999999999982,31.12033195020753,3,31,"[1,4,10,15,18,31,40]",12.97457164781008,0.9516149070314954
0.26348666666666665,0.5423189236205614,7,0.0954000000000006,31.446540880502948,3,31,"[1,4,10,15,18,31,40]",12.953704609190785,0.9513997787187122
0.26352,0.5424232666892139,7,0.09440000000000048,31.77966101694899,3,31,"[1,4,10,15,18,31,40]",12.932047408620209,0.9511738699581709
0.2635533333333333,0.5425276078969737,5,0.10091333333333363,29.728479883728525,6,36,"[1,4,6,15,18]",16.109089444586136,0.9747077188658085
0.26358666666666664,0.542631947239264,5,0.10054666666666723,29.83689165893101,6,36,"[1,4,6,15,18]",16.103722756421643,0.9746553604221313
0.2636,0.5426736824528234,5,0.10039999999999982,29.880478087649454,6,36,"[1,4,6,15,18]",16.101556192659935,0.9746341923513672
0.26361999999999997,0.5427362847115077,5,0.10018000000000038,29.94609702535425,6,36,"[1,4,6,15,18]",16.098284992911694,0.9746021979875368
0.2636533333333333,0.5428406203091282,5,0.09981333333333353,30.056104728827084,6,36,"[1,4,6,15,18]",16.09277592736325,0.9745482239245311
0.26367999999999997,0.5429240874344204,5,0.09952000000000027,30.144694533761974,6,36,"[1,4,6,15,18]",16.088317182429808,0.9745044550676916
0.2636866666666666,0.5429449540275488,5,0.09944666666666713,30.166923644164235,6,36,"[1,4,6,15,18]",16.087195328869477,0.9744934304363932
0.26371999999999995,0.5430492858621931,5,0.09908000000000072,30.278562777553272,6,36,"[1,4,6,15,18]",16.08154296227655,0.9744378095645096
0.2637533333333333,0.5431536158084844,5,0.09871333333333387,30.39103126899423,6,36,"[1,4,6,15,18]",16.07581858814961,0.9743813531856429
0.26376,0.5431744815707377,5,0.09864000000000006,30.413625304136236,6,36,"[1,4,6,15,18]",16.07466505104647,0.974369960922432
0.2637866666666666,0.543257943861846,5,0.09834666666666703,30.504338394793816,6,36,"[1,4,6,15,18]",16.070021962738316,0.9743240530091315
0.26381999999999994,0.5433622700177022,5,0.09798000000000062,30.618493570116154,6,36,"[1,4,6,15,18]",16.064152837941553,0.9742659005740197
0.26383999999999996,0.5434248647985094,5,0.09776000000000051,30.687397708674144,6,36,"[1,4,6,15,18]",16.060596458507042,0.9742305964442963
0.2638533333333333,0.5434665942714763,5,0.09761333333333422,30.733506351591036,6,36,"[1,4,6,15,18]",16.058210961271325,0.9742068872461139
0.26388666666666666,0.5435709166185924,5,0.0972466666666667,30.849386439980794,6,36,"[1,4,6,15,18]",16.05219607581622,0.9741470042149668
0.26392,0.543675237054474,5,0.0968800000000003,30.966143682906594,6,36,"[1,4,6,15,18]",16.04610792020409,0.9740862424907861
0.2639533333333333,0.5437795555745454,5,0.09651333333333345,31.083788077640357,6,36,"[1,4,6,15,18]",16.039946228563714,0.9740245929012648
0.26398666666666665,0.5438838721742305,5,0.09614666666666705,31.202329773956333,6,36,"[1,4,6,15,18]",16.033710730486263,0.9739620460883336
0.264,0.5439255982753717,5,0.09600000000000009,31.24999999999997,6,36,"[1,4,6,15,18]",16.031195804010686,0.9739367740084728
0.26402,0.5439881868489536,5,0.0957800000000002,31.321779077051513,6,36,"[1,4,6,15,18]",16.027401150985487,0.9738985925048308
0.2640533333333333,0.5440924995941391,5,0.0954133333333338,31.44214645053087,6,36,"[1,4,6,15,18]",16.021017210457437,0.973834222411092
0.26408,0.5441759483979454,5,0.0951200000000001,31.539108494533192,6,36,"[1,4,6,15,18]",16.015856327228477,0.9737820597786403
0.26408666666666664,0.5441968104052111,5,0.09504666666666695,31.56344251946403,6,36,"[1,4,6,15,18]",16.014558624639506,0.9737689258714515
0.26411999999999997,0.5443011192775938,5,0.09468000000000054,31.68567807351059,6,36,"[1,4,6,15,18]",16.008025104568386,0.9737026927506598
0.2641533333333333,0.5444054262067122,6,0.0943133333333337,31.80886407012075,6,69,"[1,4,6,15,18,46]",14.111419971348646,0.9594193318938672
0.26416,0.5444262873589416,6,0.09423999999999988,31.833616298811584,6,69,"[1,4,6,15,18,46]",14.111453808071104,0.959428278720161
0.2641866666666666,0.5445097311879907,6,0.09394666666666729,31.933011637808473,6,69,"[1,4,6,15,18,46]",14.111084907688296,0.959457517219378
0.26421999999999995,0.5446140342168537,5,0.09723999999999733,30.851501439737582,6,27,"[1,4,6,18,46]",15.381951224829132,0.9694586167310216
0.26424,0.544676615095109,5,0.09807999999999972,30.587275693311668,6,27,"[1,4,6,18,46]",15.386553421551284,0.9695005982153944
0.2642533333333333,0.5447183352887264,5,0.0986399999999985,30.413625304136712,6,27,"[1,4,6,18,46]",15.389304661890055,0.9695249193366274
0.2642866666666666,0.5448226343990333,5,0.10003999999999791,29.988004798081395,6,27,"[1,4,6,18,46]",15.39507364876691,0.9695729432727032
0.26431999999999994,0.5449269315431995,5,0.10143999999999731,29.574132492114348,6,27,"[1,4,6,18,46]",15.399257414290673,0.9696027683204672
0.26432,0.5449269315431997,5,0.10144000000000064,29.574132492113378,6,27,"[1,4,6,18,46]",15.399257414290688,0.9696027683204674
0.2643533333333333,0.54503122671665,5,0.10283999999999671,29.171528588098948,6,27,"[1,4,6,18,46]",15.401853888230061,0.9696144145282037
0.26438666666666666,0.5451355199148099,5,0.10260000000000058,29.23976608187118,6,27,"[1,4,6,18,46]",15.402859698679851,0.9696078421862968
0.26439999999999997,0.5451772366399676,5,0.10200000000000187,29.411764705881815,6,27,"[1,4,6,18,46]",15.402815632955036,0.969600091720249
0.26442,0.5452398111331043,5,0.10110000000000119,29.67359050445069,6,27,"[1,4,6,18,46]",15.402270165834398,0.9695829514149732
0.2644533333333333,0.5453441003669586,5,0.09960000000000002,30.120481927710838,6,27,"[1,4,6,18,46]",15.40007929210059,0.9695395813594265
0.26448,0.545427530322171,5,0.09840000000000088,30.48780487804851,6,27,"[1,4,6,18,46]",15.397168747750365,0.969491432478263
0.26448666666666665,0.5454483876117979,5,0.09810000000000063,30.581039755351487,6,27,"[1,4,6,18,46]",15.396279748484867,0.969477508982987
0.26452,0.545552672863048,5,0.09660000000000124,31.055900621117615,6,27,"[1,4,6,18,46]",15.390862857173436,0.9693964474448785
0.2645533333333333,0.5456569561161343,5,0.09510000000000185,31.54574132492052,6,27,"[1,4,6,18,46]",15.383818570204303,0.9692960440447458
0.26455999999999996,0.5456778125265692,5,0.0948000000000016,31.64556962025263,6,27,"[1,4,6,18,46]",15.382213443185645,0.9692736065223798
0.26458666666666664,0.5457612373664823,5,0.12074666666666756,24.845406360423844,6,9,"[1,6,15,18,27]",16.376879879997603,0.9770327391140615
0.26461999999999997,0.545865516609518,5,0.11988000000000121,25.025025025024775,6,9,"[1,6,15,18,27]",16.36780641249328,0.976967800027259
0.26464,0.5459280831899265,5,0.11936000000000035,25.13404825737258,6,9,"[1,6,15,18,27]",16.36224984219053,0.9769278370460613
0.2646533333333333,0.5459697938406668,5,0.11901333333333397,25.207259690790814,6,9,"[1,6,15,18,27]",16.358498221008382,0.9769007719725387
0.2646866666666666,0.5460740690553548,5,0.11814666666666762,25.39216792687035,6,9,"[1,6,15,18,27]",16.348952508942677,0.9768316047126067
0.26471999999999996,0.5461783422490081,5,0.11728000000000127,25.579809004092493,6,9,"[1,6,15,18,27]",16.339166422287363,0.9767602462034549
0.26472,0.5461783422490083,5,0.11727999999999955,25.579809004092866,6,9,"[1,6,15,18,27]",16.33916642228734,0.9767602462034549
0.2647533333333333,0.5462826134170528,5,0.11641333333333492,25.77024395830912,6,9,"[1,6,15,18,27]",16.32913704829509,0.9766866425209983
0.2647866666666666,0.5463868825549146,5,0.11554666666666769,25.96353565658874,6,9,"[1,6,15,18,27]",16.318861414108483,0.9766107377841997
0.2648,0.5464285896405838,5,0.11520000000000047,26.04166666666656,6,9,"[1,6,15,18,27]",16.314681529978195,0.9765797186908746
0.26481999999999994,0.54649114965802,5,0.11468000000000134,26.159748866410578,6,9,"[1,6,15,18,27]",16.30833648534587,0.9765324740745056
0.2648533333333333,0.5465954147217958,5,0.11381333333333499,26.35895032802211,6,9,"[1,6,15,18,27]",16.297559164641985,0.9764517913513778
0.26488,0.5466788253014254,5,0.11311999999999967,26.5205091937766,6,9,"[1,6,15,18,27]",16.288753463321296,0.9763854617270928
0.26488666666666666,0.5466996777416679,5,0.11294666666666692,26.561208830126255,6,9,"[1,6,15,18,27]",16.286526290142525,0.9763686273637233
0.26492,0.5468039387130628,5,0.11208000000000057,26.766595289079092,6,9,"[1,6,15,18,27]",16.275234633950507,0.9762829175569887
0.2649533333333333,0.5469081976314072,5,0.09392666666666671,31.939811200227112,6,18,"[1,4,6,18,27]",15.390217185101326,0.9691420277169935
0.26496,0.5469290491683076,5,0.0940799999999995,31.887755102040988,6,18,"[1,4,6,18,27]",15.39141147554596,0.9691529670629343
0.26498666666666665,0.5470124544921279,5,0.09469333333333307,31.681216558715942,6,18,"[1,4,6,18,27]",15.395977807517102,0.9691942562931819
0.26502,0.5471167092906516,5,0.09545999999999943,31.42677561282231,6,18,"[1,4,6,18,27]",15.401211285709058,0.9692403330972048
0.26504,0.5471792611780087,5,0.09592000000000023,31.276063386155055,6,18,"[1,4,6,18,27]",15.404098260860659,0.9692650376230446
0.2650533333333333,0.5472209620224049,5,0.0962266666666658,31.17638908133602,6,18,"[1,4,6,18,27]",15.405917407572218,0.9692802846353612
0.26508666666666664,0.5473252126828153,5,0.09699333333333304,30.92996082204972,6,18,"[1,4,6,18,27]",15.4100958239931,0.969314130993283
0.26511999999999997,0.5474294612673095,5,0.0977599999999994,30.687397708674492,6,18,"[1,4,6,18,27]",15.413746048799732,0.9693418858602942
0.2652,0.5476796493729942,5,0.09960000000000013,30.120481927710802,6,18,"[1,4,6,18,27]",15.420347548057887,0.9693836745860687
0.26527999999999996,0.5479298254318495,5,0.10143999999999931,29.574132492113765,6,18,"[1,4,6,18,27]",15.423890901799817,0.9693903543446611
0.26536,0.5481799893806659,5,0.10064000000000001,29.80922098569157,6,18,"[1,4,6,18,27]",15.424359648419445,0.9693616614284009
0.26544,0.548430141156236,5,0.09856000000000009,30.43831168831166,6,18,"[1,4,6,18,27]",15.421732658757467,0.9692971132848752
0.26552,0.548680280695356,5,0.09648000000000101,31.094527363183754,6,18,"[1,4,6,18,27]",15.415984048972911,0.9691960012103289
0.2656,0.5489304079348257,5,0.0944000000000002,31.779661016949085,6,18,"[1,4,6,18,27]",15.407083068036812,0.9690573801704918
0.26567999999999997,0.5491805228114469,4,0.20296000000000008,14.781237682301926,6,72,"[1,4,6,22]",18.937973950214293,0.9872828485390901
0.26576,0.5494306252620257,4,0.20272,14.798737174427782,6,72,"[1,4,6,22]",18.93232091918366,0.9872610034257867
0.26583999999999997,0.5496807152233701,4,0.2024800000000001,14.816278150928479,6,72,"[1,4,6,22]",18.926366666367286,0.9872380881641523
0.26592,0.5499307926322925,4,0.20224000000000003,14.83386075949367,6,72,"[1,4,6,22]",18.920109689747242,0.9872140900363695
0.266,0.5501808574256074,4,0.20199999999999996,14.851485148514854,6,72,"[1,4,6,22]",18.913548408839734,0.9871889955788348
0.26608,0.5504309095401332,4,0.20176000000000005,14.869151467089608,6,72,"[1,4,6,22]",18.906681163465024,0.9871627905624174
0.26616,0.5506809489126913,4,0.20151999999999998,14.886859865025805,6,72,"[1,4,6,22]",18.89950621245606,0.9871354599714699
0.26624,0.550930975480106,4,0.20128000000000007,14.904610492845782,6,72,"[1,4,6,22]",18.892021732303327,0.9871069879815372
0.26632,0.5511809891792055,4,0.20104,14.922403501790688,6,72,"[1,4,6,22]",18.88422581573487,0.9870773579357052
0.26635333333333333,0.5512851577408715,4,0.20094,14.929829799940281,6,72,"[1,4,6,22]",18.880885129435597,0.987064666162223
0.26638666666666666,0.5513893240529184,4,0.20084000000000002,14.937263493328022,6,72,"[1,4,6,22]",18.877489880868968,0.9870517689953864
0.26639999999999997,0.5514309899468207,4,0.2008000000000001,14.940239043824695,6,72,"[1,4,6,22]",18.87611647022885,0.9870465523195284
0.26642,0.5514934881107777,4,0.20074000000000003,14.944704593005875,6,72,"[1,4,6,22]",18.87403991883991,0.9870386650963603
0.2664533333333333,0.5515976499098798,4,0.20064000000000004,14.952153110047844,6,72,"[1,4,6,22]",18.87053508949611,0.9870253530989641
0.26648,0.5516809777197859,4,0.20056000000000002,14.95811727163941,6,72,"[1,4,6,22]",18.86769161645705,0.9870145527344697
0.26648666666666665,0.5517018094456556,4,0.20054000000000005,14.959609055550011,6,72,"[1,4,6,22]",18.866975236307873,0.9870118316093117
0.26652,0.5518059667135364,4,0.20044000000000006,14.967072440630607,6,72,"[1,4,6,22]",18.863360200046166,0.9869980992054359
0.2665533333333333,0.551910121708953,4,0.20034000000000007,14.974543276430063,6,72,"[1,4,6,22]",18.859689818761172,0.9869841544369082
0.26655999999999996,0.5519309524349386,4,0.2003200000000001,14.976038338658139,6,72,"[1,4,6,22]",18.85894908665694,0.9869813398697802
0.2665866666666667,0.5520142744273373,4,0.20023999999999992,14.982021574111073,6,72,"[1,4,6,22]",18.85596392776017,0.9869699958244488
0.26662,0.5521184248641199,4,0.20013999999999993,14.989507344858604,6,72,"[1,4,6,22]",18.852182359585,0.9869556218595253
0.26664,0.5521809140291202,4,0.20008000000000004,14.994002399040381,6,72,"[1,4,6,22]",18.849886622930427,0.9869468934727471
0.26665333333333335,0.5522225730147327,4,0.20003999999999994,14.997000599880028,6,72,"[1,4,6,22]",18.84834494398905,0.9869410310039459
0.2666866666666667,0.5523267188746069,4,0.19993999999999995,15.004501350405125,6,72,"[1,4,6,18]",18.82237803020773,0.9870430031652192
0.26672,0.5524308624391746,4,0.19983999999999996,15.012009607686151,6,72,"[1,4,6,18]",18.823656052125013,0.9870464609444363
0.26675333333333334,0.5525350037038671,4,0.19973999999999997,15.0195253829979,6,72,"[1,4,6,18]",18.824902630954416,0.9870498047436217
0.26678666666666667,0.5526391426641166,4,0.19963999999999998,15.027048687637748,6,72,"[1,4,6,18]",18.826117796504086,0.987053034866203
0.2668,0.5526807976019491,4,0.19960000000000006,15.030060120240476,6,72,"[1,4,6,18]",18.826595073548035,0.987054295152376
0.26682,0.5527432793153549,4,0.19954,15.03457953292573,6,72,"[1,4,6,18]",18.82730157787553,0.9870561516083761
0.26685333333333333,0.5528474136530143,4,0.19944,15.042117930204572,6,72,"[1,4,6,18]",18.82845400346563,0.9870591552591483
0.26688,0.5529307194542952,4,0.19935999999999998,15.048154093097915,6,72,"[1,4,6,18]",18.82935338640855,0.987061476943603
0.26688666666666666,0.5529515456725266,4,0.19934000000000002,15.04966389083977,6,72,"[1,4,6,18]",18.82957510096754,0.9870620461003742
0.26692,0.5530556753693242,4,0.19924000000000003,15.057217426219632,6,72,"[1,4,6,18]",18.830664897372074,0.9870648244067929
0.2669533333333333,0.5531598027388395,4,0.19914000000000004,15.064778547755346,6,72,"[1,4,6,18]",18.831723418969116,0.9870674904460653
0.26696,0.5531806279330667,4,0.19912000000000007,15.066291683406986,6,72,"[1,4,6,18]",18.831931372575877,0.9870680102049203
0.26698666666666665,0.5532639277765048,4,0.19904000000000005,15.072347266881025,6,72,"[1,4,6,18]",18.8327506913487,0.987070044478809
0.26702,0.553368050477753,4,0.19894000000000006,15.07992359505378,6,72,"[1,4,6,18]",18.833746739402226,0.9870724867586316
0.26704,0.5534305229751215,4,0.19888,15.084473049074818,6,72,"[1,4,6,18]",18.83432939065142,0.9870738985880109
0.2670533333333333,0.5534721708380163,4,0.19884000000000007,15.087507543753766,6,72,"[1,4,6,18]",18.834711587323497,0.9870748175321647
0.2670866666666667,0.553576288852728,4,0.19873999999999992,15.095099124484257,6,72,"[1,4,6,18]",18.83564525860998,0.9870770370390965
0.26711999999999997,0.5536804045173206,4,0.1986400000000001,15.10269834877164,6,72,"[1,4,6,18]",18.836547776063586,0.9870791455122019
0.26712,0.5536804045173206,4,0.19863999999999993,15.102698348771654,6,72,"[1,4,6,18]",18.836547776063608,0.987079145512202
0.26715333333333335,0.5537845178272273,4,0.19853999999999994,15.110305228165613,6,72,"[1,4,6,18]",18.83741916179193,0.9870811431773738
0.2671866666666667,0.5538886287778808,4,0.19843999999999995,15.117919774239068,6,72,"[1,4,6,18]",18.838259437208826,0.9870830302536511
0.2672,0.5539302724965283,4,0.19840000000000002,15.120967741935482,6,72,"[1,4,6,18]",18.838586841153326,0.9870837541670365
0.26722,0.5539927373647145,4,0.19833999999999996,15.125541998588286,6,72,"[1,4,6,18]",18.83906862303578,0.9870848069532487
0.26725333333333334,0.554096843583162,4,0.19823999999999997,15.133171912832932,6,72,"[1,4,6,18]",18.839846739302278,0.9870864734815834
0.26727999999999996,0.5541801268496127,4,0.1981600000000001,15.139281388776737,6,72,"[1,4,6,18]",18.840446875250667,0.9870877275146588
0.2672866666666667,0.5542009474286563,4,0.19813999999999998,15.140809528616131,6,72,"[1,4,6,18]",18.840593805346856,0.987088030037301
0.26732,0.5543050488966309,4,0.19804,15.148454857604525,6,72,"[1,4,6,18]",18.841309839817757,0.9870894768123017
0.26735333333333333,0.5544091479825198,4,0.19794,15.156107911488329,6,72,"[1,4,6,18]",18.84199486067371,0.9870908139917647
0.26736,0.5544299675134452,4,0.19792000000000004,15.15763945028294,6,72,"[1,4,6,18]",18.842128144742965,0.9870910682920169
0.26738666666666666,0.5545132446817562,4,0.19784000000000002,15.163768701981398,6,72,"[1,4,6,18]",18.84264888518446,0.9870920417541712
0.26742,0.5546173389897741,4,0.19774000000000003,15.171437240821279,6,72,"[1,4,6,18]",18.84327192993142,0.9870931602713277
0.26744,0.5546797944249006,4,0.19767999999999997,15.176042088223394,6,72,"[1,4,6,18]",18.84363089313344,0.9870937790128818
0.2674533333333333,0.5547214309020075,4,0.19764000000000004,15.179113539769274,6,72,"[1,4,6,18]",18.84386401080841,0.9870941697083879
0.26748666666666665,0.5548255204138903,5,0.09454666666666611,31.730362431251066,6,24,"[1,4,6,18,40]",15.542193275873501,0.9700263426725538
0.26752,0.5549296075208567,5,0.09567999999999932,31.354515050167446,6,24,"[1,4,6,18,40]",15.555156791784915,0.9701641641052031
0.2675533333333333,0.5550336922183409,5,0.09681333333333253,30.987467291007004,6,24,"[1,4,6,18,40]",15.567403633181726,0.9702929111626218
0.2675866666666667,0.5551377745017775,5,0.09794666666666707,30.62891369452751,6,24,"[1,4,6,18,40]",15.578943967256269,0.9704128547536941
0.2676,0.5551794067381958,5,0.09840000000000071,30.48780487804856,6,24,"[1,4,6,18,40]",15.583364489801898,0.9704584246324158
0.26762,0.5552418543666005,5,0.09908000000000028,30.278562777553407,6,24,"[1,4,6,18,40]",15.589787613255265,0.970524248720079
0.26765333333333335,0.5553459318082445,5,0.10021333333333349,29.93613624268223,6,24,"[1,4,6,18,40]",15.599944052673147,0.970627330742602
0.26768,0.5554291920138029,5,0.10111999999999854,29.66772151898777,6,24,"[1,4,6,18,40]",15.607580577343109,0.9707039616819589
0.2676866666666667,0.5554500068221443,5,0.1013466666666667,29.60136824102091,6,24,"[1,4,6,18,40]",15.60942243891239,0.9707223231819284
0.26772,0.5555540794037347,5,0.1024799999999999,29.274004683840776,6,24,"[1,4,6,18,40]",15.618231606438746,0.9708094338582075
0.26775333333333334,0.5556581495484505,5,0.10361333333333311,28.953802599408117,6,24,"[1,4,6,18,40]",15.62638007945695,0.9708888567739654
0.26776,0.5556789632845668,5,0.10383999999999993,28.89060092449925,6,24,"[1,4,6,18,40]",15.627931219496816,0.970903834965337
0.2677866666666667,0.5557622172517266,5,0.10474666666666632,28.640529531568323,6,24,"[1,4,6,18,40]",15.633876080131182,0.9709607727841888
0.26782,0.5558662825089982,5,0.10587999999999953,28.33396297695517,6,24,"[1,4,6,18,40]",15.640727536373806,0.9710253502172069
0.26783999999999997,0.5559287204873801,5,0.10655999999999977,28.153153153153216,6,24,"[1,4,6,18,40]",15.644532219186209,0.9710606396936157
0.26785333333333333,0.5559703453157004,5,0.10701333333333274,28.033889857961782,6,24,"[1,4,6,18,40]",15.646942089223277,0.9710827454496836
0.26788666666666666,0.5560744056672686,5,0.10814666666666595,27.740106028849894,6,24,"[1,4,6,22,40]",16.152406986366543,0.9754258618262618
0.26792,0.5561784635591381,5,0.10927999999999916,27.45241581259172,6,24,"[1,4,6,22,40]",16.166576343251002,0.9755391053867724
0.2679533333333333,0.5562825189867445,5,0.11041333333333236,27.1706315662362,6,24,"[1,4,6,22,40]",16.180262870256833,0.9756473118758098
0.26798666666666665,0.5563865719455234,5,0.11154666666666557,26.894573272771,6,24,"[1,4,6,22,40]",16.19347434467604,0.9757506464444633
0.26799999999999996,0.5564281924367408,5,0.11199999999999921,26.785714285714473,6,24,"[1,4,6,22,40]",16.198627621622602,0.9757906515960519
0.26802,0.5564906224309103,5,0.11267999999999878,26.624068157614772,6,24,"[1,4,6,22,40]",16.206218333418374,0.9758492662494833
0.2680533333333333,0.5565946704383414,5,0.11381333333333199,26.358950328022804,6,24,"[1,4,6,22,40]",16.218502199653493,0.9759433208788065
0.26808,0.556677907057091,5,0.1147199999999986,26.15062761506308,6,24,"[1,4,6,22,40]",16.228002826322914,0.9760153735920569
0.2680866666666667,0.5566987159632527,5,0.11494666666666675,26.099060433824363,6,24,"[1,4,6,22,40]",16.230333109172456,0.976032952750703
0.26812,0.5568027590010796,7,0.09428000000000036,31.820110309715616,2,23,"[4,6,18,27,37,40,46]",13.159837050898641,0.9529799641697692
0.26815333333333335,0.5569067995472589,7,0.0949133333333343,31.607782538455815,2,23,"[4,6,18,27,37,40,46]",13.176920404708325,0.9531423730611958
0.26816,0.5569276073570953,7,0.09503999999999913,31.565656565656855,2,23,"[4,6,18,27,37,40,46]",13.18024728638884,0.9531737561259702
0.2681866666666667,0.5570108375972265,7,0.09554666666666645,31.398269606475093,2,23,"[4,6,18,27,37,40,46]",13.193256516995744,0.9532956530707288
0.26822,0.5571148731464192,7,0.09617999999999949,31.191515907673278,2,23,"[4,6,18,27,37,40,46]",13.20884900695698,0.953439901644181
0.26824,0.557177293273664,7,0.09655999999999931,31.068765534382987,2,23,"[4,6,18,27,37,40,46]",13.217848956948222,0.9535221529048147
0.26825333333333334,0.5572189061902729,7,0.09681333333333253,30.987467291007004,2,23,"[4,6,18,27,37,40,46]",13.22370119793337,0.9535752073429846
0.2682866666666667,0.5573229367242248,7,0.09744666666666646,30.78607101320387,2,23,"[4,6,18,27,37,40,46]",13.237816120237095,0.9537016500153622
0.26832,0.5574269647437111,7,0.09695999999999927,30.940594059406173,2,23,"[4,6,18,27,37,40,46]",13.251196513714547,0.9538193009479903
0.26835333333333333,0.5575309902441691,7,0.09622666666666735,31.176389081335515,2,23,"[4,6,18,27,37,40,46]",13.263844830052033,0.9539282229987742
0.26838666666666666,0.5576350132210354,7,0.09549333333333276,31.415805640882624,2,23,"[4,6,18,27,37,40,46]",13.275763234827052,0.9540284707112604
0.26839999999999997,0.5576766217041541,7,0.09520000000000017,31.512605042016748,2,23,"[4,6,18,27,37,40,46]",13.280326652419598,0.9540661516326984
0.26842,0.557739033669747,7,0.09476000000000084,31.658927817644294,2,23,"[4,6,18,27,37,40,46]",13.2869536093085,0.9541200904111544
0.2684533333333333,0.5578430515857413,7,0.09402666666666626,31.905842314237233,2,23,"[4,6,18,27,37,40,46]",13.297417552008913,0.9542031202853372
0.26848,0.557926264091914,6,0.10111999999999988,29.667721518987378,5,45,"[4,6,18,27,37,46]",14.549609947686017,0.9649383738042417
0.26848666666666665,0.5579470669644555,6,0.1012466666666656,29.63060512280271,5,45,"[4,6,18,27,37,46]",14.55269524714833,0.9649658997978277
0.26852,0.5580510798013267,6,0.10188000000000041,29.44640753828021,5,45,"[4,6,22,27,40,46]",14.895042479441306,0.9683058153249307
0.2685533333333333,0.5581550900917929,6,0.10251333333333346,29.26448592053063,5,45,"[4,6,22,27,40,46]",14.912933485153667,0.968444387710999
0.26855999999999997,0.5581758918439159,6,0.10263999999999829,29.22837100545645,5,45,"[4,6,18,27,37,46]",14.585310198226537,0.9652550062209544
0.2685866666666667,0.5582590978312915,6,0.10314666666666827,29.084798345397687,5,45,"[4,6,22,27,40,46]",14.9303363080012,0.9685784661786504
0.26862,0.5583631030152598,6,0.10378000000000043,28.907303912121677,5,45,"[4,6,18,27,37,46]",14.610183688681717,0.9654730358292866
0.26864,0.5584255048970884,6,0.10416000000000025,28.80184331797228,5,45,"[4,6,22,27,40,46]",14.957177197367855,0.968783869875503
0.26865333333333336,0.5584671056391358,6,0.10441333333333347,28.731962712297243,5,45,"[4,6,18,27,37,46]",14.623294188943623,0.9655870183157611
0.2686866666666667,0.5585711056983581,6,0.10504666666666651,28.558735799961966,5,45,"[4,6,18,27,37,46]",14.635896637423109,0.9656959191831667
0.26871999999999996,0.5586751031883636,6,0.10567999999999866,28.387585162755848,5,45,"[4,6,18,27,37,46]",14.647989066173189,0.9657997511284014
0.26872,0.5586751031883638,6,0.10568000000000133,28.38758516275513,5,45,"[4,6,22,27,40,46]",14.995158527897479,0.9690716040455335
0.26875333333333334,0.5587790981045915,6,0.10631333333333348,28.218473694111704,6,70,"[4,6,18,27,37,46]",14.659569353176847,0.9658985229104119
0.2687866666666667,0.5588830904424796,6,0.10694666666666652,28.05136516643814,6,70,"[4,6,18,27,37,46]",14.6706352202013,0.9659922393060499
0.2688,0.5589246866546778,6,0.10719999999999885,27.98507462686597,6,70,"[4,6,18,27,37,46]",14.674916988972635,0.9660283106594253
0.26882,0.5589870801974663,6,0.10757999999999956,27.886224205242723,6,70,"[4,6,18,27,37,46]",14.681184230538454,0.9660809010584593
0.26885333333333333,0.5590910673649901,6,0.1082133333333326,27.72301626416973,6,70,"[4,6,18,27,37,46]",14.691213786627571,0.9661645048177233
0.26888,0.5591742552329706,6,0.10871999999999993,27.59381898454748,6,70,"[4,6,18,27,37,46]",14.698861574662821,0.9662277411647903
0.26888666666666666,0.5591950519404898,6,0.10884666666666654,27.56170760090651,6,70,"[4,6,18,27,37,46]",14.700721127557465,0.9662430430734844
0.26892,0.5592990339194037,6,0.10947999999999958,27.402265253927762,6,70,"[4,6,18,27,37,46]",14.709703326444904,0.9663165040792207
0.2689533333333333,0.5594030132971711,6,0.11011333333333262,27.244657020040137,6,70,"[4,6,18,27,37,46]",14.718157287685356,0.9663848717678211
0.26896,0.5594238088601856,6,0.11023999999999923,27.21335268505099,6,70,"[4,6,18,27,37,46]",14.71978440695537,0.9663979323839543
0.26898666666666665,0.5595069900692307,6,0.11074666666666655,27.088851432699283,6,70,"[4,6,18,27,37,46]",14.726079744072564,0.966448125658084
0.26902,0.5596109642310217,6,0.11137999999999959,26.934817741066716,6,70,"[4,6,18,27,37,46]",14.73346725378255,0.9665062407517145
0.26904,0.5596733474732701,6,0.1117600000000003,26.843235504652753,6,70,"[4,6,18,27,37,46]",14.737641486944336,0.9665386310563493
0.2690533333333333,0.5597149357779833,6,0.11201333333333263,26.782525889775194,6,70,"[4,6,18,27,37,46]",14.740316197218425,0.9665591874203688
0.2690866666666667,0.5598189047055547,6,0.11264666666666745,26.631946499378405,6,70,"[4,6,18,27,37,46]",14.746622773710536,0.9666069312822447
0.26911999999999997,0.559922871009175,6,0.11327999999999872,26.48305084745793,6,70,"[4,6,18,27,37,46]",14.752382998067702,0.9666494330676833
0.26912,0.5599228710091753,6,0.11328000000000049,26.483050847457513,6,70,"[4,6,18,27,37,46]",14.752382998067697,0.9666494330676833
0.26915333333333336,0.5600268346842845,6,0.11391333333333264,26.33581085035423,6,70,"[4,6,18,27,37,46]",14.757592696974426,0.966686648473191
0.2691866666666667,0.5601307957263223,6,0.11454666666666657,26.190199045512767,6,70,"[4,6,18,27,37,46]",14.762247505228194,0.9667185280032525
0.2692,0.5601723794048556,6,0.11479999999999979,26.132404181184718,6,70,"[4,6,18,27,37,46]",14.763953044150922,0.9667297736661538
0.26922,0.5602347541307281,6,0.1151800000000005,26.046188574405164,6,70,"[4,6,18,27,37,46]",14.766342861811415,0.9667450167992345
0.26925333333333334,0.560338709892942,6,0.1164000000000005,25.773195876288547,6,70,"[1,4,6,22,40,46]",15.187957112019333,0.9704750285373217
0.26927999999999996,0.5604218725972705,6,0.11759999999999793,25.510204081633102,6,70,"[1,4,6,22,40,46]",15.201024584711567,0.9705679908614656
0.2692866666666667,0.5604426630084038,6,0.1178999999999999,25.445292620865164,6,70,"[1,4,6,22,40,46]",15.20421260731262,0.970590519511564
0.26932,0.560546613472554,6,0.11939999999999928,25.125628140703668,6,70,"[1,4,6,22,40,46]",15.219685369108022,0.970698990747176
0.26935333333333333,0.5606505612808322,6,0.12090000000000045,24.813895781637626,6,70,"[1,4,6,22,40,46]",15.234389402214461,0.9708006829230995
0.26936,0.5606713505233821,6,0.12119999999999892,24.752475247524973,6,70,"[1,4,6,22,40,46]",15.237239155973128,0.9708202280275012
0.26938666666666666,0.5607545064286795,6,0.12239999999999984,24.509803921568658,6,70,"[1,4,6,22,40,46]",15.248338176902893,0.970895822328704
0.26942,0.5608584489115357,6,0.12389999999999923,24.213075060532837,6,70,"[1,4,6,22,40,46]",15.261544647412293,0.9709846217606656
0.26944,0.5609208131201572,6,0.12479999999999991,24.038461538461554,6,70,"[1,4,6,22,40,46]",15.269117425549517,0.971034941991102
0.2694533333333333,0.5609623887248416,6,0.1254000000000004,23.92344497607648,6,70,"[1,4,6,22,40,46]",15.274021269532126,0.9710672813515179
0.26948666666666665,0.5610663258640382,6,0.1268999999999998,23.64066193853432,6,70,"[1,4,6,22,40,46]",15.285780017313096,0.9711439893355663
0.26952,0.5611702603245656,6,0.12839999999999918,23.36448598130856,6,70,"[1,4,6,22,40,46]",15.29683239895322,0.9712149227573138
0.2695533333333333,0.5612741921018654,6,0.12989999999999857,23.094688221709262,6,70,"[1,4,6,22,40,46]",15.307189471903477,0.9712802481270849
0.2695866666666667,0.5613781211913784,6,0.13140000000000146,22.83105022831025,6,70,"[1,4,6,22,40,46]",15.316861857234484,0.9713401220281006
0.2696,0.561419692073582,6,0.13200000000000017,22.727272727272698,6,70,"[1,4,6,22,40,46]",15.320541397167505,0.9713625784567078
0.26962,0.5614820475885457,6,0.13290000000000085,22.573363431151098,6,70,"[1,4,6,22,40,46]",15.325859753302565,0.9713946916788677
0.26965333333333336,0.5615859712888086,6,0.13440000000000024,22.32142857142853,6,70,"[1,4,6,22,40,46]",15.334192948751143,0.9714440954544097
0.26968,0.5616691083041842,6,0.13559999999999944,22.123893805309827,6,70,"[1,4,6,22,40,46]",15.340387244665175,0.9714799866839202
0.2696866666666667,0.5616898922876083,6,0.1359000000000014,22.07505518763774,6,70,"[1,4,6,22,40,46]",15.341870834880865,0.971488463369535
0.26972,0.5617938105803869,6,0.1374000000000008,21.83406113537105,6,70,"[1,4,6,22,40,46]",15.348902417419895,0.9715279175270696
0.26975333333333334,0.5618977261625855,6,0.1389000000000002,21.59827213822891,6,70,"[1,4,6,22,40,46]",15.355296327723773,0.9715625725337155
0.26976,0.5619185089533545,6,0.13920000000000043,21.551724137930968,6,70,"[1,4,6,22,40,46]",15.356499322954088,0.9715689372176445
0.2697866666666667,0.5620016390296458,6,0.14039999999999958,21.36752136752143,6,70,"[1,4,6,22,40,46]",15.361060833431834,0.9715925358859606
0.26982,0.5621055491770104,6,0.14190000000000075,21.14164904862568,6,120,"[1,4,6,22,40,46]",15.366203848606334,0.9716179083282669
0.26983999999999997,0.5621678939580784,6,0.14279999999999793,21.008403361344843,6,120,"[1,4,6,22,40,46]",15.368994505458682,0.9716309676536948
0.26985333333333333,0.5622094566001203,6,0.1426400000000001,21.03196859226022,6,120,"[1,4,6,22,40,46]",15.370732943377526,0.9716387841855499
0.26988666666666666,0.5623133612944183,6,0.14203999999999994,21.120811039143913,6,88,"[1,4,6,22,40,46]",15.374655353117921,0.9716552516718161
0.26992,0.5624172632553466,6,0.14144000000000023,21.21040723981897,6,88,"[1,4,6,22,40,46]",15.377977987166126,0.971667393176638
0.2699533333333333,0.562521162478347,6,0.14084000000000008,21.30076682760578,6,88,"[1,4,6,22,40,46]",15.380707437120137,0.9716752855310218
0.26998666666666665,0.5626250589588626,6,0.14024000000000036,21.391899600684486,6,88,"[1,4,6,22,40,46]",15.382849984718689,0.9716790002540865
0.26999999999999996,0.5626666167821519,6,0.14000000000000035,21.428571428571377,6,88,"[1,4,6,22,40,46]",15.383544020471573,0.9716793314540585
0.27002,0.5627289526923356,6,0.1396400000000002,21.483815525637322,6,88,"[1,4,6,22,40,46]",15.384411609327586,0.9716786037818422
0.2700533333333333,0.5628328436742088,6,0.1390400000000005,21.576524741081627,6,88,"[1,4,6,22,40,46]",15.385397995047645,0.971674157679264
0.27008,0.5629159544754934,6,0.13855999999999913,21.65127020785233,6,88,"[1,4,6,22,40,46]",15.385776566982782,0.9716677234460537
0.2700866666666667,0.5629367318999253,6,0.13843999999999834,21.6700375613987,6,88,"[1,4,6,22,40,46]",15.385814537458932,0.9716657188367401
0.27012,0.5630406173649277,6,0.1378399999999993,21.76436448055728,6,88,"[1,4,6,22,40,46]",15.385666350015983,0.9716533396518942
0.27015333333333336,0.5631445000646592,6,0.13723999999999847,21.859516176042213,6,88,"[1,4,6,22,40,46]",15.384958270107035,0.9716370681976851
0.27016,0.563165276272372,6,0.1371199999999997,21.878646441073563,6,88,"[1,4,6,22,40,46]",15.384749873626118,0.9716333507697601
0.2701866666666667,0.5632483799945629,6,0.13663999999999943,21.955503512880654,6,88,"[1,4,6,22,40,46]",15.383694864789936,0.9716169483776267
0.27022,0.5633522571500824,6,0.1360399999999986,22.05233754778029,6,88,"[1,4,6,22,40,46]",15.381880436216242,0.9715930200688748
0.27024,0.5634145821097939,6,0.1356799999999998,22.110849056603804,6,88,"[1,4,6,22,40,46]",15.380528980194484,0.9715768501360812
0.27025333333333335,0.5634561315266609,6,0.13543999999999956,22.150029533372784,6,88,"[1,4,6,22,40,46]",15.379519026754698,0.9715653192538909
0.2702866666666667,0.563560003119742,6,0.13483999999999874,22.24859092257511,6,88,"[1,4,6,22,40,46]",15.37661442382427,0.9715338781413081
0.27032,0.5636638719247692,6,0.1342399999999997,22.34803337306322,6,88,"[1,4,6,22,40,46]",15.3731701644462,0.9714987252765829
0.27035333333333333,0.5637677379371867,6,0.13363999999999887,22.448368751870888,6,88,"[1,4,6,22,40,46]",15.369189539524113,0.9714598856429562
0.27038666666666666,0.5638716011524382,6,0.13303999999999983,22.549609140108267,6,88,"[1,4,6,22,40,46]",15.36467559786089,0.9714173807532095
0.2704,0.5639131456543117,6,0.13280000000000047,22.590361445783053,6,88,"[1,4,6,22,40,46]",15.362721329978234,0.971399356697729
0.27042,0.5639754615659678,6,0.132439999999999,22.65176683781352,6,88,"[1,4,6,22,40,46]",15.35963114991935,0.9713712287326398
0.2704533333333333,0.5640793191732195,6,0.13183999999999996,22.754854368932047,6,88,"[1,4,6,22,40,46]",15.354058771334735,0.9713214443936562
0.27048,0.5641624032354396,6,0.1313599999999997,22.838002436053646,6,88,"[1,4,6,22,40,46]",15.349222341326387,0.9712790095331569
0.27048666666666665,0.5641831739696378,6,0.13123999999999914,22.858884486437212,6,88,"[1,4,6,22,40,46]",15.347960806185506,0.9712680393023453
0.27052,0.5642870259506672,6,0.1306400000000001,22.963870177587246,6,88,"[1,4,6,22,40,46]",15.341339370028466,0.9712110218373233
0.2705533333333333,0.5643908751117519,6,0.13003999999999927,23.069824669332643,6,88,"[1,4,6,22,40,46]",15.334196352704295,0.9711503972411567
0.27055999999999997,0.5644116446051747,6,0.12992000000000048,23.09113300492602,6,88,"[1,4,6,22,40,46]",15.332705310069358,0.9711378397094257
0.2705866666666667,0.564494721448337,6,0.1294399999999989,23.176761433869174,6,88,"[1,4,6,22,40,46]",15.326533420918762,0.9710861676646035
0.27062,0.564598564955867,6,0.12883999999999918,23.28469419434973,6,88,"[1,4,6,22,40,46]",15.318352020604507,0.9710183322038887
0.27064,0.5646608697005435,6,0.1284799999999997,23.34993773349943,6,88,"[1,4,6,22,40,46]",15.313194835116953,0.9709758985941338
0.27065333333333336,0.5647024056297867,6,0.12823999999999902,23.39363693075501,6,88,"[1,4,6,22,40,46]",15.309653379067646,0.9709468869312063
0.2706866666666667,0.5648062434655413,6,0.1276399999999993,23.5036038859293,6,88,"[1,4,6,22,40,46]",15.300438506923703,0.9708718249186092
0.27071999999999996,0.564910078458576,6,0.12704000000000049,23.61460957178832,6,88,"[1,4,6,22,40,46]",15.290708199826161,0.9707931362554166
0.27072,0.5649100784585763,6,0.12703999999999915,23.61460957178857,6,88,"[1,4,6,22,40,46]",15.29070819982614,0.9707931362554164
0.27075333333333335,0.5650139106043365,6,0.12643999999999944,23.726668775703995,6,88,"[1,4,6,22,40,46]",15.280463039991071,0.9707108080592496
0.2707866666666667,0.5651177398982673,6,0.12583999999999929,23.83979656706943,6,88,"[1,4,6,22,40,46]",15.269703397520829,0.970624824480777
0.2708,0.5651592708163072,6,0.12560000000000038,23.885350318471264,6,88,"[1,4,6,22,40,46]",15.265255528103168,0.9705894034270391
0.27082,0.5652215663358146,6,0.12523999999999957,23.954008304056295,6,88,"[1,4,6,22,40,46]",15.258429431529088,0.9705351667022258
0.27085333333333333,0.5653253899124238,6,0.12463999999999942,24.069319640564938,6,88,"[1,4,6,22,31,40]",15.033226277785923,0.9689692057858025
0.27088,0.5654084467107754,6,0.12415999999999983,24.162371134020653,6,88,"[1,4,6,22,31,40]",15.03283962514462,0.9689530904376683
0.27088666666666666,0.5654292106235407,6,0.1240399999999997,24.18574653337639,6,88,"[1,4,6,22,31,40]",15.032703386010098,0.9689486962639559
0.27092,0.5655330284646114,6,0.12343999999999955,24.303305249514022,6,88,"[1,4,6,22,31,40]",15.031785911294387,0.968924544992742
0.2709533333333333,0.5656368434310816,6,0.12283999999999984,24.422012373819634,6,88,"[1,4,6,22,31,40]",15.030476736145632,0.9688967795716037
0.27096,0.565657606079023,6,0.12271999999999927,24.445893089961032,6,88,"[1,4,6,22,31,40]",15.030168143175322,0.9688907950355933
0.27098666666666665,0.5657406555183979,6,0.12223999999999968,24.541884816753992,6,88,"[1,4,6,22,31,40]",15.028778636146916,0.9688654250175593
0.27102,0.5658444647220062,6,0.12163999999999997,24.66293982242684,6,88,"[1,4,6,22,31,40]",15.026694281867108,0.9688305038295582
0.27104,0.5659067488580973,6,0.12127999999999983,24.73614775725597,6,88,"[1,4,6,22,31,40]",15.025259339518286,0.9688078475700016
0.2710533333333333,0.5659482710373533,6,0.12103999999999981,24.78519497686719,6,88,"[1,4,6,22,31,40]",15.024226240698711,0.9687920360484251
0.2710866666666667,0.5660520744598856,6,0.12043999999999944,24.90866821653947,6,88,"[1,4,6,22,31,40]",15.021376978626323,0.9687500393125893
0.27111999999999997,0.5661558749850494,6,0.11983999999999995,25.033377837116166,6,88,"[1,4,6,22,31,40]",15.018148861927742,0.968704528909777
0.27112,0.5661558749850496,6,0.11983999999999906,25.03337783711635,6,88,"[1,4,6,22,31,40]",15.018148861927742,0.968704528909777
0.27115333333333336,0.5662596726082921,6,0.11923999999999957,25.159342502516026,6,88,"[1,4,6,22,31,40]",15.014544158809455,0.968655517824832
0.2711866666666667,0.5663634673250602,6,0.11863999999999919,25.286581254214603,6,88,"[1,4,6,22,31,40]",15.010565040978795,0.9686030167838252
0.2712,0.5664049843969347,6,0.11839999999999984,25.33783783783787,6,88,"[1,4,6,22,31,40]",15.008869026070172,0.9685810411591455
0.27122,0.5664672591308009,6,0.1180399999999997,25.415113520840457,6,88,"[1,4,6,22,31,40]",15.006213585154276,0.9685470342945938
0.27125333333333335,0.5665710480209614,6,0.11743999999999932,25.544959128065543,6,88,"[1,4,6,22,31,40]",15.001491774515737,0.968487576683842
0.27127999999999997,0.5666540770308125,6,0.11696000000000062,25.649794801641452,6,88,"[1,4,6,22,31,40]",14.997448944374872,0.9684375113876329
0.2712866666666667,0.566674833990989,6,0.11683999999999983,25.676138308798393,6,88,"[1,4,6,22,31,40]",14.996401500096324,0.968424648130935
0.27132,0.566778617036331,6,0.11623999999999945,25.808671713695922,6,88,"[1,4,6,22,31,40]",14.99094456211727,0.968358250698492
0.27135333333333334,0.5668823971524353,6,0.11563999999999997,25.942580421999317,6,88,"[1,4,6,22,31,40]",14.985122671267362,0.9682883843598892
0.27136,0.5669031528237468,6,0.11551999999999985,25.96952908587261,6,88,"[1,4,6,22,31,40]",14.983914643063315,0.9682739946754766
0.27138666666666666,0.5669861743347491,6,0.11503999999999959,26.077885952712194,6,88,"[1,4,6,22,31,40]",14.978937449928454,0.9682150470237708
0.27142,0.5670899485787206,6,0.1144400000000001,26.214610276127207,6,88,"[1,4,6,22,31,40]",14.97239043334804,0.968138234555653
0.27143999999999996,0.5671522117128055,6,0.11408000000000063,26.297335203365915,6,88,"[1,4,6,22,31,40]",14.968289168111136,0.9680904765330646
0.2714533333333333,0.5671937198797977,6,0.11383999999999972,26.352775825720375,6,88,"[1,4,6,22,31,40]",14.965483070760554,0.9680579407967093
0.27148666666666665,0.5672974882334284,6,0.11324000000000023,26.492405510420294,6,88,"[1,4,6,22,31,40]",14.958216726458245,0.9679741575798052
0.27152,0.5674012536350611,6,0.11263999999999985,26.633522727272762,6,88,"[1,4,6,22,31,40]",14.950592680812875,0.9678868747428556
0.2715533333333333,0.5675050160801439,6,0.11204000000000036,26.776151374509016,6,88,"[1,4,6,22,31,40]",14.942612131249563,0.9677960801395639
0.2715866666666667,0.5676087755641256,6,0.11143999999999932,26.920315865039647,6,88,"[1,4,6,22,31,40]",14.934276193173154,0.9677017596475959
0.2716,0.5676502785275901,6,0.1111999999999993,26.978417266187222,6,88,"[1,4,6,22,31,40]",14.930842543541267,0.967663040663329
0.27162000000000003,0.5677125320824542,6,0.1108399999999996,27.06604114038263,6,88,"[1,4,6,22,31,40]",14.925585900848835,0.9676038971742417
0.27165333333333336,0.5678162856305791,6,0.11023999999999945,27.213352685050936,6,88,"[1,4,6,22,31,40]",14.916542208237372,0.9675024746596074
0.27168,0.5678992863274732,6,0.10976000000000052,27.332361516034855,6,88,"[1,4,6,22,31,40]",14.909053396222284,0.967418760026591
0.2716866666666667,0.5679200362039485,6,0.10963999999999974,27.36227654140831,6,88,"[1,4,6,22,31,40]",14.907145989785851,0.9673974720773697
0.27172,0.5680237837980119,6,0.10903999999999958,27.512839325018447,6,88,"[1,4,6,22,31,40]",14.897398041175238,0.9672888674331338
0.27175333333333335,0.5681275284082183,6,0.10843999999999987,27.665068240501693,6,88,"[1,4,6,22,31,40]",14.88729908002461,0.9671766367604139
0.27176,0.5681482769717962,6,0.10831999999999997,27.695716395864114,6,88,"[1,4,6,22,31,40]",14.885237223984115,0.9671537532542073
0.2717866666666667,0.5682312700300169,6,0.10783999999999971,27.818991097922922,6,88,"[1,4,6,22,31,40]",14.87684974655374,0.9670607541142622
0.27182,0.5683350086588569,6,0.10724,27.974636329727712,6,88,"[1,4,6,22,31,40]",14.866050604204021,0.9669411915625652
0.27183999999999997,0.5683972503976479,6,0.10687999999999942,28.068862275449256,6,88,"[1,4,6,22,31,40]",14.859403416378896,0.9668676753093847
0.27185333333333334,0.5684387442901884,6,0.10663999999999985,28.132033008252105,6,88,"[1,4,6,22,31,40]",14.854902140218599,0.9668179191750125
0.27188666666666667,0.5685424769194602,6,0.10604000000000013,28.291210863824936,6,88,"[1,4,6,22,31,40]",14.84340476618216,0.9666909050097529
0.27192,0.5686462065421227,6,0.10543999999999998,28.45220030349014,6,88,"[1,4,6,22,31,40]",14.831558818521373,0.9665601150977378
0.2719533333333333,0.5687499331536259,6,0.10484000000000027,28.615032430370015,6,88,"[1,4,6,22,31,40]",14.81936455896556,0.9664255134247473
0.27198666666666665,0.5688536567494192,6,0.10424000000000011,28.779739063699125,6,88,"[1,4,6,22,31,40]",14.806822174969149,0.9662870619111005
0.27199999999999996,0.568895145342319,6,0.10400000000000009,28.846153846153822,6,88,"[1,4,6,22,31,40]",14.801707774439967,0.9662305944233932
0.27202,0.5689573773249537,6,0.1036400000000004,28.946352759552184,6,88,"[1,4,6,22,31,40]",14.793931780095344,0.9661447203890279
0.2720533333333333,0.5690610948756787,6,0.10304000000000024,29.114906832298068,6,88,"[1,4,6,22,31,40]",14.78069341436211,0.9659984465777042
0.27208,0.569144066735339,6,0.10255999999999998,29.251170046801878,6,88,"[1,4,6,22,31,40]",14.769852162887249,0.9658785665019901
0.2720866666666667,0.5691648093970453,6,0.1024399999999992,29.285435376806163,6,88,"[1,4,6,22,31,40]",14.767107044550471,0.9658481960559117
0.27212000000000003,0.5692685208845039,6,0.10183999999999838,29.45797329143802,6,88,"[1,4,6,22,31,40]",14.753172564475287,0.9656939222323132
0.27215333333333336,0.5693722293335053,6,0.10123999999999933,29.632556301857168,6,88,"[1,4,6,22,31,40]",14.738889795219398,0.9655355763133141
0.27216,0.5693929706582902,6,0.10111999999999988,29.667721518987378,6,88,"[1,4,6,22,31,40]",14.73599142581341,0.9655034140271642
0.2721866666666667,0.5694759347394998,6,0.10063999999999851,29.809220985692015,6,88,"[1,4,6,22,31,40]",14.724258485330253,0.9653731072684635
0.27222,0.569579637097939,6,0.10003999999999946,29.98800479808093,6,88,"[1,4,6,22,31,40]",14.709278310980823,0.9652064617933823
0.27224,0.5696418570482835,6,0.09967999999999999,30.09630818619583,6,88,"[1,4,6,22,31,40]",14.700122589664515,0.9651044467822567
0.27225333333333335,0.5696833364042739,6,0.09943999999999864,30.16894609815005,6,88,"[1,4,6,22,31,40]",14.693948876093101,0.9650355842701513
0.2722866666666667,0.5697870326539555,6,0.0988399999999996,30.35208417644691,6,88,"[1,4,6,22,31,40]",14.678269712426095,0.9648604167251355
0.27232,0.5698907258424354,6,0.09823999999999877,30.537459283388003,6,88,"[1,4,6,22,31,40]",14.66224027962693,0.9646808987841776
0.27235333333333334,0.569994415965165,6,0.09763999999999973,30.7251126587465,6,65,"[1,4,6,22,31,40]",14.645859965246297,0.9644969676251202
0.27238666666666667,0.5700981030175959,6,0.0970399999999989,30.915086562242724,6,65,"[1,4,6,22,31,40]",14.629128084717152,0.9643085579275829
0.2724,0.5701395769778659,6,0.0968,30.991735537190085,6,65,"[1,4,6,22,31,40]",14.622336726900846,0.9642319249415322
0.27242,0.5702017869951801,6,0.09643999999999986,31.107424305267568,6,65,"[1,4,6,22,31,40]",14.612043881298087,0.9641156018199468
0.2724533333333333,0.5703054678933692,6,0.09583999999999904,31.302170283806657,6,65,"[1,4,6,22,31,40]",14.594606525979557,0.9639180288234598
0.27248,0.5703884103917,6,0.09535999999999945,31.459731543624343,6,65,"[1,4,6,22,31,40]",14.580401769048299,0.9637565972041878
0.27248666666666665,0.5704091457076154,6,0.09523999999999999,31.49937001259975,6,65,"[1,4,6,22,31,40]",14.576815117354705,0.9637157657934049
0.27252,0.570512820433371,6,0.09463999999999917,31.6990701606089,6,65,"[1,4,6,22,31,40]",14.558668681453126,0.9635087368572403
0.2725533333333333,0.5706164920660881,6,0.09404000000000012,31.901318587834922,6,65,"[1,4,6,22,31,40]",14.540166171538774,0.963296863349638
0.27255999999999997,0.5706372260210667,6,0.09392000000000067,31.94207836456536,6,65,"[1,4,6,22,31,40]",14.536422843425015,0.9632539001763787
0.2725866666666667,0.5707201606012196,5,0.1806933333333336,16.602715466351807,6,36,"[1,4,10,18,46]",16.998452417803282,0.9803382750209018
0.27262000000000003,0.5708238260342173,5,0.1809599999999998,16.578249336870044,6,36,"[1,4,10,18,46]",16.991391593423476,0.9803060844960202
0.27264,0.5708860238031002,5,0.18111999999999995,16.56360424028269,6,36,"[1,4,10,18,46]",16.98703734320509,0.980286221566884
0.27265333333333336,0.5709274883605344,5,0.18122666666666687,16.55385520894642,6,36,"[1,4,10,18,46]",16.98408531662445,0.9802727493776319
0.2726866666666667,0.571031147575624,5,0.18149333333333306,16.529532765207193,6,24,"[1,4,10,18,46]",16.976532601169517,0.9802382570638916
0.27271999999999996,0.5711348036749385,5,0.1817599999999997,16.505281690140873,6,24,"[1,4,10,18,46]",16.968732391445165,0.9802025942380993
0.27272,0.5711348036749385,5,0.18176000000000014,16.505281690140833,6,24,"[1,4,10,18,46]",16.968732391445165,0.9802025942380993
0.27275333333333335,0.5712384566539315,5,0.18145333333333347,16.5331765743258,6,24,"[1,4,10,18,31]",16.97002248021087,0.9802066142500612
0.2727866666666667,0.5713421065080561,5,0.1809866666666664,16.5758066892589,6,24,"[1,4,10,18,31]",16.973761922012294,0.9802212502564002
0.2728,0.5713835655737243,5,0.18079999999999985,16.592920353982315,6,24,"[1,4,10,18,31]",16.975217165976762,0.9802268994023586
0.27282,0.5714457532327657,5,0.18052000000000024,16.618657212497208,6,24,"[1,4,10,18,31]",16.977356821275883,0.9802351549852979
0.27285333333333334,0.5715493968235142,6,0.09418666666666692,31.851642129105237,6,54,"[1,4,10,18,27,46]",15.118615449282471,0.9690824200578633
0.27288,0.5716323094366054,6,0.09488000000000052,31.61888701517689,6,54,"[1,4,10,18,27,46]",15.127830117275906,0.969185602984842
0.27288666666666667,0.5716530372757548,6,0.09505333333333327,31.561228783840672,6,54,"[1,4,10,18,27,46]",15.130092586955977,0.9692109079487526
0.27292,0.5717566745849412,6,0.09591999999999962,31.276063386155254,6,89,"[1,4,10,18,27,46]",15.141158702812561,0.969334531075433
0.2729533333333333,0.5718603087465279,6,0.09678666666666685,30.996004959360732,6,89,"[1,4,10,18,27,46]",15.15181609165883,0.9694533936705255
0.27296,0.5718810352007332,6,0.0969599999999996,30.940594059406067,6,89,"[1,4,10,18,27,46]",15.153898713491017,0.9694766037143858
0.27298666666666666,0.5719639397559688,6,0.0976533333333332,30.720917531403646,6,89,"[1,4,10,18,27,46]",15.162066897468685,0.9695675945459937
0.2729933333333333,0.5719846655791994,6,0.09782666666666595,30.66648493934873,6,89,"[1,4,10,18,27,46]",15.164068446821831,0.9695898836401184
0.27302,0.572067567608718,6,0.09851999999999955,30.450669914738263,6,89,"[1,4,10,18,27,46]",15.171913115131034,0.9696772272867203
0.27302666666666664,0.5720882928000648,6,0.0986933333333323,30.39718994866284,6,89,"[1,4,10,18,27,46]",15.173833973236507,0.9696986135369801
0.27304,0.5721297428032647,6,0.0990400000000004,30.29079159935367,6,89,"[1,4,10,18,27,46]",15.177627418030305,0.9697408512634031
0.2730533333333333,0.57217119230023,6,0.0993866666666659,30.18513549771958,6,89,"[1,4,10,18,27,46]",15.18135659205542,0.9697823804315314
0.27305999999999997,0.5721919168587839,6,0.09955999999999954,30.13258336681412,6,89,"[1,4,10,18,27,46]",15.183197110829019,0.9698028809552471
0.2730866666666667,0.5722748138259593,6,0.10025333333333397,29.924192046814547,6,89,"[1,4,10,18,27,46]",15.190399029638149,0.9698831376422654
0.2730933333333333,0.5722955377508111,6,0.10042666666666589,29.872543813064492,6,89,"[1,4,10,18,27,46]",15.19215953195687,0.9699027686006342
0.27312,0.5723784321813602,6,0.10111999999999949,29.66772151898749,6,89,"[1,4,10,18,27,46]",15.199041984591554,0.969979577861424
0.27312000000000003,0.5723784321813605,6,0.10112000000000032,29.667721518987246,6,89,"[1,4,10,18,27,46]",15.199041984591572,0.9699795778614241
0.27312666666666663,0.572399155471601,6,0.10129333333333224,29.6169540608138,6,89,"[1,4,10,18,27,46]",15.200722764543393,0.9699983544897267
0.27315333333333336,0.5724820473618883,6,0.10198666666666756,29.415609883644663,6,89,"[1,4,10,18,27,46]",15.207286870139052,0.9700717754589164
0.27315999999999996,0.572502770016609,6,0.10215999999999859,29.3657008613943,6,89,"[1,4,10,18,27,46]",15.208888193245643,0.9700897120945952
0.2731866666666667,0.572585659362998,6,0.10285333333333391,29.16774695359071,6,89,"[1,4,10,18,27,46]",15.215134957076756,0.9701598003683481
0.2731933333333333,0.5726063813812894,6,0.10302666666666582,29.118674776757064,6,89,"[1,4,10,18,27,46]",15.216657060490432,0.9701769104770531
0.2732,0.5726271032721862,6,0.10320000000000029,29.06976744186038,6,89,"[1,4,10,18,27,46]",15.218163345939582,0.9701938568212399
0.27322,0.5726892681801441,6,0.10372000000000026,28.924026224450373,6,89,"[1,4,10,18,27,46]",15.222587374705265,0.9702437182132951
0.2732266666666667,0.5727099895610978,6,0.10389333333333389,28.875770020533725,6,89,"[1,4,10,18,27,46]",15.224030467379452,0.9702600144129656
0.27325333333333335,0.5727928738087822,6,0.1045866666666675,28.684344722080343,6,89,"[1,4,10,18,27,46]",15.229645111631642,0.9703235904239341
0.27326,0.5728135945514888,6,0.10476000000000024,28.636884306987334,6,89,"[1,4,10,18,27,46]",15.231009374466167,0.970339084507005
0.27327999999999997,0.5728757560129126,6,0.10527999999999937,28.49544072948345,6,89,"[1,4,10,18,27,46]",15.23500770600851,0.9703846140057357
0.2732866666666667,0.5728964762443677,6,0.10545333333333384,28.44860285750397,6,89,"[1,4,10,18,27,46]",15.236309016444144,0.9703994743444001
0.27329333333333333,0.5729171963479183,6,0.10562666666666659,28.401918707397144,6,89,"[1,4,10,18,27,46]",15.237594602404831,0.9704141772981868
0.27332,0.5730000754823557,6,0.10632000000000019,28.216704288939003,6,89,"[1,4,10,18,27,46]",15.242579798260328,0.9704714233311836
0.27332666666666666,0.5730207949458418,6,0.10649333333333294,28.170777513459477,6,89,"[1,4,10,18,27,46]",15.243786832473553,0.9704853453565118
0.27335333333333334,0.5731036715182022,6,0.10718666666666654,27.988555790521243,6,89,"[1,4,10,18,27,46]",15.248458027149573,0.9705394868428573
0.27336,0.5731243903407146,6,0.10736000000000018,27.943368107302486,6,89,"[1,4,10,18,27,46]",15.249586606971953,0.970552637370994
0.27338666666666667,0.5732072643473629,6,0.10805333333333289,27.764067127344635,6,89,"[1,4,10,18,27,46]",15.253944134431398,0.9706037105213996
0.2733933333333333,0.573227982527993,6,0.10822666666666653,27.719600837747972,6,89,"[1,4,10,18,27,46]",15.254994329494272,0.9706160982293267
0.27342,0.5733108539652936,6,0.10892000000000013,27.5431509364671,6,89,"[1,4,10,18,27,46]",15.259038412849309,0.9706641362653365
0.27342666666666665,0.5733315715031323,6,0.10909333333333288,27.49938890246895,6,89,"[1,4,10,18,27,46]",15.260010265078849,0.9706757690894179
0.27343999999999996,0.5733730061927713,8,0.09375999999999873,31.996587030717155,2,27,"[1,6,10,18,22,27,31,37]",12.445868466945765,0.9458970392209836
0.2734533333333333,0.5734144403674507,8,0.0938133333333333,31.97839681637295,2,27,"[1,6,10,18,22,27,31,37]",12.450079825974186,0.9459486284995084
0.27346,0.5734351572615892,8,0.09384000000000015,31.96930946291555,2,27,"[1,6,10,18,22,27,31,37]",12.452166972299262,0.9459741829250852
0.27348666666666666,0.5735180235492898,8,0.09394666666666573,31.933011637809003,2,27,"[1,6,10,18,22,27,31,37]",12.460391987828968,0.9460748050958361
0.2734933333333333,0.5735387397988195,8,0.09397333333333346,31.923950056753643,2,27,"[1,6,10,18,22,27,31,37]",12.462417344003619,0.9460995629696751
0.27352,0.5736216035062676,8,0.09407999999999994,31.887755102040835,2,27,"[1,6,10,18,22,27,31,37]",12.470395131154753,0.9461970107101405
0.27352666666666664,0.5736423191102797,8,0.0941066666666659,31.87871918390505,2,27,"[1,6,10,18,22,27,31,37]",12.472358658244104,0.946220977799596
0.2735533333333333,0.5737251802338404,8,0.09421333333333237,31.84262666289305,2,27,"[1,6,10,18,22,27,31,37]",12.480089010744871,0.9463152729728411
0.27355999999999997,0.5737458951914265,8,0.0942400000000001,31.83361629881151,2,27,"[1,6,10,18,22,27,31,37]",12.481990644524107,0.9463384544431845
0.2735866666666667,0.5738287537274654,8,0.09434666666666658,31.797625777275325,2,27,"[1,6,10,18,22,27,31,37]",12.489473254690196,0.946429616514183
0.2735933333333333,0.5738494680377164,8,0.09437333333333342,31.78864085899969,2,27,"[1,6,10,18,22,27,31,37]",12.491312905513261,0.9464520169334933
0.2736,0.5738701822183918,8,0.09440000000000026,31.779661016949063,2,27,"[1,6,10,18,22,27,31,37]",12.493140146739773,0.94647426163849
0.27362000000000003,0.5739323239825984,8,0.0944799999999999,31.752751905165148,2,27,"[1,6,10,18,22,27,31,37]",12.498547363672966,0.9465400629863967
0.27362666666666663,0.573953037644606,8,0.09450666666666585,31.743792325056706,2,27,"[1,6,10,18,22,27,31,37]",12.500324916316282,0.9465616863293049
0.27365333333333336,0.574035890994697,8,0.09461333333333322,31.708004509582903,2,27,"[1,6,10,18,22,27,31,37]",12.507310710135062,0.9466466310801356
0.27365999999999996,0.5740566040075524,8,0.09464000000000006,31.699070160608603,2,27,"[1,6,10,18,22,27,31,37]",12.509026023616089,0.9466674807304282
0.27368,0.5741187422663377,8,0.0947199999999997,31.6722972972974,2,27,"[1,6,10,18,22,27,31,37]",12.514097134117389,0.9467291037987643
0.2736866666666667,0.574139454759218,8,0.09474666666666653,31.663383056571956,2,27,"[1,6,10,18,22,27,31,37]",12.515762537319603,0.9467493365352035
0.2736933333333333,0.5741601671220128,8,0.09477333333333249,31.654473832301914,2,27,"[1,6,10,18,22,27,31,37]",12.517415444689767,0.946769415287281
0.27372,0.5742430152716184,8,0.09487999999999897,31.61888701517741,2,27,"[1,6,10,18,22,27,31,37]",12.52390195818434,0.9468481921455645
0.2737266666666667,0.5742637269834444,8,0.0949066666666667,31.610002809778017,2,27,"[1,6,10,18,22,27,31,37]",12.52549226629622,0.9468675022047556
0.27375333333333335,0.574346572527356,8,0.09501333333333317,31.574515857423574,2,27,"[1,6,10,18,22,27,31,37]",12.531727954185383,0.946943207758606
0.27376,0.5743672835873042,8,0.09503999999999913,31.565656565656855,2,27,"[1,6,10,18,22,27,31,37]",12.533255443433728,0.9469617507403272
0.2737866666666667,0.5744501265218879,8,0.09514666666666649,31.53026905829602,2,27,"[1,6,10,18,22,27,31,37]",12.539239373929563,0.9470343902686134
0.27379333333333333,0.5744708369290498,8,0.09517333333333333,31.52143457551135,2,27,"[1,6,10,18,22,27,31,37]",12.540703797965861,0.9470521671963635
0.27382,0.5745536772506717,8,0.09527999999999981,31.48614609571795,2,27,"[1,6,10,18,22,27,31,37]",12.546434931693394,0.9471217436043835
0.27382666666666666,0.5745743870041392,8,0.09530666666666665,31.47733631785115,2,27,"[1,6,10,18,22,27,31,37]",12.547836017113497,0.9471387549065562
0.27384,0.5746158061184935,8,0.09536000000000033,31.459731543624052,2,27,"[1,10,18,22,27,31,37,46]",12.642501409958944,0.9477139690162324
0.27385333333333334,0.5746572247091656,8,0.09541333333333313,31.44214645053109,2,27,"[1,6,10,18,22,27,31,37]",12.55331320580659,0.9472052687108934
0.27386,0.5746779338080298,8,0.09543999999999997,31.43336127409892,2,27,"[1,6,10,18,22,27,31,37]",12.554650651810865,0.9472215142163873
0.27388666666666667,0.5747607688928271,8,0.09554666666666645,31.398269606475093,2,27,"[1,6,10,18,22,27,31,37]",12.559872636897563,0.9472849635249113
0.2738933333333333,0.5747814773361796,8,0.0955733333333324,31.389508928571736,2,27,"[1,6,10,18,22,27,31,37]",12.561146114923309,0.9473004424575153
0.27392,0.5748643097971141,8,0.09567999999999977,31.3545150501673,2,27,"[1,6,10,18,22,27,31,37]",12.566111525998682,0.9473608229444228
0.27392666666666665,0.574885017584047,8,0.0957066666666666,31.3457787684592,2,27,"[1,6,10,18,22,27,31,37]",12.567320679324045,0.9473755339159448
0.2739533333333333,0.5749678474174852,8,0.09581333333333308,31.310882271082743,2,27,"[1,6,10,18,22,27,31,37]",12.572028032508147,0.9474328387917132
0.27396,0.5749885545470897,8,0.09583999999999904,31.302170283806657,2,27,"[1,6,10,18,22,27,31,37]",12.573172475827022,0.9474467797938203
0.27398666666666666,0.5750713817493985,8,0.09594666666666551,31.26737076153456,2,27,"[1,6,10,18,22,27,31,37]",12.577620172005643,0.9475009997699305
0.2739933333333333,0.5750920882207667,8,0.09597333333333324,31.258682967490998,2,27,"[1,6,10,18,22,27,31,37]",12.578699490973092,0.9475141681646632
0.27399999999999997,0.5751127945603784,8,0.09600000000000009,31.24999999999997,2,27,"[1,6,10,18,22,27,31,37]",12.579765732759643,0.9475271816652099
0.27402,0.5751749127883126,8,0.09607999999999972,31.22398001665288,2,27,"[1,6,10,18,22,27,31,37]",12.582885813918654,0.9475652914129262
0.27402666666666664,0.5751956186005358,8,0.09610666666666567,31.21531631520565,2,27,"[1,6,10,18,22,27,31,37]",12.583899564665781,0.9475776839218379
0.2740533333333333,0.5752784405296859,8,0.09621333333333304,31.180709534368166,2,27,"[1,6,10,18,22,27,31,37]",12.587822679035598,0.94762569602814
0.27405999999999997,0.5752991456818561,8,0.09623999999999988,31.17206982543645,2,27,"[1,6,10,18,22,27,31,37]",12.588770387653575,0.9476373087200187
0.27408,0.5753612603455037,8,0.09631999999999952,31.14617940199351,2,27,"[1,6,10,18,22,27,31,37]",12.591533823697855,0.947671207071896
0.2740866666666667,0.5753819649689778,8,0.09634666666666636,31.137558815388974,2,27,"[1,6,10,18,22,27,31,37]",12.59242833686244,0.947682192632275
0.2740933333333333,0.5754026694601865,8,0.0963733333333332,31.12894299944664,2,27,"[1,6,10,18,22,27,31,37]",12.593309498854705,0.9476930209093882
0.27412000000000003,0.5754854861016463,8,0.09648000000000057,31.094527363183897,2,27,"[1,10,18,22,27,31,37,46]",12.683611601655343,0.9483546585158277
0.27412666666666663,0.5755061899309855,8,0.09650666666666563,31.085935341254824,2,27,"[1,6,10,18,22,27,31,37]",12.597514282520228,0.9477447954622749
0.27415333333333336,0.5755890039231508,8,0.096613333333333,31.051614683963674,2,27,"[1,6,10,18,22,27,31,37]",12.60063553526771,0.9477833609816756
0.27415999999999996,0.5756097070897124,8,0.09663999999999895,31.04304635761623,2,27,"[1,6,10,18,22,27,31,37]",12.601381965231752,0.9477926038919097
0.2741866666666667,0.5756925184289508,8,0.09674666666666631,31.00882028665943,2,27,"[1,6,10,18,22,27,31,37]",12.604231432379649,0.9478279736208081
0.2741933333333333,0.5757132209318264,8,0.09677333333333316,31.00027555800502,2,27,"[1,6,10,18,22,27,31,37]",12.604909612728338,0.9478364141629341
0.27422,0.5757960296145053,8,0.09687999999999963,30.966143682906807,2,27,"[1,6,10,18,22,27,31,37]",12.607484828817402,0.9478685598524186
0.2742266666666667,0.5758167314527871,8,0.09690666666666647,30.957622454595548,2,27,"[1,6,10,18,22,27,31,37]",12.608094126558466,0.9478761905932727
0.27424,0.5758581347302312,8,0.09695999999999927,30.940594059406173,2,27,"[1,6,10,18,22,27,31,37]",12.609271128760795,0.947890962985093
0.27425333333333335,0.5758995374752738,8,0.09701333333333295,30.92358438702596,2,27,"[1,6,10,18,22,27,31,37]",12.610392492245378,0.947905081000326
0.27426,0.5759202386480538,8,0.0970399999999998,30.91508656224244,2,27,"[1,6,10,18,22,27,31,37]",12.610932240551644,0.9479118937469344
0.2742866666666667,0.5760030420067163,8,0.09714666666666627,30.88114191600342,2,27,"[1,6,10,18,22,27,31,37]",12.612951019652725,0.9479374945418253
0.27429333333333333,0.576023742513086,8,0.09717333333333311,30.872667398463296,2,27,"[1,6,10,18,22,27,31,37]",12.613420517104075,0.947943480317267
0.27432,0.5761065432042921,8,0.09728000000000048,30.838815789473532,2,27,"[1,10,18,22,27,31,37,46]",12.692815062547929,0.9485751936224477
0.27432666666666666,0.5761272430433438,8,0.09730666666666643,30.83036448342019,2,27,"[1,6,10,18,22,27,31,37]",12.61555534327292,0.947970903000148
0.27436,0.576230740234287,8,0.09743999999999975,30.78817733990156,2,27,"[1,6,10,18,22,27,31,37]",12.617332926672775,0.9479941103565448
0.2743933333333333,0.5763342340813757,8,0.09757333333333218,30.746105493304544,2,27,"[1,6,10,18,22,27,31,37]",12.618749291167966,0.9480130466638286
0.2744,0.5763549324491315,8,0.09759999999999991,30.737704918032815,2,27,"[1,6,10,18,22,27,31,37]",12.618988854697012,0.948016316184836
0.27442666666666665,0.5764377245800706,8,0.09770666666666639,30.70414847161581,2,27,"[1,6,10,18,22,27,31,37]",12.619800272354084,0.9480276517551667
0.27446,0.5765412117258314,8,0.0978399999999997,30.66230580539666,2,27,"[1,6,10,18,22,27,31,37]",12.620481512821078,0.9480378608462627
0.27448,0.5766033024019913,8,0.09791999999999934,30.63725490196099,2,27,"[1,6,10,18,22,27,31,37]",12.62071089490826,0.9480418474777721
0.2744933333333333,0.5766446955141188,8,0.09797333333333302,30.620577027762753,2,27,"[1,6,10,18,22,27,31,37]",12.620788457190883,0.9480436043486493
0.27452666666666664,0.576748175940394,8,0.09810666666666634,30.578961674368134,2,27,"[1,6,10,18,22,27,31,37]",12.62071634692106,0.9480448076686621
0.27455999999999997,0.5768516530001173,8,0.09823999999999966,30.537459283387726,2,27,"[1,6,10,18,22,27,31,37]",12.620260214866281,0.9480413909911556
0.2745933333333333,0.57695512668875,8,0.09837333333333298,30.496069395500246,2,27,"[1,6,10,18,22,27,31,37]",12.61941487958863,0.948033269046935
0.27462666666666663,0.5770585970017533,8,0.0985066666666663,30.454791553871257,2,27,"[1,6,10,18,22,27,31,37]",12.618174939407284,0.9480203508627882
0.27464,0.5770999841807617,8,0.09855999999999998,30.438311688311693,2,27,"[1,6,10,18,22,27,31,37]",12.617567221013342,0.9480138191332336
0.27465999999999996,0.577162063934588,8,0.09863999999999873,30.413625304136644,2,27,"[1,6,10,18,22,27,31,37]",12.616534766177772,0.9480025394929066
0.2746933333333333,0.577265527482716,8,0.09877333333333294,30.372570194384572,2,27,"[1,6,10,18,22,27,31,37]",12.614488498790113,0.9479797317303735
0.27471999999999996,0.5773482958811798,8,0.09887999999999941,30.339805825242898,2,27,"[1,6,10,18,22,27,31,37]",12.61255500553755,0.9479578145760521
0.2747266666666667,0.5773689876415988,8,0.09890666666666714,30.3316257751414,2,27,"[1,10,18,22,27,31,37,46]",12.653128732157612,0.9483259964972176
0.27476,0.5774724444066981,8,0.09903999999999957,30.290791599353927,2,27,"[1,6,10,18,22,27,31,37]",12.609153031206608,0.9479186810119871
0.27479333333333333,0.5775758977734754,8,0.09917333333333378,30.25006722237147,2,27,"[1,10,18,22,27,31,37,46]",12.638299643911894,0.9481820136016255
0.2748,0.577596588038633,8,0.09919999999999884,30.24193548387132,2,27,"[1,6,10,18,22,27,31,37]",12.605138834603459,0.9478718476594433
0.27482666666666666,0.5776793477373934,8,0.09930666666666621,30.209452201933544,2,27,"[1,6,10,18,22,27,31,37]",12.602116722612001,0.9478362354681034
0.27486,0.5777827942939137,8,0.09943999999999953,30.16894609814978,2,27,"[1,6,10,18,22,27,31,37]",12.597943421070863,0.9477866554761231
0.27488,0.5778448605903875,8,0.09952000000000005,30.144694533762042,2,27,"[1,6,10,18,22,27,31,37]",12.595225579759159,0.9477541495661779
0.2748933333333333,0.5778862374384989,8,0.09957333333333285,30.128548473487026,2,27,"[1,6,10,18,22,27,31,37]",12.593323564019512,0.9477313093096906
0.27492666666666665,0.5779896771666114,8,0.09970666666666617,30.088258892752222,2,27,"[1,6,10,18,22,27,31,37]",12.588249451458942,0.9476700398462312
0.27496,0.578093113473714,8,0.09983999999999948,30.04807692307708,2,27,"[1,6,10,18,22,27,31,37]",12.58271308683439,0.9476026804747633
0.2749933333333333,0.5781965463552693,8,0.09997333333333369,30.008002133902266,2,27,"[1,10,18,22,27,31,37,46]",12.577895544983578,0.9475408282670784
0.27502666666666664,0.5782999758067401,8,0.09904000000000168,30.29079159935328,2,27,"[1,6,10,18,22,27,31,37]",12.57022007432727,0.9474489747785079
0.27504,0.5783413466258888,8,0.09856000000000026,30.438311688311607,2,27,"[1,6,10,18,22,27,31,37]",12.567489475866182,0.9474150917162876
0.27505999999999997,0.5784034018235897,8,0.09784000000000159,30.662305805396066,2,27,"[1,6,10,18,22,27,31,37]",12.563245861954726,0.9473622426257217
0.2750933333333333,0.5785068244012814,8,0.0966400000000015,31.04304635761541,2,27,"[1,6,10,18,22,27,31,37]",12.55577424713151,0.9472686475864818
0.27512,0.5785895599841924,8,0.09568000000000038,31.3545150501671,2,27,"[1,6,10,18,22,27,31,37]",12.549432364701353,0.9471886807381925
0.27512666666666663,0.5786102435352785,8,0.09544000000000141,31.433361274098445,2,27,"[1,6,10,18,22,27,31,37]",12.54779559766139,0.9471679664687015
0.27515999999999996,0.5787136592210443,8,0.09424000000000132,31.833616298811098,2,27,"[1,6,10,18,22,27,31,37]",12.539299920408604,0.9470599625935672
0.2751933333333333,0.5788170714540427,7,0.10077333333333272,29.769780365176157,5,42,"[1,4,6,10,18,27,31]",13.744965650656956,0.9583423623674416
0.2752,0.5788377534859113,7,0.10079999999999978,29.761904761904827,5,42,"[1,4,6,10,18,27,31]",13.744612802074998,0.9583378333002598
0.2752266666666667,0.5789204802297376,7,0.10090666666666692,29.730443974629946,5,42,"[1,4,6,10,18,27,31]",13.743121381525924,0.9583188060181478
0.27526,0.5790238855435929,7,0.10104000000000024,29.691211401425107,5,42,"[1,4,6,10,18,27,31]",13.741076301047375,0.9582929582155281
0.27527999999999997,0.5790859270683361,7,0.10111999999999988,29.667721518987378,5,42,"[1,4,6,10,18,27,31]",13.739752331729076,0.9582763396389246
0.27529333333333333,0.5791272873910727,7,0.10117333333333267,29.65208223510826,5,42,"[1,4,6,10,18,27,31]",13.738829125523187,0.9582647947867121
0.27532666666666666,0.579230685767641,7,0.10130666666666688,29.613056067386093,5,42,"[1,4,6,10,18,27,31]",13.736378512528777,0.9582342901436055
0.27536,0.5793340806687629,7,0.1014400000000002,29.574132492113506,5,42,"[1,4,6,10,18,27,31]",13.733723060126522,0.9582014172481275
0.2753933333333333,0.5794374720899023,7,0.10157333333333263,29.53531110527718,5,42,"[1,4,6,10,18,27,31]",13.730861306037834,0.9581661475751903
0.27542666666666665,0.5795408600265245,7,0.10170666666666683,29.4965915049816,5,42,"[1,4,6,10,18,27,31]",13.727791726773209,0.9581284510733346
0.27543999999999996,0.5795822142244925,7,0.10175999999999963,29.481132075471805,5,42,"[1,4,6,10,18,27,31]",13.726505350949633,0.9581126859313843
0.27546,0.5796442444740941,7,0.10183999999999926,29.45797329143776,5,42,"[1,4,6,10,18,27,31]",13.724512736719204,0.9580882961229219
0.2754933333333333,0.5797476254280761,7,0.10197333333333347,29.419456066945568,5,42,"[1,4,6,10,18,27,31]",13.721022687181657,0.9580456494917836
0.27552,0.5798303276728316,7,0.10207999999999995,29.388714733542333,5,42,"[1,4,6,10,18,27,31]",13.718077535917285,0.9580097147865427
0.27552666666666664,0.579851002883936,7,0.10210666666666679,29.381039435884006,5,42,"[1,4,6,10,18,27,31]",13.717319865384,0.9580004762882169
0.27555999999999997,0.579954376837139,7,0.10223999999999922,29.34272300469506,5,42,"[1,4,6,10,18,27,31]",13.713402493419997,0.9579527399112143
0.2755933333333333,0.5800577472831504,7,0.10237333333333343,29.30450638187025,6,49,"[1,4,6,10,18,27,31]",13.709268727159301,0.957902401997795
0.2756,0.5800784209510911,7,0.10239999999999938,29.296875000000178,6,49,"[1,4,6,10,18,27,31]",13.708415839578736,0.9578920187274872
0.27562666666666663,0.5801611142174363,7,0.10250666666666675,29.266389177939622,6,49,"[1,4,6,10,18,27,31]",13.704916655105276,0.9578494223673147
0.27565999999999996,0.5802644776354622,7,0.10263999999999918,29.228371005456196,6,49,"[1,4,6,10,18,27,31]",13.700344297203687,0.9577937589626052
0.27568,0.5803264939965868,7,0.1027199999999997,29.2056074766356,6,49,"[1,4,6,10,18,27,31]",13.697494295458865,0.9577590544884593
0.2756933333333333,0.5803678375326938,7,0.10277333333333338,29.19045147898286,6,49,"[1,4,6,10,18,27,31]",13.695549603601025,0.9577353677877977
0.2757266666666667,0.5804711939045981,7,0.10290666666666581,29.152630215081867,6,49,"[1,4,6,10,18,27,31]",13.690530453351139,0.9576742028426649
0.27576,0.5805745467466408,7,0.10304000000000002,29.114906832298132,6,49,"[1,4,6,10,18,27,31]",13.685284653069143,0.9576102160533181
0.27579333333333333,0.5806778960542881,7,0.10317333333333334,29.077280951150165,6,49,"[1,4,6,10,18,27,31]",13.67980993553077,0.9575433571990667
0.27582666666666666,0.5807812418230069,7,0.10330666666666666,29.039752194114612,6,49,"[1,4,6,10,18,27,31]",13.67410395821602,0.957473573835257
0.27584,0.5808225791385792,7,0.10335999999999945,29.024767801857738,6,49,"[1,4,6,10,18,27,31]",13.671756275239327,0.9574448294424476
0.27586,0.5808845840482643,7,0.10343999999999998,29.002320185614856,6,49,"[1,4,6,10,18,27,31]",13.668164301795594,0.9574008112118771
0.2758933333333333,0.5809879227255266,7,0.10266666666666602,29.220779220779406,6,49,"[1,4,6,10,18,27,31]",13.661988468558262,0.9573250121877103
0.27592,0.5810705911097339,7,0.10199999999999942,29.41176470588252,6,49,"[1,4,6,10,18,27,31]",13.656876025159702,0.9572621467789829
0.27592666666666665,0.5810912578502611,7,0.10183333333333389,29.459901800327174,6,49,"[1,4,6,10,18,27,31]",13.65557388077784,0.9572461171398021
0.27596,0.5811945894179349,7,0.10099999999999998,29.702970297029708,6,49,"[1,4,6,10,18,27,31]",13.648917879017688,0.9571640638679945
0.2759933333333333,0.5812979174240156,7,0.10016666666666785,29.950083194675187,6,49,"[1,4,6,10,18,27,31]",13.642017720371332,0.9570787874942596
0.27599999999999997,0.5813185825974416,7,0.10000000000000053,29.99999999999984,6,49,"[1,4,6,10,18,27,31]",13.640608142456259,0.9570613395432607
0.27602666666666664,0.5814012418639706,7,0.09933333333333394,30.20134228187901,6,49,"[1,4,6,10,18,27,31]",13.63487057663697,0.9569902203565507
0.27605999999999997,0.5815045627332677,7,0.09850000000000003,30.456852791878163,6,49,"[1,4,6,10,18,27,31]",13.627473532424201,0.956898291896873
0.27608,0.5815665535390447,7,0.09800000000000053,30.612244897959016,6,49,"[1,4,6,10,18,27,31]",13.622914107546432,0.9568414909096429
0.2760933333333333,0.5816078800273744,7,0.0976666666666679,30.716723549487668,6,49,"[1,4,6,10,18,27,31]",13.619823583190632,0.9568029285432517
0.27612666666666663,0.5817111937417591,7,0.09683333333333399,30.98106712564523,6,49,"[1,4,6,10,18,27,31]",13.611917633206618,0.9567040535852561
0.27615999999999996,0.5818145038718898,7,0.09600000000000186,31.249999999999392,6,49,"[1,4,6,10,18,27,31]",13.603752493445693,0.9566015870427219
0.2761933333333333,0.5819178104132344,7,0.09516666666666795,31.52364273204861,6,49,"[1,4,6,10,18,27,31]",13.59532487939838,0.9564954455272778
0.2762266666666667,0.5820211133612624,7,0.09433333333333271,31.802120141342964,6,49,"[1,4,6,10,18,27,31]",13.58663140880723,0.9563855420962746
0.27624,0.5820624335333295,7,0.09399999999999986,31.914893617021324,6,49,"[1,4,6,10,18,27,31]",13.583078804109903,0.9563405072099469
0.27626,0.5821244127114414,6,0.1050399999999998,28.560548362528614,6,86,"[1,4,6,10,18,27]",15.087061568798148,0.9695287687385008
0.27629333333333334,0.5822277084592407,6,0.10517333333333312,28.524340770791135,6,86,"[1,4,6,10,18,27]",15.086244913650589,0.9695225031124554
0.27632,0.5823103424607217,6,0.10528000000000026,28.49544072948321,6,86,"[1,4,6,10,18,27]",15.085499873890766,0.969516840752461
0.27632666666666666,0.582331000600129,6,0.10530666666666733,28.48822486705477,6,86,"[1,4,10,18,27,31]",15.089521365036825,0.9694455083149195
0.27636,0.5824342891295755,6,0.10543999999999976,28.4522003034902,6,86,"[1,4,6,10,18,27]",15.084229639934316,0.9695072634918455
0.2763933333333333,0.5825375740430496,6,0.10557333333333396,28.416266734023573,6,86,"[1,4,10,18,27,31]",15.086465826494072,0.9694349437445505
0.2764,0.582558230591429,6,0.10559999999999992,28.40909090909093,6,86,"[1,4,6,10,18,27]",15.082776406445255,0.9694963845911406
0.27642666666666665,0.5826408553360205,6,0.1057066666666664,28.380423814329035,6,86,"[1,4,6,10,18,27]",15.081706019846726,0.9694884080046763
0.27646,0.5827441330039578,6,0.10583999999999971,28.344671201814137,6,86,"[1,4,6,10,18,27]",15.08025386872878,0.9694776216679423
0.27648,0.5828060978628196,6,0.10592000000000024,28.323262839879092,6,86,"[1,4,6,10,18,27]",15.079321722012649,0.9694707143194279
0.2764933333333333,0.5828474070423314,6,0.10597333333333392,28.309008555611317,6,86,"[1,4,10,18,27,31]",15.081000642517134,0.9694118271493158
0.27652666666666664,0.5829506774466109,6,0.10610666666666635,28.27343553656706,6,86,"[1,4,6,10,18,27]",15.076969316313587,0.969453324487243
0.27656,0.5830539442122669,6,0.10623999999999967,28.237951807229003,6,86,"[1,4,6,10,18,27]",15.075137038288844,0.9694398100206908
0.2765933333333333,0.583157207334769,6,0.10637333333333387,28.20255703183741,6,86,"[1,4,10,18,27,31]",15.074476441030775,0.9693799655353482
0.27662666666666663,0.5832604668095878,6,0.1065066666666663,28.16725087631457,6,86,"[1,4,6,10,18,27]",15.071092663958796,0.9694100385485949
0.27664,0.5833017695771494,6,0.10655999999999999,28.153153153153156,6,86,"[1,4,6,10,18,27]",15.070223026375563,0.9694036441051765
0.27665999999999996,0.5833637226321939,6,0.10664000000000051,28.132033008251927,6,86,"[1,4,10,18,27,31]",15.069537713785044,0.9693538462362706
0.2766933333333333,0.5834669747980579,6,0.10677333333333294,28.0969030969032,6,86,"[1,4,6,10,18,27]",15.066541922662244,0.9693765932883497
0.27671999999999997,0.5835495738948514,6,0.10688000000000031,28.06886227544902,6,86,"[1,4,10,18,27,31]",15.064688995504449,0.9693269860499051
0.2767266666666667,0.583570223302651,6,0.10690666666666693,28.0618608131703,6,86,"[1,4,6,10,18,27]",15.064076625327957,0.9693584857227832
0.2767533333333333,0.5836528194671664,6,0.10701333333333296,28.03388985796172,6,86,"[1,4,6,10,18,27]",15.062013187128594,0.969343331946085
0.27676,0.5836734681414436,6,0.10704000000000047,28.02690582959629,6,86,"[1,4,10,18,27,31]",15.06124355617674,0.9693073069455994
0.2767866666666666,0.5837560613700582,6,0.10714666666666695,27.999004479840643,6,86,"[1,4,10,18,27,31]",15.058851790977512,0.9692933969038312
0.27679333333333334,0.5837767093099073,6,0.10717333333333356,27.99203782035326,6,86,"[1,4,6,10,18,27]",15.058765958515925,0.9693194841720336
0.2768,0.5837973571027621,6,0.10720000000000063,27.985074626865508,6,86,"[1,4,10,18,27,31]",15.057627434114949,0.9692862040850169
0.27681999999999995,0.5838592995989981,6,0.1072799999999996,27.964205816554916,6,86,"[1,4,6,10,18,27]",15.056499703213618,0.969302838116914
0.27682666666666667,0.5838799468035133,6,0.1073066666666671,27.95725646123249,6,86,"[1,4,10,18,27,31]",15.055121713896442,0.969271341779446
0.2768533333333333,0.5839625341494573,6,0.10741333333333336,27.929493545183707,6,86,"[1,4,6,10,18,27]",15.053552687995216,0.9692811859929901
0.27686,0.5839831806177331,6,0.10744000000000042,27.922561429635035,6,86,"[1,4,10,18,27,31]",15.051882549768953,0.9692518678144345
0.27687999999999996,0.584045119138276,6,0.10752000000000006,27.901785714285698,6,86,"[1,4,6,10,18,27]",15.051103653826766,0.9692631860338232
0.2768866666666666,0.5840657650169078,6,0.1075466666666669,27.894867344408567,6,86,"[1,4,10,18,27,31]",15.049205480885291,0.9692355694592106
0.2768933333333333,0.5840864107480386,6,0.10757333333333308,27.887952404561297,6,86,"[1,4,6,10,18,27]",15.04984864228227,0.9692539591988009
0.27691999999999994,0.5841689921968213,6,0.10768,27.86032689450223,6,86,"[1,4,6,10,18,27]",15.047277589264377,0.9692350503637185
0.27692666666666665,0.5841896371899012,6,0.10770666666666706,27.85342906660054,6,86,"[1,4,10,18,27,31]",15.045046721941622,0.9692099185556039
0.2769533333333333,0.5842722156846696,6,0.10781333333333354,27.825871877318768,6,86,"[1,4,10,18,27,31]",15.042178607150078,0.9691920125887515
0.27696,0.5842928599387931,6,0.10783999999999971,27.818991097922922,6,86,"[1,4,6,10,18,27]",15.043268299731524,0.9692055446547388
0.27698666666666666,0.5843754354759251,6,0.10794666666666775,27.79150197628431,6,86,"[1,4,10,18,27,31]",15.03848568442343,0.9691687201284488
0.27702,0.5844786515660595,6,0.10808000000000018,27.757216876387815,6,120,"[1,4,6,10,18,27]",15.036910229536621,0.9691586985248022
0.27704,0.5845405794417189,6,0.1081600000000007,27.736686390532366,6,120,"[1,4,10,18,27,31]",15.0323273048898,0.9691293380194326
0.2770533333333333,0.5845818639505458,6,0.1082133333333335,27.7230162641695,6,120,"[1,4,6,10,18,27]",15.033199198233326,0.96913132136028
0.27708666666666665,0.5846850726248564,6,0.10834666666666681,27.688899827713474,6,120,"[1,4,6,10,18,27]",15.029360225589082,0.969102971756818
0.27712,0.5847882775844641,6,0.10848000000000013,27.654867256637136,6,120,"[1,4,6,10,18,27]",15.025393096532298,0.9690736438526716
0.2771533333333333,0.5848914788248415,6,0.10861333333333345,27.620918242081974,6,120,"[1,4,6,10,18,27]",15.021297580198487,0.9690433315408341
0.27718666666666664,0.5849946763414621,6,0.10874666666666677,27.58705247670424,6,120,"[1,4,6,10,18,27]",15.01707342992195,0.9690120284669176
0.2772,0.5850359543044444,6,0.10880000000000023,27.573529411764646,6,120,"[1,4,6,10,18,27]",15.015347694043664,0.9689992283531081
0.27721999999999997,0.5850978701297991,6,0.10888000000000009,27.553269654665666,6,120,"[1,4,6,10,18,27]",15.01272038322321,0.9689797280268934
0.2772533333333333,0.5852010601853258,6,0.1090133333333343,27.519569471624024,6,120,"[1,4,10,18,27,31]",15.004597823629155,0.9689453817702107
0.27727999999999997,0.585283609539082,6,0.10912000000000077,27.492668621700684,6,120,"[1,4,10,18,27,31]",15.000780547279811,0.9689193640644138
0.2772866666666666,0.5853042465035156,6,0.10914666666666673,27.485951624725125,6,120,"[1,4,6,10,18,27]",15.00362647146302,0.9689121073696256
0.27731999999999996,0.5854074290798429,6,0.10928000000000004,27.452415812591497,6,120,"[1,4,6,10,18,27]",14.998885002194092,0.9688767726737408
0.2773533333333333,0.5855106079097808,6,0.10941333333333336,27.418961735315616,6,120,"[1,4,6,10,18,27]",14.994013428030442,0.9688404116489194
0.27736,0.5855312432258035,6,0.1094400000000002,27.412280701754334,6,120,"[1,4,6,10,18,27]",14.993023470804149,0.9688330155947183
0.2773866666666666,0.5856137829888038,6,0.10954666666666668,27.385589094449852,6,120,"[1,4,6,10,18,27]",14.989011407071118,0.9688030164039035
0.27741999999999994,0.5857169543123861,6,0.10968,27.35229759299781,6,120,"[1,4,6,10,18,27]",14.983878581428486,0.9687645787811395
0.27743999999999996,0.5857788553020414,6,0.10975999999999964,27.332361516035075,6,120,"[1,4,6,10,18,27]",14.980735944912809,0.968741012371782
0.2774533333333333,0.5858201218760022,6,0.10981333333333332,27.31908693540554,6,120,"[1,4,6,10,18,27]",14.978614577183123,0.9687250903534684
0.27748666666666666,0.5859232856751263,6,0.10994666666666664,27.28595682755276,6,120,"[1,4,6,10,18,27]",14.973219004334396,0.9686845424206619
0.27752,0.5860264457052334,6,0.11008000000000084,27.252906976743976,6,120,"[1,4,10,18,27,31]",14.962860349846453,0.9686540094343017
0.2775533333333333,0.5861296019617985,6,0.11021333333333327,27.21993709170096,6,120,"[1,4,6,10,18,27]",14.962031512088766,0.9686002318514634
0.27758666666666665,0.5862327544402963,6,0.11034666666666659,27.187046882551975,6,120,"[1,4,6,10,18,27]",14.956238731774116,0.9685564504158193
0.27759999999999996,0.5862740143728232,6,0.11040000000000028,27.173913043478194,6,120,"[1,4,10,18,27,31]",14.94877638386645,0.9685527558427998
0.27762,0.5863359031362024,6,0.11047999999999991,27.15423606082551,6,120,"[1,4,6,10,18,27]",14.950312660889004,0.9685115718684584
0.2776533333333333,0.586439048044992,6,0.11061333333333323,27.12150433944072,6,120,"[1,4,6,10,18,27]",14.944252828121762,0.9684655860861237
0.27768,0.5865215612422593,6,0.11071999999999971,27.095375722543423,6,120,"[1,4,6,10,18,27]",14.93930832611517,0.9684279932585528
0.27768666666666664,0.5865421891621405,6,0.11074666666666744,27.088851432699066,6,120,"[1,4,10,18,27,31]",14.932690839872878,0.9684356022044301
0.27771999999999997,0.586645326483124,6,0.11087999999999987,27.05627705627709,6,120,"[1,4,6,10,18,27]",14.931729909232269,0.9683702508322471
0.2777533333333333,0.5867484600034182,6,0.11101333333333319,27.023780927215984,6,120,"[1,4,6,10,18,27]",14.92526579777352,0.968320879608814
0.27776,0.5867690862509962,6,0.11104000000000003,27.017291066282414,6,120,"[1,4,6,10,18,27]",14.923956695456598,0.968310867642758
0.2777866666666666,0.586851589718499,6,0.1111466666666665,26.991362763915586,6,120,"[1,6,10,18,22,27]",14.920054614700051,0.9682825400868754
0.27781999999999996,0.586954715623843,6,0.11127999999999894,26.959022286125347,6,120,"[1,6,10,18,22,27]",14.918529542461604,0.9682767124508658
0.27784,0.5870165893364937,6,0.11135999999999968,26.93965517241387,6,120,"[1,6,10,18,22,27]",14.9175514129168,0.9682727851997287
0.2778533333333333,0.5870578377149263,6,0.11141333333333314,26.926759214935423,6,120,"[1,6,10,18,22,27]",14.9168729627926,0.9682699866272574
0.2778866666666666,0.5871609559872254,6,0.11154666666666646,26.89457327277079,6,120,"[1,6,10,18,22,27]",14.915084285217516,0.9682623553359232
0.27791999999999994,0.5872640704362172,6,0.11167999999999978,26.862464183381142,6,120,"[1,6,10,18,22,27]",14.91316290019435,0.9682538110532463
0.27792,0.5872640704362174,6,0.11167999999999978,26.862464183381142,6,120,"[1,6,10,18,22,27]",14.913162900194342,0.9682538110532461
0.2779533333333333,0.5873671810573786,6,0.11181333333333221,26.83043167183428,6,120,"[1,6,10,18,22,27]",14.911108178964854,0.9682443460081077
0.27798666666666666,0.5874702878461868,6,0.11194666666666642,26.798475464506968,6,120,"[1,6,10,18,22,27]",14.908919473398951,0.9682339521777147
0.27799999999999997,0.5875115294876379,6,0.1120000000000001,26.785714285714263,6,120,"[1,6,10,18,22,27]",14.90800632666184,0.968229532739937
0.27802,0.5875733907981185,6,0.11207999999999974,26.76659528907929,6,120,"[1,6,10,18,22,27]",14.906596115832912,0.968222621283256
0.2780533333333333,0.5876764899086518,6,0.11221333333333305,26.73479087452478,6,120,"[1,6,10,18,22,27]",14.904137418902252,0.96821034478539
0.27808,0.5877589664282321,6,0.11231999999999953,26.70940170940182,6,120,"[1,6,10,18,22,27]",14.902072542422948,0.9681998368450137
0.27808666666666665,0.5877795851732637,6,0.11234666666666637,26.703061951103795,6,120,"[1,6,10,18,22,27]",14.90154267536802,0.9681971138795555
0.27812,0.5878826765874322,6,0.11247999999999969,26.671408250355693,6,120,"[1,6,10,18,22,27]",14.89881115793728,0.9681829194910995
0.2781533333333333,0.5879857641466352,6,0.11261333333333301,26.639829505091242,6,120,"[1,6,10,18,22,27]",14.895942119077418,0.9681677522702238
0.27815999999999996,0.5880063811954818,6,0.11263999999999985,26.633522727272762,6,120,"[1,6,10,18,22,27]",14.895351741514892,0.9681646012436972
0.27818666666666664,0.5880888478463505,6,0.11274666666666633,26.60832544938513,6,120,"[1,6,10,18,22,27]",14.892934790824,0.9681516025867376
0.27821999999999997,0.5881919276820566,6,0.11287999999999965,26.576895818568474,6,120,"[1,6,10,18,22,27]",14.889788384582536,0.9681344605246162
0.27824,0.5882537737268752,6,0.11296000000000017,26.558073654390896,6,120,"[1,6,10,18,22,27]",14.887833447553808,0.9681236947115774
0.2782533333333333,0.5882950036492322,6,0.11301333333333297,26.54554034922142,6,120,"[1,6,10,18,22,27]",14.886502090923665,0.9681163158763595
0.2782866666666666,0.5883980757433552,6,0.11314666666666628,26.514258779165775,6,120,"[1,6,10,18,22,27]",14.88307507937184,0.9680971581371436
0.27831999999999996,0.5885011439599048,6,0.1132799999999996,26.48305084745772,6,120,"[1,6,10,18,22,27]",14.879506498187416,0.9680769764987583
0.27832,0.588501143959905,6,0.11327999999999983,26.48305084745767,6,120,"[1,6,10,18,22,27]",14.879506498187416,0.9680769764987582
0.2783533333333333,0.5886042082943601,6,0.11341333333333292,26.451916294380535,6,120,"[1,6,10,18,22,27]",14.875795474141954,0.968055759843328
0.2783866666666666,0.5887072687421996,6,0.11354666666666624,26.420854861437395,6,120,"[1,6,10,18,22,27]",14.871941112287047,0.9680334967368097
0.2784,0.5887484918320707,6,0.11359999999999992,26.40845070422537,6,120,"[1,6,10,18,22,27]",14.870359028314587,0.968024295865348
0.27841999999999995,0.5888103252989031,6,0.11367999999999956,26.389866291344227,6,120,"[1,6,10,18,22,27]",14.867942495715518,0.9680101754222523
0.2784533333333333,0.5889133779599498,6,0.11381333333333288,26.358950328022598,6,120,"[1,6,10,18,22,27]",14.863798685316453,0.967985783812825
0.27848,0.5889958172808767,6,0.11392000000000024,26.334269662921294,6,120,"[1,6,10,18,22,27]",14.8603784520292,0.9679654915756116
0.27848666666666666,0.5890164267208194,6,0.1139466666666662,26.328106716592668,6,120,"[1,6,10,18,22,27]",14.859508719522411,0.9679603094845969
0.27852,0.5891194715769914,6,0.11407999999999974,26.29733520336612,6,120,"[1,6,10,18,22,27]",14.855071614049796,0.9679337396690606
0.2785533333333333,0.5892225125239462,6,0.11421333333333283,26.26663553583948,6,120,"[1,6,10,18,22,27]",14.850486361631566,0.9679060612453986
0.27856,0.5892431202438331,6,0.11423999999999968,26.260504201680746,6,120,"[1,6,10,18,22,27]",14.849551443240726,0.9679003913477852
0.27858666666666665,0.5893255495571633,6,0.11434666666666637,26.236007462686633,6,120,"[1,6,10,18,22,27]",14.845751931742697,0.9678772607324769
0.27862,0.5894285826721236,6,0.11447999999999947,26.20545073375274,6,120,"[1,6,10,18,22,27]",14.840867270317872,0.9678473242805623
0.27864,0.5894904006584564,6,0.11455999999999911,26.18715083798903,6,120,"[1,6,10,18,22,27]",14.837863914921329,0.9678288112562584
0.2786533333333333,0.5895316118643074,6,0.11461333333333301,26.174965100046606,6,120,"[1,6,10,18,22,27]",14.835831299461434,0.9678162376627507
0.27868666666666664,0.5896346371291951,6,0.11474666666666611,26.14455031373473,6,120,"[1,6,10,18,22,27]",14.830642917149476,0.9677839862661005
0.27871999999999997,0.5897376584622678,6,0.11487999999999965,26.114206128133784,6,120,"[1,6,10,18,22,27]",14.825300996923877,0.9677505550824582
0.2787533333333333,0.5898406758590062,6,0.11501333333333275,26.08393229770475,6,120,"[1,6,10,18,22,27]",14.81980438757825,0.967715928698969
0.2787866666666666,0.5899436893148916,6,0.11514666666666629,26.053728578045476,6,120,"[1,6,10,18,22,27]",14.814151912835383,0.9676800912882585
0.2788,0.5899848935927948,6,0.11519999999999975,26.041666666666725,6,120,"[1,6,10,18,22,27]",14.811847012312105,0.9676654136103996
0.27881999999999996,0.5900466988254053,6,0.11527999999999938,26.02359472588494,6,120,"[1,6,10,18,22,27]",14.808342371016318,0.9676430265982763
0.2788533333333333,0.590149704386029,6,0.11541333333333292,25.993530499075877,6,120,"[1,6,10,18,22,27]",14.802374534700972,0.9676047179417934
0.27887999999999996,0.5902321059875705,6,0.11552000000000007,25.969529085872562,6,120,"[1,6,10,18,22,27]",14.797485452138465,0.9675731638624371
0.2788866666666666,0.590252705992244,6,0.11554666666666602,25.963535656589112,6,120,"[1,6,10,18,22,27]",14.796247150379513,0.9675651481855332
0.27891999999999995,0.5903557036395324,6,0.11567999999999956,25.933609958506324,6,120,"[1,6,10,18,22,27]",14.78995893809522,0.9675242997389306
0.2789533333333333,0.5904586973233762,6,0.11581333333333266,25.903753166014425,6,120,"[1,6,10,18,22,27]",14.783508591077977,0.9674821545425045
0.27896,0.590479295584134,6,0.1158399999999995,25.89779005524873,6,120,"[1,6,10,18,22,27]",14.782198948600993,0.9674735682702864
0.27898666666666666,0.5905616870392577,6,0.11594666666666686,25.8739650413983,6,120,"[1,6,10,18,22,27]",14.776894775368426,0.967438694055828
0.27902,0.5906646727826588,6,0.11821999999999994,25.376416849940803,6,108,"[1,6,18,27,40,46]",15.062016542913957,0.9695206119779737
0.27904,0.5907264623200298,6,0.11744000000000004,25.544959128065386,6,108,"[1,6,18,27,40,46]",15.055564815885026,0.9694712662846605
0.2790533333333333,0.5907676545490623,6,0.11692000000000008,25.658569962367412,6,108,"[1,6,18,27,40,46]",15.05110507164175,0.9694370449309707
0.27908666666666665,0.5908706323339511,6,0.11634666666666682,25.78501031400409,6,108,"[1,6,10,18,22,27]",14.75605876049582,0.9673002279715034
0.27912,0.5909736061328079,6,0.11648000000000014,25.755494505494475,6,108,"[1,6,10,18,22,27]",14.748777172950113,0.9672513108559805
0.2791533333333333,0.5910765759411157,6,0.11661333333333346,25.726046192545137,6,108,"[1,6,10,18,22,27]",14.741325025249296,0.9672009780829862
0.27918666666666664,0.5911795417543582,6,0.11674666666666678,25.6966651439013,6,108,"[1,6,10,18,22,27]",14.733700811861745,0.9671492079495062
0.2792,0.591220726960025,6,0.11680000000000046,25.684931506849214,6,108,"[1,6,18,22,27,46]",15.025806390795767,0.9691687672122168
0.27921999999999997,0.5912825035680181,6,0.1168800000000001,25.66735112936343,6,108,"[1,6,10,18,22,27]",14.725902997159062,0.967095978174886
0.2792533333333333,0.5913854613775796,6,0.11701333333333341,25.638103919781205,6,108,"[1,6,10,18,22,27]",14.717930014958704,0.9670412658850328
0.27928,0.5914678247392428,6,0.11711999999999989,25.61475409836068,6,108,"[1,6,10,18,22,27]",14.711424436332573,0.966996412881931
0.2792866666666666,0.5914884151785261,6,0.11714666666666673,25.60892328704756,6,108,"[1,6,10,18,22,27]",14.709780268055184,0.966985047596063
0.27931999999999996,0.5915913649663416,6,0.11728000000000005,25.57980900409276,6,108,"[1,6,10,18,22,27]",14.70145212774018,0.9669272991973786
0.2793533333333333,0.5916943107365106,6,0.11741333333333337,25.550760844878486,6,108,"[1,6,10,18,22,27]",14.69294393331066,0.966867995934147
0.27936,0.5917148994080292,6,0.11744000000000021,25.54495912806535,6,108,"[1,6,10,18,22,27]",14.691220539507016,0.9668559464729083
0.2793866666666666,0.5917972524845168,6,0.11754666666666669,25.52177858439201,6,108,"[1,6,10,18,22,27]",14.684253991565265,0.9668071123891653
0.27941999999999995,0.591900190205845,6,0.11768,25.49286199864038,6,108,"[1,6,10,18,22,27]",14.675380576288283,0.9667446224640813
0.27943999999999997,0.5919619509039579,6,0.11775999999999964,25.475543478260946,6,108,"[1,6,10,18,22,27]",14.669967729178973,0.9667063463279648
0.2794533333333333,0.5920031238959796,6,0.11781333333333333,25.46401086464464,6,108,"[1,6,10,18,22,27]",14.66632192772146,0.966680499359954
0.27948666666666666,0.592106053550406,6,0.11794666666666664,25.4352249604341,6,108,"[1,6,10,18,22,27]",14.657076252022728,0.9666147155571186
0.27952,0.5922089791646085,6,0.11808000000000085,25.40650406504047,6,108,"[1,6,18,22,27,46]",14.940868621504727,0.9685758650253592
0.2795533333333333,0.5923119007340725,6,0.11821333333333328,25.37784795849313,6,108,"[1,6,10,18,22,27]",14.638016470104079,0.9664780520471962
0.27958666666666665,0.5924148182542838,6,0.11834666666666571,25.34925642181183,6,108,"[1,6,10,18,22,27]",14.628198600726577,0.9664071135057495
0.27959999999999996,0.592455984127566,6,0.11840000000000028,25.337837837837778,6,108,"[1,6,18,22,27,46]",14.913919677463776,0.968386076241703
0.27962,0.5925177317207273,6,0.11847999999999992,25.320729237002045,6,108,"[1,6,10,18,22,27]",14.6181861767257,0.9663343965513281
0.2796533333333333,0.5926206411288889,6,0.11861333333333413,25.292266187050192,6,92,"[1,6,18,22,27,46]",14.894685441895922,0.9682500822545533
0.27968,0.592702965730422,6,0.11871999999999971,25.269541778975803,6,92,"[1,6,10,18,22,27]",14.599667214554271,0.9661989234929642
0.27968666666666664,0.5927235464742548,6,0.11874666666666656,25.263867055917384,6,92,"[1,6,10,18,22,27]",14.597569735858082,0.9661835007403555
0.27971999999999997,0.5928264477523107,6,0.11887999999999987,25.235531628533,6,92,"[6,10,15,18,27,37]",15.088772008917253,0.969502374535379
0.2797533333333333,0.5929293449585431,6,0.1190133333333332,25.207259690790977,6,92,"[1,6,10,18,22,27]",14.576150909506923,0.966025102556058
0.27976,0.5929499239107736,6,0.11904000000000003,25.2016129032258,6,92,"[1,6,10,18,22,27]",14.573964252043426,0.9660088395878642
0.27978666666666663,0.5930322380884383,6,0.1191466666666674,25.179051029543263,6,92,"[1,6,18,22,27,46]",14.84214953198495,0.9678762436398545
0.27981999999999996,0.5931351271374828,6,0.11927999999999983,25.15090543259561,6,92,"[1,6,10,18,22,27]",14.553912837011865,0.9658589253702644
0.27984,0.5931968586062238,6,0.11936000000000013,25.134048257372626,6,92,"[6,10,15,18,27,37]",15.081536573717004,0.9694163495935418
0.2798533333333333,0.5932380121011634,6,0.11941333333333315,25.122822688700353,6,92,"[6,10,15,18,27,37]",15.080602593523452,0.9694055982355242
0.2798866666666666,0.5933408929749674,6,0.11954666666666647,25.09480258755302,6,92,"[1,6,10,18,22,27]",14.530838013338885,0.9656846770811945
0.27991999999999995,0.5934437697543816,6,0.11968000000000067,25.066844919785954,6,92,"[1,6,18,22,27,46]",14.783219881652782,0.9674525356224247
0.27992,0.5934437697543818,6,0.11967999999999979,25.066844919786142,6,92,"[1,6,10,18,22,27]",14.518981167712106,0.965594430522429
0.2799533333333333,0.5935466424348934,6,0.1198133333333331,25.038949476964213,6,92,"[1,6,10,18,22,27]",14.506908266316648,0.9655020491418168
0.27998666666666666,0.5936495110119904,6,0.11994666666666642,25.01111605157853,6,92,"[1,6,10,18,22,27]",14.494616929474288,0.9654074916299278
0.27999999999999997,0.5936906572928622,6,0.1200000000000001,24.99999999999998,6,92,"[1,6,10,18,22,27]",14.489638691263641,0.9653690498345435
0.28002,0.5937523754811601,6,0.11958000000000052,25.08780732563963,6,92,"[1,18,22,27,31,46]",14.739626592330959,0.9671336210777168
0.2800533333333333,0.5938552358378903,6,0.11888000000000076,25.23553162853281,6,92,"[6,10,15,18,27,37]",15.063437367211584,0.9692148487814357
0.28008,0.5939375211592864,6,0.11832000000000042,25.35496957403642,6,92,"[6,10,15,18,27,37]",15.060697586791258,0.9691851404333667
0.28008666666666665,0.5939580920776695,6,0.11818000000000067,25.385005923167903,6,92,"[1,10,18,22,27,31]",14.45662618069725,0.9651077169917173
0.28012,0.5940609441959854,6,0.11748000000000047,25.536261491317568,6,92,"[6,10,15,18,27,37]",15.056386715433485,0.9691386383544071
0.2801533333333333,0.5941637921883266,6,0.11678000000000083,25.689330364788308,6,92,"[1,18,22,27,31,46]",14.703373046431528,0.9668495216585001
0.28015999999999996,0.5941843612912808,6,0.11664000000000119,25.720164609053235,6,92,"[6,10,15,18,27,37]",15.051833239382544,0.9690897803873137
0.28018666666666664,0.5942666360501818,6,0.11608000000000107,25.8442453480356,6,92,"[6,10,15,18,27,37]",15.04866213436076,0.9690558831008208
0.28021999999999997,0.5943694757770396,6,0.11538000000000098,26.001040041601442,6,92,"[1,18,22,27,31,46]",14.683917210167364,0.9666948212238168
0.28024,0.594431177626479,6,0.1149600000000004,26.096033402922664,6,92,"[6,10,15,18,27,37]",15.041992924568584,0.9689848609828001
0.2802533333333333,0.5944723113643889,6,0.11468000000000078,26.159748866410705,6,92,"[6,10,15,18,27,37]",15.040257175523408,0.9689664251450042
0.28028666666666663,0.5945751428077191,6,0.11398000000000114,26.320407088962714,6,92,"[1,18,22,27,31,46]",14.663550310636113,0.9665312602930914
0.28031999999999996,0.5946779701025192,6,0.11328000000000138,26.483050847457303,6,92,"[6,10,15,18,27,37]",15.031164865869329,0.968870092986517
0.2803533333333333,0.5947807932442788,6,0.11258000000000129,26.647717178894702,6,92,"[1,10,18,22,27,31]",14.345133524321414,0.9641993320546113
0.2803866666666666,0.5948836122284877,8,0.0939199999999989,31.942078364565965,2,25,"[1,6,10,18,22,27,37,46]",12.6103756352596,0.9477172772120558
0.2804,0.5949247386570468,8,0.09439999999999871,31.77966101694959,2,25,"[1,6,10,18,22,27,37,46]",12.615959080032635,0.9477898261060707
0.28041999999999995,0.5949864270506356,8,0.09511999999999737,31.53910849453409,2,25,"[1,6,10,18,22,27,37,46]",12.624057301469904,0.9478945609765801
0.2804533333333333,0.5950892377062126,8,0.09631999999999746,31.146179401994175,2,25,"[1,6,10,18,22,27,37,46]",12.636824164912822,0.9480584403625172
0.28048,0.5951714832277128,8,0.09727999999999959,30.838815789473813,2,25,"[1,6,10,18,22,27,37,46]",12.64638923402509,0.9481801634212905
0.28048666666666666,0.595192044190709,8,0.09751999999999927,30.76292042657939,2,25,"[1,6,10,18,22,27,37,46]",12.648691423616002,0.9482093168354011
0.28052,0.5952948464996153,8,0.09871999999999925,30.388978930308173,2,25,"[1,6,10,18,22,27,37,46]",12.659673588303903,0.9483475649210711
0.2805533333333333,0.5953976446284214,8,0.09991999999999912,30.02401921537256,2,25,"[1,6,10,18,22,27,37,46]",12.669784504625841,0.9484735337234448
0.28056,0.5954182037521739,8,0.10015999999999842,29.952076677316768,2,25,"[1,6,10,18,22,27,37,46]",12.671703310941512,0.948497282985141
0.28058666666666665,0.5955004385726188,8,0.10111999999999954,29.667721518987477,2,25,"[1,6,10,18,22,27,37,46]",12.67903737431407,0.9485875483266475
0.28062,0.5956032283276982,8,0.10231999999999963,29.31978107896805,2,25,"[1,6,10,18,22,27,37,46]",12.687444775320596,0.9486899110902832
0.28064,0.5956649001680937,8,0.10304000000000002,29.114906832298132,2,25,"[1,6,10,18,22,27,37,46]",12.692088396463447,0.9487458535532416
0.2806533333333333,0.5957060138891508,8,0.10351999999999872,28.97990726429711,2,25,"[1,6,10,18,22,27,37,46]",12.695018680977771,0.9487809028458449
0.28068666666666664,0.5958087952524678,8,0.10471999999999859,28.64782276547021,2,25,"[1,6,10,18,22,27,37,46]",12.701770478225722,0.9488607840015852
0.28071999999999997,0.595911572413141,8,0.10488000000000086,28.604118993134776,2,25,"[1,10,18,22,27,31,37,46]",12.714076689350904,0.9488109575779827
0.2807533333333333,0.5960143453666615,8,0.1041800000000005,28.796314071798673,2,25,"[1,6,10,18,22,27,37,46]",12.712850466448787,0.9489881600716741
0.28078666666666663,0.5961171141085219,8,0.10348000000000046,28.991109393119313,2,25,"[1,6,10,18,22,27,37,46]",12.717198651123187,0.9490360824781314
0.2808,0.5961582204249913,8,0.10320000000000001,29.06976744186046,2,25,"[1,6,10,18,22,27,37,46]",12.718718441318899,0.949052370345783
0.28081999999999996,0.5962198786342137,8,0.10278000000000065,29.188558085230405,2,25,"[1,6,10,18,22,27,37,46]",12.720764745329625,0.9490737509369962
0.2808533333333333,0.5963226389392293,8,0.10208000000000106,29.388714733542017,2,25,"[1,6,10,18,22,27,37,46]",12.723557447521845,0.9491013375458994
0.28087999999999996,0.5964048441413261,8,0.10152000000000072,29.55082742316764,2,25,"[1,6,10,18,22,27,37,46]",12.725240296370986,0.9491162537158082
0.2808866666666666,0.5964253950190613,8,0.1013800000000008,29.591635431051255,2,25,"[1,6,10,18,22,27,37,46]",12.7255849616562,0.9491189990223087
0.28091999999999995,0.5965281468692022,8,0.10068000000000132,29.797377830750502,2,25,"[1,10,18,22,27,31,37,46]",12.734133557221341,0.9489910458410502
0.2809533333333333,0.5966308944851448,8,0.09998000000000096,30.006001200239762,2,25,"[1,6,10,18,22,27,37,46]",12.727374844723617,0.9491251002268466
0.28096,0.5966514434998331,8,0.09984000000000004,30.048076923076913,2,25,"[1,6,10,18,22,27,37,46]",12.727389391900516,0.9491235964351434
0.28098666666666666,0.5967336378623822,8,0.09927999999999976,30.217566478646326,2,25,"[1,6,10,18,22,27,37,46]",12.727151260233077,0.9491137818312947
0.28102,0.5968363769964073,8,0.09858000000000011,30.43213633597075,2,25,"[1,6,10,18,22,27,37,46]",12.726190603049325,0.9490930230535726
0.28104,0.5968980184382058,8,0.09816000000000008,30.562347188264035,2,25,"[1,10,18,22,27,31,37,46]",12.73299407537672,0.9489329394655082
0.2810533333333333,0.5969391118827136,8,0.09787999999999991,30.64977523498164,2,25,"[1,6,10,18,22,27,37,46]",12.724498782474786,0.9490629120512057
0.28108666666666665,0.5970418425167945,8,0.09718000000000043,30.87054949578089,2,25,"[1,10,18,22,27,31,37,46]",12.729974095993398,0.9488781094417664
0.28112,0.5971445688941442,8,0.09648000000000007,31.09452736318406,2,25,"[1,6,10,18,22,27,37,46]",12.718943159080869,0.9489749245340559
0.2811533333333333,0.597247291010256,8,0.09578000000000059,31.321779077051385,2,25,"[1,10,18,22,27,31,37,46]",12.723201506020256,0.948769017589049
0.28118666666666664,0.5973500088606243,8,0.09508000000000022,31.55237694572984,2,25,"[1,6,10,18,22,27,37,46]",12.710523270856289,0.9488502833740707
0.2812,0.5973910948053544,8,0.0948000000000001,31.64556962025313,2,25,"[1,10,18,22,27,31,37,46]",12.716758019099625,0.9486712887916771
0.28121999999999997,0.5974527224407438,8,0.09438000000000013,31.786395422759014,2,25,"[1,6,10,18,22,27,37,46]",12.705249611288993,0.9487743125029394
0.2812533333333333,0.597555431746108,6,0.12511999999999857,23.976982097186976,6,109,"[1,4,10,27,37,46]",15.199195385289412,0.9704039083863281
0.28128,0.5976375961095487,6,0.12607999999999886,23.79441624365504,6,109,"[1,4,10,27,37,46]",15.213696280178175,0.9705101119172425
0.28128666666666663,0.5976581367722124,6,0.12631999999999782,23.749208359721752,6,109,"[1,4,10,27,37,46]",15.217251183051339,0.9705360619535387
0.2813133333333333,0.5977402977090014,6,0.12727999999999895,23.570081709616787,6,109,"[1,4,10,27,37,46]",15.231191622862747,0.9706374955202213
0.28131999999999996,0.5977608375145516,6,0.1275199999999979,23.525721455458353,6,109,"[1,4,10,27,37,46]",15.234607284493661,0.970662268229458
0.28134666666666663,0.5978429950210847,6,0.12847999999999837,23.349937733499672,6,109,"[1,4,10,27,37,46]",15.247994161685385,0.9707590511004539
0.2813533333333333,0.5978635339686207,6,0.128719999999998,23.306401491610057,6,109,"[1,4,10,27,37,46]",15.251272268766215,0.9707826754555725
0.28136,0.5978840727444458,6,0.12896000000000019,23.263027295285326,6,109,"[1,4,10,27,37,46]",15.254523061004818,0.9708060734718017
0.28137999999999996,0.5979456880412942,6,0.1296799999999978,23.133867982727104,6,109,"[1,4,10,27,37,46]",15.264112186117885,0.9708749202310208
0.2813866666666666,0.5979662261299148,6,0.12991999999999804,23.09113300492646,6,109,"[1,4,10,27,37,46]",15.2672543536212,0.9708974235728359
0.2814133333333333,0.598048376765125,6,0.130879999999999,22.92176039119822,6,109,"[1,4,10,27,37,46]",15.279553629733854,0.9709852364582989
0.28141999999999995,0.5980689139939291,6,0.13111999999999746,22.879804758999832,6,109,"[1,4,10,27,37,46]",15.282561402246207,0.9710066445614977
0.28143999999999997,0.5981305246477701,6,0.13183999999999818,22.754854368932353,6,109,"[1,4,10,27,37,46]",15.291424754590176,0.9710695761655667
0.2814466666666666,0.5981510611880726,6,0.13207999999999842,22.71350696547574,6,109,"[1,4,10,27,37,46]",15.294326076714595,0.9710901256224603
0.2814533333333333,0.5981715975561598,6,0.13231999999999827,22.672309552600055,6,109,"[1,4,10,27,37,46]",15.297200929689483,0.971110462756906
0.28147999999999995,0.5982537413056332,6,0.13327999999999762,22.509003601440977,6,109,"[1,4,10,27,37,46]",15.308436767956492,0.9711897061550098
0.28148666666666666,0.5982742768121025,6,0.13351999999999942,22.468544038346412,6,109,"[1,4,10,27,37,46]",15.31118010888913,0.971208995142603
0.2815133333333333,0.5983564171133022,6,0.1344799999999977,22.30814991076778,6,109,"[1,4,10,27,37,46]",15.321892606791105,0.9712840893545872
0.28152,0.5983769517572529,6,0.13471999999999884,22.268408551069076,6,109,"[1,4,10,27,37,46]",15.32450577631658,0.9713023516219205
0.28154666666666667,0.5984590886065764,6,0.13567999999999952,22.11084905660385,6,109,"[1,4,10,27,37,46]",15.334700164327131,0.9713733796421627
0.2815533333333333,0.5984796223871074,6,0.13592000000000004,22.071806945261912,6,109,"[1,4,10,27,37,46]",15.337184437244565,0.9713906352691768
0.28158,0.5985617557809513,6,0.13687999999999922,21.91700759789609,6,109,"[1,4,10,27,37,46]",15.346865684424207,0.9714576747966458
0.28158666666666665,0.5985822886971621,6,0.13711999999999858,21.87864644107374,6,109,"[1,4,10,27,37,46]",15.349222270647887,0.9714739425614867
0.28159999999999996,0.5986233540106313,6,0.13759999999999817,21.80232558139564,6,109,"[1,4,10,27,37,46]",15.353859295032526,0.9715058924898342
0.2816133333333333,0.5986644186319239,6,0.1380799999999997,21.726535341830868,6,109,"[1,4,10,27,37,46]",15.358395088306322,0.9715370661718454
0.28162,0.5986849506829139,6,0.13831999999999867,21.68883747831137,6,109,"[1,4,10,27,37,46]",15.360625133745764,0.9715523635920921
0.28164666666666666,0.5987670771549909,6,0.1392799999999998,21.53934520390583,6,109,"[1,4,10,27,37,46]",15.369293978821924,0.9716116388956207
0.2816533333333333,0.5987876083398592,6,0.13951999999999876,21.502293577981842,6,109,"[1,4,10,27,37,46]",15.371398566192267,0.9716259822660493
0.28168,0.5988697313456491,6,0.14047999999999927,21.355353075170953,6,109,"[1,4,10,27,37,46]",15.379567644358248,0.9716814720519924
0.28168666666666664,0.5988902616634952,6,0.14071999999999885,21.31893121091547,6,109,"[1,4,10,27,37,46]",15.381547793921973,0.9716948764790131
0.2817133333333333,0.5989723811993954,6,0.1416799999999987,21.17447769621702,6,109,"[1,4,10,27,37,46]",15.389221062414798,0.9717466388468949
0.28171999999999997,0.5989929106493191,6,0.14191999999999894,21.1386696730554,6,109,"[1,4,10,27,37,46]",15.391077732656145,0.9717591182797962
0.28174666666666665,0.5990750267117275,6,0.1428799999999999,20.99664053751401,6,109,"[1,4,10,27,37,46]",15.398258902841901,0.9718072067581884
0.2817533333333333,0.5990955552928279,6,0.14311999999999836,20.961430967020924,6,109,"[1,4,10,27,37,46]",15.399992991074614,0.9718187740172981
0.28176,0.5991160837000559,6,0.1433599999999997,20.926339285714327,6,109,"[1,4,10,27,37,46]",15.401702665239178,0.9718301602825461
0.28178,0.5991776678781426,6,0.14407999999999838,20.821765685730384,6,109,"[1,4,10,27,37,46]",15.40668553074804,0.9718632376704655
0.28178666666666663,0.5991981955895193,6,0.14431999999999778,20.787139689579032,6,109,"[1,4,10,27,37,46]",15.40829787365764,0.9718739044723317
0.2818133333333333,0.5992803046941383,6,0.14527999999999847,20.649779735683037,6,109,"[1,4,10,27,37,46]",15.41450500908041,0.9719147879951335
0.28181999999999996,0.599300831534891,6,0.14551999999999898,20.615722924684036,6,109,"[1,4,10,27,37,46]",15.415996383201195,0.9719245649748114
0.28184,0.5993624110116077,6,0.1462399999999996,20.514223194748418,6,109,"[1,4,10,27,37,46]",15.420325982843275,0.9719528367112824
0.28184666666666663,0.5993829371552126,6,0.14647999999999817,20.48061168760266,6,109,"[1,4,10,27,37,46]",15.421721100881127,0.9719619087761836
0.2818533333333333,0.5994034631244407,6,0.1467199999999984,20.447110141766853,6,109,"[1,4,10,27,37,46]",15.423092223008767,0.9719708055067015
0.28187999999999996,0.5994855652568637,6,0.14767999999999865,20.314192849404304,6,109,"[1,4,10,27,37,46]",15.42833727122167,0.9720046457819868
0.2818866666666666,0.5995060903536666,6,0.1479199999999976,20.281233098972745,6,109,"[1,4,10,27,37,46]",15.429588798761692,0.9720126707910569
0.2819133333333333,0.5995881889945892,6,0.14887999999999874,20.150456743686362,6,109,"[1,4,10,27,37,46]",15.434356688817317,0.9720430395834149
0.28191999999999995,0.5996087132180672,6,0.1491199999999977,20.118025751073272,6,109,"[1,4,10,27,37,46]",15.435489220069627,0.9720502003674375
0.28192,0.5996087132180673,6,0.14911999999999942,20.11802575107304,6,109,"[1,4,10,27,37,46]",15.43548922006964,0.9720502003674375
0.2819466666666666,0.599690808363888,6,0.15007999999999821,19.989339019190002,6,109,"[1,4,10,27,37,46]",15.439782227322366,0.9720771256185067
0.2819533333333333,0.5997113317131406,6,0.1503199999999978,19.957424161788477,6,109,"[1,4,10,27,37,46]",15.440796301702028,0.9720834286539031
0.28197999999999995,0.5997934233602589,6,0.15127999999999764,19.830777366473075,6,109,"[1,4,10,27,37,46]",15.44461646630659,0.9721069342438514
0.28198666666666666,0.5998139458343856,6,0.1515199999999992,19.799366420274655,6,109,"[1,4,10,27,37,46]",15.445512564500929,0.9721123849957598
0.282,0.5998549902572036,6,0.1519999999999993,19.73684210526325,6,109,"[1,4,10,27,37,46]",15.447234149156666,0.9721227770016895
0.2820133333333333,0.5998960339792003,6,0.15247999999999884,19.674711437565733,6,109,"[1,4,10,27,37,46]",15.448861691912564,0.9721324907728017
0.28202,0.5999165555773011,6,0.1527199999999997,19.64379256155059,6,109,"[1,4,10,27,37,46]",15.449640235974124,0.9721370937011432
0.28204666666666667,0.5999986402162114,6,0.1536799999999996,19.521082769390993,6,109,"[1,4,10,27,37,46]",15.452519897192786,0.9721538155005683
0.2820533333333333,0.6000191609373859,6,0.15376000000000034,19.510926118626386,6,109,"[1,4,10,27,37,46]",15.45318125056824,0.9721575740634925
0.28208,0.6001012420667913,6,0.15263999999999944,19.654088050314538,6,109,"[1,4,10,27,37,46]",15.455592782124976,0.9721709237161935
0.28208666666666665,0.6001217619101394,6,0.15236000000000094,19.690207403517864,6,109,"[1,4,10,27,37,46]",15.456137249619543,0.9721738403708963
0.2821133333333333,0.6002038395264395,6,0.15124000000000004,19.836022216344876,6,109,"[1,4,10,27,37,46]",15.458081753303262,0.9721838257013418
0.28212,0.600224358491061,6,0.15096000000000154,19.87281399046085,6,109,"[1,4,10,27,37,46]",15.458509580979523,0.9721859019022289
0.28214666666666666,0.6003064325906551,6,0.14984000000000064,20.021356113187313,6,109,"[1,4,10,27,37,46]",15.459987923301972,0.972192526715784
0.2821533333333333,0.6003269506756503,6,0.14956000000000036,20.058839261834667,6,109,"[1,4,10,27,37,46]",15.460299298313169,0.9721937629099583
0.28215999999999997,0.6003474685846124,6,0.14928000000000186,20.096463022507788,6,109,"[1,4,10,27,37,46]",15.460587400049983,0.9721948310673206
0.28218,0.6004090212549383,6,0.14844000000000124,20.21018593371042,6,109,"[1,4,10,27,37,46]",15.4613121097084,0.9721970269693955
0.28218666666666664,0.6004295384594072,6,0.14816000000000096,20.248380129589503,6,109,"[1,4,10,27,37,46]",15.461507160064832,0.9721974225894162
0.2822133333333333,0.6005116055147893,6,0.14704000000000006,20.402611534276378,6,109,"[1,4,10,27,37,46]",15.462054833820057,0.9721973215804202
0.28221999999999997,0.6005321218378317,6,0.14676000000000156,20.441537203597495,6,109,"[1,4,10,27,37,46]",15.46213362808797,0.9721968750342841
0.28224,0.6005936697484546,6,0.14592000000000094,20.559210526315656,6,109,"[1,4,10,27,37,46]",15.462230520417634,0.9721945226416514
0.28224666666666665,0.6006141853657078,6,0.14564000000000066,20.59873661082111,6,109,"[1,4,10,27,37,46]",15.462216319001357,0.9721934005196969
0.2822533333333333,0.6006347008064234,6,0.14536000000000215,20.638414969730018,6,109,"[1,4,10,27,37,46]",15.462178865932634,0.9721921091779642
0.28228,0.600716760803194,6,0.14424000000000126,20.798668885191166,6,109,"[1,4,10,27,37,46]",15.461796488693187,0.972185248540464
0.28228666666666663,0.6007372753606837,6,0.14396000000000098,20.83912197832717,6,109,"[1,4,10,27,37,46]",15.461642736785224,0.9721831087204524
0.2823133333333333,0.6008193318227492,6,0.14284000000000185,21.002520302436018,6,109,"[1,4,10,27,37,46]",15.460794964069288,0.972172845093303
0.28231999999999996,0.6008398454961125,6,0.14256000000000157,21.04377104377081,6,109,"[1,4,10,27,37,46]",15.460524801053252,0.9721698520402487
0.28234666666666663,0.6009218984198733,6,0.14144000000000068,21.210407239818903,6,109,"[1,4,10,27,37,46]",15.459211061331489,0.9721561642256963
0.2823533333333333,0.6009424112082107,6,0.14116000000000217,21.2524794559362,6,109,"[1,4,10,27,37,46]",15.458824313587167,0.9721523120907668
0.28237999999999996,0.6010244605900679,6,0.14004000000000127,21.42245072836313,6,66,"[1,4,10,27,37,46]",15.457043788635447,0.9721351744656005
0.2823866666666666,0.6010449724924791,6,0.13976000000000277,21.46536920434989,6,66,"[1,4,10,27,37,46]",15.456540220531332,0.9721304562806333
0.2824,0.6010859957653866,6,0.13920000000000066,21.551724137930933,6,66,"[1,4,10,27,37,46]",15.455462878317528,0.9721204971368206
0.2824133333333333,0.6011270183288335,6,0.13864000000000187,21.63877668782429,6,66,"[1,4,10,27,37,46]",15.454291842637458,0.9721098386883543
0.28241999999999995,0.6011475293444194,6,0.1383600000000016,21.68256721595812,6,66,"[1,4,10,27,37,46]",15.453671155793778,0.9721042463371736
0.2824466666666666,0.6012295716316718,6,0.13724000000000247,21.859516176041577,6,66,"[1,4,10,27,37,46]",15.450953604652602,0.9720801139661527
0.2824533333333333,0.6012500817595323,6,0.1369600000000022,21.904205607476285,6,66,"[1,4,10,27,37,46]",15.450215437125259,0.9720736381522953
0.28247999999999995,0.6013321204940845,6,0.1358400000000013,22.08480565371004,6,66,"[1,4,10,27,37,46]",15.447027136412451,0.9720459513992156
0.28248,0.6013321204940845,6,0.13583999999999974,22.08480565371029,6,66,"[1,4,10,27,37,46]",15.447027136412446,0.9720459513992156
0.28248666666666666,0.60135262973332,6,0.13555999999999946,22.130421953378665,6,66,"[1,4,10,27,37,46]",15.446171061795562,0.9720385816098872
0.2825133333333333,0.6014346649115725,6,0.1344400000000019,22.31478726569442,6,66,"[1,4,10,27,37,46]",15.442510175410682,0.9720072959276936
0.28252,0.6014551732612836,6,0.13416000000000006,22.361359570661886,6,66,"[1,4,10,27,37,46]",15.441535701855036,0.971999020393744
0.28254666666666667,0.6015372048796388,6,0.13303999999999916,22.54960914010838,6,66,"[1,4,10,27,37,46]",15.43740012982309,0.9719640861232253
0.2825533333333333,0.6015577123389255,6,0.13276000000000066,22.59716782163291,6,66,"[1,4,10,27,37,46]",15.436306698967924,0.9719548917749168
0.28256,0.6015782196200192,6,0.13248000000000038,22.64492753623182,6,66,"[1,4,10,27,37,46]",15.435189403716047,0.9719455119775405
0.28258,0.6016397403937845,6,0.13163999999999976,22.78942570647224,6,66,"[1,4,10,27,37,46]",15.431694072988046,0.9719162539589618
0.28258666666666665,0.6016602469617475,6,0.13136000000000125,22.838002436053376,6,66,"[1,4,10,27,37,46]",15.430481058802911,0.971906126377274
0.2826133333333333,0.6017422714495126,6,0.13024000000000036,23.03439803439797,6,66,"[1,4,6,10,37,46]",15.211218593483437,0.9704686606894194
0.28262,0.6017627771252521,6,0.12996000000000008,23.084025854108944,6,66,"[1,4,6,10,37,46]",15.210573496716174,0.9704618148067992
0.28264,0.6018242930810117,6,0.12911999999999946,23.234200743494522,6,66,"[1,4,6,10,37,46]",15.208492705235761,0.9704401064273531
0.28264666666666666,0.6018447980423252,6,0.12884000000000095,23.28469419434941,6,66,"[1,4,6,10,37,46]",15.207750483761627,0.970432477676549
0.2826533333333333,0.6018653028249419,6,0.12856000000000067,23.335407591785813,6,66,"[1,4,6,10,37,46]",15.20698388674289,0.9704246513925764
0.28268,0.6019473201677248,6,0.12743999999999978,23.5404896421846,6,66,"[1,4,6,10,37,46]",15.203672956658835,0.970391355709074
0.28268666666666664,0.6019678240563194,6,0.12716000000000127,23.592324630386678,6,66,"[1,4,6,10,37,46]",15.20278388691191,0.9703825302357042
0.2827133333333333,0.6020498378212148,6,0.12604000000000037,23.801967629323954,6,66,"[1,4,6,10,37,46]",15.1989810046759,0.970345197662672
0.28271999999999997,0.6020703408148878,6,0.12576000000000187,23.854961832060713,6,66,"[1,4,6,10,37,46]",15.197968416839286,0.9703353526052515
0.28274666666666665,0.602152350998298,6,0.12464000000000097,24.06931964056464,6,66,"[1,4,6,10,37,46]",15.193669252552782,0.9702938982305912
0.28278,0.6022548596944777,6,0.12324000000000157,24.342745861732894,6,66,"[1,4,6,10,37,46]",15.187731948586425,0.9702373435306587
0.2828,0.6023163627594813,6,0.12240000000000095,24.509803921568437,6,66,"[1,4,6,10,37,46]",15.1838667644955,0.9702008374501846
0.2828133333333333,0.6023573639052574,6,0.12184000000000039,24.622455679579698,6,66,"[1,4,6,10,37,46]",15.181162955365323,0.9701754106780541
0.28284666666666664,0.6024598636261406,6,0.12044000000000099,24.90866821653915,6,66,"[1,4,6,10,37,46]",15.173955739895197,0.9701079673212414
0.28287999999999996,0.6025623588526313,6,0.11904000000000159,25.20161290322547,6,66,"[1,4,6,10,37,46]",15.166103363088006,0.9700348711381909
0.2829133333333333,0.6026648495802335,6,0.11764000000000219,25.501530091805034,6,66,"[1,4,6,10,37,46]",15.157598468585308,0.9699559692897436
0.2829466666666666,0.6027673358044515,6,0.11624000000000101,25.808671713695578,6,66,"[1,4,6,10,37,46]",15.148433270883958,0.969871097826648
0.28296,0.6028083290321843,6,0.11568000000000067,25.933609958506075,6,66,"[1,4,6,10,37,46]",15.144580479146589,0.9698354388024547
0.28297999999999995,0.6028698175207898,6,0.11484000000000161,26.123301985370585,6,66,"[1,4,6,10,37,46]",15.138599542730722,0.9697800810464603
0.2830133333333333,0.602972294724753,7,0.09423999999999921,31.833616298811812,3,31,"[4,6,10,22,37,40,46]",13.500627011094512,0.9552130123718753
0.28303999999999996,0.6030542732359928,7,0.0947199999999988,31.672297297297696,3,31,"[4,6,10,22,37,40,46]",13.504449425715464,0.9552766043222668
0.28304666666666667,0.6030747674118461,7,0.09483999999999959,31.63222269084788,3,31,"[4,6,10,22,37,40,46]",13.50534064543456,0.9552916500830946
0.28308,0.6031772355775739,7,0.09543999999999997,31.43336127409892,3,31,"[4,6,10,22,37,40,46]",13.509406919729235,0.9553617163617861
0.28311333333333333,0.6032796992174415,7,0.09603999999999946,31.236984589754446,3,31,"[4,6,10,22,37,40,46]",13.51281676514421,0.9554230802852611
0.28312,0.6033001914019163,7,0.09615999999999958,31.19800332778716,3,31,"[4,6,10,22,37,40,46]",13.513419129968053,0.955434296214538
0.28314666666666666,0.6033821583269547,7,0.09663999999999984,31.043046357615946,3,31,"[4,6,10,22,37,40,46]",13.515560616786749,0.9554755958630397
0.28318,0.603484612901619,7,0.09723999999999933,30.851501439736946,3,31,"[4,6,10,22,37,40,46]",13.517628396910515,0.9555191011994494
0.2832,0.6035460834678206,7,0.09759999999999902,30.737704918033096,3,31,"[4,6,10,22,37,40,46]",13.518540160240676,0.9555408058684524
0.2832133333333333,0.6035870629369404,7,0.0978399999999997,30.66230580539666,3,31,"[4,6,10,22,37,40,46]",13.519009497262024,0.9555534175779393
0.28324666666666665,0.6036895084284245,7,0.0984399999999992,30.475416497359046,3,31,"[4,6,10,22,37,40,46]",13.519692760525684,0.9555783484601016
0.28328,0.6037919493715778,7,0.09903999999999957,30.290791599353927,3,31,"[4,6,10,22,37,40,46]",13.519666460823498,0.9555936783916624
0.2833133333333333,0.603894385761907,7,0.09963999999999906,30.108390204737336,3,31,"[4,6,10,22,37,40,46]",13.51891828322068,0.9555991718068684
0.28334666666666664,0.6039968175949185,7,0.0994400000000013,30.16894609814924,3,31,"[4,6,10,22,37,40,46]",13.517435302185904,0.9555945717217699
0.28336,0.6040377890510676,7,0.09887999999999919,30.339805825242966,3,31,"[4,6,10,22,37,40,46]",13.516633349460276,0.9555898436280812
0.28337999999999997,0.604099244866119,7,0.0980400000000019,30.59975520195779,3,31,"[4,6,10,22,37,40,46]",13.515203958951487,0.9555795983058889
0.2834133333333333,0.6042016675710156,7,0.0966400000000025,31.04304635761509,3,31,"[4,6,10,22,37,40,46]",13.5122100377144,0.9555539473206011
0.28343999999999997,0.6042836024441751,7,0.0955200000000016,31.40703517587887,3,31,"[4,6,10,22,37,40,46]",13.509255856783417,0.955525517608435
0.2834466666666666,0.6043040857051156,7,0.09524000000000132,31.49937001259931,3,31,"[4,6,10,22,37,40,46]",13.508438640615244,0.9555172884112968
0.28347999999999995,0.6044064992639268,7,0.09384000000000192,31.969309462914946,3,31,"[4,6,10,22,37,40,46]",13.503874161427841,0.955469263238963
0.2835133333333333,0.6045089082429562,6,0.10323999999999955,29.058504455637475,6,69,"[6,10,18,22,37,40]",14.783191227082604,0.9669791098455106
0.28352,0.6045293894887932,6,0.10336000000000034,29.02476780185749,6,69,"[6,10,18,22,37,40]",14.78490447872357,0.9669958043355976
0.28354666666666667,0.6046113126377122,6,0.10383999999999993,28.89060092449925,6,69,"[6,10,18,22,37,40]",14.791696561804846,0.9670618754247607
0.28358,0.6047137124437023,6,0.10443999999999942,28.724626579854622,6,69,"[4,6,10,22,37,40]",14.471416902283245,0.9642957687134143
0.28359999999999996,0.6047751501228201,6,0.10479999999999823,28.625954198473767,6,69,"[4,6,10,22,37,40]",14.480454773412037,0.9643884265401202
0.28361333333333333,0.6048161076564349,6,0.1050399999999998,28.560548362528614,6,69,"[6,10,18,22,37,40]",14.808251749877867,0.9672221674110323
0.28364666666666666,0.6049184982714189,6,0.10563999999999929,28.398333964407612,6,69,"[4,6,10,22,37,40]",14.501243468563361,0.9646002859927405
0.28368,0.6050208842841623,6,0.10623999999999967,28.237951807229003,6,69,"[6,10,18,22,37,40]",14.82420282548391,0.9673756157324093
0.2837133333333333,0.6051232656901743,6,0.10683999999999916,28.079371022089326,6,69,"[4,6,10,22,37,40]",14.530218215762046,0.9648926193798163
0.28374666666666665,0.605225642484964,6,0.10743999999999954,27.922561429635266,6,69,"[6,10,18,22,37,40]",14.839553199081761,0.967522379469589
0.28375999999999996,0.6052665919107315,6,0.10767999999999933,27.860326894502403,6,120,"[4,6,10,22,37,40]",14.549997662411235,0.9650902056512737
0.28376,0.6052665919107317,6,0.10768000000000022,27.860326894502172,6,120,"[4,6,10,22,37,40]",14.549997662411263,0.9650902056512738
0.28378,0.6053280146640403,6,0.10803999999999903,27.76749352091843,6,120,"[4,6,10,22,37,40]",14.55834848806368,0.9651731449336859
0.2837933333333333,0.6053689622422653,6,0.10827999999999904,27.70594754340623,6,120,"[4,6,10,22,37,40]",14.563873811276535,0.965227864563312
0.2838133333333333,0.6054303822229131,6,0.10863999999999918,27.614138438880914,6,120,"[4,6,10,22,37,40]",14.572099083776578,0.9653090909614158
0.2838266666666666,0.6054713279517994,6,0.1088799999999992,27.55326965466589,6,120,"[4,6,10,22,37,40]",14.577540863868876,0.9653626770942371
0.28384,0.6055122729404472,6,0.10911999999999944,27.49266862170102,6,120,"[4,6,10,22,37,40]",14.582949313484699,0.965415814461093
0.28384666666666664,0.6055327451570918,6,0.1092399999999989,27.462467960454326,6,120,"[4,6,10,22,37,40]",14.585641054468178,0.9654422156698553
0.28385999999999995,0.605573689034843,6,0.10947999999999891,27.40226525392793,6,120,"[4,6,10,22,37,40]",14.590999598498499,0.9654946847446846
0.28387999999999997,0.6056351034620864,6,0.10983999999999905,27.31245447924277,6,120,"[4,6,10,22,37,40]",14.598975157137906,0.9655725597571956
0.2838933333333333,0.6056760454869068,6,0.11007999999999907,27.252906976744416,6,120,"[4,6,10,22,37,40]",14.604250757977683,0.965623927683775
0.2839133333333333,0.6057374571334069,6,0.11043999999999876,27.16407098877249,6,120,"[4,6,10,22,37,40]",14.61210211334457,0.965700162607584
0.28392,0.605757927311235,6,0.11055999999999955,27.134587554269284,6,120,"[4,6,10,22,37,40]",14.614702708017475,0.9657253576041956
0.2839266666666666,0.6057783973035004,6,0.11067999999999878,27.10516805204222,6,120,"[4,6,10,22,37,40]",14.617295049712824,0.9657504447779774
0.2839466666666666,0.6058398061665634,6,0.11103999999999892,27.017291066282684,6,120,"[4,6,10,22,37,40]",14.625022609288017,0.9658250623192282
0.28395999999999993,0.6058807444801343,6,0.11127999999999894,26.959022286125347,6,120,"[4,6,10,22,37,40]",14.630133145779174,0.9658742736187157
0.28397999999999995,0.6059421505570665,6,0.11163999999999863,26.87208885704082,6,120,"[4,6,10,22,37,40]",14.637737295873542,0.9659472957312686
0.28399333333333326,0.6059830870123191,6,0.11187999999999865,26.814444047193746,6,120,"[4,6,10,22,37,40]",14.6427656829785,0.9659954505487578
0.284,0.6060035549610272,6,0.11199999999999943,26.78571428571442,6,120,"[4,6,10,22,37,40]",14.645267576912163,0.9660193708172405
0.2840133333333333,0.6060444903004268,6,0.11223999999999879,26.728439059159236,6,120,"[4,6,10,22,37,40]",14.65024678875933,0.9660668984494493
0.28402666666666665,0.6060854248955656,6,0.11247999999999969,26.671408250355693,6,120,"[4,6,10,22,37,40]",14.655193262879381,0.9661140106874123
0.28404666666666667,0.6061468253921557,6,0.11283999999999983,26.586316908897594,6,120,"[4,6,10,22,37,40]",14.662551668386294,0.9661839048706136
0.28406,0.6061877581253845,6,0.11307999999999918,26.52989034312011,6,120,"[4,6,10,22,37,40]",14.667416451840447,0.9662299879545645
0.28408,0.6062491558277635,6,0.11343999999999888,26.445698166431857,6,120,"[4,6,10,22,37,40]",14.67465247999103,0.966298348206058
0.2840933333333333,0.6062900866972872,6,0.11367999999999956,26.389866291344227,6,120,"[4,6,10,22,37,40]",14.679435781016364,0.966343415093581
0.28411333333333333,0.6063514816027618,6,0.1140399999999997,26.30655910206952,6,120,"[4,6,10,22,37,40]",14.686549733601517,0.9664102605037707
0.28412666666666664,0.6063924106067851,6,0.11427999999999905,26.2513125656285,6,120,"[4,6,10,22,37,40]",14.691251746346488,0.9664543236931061
0.28414666666666666,0.6064538027126622,6,0.11463999999999874,26.168876482903286,6,120,"[4,6,10,22,37,40]",14.69824390401528,0.9665196726695715
0.28415999999999997,0.6064947298493895,6,0.11487999999999943,26.114206128133834,6,120,"[4,6,10,22,37,40]",14.702864808526252,0.9665627442077729
0.28418,0.6065561191529762,6,0.11523999999999957,26.03262755987514,6,120,"[4,6,10,22,37,40]",14.709735430760466,0.9666266144871886
0.2841933333333333,0.6065970444206122,6,0.11547999999999892,25.978524419813198,6,120,"[4,6,10,22,37,40]",14.71427539296112,0.9666687059778574
0.2842133333333333,0.6066584309192158,6,0.11583999999999861,25.89779005524893,6,120,"[4,6,10,22,37,40]",14.721024718039127,0.9667311146372825
0.2842266666666666,0.6066993543159657,6,0.1160799999999993,25.844245348035994,6,120,"[4,6,10,22,37,40]",14.725483889703114,0.9667722372478904
0.28424,0.6067402769638583,6,0.11631999999999998,25.790921595598356,6,120,"[4,6,10,22,37,40]",14.729910784472963,0.9668129753369983
0.28424666666666665,0.6067607380068933,6,0.11643999999999943,25.764342150463882,6,120,"[4,6,10,22,37,40]",14.732112134653493,0.9668332007154454
0.28425999999999996,0.6068016595309614,6,0.11667999999999878,25.711347274597458,6,120,"[4,6,10,22,37,40]",14.736490653369659,0.9668733651842484
0.28428,0.6068630404115207,6,0.11703999999999848,25.63226247436807,6,120,"[4,6,10,22,37,40]",14.742998013913889,0.9669328992491887
0.2842933333333333,0.6069039600611124,6,0.11727999999999916,25.57980900409295,6,120,"[4,6,10,22,37,40]",14.747296003044815,0.9669721158917451
0.2843133333333333,0.6069653381286105,6,0.1176399999999993,25.50153009180566,6,120,"[4,6,10,22,37,40]",14.75368265352956,0.9670302357139392
0.28431999999999996,0.6069857971091293,6,0.11775999999999875,25.475543478261137,6,120,"[4,6,10,22,37,40]",14.755795456379998,0.9670494217272764
0.2843266666666666,0.6070062559019309,6,0.11787999999999865,25.449609772650444,6,120,"[4,6,10,22,37,40]",14.757900222162625,0.9670685144292323
0.28434666666666664,0.6070676311536758,6,0.11823999999999835,25.372124492557866,6,120,"[4,6,10,22,37,40]",14.764166315481004,0.9671252345480564
0.28435999999999995,0.6071085470489297,6,0.11847999999999903,25.320729237002233,6,120,"[4,6,10,22,37,40]",14.768303558372407,0.9671625848242322
0.28437999999999997,0.6071699194822292,6,0.11883999999999917,25.244025580612764,6,120,"[4,6,10,22,37,40]",14.774449225874534,0.9672179191668894
0.2843933333333333,0.6072108334976222,6,0.11907999999999852,25.193147463890135,6,120,"[4,6,10,22,37,40]",14.778506223385953,0.9672543500866112
0.2844,0.6072312902231691,6,0.1191999999999993,25.167785234899476,6,120,"[4,6,10,22,37,40]",14.78052269193578,0.9672724284771577
0.2844133333333333,0.6072722031097838,6,0.11943999999999821,25.11721366376461,6,120,"[4,6,10,22,37,40]",14.784531574778407,0.967308311975879
0.2844266666666666,0.607313115243521,6,0.1196799999999989,25.066844919786327,6,120,"[4,6,10,22,37,40]",14.788508392806287,0.9673438322213047
0.2844466666666666,0.6073744820318533,6,0.12003999999999904,24.99166944351903,6,120,"[4,6,10,22,37,40]",14.794413516040608,0.9673964343827223
0.28445999999999994,0.6074153922821399,6,0.09393999999999747,31.93527783691804,6,120,"[1,4,6,10,37,40]",14.66303334251642,0.9657187264836616
0.28447999999999996,0.6074767562439507,6,0.09471999999999736,31.67229729729818,6,120,"[1,4,6,10,37,40]",14.674430736477559,0.9658421998117571
0.28448,0.6074767562439508,6,0.09472000000000086,31.67229729729701,6,120,"[1,4,6,10,37,40]",14.674430736477596,0.9658421998117573
0.28449333333333326,0.6075176646089927,6,0.09523999999999733,31.499370012600632,6,120,"[1,4,6,10,37,40]",14.681899730856392,0.9659226703324412
0.2845133333333333,0.6075790257415902,6,0.096019999999999,31.243490939387954,6,120,"[1,4,6,10,37,40]",14.692911702751855,0.9660406728682337
0.28452666666666665,0.607619932219593,6,0.0965399999999989,31.07520198881328,6,120,"[1,4,6,10,37,40]",14.700126700177842,0.9661175754105744
0.28454666666666667,0.6076812905202857,6,0.09732000000000057,30.826140567200806,6,120,"[1,4,6,10,37,40]",14.710762010612042,0.9662303408949368
0.28456,0.6077221951094547,6,0.09783999999999876,30.662305805396954,6,120,"[1,4,6,10,37,40]",14.717728736719588,0.9663038264785023
0.28458,0.6077835505755511,6,0.09862000000000043,30.41979314540648,6,120,"[1,4,6,10,37,40]",14.727995805601303,0.9664115744918101
0.2845933333333333,0.6078244532740921,6,0.09913999999999862,30.260238047206393,6,120,"[1,4,6,10,37,40]",14.734719763353317,0.9664817850179044
0.28461333333333333,0.6078858059029011,6,0.09992000000000029,30.024019215372213,6,120,"[1,4,6,10,37,40]",14.744626683091596,0.9665847219257552
0.28462666666666664,0.6079267067090199,6,0.10043999999999847,29.868578255675484,6,120,"[1,4,6,10,37,40]",14.75111316135371,0.9666517907828142
0.28464,0.6079676067576677,6,0.10096000000000016,29.71473851030106,6,120,"[1,4,6,10,37,40]",14.757506082305076,0.9667176385214841
0.28464666666666666,0.60798805649785,6,0.10122000000000014,29.63841138114993,6,120,"[1,4,6,10,37,40]",14.760667709394694,0.9667501106082361
0.28465999999999997,0.6080289554097525,6,0.10173999999999833,29.486927462158928,6,120,"[1,4,6,10,37,40]",14.766921791082275,0.9668141632303436
0.28468,0.6080903023559128,6,0.10252,29.26258291065158,6,120,"[1,4,6,10,37,40]",14.7761314418222,0.9669080484587108
0.2846933333333333,0.6081311993718048,6,0.10303999999999819,29.114906832298647,6,120,"[1,4,6,10,37,40]",14.782158011642379,0.9669692028411775
0.2847133333333333,0.6081925434726042,6,0.10381999999999986,28.896166441918744,6,120,"[1,4,6,10,37,40]",14.791029947749548,0.9670588251634676
0.28472,0.6082129911265833,6,0.10407999999999984,28.82398155265185,6,120,"[1,4,6,10,37,40]",14.793942850271288,0.9670881454451926
0.28472666666666663,0.6082334385906921,6,0.10433999999999805,28.75215641173142,6,120,"[1,4,6,10,37,40]",14.796833699560056,0.9671171923390608
0.28474666666666665,0.6082947798434396,6,0.10511999999999971,28.538812785388206,6,120,"[1,4,6,10,37,40]",14.80537482273712,0.9672027133385855
0.28475999999999996,0.6083356730619295,6,0.1056399999999979,28.398333964407986,6,120,"[1,4,6,10,37,40]",14.810960266541755,0.9672583978176644
0.28478,0.6083970114639345,6,0.10641999999999957,28.190189813944862,6,120,"[1,4,6,10,37,40]",14.81917720775747,0.9673399696049306
0.2847933333333333,0.6084379027810325,6,0.10693999999999776,28.053113895643005,6,120,"[1,4,6,10,37,40]",14.82454867635714,0.9673930697824499
0.2848,0.6084583481542026,6,0.10719999999999946,27.985074626865813,6,120,"[1,4,6,10,37,40]",14.82720271369287,0.9674192411583921
0.2848133333333333,0.6084992383296046,6,0.10771999999999943,27.84998143334586,6,120,"[1,4,6,10,37,40]",14.832447805574986,0.9674708355823872
0.2848266666666666,0.6085401277435171,6,0.10823999999999762,27.71618625277223,6,120,"[1,4,6,10,37,40]",14.83760946089234,0.9675214441144652
0.28484666666666664,0.6086014604359654,6,0.10901999999999928,27.51788662630728,6,120,"[1,4,6,10,37,40]",14.84519689632215,0.9675955388098828
0.28485999999999995,0.6086423479448986,6,0.10953999999999747,27.387255796969775,6,120,"[1,4,6,10,37,40]",14.850152735416115,0.9676437429623865
0.28487999999999997,0.608703677778533,6,0.11031999999999914,27.19361856417715,6,120,"[1,4,6,10,37,40]",14.857434352312834,0.9677142935971671
0.2848933333333333,0.6087445633806937,6,0.11083999999999733,27.066041140383184,6,120,"[1,4,6,10,37,40]",14.862188213099264,0.9677601755685504
0.2849133333333333,0.6088058903528238,6,0.111619999999999,26.876903780684707,6,120,"[1,4,6,10,37,40]",14.86916965213156,0.9678273018137813
0.2849266666666666,0.6088467740464184,6,0.11213999999999719,26.75227394328585,6,120,"[1,4,6,10,37,40]",14.873725218824312,0.9678709390342114
0.2849466666666666,0.6089080981543544,6,0.11291999999999885,26.56748140276329,6,120,"[1,4,6,10,37,40]",14.88041189403503,0.9679347536201776
0.28495999999999994,0.6089489799375891,6,0.11343999999999704,26.445698166432283,6,120,"[1,4,6,10,37,40]",14.884772702321586,0.9679762190288086
0.28496,0.6089489799375896,6,0.11343999999999876,26.44569816643188,6,120,"[1,4,6,10,37,40]",14.884772702321607,0.9679762190288087
0.28497999999999996,0.6090103011786411,6,0.11421999999999871,26.265102433899788,6,120,"[1,4,6,10,37,40]",14.891169808699573,0.9680368281455002
0.28499333333333327,0.6090511810497232,6,0.1147399999999969,26.146069374238113,6,120,"[1,4,6,10,37,40]",14.895339250664433,0.9680761904475893
0.2850133333333333,0.6091124994212008,6,0.11551999999999857,25.9695290858729,6,120,"[1,4,6,10,37,40]",14.901451771347185,0.9681336941161578
0.28502666666666665,0.6091533773783374,6,0.11603999999999848,25.853154084798685,6,120,"[1,4,6,10,37,40]",14.90543310015481,0.9681710180215696
0.28503999999999996,0.6091942545693929,6,0.11655999999999844,25.737817433082018,6,120,"[1,4,6,10,37,40]",14.909340064320716,0.9682075438346125
0.28504666666666667,0.6092146928775511,6,0.11682000000000015,25.680534155110394,6,120,"[1,4,6,10,37,40]",14.911265813279728,0.9682255104389509
0.28506,0.6092555689189482,6,0.11734000000000011,25.566729163115706,6,120,"[1,4,6,10,37,40]",14.915062147629065,0.9682608568834644
0.28508,0.6093168815432088,6,0.11812,25.397900440230273,6,120,"[1,4,6,10,37,40]",14.920619632849927,0.9683124267421923
0.2850933333333333,0.6093577556670737,6,0.11863999999999819,25.286581254214816,6,120,"[1,4,6,10,37,40]",14.924233961210989,0.9683458530929006
0.28511333333333333,0.6094190654136913,6,0.11941999999999986,25.12142019762187,6,120,"[1,4,6,10,37,40]",14.929520605895616,0.9683945838779673
0.28512,0.6094395016119725,6,0.11967999999999984,25.066844919786128,6,120,"[1,4,6,10,37,40]",14.931247085881159,0.9684104560100045
0.28512666666666664,0.6094599376182314,6,0.11993999999999982,25.0125062531266,6,120,"[1,4,6,10,37,40]",14.93295579053867,0.9684261441239528
0.28514666666666666,0.6095212444845167,6,0.12071999999999972,24.850894632206817,6,120,"[1,4,6,10,37,40]",14.937975795662277,0.968472114388404
0.28515999999999997,0.6095621147679388,6,0.1212399999999979,24.744308808974363,6,120,"[1,4,6,10,37,40]",14.941234576488872,0.9685018593177676
0.28518,0.6096234187512026,6,0.12201999999999957,24.586133420750784,6,120,"[1,4,6,10,37,40]",14.945991962237558,0.9685451429385878
0.2851933333333333,0.609664287111714,6,0.12253999999999954,24.481801860617033,6,120,"[1,4,6,10,37,40]",14.949076960422653,0.9685731203028198
0.2852,0.609684721003363,6,0.12280000000000124,24.42996742670985,6,120,"[1,4,6,10,37,40]",14.950593632844468,0.968586848178412
0.2852133333333333,0.6097255882092674,6,0.12331999999999943,24.326954265326094,6,120,"[1,4,6,10,37,40]",14.953575571519602,0.968613786718523
0.28522666666666663,0.6097664546450754,6,0.12383999999999762,24.224806201550855,6,120,"[1,4,6,10,37,40]",14.95648929297307,0.96864004138512
0.28524666666666665,0.6098277528542293,6,0.12461999999999929,24.073182474723296,6,120,"[1,4,6,10,37,40]",14.960732803740227,0.9686781558163434
0.28525999999999996,0.6098686173635414,6,0.12513999999999925,23.973150071919594,6,120,"[1,4,6,10,37,40]",14.963477642396008,0.9687027299105028
0.28528,0.609929912681607,6,0.12591999999999914,23.824650571791775,6,120,"[1,4,6,10,37,40]",14.96746956156249,0.968738353564794
0.2852933333333333,0.6099707752626304,6,0.12643999999999733,23.726668775704393,6,120,"[1,4,6,10,37,40]",14.970047802502348,0.9687612866009375
0.2853266666666666,0.6100729283378618,6,0.12773999999999897,23.485204321277784,6,120,"[1,4,6,10,37,40]",14.976205300190466,0.9688158058666527
0.28535999999999995,0.6101750765847538,6,0.12903999999999705,23.248605083695512,6,120,"[1,4,6,10,37,40]",14.981955402594659,0.9688663760957
0.28536,0.6101750765847541,6,0.12904000000000054,23.24860508369488,6,120,"[1,4,6,10,37,40]",14.981955402594672,0.9688663760957
0.2853933333333333,0.6102772199988264,6,0.13033999999999868,23.01672548718759,6,120,"[1,4,6,10,37,40]",14.987303123866688,0.9689130799224609
0.2854266666666666,0.6103793585755991,6,0.13163999999999676,22.78942570647276,6,120,"[1,4,6,10,37,40]",14.99225323160414,0.9689559944764645
0.28543999999999997,0.6104202126508604,6,0.13215999999999845,22.699757869249662,6,120,"[1,4,6,10,37,40]",14.994122964933288,0.9689721155694798
0.28545999999999994,0.610481492310591,6,0.1329399999999984,22.566571385587757,6,120,"[1,4,6,10,37,40]",14.996810252940392,0.968995191612772
0.28549333333333327,0.6105836211993225,6,0.13423999999999647,22.348033373063757,6,120,"[1,4,6,10,37,40]",15.000978480308973,0.9690307381250802
0.28552,0.6106653208179899,6,0.13527999999999984,22.176227084565372,6,120,"[1,4,6,10,37,40]",15.004035868577121,0.9690565886608083
0.28552666666666665,0.6106857452373138,6,0.13553999999999983,22.13368747233292,6,120,"[1,4,6,10,37,40]",15.004761976894757,0.9690626959425951
0.28556,0.6107878644200848,6,0.13683999999999968,21.923414206372456,6,120,"[1,4,6,10,37,40]",15.008164581783346,0.9690911223116391
0.2855933333333333,0.6108899787431564,6,0.13813999999999954,21.717098595627697,6,120,"[1,4,6,10,37,40]",15.011189914819942,0.9691160699628729
0.28559999999999997,0.6109104010242126,6,0.13839999999999952,21.676300578034756,6,120,"[1,4,6,10,37,40]",15.011750012189735,0.9691206463785661
0.28562666666666664,0.610992088202049,6,0.1394399999999994,21.51462994836498,6,120,"[1,4,6,10,37,40]",15.013841381187307,0.9691375872649343
0.28565999999999997,0.6110941927922842,6,0.14073999999999925,21.315901662640442,6,120,"[1,4,6,10,37,40]",15.016122175712866,0.9691557183652285
0.28568,0.6111554532076063,6,0.14151999999999915,21.198417184850324,6,120,"[1,4,6,10,37,40]",15.017313981634336,0.9691649884780156
0.2856933333333333,0.6111962925093826,6,0.1420399999999991,21.120811039144034,6,120,"[1,4,6,10,37,40]",15.018035286913333,0.969170503318537
0.28572666666666663,0.6112983873488658,6,0.14273333333333316,21.01821578701544,6,120,"[1,4,27,31,37,40]",15.021507305922398,0.9691967900321913
0.28575999999999996,0.6114004773062555,6,0.1424000000000012,21.0674157303369,6,120,"[1,4,27,31,37,40]",15.027949276620832,0.9692455931037706
0.2857933333333333,0.6115025623770736,6,0.14206666666666745,21.116846550914946,6,120,"[1,4,27,31,37,40]",15.034144794706235,0.9692922337084732
0.2858266666666666,0.6116046425568419,6,0.1417333333333346,21.16650987770442,6,120,"[1,4,27,31,37,40]",15.04009834550844,0.9693367694589984
0.28584,0.6116454732582525,6,0.1416000000000004,21.186440677966043,6,120,"[1,4,27,31,37,40]",15.04241299444771,0.9693540068388927
0.28585999999999995,0.6117067178410828,6,0.14140000000000086,21.216407355021087,6,120,"[1,4,27,31,37,40]",15.045814282225406,0.9693792555326759
0.2858933333333333,0.6118087882253187,6,0.14106666666666712,21.26654064272205,6,120,"[1,4,27,31,37,40]",15.051296830181103,0.9694197447876878
0.28592,0.6118904410016953,6,0.1407999999999996,21.306818181818244,6,120,"[1,4,27,31,37,40]",15.055517588933645,0.9694507325897604
0.2859266666666666,0.6119108537050725,6,0.14073333333333338,21.31691141639033,6,120,"[1,4,27,31,37,40]",15.056550090920858,0.9694582878727518
0.28595999999999994,0.6120129142758669,6,0.14040000000000052,21.367521367521288,6,120,"[1,4,27,31,37,40]",15.06157804615025,0.9694949333306732
0.28599333333333327,0.612114969933225,6,0.14006666666666678,21.4183722037125,6,120,"[1,4,27,31,37,40]",15.066384561524963,0.9695297276961545
0.286,0.6121353804746905,6,0.14000000000000057,21.428571428571342,6,120,"[1,4,27,31,37,40]",15.067319624041895,0.9695364683973474
0.28602666666666665,0.6122170206726705,6,0.13973333333333304,21.469465648855007,6,120,"[1,4,27,31,37,40]",15.070973390297526,0.9695627155882184
0.28606,0.6123190664897266,6,0.13940000000000108,21.520803443328383,6,120,"[1,4,27,31,37,40]",15.07534817682678,0.9695939397975725
0.28608,0.6123802916153512,6,0.13919999999999977,21.55172413793107,6,120,"[1,4,27,31,37,40]",15.077871784917695,0.9696118449004606
0.2860933333333333,0.6124211073799168,6,0.13906666666666734,21.57238734419932,6,120,"[1,4,27,31,37,40]",15.079512459956453,0.969623441369233
0.28612666666666664,0.6125231433387657,6,0.13873333333333449,21.624219125420293,6,120,"[1,4,27,31,37,40]",15.08346967626737,0.969651259680687
0.28615999999999997,0.6126251743617973,6,0.13840000000000074,21.676300578034567,6,120,"[1,4,27,31,37,40]",15.087223163209368,0.9696774325158727
0.2861933333333333,0.6127272004445358,6,0.138066666666667,21.728633510381407,6,120,"[1,4,27,31,37,40]",15.090776162117272,0.9697019961352161
0.28622666666666663,0.6128292215825061,6,0.13773333333333326,21.781219748305915,6,120,"[1,4,27,31,37,40]",15.094131821115965,0.969724985341971
0.28624,0.6128700286521568,6,0.13759999999999994,21.80232558139536,6,120,"[1,4,27,31,37,40]",15.095419517444299,0.9697337477182182
0.28625999999999996,0.6129312377712328,6,0.13739999999999952,21.834061135371254,6,120,"[1,4,27,31,37,40]",15.09729319791893,0.9697464335450712
0.2862933333333333,0.6130332490062413,6,0.13706666666666667,21.88715953307393,6,120,"[1,4,27,31,37,40]",15.100263262524635,0.9697663728187034
0.28631999999999996,0.6131148544245638,6,0.13680000000000092,21.92982456140336,6,120,"[1,4,27,31,37,40]",15.10250351086318,0.9697812585448214
0.2863266666666666,0.6131352552830566,6,0.13673333333333293,21.94051682106296,6,120,"[1,4,27,31,37,40]",15.10304489981477,0.9697848339587932
0.28635999999999995,0.6132372565972043,6,0.13640000000000096,21.99413489736055,6,120,"[1,4,27,31,37,40]",15.105640912058348,0.9698018465365764
0.2863933333333333,0.6133392529442101,6,0.1360666666666681,22.048015678588694,6,120,"[1,4,27,31,37,40]",15.108054021325382,0.9698174389494315
0.2864,0.6133596516171607,6,0.13599999999999923,22.05882352941189,6,120,"[1,4,27,31,37,40]",15.108514928855989,0.9698203894314129
0.2864266666666666,0.6134412443196002,6,0.13573333333333437,22.102161100196295,6,120,"[1,4,27,31,37,40]",15.110286871813605,0.9698316384691191
0.28645999999999994,0.6135432307189003,6,0.13540000000000063,22.15657311669118,6,120,"[1,4,27,31,37,40]",15.112342032091926,0.9698444712875847
0.28647999999999996,0.6136044201680961,6,0.1352000000000011,22.189349112425855,6,120,"[1,4,27,31,37,40]",15.113490877914208,0.9698515254686767
0.28649333333333327,0.6136452121376369,6,0.1350666666666669,22.21125370187558,6,120,"[1,4,27,31,37,40]",15.114221997263442,0.9698559625604548
0.28652666666666665,0.613747188571337,6,0.13473333333333315,22.26620484908464,6,120,"[1,4,27,31,37,40]",15.115929191051586,0.969866136448356
0.28656,0.613849160015527,6,0.1343999999999994,22.32142857142867,6,120,"[1,4,27,31,37,40]",15.117465967812068,0.969875016156181
0.2865933333333333,0.6139511264657339,6,0.13406666666666656,22.376926902038804,6,120,"[1,4,27,31,37,40]",15.118834614473514,0.9698826239704083
0.28662666666666664,0.6140530879174851,6,0.13373333333333282,22.432701894317137,6,120,"[1,4,27,31,37,40]",15.12003735240973,0.9698889812945871
0.28664,0.6140938710976163,6,0.13360000000000039,22.455089820359216,6,120,"[1,4,27,31,37,40]",15.120472478550951,0.9698911787190129
0.28665999999999997,0.6141550443663081,6,0.13340000000000085,22.488755622188762,6,120,"[1,4,27,31,37,40]",15.12107633924586,0.9698941086830839
0.2866933333333333,0.6142569958077306,6,0.1330666666666671,22.545090180360646,6,120,"[1,4,27,31,37,40]",15.121953670601128,0.9698980258731824
0.28672,0.6143385533525348,6,0.13279999999999959,22.590361445783202,6,120,"[1,4,27,31,37,40]",15.122540513442678,0.9699003010429944
0.28672666666666663,0.6143589422372804,6,0.13273333333333426,22.601707684580454,6,120,"[1,4,27,31,37,40]",15.12267138177076,0.9699007518156294
0.28675999999999996,0.6144608836504858,6,0.13240000000000052,22.658610271903235,6,120,"[1,4,27,31,37,40]",15.123231449348735,0.9699023047037044
0.2867933333333333,0.6145628200428748,6,0.13206666666666678,22.715800100959093,6,120,"[1,4,27,31,37,40]",15.123635792794259,0.9699027020008906
0.2868,0.6145832067184613,6,0.13200000000000056,22.72727272727263,6,120,"[1,4,27,31,37,40]",15.123698139567436,0.9699026442763984
0.2868266666666666,0.6146647514099762,6,0.13173333333333304,22.773279352226773,6,120,"[1,4,27,31,37,40]",15.123886275943649,0.9699019604672247
0.28685999999999995,0.6147666777473191,6,0.13140000000000018,22.83105022831047,6,120,"[1,4,27,31,37,40]",15.123984708469564,0.9699000961843866
0.28687999999999997,0.6148278311335805,6,0.13119999999999976,22.865853658536626,6,120,"[1,4,27,31,37,40]",15.12397151671722,0.9698984451393415
0.2868933333333333,0.614868599050432,6,0.13106666666666644,22.88911495422181,6,120,"[1,4,27,31,37,40]",15.123932847289907,0.9698971245795995
0.2869266666666666,0.6149705153148443,6,0.13073333333333448,22.947475777664256,6,120,"[1,4,27,31,37,40]",15.123732397927762,0.9698930604484
0.28695999999999994,0.6150724265360857,6,0.13040000000000074,23.006134969325025,6,120,"[1,4,27,31,37,40]",15.123385015824498,0.9698879179763303
0.28696,0.6150724265360857,6,0.13040000000000074,23.006134969325025,6,120,"[1,4,27,31,37,40]",15.123385015824496,0.9698879179763301
0.28699333333333327,0.6151743327096854,6,0.13006666666666789,23.06509482316739,6,120,"[1,4,27,31,37,40]",15.122892307607415,0.9698817107596143
0.28702666666666665,0.6152762338311739,6,0.12973333333333414,23.12435765673161,6,120,"[1,4,27,31,37,40]",15.122255832313805,0.9698744518248613
0.28703999999999996,0.6153169928641767,6,0.12959999999999994,23.14814814814816,6,120,"[1,4,27,31,37,40]",15.121961327776866,0.9698712565825773
0.28706,0.6153781298960808,6,0.1294000000000004,23.18392581143733,6,120,"[1,4,27,31,37,40]",15.121477102572875,0.9698661536478487
0.2870933333333333,0.6154800208999365,6,0.12906666666666666,23.243801652892564,6,120,"[1,4,27,31,37,40]",15.120557585746914,0.9698568281714283
0.28712,0.6155615300560608,6,0.1288000000000009,23.291925465838343,6,120,"[1,4,27,31,37,40]",15.119721563430163,0.9698486358305741
0.28712666666666664,0.6155819068382719,6,0.12873333333333292,23.303987571206704,6,120,"[1,4,27,31,37,40]",15.119498705033342,0.9698464868225981
0.28715999999999997,0.6156837877066171,6,0.12840000000000007,23.3644859813084,6,120,"[1,4,27,31,37,40]",15.11830184052873,0.9698351405287774
0.2871933333333333,0.615785663500504,6,0.12806666666666633,23.425299323269194,6,120,"[1,4,27,31,37,40]",15.116968330256489,0.9698227997333309
0.2872,0.6158060380499532,6,0.1280000000000001,23.43749999999998,6,120,"[1,4,27,31,37,40]",15.116685345552973,0.9698202131198655
0.28722666666666663,0.6158875342154633,6,0.12773333333333436,23.48643006263029,6,120,"[1,4,27,31,37,40]",15.115499471158897,0.9698094744103648
0.28725999999999996,0.6159893998470266,6,0.12740000000000062,23.547880690737717,6,120,"[1,4,27,31,37,40]",15.113896520055434,0.9697951740788423
0.28728,0.6160505167840754,6,0.1272000000000011,23.584905660377157,6,120,"[1,4,27,31,37,40]",15.112870893364763,0.9697861296699536
0.2872933333333333,0.6160912603907253,6,0.12706666666666777,23.609653725078495,6,120,"[1,4,27,31,37,40]",15.112160694567686,0.9697799078160384
0.2873266666666666,0.6161931158420915,6,0.12673333333333403,23.67175170962638,6,89,"[1,4,27,31,37,40]",15.110293174012982,0.9697636842703744
0.28735999999999995,0.6162949661966576,6,0.1264000000000003,23.73417721518982,6,89,"[1,4,27,31,37,40]",15.108295100266508,0.9697465116736503
0.28736,0.6162949661966578,6,0.1264000000000003,23.73417721518982,6,89,"[1,4,27,31,37,40]",15.108295100266512,0.9697465116736503
0.2873933333333333,0.6163968114499555,6,0.12606666666666655,23.79693283976734,6,89,"[1,4,27,31,37,40]",15.106167578594418,0.9697283978527116
0.2874266666666666,0.6164986515975179,6,0.1257333333333337,23.86002120890767,6,89,"[1,4,27,31,37,40]",15.103911678457445,0.9697093502405679
0.28744,0.6165393862259363,6,0.1255999999999995,23.885350318471435,6,89,"[1,4,27,31,37,40]",15.102973605304905,0.9697014713259655
0.28745999999999994,0.6166004866348778,6,0.12539999999999996,23.923444976076564,6,89,"[1,4,27,31,37,40]",15.101528434287287,0.9696893758869937
0.28749333333333327,0.6167023165575679,6,0.125066666666668,23.987206823027464,6,89,"[1,4,27,31,37,40]",15.099018846235401,0.9696684814686279
0.28752,0.6167837768101563,6,0.12480000000000047,24.038461538461448,6,89,"[1,4,27,31,37,40]",15.096920858860194,0.9696511077416857
0.28752666666666665,0.6168041413611218,6,0.12473333333333425,24.051309460181542,6,89,"[1,4,27,31,37,40]",15.096383880896374,0.9696466732985997
0.28756,0.6169059610410724,6,0.12440000000000051,24.11575562700955,6,89,"[1,4,27,31,37,40]",15.09362447200534,0.969623957335695
0.2875933333333333,0.617007775592954,6,0.12406666666666766,24.180548092423233,6,89,"[1,4,27,31,37,40]",15.090741521111449,0.9696003391930877
0.28759999999999997,0.6170281378875688,6,0.12399999999999967,24.19354838709684,6,89,"[1,4,27,31,37,40]",15.090150183001404,0.9695955077731253
0.28762666666666664,0.6171095850123002,6,0.12373333333333392,24.2456896551723,6,89,"[1,4,27,31,37,40]",15.087735898227484,0.9695758241466517
0.28765999999999997,0.6172113892946451,6,0.12340000000000018,24.311183144246318,6,89,"[1,4,27,31,37,40]",15.084608442456164,0.969550417142868
0.28768,0.6172724693964339,6,0.12320000000000064,24.350649350649224,6,89,"[1,4,27,31,37,40]",15.082673826910238,0.9695347467380832
0.2876933333333333,0.6173131884355234,6,0.12306666666666644,24.377031419284986,6,89,"[1,4,27,31,37,40]",15.081359962594775,0.9695241228063501
0.28772666666666663,0.6174149824304691,6,0.12273333333333358,24.443237370993977,6,89,"[1,4,27,31,37,40]",15.077991237717663,0.9694969454469954
0.28775999999999996,0.6175167712750175,6,0.12239999999999984,24.509803921568658,6,89,"[1,4,27,31,37,40]",15.074503017737998,0.969468889066782
0.2877933333333333,0.6176185549647037,6,0.12206666666666788,24.57673402512264,6,78,"[1,4,27,31,37,40]",15.070896023949262,0.9694399573662235
0.2878266666666666,0.6177203334950626,6,0.12173333333333414,24.64403066812689,6,78,"[1,4,27,31,37,40]",15.067170949546819,0.9694101537504923
0.28784,0.6177610434615946,6,0.12160000000000082,24.67105263157878,6,78,"[1,4,27,31,37,40]",15.065648007224397,0.969397988875456
0.28785999999999995,0.6178221068616299,6,0.12140000000000128,24.71169686985147,6,78,"[1,4,27,31,37,40]",15.063328460130409,0.9693794813352293
0.2878933333333333,0.6179238750599413,6,0.12106666666666754,24.779735682819204,6,78,"[1,4,27,31,37,40]",15.05936919418811,0.9693479429520435
0.28792,0.6180052858944465,6,0.12079999999999913,24.834437086092894,6,78,"[1,4,27,31,37,40]",15.056118114377185,0.9693220904733036
0.2879266666666666,0.6180256380855328,6,0.1207333333333338,24.848150193263294,6,78,"[1,4,27,31,37,40]",15.055293763561904,0.9693155411537205
0.28795999999999994,0.6181273959339404,6,0.12040000000000006,24.91694352159467,6,89,"[1,4,27,31,37,40]",15.051102753896034,0.9692822782191456
0.28799333333333327,0.6182291486007006,6,0.12006666666666721,24.986118822876065,6,89,"[1,4,27,31,37,40]",15.046796725067937,0.9692481561579506
0.288,0.6182494985118622,6,0.120000000000001,24.999999999999794,6,89,"[1,4,27,31,37,40]",15.0459217644827,0.9692412288086706
0.28802666666666665,0.6183308960813502,6,0.11973333333333258,25.05567928730528,6,89,"[1,4,27,31,37,40]",15.042376211602674,0.9692131767148986
0.28806,0.6184326383714257,6,0.11939999999999973,25.125628140703576,6,89,"[1,4,27,31,37,40]",15.037841723071168,0.9691773413740091
0.28808,0.618493681252139,6,0.1191999999999993,25.167785234899476,6,89,"[1,4,27,31,37,40]",15.035066524691203,0.9691554298595842
0.2880933333333333,0.6185343754664646,6,0.11906666666666776,25.195968645016563,6,89,"[1,4,27,31,37,40]",15.033193744472563,0.9691406513624354
0.28812666666666664,0.6186361073620038,6,0.11873333333333402,25.26670409882074,6,89,"[1,4,27,31,37,40]",15.028432736601161,0.969103107654102
0.28815999999999997,0.618737834053581,6,0.11840000000000117,25.337837837837586,6,89,"[1,4,27,31,37,40]",15.023559136398658,0.9690647109731079
0.2881933333333333,0.6188395555367342,6,0.11806666666666743,25.409373235460027,6,89,"[1,4,27,31,37,40]",15.018573357291496,0.9690254617969024
0.28822666666666663,0.6189412718070009,6,0.11773333333333369,25.48131370328418,6,89,"[1,4,27,31,37,40]",15.013475789513947,0.9689853603592432
0.28824,0.6189819568545001,6,0.11759999999999948,25.510204081632764,6,89,"[1,4,27,31,37,40]",15.011405544623978,0.9689690811573977
0.28825999999999996,0.6190429828599199,6,0.11739999999999995,25.55366269165248,6,89,"[1,4,27,31,37,40]",15.008266800417479,0.9689444066529361
0.2882933333333333,0.6191446886910291,6,0.11706666666666621,25.62642369020511,6,89,"[1,4,27,31,37,40]",15.00294673476637,0.9689026004323705
0.28831999999999997,0.6192260495932158,6,0.11680000000000046,25.684931506849214,6,89,"[1,4,27,31,37,40]",14.998610924561413,0.9688685413298278
0.2883266666666666,0.6192463892958677,6,0.11673333333333336,25.699600228440886,6,89,"[1,4,27,31,37,40]",14.997515915020108,0.9688599412158481
0.28835999999999995,0.6193480846699742,6,0.11639999999999961,25.773195876288746,6,89,"[1,4,27,31,37,40]",14.991974641602758,0.968816428287715
0.2883933333333333,0.6194497748088881,6,0.11606666666666765,25.847214244686743,6,89,"[1,4,27,31,37,40]",14.986323193159725,0.9687720607002995
0.2884,0.6194701122080553,6,0.11599999999999966,25.862068965517317,6,89,"[1,4,27,31,37,40]",14.98517970547015,0.9687630845240783
0.2884266666666666,0.6195514597081484,6,0.1157333333333348,25.921658986174787,6,89,"[1,4,27,31,37,40]",14.98056182680196,0.9687268372756607
0.28845999999999994,0.6196531393632949,6,0.11540000000000106,25.996533795493697,6,89,"[1,4,27,31,37,40]",14.974690778338108,0.9686807566071501
0.28847999999999996,0.6197141446373529,6,0.11520000000000064,26.041666666666522,6,89,"[1,4,27,31,37,40]",14.97111559204579,0.9686526960586718
0.28849333333333327,0.6197548137698674,6,0.11506666666666732,26.07184241019684,6,89,"[1,4,27,31,37,40]",14.968710262494652,0.9686338170607938
0.28852666666666665,0.6198564829234063,6,0.11473333333333358,26.14758861127246,6,89,"[1,4,27,31,37,40]",14.962620473124431,0.968586016776494
0.28856,0.6199581468194514,6,0.11439999999999984,26.223776223776262,6,89,"[1,4,27,31,37,40]",14.956421583403575,0.968537353669055
0.2885933333333333,0.6200598054535433,0,,,0,0,,,
0.28862666666666664,0.6201614588212229,0,,,0,0,,,
0.28864,0.6202021186927006,0,,,0,0,,,
0.28865999999999997,0.6202631069180309,0,,,0,0,,,
0.2886933333333333,0.6203647497395092,0,,,0,0,,,
0.28872,0.6204460601954577,0,,,0,0,,,
0.28872666666666663,0.6204663872811984,0,,,0,0,,,
0.28875999999999996,0.6205680195386406,0,,,0,0,,,
0.2887933333333333,0.620669646507378,0,,,0,0,,,
0.2888,0.6206899712660885,0,,,0,0,,,
0.2888266666666666,0.620771268182952,0,,,0,0,,,
0.28885999999999995,0.6208728845609056,0,,,0,0,,,
0.28887999999999997,0.6209338518429656,0,,,0,0,,,
0.2888933333333333,0.6209744956367813,0,,,0,0,,,
0.2889266666666666,0.6210761014061216,0,,,0,0,,,
0.28895999999999994,0.62117770186447,0,,,0,0,,,
0.28896,0.6211777018644702,0,,,0,0,,,
0.28899333333333327,0.6212792970073696,0,,,0,0,,,
0.28902666666666665,0.6213808868303642,0,,,0,0,,,
0.28903999999999996,0.6214215212689902,0,,,0,0,,,
0.28906,0.621482471328997,0,,,0,0,,,
0.2890933333333333,0.6215840504988123,0,,,0,0,,,
0.28912,0.6216653099949218,0,,,0,0,,,
0.28912666666666664,0.6216856243353547,0,,,0,0,,,
0.28916,0.621787192834168,0,,,0,0,,,
0.2891933333333333,0.6218887559907973,0,,,0,0,,,
0.28919999999999996,0.621909067980669,0,,,0,0,,,
0.28922666666666663,0.6219903138007876,0,,,0,0,,,
0.28925999999999996,0.622091866259684,0,,,0,0,,,
0.28928,0.6221527951646437,0,,,0,0,,,
0.2892933333333333,0.6221934133630318,0,,,0,0,,,
0.2893266666666666,0.6222949551063769,0,,,0,0,,,
0.28935999999999995,0.6223964914852647,0,,,0,0,,,
0.28936,0.622396491485265,0,,,0,0,,,
0.2893933333333333,0.6224980224952419,0,,,0,0,,,
0.2894266666666666,0.6225995481318545,0,,,0,0,,,
0.28944,0.6226401568809599,0,,,0,0,,,
0.28945999999999994,0.6227010683906491,0,,,0,0,,,
0.28949333333333327,0.6228025832671727,0,,,0,0,,,
0.28952,0.6228837912901641,0,,,0,0,,,
0.28952666666666665,0.6229040927569722,0,,,0,0,,,
0.28956,0.623005596855595,0,,,0,0,,,
0.2895933333333333,0.6231070955585885,0,,,0,0,,,
0.28959999999999997,0.6231273946513199,0,,,0,0,,,
0.28962666666666664,0.6232085888615007,0,,,0,0,,,
0.28966,0.623310076759879,0,,,0,0,,,
0.28968,0.6233709669028784,0,,,0,0,,,
0.2896933333333333,0.6234115592492725,0,,,0,0,,,
0.28972666666666663,0.6235130363252291,0,,,0,0,,,
0.28975999999999996,0.6236145079832978,0,,,0,0,,,
0.28984,0.6238580178310451,0,,,0,0,,,
0.28992,0.6241014963845942,0,,,0,0,,,
0.29,0.6243449435824273,0,,,0,0,,,
0.29008,0.624588359363035,0,,,0,0,,,
0.29016,0.6248317436649149,0,,,0,0,,,
0.29024,0.6250750964265737,0,,,0,0,,,
0.29031999999999997,0.6253184175865247,0,,,0,0,,,
0.2904,0.6255617070832906,0,,,0,0,,,
0.29047999999999996,0.625804964855401,0,,,0,0,,,
0.29056,0.6260481908413942,0,,,0,0,,,
0.29064,0.626291384979816,0,,,0,0,,,
0.29072,0.6265345472092206,0,,,0,0,,,
0.2908,0.6267776774681703,0,,,0,0,,,
0.29087999999999997,0.6270207756952352,0,,,0,0,,,
0.29096,0.6272638418289938,0,,,0,0,,,
0.29103999999999997,0.6275068758080322,0,,,0,0,,,
0.29112,0.6277498775709457,0,,,0,0,,,
0.29119999999999996,0.6279928470563363,0,,,0,0,,,
0.29128,0.6282357842028152,0,,,0,0,,,
0.29136,0.6284786889490014,0,,,0,0,,,
0.29144,0.6287215612335222,0,,,0,0,,,
0.29152,0.6289644009950129,0,,,0,0,,,
0.29159999999999997,0.6292072081721172,0,,,0,0,,,
0.29168,0.6294499827034872,0,,,0,0,,,
0.29175999999999996,0.6296927245277826,0,,,0,0,,,
0.29184,0.6299354335836721,0,,,0,0,,,
0.29191999999999996,0.6301781098098324,0,,,0,0,,,
0.292,0.6304207531449484,0,,,0,0,,,
0.29208,0.6306633635277135,0,,,0,0,,,
0.29216,0.6309059408968287,0,,,0,0,,,
0.29224,0.6311484851910049,0,,,0,0,,,
0.29231999999999997,0.6313909963489597,0,,,0,0,,,
0.2924,0.63163347430942,0,,,0,0,,,
0.29247999999999996,0.6318759190111208,0,,,0,0,,,
0.29256,0.632118330392806,0,,,0,0,,,
0.29264,0.6323607083932269,0,,,0,0,,,
0.29272,0.632603052951144,0,,,0,0,,,
0.2928,0.6328453640053263,0,,,0,0,,,
0.29288,0.6330876414945507,0,,,0,0,,,
0.29296,0.6333298853576032,0,,,0,0,,,
0.29303999999999997,0.6335720955332776,0,,,0,0,,,
0.29312,0.6338142719603773,0,,,0,0,,,
0.29319999999999996,0.6340564145777129,0,,,0,0,,,
0.29328,0.6342985233241046,0,,,0,0,,,
0.29336,0.6345405981383808,0,,,0,0,,,
0.29344,0.6347826389593779,0,,,0,0,,,
0.29352,0.6350246457259419,0,,,0,0,,,
0.29359999999999997,0.6352666183769267,0,,,0,0,,,
0.29368,0.6355085568511952,0,,,0,0,,,
0.29375999999999997,0.6357504610876186,0,,,0,0,,,
0.29384,0.6359923310250771,0,,,0,0,,,
0.29391999999999996,0.6362341666024592,0,,,0,0,,,
0.294,0.6364759677586626,0,,,0,0,,,
0.29408,0.636717734432593,0,,,0,0,,,
0.29416,0.6369594665631652,0,,,0,0,,,
0.29424,0.6372011640893029,0,,,0,0,,,
0.29431999999999997,0.6374428269499383,0,,,0,0,,,
0.2944,0.6376844550840125,0,,,0,0,,,
0.29447999999999996,0.6379260484304748,0,,,0,0,,,
0.29456,0.6381676069282846,0,,,0,0,,,
0.29463999999999996,0.6384091305164086,0,,,0,0,,,
0.29472,0.6386506191338233,0,,,0,0,,,
0.2948,0.6388920727195136,0,,,0,0,,,
0.29488,0.6391334912124733,0,,,0,0,,,
0.29496,0.6393748745517056,0,,,0,0,,,
0.29503999999999997,0.6396162226762216,0,,,0,0,,,
0.29512,0.6398575355250423,0,,,0,0,,,
0.29519999999999996,0.6400988130371967,0,,,0,0,,,
0.29528,0.6403400551517235,0,,,0,0,,,
0.29536,0.6405812618076698,0,,,0,0,,,
0.29544,0.6408224329440921,0,,,0,0,,,
0.29552,0.6410635685000554,0,,,0,0,,,
0.2956,0.6413046684146342,0,,,0,0,,,
0.29568,0.6415457326269116,0,,,0,0,,,
0.29575999999999997,0.6417867610759797,0,,,0,0,,,
0.29584,0.6420277537009402,0,,,0,0,,,
0.29591999999999996,0.6422687104409031,0,,,0,0,,,
0.296,0.6425096312349879,0,,,0,0,,,
0.29608,0.6427505160223235,0,,,0,0,,,
0.29616,0.6429913647420468,0,,,0,0,,,
0.29624,0.643232177333305,0,,,0,0,,,
0.29632,0.6434729537352537,0,,,0,0,,,
0.2964,0.643713693887058,0,,,0,0,,,
0.29647999999999997,0.6439543977278923,0,,,0,0,,,
0.29656,0.6441950651969394,0,,,0,0,,,
0.29663999999999996,0.644435696233392,0,,,0,0,,,
0.29672,0.644676290776452,0,,,0,0,,,
0.2968,0.6449168487653304,0,,,0,0,,,
0.29688,0.645157370139247,0,,,0,0,,,
0.29696,0.6453978548374315,0,,,0,0,,,
0.29703999999999997,0.6456383027991223,0,,,0,0,,,
0.29712,0.6458787139635678,0,,,0,0,,,
0.29719999999999996,0.6461190882700248,0,,,0,0,,,
0.29728,0.6463594256577602,0,,,0,0,,,
0.29735999999999996,0.6465997260660498,0,,,0,0,,,
0.29744,0.6468399894341788,0,,,0,0,,,
0.29752,0.6470802157014421,0,,,0,0,,,
0.2976,0.6473204048071431,0,,,0,0,,,
0.29768,0.6475605566905958,0,,,0,0,,,
0.29775999999999997,0.6478006712911226,0,,,0,0,,,
0.29784,0.6480407485480557,0,,,0,0,,,
0.29791999999999996,0.648280788400737,0,,,0,0,,,
0.298,0.6485207907885173,0,,,0,0,,,
0.29807999999999996,0.6487607556507573,0,,,0,0,,,
0.29816,0.6490006829268271,0,,,0,0,,,
0.29824,0.649240572556106,0,,,0,0,,,
0.29832,0.6494804244779832,0,,,0,0,,,
0.2984,0.6497202386318571,0,,,0,0,,,
0.29847999999999997,0.6499600149571361,0,,,0,0,,,
0.29856,0.6501997533932375,0,,,0,0,,,
0.29863999999999996,0.6504394538795887,0,,,0,0,,,
0.29872,0.6506791163556268,0,,,0,0,,,
0.2988,0.650918740760798,0,,,0,0,,,
0.29888,0.651158327034558,0,,,0,0,,,
0.29896,0.6513978751163733,0,,,0,0,,,
0.29904,0.6516373849457183,0,,,0,0,,,
0.29912,0.6518768564620788,0,,,0,0,,,
0.29919999999999997,0.6521162896049489,0,,,0,0,,,
0.29928,0.6523556843138334,0,,,0,0,,,
0.29935999999999996,0.652595040528246,0,,,0,0,,,
0.29944,0.6528343581877111,0,,,0,0,,,
0.29952,0.6530736372317616,0,,,0,0,,,
0.2996,0.6533128775999408,0,,,0,0,,,
0.29968,0.6535520792318026,0,,,0,0,,,
0.29975999999999997,0.6537912420669089,0,,,0,0,,,
0.29984,0.654030366044833,0,,,0,0,,,
0.29991999999999996,0.654269451105157,0,,,0,0,,,
0.3,0.6545084971874737,0,,,0,0,,,
0.30007999999999996,0.6547475042313847,0,,,0,0,,,
0.30016,0.6549864721765025,0,,,0,0,,,
0.30024,0.6552254009624489,0,,,0,0,,,
0.30032,0.6554642905288554,0,,,0,0,,,
0.3004,0.6557031408153641,0,,,0,0,,,
0.30047999999999997,0.6559419517616264,0,,,0,0,,,
0.30056,0.656180723307304,0,,,0,0,,,
0.30063999999999996,0.6564194553920684,0,,,0,0,,,
0.30072,0.6566581479556012,0,,,0,0,,,
0.30079999999999996,0.6568968009375936,0,,,0,0,,,
0.30088,0.6571354142777476,0,,,0,0,,,
0.30096,0.6573739879157742,0,,,0,0,,,
0.30104,0.6576125217913952,0,,,0,0,,,
0.30112,0.657851015844342,0,,,0,0,,,
0.30119999999999997,0.6580894700143565,0,,,0,0,,,
0.30128,0.6583278842411902,0,,,0,0,,,
0.30135999999999996,0.658566258464605,0,,,0,0,,,
0.30144,0.658804592624373,0,,,0,0,,,
0.30152,0.659042886660276,0,,,0,0,,,
0.3016,0.6592811405121063,0,,,0,0,,,
0.30168,0.6595193541196661,0,,,0,0,,,
0.30176,0.659757527422768,0,,,0,0,,,
0.30184,0.6599956603612349,0,,,0,0,,,
0.30191999999999997,0.6602337528748994,0,,,0,0,,,
0.302,0.6604718049036047,0,,,0,0,,,
0.30207999999999996,0.6607098163872038,0,,,0,0,,,
0.30216,0.6609477872655611,0,,,0,0,,,
0.30224,0.6611857174785498,0,,,0,0,,,
0.30232,0.661423606966054,0,,,0,0,,,
0.3024,0.6616614556679683,0,,,0,0,,,
0.30247999999999997,0.6618992635241971,0,,,0,0,,,
0.30256,0.6621370304746559,0,,,0,0,,,
0.30263999999999996,0.6623747564592696,0,,,0,0,,,
0.30272,0.6626124414179745,0,,,0,0,,,
0.30279999999999996,0.6628500852907159,0,,,0,0,,,
0.30288,0.6630876880174509,0,,,0,0,,,
0.30296,0.6633252495381462,0,,,0,0,,,
0.30304,0.6635627697927785,0,,,0,0,,,
0.30312,0.6638002487213365,0,,,0,0,,,
0.30319999999999997,0.6640376862638173,0,,,0,0,,,
0.30328,0.6642750823602303,0,,,0,0,,,
0.30335999999999996,0.664512436950594,0,,,0,0,,,
0.30344,0.6647497499749384,0,,,0,0,,,
0.30351999999999996,0.6649870213733032,0,,,0,0,,,
0.3036,0.6652242510857392,0,,,0,0,,,
0.30368,0.6654614390523075,0,,,0,0,,,
0.30376,0.6656985852130795,0,,,0,0,,,
0.30384,0.6659356895081374,0,,,0,0,,,
0.30391999999999997,0.6661727518775742,0,,,0,0,,,
0.304,0.6664097722614933,0,,,0,0,,,
0.30407999999999996,0.6666467506000084,0,,,0,0,,,
0.30416,0.6668836868332445,0,,,0,0,,,
0.30424,0.6671205809013369,0,,,0,0,,,
0.30432,0.6673574327444307,0,,,0,0,,,
0.3044,0.6675942423026834,0,,,0,0,,,
0.30448,0.6678310095162615,0,,,0,0,,,
0.30456,0.6680677343253438,0,,,0,0,,,
0.30463999999999997,0.6683044166701182,0,,,0,0,,,
0.30472,0.6685410564907847,0,,,0,0,,,
0.30479999999999996,0.6687776537275527,0,,,0,0,,,
0.30488,0.6690142083206441,0,,,0,0,,,
0.30496,0.6692507202102896,0,,,0,0,,,
0.30504,0.6694871893367321,0,,,0,0,,,
0.30512,0.6697236156402251,0,,,0,0,,,
0.30519999999999997,0.6699599990610321,0,,,0,0,,,
0.30528,0.6701963395394287,0,,,0,0,,,
0.30535999999999996,0.6704326370157001,0,,,0,0,,,
0.30544,0.6706688914301433,0,,,0,0,,,
0.30551999999999996,0.6709051027230655,0,,,0,0,,,
0.3056,0.6711412708347856,0,,,0,0,,,
0.30568,0.6713773957056325,0,,,0,0,,,
0.30576,0.6716134772759466,0,,,0,0,,,
0.30584,0.671849515486079,0,,,0,0,,,
0.30591999999999997,0.672085510276392,0,,,0,0,,,
0.306,0.6723214615872584,0,,,0,0,,,
0.30607999999999996,0.6725573693590629,0,,,0,0,,,
0.30616,0.6727932335321998,0,,,0,0,,,
0.30623999999999996,0.673029054047076,0,,,0,0,,,
0.30632,0.673264830844108,0,,,0,0,,,
0.3064,0.6735005638637248,0,,,0,0,,,
0.30648,0.6737362530463648,0,,,0,0,,,
0.30656,0.6739718983324787,0,,,0,0,,,
0.30663999999999997,0.6742074996625278,0,,,0,0,,,
0.30672,0.6744430569769849,0,,,0,0,,,
0.30679999999999996,0.6746785702163334,0,,,0,0,,,
0.30688,0.6749140393210683,0,,,0,0,,,
0.30696,0.6751494642316952,0,,,0,0,,,
0.30704,0.6753848448887315,0,,,0,0,,,
0.30712,0.6756201812327053,0,,,0,0,,,
0.3072,0.6758554732041563,0,,,0,0,,,
0.30728,0.6760907207436351,0,,,0,0,,,
0.30735999999999997,0.6763259237917033,0,,,0,0,,,
0.30744,0.6765610822889346,0,,,0,0,,,
0.30751999999999996,0.6767961961759128,0,,,0,0,,,
0.3076,0.6770312653932344,0,,,0,0,,,
0.30768,0.6772662898815057,0,,,0,0,,,
0.30776,0.6775012695813452,0,,,0,0,,,
0.30784,0.6777362044333826,0,,,0,0,,,
0.30791999999999997,0.6779710943782584,0,,,0,0,,,
0.308,0.6782059393566254,0,,,0,0,,,
0.30807999999999996,0.6784407393091466,0,,,0,0,,,
0.30816,0.6786754941764979,0,,,0,0,,,
0.30823999999999996,0.6789102038993647,0,,,0,0,,,
0.30832,0.6791448684184458,0,,,0,0,,,
0.3084,0.6793794876744498,0,,,0,0,,,
0.30848,0.6796140616080972,0,,,0,0,,,
0.30856,0.6798485901601207,0,,,0,0,,,
0.30863999999999997,0.6800830732712634,0,,,0,0,,,
0.30872,0.6803175108822807,0,,,0,0,,,
0.30879999999999996,0.6805519029339385,0,,,0,0,,,
0.30888,0.6807862493670159,0,,,0,0,,,
0.30895999999999996,0.6810205501223016,0,,,0,0,,,
0.30904,0.6812548051405973,0,,,0,0,,,
0.30912,0.6814890143627155,0,,,0,0,,,
0.3092,0.6817231777294801,0,,,0,0,,,
0.30928,0.6819572951817277,0,,,0,0,,,
0.30935999999999997,0.682191366660305,0,,,0,0,,,
0.30944,0.6824253921060714,0,,,0,0,,,
0.30951999999999996,0.6826593714598977,0,,,0,0,,,
0.3096,0.6828933046626662,0,,,0,0,,,
0.30967999999999996,0.6831271916552706,0,,,0,0,,,
0.30976,0.6833610323786171,0,,,0,0,,,
0.30984,0.6835948267736226,0,,,0,0,,,
0.30992,0.6838285747812162,0,,,0,0,,,
0.31,0.684062276342339,0,,,0,0,,,
0.31007999999999997,0.6842959313979432,0,,,0,0,,,
0.31016,0.6845295398889933,0,,,0,0,,,
0.31023999999999996,0.6847631017564653,0,,,0,0,,,
0.31032,0.6849966169413468,0,,,0,0,,,
0.3104,0.685230085384638,0,,,0,0,,,
0.31048,0.6854635070273497,0,,,0,0,,,
0.31056,0.6856968818105053,0,,,0,0,,,
0.31063999999999997,0.6859302096751401,0,,,0,0,,,
0.31072,0.686163490562301,0,,,0,0,,,
0.31079999999999997,0.6863967244130466,0,,,0,0,,,
0.31088,0.6866299111684476,0,,,0,0,,,
0.31095999999999996,0.6868630507695871,0,,,0,0,,,
0.31104,0.6870961431575591,0,,,0,0,,,
0.31112,0.6873291882734702,0,,,0,0,,,
0.3112,0.6875621860584387,0,,,0,0,,,
0.31128,0.6877951364535952,0,,,0,0,,,
0.31135999999999997,0.6880280394000816,0,,,0,0,,,
0.31144,0.6882608948390527,0,,,0,0,,,
0.31151999999999996,0.6884937027116744,0,,,0,0,,,
0.3116,0.6887264629591252,0,,,0,0,,,
0.31167999999999996,0.6889591755225956,0,,,0,0,,,
0.31176,0.6891918403432876,0,,,0,0,,,
0.31184,0.6894244573624162,0,,,0,0,,,
0.31192,0.6896570265212075,0,,,0,0,,,
0.312,0.6898895477609004,0,,,0,0,,,
0.31207999999999997,0.6901220210227456,0,,,0,0,,,
0.31216,0.6903544462480059,0,,,0,0,,,
0.31223999999999996,0.6905868233779563,0,,,0,0,,,
0.31232,0.6908191523538842,0,,,0,0,,,
0.31239999999999996,0.6910514331170885,0,,,0,0,,,
0.31248,0.6912836656088811,0,,,0,0,,,
0.31256,0.6915158497705857,0,,,0,0,,,
0.31264,0.6917479855435378,0,,,0,0,,,
0.31272,0.6919800728690858,0,,,0,0,,,
0.31279999999999997,0.6922121116885901,0,,,0,0,,,
0.31288,0.6924441019434237,0,,,0,0,,,
0.31295999999999996,0.6926760435749707,0,,,0,0,,,
0.31304,0.692907936524629,0,,,0,0,,,
0.31312,0.6931397807338078,0,,,0,0,,,
0.3132,0.6933715761439289,0,,,0,0,,,
0.31328,0.6936033226964264,0,,,0,0,,,
0.31335999999999997,0.6938350203327468,0,,,0,0,,,
0.31344,0.6940666689943493,0,,,0,0,,,
0.31351999999999997,0.6942982686227046,0,,,0,0,,,
0.3136,0.6945298191592966,0,,,0,0,,,
0.31367999999999996,0.6947613205456211,0,,,0,0,,,
0.31376,0.6949927727231868,0,,,0,0,,,
0.31384,0.6952241756335146,0,,,0,0,,,
0.31392,0.6954555292181372,0,,,0,0,,,
0.314,0.6956868334186012,0,,,0,0,,,
0.31407999999999997,0.6959180881764642,0,,,0,0,,,
0.31416,0.6961492934332973,0,,,0,0,,,
0.31423999999999996,0.6963804491306836,0,,,0,0,,,
0.31432,0.696611555210219,0,,,0,0,,,
0.31439999999999996,0.6968426116135117,0,,,0,0,,,
0.31448,0.6970736182821825,0,,,0,0,,,
0.31456,0.697304575157865,0,,,0,0,,,
0.31464,0.6975354821822048,0,,,0,0,,,
0.31472,0.6977663392968613,0,,,0,0,,,
0.31479999999999997,0.697997146443505,0,,,0,0,,,
0.31488,0.6982279035638198,0,,,0,0,,,
0.31495999999999996,0.6984586105995023,0,,,0,0,,,
0.31504,0.698689267492262,0,,,0,0,,,
0.31511999999999996,0.69891987418382,0,,,0,0,,,
0.3152,0.6991504306159113,0,,,0,0,,,
0.31528,0.699380936730283,0,,,0,0,,,
0.31536,0.6996113924686946,0,,,0,0,,,
0.31544,0.6998417977729193,0,,,0,0,,,
0.31551999999999997,0.7000721525847422,0,,,0,0,,,
0.3156,0.7003024568459614,0,,,0,0,,,
0.31567999999999996,0.7005327104983877,0,,,0,0,,,
0.31576,0.700762913483845,0,,,0,0,,,
0.31584,0.7009930657441699,0,,,0,0,,,
0.31592,0.701223167221211,0,,,0,0,,,
0.316,0.7014532178568312,0,,,0,0,,,
0.31607999999999997,0.7016832175929051,0,,,0,0,,,
0.31616,0.7019131663713208,0,,,0,0,,,
0.31623999999999997,0.7021430641339788,0,,,0,0,,,
0.31632,0.7023729108227926,0,,,0,0,,,
0.31639999999999996,0.702602706379689,0,,,0,0,,,
0.31648,0.7028324507466072,0,,,0,0,,,
0.31656,0.7030621438654997,0,,,0,0,,,
0.31664,0.7032917856783316,0,,,0,0,,,
0.31672,0.7035213761270814,0,,,0,0,,,
0.31679999999999997,0.7037509151537402,0,,,0,0,,,
0.31688,0.7039804027003125,0,,,0,0,,,
0.31695999999999996,0.704209838708815,0,,,0,0,,,
0.31704,0.7044392231212786,0,,,0,0,,,
0.31711999999999996,0.7046685558797464,0,,,0,0,,,
0.3172,0.7048978369262745,0,,,0,0,,,
0.31728,0.7051270662029326,0,,,0,0,,,
0.31736,0.705356243651803,0,,,0,0,,,
0.31744,0.7055853692149815,0,,,0,0,,,
0.31751999999999997,0.7058144428345766,0,,,0,0,,,
0.3176,0.7060434644527105,0,,,0,0,,,
0.31767999999999996,0.7062724340115176,0,,,0,0,,,
0.31776,0.7065013514531466,0,,,0,0,,,
0.31783999999999996,0.7067302167197584,0,,,0,0,,,
0.31792,0.7069590297535276,0,,,0,0,,,
0.318,0.707187790496642,0,,,0,0,,,
0.31808,0.7074164988913022,0,,,0,0,,,
0.31816,0.7076451548797226,0,,,0,0,,,
0.31823999999999997,0.7078737584041302,0,,,0,0,,,
0.31832,0.7081023094067662,0,,,0,0,,,
0.31839999999999996,0.7083308078298838,0,,,0,0,,,
0.31848,0.7085592536157506,0,,,0,0,,,
0.31855999999999995,0.7087876467066468,0,,,0,0,,,
0.31864,0.7090159870448666,0,,,0,0,,,
0.31872,0.7092442745727167,0,,,0,0,,,
0.3188,0.7094725092325174,0,,,0,0,,,
0.31888,0.709700690966603,0,,,0,0,,,
0.31895999999999997,0.7099288197173201,0,,,0,0,,,
0.31904,0.7101568954270302,0,,,0,0,,,
0.31911999999999996,0.710384918038106,0,,,0,0,,,
0.3192,0.7106128874929362,0,,,0,0,,,
0.31928,0.7108408037339206,0,,,0,0,,,
0.31936,0.7110686667034738,0,,,0,0,,,
0.31944,0.7112964763440236,0,,,0,0,,,
0.31951999999999997,0.711524232598011,0,,,0,0,,,
0.3196,0.711751935407891,0,,,0,0,,,
0.31967999999999996,0.7119795847161314,0,,,0,0,,,
0.31976,0.7122071804652141,0,,,0,0,,,
0.31983999999999996,0.7124347225976345,0,,,0,0,,,
0.31992,0.7126622110559011,0,,,0,0,,,
0.32,0.7128896457825363,0,,,0,0,,,
0.32008,0.713117026720076,0,,,0,0,,,
0.32016,0.71334435381107,0,,,0,0,,,
0.32023999999999997,0.713571626998081,0,,,0,0,,,
0.32032,0.713798846223686,0,,,0,0,,,
0.32039999999999996,0.714026011430475,0,,,0,0,,,
0.32048,0.7142531225610526,0,,,0,0,,,
0.32055999999999996,0.7144801795580359,0,,,0,0,,,
0.32064,0.7147071823640568,0,,,0,0,,,
0.32072,0.7149341309217601,0,,,0,0,,,
0.3208,0.7151610251738043,0,,,0,0,,,
0.32088,0.7153878650628623,0,,,0,0,,,
0.32095999999999997,0.7156146505316199,0,,,0,0,,,
0.32104,0.7158413815227774,0,,,0,0,,,
0.32111999999999996,0.7160680579790483,0,,,0,0,,,
0.3212,0.7162946798431604,0,,,0,0,,,
0.32127999999999995,0.7165212470578546,0,,,0,0,,,
0.32136,0.7167477595658862,0,,,0,0,,,
0.32144,0.7169742173100244,0,,,0,0,,,
0.32152,0.7172006202330514,0,,,0,0,,,
0.3216,0.7174269682777642,0,,,0,0,,,
0.32167999999999997,0.717653261386973,0,,,0,0,,,
0.32176,0.7178794995035026,0,,,0,0,,,
0.32183999999999996,0.7181056825701908,0,,,0,0,,,
0.32192,0.7183318105298903,0,,,0,0,,,
0.322,0.7185578833254663,0,,,0,0,,,
0.32208,0.7187839008997998,0,,,0,0,,,
0.32216,0.7190098631957842,0,,,0,0,,,
0.32223999999999997,0.7192357701563277,0,,,0,0,,,
0.32232,0.7194616217243519,0,,,0,0,,,
0.32239999999999996,0.7196874178427932,0,,,0,0,,,
0.32248,0.7199131584546012,0,,,0,0,,,
0.32255999999999996,0.7201388435027398,0,,,0,0,,,
0.32264,0.7203644729301873,0,,,0,0,,,
0.32272,0.7205900466799354,0,,,0,0,,,
0.3228,0.7208155646949908,0,,,0,0,,,
0.32288,0.7210410269183727,0,,,0,0,,,
0.32295999999999997,0.7212664332931162,0,,,0,0,,,
0.32304,0.7214917837622696,0,,,0,0,,,
0.32311999999999996,0.7217170782688953,0,,,0,0,,,
0.3232,0.7219423167560699,0,,,0,0,,,
0.32327999999999996,0.7221674991668845,0,,,0,0,,,
0.32336,0.7223926254444435,0,,,0,0,,,
0.32344,0.7226176955318668,0,,,0,0,,,
0.32352,0.7228427093722871,0,,,0,0,,,
0.3236,0.7230676669088527,0,,,0,0,,,
0.32367999999999997,0.7232925680847249,0,,,0,0,,,
0.32376,0.72351741284308,0,,,0,0,,,
0.32383999999999996,0.7237422011271079,0,,,0,0,,,
0.32392,0.7239669328800138,0,,,0,0,,,
0.32399999999999995,0.7241916080450159,0,,,0,0,,,
0.32408,0.7244162265653479,0,,,0,0,,,
0.32416,0.724640788384257,0,,,0,0,,,
0.32424,0.7248652934450049,0,,,0,0,,,
0.32432,0.725089741690868,0,,,0,0,,,
0.32439999999999997,0.7253141330651365,0,,,0,0,,,
0.32448,0.7255384675111155,0,,,0,0,,,
0.32455999999999996,0.7257627449721241,0,,,0,0,,,
0.32464,0.725986965391496,0,,,0,0,,,
0.32472,0.7262111287125793,0,,,0,0,,,
0.3248,0.7264352348787363,0,,,0,0,,,
0.32488,0.7266592838333441,0,,,0,0,,,
0.32495999999999997,0.7268832755197937,0,,,0,0,,,
0.32504,0.7271072098814917,0,,,0,0,,,
0.32511999999999996,0.7273310868618575,0,,,0,0,,,
0.3252,0.7275549064043267,0,,,0,0,,,
0.32527999999999996,0.7277786684523482,0,,,0,0,,,
0.32536,0.7280023729493861,0,,,0,0,,,
0.32544,0.7282260198389187,0,,,0,0,,,
0.32552,0.7284496090644388,0,,,0,0,,,
0.3256,0.7286731405694542,0,,,0,0,,,
0.32567999999999997,0.7288966142974868,0,,,0,0,,,
0.32576,0.7291200301920735,0,,,0,0,,,
0.32583999999999996,0.7293433881967654,0,,,0,0,,,
0.32592,0.7295666882551287,0,,,0,0,,,
0.32599999999999996,0.7297899303107437,0,,,0,0,,,
0.32608,0.7300131143072061,0,,,0,0,,,
0.32616,0.7302362401881253,0,,,0,0,,,
0.32624,0.7304593078971261,0,,,0,0,,,
0.32632,0.7306823173778481,0,,,0,0,,,
0.32639999999999997,0.7309052685739447,0,,,0,0,,,
0.32648,0.7311281614290851,0,,,0,0,,,
0.32655999999999996,0.7313509958869525,0,,,0,0,,,
0.32664,0.7315737718912455,0,,,0,0,,,
0.32671999999999995,0.7317964893856767,0,,,0,0,,,
0.3268,0.7320191483139741,0,,,0,0,,,
0.32688,0.7322417486198803,0,,,0,0,,,
0.32696,0.7324642902471524,0,,,0,0,,,
0.32704,0.7326867731395631,0,,,0,0,,,
0.32711999999999997,0.732909197240899,0,,,0,0,,,
0.3272,0.7331315624949623,0,,,0,0,,,
0.32727999999999996,0.7333538688455694,0,,,0,0,,,
0.32736,0.7335761162365526,0,,,0,0,,,
0.32743999999999995,0.7337983046117579,0,,,0,0,,,
0.32752,0.7340204339150471,0,,,0,0,,,
0.3276,0.7342425040902967,0,,,0,0,,,
0.32767999999999997,0.7344645150813974,0,,,0,0,,,
0.32776,0.7346864668322561,0,,,0,0,,,
0.32783999999999996,0.7349083592867937,0,,,0,0,,,
0.32792,0.7351301923889466,0,,,0,0,,,
0.32799999999999996,0.7353519660826662,0,,,0,0,,,
0.32808,0.7355736803119185,0,,,0,0,,,
0.32816,0.735795335020685,0,,,0,0,,,
0.32824,0.7360169301529613,0,,,0,0,,,
0.32832,0.7362384656527599,0,,,0,0,,,
0.32839999999999997,0.7364599414641061,0,,,0,0,,,
0.32848,0.7366813575310422,0,,,0,0,,,
0.32855999999999996,0.7369027137976245,0,,,0,0,,,
0.32864,0.737124010207925,0,,,0,0,,,
0.32871999999999996,0.7373452467060299,0,,,0,0,,,
0.3288,0.7375664232360418,0,,,0,0,,,
0.32888,0.7377875397420776,0,,,0,0,,,
0.32896,0.7380085961682694,0,,,0,0,,,
0.32904,0.7382295924587651,0,,,0,0,,,
0.32911999999999997,0.738450528557727,0,,,0,0,,,
0.3292,0.7386714044093329,0,,,0,0,,,
0.32927999999999996,0.7388922199577763,0,,,0,0,,,
0.32936,0.7391129751472653,0,,,0,0,,,
0.32943999999999996,0.7393336699220233,0,,,0,0,,,
0.32952,0.7395543042262894,0,,,0,0,,,
0.3296,0.7397748780043178,0,,,0,0,,,
0.32968,0.7399953912003777,0,,,0,0,,,
0.32976,0.7402158437587539,0,,,0,0,,,
0.32983999999999997,0.7404362356237465,0,,,0,0,,,
0.32992,0.740656566739671,0,,,0,0,,,
0.32999999999999996,0.7408768370508575,0,,,0,0,,,
0.33008,0.7410970465016529,0,,,0,0,,,
0.33015999999999995,0.7413171950364181,0,,,0,0,,,
0.33024,0.7415372825995304,0,,,0,0,,,
0.33032,0.741757309135382,0,,,0,0,,,
0.33039999999999997,0.7419772745883798,0,,,0,0,,,
0.33048,0.7421971789029482,0,,,0,0,,,
0.33055999999999996,0.7424170220235246,0,,,0,0,,,
0.33064,0.7426368038945639,0,,,0,0,,,
0.33071999999999996,0.742856524460535,0,,,0,0,,,
0.3308,0.7430761836659233,0,,,0,0,,,
0.33088,0.7432957814552292,0,,,0,0,,,
0.33096,0.7435153177729683,0,,,0,0,,,
0.33104,0.7437347925636728,0,,,0,0,,,
0.33111999999999997,0.7439542057718892,0,,,0,0,,,
0.3312,0.7441735573421807,0,,,0,0,,,
0.33127999999999996,0.7443928472191251,0,,,0,0,,,
0.33136,0.7446120753473164,0,,,0,0,,,
0.33143999999999996,0.7448312416713638,0,,,0,0,,,
0.33152,0.7450503461358928,0,,,0,0,,,
0.3316,0.7452693886855436,0,,,0,0,,,
0.33168,0.7454883692649728,0,,,0,0,,,
0.33176,0.7457072878188518,0,,,0,0,,,
0.33183999999999997,0.7459261442918691,0,,,0,0,,,
0.33192,0.7461449386287273,0,,,0,0,,,
0.33199999999999996,0.7463636707741457,0,,,0,0,,,
0.33208,0.7465823406728591,0,,,0,0,,,
0.33215999999999996,0.7468009482696177,0,,,0,0,,,
0.33224,0.747019493509188,0,,,0,0,,,
0.33232,0.7472379763363516,0,,,0,0,,,
0.3324,0.7474563966959067,0,,,0,0,,,
0.33248,0.7476747545326661,0,,,0,0,,,
0.33255999999999997,0.7478930497914599,0,,,0,0,,,
0.33264,0.7481112824171327,0,,,0,0,,,
0.33271999999999996,0.7483294523545456,0,,,0,0,,,
0.3328,0.7485475595485752,0,,,0,0,,,
0.33287999999999995,0.7487656039441145,0,,,0,0,,,
0.33296,0.7489835854860716,0,,,0,0,,,
0.33304,0.7492015041193713,0,,,0,0,,,
0.33311999999999997,0.7494193597889534,0,,,0,0,,,
0.3332,0.7496371524397745,0,,,0,0,,,
0.33327999999999997,0.7498548820168062,0,,,0,0,,,
0.33336,0.7500725484650371,0,,,0,0,,,
0.33343999999999996,0.7502901517294708,0,,,0,0,,,
0.33352,0.7505076917551274,0,,,0,0,,,
0.3336,0.7507251684870431,0,,,0,0,,,
0.33368,0.7509425818702692,0,,,0,0,,,
0.33376,0.7511599318498741,0,,,0,0,,,
0.33383999999999997,0.7513772183709415,0,,,0,0,,,
0.33392,0.7515944413785716,0,,,0,0,,,
0.33399999999999996,0.7518116008178802,0,,,0,0,,,
0.33408,0.7520286966339997,0,,,0,0,,,
0.33415999999999996,0.752245728772078,0,,,0,0,,,
0.33424,0.7524626971772795,0,,,0,0,,,
0.33432,0.7526796017947845,0,,,0,0,,,
0.3344,0.7528964425697893,0,,,0,0,,,
0.33448,0.753113219447507,0,,,0,0,,,
0.33455999999999997,0.7533299323731656,0,,,0,0,,,
0.33464,0.7535465812920106,0,,,0,0,,,
0.33471999999999996,0.7537631661493029,0,,,0,0,,,
0.3348,0.7539796868903199,0,,,0,0,,,
0.33487999999999996,0.7541961434603547,0,,,0,0,,,
0.33496,0.7544125358047176,0,,,0,0,,,
0.33504,0.754628863868734,0,,,0,0,,,
0.33512,0.7548451275977459,0,,,0,0,,,
0.3352,0.7550613269371123,0,,,0,0,,,
0.33527999999999997,0.7552774618322072,0,,,0,0,,,
0.33536,0.7554935322284224,0,,,0,0,,,
0.33543999999999996,0.7557095380711643,0,,,0,0,,,
0.33552,0.7559254793058569,0,,,0,0,,,
0.33559999999999995,0.7561413558779397,0,,,0,0,,,
0.33568,0.7563571677328698,0,,,0,0,,,
0.33576,0.7565729148161188,0,,,0,0,,,
0.33583999999999997,0.7567885970731761,0,,,0,0,,,
0.33592,0.7570042144495471,0,,,0,0,,,
0.33599999999999997,0.7572197668907531,0,,,0,0,,,
0.33608,0.7574352543423326,0,,,0,0,,,
0.33615999999999996,0.75765067674984,0,,,0,0,,,
0.33624,0.7578660340588463,0,,,0,0,,,
0.33632,0.7580813262149391,0,,,0,0,,,
0.3364,0.7582965531637219,0,,,0,0,,,
0.33648,0.7585117148508153,0,,,0,0,,,
0.33655999999999997,0.7587268112218559,0,,,0,0,,,
0.33664,0.7589418422224974,0,,,0,0,,,
0.33671999999999996,0.7591568077984095,0,,,0,0,,,
0.3368,0.7593717078952786,0,,,0,0,,,
0.33687999999999996,0.7595865424588077,0,,,0,0,,,
0.33696,0.7598013114347163,0,,,0,0,,,
0.33704,0.7600160147687404,0,,,0,0,,,
0.33712,0.7602306524066323,0,,,0,0,,,
0.3372,0.7604452242941621,0,,,0,0,,,
0.33727999999999997,0.760659730377115,0,,,0,0,,,
0.33736,0.7608741706012938,0,,,0,0,,,
0.33743999999999996,0.7610885449125172,0,,,0,0,,,
0.33752,0.7613028532566216,0,,,0,0,,,
0.33759999999999996,0.7615170955794588,0,,,0,0,,,
0.33768,0.7617312718268987,0,,,0,0,,,
0.33776,0.7619453819448265,0,,,0,0,,,
0.33784,0.762159425879145,0,,,0,0,,,
0.33792,0.7623734035757735,0,,,0,0,,,
0.33799999999999997,0.7625873149806477,0,,,0,0,,,
0.33808,0.7628011600397208,0,,,0,0,,,
0.33815999999999996,0.7630149386989619,0,,,0,0,,,
0.33824,0.7632286509043574,0,,,0,0,,,
0.33831999999999995,0.7634422966019105,0,,,0,0,,,
0.3384,0.763655875737641,0,,,0,0,,,
0.33848,0.7638693882575859,0,,,0,0,,,
0.33855999999999997,0.764082834107798,0,,,0,0,,,
0.33864,0.7642962132343483,0,,,0,0,,,
0.33871999999999997,0.7645095255833237,0,,,0,0,,,
0.3388,0.7647227711008284,0,,,0,0,,,
0.33887999999999996,0.7649359497329836,0,,,0,0,,,
0.33896,0.7651490614259271,0,,,0,0,,,
0.33903999999999995,0.7653621061258132,0,,,0,0,,,
0.33912,0.7655750837788144,0,,,0,0,,,
0.3392,0.765787994331119,0,,,0,0,,,
0.33927999999999997,0.7660008377289325,0,,,0,0,,,
0.33936,0.7662136139184778,0,,,0,0,,,
0.33943999999999996,0.7664263228459941,0,,,0,0,,,
0.33952,0.7666389644577383,0,,,0,0,,,
0.33959999999999996,0.7668515386999836,0,,,0,0,,,
0.33968,0.7670640455190211,0,,,0,0,,,
0.33976,0.7672764848611581,0,,,0,0,,,
0.33984,0.767488856672719,0,,,0,0,,,
0.33992,0.7677011609000464,0,,,0,0,,,
0.33999999999999997,0.7679133974894983,0,,,0,0,,,
0.34008,0.768125566387451,0,,,0,0,,,
0.34015999999999996,0.7683376675402973,0,,,0,0,,,
0.34024,0.7685497008944476,0,,,0,0,,,
0.34031999999999996,0.7687616663963288,0,,,0,0,,,
0.3404,0.7689735639923856,0,,,0,0,,,
0.34048,0.7691853936290795,0,,,0,0,,,
0.34056,0.769397155252889,0,,,0,0,,,
0.34064,0.7696088488103106,0,,,0,0,,,
0.34071999999999997,0.7698204742478565,0,,,0,0,,,
0.3408,0.7700320315120579,0,,,0,0,,,
0.34087999999999996,0.7702435205494618,0,,,0,0,,,
0.34096,0.7704549413066332,0,,,0,0,,,
0.34103999999999995,0.7706662937301539,0,,,0,0,,,
0.34112,0.7708775777666238,0,,,0,0,,,
0.3412,0.7710887933626589,0,,,0,0,,,
0.34128,0.7712999404648933,0,,,0,0,,,
0.34136,0.771511019019978,0,,,0,0,,,
0.34143999999999997,0.7717220289745815,0,,,0,0,,,
0.34152,0.7719329702753902,0,,,0,0,,,
0.34159999999999996,0.7721438428691064,0,,,0,0,,,
0.34168,0.7723546467024512,0,,,0,0,,,
0.34175999999999995,0.7725653817221624,0,,,0,0,,,
0.34184,0.7727760478749955,0,,,0,0,,,
0.34192,0.7729866451077226,0,,,0,0,,,
0.34199999999999997,0.7731971733671344,0,,,0,0,,,
0.34208,0.7734076326000382,0,,,0,0,,,
0.34215999999999996,0.7736180227532591,0,,,0,0,,,
0.34224,0.7738283437736392,0,,,0,0,,,
0.34231999999999996,0.7740385956080389,0,,,0,0,,,
0.3424,0.774248778203335,0,,,0,0,,,
0.34248,0.774458891506423,0,,,0,0,,,
0.34256,0.7746689354642147,0,,,0,0,,,
0.34264,0.7748789100236404,0,,,0,0,,,
0.34271999999999997,0.7750888151316473,0,,,0,0,,,
0.3428,0.7752986507352007,0,,,0,0,,,
0.34287999999999996,0.7755084167812826,0,,,0,0,,,
0.34296,0.7757181132168938,0,,,0,0,,,
0.34303999999999996,0.7759277399890514,0,,,0,0,,,
0.34312,0.776137297044791,0,,,0,0,,,
0.3432,0.7763467843311658,0,,,0,0,,,
0.34328,0.7765562017952454,0,,,0,0,,,
0.34336,0.7767655493841192,0,,,0,0,,,
0.34343999999999997,0.7769748270448922,0,,,0,0,,,
0.34352,0.7771840347246884,0,,,0,0,,,
0.34359999999999996,0.7773931723706484,0,,,0,0,,,
0.34368,0.7776022399299318,0,,,0,0,,,
0.34375999999999995,0.7778112373497148,0,,,0,0,,,
0.34384,0.7780201645771918,0,,,0,0,,,
0.34392,0.7782290215595751,0,,,0,0,,,
0.344,0.7784378082440938,0,,,0,0,,,
0.34408,0.7786465245779963,0,,,0,0,,,
0.34415999999999997,0.7788551705085472,0,,,0,0,,,
0.34424,0.7790637459830304,0,,,0,0,,,
0.34431999999999996,0.7792722509487461,0,,,0,0,,,
0.3444,0.7794806853530137,0,,,0,0,,,
0.34447999999999995,0.779689049143169,0,,,0,0,,,
0.34456,0.7798973422665674,0,,,0,0,,,
0.34464,0.7801055646705805,0,,,0,0,,,
0.34471999999999997,0.7803137163025984,0,,,0,0,,,
0.3448,0.7805217971100292,0,,,0,0,,,
0.34487999999999996,0.780729807040299,0,,,0,0,,,
0.34496,0.7809377460408518,0,,,0,0,,,
0.34503999999999996,0.7811456140591487,0,,,0,0,,,
0.34512,0.78135341104267,0,,,0,0,,,
0.3452,0.7815611369389133,0,,,0,0,,,
0.34528,0.7817687916953934,0,,,0,0,,,
0.34536,0.7819763752596448,0,,,0,0,,,
0.34543999999999997,0.7821838875792184,0,,,0,0,,,
0.34552,0.7823913286016844,0,,,0,0,,,
0.34559999999999996,0.7825986982746298,0,,,0,0,,,
0.34568,0.7828059965456604,0,,,0,0,,,
0.34575999999999996,0.7830132233623998,0,,,0,0,,,
0.34584,0.7832203786724896,0,,,0,0,,,
0.34592,0.78342746242359,0,,,0,0,,,
0.346,0.7836344745633781,0,,,0,0,,,
0.34608,0.7838414150395505,0,,,0,0,,,
0.34615999999999997,0.7840482837998207,0,,,0,0,,,
0.34624,0.7842550807919212,0,,,0,0,,,
0.34631999999999996,0.7844618059636022,0,,,0,0,,,
0.3464,0.7846684592626322,0,,,0,0,,,
0.34647999999999995,0.7848750406367975,0,,,0,0,,,
0.34656,0.7850815500339032,0,,,0,0,,,
0.34664,0.7852879874017722,0,,,0,0,,,
0.34672,0.7854943526882454,0,,,0,0,,,
0.3468,0.7857006458411824,0,,,0,0,,,
0.34687999999999997,0.7859068668084607,0,,,0,0,,,
0.34696,0.7861130155379762,0,,,0,0,,,
0.34703999999999996,0.7863190919776428,0,,,0,0,,,
0.34712,0.7865250960753932,0,,,0,0,,,
0.34719999999999995,0.7867310277791776,0,,,0,0,,,
0.34728,0.7869368870369652,0,,,0,0,,,
0.34736,0.7871426737967432,0,,,0,0,,,
0.34743999999999997,0.7873483880065167,0,,,0,0,,,
0.34752,0.7875540296143102,0,,,0,0,,,
0.34759999999999996,0.7877595985681655,0,,,0,0,,,
0.34768,0.7879650948161433,0,,,0,0,,,
0.34775999999999996,0.7881705183063225,0,,,0,0,,,
0.34784,0.7883758689868005,0,,,0,0,,,
0.34792,0.7885811468056929,0,,,0,0,,,
0.348,0.7887863517111338,0,,,0,0,,,
0.34808,0.7889914836512759,0,,,0,0,,,
0.34815999999999997,0.7891965425742898,0,,,0,0,,,
0.34824,0.7894015284283658,0,,,0,0,,,
0.34831999999999996,0.7896064411617106,0,,,0,0,,,
0.3484,0.7898112807225516,0,,,0,0,,,
0.34847999999999996,0.7900160470591331,0,,,0,0,,,
0.34856,0.7902207401197185,0,,,0,0,,,
0.34864,0.7904253598525901,0,,,0,0,,,
0.34872,0.7906299062060476,0,,,0,0,,,
0.3488,0.7908343791284104,0,,,0,0,,,
0.34887999999999997,0.7910387785680156,0,,,0,0,,,
0.34896,0.7912431044732201,0,,,0,0,,,
0.34903999999999996,0.7914473567923975,0,,,0,0,,,
0.34912,0.7916515354739418,0,,,0,0,,,
0.34919999999999995,0.7918556404662642,0,,,0,0,,,
0.34928,0.7920596717177958,0,,,0,0,,,
0.34936,0.7922636291769855,0,,,0,0,,,
0.34944,0.7924675127923004,0,,,0,0,,,
0.34952,0.7926713225122278,0,,,0,0,,,
0.34959999999999997,0.792875058285272,0,,,0,0,,,
0.34968,0.7930787200599574,0,,,0,0,,,
0.34975999999999996,0.7932823077848259,0,,,0,0,,,
0.34984,0.7934858214084389,0,,,0,0,,,
0.34991999999999995,0.7936892608793761,0,,,0,0,,,
0.35,0.7938926261462365,0,,,0,0,,,
0.35008,0.7940959171576372,0,,,0,0,,,
0.35015999999999997,0.794299133862214,0,,,0,0,,,
0.35024,0.7945022762086223,0,,,0,0,,,
0.35031999999999996,0.7947053441455352,0,,,0,0,,,
0.3504,0.7949083376216459,0,,,0,0,,,
0.35047999999999996,0.7951112565856653,0,,,0,0,,,
0.35056,0.7953141009863235,0,,,0,0,,,
0.35063999999999995,0.7955168707723693,0,,,0,0,,,
0.35072,0.795719565892571,0,,,0,0,,,
0.3508,0.7959221862957149,0,,,0,0,,,
0.35087999999999997,0.7961247319306063,0,,,0,0,,,
0.35096,0.7963272027460703,0,,,0,0,,,
0.35103999999999996,0.7965295986909497,0,,,0,0,,,
0.35112,0.7967319197141072,0,,,0,0,,,
0.35119999999999996,0.7969341657644234,0,,,0,0,,,
0.35128,0.7971363367907992,0,,,0,0,,,
0.35136,0.7973384327421531,0,,,0,0,,,
0.35144,0.7975404535674233,0,,,0,0,,,
0.35152,0.797742399215567,0,,,0,0,,,
0.35159999999999997,0.7979442696355602,0,,,0,0,,,
0.35168,0.7981460647763977,0,,,0,0,,,
0.35175999999999996,0.7983477845870938,0,,,0,0,,,
0.35184,0.7985494290166812,0,,,0,0,,,
0.35191999999999996,0.7987509980142129,0,,,0,0,,,
0.352,0.7989524915287592,0,,,0,0,,,
0.35208,0.799153909509411,0,,,0,0,,,
0.35216,0.7993552519052773,0,,,0,0,,,
0.35224,0.7995565186654867,0,,,0,0,,,
0.35231999999999997,0.7997577097391865,0,,,0,0,,,
0.3524,0.7999588250755438,0,,,0,0,,,
0.35247999999999996,0.8001598646237442,0,,,0,0,,,
0.35256,0.8003608283329926,0,,,0,0,,,
0.35263999999999995,0.8005617161525136,0,,,0,0,,,
0.35272,0.8007625280315498,0,,,0,0,,,
0.3528,0.800963263919364,0,,,0,0,,,
0.35287999999999997,0.8011639237652382,0,,,0,0,,,
0.35296,0.8013645075184729,0,,,0,0,,,
0.35303999999999996,0.8015650151283883,0,,,0,0,,,
0.35312,0.801765446544324,0,,,0,0,,,
0.35319999999999996,0.8019658017156384,0,,,0,0,,,
0.35328,0.8021660805917095,0,,,0,0,,,
0.35335999999999995,0.8023662831219343,0,,,0,0,,,
0.35344,0.8025664092557295,0,,,0,0,,,
0.35352,0.8027664589425308,0,,,0,0,,,
0.35359999999999997,0.8029664321317929,0,,,0,0,,,
0.35368,0.8031663287729909,0,,,0,0,,,
0.35375999999999996,0.8033661488156179,0,,,0,0,,,
0.35384,0.8035658922091874,0,,,0,0,,,
0.35391999999999996,0.8037655589032315,0,,,0,0,,,
0.354,0.8039651488473025,0,,,0,0,,,
0.35408,0.8041646619909715,0,,,0,0,,,
0.35416,0.8043640982838287,0,,,0,0,,,
0.35424,0.8045634576754845,0,,,0,0,,,
0.35431999999999997,0.8047627401155685,0,,,0,0,,,
0.3544,0.8049619455537296,0,,,0,0,,,
0.35447999999999996,0.8051610739396357,0,,,0,0,,,
0.35456,0.8053601252229753,0,,,0,0,,,
0.35463999999999996,0.8055590993534553,0,,,0,0,,,
0.35472,0.8057579962808027,0,,,0,0,,,
0.3548,0.805956815954764,0,,,0,0,,,
0.35488,0.8061555583251045,0,,,0,0,,,
0.35496,0.8063542233416102,0,,,0,0,,,
0.35503999999999997,0.8065528109540857,0,,,0,0,,,
0.35512,0.8067513211123556,0,,,0,0,,,
0.35519999999999996,0.8069497537662638,0,,,0,0,,,
0.35528,0.8071481088656739,0,,,0,0,,,
0.35535999999999995,0.8073463863604694,0,,,0,0,,,
0.35544,0.8075445862005531,0,,,0,0,,,
0.35552,0.8077427083358475,0,,,0,0,,,
0.35559999999999997,0.807940752716294,0,,,0,0,,,
0.35568,0.8081387192918554,0,,,0,0,,,
0.35575999999999997,0.8083366080125123,0,,,0,0,,,
0.35584,0.8085344188282663,0,,,0,0,,,
0.35591999999999996,0.8087321516891375,0,,,0,0,,,
0.356,0.808929806545167,0,,,0,0,,,
0.35607999999999995,0.8091273833464148,0,,,0,0,,,
0.35616,0.8093248820429606,0,,,0,0,,,
0.35624,0.809522302584904,0,,,0,0,,,
0.35631999999999997,0.8097196449223644,0,,,0,0,,,
0.3564,0.8099169090054811,0,,,0,0,,,
0.35647999999999996,0.8101140947844128,0,,,0,0,,,
0.35656,0.810311202209338,0,,,0,0,,,
0.35663999999999996,0.8105082312304558,0,,,0,0,,,
0.35672,0.8107051817979839,0,,,0,0,,,
0.3568,0.8109020538621606,0,,,0,0,,,
0.35688,0.8110988473732436,0,,,0,0,,,
0.35696,0.8112955622815111,0,,,0,0,,,
0.35703999999999997,0.8114921985372604,0,,,0,0,,,
0.35712,0.8116887560908094,0,,,0,0,,,
0.35719999999999996,0.811885234892495,0,,,0,0,,,
0.35728,0.8120816348926748,0,,,0,0,,,
0.35735999999999996,0.8122779560417259,0,,,0,0,,,
0.35744,0.8124741982900457,0,,,0,0,,,
0.35752,0.8126703615880512,0,,,0,0,,,
0.3576,0.8128664458861787,0,,,0,0,,,
0.35768,0.8130624511348864,0,,,0,0,,,
0.35775999999999997,0.8132583772846502,0,,,0,0,,,
0.35784,0.8134542242859676,0,,,0,0,,,
0.35791999999999996,0.8136499920893551,0,,,0,0,,,
0.358,0.8138456806453502,0,,,0,0,,,
0.35807999999999995,0.8140412899045094,0,,,0,0,,,
0.35816,0.81423681981741,0,,,0,0,,,
0.35824,0.8144322703346489,0,,,0,0,,,
0.35831999999999997,0.814627641406843,0,,,0,0,,,
0.3584,0.81482293298463,0,,,0,0,,,
0.35847999999999997,0.8150181450186667,0,,,0,0,,,
0.35856,0.8152132774596308,0,,,0,0,,,
0.35863999999999996,0.8154083302582193,0,,,0,0,,,
0.35872,0.8156033033651503,0,,,0,0,,,
0.35879999999999995,0.8157981967311613,0,,,0,0,,,
0.35888,0.8159930103070102,0,,,0,0,,,
0.35896,0.8161877440434753,0,,,0,0,,,
0.35903999999999997,0.8163823978913541,0,,,0,0,,,
0.35912,0.8165769718014658,0,,,0,0,,,
0.35919999999999996,0.8167714657246483,0,,,0,0,,,
0.35928,0.816965879611761,0,,,0,0,,,
0.35935999999999996,0.8171602134136827,0,,,0,0,,,
0.35944,0.8173544670813127,0,,,0,0,,,
0.35951999999999995,0.8175486405655701,0,,,0,0,,,
0.3596,0.8177427338173954,0,,,0,0,,,
0.35968,0.8179367467877481,0,,,0,0,,,
0.35975999999999997,0.8181306794276084,0,,,0,0,,,
0.35984,0.8183245316879775,0,,,0,0,,,
0.35991999999999996,0.8185183035198759,0,,,0,0,,,
0.36,0.818711994874345,0,,,0,0,,,
0.36007999999999996,0.818905605702446,0,,,0,0,,,
0.36016,0.8190991359552614,0,,,0,0,,,
0.36024,0.8192925855838935,0,,,0,0,,,
0.36032,0.8194859545394644,0,,,0,0,,,
0.3604,0.8196792427731174,0,,,0,0,,,
0.36047999999999997,0.8198724502360158,0,,,0,0,,,
0.36056,0.8200655768793441,0,,,0,0,,,
0.36063999999999996,0.8202586226543057,0,,,0,0,,,
0.36072,0.8204515875121259,0,,,0,0,,,
0.36079999999999995,0.8206444714040494,0,,,0,0,,,
0.36088,0.8208372742813421,0,,,0,0,,,
0.36096,0.8210299960952898,0,,,0,0,,,
0.36103999999999997,0.8212226367971996,0,,,0,0,,,
0.36112,0.8214151963383979,0,,,0,0,,,
0.36119999999999997,0.8216076746702324,0,,,0,0,,,
0.36128,0.8218000717440715,0,,,0,0,,,
0.36135999999999996,0.8219923875113035,0,,,0,0,,,
0.36144,0.8221846219233374,0,,,0,0,,,
0.36151999999999995,0.8223767749316033,0,,,0,0,,,
0.3616,0.8225688464875512,0,,,0,0,,,
0.36168,0.8227608365426522,0,,,0,0,,,
0.36175999999999997,0.8229527450483971,0,,,0,0,,,
0.36184,0.8231445719562988,0,,,0,0,,,
0.36191999999999996,0.8233363172178891,0,,,0,0,,,
0.362,0.8235279807847221,0,,,0,0,,,
0.36207999999999996,0.8237195626083711,0,,,0,0,,,
0.36216,0.823911062640431,0,,,0,0,,,
0.36223999999999995,0.8241024808325169,0,,,0,0,,,
0.36232,0.8242938171362649,0,,,0,0,,,
0.3624,0.8244850715033315,0,,,0,0,,,
0.36247999999999997,0.8246762438853938,0,,,0,0,,,
0.36256,0.8248673342341503,0,,,0,0,,,
0.36263999999999996,0.8250583425013192,0,,,0,0,,,
0.36272,0.8252492686386406,0,,,0,0,,,
0.36279999999999996,0.8254401125978742,0,,,0,0,,,
0.36288,0.8256308743308012,0,,,0,0,,,
0.36296,0.8258215537892238,0,,,0,0,,,
0.36304,0.8260121509249638,0,,,0,0,,,
0.36312,0.8262026656898651,0,,,0,0,,,
0.36319999999999997,0.8263930980357916,0,,,0,0,,,
0.36328,0.8265834479146288,0,,,0,0,,,
0.36335999999999996,0.8267737152782819,0,,,0,0,,,
0.36344,0.8269639000786781,0,,,0,0,,,
0.36351999999999995,0.8271540022677647,0,,,0,0,,,
0.3636,0.8273440217975102,0,,,0,0,,,
0.36368,0.8275339586199039,0,,,0,0,,,
0.36376,0.8277238126869559,0,,,0,0,,,
0.36384,0.8279135839506974,0,,,0,0,,,
0.36391999999999997,0.8281032723631805,0,,,0,0,,,
0.364,0.8282928778764782,0,,,0,0,,,
0.36407999999999996,0.8284824004426841,0,,,0,0,,,
0.36416,0.8286718400139136,0,,,0,0,,,
0.36423999999999995,0.828861196542302,0,,,0,0,,,
0.36432,0.8290504699800066,0,,,0,0,,,
0.3644,0.829239660279205,0,,,0,0,,,
0.36447999999999997,0.8294287673920958,0,,,0,0,,,
0.36456,0.8296177912708994,0,,,0,0,,,
0.36463999999999996,0.8298067318678559,0,,,0,0,,,
0.36472,0.8299955891352281,0,,,0,0,,,
0.36479999999999996,0.8301843630252983,0,,,0,0,,,
0.36488,0.8303730534903708,0,,,0,0,,,
0.36495999999999995,0.8305616604827707,0,,,0,0,,,
0.36504,0.8307501839548442,0,,,0,0,,,
0.36512,0.8309386238589586,0,,,0,0,,,
0.36519999999999997,0.8311269801475024,0,,,0,0,,,
0.36528,0.8313152527728849,0,,,0,0,,,
0.36535999999999996,0.8315034416875371,0,,,0,0,,,
0.36544,0.8316915468439107,0,,,0,0,,,
0.36551999999999996,0.8318795681944785,0,,,0,0,,,
0.3656,0.832067505691735,0,,,0,0,,,
0.36568,0.8322553592881955,0,,,0,0,,,
0.36576,0.8324431289363963,0,,,0,0,,,
0.36584,0.8326308145888955,0,,,0,0,,,
0.36591999999999997,0.8328184161982718,0,,,0,0,,,
0.366,0.8330059337171257,0,,,0,0,,,
0.36607999999999996,0.8331933670980785,0,,,0,0,,,
0.36616,0.8333807162937731,0,,,0,0,,,
0.36623999999999995,0.8335679812568731,0,,,0,0,,,
0.36632,0.8337551619400645,0,,,0,0,,,
0.3664,0.8339422582960532,0,,,0,0,,,
0.36648,0.8341292702775672,0,,,0,0,,,
0.36656,0.834316197837356,0,,,0,0,,,
0.36663999999999997,0.83450304092819,0,,,0,0,,,
0.36672,0.834689799502861,0,,,0,0,,,
0.36679999999999996,0.834876473514182,0,,,0,0,,,
0.36688,0.8350630629149883,0,,,0,0,,,
0.36695999999999995,0.8352495676581353,0,,,0,0,,,
0.36704,0.8354359876965006,0,,,0,0,,,
0.36712,0.8356223229829827,0,,,0,0,,,
0.36719999999999997,0.835808573470502,0,,,0,0,,,
0.36728,0.835994739112,0,,,0,0,,,
0.36735999999999996,0.8361808198604398,0,,,0,0,,,
0.36744,0.8363668156688061,0,,,0,0,,,
0.36751999999999996,0.8365527264901044,0,,,0,0,,,
0.3676,0.8367385522773625,0,,,0,0,,,
0.36767999999999995,0.8369242929836291,0,,,0,0,,,
0.36776,0.8371099485619747,0,,,0,0,,,
0.36784,0.8372955189654913,0,,,0,0,,,
0.36791999999999997,0.837481004147292,0,,,0,0,,,
0.368,0.8376664040605122,0,,,0,0,,,
0.36807999999999996,0.8378517186583081,0,,,0,0,,,
0.36816,0.838036947893858,0,,,0,0,,,
0.36823999999999996,0.8382220917203612,0,,,0,0,,,
0.36832,0.8384071500910393,0,,,0,0,,,
0.36839999999999995,0.8385921229591348,0,,,0,0,,,
0.36848,0.8387770102779125,0,,,0,0,,,
0.36856,0.8389618120006579,0,,,0,0,,,
0.36863999999999997,0.8391465280806789,0,,,0,0,,,
0.36872,0.8393311584713051,0,,,0,0,,,
0.36879999999999996,0.8395157031258869,0,,,0,0,,,
0.36888,0.8397001619977974,0,,,0,0,,,
0.36895999999999995,0.8398845350404304,0,,,0,0,,,
0.36904,0.8400688222072021,0,,,0,0,,,
0.36912,0.8402530234515503,0,,,0,0,,,
0.3692,0.840437138726934,0,,,0,0,,,
0.36928,0.8406211679868347,0,,,0,0,,,
0.36935999999999997,0.8408051111847551,0,,,0,0,,,
0.36944,0.8409889682742195,0,,,0,0,,,
0.36951999999999996,0.8411727392087746,0,,,0,0,,,
0.3696,0.8413564239419883,0,,,0,0,,,
0.36967999999999995,0.8415400224274503,0,,,0,0,,,
0.36976,0.8417235346187726,0,,,0,0,,,
0.36984,0.8419069604695888,0,,,0,0,,,
0.36991999999999997,0.8420902999335534,0,,,0,0,,,
0.37,0.8422735529643444,0,,,0,0,,,
0.37007999999999996,0.84245671951566,0,,,0,0,,,
0.37016,0.8426397995412218,0,,,0,0,,,
0.37023999999999996,0.8428227929947717,0,,,0,0,,,
0.37032,0.8430056998300748,0,,,0,0,,,
0.37039999999999995,0.8431885200009169,0,,,0,0,,,
0.37048,0.8433712534611071,0,,,0,0,,,
0.37056,0.8435539001644748,0,,,0,0,,,
0.37063999999999997,0.8437364600648729,0,,,0,0,,,
0.37072,0.8439189331161748,0,,,0,0,,,
0.37079999999999996,0.8441013192722772,0,,,0,0,,,
0.37088,0.8442836184870974,0,,,0,0,,,
0.37095999999999996,0.8444658307145758,0,,,0,0,,,
0.37104,0.8446479559086744,0,,,0,0,,,
0.37111999999999995,0.8448299940233766,0,,,0,0,,,
0.3712,0.8450119450126885,0,,,0,0,,,
0.37128,0.8451938088306383,0,,,0,0,,,
0.37135999999999997,0.845375585431276,0,,,0,0,,,
0.37144,0.8455572747686729,0,,,0,0,,,
0.37151999999999996,0.8457388767969237,0,,,0,0,,,
0.3716,0.8459203914701442,0,,,0,0,,,
0.37167999999999995,0.8461018187424727,0,,,0,0,,,
0.37176,0.8462831585680693,0,,,0,0,,,
0.37184,0.8464644109011167,0,,,0,0,,,
0.37192,0.8466455756958187,0,,,0,0,,,
0.372,0.8468266529064024,0,,,0,0,,,
0.37207999999999997,0.8470076424871162,0,,,0,0,,,
0.37216,0.8471885443922312,0,,,0,0,,,
0.37223999999999996,0.8473693585760403,0,,,0,0,,,
0.37232,0.8475500849928586,0,,,0,0,,,
0.37239999999999995,0.8477307235970233,0,,,0,0,,,
0.37248,0.8479112743428942,0,,,0,0,,,
0.37256,0.8480917371848528,0,,,0,0,,,
0.37263999999999997,0.848272112077303,0,,,0,0,,,
0.37272,0.8484523989746712,0,,,0,0,,,
0.37279999999999996,0.8486325978314052,0,,,0,0,,,
0.37288,0.8488127086019763,0,,,0,0,,,
0.37295999999999996,0.8489927312408772,0,,,0,0,,,
0.37304,0.8491726657026226,0,,,0,0,,,
0.37311999999999995,0.8493525119417504,0,,,0,0,,,
0.3732,0.8495322699128203,0,,,0,0,,,
0.37328,0.8497119395704141,0,,,0,0,,,
0.37335999999999997,0.8498915208691361,0,,,0,0,,,
0.37344,0.8500710137636135,0,,,0,0,,,
0.37351999999999996,0.8502504182084943,0,,,0,0,,,
0.3736,0.8504297341584508,0,,,0,0,,,
0.37367999999999996,0.8506089615681761,0,,,0,0,,,
0.37376,0.8507881003923866,0,,,0,0,,,
0.37383999999999995,0.8509671505858204,0,,,0,0,,,
0.37392,0.8511461121032385,0,,,0,0,,,
0.374,0.8513249848994245,0,,,0,0,,,
0.37407999999999997,0.8515037689291837,0,,,0,0,,,
0.37416,0.8516824641473442,0,,,0,0,,,
0.37423999999999996,0.8518610705087565,0,,,0,0,,,
0.37432,0.8520395879682939,0,,,0,0,,,
0.37439999999999996,0.8522180164808514,0,,,0,0,,,
0.37448,0.8523963560013472,0,,,0,0,,,
0.37456,0.8525746064847217,0,,,0,0,,,
0.37464,0.8527527678859378,0,,,0,0,,,
0.37472,0.8529308401599807,0,,,0,0,,,
0.37479999999999997,0.8531088232618584,0,,,0,0,,,
0.37488,0.8532867171466018,0,,,0,0,,,
0.37495999999999996,0.8534645217692632,0,,,0,0,,,
0.37504,0.8536422370849187,0,,,0,0,,,
0.37511999999999995,0.8538198630486661,0,,,0,0,,,
0.3752,0.8539973996156263,0,,,0,0,,,
0.37528,0.8541748467409424,0,,,0,0,,,
0.37535999999999997,0.8543522043797803,0,,,0,0,,,
0.37544,0.8545294724873288,0,,,0,0,,,
0.37551999999999996,0.8547066510187984,0,,,0,0,,,
0.3756,0.8548837399294233,0,,,0,0,,,
0.37567999999999996,0.8550607391744598,0,,,0,0,,,
0.37576,0.855237648709187,0,,,0,0,,,
0.37583999999999995,0.8554144684889065,0,,,0,0,,,
0.37592,0.8555911984689426,0,,,0,0,,,
0.376,0.8557678386046427,0,,,0,0,,,
0.37607999999999997,0.855944388851376,0,,,0,0,,,
0.37616,0.8561208491645356,0,,,0,0,,,
0.37623999999999996,0.8562972194995365,0,,,0,0,,,
0.37632,0.8564734998118164,0,,,0,0,,,
0.37639999999999996,0.8566496900568362,0,,,0,0,,,
0.37648,0.8568257901900795,0,,,0,0,,,
0.37655999999999995,0.8570018001670521,0,,,0,0,,,
0.37664,0.8571777199432834,0,,,0,0,,,
0.37672,0.8573535494743251,0,,,0,0,,,
0.37679999999999997,0.8575292887157515,0,,,0,0,,,
0.37688,0.8577049376231601,0,,,0,0,,,
0.37695999999999996,0.8578804961521713,0,,,0,0,,,
0.37704,0.8580559642584281,0,,,0,0,,,
0.37711999999999996,0.8582313418975963,0,,,0,0,,,
0.3772,0.8584066290253648,0,,,0,0,,,
0.37728,0.8585818255974451,0,,,0,0,,,
0.37736,0.8587569315695718,0,,,0,0,,,
0.37744,0.8589319468975023,0,,,0,0,,,
0.37751999999999997,0.8591068715370165,0,,,0,0,,,
0.3776,0.8592817054439182,0,,,0,0,,,
0.37767999999999996,0.8594564485740334,0,,,0,0,,,
0.37776,0.8596311008832109,0,,,0,0,,,
0.37783999999999995,0.8598056623273229,0,,,0,0,,,
0.37792,0.8599801328622645,0,,,0,0,,,
0.378,0.8601545124439536,0,,,0,0,,,
0.37807999999999997,0.8603288010283306,0,,,0,0,,,
0.37816,0.8605029985713603,0,,,0,0,,,
0.37823999999999997,0.860677105029029,0,,,0,0,,,
0.37832,0.860851120357347,0,,,0,0,,,
0.37839999999999996,0.861025044512347,0,,,0,0,,,
0.37848,0.8611988774500849,0,,,0,0,,,
0.37855999999999995,0.8613726191266402,0,,,0,0,,,
0.37864,0.8615462694981147,0,,,0,0,,,
0.37872,0.8617198285206338,0,,,0,0,,,
0.37879999999999997,0.861893296150345,0,,,0,0,,,
0.37888,0.8620666723434208,0,,,0,0,,,
0.37895999999999996,0.8622399570560548,0,,,0,0,,,
0.37904,0.8624131502444649,0,,,0,0,,,
0.37911999999999996,0.8625862518648916,0,,,0,0,,,
0.3792,0.8627592618735989,0,,,0,0,,,
0.37927999999999995,0.8629321802268737,0,,,0,0,,,
0.37936,0.8631050068810261,0,,,0,0,,,
0.37944,0.8632777417923895,0,,,0,0,,,
0.37951999999999997,0.8634503849173202,0,,,0,0,,,
0.3796,0.863622936212198,0,,,0,0,,,
0.37967999999999996,0.8637953956334256,0,,,0,0,,,
0.37976,0.8639677631374295,0,,,0,0,,,
0.37983999999999996,0.8641400386806583,0,,,0,0,,,
0.37992,0.8643122222195853,0,,,0,0,,,
0.37999999999999995,0.8644843137107057,0,,,0,0,,,
0.38008,0.8646563131105389,0,,,0,0,,,
0.38016,0.8648282203756269,0,,,0,0,,,
0.38023999999999997,0.8650000354625358,0,,,0,0,,,
0.38032,0.865171758327854,0,,,0,0,,,
0.38039999999999996,0.8653433889281938,0,,,0,0,,,
0.38048,0.8655149272201907,0,,,0,0,,,
0.38055999999999995,0.8656863731605038,0,,,0,0,,,
0.38064,0.8658577267058146,0,,,0,0,,,
0.38072,0.8660289878128294,0,,,0,0,,,
0.38079999999999997,0.8662001564382765,0,,,0,0,,,
0.38088,0.8663712325389082,0,,,0,0,,,
0.38095999999999997,0.8665422160715002,0,,,0,0,,,
0.38104,0.8667131069928513,0,,,0,0,,,
0.38111999999999996,0.866883905259784,0,,,0,0,,,
0.3812,0.8670546108291441,0,,,0,0,,,
0.38127999999999995,0.867225223657801,0,,,0,0,,,
0.38136,0.8673957437026469,0,,,0,0,,,
0.38144,0.8675661709205985,0,,,0,0,,,
0.38151999999999997,0.8677365052685946,0,,,0,0,,,
0.3816,0.8679067467035987,0,,,0,0,,,
0.38167999999999996,0.8680768951825972,0,,,0,0,,,
0.38176,0.8682469506626002,0,,,0,0,,,
0.38183999999999996,0.8684169131006406,0,,,0,0,,,
0.38192,0.8685867824537762,0,,,0,0,,,
0.38199999999999995,0.8687565586790867,0,,,0,0,,,
0.38208,0.8689262417336767,0,,,0,0,,,
0.38216,0.8690958315746737,0,,,0,0,,,
0.38223999999999997,0.8692653281592283,0,,,0,0,,,
0.38232,0.8694347314445159,0,,,0,0,,,
0.38239999999999996,0.869604041387734,0,,,0,0,,,
0.38248,0.8697732579461052,0,,,0,0,,,
0.38255999999999996,0.8699423810768744,0,,,0,0,,,
0.38264,0.8701114107373107,0,,,0,0,,,
0.38271999999999995,0.8702803468847069,0,,,0,0,,,
0.3828,0.8704491894763792,0,,,0,0,,,
0.38288,0.8706179384696677,0,,,0,0,,,
0.38295999999999997,0.8707865938219355,0,,,0,0,,,
0.38304,0.8709551554905703,0,,,0,0,,,
0.38311999999999996,0.8711236234329828,0,,,0,0,,,
0.3832,0.8712919976066077,0,,,0,0,,,
0.38327999999999995,0.8714602779689028,0,,,0,0,,,
0.38336,0.8716284644773508,0,,,0,0,,,
0.38344,0.8717965570894569,0,,,0,0,,,
0.38351999999999997,0.8719645557627504,0,,,0,0,,,
0.3836,0.872132460454785,0,,,0,0,,,
0.38367999999999997,0.8723002711231368,0,,,0,0,,,
0.38376,0.8724679877254072,0,,,0,0,,,
0.38383999999999996,0.8726356102192202,0,,,0,0,,,
0.38392,0.8728031385622241,0,,,0,0,,,
0.38399999999999995,0.8729705727120908,0,,,0,0,,,
0.38408,0.8731379126265164,0,,,0,0,,,
0.38416,0.87330515826322,0,,,0,0,,,
0.38423999999999997,0.8734723095799451,0,,,0,0,,,
0.38432,0.8736393665344594,0,,,0,0,,,
0.38439999999999996,0.8738063290845532,0,,,0,0,,,
0.38448,0.8739731971880424,0,,,0,0,,,
0.38455999999999996,0.8741399708027647,0,,,0,0,,,
0.38464,0.8743066498865838,0,,,0,0,,,
0.38471999999999995,0.8744732343973853,0,,,0,0,,,
0.3848,0.8746397242930807,0,,,0,0,,,
0.38488,0.8748061195316035,0,,,0,0,,,
0.38495999999999997,0.8749724200709121,0,,,0,0,,,
0.38504,0.875138625868989,0,,,0,0,,,
0.38511999999999996,0.87530473688384,0,,,0,0,,,
0.3852,0.8754707530734956,0,,,0,0,,,
0.38527999999999996,0.8756366743960095,0,,,0,0,,,
0.38536,0.8758025008094598,0,,,0,0,,,
0.38543999999999995,0.8759682322719482,0,,,0,0,,,
0.38552,0.8761338687416015,0,,,0,0,,,
0.3856,0.8762994101765689,0,,,0,0,,,
0.38567999999999997,0.8764648565350245,0,,,0,0,,,
0.38576,0.8766302077751668,0,,,0,0,,,
0.38583999999999996,0.8767954638552172,0,,,0,0,,,
0.38592,0.8769606247334223,0,,,0,0,,,
0.38599999999999995,0.8771256903680518,0,,,0,0,,,
0.38608,0.8772906607174003,0,,,0,0,,,
0.38616,0.8774555357397861,0,,,0,0,,,
0.38623999999999997,0.8776203153935511,0,,,0,0,,,
0.38632,0.8777849996370621,0,,,0,0,,,
0.38639999999999997,0.8779495884287097,0,,,0,0,,,
0.38648,0.8781140817269086,0,,,0,0,,,
0.38655999999999996,0.8782784794900974,0,,,0,0,,,
0.38664,0.8784427816767393,0,,,0,0,,,
0.38671999999999995,0.8786069882453211,0,,,0,0,,,
0.3868,0.8787710991543545,0,,,0,0,,,
0.38688,0.8789351143623748,0,,,0,0,,,
0.38695999999999997,0.8790990338279412,0,,,0,0,,,
0.38704,0.879262857509638,0,,,0,0,,,
0.38711999999999996,0.8794265853660729,0,,,0,0,,,
0.3872,0.8795902173558782,0,,,0,0,,,
0.38727999999999996,0.8797537534377103,0,,,0,0,,,
0.38736,0.8799171935702502,0,,,0,0,,,
0.38743999999999995,0.8800805377122022,0,,,0,0,,,
0.38752,0.880243785822296,0,,,0,0,,,
0.3876,0.8804069378592849,0,,,0,0,,,
0.38767999999999997,0.8805699937819462,0,,,0,0,,,
0.38776,0.8807329535490827,0,,,0,0,,,
0.38783999999999996,0.8808958171195198,0,,,0,0,,,
0.38792,0.8810585844521087,0,,,0,0,,,
0.38799999999999996,0.8812212555057239,0,,,0,0,,,
0.38808,0.8813838302392649,0,,,0,0,,,
0.38815999999999995,0.8815463086116552,0,,,0,0,,,
0.38824,0.8817086905818425,0,,,0,0,,,
0.38832,0.8818709761087996,0,,,0,0,,,
0.38839999999999997,0.8820331651515225,0,,,0,0,,,
0.38848,0.8821952576690327,0,,,0,0,,,
0.38855999999999996,0.8823572536203753,0,,,0,0,,,
0.38864,0.8825191529646202,0,,,0,0,,,
0.38871999999999995,0.8826809556608615,0,,,0,0,,,
0.3888,0.8828426616682183,0,,,0,0,,,
0.38888,0.8830042709458331,0,,,0,0,,,
0.38896,0.8831657834528734,0,,,0,0,,,
0.38904,0.8833271991485317,0,,,0,0,,,
0.38911999999999997,0.8834885179920238,0,,,0,0,,,
0.3892,0.883649739942591,0,,,0,0,,,
0.38927999999999996,0.8838108649594982,0,,,0,0,,,
0.38936,0.8839718930020359,0,,,0,0,,,
0.38943999999999995,0.8841328240295181,0,,,0,0,,,
0.38952,0.8842936580012835,0,,,0,0,,,
0.3896,0.8844543948766956,0,,,0,0,,,
0.38967999999999997,0.8846150346151426,0,,,0,0,,,
0.38976,0.8847755771760366,0,,,0,0,,,
0.38983999999999996,0.8849360225188148,0,,,0,0,,,
0.38992,0.8850963706029387,0,,,0,0,,,
0.38999999999999996,0.8852566213878946,0,,,0,0,,,
0.39008,0.885416774833193,0,,,0,0,,,
0.39015999999999995,0.8855768308983695,0,,,0,0,,,
0.39024,0.8857367895429838,0,,,0,0,,,
0.39032,0.8858966507266206,0,,,0,0,,,
0.39039999999999997,0.8860564144088889,0,,,0,0,,,
0.39048,0.8862160805494227,0,,,0,0,,,
0.39055999999999996,0.8863756491078806,0,,,0,0,,,
0.39064,0.8865351200439452,0,,,0,0,,,
0.39071999999999996,0.8866944933173249,0,,,0,0,,,
0.3908,0.8868537688877514,0,,,0,0,,,
0.39087999999999995,0.8870129467149825,0,,,0,0,,,
0.39096,0.8871720267587997,0,,,0,0,,,
0.39104,0.8873310089790098,0,,,0,0,,,
0.39111999999999997,0.8874898933354438,0,,,0,0,,,
0.3912,0.8876486797879578,0,,,0,0,,,
0.39127999999999996,0.8878073682964323,0,,,0,0,,,
0.39136,0.8879659588207732,0,,,0,0,,,
0.39143999999999995,0.8881244513209104,0,,,0,0,,,
0.39152,0.8882828457567989,0,,,0,0,,,
0.39159999999999995,0.8884411420884185,0,,,0,0,,,
0.39168,0.8885993402757741,0,,,0,0,,,
0.39176,0.8887574402788945,0,,,0,0,,,
0.39183999999999997,0.888915442057834,0,,,0,0,,,
0.39192,0.8890733455726719,0,,,0,0,,,
0.39199999999999996,0.8892311507835116,0,,,0,0,,,
0.39208,0.889388857650482,0,,,0,0,,,
0.39215999999999995,0.8895464661337364,0,,,0,0,,,
0.39224,0.8897039761934533,0,,,0,0,,,
0.39232,0.8898613877898359,0,,,0,0,,,
0.39239999999999997,0.8900187008831123,0,,,0,0,,,
0.39248,0.8901759154335352,0,,,0,0,,,
0.39255999999999996,0.8903330314013829,0,,,0,0,,,
0.39264,0.890490048746958,0,,,0,0,,,
0.39271999999999996,0.8906469674305882,0,,,0,0,,,
0.3928,0.8908037874126261,0,,,0,0,,,
0.39287999999999995,0.8909605086534492,0,,,0,0,,,
0.39296,0.8911171311134604,0,,,0,0,,,
0.39304,0.8912736547530867,0,,,0,0,,,
0.39311999999999997,0.8914300795327809,0,,,0,0,,,
0.3932,0.8915864054130203,0,,,0,0,,,
0.39327999999999996,0.8917426323543068,0,,,0,0,,,
0.39336,0.8918987603171687,0,,,0,0,,,
0.39343999999999996,0.8920547892621579,0,,,0,0,,,
0.39352,0.8922107191498522,0,,,0,0,,,
0.39359999999999995,0.8923665499408533,0,,,0,0,,,
0.39368,0.8925222815957897,0,,,0,0,,,
0.39376,0.8926779140753132,0,,,0,0,,,
0.39383999999999997,0.8928334473401017,0,,,0,0,,,
0.39392,0.8929888813508579,0,,,0,0,,,
0.39399999999999996,0.8931442160683094,0,,,0,0,,,
0.39408,0.8932994514532092,0,,,0,0,,,
0.39415999999999995,0.893454587466335,0,,,0,0,,,
0.39424,0.8936096240684903,0,,,0,0,,,
0.39431999999999995,0.8937645612205026,0,,,0,0,,,
0.3944,0.893919398883226,0,,,0,0,,,
0.39448,0.8940741370175382,0,,,0,0,,,
0.39455999999999997,0.8942287755843431,0,,,0,0,,,
0.39464,0.8943833145445695,0,,,0,0,,,
0.39471999999999996,0.8945377538591711,0,,,0,0,,,
0.3948,0.8946920934891273,0,,,0,0,,,
0.39487999999999995,0.8948463333954418,0,,,0,0,,,
0.39496,0.8950004735391446,0,,,0,0,,,
0.39504,0.8951545138812902,0,,,0,0,,,
0.39511999999999997,0.8953084543829583,0,,,0,0,,,
0.3952,0.8954622950052542,0,,,0,0,,,
0.39527999999999996,0.895616035709308,0,,,0,0,,,
0.39536,0.8957696764562757,0,,,0,0,,,
0.39543999999999996,0.8959232172073376,0,,,0,0,,,
0.39552,0.8960766579237005,0,,,0,0,,,
0.39559999999999995,0.896229998566595,0,,,0,0,,,
0.39568,0.8963832390972785,0,,,0,0,,,
0.39576,0.8965363794770327,0,,,0,0,,,
0.39583999999999997,0.8966894196671644,0,,,0,0,,,
0.39592,0.8968423596290069,0,,,0,0,,,
0.39599999999999996,0.8969951993239176,0,,,0,0,,,
0.39608,0.8971479387132801,0,,,0,0,,,
0.39615999999999996,0.8973005777585025,0,,,0,0,,,
0.39624,0.8974531164210192,0,,,0,0,,,
0.39631999999999995,0.8976055546622893,0,,,0,0,,,
0.3964,0.8977578924437974,0,,,0,0,,,
0.39648,0.8979101297270538,0,,,0,0,,,
0.39655999999999997,0.8980622664735936,0,,,0,0,,,
0.39664,0.898214302644978,0,,,0,0,,,
0.39671999999999996,0.8983662382027929,0,,,0,0,,,
0.3968,0.8985180731086506,0,,,0,0,,,
0.39687999999999996,0.8986698073241872,0,,,0,0,,,
0.39696,0.8988214408110663,0,,,0,0,,,
0.39703999999999995,0.8989729735309752,0,,,0,0,,,
0.39712,0.8991244054456277,0,,,0,0,,,
0.3972,0.8992757365167625,0,,,0,0,,,
0.39727999999999997,0.8994269667061441,0,,,0,0,,,
0.39736,0.8995780959755625,0,,,0,0,,,
0.39743999999999996,0.8997291242868329,0,,,0,0,,,
0.39752,0.8998800516017964,0,,,0,0,,,
0.39759999999999995,0.9000308778823194,0,,,0,0,,,
0.39768,0.9001816030902938,0,,,0,0,,,
0.39776,0.9003322271876371,0,,,0,0,,,
0.39783999999999997,0.9004827501362923,0,,,0,0,,,
0.39792,0.9006331718982279,0,,,0,0,,,
0.39799999999999996,0.9007834924354383,0,,,0,0,,,
0.39808,0.900933711709943,0,,,0,0,,,
0.39815999999999996,0.9010838296837874,0,,,0,0,,,
0.39824,0.9012338463190425,0,,,0,0,,,
0.39831999999999995,0.9013837615778048,0,,,0,0,,,
0.3984,0.9015335754221963,0,,,0,0,,,
0.39848,0.9016832878143649,0,,,0,0,,,
0.39855999999999997,0.9018328987164839,0,,,0,0,,,
0.39864,0.9019824080907523,0,,,0,0,,,
0.39871999999999996,0.9021318158993947,0,,,0,0,,,
0.3988,0.9022811221046617,0,,,0,0,,,
0.39887999999999996,0.9024303266688293,0,,,0,0,,,
0.39896,0.9025794295541989,0,,,0,0,,,
0.39903999999999995,0.9027284307230982,0,,,0,0,,,
0.39912,0.9028773301378801,0,,,0,0,,,
0.3992,0.9030261277609235,0,,,0,0,,,
0.39927999999999997,0.9031748235546329,0,,,0,0,,,
0.39936,0.9033234174814383,0,,,0,0,,,
0.39943999999999996,0.9034719095037961,0,,,0,0,,,
0.39952,0.903620299584188,0,,,0,0,,,
0.39959999999999996,0.903768587685121,0,,,0,0,,,
0.39968,0.9039167737691287,0,,,0,0,,,
0.39975999999999995,0.9040648577987701,0,,,0,0,,,
0.39984,0.90421283973663,0,,,0,0,,,
0.39992,0.9043607195453189,0,,,0,0,,,
0.39999999999999997,0.9045084971874736,0,,,0,0,,,
0.40008,0.9046561726257559,0,,,0,0,,,
0.40015999999999996,0.904803745822854,0,,,0,0,,,
0.40024,0.9049512167414816,0,,,0,0,,,
0.40031999999999995,0.905098585344379,0,,,0,0,,,
0.4004,0.9052458515943109,0,,,0,0,,,
0.40047999999999995,0.9053930154540696,0,,,0,0,,,
0.40055999999999997,0.9055400768864718,0,,,0,0,,,
0.40064,0.905687035854361,0,,,0,0,,,
0.40071999999999997,0.9058338923206058,0,,,0,0,,,
0.4008,0.9059806462481019,0,,,0,0,,,
0.40087999999999996,0.9061272975997697,0,,,0,0,,,
0.40096,0.9062738463385563,0,,,0,0,,,
0.40103999999999995,0.9064202924274339,0,,,0,0,,,
0.40112,0.9065666358294017,0,,,0,0,,,
0.4012,0.906712876507484,0,,,0,0,,,
0.40127999999999997,0.9068590144247315,0,,,0,0,,,
0.40136,0.9070050495442208,0,,,0,0,,,
0.40143999999999996,0.9071509818290541,0,,,0,0,,,
0.40152,0.9072968112423598,0,,,0,0,,,
0.40159999999999996,0.907442537747293,0,,,0,0,,,
0.40168,0.9075881613070336,0,,,0,0,,,
0.40175999999999995,0.9077336818847882,0,,,0,0,,,
0.40184,0.9078790994437896,0,,,0,0,,,
0.40192,0.9080244139472959,0,,,0,0,,,
0.40199999999999997,0.9081696253585918,0,,,0,0,,,
0.40208,0.9083147336409881,0,,,0,0,,,
0.40215999999999996,0.9084597387578213,0,,,0,0,,,
0.40224,0.9086046406724541,0,,,0,0,,,
0.40231999999999996,0.9087494393482753,0,,,0,0,,,
0.4024,0.9088941347487001,0,,,0,0,,,
0.40247999999999995,0.9090387268371691,0,,,0,0,,,
0.40256,0.9091832155771498,0,,,0,0,,,
0.40264,0.9093276009321349,0,,,0,0,,,
0.40271999999999997,0.909471882865644,0,,,0,0,,,
0.4028,0.9096160613412227,0,,,0,0,,,
0.40287999999999996,0.9097601363224422,0,,,0,0,,,
0.40296,0.9099041077729008,0,,,0,0,,,
0.40303999999999995,0.9100479756562221,0,,,0,0,,,
0.40312,0.910191739936056,0,,,0,0,,,
0.40319999999999995,0.9103354005760788,0,,,0,0,,,
0.40327999999999997,0.9104789575399933,0,,,0,0,,,
0.40336,0.9106224107915277,0,,,0,0,,,
0.40343999999999997,0.9107657602944371,0,,,0,0,,,
0.40352,0.9109090060125025,0,,,0,0,,,
0.40359999999999996,0.911052147909531,0,,,0,0,,,
0.40368,0.9111951859493564,0,,,0,0,,,
0.40375999999999995,0.9113381200958381,0,,,0,0,,,
0.40384,0.9114809503128624,0,,,0,0,,,
0.40392,0.9116236765643414,0,,,0,0,,,
0.40399999999999997,0.9117662988142137,0,,,0,0,,,
0.40408,0.9119088170264439,0,,,0,0,,,
0.40415999999999996,0.9120512311650233,0,,,0,0,,,
0.40424,0.912193541193969,0,,,0,0,,,
0.40431999999999996,0.9123357470773251,0,,,0,0,,,
0.4044,0.9124778487791613,0,,,0,0,,,
0.40447999999999995,0.9126198462635738,0,,,0,0,,,
0.40456,0.9127617394946858,0,,,0,0,,,
0.40464,0.9129035284366458,0,,,0,0,,,
0.40471999999999997,0.913045213053629,0,,,0,0,,,
0.4048,0.9131867933098377,0,,,0,0,,,
0.40487999999999996,0.9133282691694995,0,,,0,0,,,
0.40496,0.913469640596869,0,,,0,0,,,
0.40503999999999996,0.9136109075562269,0,,,0,0,,,
0.40512,0.9137520700118807,0,,,0,0,,,
0.40519999999999995,0.9138931279281639,0,,,0,0,,,
0.40528,0.9140340812694363,0,,,0,0,,,
0.40536,0.9141749300000849,0,,,0,0,,,
0.40543999999999997,0.914315674084522,0,,,0,0,,,
0.40552,0.9144563134871874,0,,,0,0,,,
0.40559999999999996,0.9145968481725465,0,,,0,0,,,
0.40568,0.914737278105092,0,,,0,0,,,
0.40575999999999995,0.9148776032493421,0,,,0,0,,,
0.40584,0.9150178235698425,0,,,0,0,,,
0.40591999999999995,0.9151579390311643,0,,,0,0,,,
0.40599999999999997,0.9152979495979062,0,,,0,0,,,
0.40608,0.9154378552346928,0,,,0,0,,,
0.40615999999999997,0.9155776559061748,0,,,0,0,,,
0.40624,0.9157173515770304,0,,,0,0,,,
0.40631999999999996,0.9158569422119635,0,,,0,0,,,
0.4064,0.9159964277757053,0,,,0,0,,,
0.40647999999999995,0.9161358082330127,0,,,0,0,,,
0.40656,0.9162750835486697,0,,,0,0,,,
0.40664,0.9164142536874869,0,,,0,0,,,
0.40671999999999997,0.9165533186143009,0,,,0,0,,,
0.4068,0.9166922782939757,0,,,0,0,,,
0.40687999999999996,0.9168311326914014,0,,,0,0,,,
0.40696,0.9169698817714947,0,,,0,0,,,
0.40703999999999996,0.917108525499199,0,,,0,0,,,
0.40712,0.9172470638394845,0,,,0,0,,,
0.40719999999999995,0.9173854967573476,0,,,0,0,,,
0.40728,0.9175238242178119,0,,,0,0,,,
0.40736,0.917662046185927,0,,,0,0,,,
0.40743999999999997,0.9178001626267693,0,,,0,0,,,
0.40752,0.9179381735054426,0,,,0,0,,,
0.40759999999999996,0.9180760787870765,0,,,0,0,,,
0.40768,0.9182138784368277,0,,,0,0,,,
0.40775999999999996,0.9183515724198793,0,,,0,0,,,
0.40784,0.9184891607014415,0,,,0,0,,,
0.40791999999999995,0.9186266432467507,0,,,0,0,,,
0.408,0.9187640200210707,0,,,0,0,,,
0.40808,0.9189012909896916,0,,,0,0,,,
0.40815999999999997,0.9190384561179297,0,,,0,0,,,
0.40824,0.9191755153711294,0,,,0,0,,,
0.40831999999999996,0.9193124687146602,0,,,0,0,,,
0.4084,0.9194493161139199,0,,,0,0,,,
0.40847999999999995,0.9195860575343321,0,,,0,0,,,
0.40856,0.9197226929413475,0,,,0,0,,,
0.40863999999999995,0.9198592223004434,0,,,0,0,,,
0.40871999999999997,0.9199956455771242,0,,,0,0,,,
0.4088,0.920131962736921,0,,,0,0,,,
0.40887999999999997,0.9202681737453916,0,,,0,0,,,
0.40896,0.9204042785681206,0,,,0,0,,,
0.40903999999999996,0.9205402771707195,0,,,0,0,,,
0.40912,0.9206761695188267,0,,,0,0,,,
0.40919999999999995,0.9208119555781072,0,,,0,0,,,
0.40928,0.9209476353142535,0,,,0,0,,,
0.40935999999999995,0.921083208692984,0,,,0,0,,,
0.40943999999999997,0.9212186756800448,0,,,0,0,,,
0.40952,0.9213540362412083,0,,,0,0,,,
0.40959999999999996,0.9214892903422743,0,,,0,0,,,
0.40968,0.921624437949069,0,,,0,0,,,
0.40975999999999996,0.921759479027446,0,,,0,0,,,
0.40984,0.9218944135432855,0,,,0,0,,,
0.40991999999999995,0.9220292414624947,0,,,0,0,,,
0.41,0.9221639627510073,0,,,0,0,,,
0.41008,0.9222985773747853,0,,,0,0,,,
0.41015999999999997,0.9224330852998158,0,,,0,0,,,
0.41024,0.9225674864921143,0,,,0,0,,,
0.41031999999999996,0.9227017809177223,0,,,0,0,,,
0.4104,0.9228359685427093,0,,,0,0,,,
0.41047999999999996,0.9229700493331707,0,,,0,0,,,
0.41056,0.9231040232552299,0,,,0,0,,,
0.41063999999999995,0.923237890275036,0,,,0,0,,,
0.41072,0.923371650358767,0,,,0,0,,,
0.4108,0.9235053034726259,0,,,0,0,,,
0.41087999999999997,0.923638849582844,0,,,0,0,,,
0.41096,0.9237722886556793,0,,,0,0,,,
0.41103999999999996,0.9239056206574169,0,,,0,0,,,
0.41112,0.9240388455543689,0,,,0,0,,,
0.41119999999999995,0.9241719633128741,0,,,0,0,,,
0.41128,0.9243049738992991,0,,,0,0,,,
0.41135999999999995,0.9244378772800371,0,,,0,0,,,
0.41144,0.9245706734215084,0,,,0,0,,,
0.41152,0.9247033622901606,0,,,0,0,,,
0.41159999999999997,0.924835943852468,0,,,0,0,,,
0.41168,0.9249684180749328,0,,,0,0,,,
0.41175999999999996,0.9251007849240833,0,,,0,0,,,
0.41184,0.9252330443664758,0,,,0,0,,,
0.41191999999999995,0.9253651963686933,0,,,0,0,,,
0.412,0.9254972408973458,0,,,0,0,,,
0.41207999999999995,0.9256291779190708,0,,,0,0,,,
0.41215999999999997,0.9257610074005332,0,,,0,0,,,
0.41224,0.9258927293084245,0,,,0,0,,,
0.41231999999999996,0.9260243436094632,0,,,0,0,,,
0.4124,0.9261558502703959,0,,,0,0,,,
0.41247999999999996,0.9262872492579955,0,,,0,0,,,
0.41256,0.9264185405390629,0,,,0,0,,,
0.41263999999999995,0.9265497240804254,0,,,0,0,,,
0.41272,0.9266807998489383,0,,,0,0,,,
0.4128,0.9268117678114833,0,,,0,0,,,
0.41287999999999997,0.9269426279349701,0,,,0,0,,,
0.41296,0.9270733801863353,0,,,0,0,,,
0.41303999999999996,0.9272040245325428,0,,,0,0,,,
0.41312,0.9273345609405838,0,,,0,0,,,
0.41319999999999996,0.9274649893774763,0,,,0,0,,,
0.41328,0.9275953098102668,0,,,0,0,,,
0.41335999999999995,0.9277255222060278,0,,,0,0,,,
0.41344,0.9278556265318595,0,,,0,0,,,
0.41352,0.9279856227548896,0,,,0,0,,,
0.41359999999999997,0.9281155108422731,0,,,0,0,,,
0.41368,0.9282452907611922,0,,,0,0,,,
0.41375999999999996,0.9283749624788564,0,,,0,0,,,
0.41384,0.928504525962503,0,,,0,0,,,
0.41391999999999995,0.9286339811793953,0,,,0,0,,,
0.414,0.9287633280968262,0,,,0,0,,,
0.41407999999999995,0.9288925666821135,0,,,0,0,,,
0.41416,0.9290216969026042,0,,,0,0,,,
0.41424,0.9291507187256717,0,,,0,0,,,
0.41431999999999997,0.9292796321187172,0,,,0,0,,,
0.4144,0.9294084370491694,0,,,0,0,,,
0.41447999999999996,0.9295371334844837,0,,,0,0,,,
0.41456,0.9296657213921442,0,,,0,0,,,
0.41463999999999995,0.929794200739661,0,,,0,0,,,
0.41472,0.9299225714945724,0,,,0,0,,,
0.41479999999999995,0.9300508336244442,0,,,0,0,,,
0.41487999999999997,0.9301789870968694,0,,,0,0,,,
0.41496,0.9303070318794684,0,,,0,0,,,
0.41503999999999996,0.930434967939889,0,,,0,0,,,
0.41512,0.930562795245807,0,,,0,0,,,
0.41519999999999996,0.9306905137649247,0,,,0,0,,,
0.41528,0.9308181234649735,0,,,0,0,,,
0.41535999999999995,0.9309456243137105,0,,,0,0,,,
0.41544,0.9310730162789215,0,,,0,0,,,
0.41552,0.931200299328419,0,,,0,0,,,
0.41559999999999997,0.9313274734300439,0,,,0,0,,,
0.41568,0.9314545385516637,0,,,0,0,,,
0.41575999999999996,0.9315814946611742,0,,,0,0,,,
0.41584,0.9317083417264984,0,,,0,0,,,
0.41591999999999996,0.9318350797155869,0,,,0,0,,,
0.416,0.9319617085964177,0,,,0,0,,,
0.41607999999999995,0.9320882283369964,0,,,0,0,,,
0.41616,0.9322146389053566,0,,,0,0,,,
0.41624,0.9323409402695592,0,,,0,0,,,
0.41631999999999997,0.9324671323976924,0,,,0,0,,,
0.4164,0.9325932152578722,0,,,0,0,,,
0.41647999999999996,0.9327191888182426,0,,,0,0,,,
0.41656,0.9328450530469747,0,,,0,0,,,
0.41663999999999995,0.9329708079122674,0,,,0,0,,,
0.41672,0.9330964533823473,0,,,0,0,,,
0.41679999999999995,0.9332219894254685,0,,,0,0,,,
0.41688,0.933347416009913,0,,,0,0,,,
0.41696,0.9334727331039899,0,,,0,0,,,
0.41703999999999997,0.9335979406760369,0,,,0,0,,,
0.41712,0.9337230386944183,0,,,0,0,,,
0.41719999999999996,0.9338480271275269,0,,,0,0,,,
0.41728,0.9339729059437829,0,,,0,0,,,
0.41735999999999995,0.934097675111634,0,,,0,0,,,
0.41744,0.9342223345995561,0,,,0,0,,,
0.41751999999999995,0.9343468843760518,0,,,0,0,,,
0.41759999999999997,0.9344713244096532,0,,,0,0,,,
0.41768,0.9345956546689183,0,,,0,0,,,
0.41775999999999996,0.9347198751224336,0,,,0,0,,,
0.41784,0.9348439857388134,0,,,0,0,,,
0.41791999999999996,0.9349679864866999,0,,,0,0,,,
0.418,0.9350918773347627,0,,,0,0,,,
0.41807999999999995,0.9352156582516993,0,,,0,0,,,
0.41816,0.9353393292062351,0,,,0,0,,,
0.41824,0.935462890167123,0,,,0,0,,,
0.41831999999999997,0.9355863411031438,0,,,0,0,,,
0.4184,0.9357096819831064,0,,,0,0,,,
0.41847999999999996,0.9358329127758469,0,,,0,0,,,
0.41856,0.9359560334502302,0,,,0,0,,,
0.41863999999999996,0.9360790439751475,0,,,0,0,,,
0.41872,0.9362019443195198,0,,,0,0,,,
0.41879999999999995,0.9363247344522939,0,,,0,0,,,
0.41888,0.9364474143424459,0,,,0,0,,,
0.41896,0.9365699839589792,0,,,0,0,,,
0.41903999999999997,0.9366924432709252,0,,,0,0,,,
0.41912,0.9368147922473429,0,,,0,0,,,
0.41919999999999996,0.9369370308573195,0,,,0,0,,,
0.41928,0.9370591590699702,0,,,0,0,,,
0.41935999999999996,0.9371811768544375,0,,,0,0,,,
0.41944,0.9373030841798923,0,,,0,0,,,
0.41951999999999995,0.9374248810155332,0,,,0,0,,,
0.4196,0.9375465673305867,0,,,0,0,,,
0.41968,0.9376681430943076,0,,,0,0,,,
0.41975999999999997,0.9377896082759782,0,,,0,0,,,
0.41984,0.9379109628449089,0,,,0,0,,,
0.41991999999999996,0.938032206770438,0,,,0,0,,,
0.42,0.9381533400219317,0,,,0,0,,,
0.42007999999999995,0.9382743625687843,0,,,0,0,,,
0.42016,0.9383952743804183,0,,,0,0,,,
0.42023999999999995,0.9385160754262832,0,,,0,0,,,
0.42031999999999997,0.938636765675858,0,,,0,0,,,
0.4204,0.9387573450986484,0,,,0,0,,,
0.42047999999999996,0.9388778136641884,0,,,0,0,,,
0.42056,0.938998171342041,0,,,0,0,,,
0.42063999999999996,0.9391184181017954,0,,,0,0,,,
0.42072,0.9392385539130705,0,,,0,0,,,
0.42079999999999995,0.9393585787455123,0,,,0,0,,,
0.42088,0.9394784925687952,0,,,0,0,,,
0.42095999999999995,0.9395982953526214,0,,,0,0,,,
0.42103999999999997,0.9397179870667215,0,,,0,0,,,
0.42112,0.9398375676808539,0,,,0,0,,,
0.42119999999999996,0.939957037164805,0,,,0,0,,,
0.42128,0.9400763954883898,0,,,0,0,,,
0.42135999999999996,0.9401956426214505,0,,,0,0,,,
0.42144,0.9403147785338583,0,,,0,0,,,
0.42151999999999995,0.9404338031955117,0,,,0,0,,,
0.4216,0.9405527165763381,0,,,0,0,,,
0.42168,0.9406715186462925,0,,,0,0,,,
0.42175999999999997,0.9407902093753582,0,,,0,0,,,
0.42184,0.9409087887335463,0,,,0,0,,,
0.42191999999999996,0.9410272566908964,0,,,0,0,,,
0.422,0.9411456132174766,0,,,0,0,,,
0.42207999999999996,0.9412638582833822,0,,,0,0,,,
0.42216,0.9413819918587375,0,,,0,0,,,
0.42223999999999995,0.9415000139136943,0,,,0,0,,,
0.42232,0.9416179244184334,0,,,0,0,,,
0.4224,0.9417357233431628,0,,,0,0,,,
0.42247999999999997,0.9418534106581196,0,,,0,0,,,
0.42256,0.9419709863335687,0,,,0,0,,,
0.42263999999999996,0.9420884503398028,0,,,0,0,,,
0.42272,0.9422058026471436,0,,,0,0,,,
0.42279999999999995,0.9423230432259407,0,,,0,0,,,
0.42288,0.9424401720465716,0,,,0,0,,,
0.42295999999999995,0.9425571890794424,0,,,0,0,,,
0.42303999999999997,0.9426740942949875,0,,,0,0,,,
0.42312,0.9427908876636693,0,,,0,0,,,
0.42319999999999997,0.9429075691559787,0,,,0,0,,,
0.42328,0.9430241387424344,0,,,0,0,,,
0.42335999999999996,0.9431405963935839,0,,,0,0,,,
0.42344,0.943256942080003,0,,,0,0,,,
0.42351999999999995,0.9433731757722954,0,,,0,0,,,
0.4236,0.9434892974410931,0,,,0,0,,,
0.42367999999999995,0.9436053070570569,0,,,0,0,,,
0.42375999999999997,0.9437212045908754,0,,,0,0,,,
0.42384,0.9438369900132657,0,,,0,0,,,
0.42391999999999996,0.9439526632949734,0,,,0,0,,,
0.424,0.9440682244067721,0,,,0,0,,,
0.42407999999999996,0.9441836733194642,0,,,0,0,,,
0.42416,0.9442990100038796,0,,,0,0,,,
0.42423999999999995,0.9444142344308777,0,,,0,0,,,
0.42432,0.9445293465713457,0,,,0,0,,,
0.4244,0.9446443463961985,0,,,0,0,,,
0.42447999999999997,0.9447592338763806,0,,,0,0,,,
0.42456,0.9448740089828641,0,,,0,0,,,
0.42463999999999996,0.9449886716866496,0,,,0,0,,,
0.42472,0.9451032219587666,0,,,0,0,,,
0.42479999999999996,0.9452176597702724,0,,,0,0,,,
0.42488,0.9453319850922528,0,,,0,0,,,
0.42495999999999995,0.9454461978958223,0,,,0,0,,,
0.42504,0.9455602981521235,0,,,0,0,,,
0.42512,0.945674285832328,0,,,0,0,,,
0.42519999999999997,0.945788160907635,0,,,0,0,,,
0.42528,0.9459019233492728,0,,,0,0,,,
0.42535999999999996,0.9460155731284982,0,,,0,0,,,
0.42544,0.9461291102165958,0,,,0,0,,,
0.42551999999999995,0.9462425345848795,0,,,0,0,,,
0.4256,0.946355846204691,0,,,0,0,,,
0.42567999999999995,0.946469045047401,0,,,0,0,,,
0.42575999999999997,0.9465821310844085,0,,,0,0,,,
0.42584,0.9466951042871405,0,,,0,0,,,
0.42591999999999997,0.9468079646270536,0,,,0,0,,,
0.426,0.9469207120756318,0,,,0,0,,,
0.42607999999999996,0.9470333466043884,0,,,0,0,,,
0.42616,0.947145868184865,0,,,0,0,,,
0.42623999999999995,0.9472582767886314,0,,,0,0,,,
0.42632,0.9473705723872864,0,,,0,0,,,
0.42639999999999995,0.9474827549524573,0,,,0,0,,,
0.42647999999999997,0.9475948244557997,0,,,0,0,,,
0.42656,0.947706780868998,0,,,0,0,,,
0.42663999999999996,0.9478186241637648,0,,,0,0,,,
0.42672,0.947930354311842,0,,,0,0,,,
0.42679999999999996,0.9480419712849995,0,,,0,0,,,
0.42688,0.9481534750550357,0,,,0,0,,,
0.42695999999999995,0.9482648655937781,0,,,0,0,,,
0.42704,0.9483761428730825,0,,,0,0,,,
0.42712,0.9484873068648333,0,,,0,0,,,
0.42719999999999997,0.9485983575409436,0,,,0,0,,,
0.42728,0.9487092948733554,0,,,0,0,,,
0.42735999999999996,0.9488201188340388,0,,,0,0,,,
0.42744,0.948930829394993,0,,,0,0,,,
0.42751999999999996,0.9490414265282451,0,,,0,0,,,
0.4276,0.9491519102058521,0,,,0,0,,,
0.42767999999999995,0.9492622803998988,0,,,0,0,,,
0.42776,0.9493725370824989,0,,,0,0,,,
0.42784,0.9494826802257945,0,,,0,0,,,
0.42791999999999997,0.9495927098019568,0,,,0,0,,,
0.428,0.9497026257831854,0,,,0,0,,,
0.42807999999999996,0.9498124281417091,0,,,0,0,,,
0.42816,0.9499221168497844,0,,,0,0,,,
0.42823999999999995,0.9500316918796977,0,,,0,0,,,
0.42832,0.9501411532037634,0,,,0,0,,,
0.42839999999999995,0.9502505007943246,0,,,0,0,,,
0.42847999999999997,0.9503597346237537,0,,,0,0,,,
0.42856,0.9504688546644511,0,,,0,0,,,
0.42863999999999997,0.9505778608888465,0,,,0,0,,,
0.42872,0.9506867532693981,0,,,0,0,,,
0.42879999999999996,0.9507955317785932,0,,,0,0,,,
0.42888,0.9509041963889475,0,,,0,0,,,
0.42895999999999995,0.9510127470730055,0,,,0,0,,,
0.42904,0.9511211838033404,0,,,0,0,,,
0.42911999999999995,0.9512295065525548,0,,,0,0,,,
0.42919999999999997,0.9513377152932795,0,,,0,0,,,
0.42928,0.9514458099981742,0,,,0,0,,,
0.42935999999999996,0.9515537906399275,0,,,0,0,,,
0.42944,0.9516616571912568,0,,,0,0,,,
0.42951999999999996,0.9517694096249085,0,,,0,0,,,
0.4296,0.9518770479136576,0,,,0,0,,,
0.42967999999999995,0.9519845720303078,0,,,0,0,,,
0.42976,0.9520919819476923,0,,,0,0,,,
0.42984,0.9521992776386722,0,,,0,0,,,
0.42991999999999997,0.9523064590761382,0,,,0,0,,,
0.43,0.9524135262330096,0,,,0,0,,,
0.43007999999999996,0.9525204790822347,0,,,0,0,,,
0.43016,0.9526273175967905,0,,,0,0,,,
0.43023999999999996,0.9527340417496831,0,,,0,0,,,
0.43032,0.9528406515139474,0,,,0,0,,,
0.43039999999999995,0.9529471468626469,0,,,0,0,,,
0.43048,0.9530535277688746,0,,,0,0,,,
0.43056,0.9531597942057519,0,,,0,0,,,
0.43063999999999997,0.9532659461464295,0,,,0,0,,,
0.43072,0.9533719835640865,0,,,0,0,,,
0.43079999999999996,0.9534779064319315,0,,,0,0,,,
0.43088,0.9535837147232022,0,,,0,0,,,
0.43095999999999995,0.9536894084111642,0,,,0,0,,,
0.43104,0.9537949874691133,0,,,0,0,,,
0.43111999999999995,0.9539004518703733,0,,,0,0,,,
0.43119999999999997,0.9540058015882977,0,,,0,0,,,
0.43128,0.9541110365962686,0,,,0,0,,,
0.43135999999999997,0.9542161568676967,0,,,0,0,,,
0.43144,0.9543211623760227,0,,,0,0,,,
0.43151999999999996,0.9544260530947152,0,,,0,0,,,
0.4316,0.9545308289972727,0,,,0,0,,,
0.43167999999999995,0.9546354900572221,0,,,0,0,,,
0.43176,0.9547400362481195,0,,,0,0,,,
0.43183999999999995,0.9548444675435503,0,,,0,0,,,
0.43191999999999997,0.9549487839171289,0,,,0,0,,,
0.432,0.9550529853424978,0,,,0,0,,,
0.43207999999999996,0.9551570717933298,0,,,0,0,,,
0.43216,0.955261043243326,0,,,0,0,,,
0.43223999999999996,0.955364899666217,0,,,0,0,,,
0.43232,0.9554686410357622,0,,,0,0,,,
0.43239999999999995,0.9555722673257498,0,,,0,0,,,
0.43248,0.9556757785099979,0,,,0,0,,,
0.43255999999999994,0.9557791745623527,0,,,0,0,,,
0.43263999999999997,0.9558824554566903,0,,,0,0,,,
0.43272,0.9559856211669152,0,,,0,0,,,
0.43279999999999996,0.9560886716669618,0,,,0,0,,,
0.43288,0.9561916069307929,0,,,0,0,,,
0.43295999999999996,0.9562944269324006,0,,,0,0,,,
0.43304,0.9563971316458065,0,,,0,0,,,
0.43311999999999995,0.9564997210450606,0,,,0,0,,,
0.4332,0.9566021951042432,0,,,0,0,,,
0.43328,0.9567045537974622,0,,,0,0,,,
0.43335999999999997,0.9568067970988559,0,,,0,0,,,
0.43344,0.9569089249825912,0,,,0,0,,,
0.43351999999999996,0.9570109374228642,0,,,0,0,,,
0.4336,0.9571128343939006,0,,,0,0,,,
0.43367999999999995,0.9572146158699545,0,,,0,0,,,
0.43376,0.9573162818253098,0,,,0,0,,,
0.43383999999999995,0.9574178322342791,0,,,0,0,,,
0.43392,0.9575192670712052,0,,,0,0,,,
0.434,0.9576205863104588,0,,,0,0,,,
0.43407999999999997,0.9577217899264404,0,,,0,0,,,
0.43416,0.95782287789358,0,,,0,0,,,
0.43423999999999996,0.9579238501863361,0,,,0,0,,,
0.43432,0.9580247067791974,0,,,0,0,,,
0.43439999999999995,0.9581254476466808,0,,,0,0,,,
0.43448,0.9582260727633332,0,,,0,0,,,
0.43455999999999995,0.9583265821037303,0,,,0,0,,,
0.43463999999999997,0.9584269756424776,0,,,0,0,,,
0.43472,0.9585272533542089,0,,,0,0,,,
0.43479999999999996,0.9586274152135883,0,,,0,0,,,
0.43488,0.9587274611953085,0,,,0,0,,,
0.43495999999999996,0.9588273912740917,0,,,0,0,,,
0.43504,0.9589272054246892,0,,,0,0,,,
0.43511999999999995,0.9590269036218824,0,,,0,0,,,
0.4352,0.9591264858404808,0,,,0,0,,,
0.43527999999999994,0.9592259520553239,0,,,0,0,,,
0.43535999999999997,0.9593253022412805,0,,,0,0,,,
0.43544,0.9594245363732485,0,,,0,0,,,
0.43551999999999996,0.9595236544261553,0,,,0,0,,,
0.4356,0.9596226563749574,0,,,0,0,,,
0.43567999999999996,0.9597215421946408,0,,,0,0,,,
0.43576,0.9598203118602211,0,,,0,0,,,
0.43583999999999995,0.9599189653467425,0,,,0,0,,,
0.43592,0.9600175026292794,0,,,0,0,,,
0.436,0.9601159236829352,0,,,0,0,,,
0.43607999999999997,0.9602142284828423,0,,,0,0,,,
0.43616,0.9603124170041631,0,,,0,0,,,
0.43623999999999996,0.9604104892220893,0,,,0,0,,,
0.43632,0.9605084451118414,0,,,0,0,,,
0.43639999999999995,0.9606062846486696,0,,,0,0,,,
0.43648,0.960704007807854,0,,,0,0,,,
0.43655999999999995,0.9608016145647035,0,,,0,0,,,
0.43664,0.9608991048945568,0,,,0,0,,,
0.43672,0.9609964787727813,0,,,0,0,,,
0.43679999999999997,0.9610937361747747,0,,,0,0,,,
0.43688,0.9611908770759637,0,,,0,0,,,
0.43695999999999996,0.9612879014518044,0,,,0,0,,,
0.43704,0.9613848092777828,0,,,0,0,,,
0.43711999999999995,0.9614816005294133,0,,,0,0,,,
0.4372,0.9615782751822413,0,,,0,0,,,
0.43727999999999995,0.9616748332118401,0,,,0,0,,,
0.43735999999999997,0.9617712745938137,0,,,0,0,,,
0.43744,0.9618675993037945,0,,,0,0,,,
0.43751999999999996,0.9619638073174454,0,,,0,0,,,
0.4376,0.9620598986104579,0,,,0,0,,,
0.43767999999999996,0.9621558731585534,0,,,0,0,,,
0.43776,0.9622517309374835,0,,,0,0,,,
0.43783999999999995,0.9623474719230276,0,,,0,0,,,
0.43792,0.9624430960909967,0,,,0,0,,,
0.43799999999999994,0.9625386034172291,0,,,0,0,,,
0.43807999999999997,0.9626339938775942,0,,,0,0,,,
0.43816,0.9627292674479906,0,,,0,0,,,
0.43823999999999996,0.9628244241043463,0,,,0,0,,,
0.43832,0.9629194638226187,0,,,0,0,,,
0.43839999999999996,0.9630143865787951,0,,,0,0,,,
0.43848,0.9631091923488917,0,,,0,0,,,
0.43855999999999995,0.9632038811089553,0,,,0,0,,,
0.43864,0.963298452835061,0,,,0,0,,,
0.43872,0.9633929075033145,0,,,0,0,,,
0.43879999999999997,0.9634872450898508,0,,,0,0,,,
0.43888,0.9635814655708342,0,,,0,0,,,
0.43895999999999996,0.9636755689224589,0,,,0,0,,,
0.43904,0.9637695551209485,0,,,0,0,,,
0.43911999999999995,0.9638634241425565,0,,,0,0,,,
0.4392,0.9639571759635653,0,,,0,0,,,
0.43927999999999995,0.9640508105602876,0,,,0,0,,,
0.43936,0.9641443279090657,0,,,0,0,,,
0.43944,0.9642377279862712,0,,,0,0,,,
0.43951999999999997,0.9643310107683054,0,,,0,0,,,
0.4396,0.9644241762315995,0,,,0,0,,,
0.43967999999999996,0.9645172243526137,0,,,0,0,,,
0.43976,0.9646101551078388,0,,,0,0,,,
0.43983999999999995,0.9647029684737944,0,,,0,0,,,
0.43992,0.9647956644270302,0,,,0,0,,,
0.43999999999999995,0.9648882429441256,0,,,0,0,,,
0.44007999999999997,0.9649807040016893,0,,,0,0,,,
0.44016,0.9650730475763601,0,,,0,0,,,
0.44023999999999996,0.9651652736448065,0,,,0,0,,,
0.44032,0.9652573821837259,0,,,0,0,,,
0.44039999999999996,0.9653493731698464,0,,,0,0,,,
0.44048,0.9654412465799254,0,,,0,0,,,
0.44055999999999995,0.9655330023907498,0,,,0,0,,,
0.44064,0.9656246405791367,0,,,0,0,,,
0.44071999999999995,0.9657161611219323,0,,,0,0,,,
0.44079999999999997,0.9658075639960129,0,,,0,0,,,
0.44088,0.9658988491782846,0,,,0,0,,,
0.44095999999999996,0.9659900166456832,0,,,0,0,,,
0.44104,0.9660810663751737,0,,,0,0,,,
0.44111999999999996,0.9661719983437519,0,,,0,0,,,
0.4412,0.9662628125284426,0,,,0,0,,,
0.44127999999999995,0.9663535089063001,0,,,0,0,,,
0.44136,0.9664440874544094,0,,,0,0,,,
0.44143999999999994,0.9665345481498845,0,,,0,0,,,
0.44151999999999997,0.9666248909698694,0,,,0,0,,,
0.4416,0.9667151158915382,0,,,0,0,,,
0.44167999999999996,0.966805222892094,0,,,0,0,,,
0.44176,0.9668952119487707,0,,,0,0,,,
0.44183999999999996,0.9669850830388314,0,,,0,0,,,
0.44192,0.9670748361395688,0,,,0,0,,,
0.44199999999999995,0.9671644712283058,0,,,0,0,,,
0.44208,0.9672539882823954,0,,,0,0,,,
0.44216,0.9673433872792198,0,,,0,0,,,
0.44223999999999997,0.9674326681961911,0,,,0,0,,,
0.44232,0.9675218310107517,0,,,0,0,,,
0.44239999999999996,0.9676108757003735,0,,,0,0,,,
0.44248,0.9676998022425581,0,,,0,0,,,
0.44255999999999995,0.9677886106148375,0,,,0,0,,,
0.44264,0.9678773007947729,0,,,0,0,,,
0.44271999999999995,0.9679658727599556,0,,,0,0,,,
0.44279999999999997,0.9680543264880073,0,,,0,0,,,
0.44288,0.9681426619565787,0,,,0,0,,,
0.44295999999999996,0.968230879143351,0,,,0,0,,,
0.44304,0.9683189780260354,0,,,0,0,,,
0.44311999999999996,0.9684069585823717,0,,,0,0,,,
0.4432,0.9684948207901315,0,,,0,0,,,
0.44327999999999995,0.9685825646271149,0,,,0,0,,,
0.44336,0.9686701900711525,0,,,0,0,,,
0.44343999999999995,0.9687576971001047,0,,,0,0,,,
0.44351999999999997,0.968845085691862,0,,,0,0,,,
0.4436,0.9689323558243443,0,,,0,0,,,
0.44367999999999996,0.969019507475502,0,,,0,0,,,
0.44376,0.9691065406233152,0,,,0,0,,,
0.44383999999999996,0.9691934552457936,0,,,0,0,,,
0.44392,0.9692802513209776,0,,,0,0,,,
0.44399999999999995,0.969366928826937,0,,,0,0,,,
0.44408,0.9694534877417716,0,,,0,0,,,
0.44415999999999994,0.9695399280436113,0,,,0,0,,,
0.44423999999999997,0.9696262497106163,0,,,0,0,,,
0.44432,0.9697124527209758,0,,,0,0,,,
0.44439999999999996,0.96979853705291,0,,,0,0,,,
0.44448,0.9698845026846686,0,,,0,0,,,
0.44455999999999996,0.9699703495945312,0,,,0,0,,,
0.44464,0.9700560777608077,0,,,0,0,,,
0.44471999999999995,0.9701416871618379,0,,,0,0,,,
0.4448,0.9702271777759914,0,,,0,0,,,
0.44488,0.9703125495816683,0,,,0,0,,,
0.44495999999999997,0.970397802557298,0,,,0,0,,,
0.44504,0.9704829366813404,0,,,0,0,,,
0.44511999999999996,0.9705679519322856,0,,,0,0,,,
0.4452,0.9706528482886535,0,,,0,0,,,
0.44527999999999995,0.9707376257289937,0,,,0,0,,,
0.44536,0.9708222842318863,0,,,0,0,,,
0.44543999999999995,0.9709068237759415,0,,,0,0,,,
0.44551999999999997,0.9709912443397992,0,,,0,0,,,
0.4456,0.9710755459021297,0,,,0,0,,,
0.44567999999999997,0.971159728441633,0,,,0,0,,,
0.44576,0.9712437919370396,0,,,0,0,,,
0.44583999999999996,0.9713277363671097,0,,,0,0,,,
0.44592,0.9714115617106336,0,,,0,0,,,
0.44599999999999995,0.9714952679464323,0,,,0,0,,,
0.44608,0.9715788550533561,0,,,0,0,,,
0.44615999999999995,0.9716623230102855,0,,,0,0,,,
0.44623999999999997,0.971745671796132,0,,,0,0,,,
0.44632,0.9718289013898359,0,,,0,0,,,
0.44639999999999996,0.9719120117703686,0,,,0,0,,,
0.44648,0.9719950029167312,0,,,0,0,,,
0.44655999999999996,0.972077874807955,0,,,0,0,,,
0.44664,0.9721606274231015,0,,,0,0,,,
0.44671999999999995,0.9722432607412618,0,,,0,0,,,
0.4468,0.9723257747415583,0,,,0,0,,,
0.44687999999999994,0.9724081694031427,0,,,0,0,,,
0.44695999999999997,0.9724904447051965,0,,,0,0,,,
0.44704,0.9725726006269325,0,,,0,0,,,
0.44711999999999996,0.9726546371475928,0,,,0,0,,,
0.4472,0.9727365542464498,0,,,0,0,,,
0.44727999999999996,0.9728183519028062,0,,,0,0,,,
0.44736,0.9729000300959949,0,,,0,0,,,
0.44743999999999995,0.9729815888053788,0,,,0,0,,,
0.44752,0.9730630280103514,0,,,0,0,,,
0.4476,0.9731443476903359,0,,,0,0,,,
0.44767999999999997,0.9732255478247862,0,,,0,0,,,
0.44776,0.9733066283931856,0,,,0,0,,,
0.44783999999999996,0.9733875893750485,0,,,0,0,,,
0.44792,0.9734684307499193,0,,,0,0,,,
0.44799999999999995,0.9735491524973721,0,,,0,0,,,
0.44808,0.9736297545970117,0,,,0,0,,,
0.44815999999999995,0.9737102370284733,0,,,0,0,,,
0.44823999999999997,0.9737905997714215,0,,,0,0,,,
0.44832,0.9738708428055524,0,,,0,0,,,
0.44839999999999997,0.9739509661105911,0,,,0,0,,,
0.44848,0.9740309696662934,0,,,0,0,,,
0.44855999999999996,0.9741108534524462,0,,,0,0,,,
0.44864,0.9741906174488651,0,,,0,0,,,
0.44871999999999995,0.9742702616353974,0,,,0,0,,,
0.4488,0.9743497859919196,0,,,0,0,,,
0.44887999999999995,0.974429190498339,0,,,0,0,,,
0.44895999999999997,0.9745084751345933,0,,,0,0,,,
0.44904,0.9745876398806501,0,,,0,0,,,
0.44911999999999996,0.9746666847165077,0,,,0,0,,,
0.4492,0.9747456096221945,0,,,0,0,,,
0.44927999999999996,0.9748244145777689,0,,,0,0,,,
0.44936,0.9749030995633201,0,,,0,0,,,
0.44943999999999995,0.9749816645589672,0,,,0,0,,,
0.44952,0.97506010954486,0,,,0,0,,,
0.44959999999999994,0.9751384345011787,0,,,0,0,,,
0.44967999999999997,0.9752166394081331,0,,,0,0,,,
0.44976,0.975294724245964,0,,,0,0,,,
0.44983999999999996,0.9753726889949423,0,,,0,0,,,
0.44992,0.9754505336353693,0,,,0,0,,,
0.44999999999999996,0.9755282581475766,0,,,0,0,,,
0.45008,0.9756058625119265,0,,,0,0,,,
0.45015999999999995,0.9756833467088109,0,,,0,0,,,
0.45024,0.9757607107186524,0,,,0,0,,,
0.45031999999999994,0.9758379545219047,0,,,0,0,,,
0.45039999999999997,0.9759150780990506,0,,,0,0,,,
0.45048,0.9759920814306042,0,,,0,0,,,
0.45055999999999996,0.9760689644971098,0,,,0,0,,,
0.45064,0.9761457272791417,0,,,0,0,,,
0.45071999999999995,0.976222369757305,0,,,0,0,,,
0.4508,0.9762988919122353,0,,,0,0,,,
0.45087999999999995,0.9763752937245979,0,,,0,0,,,
0.45095999999999997,0.9764515751750895,0,,,0,0,,,
0.45104,0.9765277362444363,0,,,0,0,,,
0.45111999999999997,0.9766037769133954,0,,,0,0,,,
0.4512,0.9766796971627542,0,,,0,0,,,
0.45127999999999996,0.9767554969733305,0,,,0,0,,,
0.45136,0.9768311763259728,0,,,0,0,,,
0.45143999999999995,0.9769067352015598,0,,,0,0,,,
0.45152,0.9769821735810004,0,,,0,0,,,
0.45159999999999995,0.9770574914452341,0,,,0,0,,,
0.45167999999999997,0.9771326887752314,0,,,0,0,,,
0.45176,0.9772077655519928,0,,,0,0,,,
0.45183999999999996,0.9772827217565487,0,,,0,0,,,
0.45192,0.9773575573699611,0,,,0,0,,,
0.45199999999999996,0.9774322723733214,0,,,0,0,,,
0.45208,0.9775068667477526,0,,,0,0,,,
0.45215999999999995,0.9775813404744067,0,,,0,0,,,
0.45224,0.9776556935344678,0,,,0,0,,,
0.45231999999999994,0.9777299259091494,0,,,0,0,,,
0.45239999999999997,0.9778040375796958,0,,,0,0,,,
0.45248,0.9778780285273819,0,,,0,0,,,
0.45255999999999996,0.977951898733513,0,,,0,0,,,
0.45264,0.9780256481794247,0,,,0,0,,,
0.45271999999999996,0.9780992768464836,0,,,0,0,,,
0.4528,0.9781727847160863,0,,,0,0,,,
0.45287999999999995,0.9782461717696603,0,,,0,0,,,
0.45296,0.9783194379886636,0,,,0,0,,,
0.45303999999999994,0.9783925833545846,0,,,0,0,,,
0.45311999999999997,0.9784656078489421,0,,,0,0,,,
0.4532,0.9785385114532855,0,,,0,0,,,
0.45327999999999996,0.9786112941491952,0,,,0,0,,,
0.45336,0.9786839559182815,0,,,0,0,,,
0.45343999999999995,0.9787564967421856,0,,,0,0,,,
0.45352,0.9788289166025792,0,,,0,0,,,
0.45359999999999995,0.9789012154811646,0,,,0,0,,,
0.45367999999999997,0.9789733933596747,0,,,0,0,,,
0.45376,0.9790454502198729,0,,,0,0,,,
0.45383999999999997,0.9791173860435529,0,,,0,0,,,
0.45392,0.9791892008125395,0,,,0,0,,,
0.45399999999999996,0.9792608945086879,0,,,0,0,,,
0.45408,0.9793324671138838,0,,,0,0,,,
0.45415999999999995,0.9794039186100433,0,,,0,0,,,
0.45424,0.9794752489791138,0,,,0,0,,,
0.45431999999999995,0.9795464582030722,0,,,0,0,,,
0.45439999999999997,0.9796175462639272,0,,,0,0,,,
0.45448,0.9796885131437173,0,,,0,0,,,
0.45455999999999996,0.9797593588245117,0,,,0,0,,,
0.45464,0.9798300832884108,0,,,0,0,,,
0.45471999999999996,0.9799006865175451,0,,,0,0,,,
0.4548,0.9799711684940758,0,,,0,0,,,
0.45487999999999995,0.9800415292001948,0,,,0,0,,,
0.45496,0.9801117686181247,0,,,0,0,,,
0.45503999999999994,0.9801818867301184,0,,,0,0,,,
0.45511999999999997,0.9802518835184602,0,,,0,0,,,
0.4552,0.980321758965464,0,,,0,0,,,
0.45527999999999996,0.9803915130534755,0,,,0,0,,,
0.45536,0.9804611457648702,0,,,0,0,,,
0.45543999999999996,0.9805306570820543,0,,,0,0,,,
0.45552,0.9806000469874657,0,,,0,0,,,
0.45559999999999995,0.9806693154635715,0,,,0,0,,,
0.45568,0.9807384624928707,0,,,0,0,,,
0.45575999999999994,0.9808074880578921,0,,,0,0,,,
0.45583999999999997,0.9808763921411959,0,,,0,0,,,
0.45592,0.9809451747253723,0,,,0,0,,,
0.45599999999999996,0.9810138357930429,0,,,0,0,,,
0.45608,0.9810823753268595,0,,,0,0,,,
0.45615999999999995,0.9811507933095048,0,,,0,0,,,
0.45624,0.9812190897236922,0,,,0,0,,,
0.45631999999999995,0.9812872645521657,0,,,0,0,,,
0.4564,0.9813553177777002,0,,,0,0,,,
0.45648,0.9814232493831014,0,,,0,0,,,
0.45655999999999997,0.9814910593512053,0,,,0,0,,,
0.45664,0.981558747664879,0,,,0,0,,,
0.45671999999999996,0.9816263143070205,0,,,0,0,,,
0.4568,0.9816937592605579,0,,,0,0,,,
0.45687999999999995,0.9817610825084506,0,,,0,0,,,
0.45696,0.9818282840336885,0,,,0,0,,,
0.45703999999999995,0.9818953638192924,0,,,0,0,,,
0.45711999999999997,0.9819623218483141,0,,,0,0,,,
0.4572,0.9820291581038354,0,,,0,0,,,
0.45727999999999996,0.9820958725689696,0,,,0,0,,,
0.45736,0.98216246522686,0,,,0,0,,,
0.45743999999999996,0.982228936060682,0,,,0,0,,,
0.45752,0.9822952850536403,0,,,0,0,,,
0.45759999999999995,0.9823615121889713,0,,,0,0,,,
0.45768,0.982427617449942,0,,,0,0,,,
0.45775999999999994,0.9824936008198499,0,,,0,0,,,
0.45783999999999997,0.9825594622820237,0,,,0,0,,,
0.45792,0.9826252018198226,0,,,0,0,,,
0.45799999999999996,0.9826908194166369,0,,,0,0,,,
0.45808,0.9827563150558873,0,,,0,0,,,
0.45815999999999996,0.9828216887210258,0,,,0,0,,,
0.45824,0.9828869403955346,0,,,0,0,,,
0.45831999999999995,0.9829520700629275,0,,,0,0,,,
0.4584,0.9830170777067485,0,,,0,0,,,
0.45847999999999994,0.9830819633105727,0,,,0,0,,,
0.45855999999999997,0.9831467268580059,0,,,0,0,,,
0.45864,0.983211368332685,0,,,0,0,,,
0.45871999999999996,0.9832758877182772,0,,,0,0,,,
0.4588,0.9833402849984815,0,,,0,0,,,
0.45887999999999995,0.9834045601570266,0,,,0,0,,,
0.45896,0.983468713177673,0,,,0,0,,,
0.45903999999999995,0.9835327440442113,0,,,0,0,,,
0.45912,0.9835966527404637,0,,,0,0,,,
0.4592,0.9836604392502829,0,,,0,0,,,
0.45927999999999997,0.9837241035575521,0,,,0,0,,,
0.45936,0.9837876456461863,0,,,0,0,,,
0.45943999999999996,0.9838510655001305,0,,,0,0,,,
0.45952,0.9839143631033607,0,,,0,0,,,
0.45959999999999995,0.9839775384398844,0,,,0,0,,,
0.45968,0.9840405914937396,0,,,0,0,,,
0.45975999999999995,0.984103522248995,0,,,0,0,,,
0.45983999999999997,0.9841663306897506,0,,,0,0,,,
0.45992,0.9842290168001369,0,,,0,0,,,
0.45999999999999996,0.9842915805643154,0,,,0,0,,,
0.46008,0.984354021966479,0,,,0,0,,,
0.46015999999999996,0.984416340990851,0,,,0,0,,,
0.46024,0.9844785376216857,0,,,0,0,,,
0.46031999999999995,0.9845406118432684,0,,,0,0,,,
0.4604,0.9846025636399153,0,,,0,0,,,
0.46047999999999994,0.9846643929959734,0,,,0,0,,,
0.46055999999999997,0.984726099895821,0,,,0,0,,,
0.46064,0.9847876843238672,0,,,0,0,,,
0.46071999999999996,0.9848491462645516,0,,,0,0,,,
0.4608,0.9849104857023453,0,,,0,0,,,
0.46087999999999996,0.9849717026217504,0,,,0,0,,,
0.46096,0.9850327970072994,0,,,0,0,,,
0.46103999999999995,0.9850937688435562,0,,,0,0,,,
0.46112,0.9851546181151156,0,,,0,0,,,
0.46119999999999994,0.985215344806603,0,,,0,0,,,
0.46127999999999997,0.9852759489026754,0,,,0,0,,,
0.46136,0.9853364303880207,0,,,0,0,,,
0.46143999999999996,0.9853967892473566,0,,,0,0,,,
0.46152,0.9854570254654339,0,,,0,0,,,
0.46159999999999995,0.9855171390270324,0,,,0,0,,,
0.46168,0.9855771299169638,0,,,0,0,,,
0.46175999999999995,0.985636998120071,0,,,0,0,,,
0.46184,0.9856967436212274,0,,,0,0,,,
0.46191999999999994,0.9857563664053374,0,,,0,0,,,
0.46199999999999997,0.985815866457337,0,,,0,0,,,
0.46208,0.9858752437621924,0,,,0,0,,,
0.46215999999999996,0.9859344983049015,0,,,0,0,,,
0.46224,0.9859936300704929,0,,,0,0,,,
0.46231999999999995,0.9860526390440262,0,,,0,0,,,
0.4624,0.9861115252105921,0,,,0,0,,,
0.46247999999999995,0.9861702885553121,0,,,0,0,,,
0.46255999999999997,0.9862289290633395,0,,,0,0,,,
0.46264,0.9862874467198575,0,,,0,0,,,
0.46271999999999996,0.9863458415100811,0,,,0,0,,,
0.4628,0.9864041134192563,0,,,0,0,,,
0.46287999999999996,0.98646226243266,0,,,0,0,,,
0.46296,0.9865202885355999,0,,,0,0,,,
0.46303999999999995,0.9865781917134153,0,,,0,0,,,
0.46312,0.986635971951476,0,,,0,0,,,
0.46319999999999995,0.9866936292351836,0,,,0,0,,,
0.46327999999999997,0.98675116354997,0,,,0,0,,,
0.46336,0.9868085748812981,0,,,0,0,,,
0.46343999999999996,0.9868658632146629,0,,,0,0,,,
0.46352,0.9869230285355896,0,,,0,0,,,
0.46359999999999996,0.9869800708296346,0,,,0,0,,,
0.46368,0.9870369900823854,0,,,0,0,,,
0.46375999999999995,0.9870937862794611,0,,,0,0,,,
0.46384,0.987150459406511,0,,,0,0,,,
0.46391999999999994,0.9872070094492161,0,,,0,0,,,
0.46399999999999997,0.9872634363932885,0,,,0,0,,,
0.46408,0.9873197402244713,0,,,0,0,,,
0.46415999999999996,0.9873759209285383,0,,,0,0,,,
0.46424,0.987431978491295,0,,,0,0,,,
0.46431999999999995,0.987487912898578,0,,,0,0,,,
0.4644,0.9875437241362547,0,,,0,0,,,
0.46447999999999995,0.9875994121902233,0,,,0,0,,,
0.46456,0.9876549770464143,0,,,0,0,,,
0.46463999999999994,0.9877104186907878,0,,,0,0,,,
0.46471999999999997,0.9877657371093365,0,,,0,0,,,
0.4648,0.987820932288083,0,,,0,0,,,
0.46487999999999996,0.9878760042130817,0,,,0,0,,,
0.46496,0.9879309528704185,0,,,0,0,,,
0.46503999999999995,0.9879857782462095,0,,,0,0,,,
0.46512,0.9880404803266025,0,,,0,0,,,
0.46519999999999995,0.9880950590977764,0,,,0,0,,,
0.46527999999999997,0.9881495145459411,0,,,0,0,,,
0.46536,0.988203846657338,0,,,0,0,,,
0.46543999999999996,0.9882580554182394,0,,,0,0,,,
0.46552,0.9883121408149488,0,,,0,0,,,
0.46559999999999996,0.9883661028338007,0,,,0,0,,,
0.46568,0.9884199414611612,0,,,0,0,,,
0.46575999999999995,0.9884736566834272,0,,,0,0,,,
0.46584,0.988527248487027,0,,,0,0,,,
0.46591999999999995,0.9885807168584201,0,,,0,0,,,
0.46599999999999997,0.9886340617840967,0,,,0,0,,,
0.46608,0.988687283250579,0,,,0,0,,,
0.46615999999999996,0.9887403812444195,0,,,0,0,,,
0.46624,0.9887933557522028,0,,,0,0,,,
0.46631999999999996,0.9888462067605439,0,,,0,0,,,
0.4664,0.9888989342560899,0,,,0,0,,,
0.46647999999999995,0.988951538225518,0,,,0,0,,,
0.46656,0.9890040186555373,0,,,0,0,,,
0.46663999999999994,0.9890563755328883,0,,,0,0,,,
0.46671999999999997,0.9891086088443423,0,,,0,0,,,
0.4668,0.9891607185767016,0,,,0,0,,,
0.46687999999999996,0.9892127047168005,0,,,0,0,,,
0.46696,0.9892645672515037,0,,,0,0,,,
0.46703999999999996,0.9893163061677078,0,,,0,0,,,
0.46712,0.9893679214523404,0,,,0,0,,,
0.46719999999999995,0.9894194130923601,0,,,0,0,,,
0.46728,0.9894707810747569,0,,,0,0,,,
0.46735999999999994,0.9895220253865521,0,,,0,0,,,
0.46743999999999997,0.9895731460147983,0,,,0,0,,,
0.46752,0.9896241429465792,0,,,0,0,,,
0.46759999999999996,0.98967501616901,0,,,0,0,,,
0.46768,0.9897257656692366,0,,,0,0,,,
0.46775999999999995,0.9897763914344369,0,,,0,0,,,
0.46784,0.9898268934518194,0,,,0,0,,,
0.46791999999999995,0.9898772717086247,0,,,0,0,,,
0.46799999999999997,0.9899275261921234,0,,,0,0,,,
0.46808,0.9899776568896187,0,,,0,0,,,
0.46815999999999997,0.990027663788444,0,,,0,0,,,
0.46824,0.9900775468759649,0,,,0,0,,,
0.46831999999999996,0.9901273061395774,0,,,0,0,,,
0.4684,0.9901769415667098,0,,,0,0,,,
0.46847999999999995,0.9902264531448206,0,,,0,0,,,
0.46856,0.9902758408614005,0,,,0,0,,,
0.46863999999999995,0.9903251047039708,0,,,0,0,,,
0.46871999999999997,0.9903742446600846,0,,,0,0,,,
0.4688,0.9904232607173261,0,,,0,0,,,
0.46887999999999996,0.9904721528633106,0,,,0,0,,,
0.46896,0.9905209210856853,0,,,0,0,,,
0.46903999999999996,0.9905695653721279,0,,,0,0,,,
0.46912,0.9906180857103483,0,,,0,0,,,
0.46919999999999995,0.9906664820880867,0,,,0,0,,,
0.46928,0.9907147544931156,0,,,0,0,,,
0.46935999999999994,0.9907629029132383,0,,,0,0,,,
0.46943999999999997,0.9908109273362897,0,,,0,0,,,
0.46952,0.9908588277501356,0,,,0,0,,,
0.46959999999999996,0.9909066041426733,0,,,0,0,,,
0.46968,0.9909542565018319,0,,,0,0,,,
0.46975999999999996,0.9910017848155711,0,,,0,0,,,
0.46984,0.9910491890718824,0,,,0,0,,,
0.46991999999999995,0.9910964692587889,0,,,0,0,,,
0.47,0.9911436253643443,0,,,0,0,,,
0.47007999999999994,0.9911906573766343,0,,,0,0,,,
0.47015999999999997,0.9912375652837755,0,,,0,0,,,
0.47024,0.9912843490739159,0,,,0,0,,,
0.47031999999999996,0.9913310087352357,0,,,0,0,,,
0.4704,0.991377544255945,0,,,0,0,,,
0.47047999999999995,0.9914239556242865,0,,,0,0,,,
0.47056,0.9914702428285339,0,,,0,0,,,
0.47063999999999995,0.9915164058569917,0,,,0,0,,,
0.47071999999999997,0.9915624446979967,0,,,0,0,,,
0.4708,0.9916083593399166,0,,,0,0,,,
0.47087999999999997,0.9916541497711503,0,,,0,0,,,
0.47096,0.9916998159801284,0,,,0,0,,,
0.47103999999999996,0.9917453579553129,0,,,0,0,,,
0.47112,0.9917907756851971,0,,,0,0,,,
0.47119999999999995,0.9918360691583055,0,,,0,0,,,
0.47128,0.9918812383631942,0,,,0,0,,,
0.47135999999999995,0.9919262832884506,0,,,0,0,,,
0.47143999999999997,0.9919712039226937,0,,,0,0,,,
0.47152,0.9920160002545738,0,,,0,0,,,
0.47159999999999996,0.9920606722727726,0,,,0,0,,,
0.47168,0.992105219966003,0,,,0,0,,,
0.47175999999999996,0.9921496433230096,0,,,0,0,,,
0.47184,0.9921939423325681,0,,,0,0,,,
0.47191999999999995,0.9922381169834864,0,,,0,0,,,
0.472,0.9922821672646027,0,,,0,0,,,
0.47207999999999994,0.9923260931647873,0,,,0,0,,,
0.47215999999999997,0.9923698946729419,0,,,0,0,,,
0.47224,0.9924135717779995,0,,,0,0,,,
0.47231999999999996,0.9924571244689246,0,,,0,0,,,
0.4724,0.992500552734713,0,,,0,0,,,
0.47247999999999996,0.992543856564392,0,,,0,0,,,
0.47256,0.9925870359470207,0,,,0,0,,,
0.47263999999999995,0.9926300908716889,0,,,0,0,,,
0.47272,0.9926730213275184,0,,,0,0,,,
0.47279999999999994,0.9927158273036623,0,,,0,0,,,
0.47287999999999997,0.9927585087893054,0,,,0,0,,,
0.47296,0.9928010657736633,0,,,0,0,,,
0.47303999999999996,0.9928434982459836,0,,,0,0,,,
0.47312,0.9928858061955456,0,,,0,0,,,
0.47319999999999995,0.9929279896116593,0,,,0,0,,,
0.47328,0.9929700484836668,0,,,0,0,,,
0.47335999999999995,0.9930119828009412,0,,,0,0,,,
0.47343999999999997,0.9930537925528873,0,,,0,0,,,
0.47351999999999994,0.9930954777289415,0,,,0,0,,,
0.47359999999999997,0.9931370383185716,0,,,0,0,,,
0.47368,0.9931784743112769,0,,,0,0,,,
0.47375999999999996,0.9932197856965878,0,,,0,0,,,
0.47384,0.9932609724640665,0,,,0,0,,,
0.47391999999999995,0.9933020346033069,0,,,0,0,,,
0.474,0.993342972103934,0,,,0,0,,,
0.47407999999999995,0.9933837849556045,0,,,0,0,,,
0.47415999999999997,0.9934244731480066,0,,,0,0,,,
0.47424,0.9934650366708602,0,,,0,0,,,
0.47431999999999996,0.9935054755139159,0,,,0,0,,,
0.4744,0.9935457896669567,0,,,0,0,,,
0.47447999999999996,0.9935859791197966,0,,,0,0,,,
0.47456,0.9936260438622814,0,,,0,0,,,
0.47463999999999995,0.9936659838842881,0,,,0,0,,,
0.47472,0.9937057991757255,0,,,0,0,,,
0.47479999999999994,0.9937454897265338,0,,,0,0,,,
0.47487999999999997,0.9937850555266846,0,,,0,0,,,
0.47496,0.9938244965661812,0,,,0,0,,,
0.47503999999999996,0.9938638128350584,0,,,0,0,,,
0.47512,0.9939030043233824,0,,,0,0,,,
0.47519999999999996,0.9939420710212512,0,,,0,0,,,
0.47528,0.9939810129187937,0,,,0,0,,,
0.47535999999999995,0.9940198300061712,0,,,0,0,,,
0.47544,0.9940585222735759,0,,,0,0,,,
0.47551999999999994,0.9940970897112318,0,,,0,0,,,
0.47559999999999997,0.9941355323093944,0,,,0,0,,,
0.47568,0.9941738500583507,0,,,0,0,,,
0.47575999999999996,0.9942120429484191,0,,,0,0,,,
0.47584,0.99425011096995,0,,,0,0,,,
0.47591999999999995,0.9942880541133248,0,,,0,0,,,
0.476,0.994325872368957,0,,,0,0,,,
0.47607999999999995,0.994363565727291,0,,,0,0,,,
0.47615999999999997,0.9944011341788035,0,,,0,0,,,
0.47623999999999994,0.9944385777140021,0,,,0,0,,,
0.47631999999999997,0.9944758963234267,0,,,0,0,,,
0.4764,0.9945130899976478,0,,,0,0,,,
0.47647999999999996,0.9945501587272679,0,,,0,0,,,
0.47656,0.9945871025029217,0,,,0,0,,,
0.47663999999999995,0.9946239213152744,0,,,0,0,,,
0.47672,0.9946606151550237,0,,,0,0,,,
0.47679999999999995,0.9946971840128981,0,,,0,0,,,
0.47687999999999997,0.9947336278796584,0,,,0,0,,,
0.47696,0.9947699467460962,0,,,0,0,,,
0.47703999999999996,0.9948061406030355,0,,,0,0,,,
0.47712,0.9948422094413314,0,,,0,0,,,
0.47719999999999996,0.9948781532518703,0,,,0,0,,,
0.47728,0.9949139720255713,0,,,0,0,,,
0.47735999999999995,0.9949496657533837,0,,,0,0,,,
0.47744,0.9949852344262894,0,,,0,0,,,
0.47751999999999994,0.9950206780353014,0,,,0,0,,,
0.47759999999999997,0.9950559965714647,0,,,0,0,,,
0.47768,0.9950911900258551,0,,,0,0,,,
0.47775999999999996,0.9951262583895812,0,,,0,0,,,
0.47784,0.9951612016537822,0,,,0,0,,,
0.47791999999999996,0.9951960198096294,0,,,0,0,,,
0.478,0.9952307128483256,0,,,0,0,,,
0.47807999999999995,0.995265280761105,0,,,0,0,,,
0.47816,0.9952997235392338,0,,,0,0,,,
0.47823999999999994,0.9953340411740095,0,,,0,0,,,
0.47831999999999997,0.9953682336567613,0,,,0,0,,,
0.4784,0.9954023009788504,0,,,0,0,,,
0.47847999999999996,0.9954362431316688,0,,,0,0,,,
0.47856,0.995470060106641,0,,,0,0,,,
0.47863999999999995,0.9955037518952227,0,,,0,0,,,
0.47872,0.995537318488901,0,,,0,0,,,
0.47879999999999995,0.9955707598791951,0,,,0,0,,,
0.47888,0.9956040760576556,0,,,0,0,,,
0.47895999999999994,0.9956372670158647,0,,,0,0,,,
0.47903999999999997,0.9956703327454365,0,,,0,0,,,
0.47912,0.9957032732380166,0,,,0,0,,,
0.47919999999999996,0.9957360884852817,0,,,0,0,,,
0.47928,0.9957687784789411,0,,,0,0,,,
0.47935999999999995,0.9958013432107352,0,,,0,0,,,
0.47944,0.995833782672436,0,,,0,0,,,
0.47951999999999995,0.9958660968558475,0,,,0,0,,,
0.47959999999999997,0.995898285752805,0,,,0,0,,,
0.47968,0.9959303493551757,0,,,0,0,,,
0.47975999999999996,0.995962287654858,0,,,0,0,,,
0.47984,0.9959941006437827,0,,,0,0,,,
0.47991999999999996,0.9960257883139119,0,,,0,0,,,
0.48,0.9960573506572389,0,,,0,0,,,
0.48007999999999995,0.9960887876657895,0,,,0,0,,,
0.48016,0.9961200993316206,0,,,0,0,,,
0.48023999999999994,0.9961512856468211,0,,,0,0,,,
0.48031999999999997,0.9961823466035109,0,,,0,0,,,
0.4804,0.9962132821938429,0,,,0,0,,,
0.48047999999999996,0.9962440924100002,0,,,0,0,,,
0.48056,0.9962747772441986,0,,,0,0,,,
0.48063999999999996,0.9963053366886849,0,,,0,0,,,
0.48072,0.9963357707357381,0,,,0,0,,,
0.48079999999999995,0.9963660793776686,0,,,0,0,,,
0.48088,0.9963962626068186,0,,,0,0,,,
0.48095999999999994,0.996426320415562,0,,,0,0,,,
0.48103999999999997,0.9964562527963045,0,,,0,0,,,
0.48112,0.9964860597414827,0,,,0,0,,,
0.48119999999999996,0.9965157412435662,0,,,0,0,,,
0.48128,0.9965452972950554,0,,,0,0,,,
0.48135999999999995,0.9965747278884823,0,,,0,0,,,
0.48144,0.9966040330164113,0,,,0,0,,,
0.48151999999999995,0.9966332126714381,0,,,0,0,,,
0.4816,0.99666226684619,0,,,0,0,,,
0.48167999999999994,0.9966911955333259,0,,,0,0,,,
0.48175999999999997,0.9967199987255368,0,,,0,0,,,
0.48184,0.9967486764155457,0,,,0,0,,,
0.48191999999999996,0.9967772285961061,0,,,0,0,,,
0.482,0.9968056552600042,0,,,0,0,,,
0.48207999999999995,0.9968339564000578,0,,,0,0,,,
0.48216,0.9968621320091163,0,,,0,0,,,
0.48223999999999995,0.9968901820800607,0,,,0,0,,,
0.48231999999999997,0.9969181066058038,0,,,0,0,,,
0.48239999999999994,0.9969459055792902,0,,,0,0,,,
0.48247999999999996,0.9969735789934959,0,,,0,0,,,
0.48256,0.9970011268414295,0,,,0,0,,,
0.48263999999999996,0.9970285491161299,0,,,0,0,,,
0.48272,0.9970558458106692,0,,,0,0,,,
0.48279999999999995,0.9970830169181503,0,,,0,0,,,
0.48288,0.9971100624317081,0,,,0,0,,,
0.48295999999999994,0.9971369823445094,0,,,0,0,,,
0.48303999999999997,0.9971637766497523,0,,,0,0,,,
0.48312,0.9971904453406668,0,,,0,0,,,
0.48319999999999996,0.9972169884105152,0,,,0,0,,,
0.48328,0.997243405852591,0,,,0,0,,,
0.48335999999999996,0.9972696976602189,0,,,0,0,,,
0.48344,0.9972958638267566,0,,,0,0,,,
0.48351999999999995,0.9973219043455928,0,,,0,0,,,
0.4836,0.9973478192101479,0,,,0,0,,,
0.48367999999999994,0.9973736084138742,0,,,0,0,,,
0.48375999999999997,0.9973992719502561,0,,,0,0,,,
0.48384,0.997424809812809,0,,,0,0,,,
0.48391999999999996,0.9974502219950805,0,,,0,0,,,
0.484,0.99747550849065,0,,,0,0,,,
0.48407999999999995,0.9975006692931286,0,,,0,0,,,
0.48416,0.9975257043961592,0,,,0,0,,,
0.48423999999999995,0.9975506137934163,0,,,0,0,,,
0.48432,0.9975753974786059,0,,,0,0,,,
0.48439999999999994,0.9976000554454666,0,,,0,0,,,
0.48447999999999997,0.9976245876877683,0,,,0,0,,,
0.48456,0.9976489941993122,0,,,0,0,,,
0.48463999999999996,0.9976732749739321,0,,,0,0,,,
0.48472,0.9976974300054928,0,,,0,0,,,
0.48479999999999995,0.9977214592878915,0,,,0,0,,,
0.48488,0.9977453628150571,0,,,0,0,,,
0.48495999999999995,0.9977691405809496,0,,,0,0,,,
0.48503999999999997,0.9977927925795617,0,,,0,0,,,
0.48511999999999994,0.9978163188049172,0,,,0,0,,,
0.48519999999999996,0.9978397192510721,0,,,0,0,,,
0.48528,0.9978629939121137,0,,,0,0,,,
0.48535999999999996,0.9978861427821617,0,,,0,0,,,
0.48544,0.9979091658553673,0,,,0,0,,,
0.48551999999999995,0.997932063125913,0,,,0,0,,,
0.4856,0.997954834588014,0,,,0,0,,,
0.48567999999999995,0.9979774802359165,0,,,0,0,,,
0.48575999999999997,0.9980000000638991,0,,,0,0,,,
0.48584,0.9980223940662717,0,,,0,0,,,
0.48591999999999996,0.9980446622373762,0,,,0,0,,,
0.486,0.9980668045715861,0,,,0,0,,,
0.48607999999999996,0.9980888210633075,0,,,0,0,,,
0.48616,0.998110711706977,0,,,0,0,,,
0.48623999999999995,0.998132476497064,0,,,0,0,,,
0.48632,0.9981541154280694,0,,,0,0,,,
0.48639999999999994,0.9981756284945257,0,,,0,0,,,
0.48647999999999997,0.9981970156909974,0,,,0,0,,,
0.48656,0.9982182770120808,0,,,0,0,,,
0.48663999999999996,0.9982394124524039,0,,,0,0,,,
0.48672,0.9982604220066268,0,,,0,0,,,
0.48679999999999995,0.9982813056694411,0,,,0,0,,,
0.48688,0.9983020634355699,0,,,0,0,,,
0.48695999999999995,0.9983226952997692,0,,,0,0,,,
0.48704,0.9983432012568257,0,,,0,0,,,
0.48711999999999994,0.9983635813015583,0,,,0,0,,,
0.48719999999999997,0.998383835428818,0,,,0,0,,,
0.48728,0.998403963633487,0,,,0,0,,,
0.48735999999999996,0.99842396591048,0,,,0,0,,,
0.48744,0.998443842254743,0,,,0,0,,,
0.48751999999999995,0.9984635926612541,0,,,0,0,,,
0.4876,0.9984832171250229,0,,,0,0,,,
0.48767999999999995,0.9985027156410913,0,,,0,0,,,
0.48775999999999997,0.9985220882045327,0,,,0,0,,,
0.48783999999999994,0.9985413348104524,0,,,0,0,,,
0.48791999999999996,0.9985604554539874,0,,,0,0,,,
0.488,0.9985794501303069,0,,,0,0,,,
0.48807999999999996,0.9985983188346116,0,,,0,0,,,
0.48816,0.9986170615621337,0,,,0,0,,,
0.48823999999999995,0.9986356783081382,0,,,0,0,,,
0.48832,0.9986541690679209,0,,,0,0,,,
0.48839999999999995,0.9986725338368101,0,,,0,0,,,
0.48847999999999997,0.9986907726101658,0,,,0,0,,,
0.48856,0.9987088853833795,0,,,0,0,,,
0.48863999999999996,0.9987268721518752,0,,,0,0,,,
0.48872,0.9987447329111079,0,,,0,0,,,
0.48879999999999996,0.9987624676565651,0,,,0,0,,,
0.48888,0.9987800763837658,0,,,0,0,,,
0.48895999999999995,0.9987975590882611,0,,,0,0,,,
0.48904,0.9988149157656336,0,,,0,0,,,
0.48911999999999994,0.9988321464114983,0,,,0,0,,,
0.48919999999999997,0.9988492510215011,0,,,0,0,,,
0.48928,0.9988662295913207,0,,,0,0,,,
0.48935999999999996,0.9988830821166671,0,,,0,0,,,
0.48944,0.9988998085932824,0,,,0,0,,,
0.48951999999999996,0.9989164090169406,0,,,0,0,,,
0.4896,0.9989328833834472,0,,,0,0,,,
0.48967999999999995,0.9989492316886397,0,,,0,0,,,
0.48976,0.9989654539283875,0,,,0,0,,,
0.48983999999999994,0.9989815500985922,0,,,0,0,,,
0.48991999999999997,0.9989975201951867,0,,,0,0,,,
0.49,0.9990133642141359,0,,,0,0,,,
