scenario,finesse,tau0,vacuum_wavelength_nm,refractive_index,medium_wavelength_nm,w0_experimental_min_um,w0_comfortable_min_um,N,m,k_star,lr_star,L_mm,zR_mm,w0_um,w_curved_um,g2,lr_edge_margin,hemispherical_gap_mm,delta,tau_eff,tau_margin,rho,peak_headroom_ratio,platform_height_margin,platform_exists,platform_width_k,platform_width_lr,platform_width_L_mm,pairwise_er_db,conservative_er_db,w0_band,geometry_warning,geometry_warning_reasons,geometry_screen_status,geometry_pass,geometry_fail_reasons,quality_pass,quality_fail_reasons,final_engineering_pass
CURRENT_PLATFORM,29.800000000000,3.000000000000,795.000000,1.453371000000,547.004172,47.000000,50.000000,5,1,0.200000000000,0.345491502813,8.637287570,11.888206454,45.496559,56.236840,0.654508497187,0.345491502813,16.362712430,0.100671140940,5.960000000000,2.960000000000,1.986666666667,0.496644295302,0.099328859060,yes,0.124161073826,0.324527775475,8.113194387,21.555984,17.572009,high_risk,yes,w0_high_risk,warning,yes,pass,yes,pass,yes
CURRENT_PLATFORM,29.800000000000,3.000000000000,795.000000,1.453371000000,547.004172,47.000000,50.000000,5,2,0.400000000000,0.904508497187,22.612712430,7.347315654,35.767183,115.745034,0.095491502813,0.095491502813,2.387287570,0.100671140940,5.960000000000,2.960000000000,1.986666666667,0.496644295302,0.099328859060,yes,0.082774049217,0.140114160312,3.502854008,21.555984,17.572009,high_risk,yes,w0_high_risk,warning,yes,pass,yes,pass,yes
CURRENT_PLATFORM,29.800000000000,3.000000000000,795.000000,1.453371000000,547.004172,47.000000,50.000000,6,1,0.166666666667,0.250000000000,6.250000000,10.825317547,43.415090,50.131428,0.750000000000,0.250000000000,18.750000000,0.100671140940,4.966666666667,1.966666666667,1.655555555556,0.395973154362,0.065995525727,yes,0.079194630872,0.189994460856,4.749861521,19.985693,15.809479,high_risk,yes,w0_high_risk,warning,yes,pass,yes,pass,yes
CURRENT_PLATFORM,29.800000000000,3.000000000000,795.000000,1.453371000000,547.004172,47.000000,50.000000,7,1,0.142857142857,0.188255099071,4.706377477,9.772893531,41.250761,45.784891,0.811744900929,0.188255099071,20.293622523,0.100671140940,4.257142857143,1.257142857143,1.419047619048,0.295302013423,0.042186001918,yes,0.049217002237,0.109088738614,2.727218465,18.662463,14.300681,high_risk,yes,w0_high_risk,warning,yes,pass,yes,pass,yes
CURRENT_PLATFORM,29.800000000000,3.000000000000,795.000000,1.453371000000,547.004172,47.000000,50.000000,7,2,0.285714285714,0.611260466978,15.281511674,12.186598902,46.063999,73.880919,0.388739533022,0.388739533022,9.718488326,0.100671140940,4.257142857143,1.257142857143,1.419047619048,0.295302013423,0.042186001918,yes,0.024608501119,0.075102113753,1.877552844,18.662463,14.300681,high_risk,yes,w0_high_risk,warning,yes,pass,yes,pass,yes
CURRENT_PLATFORM,29.800000000000,3.000000000000,795.000000,1.453371000000,547.004172,47.000000,50.000000,7,3,0.428571428571,0.950484433951,23.762110849,5.423546739,30.729966,138.099213,0.049515566049,0.049515566049,1.237889151,0.100671140940,4.257142857143,1.257142857143,1.419047619048,0.295302013423,0.042186001918,yes,0.029530201342,0.036845092712,0.921127318,18.662463,14.300681,high_risk,yes,w0_high_risk,warning,yes,pass,yes,pass,yes
CURRENT_PLATFORM,29.800000000000,3.000000000000,795.000000,1.453371000000,547.004172,47.000000,50.000000,8,1,0.125000000000,0.146446609407,3.661165235,8.838834765,39.229962,42.462205,0.853553390593,0.146446609407,21.338834765,0.100671140940,3.725000000000,0.725000000000,1.241666666667,0.194630872483,0.024328859060,yes,0.027804410355,0.057516614753,1.437915369,17.520677,13.055220,high_risk,yes,w0_high_risk,warning,yes,pass,yes,pass,yes
CURRENT_PLATFORM,29.800000000000,3.000000000000,795.000000,1.453371000000,547.004172,47.000000,50.000000,8,3,0.375000000000,0.853553390593,21.338834765,8.838834765,39.229962,102.512832,0.146446609407,0.146446609407,3.661165235,0.100671140940,3.725000000000,0.725000000000,1.241666666667,0.194630872483,0.024328859060,yes,0.012975391499,0.029108249835,0.727706246,17.520677,13.055220,high_risk,yes,w0_high_risk,warning,yes,pass,yes,pass,yes
CURRENT_PLATFORM,29.800000000000,3.000000000000,795.000000,1.453371000000,547.004172,47.000000,50.000000,9,1,0.111111111111,0.116977778441,2.924444461,8.034845121,37.403233,39.803689,0.883022221559,0.116977778441,22.075555539,0.100671140940,3.311111111111,0.311111111111,1.103703703704,0.093959731544,0.010439970172,yes,0.011744966443,0.022891491479,0.572287287,16.517995,11.949954,high_risk,no,w0_high_risk,hard_fail,no,short_cavity,yes,pass,no
CURRENT_PLATFORM,29.800000000000,3.000000000000,795.000000,1.453371000000,547.004172,47.000000,50.000000,9,2,0.222222222222,0.413175911167,10.329397779,12.310096913,46.296815,60.436200,0.586824088833,0.413175911167,14.670602221,0.100671140940,3.311111111111,0.311111111111,1.103703703704,0.093959731544,0.010439970172,yes,0.004697986577,0.014538590841,0.363464771,16.517995,11.949954,high_risk,yes,w0_high_risk,warning,yes,pass,yes,pass,yes
CURRENT_PLATFORM,29.800000000000,3.000000000000,795.000000,1.453371000000,547.004172,47.000000,50.000000,9,4,0.444444444444,0.969846310393,24.246157760,4.275251792,27.283572,157.119830,0.030153689607,0.030153689607,0.753842240,0.100671140940,3.311111111111,0.311111111111,1.103703703704,0.093959731544,0.010439970172,yes,0.006711409396,0.006978240677,0.174456017,16.517995,11.949954,high_risk,yes,w0_high_risk,warning,yes,pass,yes,pass,yes
CURRENT_PLATFORM,29.800000000000,3.000000000000,795.000000,1.453371000000,547.004172,47.000000,50.000000,10,1,0.100000000000,0.095491502813,2.387287570,7.347315654,35.767183,37.607841,0.904508497187,0.095491502813,22.612712430,0.100671140940,2.980000000000,-0.020000000000,0.993333333333,-0.006711409396,-0.000671140940,no,0.000000000000,0.000000000000,0.000000000,15.625498,10.990118,high_risk,no,w0_high_risk,hard_fail,no,short_cavity,no,below_tau_threshold;platform_too_narrow,no
CURRENT_PLATFORM,29.800000000000,3.000000000000,795.000000,1.453371000000,547.004172,47.000000,50.000000,10,3,0.300000000000,0.654508497187,16.362712430,11.888206454,45.496559,77.403370,0.345491502813,0.345491502813,8.637287570,0.100671140940,2.980000000000,-0.020000000000,0.993333333333,-0.006711409396,-0.000671140940,no,0.000000000000,0.000000000000,0.000000000,15.625498,10.990118,high_risk,yes,w0_high_risk,warning,yes,pass,no,below_tau_threshold;platform_too_narrow,no
CURRENT_PLATFORM,29.800000000000,3.000000000000,795.000000,1.453371000000,547.004172,47.000000,50.000000,11,1,0.090909090909,0.079373233584,1.984330840,6.758010218,34.302818,35.750985,0.920626766416,0.079373233584,23.015669160,0.100671140940,2.709090909091,-0.290909090909,0.903030303030,-0.107382550336,-0.009762050031,no,0.000000000000,0.000000000000,0.000000000,14.822545,10.119635,high_risk,no,w0_high_risk,hard_fail,no,short_cavity,no,below_tau_threshold;platform_too_narrow,no
CURRENT_PLATFORM,29.800000000000,3.000000000000,795.000000,1.453371000000,547.004172,47.000000,50.000000,11,2,0.181818181818,0.292292493499,7.307312337,11.370399942,44.494697,52.890948,0.707707506501,0.292292493499,17.692687663,0.100671140940,2.709090909091,-0.290909090909,0.903030303030,-0.107382550336,-0.009762050031,no,0.000000000000,0.000000000000,0.000000000,14.822545,10.119635,high_risk,yes,w0_high_risk,warning,yes,pass,no,below_tau_threshold;platform_too_narrow,no
CURRENT_PLATFORM,29.800000000000,3.000000000000,795.000000,1.453371000000,547.004172,47.000000,50.000000,11,3,0.272727272727,0.571157419137,14.278935478,12.372768024,46.414515,70.876925,0.428842580863,0.428842580863,10.721064522,0.100671140940,2.709090909091,-0.290909090909,0.903030303030,-0.107382550336,-0.009762050031,no,0.000000000000,0.000000000000,0.000000000,14.822545,10.119635,high_risk,yes,w0_high_risk,warning,yes,pass,no,below_tau_threshold;platform_too_narrow,no
CURRENT_PLATFORM,29.800000000000,3.000000000000,795.000000,1.453371000000,547.004172,47.000000,50.000000,11,4,0.363636363636,0.827430366973,20.685759174,9.446869679,40.556862,97.629746,0.172569633027,0.172569633027,4.314240826,0.100671140940,2.709090909091,-0.290909090909,0.903030303030,-0.107382550336,-0.009762050031,no,0.000000000000,0.000000000000,0.000000000,14.822545,10.119635,high_risk,yes,w0_high_risk,warning,yes,pass,no,below_tau_threshold;platform_too_narrow,no
CURRENT_PLATFORM,29.800000000000,3.000000000000,795.000000,1.453371000000,547.004172,47.000000,50.000000,11,5,0.454545454545,0.979746486807,24.493662170,3.521656961,24.762467,173.997787,0.020253513193,0.020253513193,0.506337830,0.100671140940,2.709090909091,-0.290909090909,0.903030303030,-0.107382550336,-0.009762050031,no,0.000000000000,0.000000000000,0.000000000,14.822545,10.119635,high_risk,yes,w0_high_risk,warning,yes,pass,no,below_tau_threshold;platform_too_narrow,no
CURRENT_PLATFORM,29.800000000000,3.000000000000,795.000000,1.453371000000,547.004172,47.000000,50.000000,12,1,0.083333333333,0.066987298108,1.674682453,6.250000000,32.988335,34.152037,0.933012701892,0.066987298108,23.325317547,0.100671140940,2.483333333333,-0.516666666667,0.827777777778,-0.208053691275,-0.017337807606,no,0.000000000000,0.000000000000,0.000000000,14.093883,9.341586,high_risk,no,w0_high_risk,hard_fail,no,short_cavity,no,below_tau_threshold;platform_too_narrow,no
CURRENT_PLATFORM,29.800000000000,3.000000000000,795.000000,1.453371000000,547.004172,47.000000,50.000000,12,5,0.416666666667,0.933012701892,23.325317547,6.250000000,32.988335,127.457138,0.066987298108,0.066987298108,1.674682453,0.100671140940,2.483333333333,-0.516666666667,0.827777777778,-0.208053691275,-0.017337807606,no,0.000000000000,0.000000000000,0.000000000,14.093883,9.341586,high_risk,yes,w0_high_risk,warning,yes,pass,no,below_tau_threshold;platform_too_narrow,no
CURRENT_PLATFORM,29.800000000000,3.000000000000,795.000000,1.453371000000,547.004172,47.000000,50.000000,13,1,0.076923076923,0.057271987173,1.431799679,5.809039651,31.803327,32.755131,0.942728012827,0.057271987173,23.568200321,0.100671140940,2.292307692308,-0.707692307692,0.764102564103,-0.308724832215,-0.023748064017,no,0.000000000000,0.000000000000,0.000000000,13.427916,8.625647,high_risk,no,w0_high_risk,hard_fail,no,short_cavity,no,below_tau_threshold;platform_too_narrow,no
CURRENT_PLATFORM,29.800000000000,3.000000000000,795.000000,1.453371000000,547.004172,47.000000,50.000000,13,2,0.153846153846,0.215967626634,5.399190666,10.287298324,42.322474,47.797376,0.784032373366,0.215967626634,19.600809334,0.100671140940,2.292307692308,-0.707692307692,0.764102564103,-0.308724832215,-0.023748064017,no,0.000000000000,0.000000000000,0.000000000,13.427916,8.625647,high_risk,yes,w0_high_risk,warning,yes,pass,no,below_tau_threshold;platform_too_narrow,no
CURRENT_PLATFORM,29.800000000000,3.000000000000,795.000000,1.453371000000,547.004172,47.000000,50.000000,13,3,0.230769230769,0.439731659872,10.993291497,12.408860926,46.482164,62.099528,0.560268340128,0.439731659872,14.006708503,0.100671140940,2.292307692308,-0.707692307692,0.764102564103,-0.308724832215,-0.023748064017,no,0.000000000000,0.000000000000,0.000000000,13.427916,8.625647,high_risk,yes,w0_high_risk,warning,yes,pass,no,below_tau_threshold;platform_too_narrow,no
CURRENT_PLATFORM,29.800000000000,3.000000000000,795.000000,1.453371000000,547.004172,47.000000,50.000000,13,4,0.307692307692,0.677302443521,16.932561088,11.687703034,45.111261,79.412182,0.322697556479,0.322697556479,8.067438912,0.100671140940,2.292307692308,-0.707692307692,0.764102564103,-0.308724832215,-0.023748064017,no,0.000000000000,0.000000000000,0.000000000,13.427916,8.625647,high_risk,yes,w0_high_risk,warning,yes,pass,no,below_tau_threshold;platform_too_narrow,no
CURRENT_PLATFORM,29.800000000000,3.000000000000,795.000000,1.453371000000,547.004172,47.000000,50.000000,13,5,0.384615384615,0.874255374086,21.856384352,8.289033228,37.990265,107.134071,0.125744625914,0.125744625914,3.143615648,0.100671140940,2.292307692308,-0.707692307692,0.764102564103,-0.308724832215,-0.023748064017,no,0.000000000000,0.000000000000,0.000000000,13.427916,8.625647,high_risk,yes,w0_high_risk,warning,yes,pass,no,below_tau_threshold;platform_too_narrow,no
CURRENT_PLATFORM,29.800000000000,3.000000000000,795.000000,1.453371000000,547.004172,47.000000,50.000000,13,6,0.461538461538,0.985470908713,24.636772718,2.991445804,22.822381,189.339718,0.014529091287,0.014529091287,0.363227282,0.100671140940,2.292307692308,-0.707692307692,0.764102564103,-0.308724832215,-0.023748064017,no,0.000000000000,0.000000000000,0.000000000,13.427916,8.625647,high_risk,no,w0_high_risk,hard_fail,no,large_curved_mirror_spot,no,below_tau_threshold;platform_too_narrow,no
CURRENT_PLATFORM,29.800000000000,3.000000000000,795.000000,1.453371000000,547.004172,47.000000,50.000000,14,1,0.071428571429,0.049515566049,1.237889151,5.423546739,30.729966,31.520244,0.950484433951,0.049515566049,23.762110849,0.100671140940,2.128571428571,-0.871428571429,0.709523809524,-0.409395973154,-0.029242569511,no,0.000000000000,0.000000000000,0.000000000,12.815621,7.973792,high_risk,no,w0_high_risk,hard_fail,no,short_cavity,no,below_tau_threshold;platform_too_narrow,no
CURRENT_PLATFORM,29.800000000000,3.000000000000,795.000000,1.453371000000,547.004172,47.000000,50.000000,14,3,0.214285714286,0.388739533022,9.718488326,12.186598902,46.063999,58.918067,0.611260466978,0.388739533022,15.281511674,0.100671140940,2.128571428571,-0.871428571429,0.709523809524,-0.409395973154,-0.029242569511,no,0.000000000000,0.000000000000,0.000000000,12.815621,7.973792,high_risk,yes,w0_high_risk,warning,yes,pass,no,below_tau_threshold;platform_too_narrow,no
CURRENT_PLATFORM,29.800000000000,3.000000000000,795.000000,1.453371000000,547.004172,47.000000,50.000000,14,5,0.357142857143,0.811744900929,20.293622523,9.772893531,41.250761,95.073305,0.188255099071,0.188255099071,4.706377477,0.100671140940,2.128571428571,-0.871428571429,0.709523809524,-0.409395973154,-0.029242569511,no,0.000000000000,0.000000000000,0.000000000,12.815621,7.973792,high_risk,yes,w0_high_risk,warning,yes,pass,no,below_tau_threshold;platform_too_narrow,no
CURRENT_PLATFORM,29.800000000000,3.000000000000,795.000000,1.453371000000,547.004172,47.000000,50.000000,15,1,0.066666666667,0.043227271179,1.080681779,5.084208038,29.753087,30.417789,0.956772728821,0.043227271179,23.919318221,0.100671140940,1.986666666667,-1.013333333333,0.662222222222,-0.510067114094,-0.034004474273,no,0.000000000000,0.000000000000,0.000000000,12.249829,7.367718,high_risk,no,w0_high_risk,hard_fail,no,short_cavity,no,below_tau_threshold;platform_too_narrow,no
CURRENT_PLATFORM,29.800000000000,3.000000000000,795.000000,1.453371000000,547.004172,47.000000,50.000000,15,2,0.133333333333,0.165434696821,4.135867421,9.289310318,40.217227,44.023235,0.834565303179,0.165434696821,20.864132579,0.100671140940,1.986666666667,-1.013333333333,0.662222222222,-0.510067114094,-0.034004474273,no,0.000000000000,0.000000000000,0.000000000,12.249829,7.367718,high_risk,yes,w0_high_risk,warning,yes,pass,no,below_tau_threshold;platform_too_narrow,no
CURRENT_PLATFORM,29.800000000000,3.000000000000,795.000000,1.453371000000,547.004172,47.000000,50.000000,15,4,0.266666666667,0.552264231634,13.806605791,12.431523692,46.524591,69.529910,0.447735768366,0.447735768366,11.193394209,0.100671140940,1.986666666667,-1.013333333333,0.662222222222,-0.510067114094,-0.034004474273,no,0.000000000000,0.000000000000,0.000000000,12.249829,7.367718,high_risk,yes,w0_high_risk,warning,yes,pass,no,below_tau_threshold;platform_too_narrow,no
CURRENT_PLATFORM,29.800000000000,3.000000000000,795.000000,1.453371000000,547.004172,47.000000,50.000000,15,7,0.466666666667,0.989073800367,24.726845009,2.598896135,21.272319,203.507434,0.010926199633,0.010926199633,0.273154991,0.100671140940,1.986666666667,-1.013333333333,0.662222222222,-0.510067114094,-0.034004474273,no,0.000000000000,0.000000000000,0.000000000,12.249829,7.367718,high_risk,no,w0_high_risk,hard_fail,no,large_curved_mirror_spot,no,below_tau_threshold;platform_too_narrow,no
CURRENT_PLATFORM,29.800000000000,3.000000000000,795.000000,1.453371000000,547.004172,47.000000,50.000000,16,1,0.062500000000,0.038060233744,0.951505844,4.783542905,28.859926,29.425326,0.961939766256,0.038060233744,24.048494156,0.100671140940,1.862500000000,-1.137500000000,0.620833333333,-0.610738255034,-0.038171140940,no,0.000000000000,0.000000000000,0.000000000,11.724752,6.808775,high_risk,no,w0_high_risk,hard_fail,no,short_cavity,no,below_tau_threshold;platform_too_narrow,no
CURRENT_PLATFORM,29.800000000000,3.000000000000,795.000000,1.453371000000,547.004172,47.000000,50.000000,16,3,0.187500000000,0.308658283817,7.716457095,11.548494156,44.841803,53.930777,0.691341716183,0.308658283817,17.283542905,0.100671140940,1.862500000000,-1.137500000000,0.620833333333,-0.610738255034,-0.038171140940,no,0.000000000000,0.000000000000,0.000000000,11.724752,6.808775,high_risk,yes,w0_high_risk,warning,yes,pass,no,below_tau_threshold;platform_too_narrow,no
CURRENT_PLATFORM,29.800000000000,3.000000000000,795.000000,1.453371000000,547.004172,47.000000,50.000000,16,5,0.312500000000,0.691341716183,17.283542905,11.548494156,44.841803,80.713112,0.308658283817,0.308658283817,7.716457095,0.100671140940,1.862500000000,-1.137500000000,0.620833333333,-0.610738255034,-0.038171140940,no,0.000000000000,0.000000000000,0.000000000,11.724752,6.808775,high_risk,yes,w0_high_risk,warning,yes,pass,no,below_tau_threshold;platform_too_narrow,no
CURRENT_PLATFORM,29.800000000000,3.000000000000,795.000000,1.453371000000,547.004172,47.000000,50.000000,16,7,0.437500000000,0.961939766256,24.048494156,4.783542905,28.859926,147.931103,0.038060233744,0.038060233744,0.951505844,0.100671140940,1.862500000000,-1.137500000000,0.620833333333,-0.610738255034,-0.038171140940,no,0.000000000000,0.000000000000,0.000000000,11.724752,6.808775,high_risk,yes,w0_high_risk,warning,yes,pass,no,below_tau_threshold;platform_too_narrow,no
CURRENT_PLATFORM,29.800000000000,3.000000000000,795.000000,1.453371000000,547.004172,47.000000,50.000000,17,1,0.058823529412,0.033763885298,0.844097132,4.515520827,28.039761,28.525461,0.966236114702,0.033763885298,24.155902868,0.100671140940,1.752941176471,-1.247058823529,0.584313725490,-0.711409395973,-0.041847611528,no,0.000000000000,0.000000000000,0.000000000,11.235646,6.285036,high_risk,no,w0_high_risk,hard_fail,no,short_cavity,no,below_tau_threshold;platform_too_narrow,no
CURRENT_PLATFORM,29.800000000000,3.000000000000,795.000000,1.453371000000,547.004172,47.000000,50.000000,17,2,0.117647058824,0.130495541390,3.262388535,8.421195546,38.291930,41.064955,0.869504458610,0.130495541390,21.737611465,0.100671140940,1.752941176471,-1.247058823529,0.584313725490,-0.711409395973,-0.041847611528,no,0.000000000000,0.000000000000,0.000000000,11.235646,6.285036,high_risk,yes,w0_high_risk,warning,yes,pass,no,below_tau_threshold;platform_too_narrow,no
CURRENT_PLATFORM,29.800000000000,3.000000000000,795.000000,1.453371000000,547.004172,47.000000,50.000000,17,3,0.176470588235,0.277130822112,6.928270553,11.189541142,44.139410,51.915455,0.722869177888,0.277130822112,18.071729447,0.100671140940,1.752941176471,-1.247058823529,0.584313725490,-0.711409395973,-0.041847611528,no,0.000000000000,0.000000000000,0.000000000,11.235646,6.285036,high_risk,yes,w0_high_risk,warning,yes,pass,no,below_tau_threshold;platform_too_narrow,no
CURRENT_PLATFORM,29.800000000000,3.000000000000,795.000000,1.453371000000,547.004172,47.000000,50.000000,17,4,0.235294117647,0.453865820268,11.346645507,12.446677204,46.552938,62.993743,0.546134179732,0.453865820268,13.653354493,0.100671140940,1.752941176471,-1.247058823529,0.584313725490,-0.711409395973,-0.041847611528,no,0.000000000000,0.000000000000,0.000000000,11.235646,6.285036,high_risk,yes,w0_high_risk,warning,yes,pass,no,below_tau_threshold;platform_too_narrow,no
CURRENT_PLATFORM,29.800000000000,3.000000000000,795.000000,1.453371000000,547.004172,47.000000,50.000000,17,5,0.294117647059,0.636831495036,15.920787376,12.022820540,45.753420,75.922321,0.363168504964,0.363168504964,9.079212624,0.100671140940,1.752941176471,-1.247058823529,0.584313725490,-0.711409395973,-0.041847611528,no,0.000000000000,0.000000000000,0.000000000,11.235646,6.285036,high_risk,yes,w0_high_risk,warning,yes,pass,no,below_tau_threshold;platform_too_narrow,no
CURRENT_PLATFORM,29.800000000000,3.000000000000,795.000000,1.453371000000,547.004172,47.000000,50.000000,17,6,0.352941176471,0.801317318190,20.032932955,9.975215341,41.675568,93.497827,0.198682681810,0.198682681810,4.967067045,0.100671140940,1.752941176471,-1.247058823529,0.584313725490,-0.711409395973,-0.041847611528,no,0.000000000000,0.000000000000,0.000000000,11.235646,6.285036,high_risk,yes,w0_high_risk,warning,yes,pass,no,below_tau_threshold;platform_too_narrow,no
CURRENT_PLATFORM,29.800000000000,3.000000000000,795.000000,1.453371000000,547.004172,47.000000,50.000000,17,7,0.411764705882,0.925108567865,23.127714197,6.580402036,33.849059,123.688844,0.074891432135,0.074891432135,1.872285803,0.100671140940,1.752941176471,-1.247058823529,0.584313725490,-0.711409395973,-0.041847611528,no,0.000000000000,0.000000000000,0.000000000,11.235646,6.285036,high_risk,yes,w0_high_risk,warning,yes,pass,no,below_tau_threshold;platform_too_narrow,no
CURRENT_PLATFORM,29.800000000000,3.000000000000,795.000000,1.453371000000,547.004172,47.000000,50.000000,17,8,0.470588235294,0.991486549842,24.787163746,2.296868973,19.998089,216.738316,0.008513450158,0.008513450158,0.212836254,0.100671140940,1.752941176471,-1.247058823529,0.584313725490,-0.711409395973,-0.041847611528,no,0.000000000000,0.000000000000,0.000000000,11.235646,6.285036,high_risk,no,w0_high_risk,hard_fail,no,large_curved_mirror_spot,no,below_tau_threshold;platform_too_narrow,no
CURRENT_PLATFORM,29.800000000000,3.000000000000,795.000000,1.453371000000,547.004172,47.000000,50.000000,18,1,0.055555555556,0.030153689607,0.753842240,4.275251792,27.283572,27.704465,0.969846310393,0.030153689607,24.246157760,0.100671140940,1.655555555556,-1.344444444444,0.551851851852,-0.812080536913,-0.045115585384,no,0.000000000000,0.000000000000,0.000000000,10.778567,5.797470,high_risk,no,w0_high_risk,hard_fail,no,short_cavity,no,below_tau_threshold;platform_too_narrow,no
CURRENT_PLATFORM,29.800000000000,3.000000000000,795.000000,1.453371000000,547.004172,47.000000,50.000000,18,5,0.277777777778,0.586824088833,14.670602221,12.310096913,46.296815,72.025059,0.413175911167,0.413175911167,10.329397779,0.100671140940,1.655555555556,-1.344444444444,0.551851851852,-0.812080536913,-0.045115585384,no,0.000000000000,0.000000000000,0.000000000,10.778567,5.797470,high_risk,yes,w0_high_risk,warning,yes,pass,no,below_tau_threshold;platform_too_narrow,no
CURRENT_PLATFORM,29.800000000000,3.000000000000,795.000000,1.453371000000,547.004172,47.000000,50.000000,18,7,0.388888888889,0.883022221559,22.075555539,8.034845121,37.403233,109.359736,0.116977778441,0.116977778441,2.924444461,0.100671140940,1.655555555556,-1.344444444444,0.551851851852,-0.812080536913,-0.045115585384,no,0.000000000000,0.000000000000,0.000000000,10.778567,5.797470,high_risk,yes,w0_high_risk,warning,yes,pass,no,below_tau_threshold;platform_too_narrow,no
CURRENT_PLATFORM,29.800000000000,3.000000000000,795.000000,1.453371000000,547.004172,47.000000,50.000000,19,1,0.052631578947,0.027091379150,0.677284479,4.058743365,26.583746,26.951327,0.972908620850,0.027091379150,24.322715521,0.100671140940,1.568421052632,-1.431578947368,0.522807017544,-0.912751677852,-0.048039561992,no,0.000000000000,0.000000000000,0.000000000,10.350204,5.337851,high_risk,no,w0_high_risk,hard_fail,no,short_cavity,no,below_tau_threshold;platform_too_narrow,no
CURRENT_PLATFORM,29.800000000000,3.000000000000,795.000000,1.453371000000,547.004172,47.000000,50.000000,19,2,0.105263157895,0.105429745302,2.635743633,7.677658909,36.562408,38.656948,0.894570254698,0.105429745302,22.364256367,0.100671140940,1.568421052632,-1.431578947368,0.522807017544,-0.912751677852,-0.048039561992,no,0.000000000000,0.000000000000,0.000000000,10.350204,5.337851,high_risk,no,w0_high_risk,hard_fail,no,short_cavity,no,below_tau_threshold;platform_too_narrow,no
CURRENT_PLATFORM,29.800000000000,3.000000000000,795.000000,1.453371000000,547.004172,47.000000,50.000000,19,3,0.157894736842,0.226525920939,5.663148023,10.464580978,42.685592,48.535379,0.773474079061,0.226525920939,19.336851977,0.100671140940,1.568421052632,-1.431578947368,0.522807017544,-0.912751677852,-0.048039561992,no,0.000000000000,0.000000000000,0.000000000,10.350204,5.337851,high_risk,yes,w0_high_risk,warning,yes,pass,no,below_tau_threshold;platform_too_narrow,no
CURRENT_PLATFORM,29.800000000000,3.000000000000,795.000000,1.453371000000,547.004172,47.000000,50.000000,19,4,0.210526315789,0.377257256430,9.431431411,12.117503324,45.933227,58.206652,0.622742743570,0.377257256430,15.568568589,0.100671140940,1.568421052632,-1.431578947368,0.522807017544,-0.912751677852,-0.048039561992,no,0.000000000000,0.000000000000,0.000000000,10.350204,5.337851,high_risk,yes,w0_high_risk,warning,yes,pass,no,below_tau_threshold;platform_too_narrow,no
CURRENT_PLATFORM,29.800000000000,3.000000000000,795.000000,1.453371000000,547.004172,47.000000,50.000000,19,5,0.263157894737,0.541289672736,13.532241818,12.457306163,46.572811,68.764326,0.458710327264,0.458710327264,11.467758182,0.100671140940,1.568421052632,-1.431578947368,0.522807017544,-0.912751677852,-0.048039561992,no,0.000000000000,0.000000000000,0.000000000,10.350204,5.337851,high_risk,yes,w0_high_risk,warning,yes,pass,no,below_tau_threshold;platform_too_narrow,no
CURRENT_PLATFORM,29.800000000000,3.000000000000,795.000000,1.453371000000,547.004172,47.000000,50.000000,19,6,0.315789473684,0.700847712326,17.521192808,11.447166583,44.644646,81.625005,0.299152287674,0.299152287674,7.478807192,0.100671140940,1.568421052632,-1.431578947368,0.522807017544,-0.912751677852,-0.048039561992,no,0.000000000000,0.000000000000,0.000000000,10.350204,5.337851,high_risk,yes,w0_high_risk,warning,yes,pass,no,below_tau_threshold;platform_too_narrow,no
CURRENT_PLATFORM,29.800000000000,3.000000000000,795.000000,1.453371000000,547.004172,47.000000,50.000000,19,7,0.368421052632,0.838640785813,20.966019645,9.196548883,40.015922,99.617569,0.161359214187,0.161359214187,4.033980355,0.100671140940,1.568421052632,-1.431578947368,0.522807017544,-0.912751677852,-0.048039561992,no,0.000000000000,0.000000000000,0.000000000,10.350204,5.337851,high_risk,yes,w0_high_risk,warning,yes,pass,no,below_tau_threshold;platform_too_narrow,no
CURRENT_PLATFORM,29.800000000000,3.000000000000,795.000000,1.453371000000,547.004172,47.000000,50.000000,19,8,0.421052631579,0.939736875603,23.493421890,5.949342413,32.185100,131.107955,0.060263124397,0.060263124397,1.506578110,0.100671140940,1.568421052632,-1.431578947368,0.522807017544,-0.912751677852,-0.048039561992,no,0.000000000000,0.000000000000,0.000000000,10.350204,5.337851,high_risk,yes,w0_high_risk,warning,yes,pass,no,below_tau_threshold;platform_too_narrow,no
CURRENT_PLATFORM,29.800000000000,3.000000000000,795.000000,1.453371000000,547.004172,47.000000,50.000000,19,9,0.473684210526,0.993180651701,24.829516293,2.057432379,18.927060,229.198479,0.006819348299,0.006819348299,0.170483707,0.100671140940,1.568421052632,-1.431578947368,0.522807017544,-0.912751677852,-0.048039561992,no,0.000000000000,0.000000000000,0.000000000,10.350204,5.337851,high_risk,no,w0_high_risk,hard_fail,no,large_curved_mirror_spot,no,below_tau_threshold;platform_too_narrow,no
CURRENT_PLATFORM,29.800000000000,3.000000000000,795.000000,1.453371000000,547.004172,47.000000,50.000000,20,1,0.050000000000,0.024471741852,0.611793546,3.862712430,25.933825,26.257093,0.975528258148,0.024471741852,24.388206454,0.100671140940,1.490000000000,-1.510000000000,0.496666666667,-1.013422818792,-0.050671140940,no,0.000000000000,0.000000000000,0.000000000,9.947745,4.906901,high_risk,no,w0_high_risk,hard_fail,no,short_cavity,no,below_tau_threshold;platform_too_narrow,no
CURRENT_PLATFORM,29.800000000000,3.000000000000,795.000000,1.453371000000,547.004172,47.000000,50.000000,20,3,0.150000000000,0.206107373854,5.152684346,10.112712430,41.961810,47.094840,0.793892626146,0.206107373854,19.847315654,0.100671140940,1.490000000000,-1.510000000000,0.496666666667,-1.013422818792,-0.050671140940,no,0.000000000000,0.000000000000,0.000000000,9.947745,4.906901,high_risk,yes,w0_high_risk,warning,yes,pass,no,below_tau_threshold;platform_too_narrow,no
CURRENT_PLATFORM,29.800000000000,3.000000000000,795.000000,1.453371000000,547.004172,47.000000,50.000000,20,7,0.350000000000,0.793892626146,19.847315654,10.112712430,41.961810,92.428828,0.206107373854,0.206107373854,5.152684346,0.100671140940,1.490000000000,-1.510000000000,0.496666666667,-1.013422818792,-0.050671140940,no,0.000000000000,0.000000000000,0.000000000,9.947745,4.906901,high_risk,yes,w0_high_risk,warning,yes,pass,no,below_tau_threshold;platform_too_narrow,no
CURRENT_PLATFORM,29.800000000000,3.000000000000,795.000000,1.453371000000,547.004172,47.000000,50.000000,20,9,0.450000000000,0.975528258148,24.388206454,3.862712430,25.933825,165.780761,0.024471741852,0.024471741852,0.611793546,0.100671140940,1.490000000000,-1.510000000000,0.496666666667,-1.013422818792,-0.050671140940,no,0.000000000000,0.000000000000,0.000000000,9.947745,4.906901,high_risk,yes,w0_high_risk,warning,yes,pass,no,below_tau_threshold;platform_too_narrow,no
CURRENT_PLATFORM,29.800000000000,3.000000000000,795.000000,1.453371000000,547.004172,47.000000,50.000000,21,1,0.047619047619,0.022213597107,0.555339928,3.684439680,25.328304,25.614396,0.977786402893,0.022213597107,24.444660072,0.100671140940,1.419047619048,-1.580952380952,0.473015873016,-1.114093959732,-0.053052093321,no,0.000000000000,0.000000000000,0.000000000,9.568781,4.498690,high_risk,no,w0_high_risk,hard_fail,no,short_cavity,no,below_tau_threshold;platform_too_narrow,no
CURRENT_PLATFORM,29.800000000000,3.000000000000,795.000000,1.453371000000,547.004172,47.000000,50.000000,21,2,0.095238095238,0.086880612842,2.172015321,7.041500726,35.014909,36.642848,0.913119387158,0.086880612842,22.827984679,0.100671140940,1.419047619048,-1.580952380952,0.473015873016,-1.114093959732,-0.053052093321,no,0.000000000000,0.000000000000,0.000000000,9.568781,4.498690,high_risk,no,w0_high_risk,hard_fail,no,short_cavity,no,below_tau_threshold;platform_too_narrow,no
CURRENT_PLATFORM,29.800000000000,3.000000000000,795.000000,1.453371000000,547.004172,47.000000,50.000000,21,4,0.190476190476,0.317329487817,7.933237195,11.635921858,45.011220,54.477254,0.682670512183,0.317329487817,17.066762805,0.100671140940,1.419047619048,-1.580952380952,0.473015873016,-1.114093959732,-0.053052093321,no,0.000000000000,0.000000000000,0.000000000,9.568781,4.498690,high_risk,yes,w0_high_risk,warning,yes,pass,no,below_tau_threshold;platform_too_narrow,no
CURRENT_PLATFORM,29.800000000000,3.000000000000,795.000000,1.453371000000,547.004172,47.000000,50.000000,21,5,0.238095238095,0.462634953207,11.565873830,12.465047465,46.587280,63.552501,0.537365046793,0.462634953207,13.434126170,0.100671140940,1.419047619048,-1.580952380952,0.473015873016,-1.114093959732,-0.053052093321,no,0.000000000000,0.000000000000,0.000000000,9.568781,4.498690,high_risk,yes,w0_high_risk,warning,yes,pass,no,below_tau_threshold;platform_too_narrow,no
CURRENT_PLATFORM,29.800000000000,3.000000000000,795.000000,1.453371000000,547.004172,47.000000,50.000000,21,8,0.380952380952,0.866525935915,21.663148398,8.502159222,38.475564,105.314109,0.133474064085,0.133474064085,3.336851602,0.100671140940,1.419047619048,-1.580952380952,0.473015873016,-1.114093959732,-0.053052093321,no,0.000000000000,0.000000000000,0.000000000,9.568781,4.498690,high_risk,yes,w0_high_risk,warning,yes,pass,no,below_tau_threshold;platform_too_narrow,no
CURRENT_PLATFORM,29.800000000000,3.000000000000,795.000000,1.453371000000,547.004172,47.000000,50.000000,21,10,0.476190476190,0.994415413113,24.860385328,1.863028327,18.010680,241.009735,0.005584586887,0.005584586887,0.139614672,0.100671140940,1.419047619048,-1.580952380952,0.473015873016,-1.114093959732,-0.053052093321,no,0.000000000000,0.000000000000,0.000000000,9.568781,4.498690,high_risk,no,w0_high_risk,hard_fail,no,large_curved_mirror_spot,no,below_tau_threshold;platform_too_narrow,no
CURRENT_PLATFORM,29.800000000000,3.000000000000,795.000000,1.453371000000,547.004172,47.000000,50.000000,22,1,0.045454545455,0.020253513193,0.506337830,3.521656961,24.762467,25.017105,0.979746486807,0.020253513193,24.493662170,0.100671140940,1.354545454545,-1.645454545455,0.451515151515,-1.214765100671,-0.055216595485,no,0.000000000000,0.000000000000,0.000000000,9.211230,4.113776,high_risk,no,w0_high_risk,hard_fail,no,short_cavity,no,below_tau_threshold;platform_too_narrow,no
CURRENT_PLATFORM,29.800000000000,3.000000000000,795.000000,1.453371000000,547.004172,47.000000,50.000000,22,3,0.136363636364,0.172569633027,4.314240826,9.446869679,40.556862,44.586011,0.827430366973,0.172569633027,20.685759174,0.100671140940,1.354545454545,-1.645454545455,0.451515151515,-1.214765100671,-0.055216595485,no,0.000000000000,0.000000000000,0.000000000,9.211230,4.113776,high_risk,yes,w0_high_risk,warning,yes,pass,no,below_tau_threshold;platform_too_narrow,no
CURRENT_PLATFORM,29.800000000000,3.000000000000,795.000000,1.453371000000,547.004172,47.000000,50.000000,22,5,0.227272727273,0.428842580863,10.721064522,12.372768024,46.414515,61.415205,0.571157419137,0.428842580863,14.278935478,0.100671140940,1.354545454545,-1.645454545455,0.451515151515,-1.214765100671,-0.055216595485,no,0.000000000000,0.000000000000,0.000000000,9.211230,4.113776,high_risk,yes,w0_high_risk,warning,yes,pass,no,below_tau_threshold;platform_too_narrow,no
CURRENT_PLATFORM,29.800000000000,3.000000000000,795.000000,1.453371000000,547.004172,47.000000,50.000000,22,7,0.318181818182,0.707707506501,17.692687663,11.370399942,44.494697,82.299922,0.292292493499,0.292292493499,7.307312337,0.100671140940,1.354545454545,-1.645454545455,0.451515151515,-1.214765100671,-0.055216595485,no,0.000000000000,0.000000000000,0.000000000,9.211230,4.113776,high_risk,yes,w0_high_risk,warning,yes,pass,no,below_tau_threshold;platform_too_narrow,no
CURRENT_PLATFORM,29.800000000000,3.000000000000,795.000000,1.453371000000,547.004172,47.000000,50.000000,22,9,0.409090909091,0.920626766416,23.015669160,6.758010218,34.302818,121.756672,0.079373233584,0.079373233584,1.984330840,0.100671140940,1.354545454545,-1.645454545455,0.451515151515,-1.214765100671,-0.055216595485,no,0.000000000000,0.000000000000,0.000000000,9.211230,4.113776,high_risk,yes,w0_high_risk,warning,yes,pass,no,below_tau_threshold;platform_too_narrow,no
CURRENT_PLATFORM,29.800000000000,3.000000000000,795.000000,1.453371000000,547.004172,47.000000,50.000000,23,1,0.043478260870,0.018541356326,0.463533908,3.372459639,24.232251,24.460074,0.981458643674,0.018541356326,24.536466092,0.100671140940,1.295652173913,-1.704347826087,0.431884057971,-1.315436241611,-0.057192880070,no,0.000000000000,0.000000000000,0.000000000,8.873279,3.747730,high_risk,no,w0_high_risk,hard_fail,no,short_cavity,no,below_tau_threshold;platform_too_narrow,no
CURRENT_PLATFORM,29.800000000000,3.000000000000,795.000000,1.453371000000,547.004172,47.000000,50.000000,23,2,0.086956521739,0.072790297727,1.819757443,6.494799375,33.628171,34.923219,0.927209702273,0.072790297727,23.180242557,0.100671140940,1.295652173913,-1.704347826087,0.431884057971,-1.315436241611,-0.057192880070,no,0.000000000000,0.000000000000,0.000000000,8.873279,3.747730,high_risk,no,w0_high_risk,hard_fail,no,short_cavity,no,below_tau_threshold;platform_too_narrow,no
CURRENT_PLATFORM,29.800000000000,3.000000000000,795.000000,1.453371000000,547.004172,47.000000,50.000000,23,3,0.130434782609,0.158723428391,3.968085710,9.135449553,39.882773,43.482644,0.841276571609,0.158723428391,21.031914290,0.100671140940,1.295652173913,-1.704347826087,0.431884057971,-1.315436241611,-0.057192880070,no,0.000000000000,0.000000000000,0.000000000,8.873279,3.747730,high_risk,yes,w0_high_risk,warning,yes,pass,no,below_tau_threshold;platform_too_narrow,no
CURRENT_PLATFORM,29.800000000000,3.000000000000,795.000000,1.453371000000,547.004172,47.000000,50.000000,23,4,0.173913043478,0.269967481134,6.749187028,11.098565230,43.959607,51.449683,0.730032518866,0.269967481134,18.250812972,0.100671140940,1.295652173913,-1.704347826087,0.431884057971,-1.315436241611,-0.057192880070,no,0.000000000000,0.000000000000,0.000000000,8.873279,3.747730,high_risk,yes,w0_high_risk,warning,yes,pass,no,below_tau_threshold;platform_too_narrow,no
CURRENT_PLATFORM,29.800000000000,3.000000000000,795.000000,1.453371000000,547.004172,47.000000,50.000000,23,5,0.217391304348,0.398271993474,9.956799837,12.238551096,46.162082,59.509359,0.601728006526,0.398271993474,15.043200163,0.100671140940,1.295652173913,-1.704347826087,0.431884057971,-1.315436241611,-0.057192880070,no,0.000000000000,0.000000000000,0.000000000,8.873279,3.747730,high_risk,yes,w0_high_risk,warning,yes,pass,no,below_tau_threshold;platform_too_narrow,no
CURRENT_PLATFORM,29.800000000000,3.000000000000,795.000000,1.453371000000,547.004172,47.000000,50.000000,23,6,0.260869565217,0.534121206682,13.353030167,12.470859615,46.598140,68.270347,0.465878793318,0.465878793318,11.646969833,0.100671140940,1.295652173913,-1.704347826087,0.431884057971,-1.315436241611,-0.057192880070,no,0.000000000000,0.000000000000,0.000000000,8.873279,3.747730,high_risk,yes,w0_high_risk,warning,yes,pass,no,below_tau_threshold;platform_too_narrow,no
CURRENT_PLATFORM,29.800000000000,3.000000000000,795.000000,1.453371000000,547.004172,47.000000,50.000000,23,7,0.304347826087,0.667439806085,16.685995152,11.778261526,45.285689,78.528237,0.332560193915,0.332560193915,8.314004848,0.100671140940,1.295652173913,-1.704347826087,0.431884057971,-1.315436241611,-0.057192880070,no,0.000000000000,0.000000000000,0.000000000,8.873279,3.747730,high_risk,yes,w0_high_risk,warning,yes,pass,no,below_tau_threshold;platform_too_narrow,no
CURRENT_PLATFORM,29.800000000000,3.000000000000,795.000000,1.453371000000,547.004172,47.000000,50.000000,23,8,0.347826086957,0.788340161057,19.708504026,10.212123663,42.167555,91.655638,0.211659838943,0.211659838943,5.291495974,0.100671140940,1.295652173913,-1.704347826087,0.431884057971,-1.315436241611,-0.057192880070,no,0.000000000000,0.000000000000,0.000000000,8.873279,3.747730,high_risk,yes,w0_high_risk,warning,yes,pass,no,below_tau_threshold;platform_too_narrow,no
CURRENT_PLATFORM,29.800000000000,3.000000000000,795.000000,1.453371000000,547.004172,47.000000,50.000000,23,9,0.391304347826,0.887855645352,22.196391134,7.888599304,37.061273,110.670437,0.112144354648,0.112144354648,2.803608866,0.100671140940,1.295652173913,-1.704347826087,0.431884057971,-1.315436241611,-0.057192880070,no,0.000000000000,0.000000000000,0.000000000,8.873279,3.747730,high_risk,yes,w0_high_risk,warning,yes,pass,no,below_tau_threshold;platform_too_narrow,no
CURRENT_PLATFORM,29.800000000000,3.000000000000,795.000000,1.453371000000,547.004172,47.000000,50.000000,23,10,0.434782608696,0.958605650753,23.965141269,4.980013623,29.446633,144.732185,0.041394349247,0.041394349247,1.034858731,0.100671140940,1.295652173913,-1.704347826087,0.431884057971,-1.315436241611,-0.057192880070,no,0.000000000000,0.000000000000,0.000000000,8.873279,3.747730,high_risk,yes,w0_high_risk,warning,yes,pass,no,below_tau_threshold;platform_too_narrow,no
CURRENT_PLATFORM,29.800000000000,3.000000000000,795.000000,1.453371000000,547.004172,47.000000,50.000000,23,11,0.478260869565,0.995342973018,24.883574325,1.702083114,17.215148,252.264645,0.004657026982,0.004657026982,0.116425675,0.100671140940,1.295652173913,-1.704347826087,0.431884057971,-1.315436241611,-0.057192880070,no,0.000000000000,0.000000000000,0.000000000,8.873279,3.747730,high_risk,no,w0_high_risk,hard_fail,no,large_curved_mirror_spot,no,below_tau_threshold;platform_too_narrow,no
CURRENT_PLATFORM,29.800000000000,3.000000000000,795.000000,1.453371000000,547.004172,47.000000,50.000000,24,1,0.041666666667,0.017037086855,0.425927171,3.235238064,23.734140,23.938941,0.982962913145,0.017037086855,24.574072829,0.100671140940,1.241666666667,-1.758333333333,0.413888888889,-1.416107382550,-0.059004474273,no,0.000000000000,0.000000000000,0.000000000,8.553340,3.400993,high_risk,no,w0_high_risk,hard_fail,no,short_cavity,no,below_tau_threshold;platform_too_narrow,no
CURRENT_PLATFORM,29.800000000000,3.000000000000,795.000000,1.453371000000,547.004172,47.000000,50.000000,24,5,0.208333333333,0.370590477449,9.264761936,12.074072829,45.850838,57.793717,0.629409522551,0.370590477449,15.735238064,0.100671140940,1.241666666667,-1.758333333333,0.413888888889,-1.416107382550,-0.059004474273,no,0.000000000000,0.000000000000,0.000000000,8.553340,3.400993,high_risk,yes,w0_high_risk,warning,yes,pass,no,below_tau_threshold;platform_too_narrow,no
CURRENT_PLATFORM,29.800000000000,3.000000000000,795.000000,1.453371000000,547.004172,47.000000,50.000000,24,7,0.291666666667,0.629409522551,15.735238064,12.074072829,45.850838,75.318238,0.370590477449,0.370590477449,9.264761936,0.100671140940,1.241666666667,-1.758333333333,0.413888888889,-1.416107382550,-0.059004474273,no,0.000000000000,0.000000000000,0.000000000,8.553340,3.400993,high_risk,yes,w0_high_risk,warning,yes,pass,no,below_tau_threshold;platform_too_narrow,no
CURRENT_PLATFORM,29.800000000000,3.000000000000,795.000000,1.453371000000,547.004172,47.000000,50.000000,24,11,0.458333333333,0.982962913145,24.574072829,3.235238064,23.734140,181.834311,0.017037086855,0.017037086855,0.425927171,0.100671140940,1.241666666667,-1.758333333333,0.413888888889,-1.416107382550,-0.059004474273,no,0.000000000000,0.000000000000,0.000000000,8.553340,3.400993,high_risk,no,w0_high_risk,hard_fail,no,large_curved_mirror_spot,no,below_tau_threshold;platform_too_narrow,no
CURRENT_PLATFORM,29.800000000000,3.000000000000,795.000000,1.453371000000,547.004172,47.000000,50.000000,25,1,0.040000000000,0.015708419436,0.392710486,3.108623590,23.265075,23.449985,0.984291580564,0.015708419436,24.607289514,0.100671140940,1.192000000000,-1.808000000000,0.397333333333,-1.516778523490,-0.060671140940,no,0.000000000000,0.000000000000,0.000000000,8.250011,3.070160,high_risk,no,w0_high_risk,hard_fail,no,short_cavity,no,below_tau_threshold;platform_too_narrow,no
CURRENT_PLATFORM,29.800000000000,3.000000000000,795.000000,1.453371000000,547.004172,47.000000,50.000000,25,2,0.080000000000,0.061846659978,1.546166499,6.021920926,32.380825,33.431125,0.938153340022,0.061846659978,23.453833501,0.100671140940,1.192000000000,-1.808000000000,0.397333333333,-1.516778523490,-0.060671140940,no,0.000000000000,0.000000000000,0.000000000,8.250011,3.070160,high_risk,no,w0_high_risk,hard_fail,no,short_cavity,no,below_tau_threshold;platform_too_narrow,no
CURRENT_PLATFORM,29.800000000000,3.000000000000,795.000000,1.453371000000,547.004172,47.000000,50.000000,25,3,0.120000000000,0.135515686289,3.387892157,8.556838824,38.599089,41.514375,0.864484313711,0.135515686289,21.612107843,0.100671140940,1.192000000000,-1.808000000000,0.397333333333,-1.516778523490,-0.060671140940,no,0.000000000000,0.000000000000,0.000000000,8.250011,3.070160,high_risk,yes,w0_high_risk,warning,yes,pass,no,below_tau_threshold;platform_too_narrow,no
CURRENT_PLATFORM,29.800000000000,3.000000000000,795.000000,1.453371000000,547.004172,47.000000,50.000000,25,4,0.160000000000,0.232086602511,5.802165063,10.554099069,42.867777,48.918693,0.767913397489,0.232086602511,19.197834937,0.100671140940,1.192000000000,-1.808000000000,0.397333333333,-1.516778523490,-0.060671140940,no,0.000000000000,0.000000000000,0.000000000,8.250011,3.070160,high_risk,yes,w0_high_risk,warning,yes,pass,no,below_tau_threshold;platform_too_narrow,no
CURRENT_PLATFORM,29.800000000000,3.000000000000,795.000000,1.453371000000,547.004172,47.000000,50.000000,25,6,0.240000000000,0.468604740235,11.715118506,12.475334105,46.606498,63.934848,0.531395259765,0.468604740235,13.284881494,0.100671140940,1.192000000000,-1.808000000000,0.397333333333,-1.516778523490,-0.060671140940,no,0.000000000000,0.000000000000,0.000000000,8.250011,3.070160,high_risk,yes,w0_high_risk,warning,yes,pass,no,below_tau_threshold;platform_too_narrow,no
CURRENT_PLATFORM,29.800000000000,3.000000000000,795.000000,1.453371000000,547.004172,47.000000,50.000000,25,7,0.280000000000,0.593690657293,14.842266432,12.278590634,46.237532,72.538110,0.406309342707,0.406309342707,10.157733568,0.100671140940,1.192000000000,-1.808000000000,0.397333333333,-1.516778523490,-0.060671140940,no,0.000000000000,0.000000000000,0.000000000,8.250011,3.070160,high_risk,yes,w0_high_risk,warning,yes,pass,no,below_tau_threshold;platform_too_narrow,no
CURRENT_PLATFORM,29.800000000000,3.000000000000,795.000000,1.453371000000,547.004172,47.000000,50.000000,25,8,0.320000000000,0.712889645783,17.822241145,11.310338156,44.377024,82.819719,0.287110354217,0.287110354217,7.177758855,0.100671140940,1.192000000000,-1.808000000000,0.397333333333,-1.516778523490,-0.060671140940,no,0.000000000000,0.000000000000,0.000000000,8.250011,3.070160,high_risk,yes,w0_high_risk,warning,yes,pass,no,below_tau_threshold;platform_too_narrow,no
CURRENT_PLATFORM,29.800000000000,3.000000000000,795.000000,1.453371000000,547.004172,47.000000,50.000000,25,9,0.360000000000,0.818711994874,20.467799872,9.631415535,40.951088,96.179144,0.181288005126,0.181288005126,4.532200128,0.100671140940,1.192000000000,-1.808000000000,0.397333333333,-1.516778523490,-0.060671140940,no,0.000000000000,0.000000000000,0.000000000,8.250011,3.070160,high_risk,yes,w0_high_risk,warning,yes,pass,no,below_tau_threshold;platform_too_narrow,no
CURRENT_PLATFORM,29.800000000000,3.000000000000,795.000000,1.453371000000,547.004172,47.000000,50.000000,25,11,0.440000000000,0.964888242944,24.122206074,4.601556909,28.305627,151.058963,0.035111757056,0.035111757056,0.877793926,0.100671140940,1.192000000000,-1.808000000000,0.397333333333,-1.516778523490,-0.060671140940,no,0.000000000000,0.000000000000,0.000000000,8.250011,3.070160,high_risk,yes,w0_high_risk,warning,yes,pass,no,below_tau_threshold;platform_too_narrow,no
CURRENT_PLATFORM,29.800000000000,3.000000000000,795.000000,1.453371000000,547.004172,47.000000,50.000000,25,12,0.480000000000,0.996057350657,24.901433766,1.566665420,16.516138,263.035542,0.003942649343,0.003942649343,0.098566234,0.100671140940,1.192000000000,-1.808000000000,0.397333333333,-1.516778523490,-0.060671140940,no,0.000000000000,0.000000000000,0.000000000,8.250011,3.070160,high_risk,no,w0_high_risk,hard_fail,no,large_curved_mirror_spot,no,below_tau_threshold;platform_too_narrow,no
CURRENT_PLATFORM,29.800000000000,3.000000000000,795.000000,1.453371000000,547.004172,47.000000,50.000000,26,1,0.038461538462,0.014529091287,0.363227282,2.991445804,22.822381,22.990004,0.985470908713,0.014529091287,24.636772718,0.100671140940,1.146153846154,-1.853846153846,0.382051282051,-1.617449664430,-0.062209602478,no,0.000000000000,0.000000000000,0.000000000,7.962047,2.755590,high_risk,no,w0_high_risk,hard_fail,no,short_cavity,no,below_tau_threshold;platform_too_narrow,no
CURRENT_PLATFORM,29.800000000000,3.000000000000,795.000000,1.453371000000,547.004172,47.000000,50.000000,26,3,0.115384615385,0.125744625914,3.143615648,8.289033228,37.990265,40.630594,0.874255374086,0.125744625914,21.856384352,0.100671140940,1.146153846154,-1.853846153846,0.382051282051,-1.617449664430,-0.062209602478,no,0.000000000000,0.000000000000,0.000000000,7.962047,2.755590,high_risk,yes,w0_high_risk,warning,yes,pass,no,below_tau_threshold;platform_too_narrow,no
CURRENT_PLATFORM,29.800000000000,3.000000000000,795.000000,1.453371000000,547.004172,47.000000,50.000000,26,5,0.192307692308,0.322697556479,8.067438912,11.687703034,45.111261,54.814271,0.677302443521,0.322697556479,16.932561088,0.100671140940,1.146153846154,-1.853846153846,0.382051282051,-1.617449664430,-0.062209602478,no,0.000000000000,0.000000000000,0.000000000,7.962047,2.755590,high_risk,yes,w0_high_risk,warning,yes,pass,no,below_tau_threshold;platform_too_narrow,no
CURRENT_PLATFORM,29.800000000000,3.000000000000,795.000000,1.453371000000,547.004172,47.000000,50.000000,26,7,0.269230769231,0.560268340128,14.006708503,12.408860926,46.482164,70.095877,0.439731659872,0.439731659872,10.993291497,0.100671140940,1.146153846154,-1.853846153846,0.382051282051,-1.617449664430,-0.062209602478,no,0.000000000000,0.000000000000,0.000000000,7.962047,2.755590,high_risk,yes,w0_high_risk,warning,yes,pass,no,below_tau_threshold;platform_too_narrow,no
CURRENT_PLATFORM,29.800000000000,3.000000000000,795.000000,1.453371000000,547.004172,47.000000,50.000000,26,9,0.346153846154,0.784032373366,19.600809334,10.287298324,42.322474,91.070291,0.215967626634,0.215967626634,5.399190666,0.100671140940,1.146153846154,-1.853846153846,0.382051282051,-1.617449664430,-0.062209602478,no,0.000000000000,0.000000000000,0.000000000,7.962047,2.755590,high_risk,yes,w0_high_risk,warning,yes,pass,no,below_tau_threshold;platform_too_narrow,no
CURRENT_PLATFORM,29.800000000000,3.000000000000,795.000000,1.453371000000,547.004172,47.000000,50.000000,26,11,0.423076923077,0.942728012827,23.568200321,5.809039651,31.803327,132.892792,0.057271987173,0.057271987173,1.431799679,0.100671140940,1.146153846154,-1.853846153846,0.382051282051,-1.617449664430,-0.062209602478,no,0.000000000000,0.000000000000,0.000000000,7.962047,2.755590,high_risk,yes,w0_high_risk,warning,yes,pass,no,below_tau_threshold;platform_too_narrow,no
CURRENT_PLATFORM,29.800000000000,3.000000000000,795.000000,1.453371000000,547.004172,47.000000,50.000000,27,1,0.037037037037,0.013477564710,0.336939118,2.882698384,22.403712,22.556229,0.986522435290,0.013477564710,24.663060882,0.100671140940,1.103703703704,-1.896296296296,0.367901234568,-1.718120805369,-0.063634103903,no,0.000000000000,0.000000000000,0.000000000,7.688339,2.454601,high_risk,no,w0_high_risk,hard_fail,no,short_cavity,no,below_tau_threshold;platform_too_narrow,no
CURRENT_PLATFORM,29.800000000000,3.000000000000,795.000000,1.453371000000,547.004172,47.000000,50.000000,27,2,0.074074074074,0.053183679838,1.329591996,5.609989753,31.253698,32.119483,0.946816320162,0.053183679838,23.670408004,0.100671140940,1.103703703704,-1.896296296296,0.367901234568,-1.718120805369,-0.063634103903,no,0.000000000000,0.000000000000,0.000000000,7.688339,2.454601,high_risk,no,w0_high_risk,hard_fail,no,short_cavity,no,below_tau_threshold;platform_too_narrow,no
CURRENT_PLATFORM,29.800000000000,3.000000000000,795.000000,1.453371000000,547.004172,47.000000,50.000000,27,4,0.148148148148,0.201420704149,5.035517604,10.026539909,41.782645,46.755952,0.798579295851,0.201420704149,19.964482396,0.100671140940,1.103703703704,-1.896296296296,0.367901234568,-1.718120805369,-0.063634103903,no,0.000000000000,0.000000000000,0.000000000,7.688339,2.454601,high_risk,yes,w0_high_risk,warning,yes,pass,no,below_tau_threshold;platform_too_narrow,no
CURRENT_PLATFORM,29.800000000000,3.000000000000,795.000000,1.453371000000,547.004172,47.000000,50.000000,27,5,0.185185185185,0.301960116980,7.549002925,11.477701336,44.704150,53.506645,0.698039883020,0.301960116980,17.450997075,0.100671140940,1.103703703704,-1.896296296296,0.367901234568,-1.718120805369,-0.063634103903,no,0.000000000000,0.000000000000,0.000000000,7.688339,2.454601,high_risk,yes,w0_high_risk,warning,yes,pass,no,below_tau_threshold;platform_too_narrow,no
CURRENT_PLATFORM,29.800000000000,3.000000000000,795.000000,1.453371000000,547.004172,47.000000,50.000000,27,7,0.259259259259,0.529072414455,13.226810361,12.478851978,46.613069,67.925154,0.470927585545,0.470927585545,11.773189639,0.100671140940,1.103703703704,-1.896296296296,0.367901234568,-1.718120805369,-0.063634103903,no,0.000000000000,0.000000000000,0.000000000,7.688339,2.454601,high_risk,yes,w0_high_risk,warning,yes,pass,no,below_tau_threshold;platform_too_narrow,no
CURRENT_PLATFORM,29.800000000000,3.000000000000,795.000000,1.453371000000,547.004172,47.000000,50.000000,27,8,0.296296296296,0.643401616356,16.085040409,11.974868904,45.662088,76.465597,0.356598383644,0.356598383644,8.914959591,0.100671140940,1.103703703704,-1.896296296296,0.367901234568,-1.718120805369,-0.063634103903,no,0.000000000000,0.000000000000,0.000000000,7.688339,2.454601,high_risk,yes,w0_high_risk,warning,yes,pass,no,below_tau_threshold;platform_too_narrow,no
CURRENT_PLATFORM,29.800000000000,3.000000000000,795.000000,1.453371000000,547.004172,47.000000,50.000000,27,10,0.370370370370,0.843120818934,21.078020473,9.092170520,39.788189,100.454989,0.156879181066,0.156879181066,3.921979527,0.100671140940,1.103703703704,-1.896296296296,0.367901234568,-1.718120805369,-0.063634103903,no,0.000000000000,0.000000000000,0.000000000,7.688339,2.454601,high_risk,yes,w0_high_risk,warning,yes,pass,no,below_tau_threshold;platform_too_narrow,no
CURRENT_PLATFORM,29.800000000000,3.000000000000,795.000000,1.453371000000,547.004172,47.000000,50.000000,27,11,0.407407407407,0.917743905706,22.943597643,6.868862226,34.583010,120.580962,0.082256094294,0.082256094294,2.056402357,0.100671140940,1.103703703704,-1.896296296296,0.367901234568,-1.718120805369,-0.063634103903,no,0.000000000000,0.000000000000,0.000000000,7.688339,2.454601,high_risk,yes,w0_high_risk,warning,yes,pass,no,below_tau_threshold;platform_too_narrow,no
CURRENT_PLATFORM,29.800000000000,3.000000000000,795.000000,1.453371000000,547.004172,47.000000,50.000000,27,13,0.481481481481,0.996619178871,24.915479472,1.451161427,15.895648,273.380258,0.003380821129,0.003380821129,0.084520528,0.100671140940,1.103703703704,-1.896296296296,0.367901234568,-1.718120805369,-0.063634103903,no,0.000000000000,0.000000000000,0.000000000,7.688339,2.454601,high_risk,no,w0_high_risk,hard_fail,no,large_curved_mirror_spot,no,below_tau_threshold;platform_too_narrow,no
CURRENT_PLATFORM,29.800000000000,3.000000000000,795.000000,1.453371000000,547.004172,47.000000,50.000000,28,1,0.035714285714,0.012536043909,0.313401098,2.781511674,22.006999,22.146250,0.987463956091,0.012536043909,24.686598902,0.100671140940,1.064285714286,-1.935714285714,0.354761904762,-1.818791946309,-0.064956855225,no,0.000000000000,0.000000000000,0.000000000,7.427892,2.167489,high_risk,no,w0_high_risk,hard_fail,no,short_cavity,no,below_tau_threshold;platform_too_narrow,no
CURRENT_PLATFORM,29.800000000000,3.000000000000,795.000000,1.453371000000,547.004172,47.000000,50.000000,28,3,0.107142857143,0.109084258766,2.727106469,7.793622523,36.837493,39.027591,0.890915741234,0.109084258766,22.272893531,0.100671140940,1.064285714286,-1.935714285714,0.354761904762,-1.818791946309,-0.064956855225,no,0.000000000000,0.000000000000,0.000000000,7.427892,2.167489,high_risk,no,w0_high_risk,hard_fail,no,short_cavity,no,below_tau_threshold;platform_too_narrow,no
CURRENT_PLATFORM,29.800000000000,3.000000000000,795.000000,1.453371000000,547.004172,47.000000,50.000000,28,5,0.178571428571,0.283058130441,7.076453261,11.262110849,44.282311,52.298389,0.716941869559,0.283058130441,17.923546739,0.100671140940,1.064285714286,-1.935714285714,0.354761904762,-1.818791946309,-0.064956855225,no,0.000000000000,0.000000000000,0.000000000,7.427892,2.167489,high_risk,yes,w0_high_risk,warning,yes,pass,no,below_tau_threshold;platform_too_narrow,no
CURRENT_PLATFORM,29.800000000000,3.000000000000,795.000000,1.453371000000,547.004172,47.000000,50.000000,28,9,0.321428571429,0.716941869559,17.923546739,11.262110849,44.282311,83.232409,0.283058130441,0.283058130441,7.076453261,0.100671140940,1.064285714286,-1.935714285714,0.354761904762,-1.818791946309,-0.064956855225,no,0.000000000000,0.000000000000,0.000000000,7.427892,2.167489,high_risk,yes,w0_high_risk,warning,yes,pass,no,below_tau_threshold;platform_too_narrow,no
CURRENT_PLATFORM,29.800000000000,3.000000000000,795.000000,1.453371000000,547.004172,47.000000,50.000000,28,11,0.392857142857,0.890915741234,22.272893531,7.793622523,36.837493,111.534448,0.109084258766,0.109084258766,2.727106469,0.100671140940,1.064285714286,-1.935714285714,0.354761904762,-1.818791946309,-0.064956855225,no,0.000000000000,0.000000000000,0.000000000,7.427892,2.167489,high_risk,yes,w0_high_risk,warning,yes,pass,no,below_tau_threshold;platform_too_narrow,no
CURRENT_PLATFORM,29.800000000000,3.000000000000,795.000000,1.453371000000,547.004172,47.000000,50.000000,28,13,0.464285714286,0.987463956091,24.686598902,2.781511674,22.006999,196.553406,0.012536043909,0.012536043909,0.313401098,0.100671140940,1.064285714286,-1.935714285714,0.354761904762,-1.818791946309,-0.064956855225,no,0.000000000000,0.000000000000,0.000000000,7.427892,2.167489,high_risk,no,w0_high_risk,hard_fail,no,large_curved_mirror_spot,no,below_tau_threshold;platform_too_narrow,no
CURRENT_PLATFORM,29.800000000000,3.000000000000,795.000000,1.453371000000,547.004172,47.000000,50.000000,29,1,0.034482758621,0.011689722145,0.292243054,2.687130503,21.630411,21.757957,0.988310277855,0.011689722145,24.707756946,0.100671140940,1.027586206897,-1.972413793103,0.342528735632,-1.919463087248,-0.066188382319,no,0.000000000000,0.000000000000,0.000000000,7.179810,1.892101,high_risk,no,w0_high_risk,hard_fail,no,short_cavity,no,below_tau_threshold;platform_too_narrow,no
CURRENT_PLATFORM,29.800000000000,3.000000000000,795.000000,1.453371000000,547.004172,47.000000,50.000000,29,2,0.068965517241,0.046212290165,1.155307254,5.248613770,30.230316,30.954004,0.953787709835,0.046212290165,23.844692746,0.100671140940,1.027586206897,-1.972413793103,0.342528735632,-1.919463087248,-0.066188382319,no,0.000000000000,0.000000000000,0.000000000,7.179810,1.892101,high_risk,no,w0_high_risk,hard_fail,no,short_cavity,no,below_tau_threshold;platform_too_narrow,no
CURRENT_PLATFORM,29.800000000000,3.000000000000,795.000000,1.453371000000,547.004172,47.000000,50.000000,29,3,0.103448275862,0.101953467147,2.548836679,7.564677690,36.292392,38.297125,0.898046532853,0.101953467147,22.451163321,0.100671140940,1.027586206897,-1.972413793103,0.342528735632,-1.919463087248,-0.066188382319,no,0.000000000000,0.000000000000,0.000000000,7.179810,1.892101,high_risk,no,w0_high_risk,hard_fail,no,short_cavity,no,below_tau_threshold;platform_too_narrow,no
CURRENT_PLATFORM,29.800000000000,3.000000000000,795.000000,1.453371000000,547.004172,47.000000,50.000000,29,4,0.137931034483,0.176306857609,4.407671440,9.527025689,40.728560,44.876226,0.823693142391,0.176306857609,20.592328560,0.100671140940,1.027586206897,-1.972413793103,0.342528735632,-1.919463087248,-0.066188382319,no,0.000000000000,0.000000000000,0.000000000,7.179810,1.892101,high_risk,yes,w0_high_risk,warning,yes,pass,no,below_tau_threshold;platform_too_narrow,no
CURRENT_PLATFORM,29.800000000000,3.000000000000,795.000000,1.453371000000,547.004172,47.000000,50.000000,29,5,0.172413793103,0.265795779650,6.644894491,11.043900556,43.851215,51.176807,0.734204220350,0.265795779650,18.355105509,0.100671140940,1.027586206897,-1.972413793103,0.342528735632,-1.919463087248,-0.066188382319,no,0.000000000000,0.000000000000,0.000000000,7.179810,1.892101,high_risk,yes,w0_high_risk,warning,yes,pass,no,below_tau_threshold;platform_too_narrow,no
CURRENT_PLATFORM,29.800000000000,3.000000000000,795.000000,1.453371000000,547.004172,47.000000,50.000000,29,6,0.206896551724,0.366235830735,9.155895768,12.044374906,45.794415,57.523947,0.633764169265,0.366235830735,15.844104232,0.100671140940,1.027586206897,-1.972413793103,0.342528735632,-1.919463087248,-0.066188382319,no,0.000000000000,0.000000000000,0.000000000,7.179810,1.892101,high_risk,yes,w0_high_risk,warning,yes,pass,no,below_tau_threshold;platform_too_narrow,no
CURRENT_PLATFORM,29.800000000000,3.000000000000,795.000000,1.453371000000,547.004172,47.000000,50.000000,29,7,0.241379310345,0.472930545707,11.823263643,12.481667673,46.618328,64.212971,0.527069454293,0.472930545707,13.176736357,0.100671140940,1.027586206897,-1.972413793103,0.342528735632,-1.919463087248,-0.066188382319,no,0.000000000000,0.000000000000,0.000000000,7.179810,1.892101,high_risk,yes,w0_high_risk,warning,yes,pass,no,below_tau_threshold;platform_too_narrow,no
CURRENT_PLATFORM,29.800000000000,3.000000000000,795.000000,1.453371000000,547.004172,47.000000,50.000000,29,8,0.275862068966,0.580890998276,14.522274957,12.335331532,46.344243,71.586693,0.419109001724,0.419109001724,10.477725043,0.100671140940,1.027586206897,-1.972413793103,0.342528735632,-1.919463087248,-0.066188382319,no,0.000000000000,0.000000000000,0.000000000,7.179810,1.892101,high_risk,yes,w0_high_risk,warning,yes,pass,no,below_tau_threshold;platform_too_narrow,no
CURRENT_PLATFORM,29.800000000000,3.000000000000,795.000000,1.453371000000,547.004172,47.000000,50.000000,29,9,0.310344827586,0.685069077670,17.126726942,11.612208998,44.965332,80.125389,0.314930922330,0.314930922330,7.873273058,0.100671140940,1.027586206897,-1.972413793103,0.342528735632,-1.919463087248,-0.066188382319,no,0.000000000000,0.000000000000,0.000000000,7.179810,1.892101,high_risk,yes,w0_high_risk,warning,yes,pass,no,below_tau_threshold;platform_too_narrow,no
CURRENT_PLATFORM,29.800000000000,3.000000000000,795.000000,1.453371000000,547.004172,47.000000,50.000000,29,10,0.344827586207,0.780593532681,19.514838317,10.346112477,42.443284,90.611698,0.219406467319,0.219406467319,5.485161683,0.100671140940,1.027586206897,-1.972413793103,0.342528735632,-1.919463087248,-0.066188382319,no,0.000000000000,0.000000000000,0.000000000,7.179810,1.892101,high_risk,yes,w0_high_risk,warning,yes,pass,no,below_tau_threshold;platform_too_narrow,no
CURRENT_PLATFORM,29.800000000000,3.000000000000,795.000000,1.453371000000,547.004172,47.000000,50.000000,29,11,0.379310344828,0.862997745962,21.574943649,8.596243236,38.687862,104.522761,0.137002254038,0.137002254038,3.425056351,0.100671140940,1.027586206897,-1.972413793103,0.342528735632,-1.919463087248,-0.066188382319,no,0.000000000000,0.000000000000,0.000000000,7.179810,1.892101,high_risk,yes,w0_high_risk,warning,yes,pass,no,below_tau_threshold;platform_too_narrow,no
CURRENT_PLATFORM,29.800000000000,3.000000000000,795.000000,1.453371000000,547.004172,47.000000,50.000000,29,12,0.413793103448,0.928428588084,23.210714702,6.444423215,33.497501,125.211038,0.071571411916,0.071571411916,1.789285298,0.100671140940,1.027586206897,-1.972413793103,0.342528735632,-1.919463087248,-0.066188382319,no,0.000000000000,0.000000000000,0.000000000,7.179810,1.892101,high_risk,yes,w0_high_risk,warning,yes,pass,no,below_tau_threshold;platform_too_narrow,no
CURRENT_PLATFORM,29.800000000000,3.000000000000,795.000000,1.453371000000,547.004172,47.000000,50.000000,29,13,0.448275862069,0.973826585591,24.345664640,3.991269127,26.361850,162.946748,0.026173414409,0.026173414409,0.654335360,0.100671140940,1.027586206897,-1.972413793103,0.342528735632,-1.919463087248,-0.066188382319,no,0.000000000000,0.000000000000,0.000000000,7.179810,1.892101,high_risk,yes,w0_high_risk,warning,yes,pass,no,below_tau_threshold;platform_too_narrow,no
CURRENT_PLATFORM,29.800000000000,3.000000000000,795.000000,1.453371000000,547.004172,47.000000,50.000000,29,14,0.482758620690,0.997068978577,24.926724464,1.351487730,15.340038,283.345905,0.002931021423,0.002931021423,0.073275536,0.100671140940,1.027586206897,-1.972413793103,0.342528735632,-1.919463087248,-0.066188382319,no,0.000000000000,0.000000000000,0.000000000,7.179810,1.892101,high_risk,no,w0_high_risk,hard_fail,no,large_curved_mirror_spot,no,below_tau_threshold;platform_too_narrow,no
CURRENT_PLATFORM,29.800000000000,3.000000000000,795.000000,1.453371000000,547.004172,47.000000,50.000000,30,1,0.033333333333,0.010926199633,0.273154991,2.598896135,21.272319,21.389493,0.989073800367,0.010926199633,24.726845009,0.100671140940,0.993333333333,-2.006666666667,0.331111111111,-2.020134228188,-0.067337807606,no,0.000000000000,0.000000000000,0.000000000,6.943283,1.628684,high_risk,no,w0_high_risk,hard_fail,no,short_cavity,no,below_tau_threshold;platform_too_narrow,no
CURRENT_PLATFORM,29.800000000000,3.000000000000,795.000000,1.453371000000,547.004172,47.000000,50.000000,30,7,0.233333333333,0.447735768366,11.193394209,12.431523692,46.524591,62.605012,0.552264231634,0.447735768366,13.806605791,0.100671140940,0.993333333333,-2.006666666667,0.331111111111,-2.020134228188,-0.067337807606,no,0.000000000000,0.000000000000,0.000000000,6.943283,1.628684,high_risk,yes,w0_high_risk,warning,yes,pass,no,below_tau_threshold;platform_too_narrow,no
CURRENT_PLATFORM,29.800000000000,3.000000000000,795.000000,1.453371000000,547.004172,47.000000,50.000000,30,11,0.366666666667,0.834565303179,20.864132579,9.289310318,40.217227,98.877805,0.165434696821,0.165434696821,4.135867421,0.100671140940,0.993333333333,-2.006666666667,0.331111111111,-2.020134228188,-0.067337807606,no,0.000000000000,0.000000000000,0.000000000,6.943283,1.628684,high_risk,yes,w0_high_risk,warning,yes,pass,no,below_tau_threshold;platform_too_narrow,no
CURRENT_PLATFORM,29.800000000000,3.000000000000,795.000000,1.453371000000,547.004172,47.000000,50.000000,30,13,0.433333333333,0.956772728821,23.919318221,5.084208038,29.753087,143.104447,0.043227271179,0.043227271179,1.080681779,0.100671140940,0.993333333333,-2.006666666667,0.331111111111,-2.020134228188,-0.067337807606,no,0.000000000000,0.000000000000,0.000000000,6.943283,1.628684,high_risk,yes,w0_high_risk,warning,yes,pass,no,below_tau_threshold;platform_too_narrow,no
CURRENT_PLATFORM,29.800000000000,3.000000000000,795.000000,1.453371000000,547.004172,47.000000,50.000000,31,1,0.032258064516,0.010235029374,0.255875734,2.516231501,20.931275,21.039220,0.989764970626,0.010235029374,24.744124266,0.100671140940,0.961290322581,-2.038709677419,0.320430107527,-2.120805369128,-0.068413076423,no,0.000000000000,0.000000000000,0.000000000,6.717573,1.375478,high_risk,no,w0_high_risk,hard_fail,no,short_cavity,no,below_tau_threshold;platform_too_narrow,no
CURRENT_PLATFORM,29.800000000000,3.000000000000,795.000000,1.453371000000,547.004172,47.000000,50.000000,31,2,0.064516129032,0.040521094190,1.013027355,4.929448189,29.296756,29.908995,0.959478905810,0.040521094190,23.986972645,0.100671140940,0.961290322581,-2.038709677419,0.320430107527,-2.120805369128,-0.068413076423,no,0.000000000000,0.000000000000,0.000000000,6.717573,1.375478,high_risk,no,w0_high_risk,hard_fail,no,short_cavity,no,below_tau_threshold;platform_too_narrow,no
CURRENT_PLATFORM,29.800000000000,3.000000000000,795.000000,1.453371000000,547.004172,47.000000,50.000000,31,3,0.096774193548,0.089618279396,2.240456985,7.140852689,35.261065,36.955889,0.910381720604,0.089618279396,22.759543015,0.100671140940,0.961290322581,-2.038709677419,0.320430107527,-2.120805369128,-0.068413076423,no,0.000000000000,0.000000000000,0.000000000,6.717573,1.375478,high_risk,no,w0_high_risk,hard_fail,no,short_cavity,no,below_tau_threshold;platform_too_narrow,no
CURRENT_PLATFORM,29.800000000000,3.000000000000,795.000000,1.453371000000,547.004172,47.000000,50.000000,31,4,0.129032258065,0.155516540462,3.887913512,9.059909840,39.717538,43.220197,0.844483459538,0.155516540462,21.112086488,0.100671140940,0.961290322581,-2.038709677419,0.320430107527,-2.120805369128,-0.068413076423,no,0.000000000000,0.000000000000,0.000000000,6.717573,1.375478,high_risk,yes,w0_high_risk,warning,yes,pass,no,below_tau_threshold;platform_too_narrow,no
CURRENT_PLATFORM,29.800000000000,3.000000000000,795.000000,1.453371000000,547.004172,47.000000,50.000000,31,5,0.161290322581,0.235517994837,5.887949871,10.608053219,42.977211,49.153517,0.764482005163,0.235517994837,19.112050129,0.100671140940,0.961290322581,-2.038709677419,0.320430107527,-2.120805369128,-0.068413076423,no,0.000000000000,0.000000000000,0.000000000,6.717573,1.375478,high_risk,yes,w0_high_risk,warning,yes,pass,no,below_tau_threshold;platform_too_narrow,no
CURRENT_PLATFORM,29.800000000000,3.000000000000,795.000000,1.453371000000,547.004172,47.000000,50.000000,31,6,0.193548387097,0.326347373578,8.158684339,11.721901652,45.177211,55.042914,0.673652626422,0.326347373578,16.841315661,0.100671140940,0.961290322581,-2.038709677419,0.320430107527,-2.120805369128,-0.068413076423,no,0.000000000000,0.000000000000,0.000000000,6.717573,1.375478,high_risk,yes,w0_high_risk,warning,yes,pass,no,below_tau_threshold;platform_too_narrow,no
CURRENT_PLATFORM,29.800000000000,3.000000000000,795.000000,1.453371000000,547.004172,47.000000,50.000000,31,7,0.225806451613,0.424286111248,10.607152781,12.355854054,46.382779,61.129862,0.575713888752,0.424286111248,14.392847219,0.100671140940,0.961290322581,-2.038709677419,0.320430107527,-2.120805369128,-0.068413076423,no,0.000000000000,0.000000000000,0.000000000,6.717573,1.375478,high_risk,yes,w0_high_risk,warning,yes,pass,no,below_tau_threshold;platform_too_narrow,no
CURRENT_PLATFORM,29.800000000000,3.000000000000,795.000000,1.453371000000,547.004172,47.000000,50.000000,31,8,0.258064516129,0.525324584419,13.133114610,12.483956340,46.622602,67.670305,0.474675415581,0.474675415581,11.866885390,0.100671140940,0.961290322581,-2.038709677419,0.320430107527,-2.120805369128,-0.068413076423,no,0.000000000000,0.000000000000,0.000000000,6.717573,1.375478,high_risk,yes,w0_high_risk,warning,yes,pass,no,below_tau_threshold;platform_too_narrow,no
CURRENT_PLATFORM,29.800000000000,3.000000000000,795.000000,1.453371000000,547.004172,47.000000,50.000000,31,9,0.290322580645,0.625326266129,15.633156653,12.100963986,45.901869,74.990067,0.374673733871,0.374673733871,9.366843347,0.100671140940,0.961290322581,-2.038709677419,0.320430107527,-2.120805369128,-0.068413076423,no,0.000000000000,0.000000000000,0.000000000,6.717573,1.375478,high_risk,yes,w0_high_risk,warning,yes,pass,no,below_tau_threshold;platform_too_narrow,no
CURRENT_PLATFORM,29.800000000000,3.000000000000,795.000000,1.453371000000,547.004172,47.000000,50.000000,31,10,0.322580645161,0.720197075779,18.004926894,11.222556745,44.204480,83.568030,0.279802924221,0.279802924221,6.995073106,0.100671140940,0.961290322581,-2.038709677419,0.320430107527,-2.120805369128,-0.068413076423,no,0.000000000000,0.000000000000,0.000000000,6.717573,1.375478,high_risk,yes,w0_high_risk,warning,yes,pass,no,below_tau_threshold;platform_too_narrow,no
CURRENT_PLATFORM,29.800000000000,3.000000000000,795.000000,1.453371000000,547.004172,47.000000,50.000000,31,11,0.354838709677,0.806052991274,20.151324782,9.884696712,41.486047,94.202085,0.193947008726,0.193947008726,4.848675218,0.100671140940,0.961290322581,-2.038709677419,0.320430107527,-2.120805369128,-0.068413076423,no,0.000000000000,0.000000000000,0.000000000,6.717573,1.375478,high_risk,yes,w0_high_risk,warning,yes,pass,no,below_tau_threshold;platform_too_narrow,no
CURRENT_PLATFORM,29.800000000000,3.000000000000,795.000000,1.453371000000,547.004172,47.000000,50.000000,31,12,0.387096774194,0.879379061346,21.984476534,8.142156034,37.652177,108.412346,0.120620938654,0.120620938654,3.015523466,0.100671140940,0.961290322581,-2.038709677419,0.320430107527,-2.120805369128,-0.068413076423,no,0.000000000000,0.000000000000,0.000000000,6.717573,1.375478,high_risk,yes,w0_high_risk,warning,yes,pass,no,below_tau_threshold;platform_too_narrow,no
CURRENT_PLATFORM,29.800000000000,3.000000000000,795.000000,1.453371000000,547.004172,47.000000,50.000000,31,13,0.419354838710,0.937173308072,23.429332702,6.066274532,32.499854,129.660985,0.062826691928,0.062826691928,1.570667298,0.100671140940,0.961290322581,-2.038709677419,0.320430107527,-2.120805369128,-0.068413076423,no,0.000000000000,0.000000000000,0.000000000,6.717573,1.375478,high_risk,yes,w0_high_risk,warning,yes,pass,no,below_tau_threshold;platform_too_narrow,no
CURRENT_PLATFORM,29.800000000000,3.000000000000,795.000000,1.453371000000,547.004172,47.000000,50.000000,31,14,0.451612903226,0.977069628200,24.426740705,3.742039037,25.525517,168.565616,0.022930371800,0.022930371800,0.573259295,0.100671140940,0.961290322581,-2.038709677419,0.320430107527,-2.120805369128,-0.068413076423,no,0.000000000000,0.000000000000,0.000000000,6.717573,1.375478,high_risk,yes,w0_high_risk,warning,yes,pass,no,below_tau_threshold;platform_too_narrow,no
CURRENT_PLATFORM,29.800000000000,3.000000000000,795.000000,1.453371000000,547.004172,47.000000,50.000000,31,15,0.483870967742,0.997434661696,24.935866542,1.264604025,14.838762,292.971477,0.002565338304,0.002565338304,0.064133458,0.100671140940,0.961290322581,-2.038709677419,0.320430107527,-2.120805369128,-0.068413076423,no,0.000000000000,0.000000000000,0.000000000,6.717573,1.375478,high_risk,no,w0_high_risk,hard_fail,no,large_curved_mirror_spot,no,below_tau_threshold;platform_too_narrow,no
CURRENT_PLATFORM,29.800000000000,3.000000000000,795.000000,1.453371000000,547.004172,47.000000,50.000000,32,1,0.031250000000,0.009607359798,0.240183995,2.438629025,20.605979,20.705682,0.990392640202,0.009607359798,24.759816005,0.100671140940,0.931250000000,-2.068750000000,0.310416666667,-2.221476510067,-0.069421140940,no,0.000000000000,0.000000000000,0.000000000,6.502012,1.132694,high_risk,no,w0_high_risk,hard_fail,no,short_cavity,no,below_tau_threshold;platform_too_narrow,no
CURRENT_PLATFORM,29.800000000000,3.000000000000,795.000000,1.453371000000,547.004172,47.000000,50.000000,32,3,0.093750000000,0.084265193849,2.106629846,6.944627913,34.773217,36.337916,0.915734806151,0.084265193849,22.893370154,0.100671140940,0.931250000000,-2.068750000000,0.310416666667,-2.221476510067,-0.069421140940,no,0.000000000000,0.000000000000,0.000000000,6.502012,1.132694,high_risk,no,w0_high_risk,hard_fail,no,short_cavity,no,below_tau_threshold;platform_too_narrow,no
CURRENT_PLATFORM,29.800000000000,3.000000000000,795.000000,1.453371000000,547.004172,47.000000,50.000000,32,5,0.156250000000,0.222214883490,5.555372087,10.393370154,42.540107,48.235720,0.777785116510,0.222214883490,19.444627913,0.100671140940,0.931250000000,-2.068750000000,0.310416666667,-2.221476510067,-0.069421140940,no,0.000000000000,0.000000000000,0.000000000,6.502012,1.132694,high_risk,yes,w0_high_risk,warning,yes,pass,no,below_tau_threshold;platform_too_narrow,no
CURRENT_PLATFORM,29.800000000000,3.000000000000,795.000000,1.453371000000,547.004172,47.000000,50.000000,32,7,0.218750000000,0.402454838992,10.061370975,12.259816005,46.202168,59.769138,0.597545161008,0.402454838992,14.938629025,0.100671140940,0.931250000000,-2.068750000000,0.310416666667,-2.221476510067,-0.069421140940,no,0.000000000000,0.000000000000,0.000000000,6.502012,1.132694,high_risk,yes,w0_high_risk,warning,yes,pass,no,below_tau_threshold;platform_too_narrow,no
CURRENT_PLATFORM,29.800000000000,3.000000000000,795.000000,1.453371000000,547.004172,47.000000,50.000000,32,9,0.281250000000,0.597545161008,14.938629025,12.259816005,46.202168,72.828905,0.402454838992,0.402454838992,10.061370975,0.100671140940,0.931250000000,-2.068750000000,0.310416666667,-2.221476510067,-0.069421140940,no,0.000000000000,0.000000000000,0.000000000,6.502012,1.132694,high_risk,yes,w0_high_risk,warning,yes,pass,no,below_tau_threshold;platform_too_narrow,no
CURRENT_PLATFORM,29.800000000000,3.000000000000,795.000000,1.453371000000,547.004172,47.000000,50.000000,32,11,0.343750000000,0.777785116510,19.444627913,10.393370154,42.540107,90.242685,0.222214883490,0.222214883490,5.555372087,0.100671140940,0.931250000000,-2.068750000000,0.310416666667,-2.221476510067,-0.069421140940,no,0.000000000000,0.000000000000,0.000000000,6.502012,1.132694,high_risk,yes,w0_high_risk,warning,yes,pass,no,below_tau_threshold;platform_too_narrow,no
CURRENT_PLATFORM,29.800000000000,3.000000000000,795.000000,1.453371000000,547.004172,47.000000,50.000000,32,13,0.406250000000,0.915734806151,22.893370154,6.944627913,34.773217,119.790054,0.084265193849,0.084265193849,2.106629846,0.100671140940,0.931250000000,-2.068750000000,0.310416666667,-2.221476510067,-0.069421140940,no,0.000000000000,0.000000000000,0.000000000,6.502012,1.132694,high_risk,yes,w0_high_risk,warning,yes,pass,no,below_tau_threshold;platform_too_narrow,no
CURRENT_PLATFORM,29.800000000000,3.000000000000,795.000000,1.453371000000,547.004172,47.000000,50.000000,32,15,0.468750000000,0.990392640202,24.759816005,2.438629025,20.605979,210.228322,0.009607359798,0.009607359798,0.240183995,0.100671140940,0.931250000000,-2.068750000000,0.310416666667,-2.221476510067,-0.069421140940,no,0.000000000000,0.000000000000,0.000000000,6.502012,1.132694,high_risk,no,w0_high_risk,hard_fail,no,large_curved_mirror_spot,no,below_tau_threshold;platform_too_narrow,no
CURRENT_PLATFORM,29.800000000000,3.000000000000,795.000000,1.453371000000,547.004172,47.000000,50.000000,33,1,0.030303030303,0.009035651369,0.225891284,2.365640555,20.295267,20.387583,0.990964348631,0.009035651369,24.774108716,0.100671140940,0.903030303030,-2.096969696970,0.301010101010,-2.322147651007,-0.070368110637,no,0.000000000000,0.000000000000,0.000000000,6.295987,0.898871,high_risk,no,w0_high_risk,hard_fail,no,short_cavity,no,below_tau_threshold;platform_too_narrow,no
CURRENT_PLATFORM,29.800000000000,3.000000000000,795.000000,1.453371000000,547.004172,47.000000,50.000000,33,2,0.060606060606,0.035816033492,0.895400837,4.645780696,28.441319,28.964750,0.964183966508,0.035816033492,24.104599163,0.100671140940,0.903030303030,-2.096969696970,0.301010101010,-2.322147651007,-0.070368110637,no,0.000000000000,0.000000000000,0.000000000,6.295987,0.898871,high_risk,no,w0_high_risk,hard_fail,no,short_cavity,no,below_tau_threshold;platform_too_narrow,no
CURRENT_PLATFORM,29.800000000000,3.000000000000,795.000000,1.453371000000,547.004172,47.000000,50.000000,33,4,0.121212121212,0.138132980947,3.453324524,8.625987644,38.754737,41.745019,0.861867019053,0.138132980947,21.546675476,0.100671140940,0.903030303030,-2.096969696970,0.301010101010,-2.322147651007,-0.070368110637,no,0.000000000000,0.000000000000,0.000000000,6.295987,0.898871,high_risk,yes,w0_high_risk,warning,yes,pass,no,below_tau_threshold;platform_too_narrow,no
CURRENT_PLATFORM,29.800000000000,3.000000000000,795.000000,1.453371000000,547.004172,47.000000,50.000000,33,5,0.151515151515,0.209971545214,5.249288630,10.182199401,42.105728,47.371792,0.790028454786,0.209971545214,19.750711370,0.100671140940,0.903030303030,-2.096969696970,0.301010101010,-2.322147651007,-0.070368110637,no,0.000000000000,0.000000000000,0.000000000,6.295987,0.898871,high_risk,yes,w0_high_risk,warning,yes,pass,no,below_tau_threshold;platform_too_narrow,no
CURRENT_PLATFORM,29.800000000000,3.000000000000,795.000000,1.453371000000,547.004172,47.000000,50.000000,33,7,0.212121212121,0.382120532245,9.553013306,12.147644604,45.990319,58.507904,0.617879467755,0.382120532245,15.446986694,0.100671140940,0.903030303030,-2.096969696970,0.301010101010,-2.322147651007,-0.070368110637,no,0.000000000000,0.000000000000,0.000000000,6.295987,0.898871,high_risk,yes,w0_high_risk,warning,yes,pass,no,below_tau_threshold;platform_too_narrow,no
CURRENT_PLATFORM,29.800000000000,3.000000000000,795.000000,1.453371000000,547.004172,47.000000,50.000000,33,8,0.242424242424,0.476209042088,11.905226052,12.485841740,46.626122,64.424387,0.523790957912,0.476209042088,13.094773948,0.100671140940,0.903030303030,-2.096969696970,0.301010101010,-2.322147651007,-0.070368110637,no,0.000000000000,0.000000000000,0.000000000,6.295987,0.898871,high_risk,yes,w0_high_risk,warning,yes,pass,no,below_tau_threshold;platform_too_narrow,no
CURRENT_PLATFORM,29.800000000000,3.000000000000,795.000000,1.453371000000,547.004172,47.000000,50.000000,33,10,0.303030303030,0.663533981659,16.588349541,11.812510234,45.351482,78.184539,0.336466018341,0.336466018341,8.411650459,0.100671140940,0.903030303030,-2.096969696970,0.301010101010,-2.322147651007,-0.070368110637,no,0.000000000000,0.000000000000,0.000000000,6.295987,0.898871,high_risk,yes,w0_high_risk,warning,yes,pass,no,below_tau_threshold;platform_too_narrow,no
CURRENT_PLATFORM,29.800000000000,3.000000000000,795.000000,1.453371000000,547.004172,47.000000,50.000000,33,13,0.393939393939,0.893026547371,22.325663684,7.726987328,36.679675,112.146952,0.106973452629,0.106973452629,2.674336316,0.100671140940,0.903030303030,-2.096969696970,0.301010101010,-2.322147651007,-0.070368110637,no,0.000000000000,0.000000000000,0.000000000,6.295987,0.898871,high_risk,yes,w0_high_risk,warning,yes,pass,no,below_tau_threshold;platform_too_narrow,no
CURRENT_PLATFORM,29.800000000000,3.000000000000,795.000000,1.453371000000,547.004172,47.000000,50.000000,33,14,0.424242424242,0.944417724327,23.610443108,5.727831522,31.580245,133.951425,0.055582275673,0.055582275673,1.389556892,0.100671140940,0.903030303030,-2.096969696970,0.301010101010,-2.322147651007,-0.070368110637,no,0.000000000000,0.000000000000,0.000000000,6.295987,0.898871,high_risk,yes,w0_high_risk,warning,yes,pass,no,below_tau_threshold;platform_too_narrow,no
CURRENT_PLATFORM,29.800000000000,3.000000000000,795.000000,1.453371000000,547.004172,47.000000,50.000000,33,16,0.484848484848,0.997735961287,24.943399032,1.188200541,14.383522,302.289687,0.002264038713,0.002264038713,0.056600968,0.100671140940,0.903030303030,-2.096969696970,0.301010101010,-2.322147651007,-0.070368110637,no,0.000000000000,0.000000000000,0.000000000,6.295987,0.898871,high_risk,no,w0_high_risk,hard_fail,no,large_curved_mirror_spot,no,below_tau_threshold;platform_too_narrow,no
CURRENT_PLATFORM,29.800000000000,3.000000000000,795.000000,1.453371000000,547.004172,47.000000,50.000000,34,1,0.029411764706,0.008513450158,0.212836254,2.296868973,19.998089,20.083763,0.991486549842,0.008513450158,24.787163746,0.100671140940,0.876470588235,-2.123529411765,0.292156862745,-2.422818791946,-0.071259376234,no,0.000000000000,0.000000000000,0.000000000,6.098934,0.674194,high_risk,no,w0_high_risk,hard_fail,no,short_cavity,no,below_tau_threshold;platform_too_narrow,no
CURRENT_PLATFORM,29.800000000000,3.000000000000,795.000000,1.453371000000,547.004172,47.000000,50.000000,34,3,0.088235294118,0.074891432135,1.872285803,6.580402036,33.849059,35.192510,0.925108567865,0.074891432135,23.127714197,0.100671140940,0.876470588235,-2.123529411765,0.292156862745,-2.422818791946,-0.071259376234,no,0.000000000000,0.000000000000,0.000000000,6.098934,0.674194,high_risk,no,w0_high_risk,hard_fail,no,short_cavity,no,below_tau_threshold;platform_too_narrow,no
CURRENT_PLATFORM,29.800000000000,3.000000000000,795.000000,1.453371000000,547.004172,47.000000,50.000000,34,5,0.147058823529,0.198682681810,4.967067045,9.975215341,41.675568,46.556386,0.801317318190,0.198682681810,20.032932955,0.100671140940,0.876470588235,-2.123529411765,0.292156862745,-2.422818791946,-0.071259376234,no,0.000000000000,0.000000000000,0.000000000,6.098934,0.674194,high_risk,yes,w0_high_risk,warning,yes,pass,no,below_tau_threshold;platform_too_narrow,no
CURRENT_PLATFORM,29.800000000000,3.000000000000,795.000000,1.453371000000,547.004172,47.000000,50.000000,34,7,0.205882352941,0.363168504964,9.079212624,12.022820540,45.753420,57.333875,0.636831495036,0.363168504964,15.920787376,0.100671140940,0.876470588235,-2.123529411765,0.292156862745,-2.422818791946,-0.071259376234,no,0.000000000000,0.000000000000,0.000000000,6.098934,0.674194,high_risk,yes,w0_high_risk,warning,yes,pass,no,below_tau_threshold;platform_too_narrow,no
CURRENT_PLATFORM,29.800000000000,3.000000000000,795.000000,1.453371000000,547.004172,47.000000,50.000000,34,9,0.264705882353,0.546134179732,13.653354493,12.446677204,46.552938,69.100845,0.453865820268,0.453865820268,11.346645507,0.100671140940,0.876470588235,-2.123529411765,0.292156862745,-2.422818791946,-0.071259376234,no,0.000000000000,0.000000000000,0.000000000,6.098934,0.674194,high_risk,yes,w0_high_risk,warning,yes,pass,no,below_tau_threshold;platform_too_narrow,no
CURRENT_PLATFORM,29.800000000000,3.000000000000,795.000000,1.453371000000,547.004172,47.000000,50.000000,34,11,0.323529411765,0.722869177888,18.071729447,11.189541142,44.139410,83.846339,0.277130822112,0.277130822112,6.928270553,0.100671140940,0.876470588235,-2.123529411765,0.292156862745,-2.422818791946,-0.071259376234,no,0.000000000000,0.000000000000,0.000000000,6.098934,0.674194,high_risk,yes,w0_high_risk,warning,yes,pass,no,below_tau_threshold;platform_too_narrow,no
CURRENT_PLATFORM,29.800000000000,3.000000000000,795.000000,1.453371000000,547.004172,47.000000,50.000000,34,13,0.382352941176,0.869504458610,21.737611465,8.421195546,38.291930,106.000868,0.130495541390,0.130495541390,3.262388535,0.100671140940,0.876470588235,-2.123529411765,0.292156862745,-2.422818791946,-0.071259376234,no,0.000000000000,0.000000000000,0.000000000,6.098934,0.674194,high_risk,yes,w0_high_risk,warning,yes,pass,no,below_tau_threshold;platform_too_narrow,no
CURRENT_PLATFORM,29.800000000000,3.000000000000,795.000000,1.453371000000,547.004172,47.000000,50.000000,34,15,0.441176470588,0.966236114702,24.155902868,4.515520827,28.039761,152.597739,0.033763885298,0.033763885298,0.844097132,0.100671140940,0.876470588235,-2.123529411765,0.292156862745,-2.422818791946,-0.071259376234,no,0.000000000000,0.000000000000,0.000000000,6.098934,0.674194,high_risk,yes,w0_high_risk,warning,yes,pass,no,below_tau_threshold;platform_too_narrow,no
CURRENT_PLATFORM,29.800000000000,3.000000000000,795.000000,1.453371000000,547.004172,47.000000,50.000000,35,1,0.028571428571,0.008035205701,0.200880143,2.231961185,19.713498,19.793180,0.991964794299,0.008035205701,24.799119857,0.100671140940,0.851428571429,-2.148571428571,0.283809523810,-2.523489932886,-0.072099712368,no,0.000000000000,0.000000000000,0.000000000,5.910337,0.457432,high_risk,no,w0_high_risk,hard_fail,no,short_cavity,no,below_tau_threshold;platform_too_narrow,no
CURRENT_PLATFORM,29.800000000000,3.000000000000,795.000000,1.453371000000,547.004172,47.000000,50.000000,35,2,0.057142857143,0.031882564680,0.797064117,4.392185301,27.654175,28.105848,0.968117435320,0.031882564680,24.202935883,0.100671140940,0.851428571429,-2.148571428571,0.283809523810,-2.523489932886,-0.072099712368,no,0.000000000000,0.000000000000,0.000000000,5.910337,0.457432,high_risk,no,w0_high_risk,hard_fail,no,short_cavity,no,below_tau_threshold;platform_too_narrow,no
CURRENT_PLATFORM,29.800000000000,3.000000000000,795.000000,1.453371000000,547.004172,47.000000,50.000000,35,3,0.085714285714,0.070775603199,1.769390080,6.411240968,33.411151,34.660205,0.929224396801,0.070775603199,23.230609920,0.100671140940,0.851428571429,-2.148571428571,0.283809523810,-2.523489932886,-0.072099712368,no,0.000000000000,0.000000000000,0.000000000,5.910337,0.457432,high_risk,no,w0_high_risk,hard_fail,no,short_cavity,no,below_tau_threshold;platform_too_narrow,no
CURRENT_PLATFORM,29.800000000000,3.000000000000,795.000000,1.453371000000,547.004172,47.000000,50.000000,35,4,0.114285714286,0.123464266998,3.086606675,8.224234074,37.841480,40.418789,0.876535733002,0.123464266998,21.913393325,0.100671140940,0.851428571429,-2.148571428571,0.283809523810,-2.523489932886,-0.072099712368,no,0.000000000000,0.000000000000,0.000000000,5.910337,0.457432,high_risk,yes,w0_high_risk,warning,yes,pass,no,below_tau_threshold;platform_too_narrow,no
CURRENT_PLATFORM,29.800000000000,3.000000000000,795.000000,1.453371000000,547.004172,47.000000,50.000000,35,6,0.171428571429,0.263065668764,6.576641719,11.007444148,43.778777,50.997541,0.736934331236,0.263065668764,18.423358281,0.100671140940,0.851428571429,-2.148571428571,0.283809523810,-2.523489932886,-0.072099712368,no,0.000000000000,0.000000000000,0.000000000,5.910337,0.457432,high_risk,yes,w0_high_risk,warning,yes,pass,no,below_tau_threshold;platform_too_narrow,no
CURRENT_PLATFORM,29.800000000000,3.000000000000,795.000000,1.453371000000,547.004172,47.000000,50.000000,35,8,0.228571428571,0.432883367091,10.822084177,12.386872022,46.440962,61.668732,0.567116632909,0.432883367091,14.177915823,0.100671140940,0.851428571429,-2.148571428571,0.283809523810,-2.523489932886,-0.072099712368,no,0.000000000000,0.000000000000,0.000000000,5.910337,0.457432,high_risk,yes,w0_high_risk,warning,yes,pass,no,below_tau_threshold;platform_too_narrow,no
CURRENT_PLATFORM,29.800000000000,3.000000000000,795.000000,1.453371000000,547.004172,47.000000,50.000000,35,9,0.257142857143,0.522432415175,13.060810379,12.487413332,46.629056,67.474427,0.477567584825,0.477567584825,11.939189621,0.100671140940,0.851428571429,-2.148571428571,0.283809523810,-2.523489932886,-0.072099712368,no,0.000000000000,0.000000000000,0.000000000,5.910337,0.457432,high_risk,yes,w0_high_risk,warning,yes,pass,no,below_tau_threshold;platform_too_narrow,no
CURRENT_PLATFORM,29.800000000000,3.000000000000,795.000000,1.453371000000,547.004172,47.000000,50.000000,35,11,0.314285714286,0.696512515827,17.412812896,11.494097157,44.736069,81.205870,0.303487484173,0.303487484173,7.587187104,0.100671140940,0.851428571429,-2.148571428571,0.283809523810,-2.523489932886,-0.072099712368,no,0.000000000000,0.000000000000,0.000000000,5.910337,0.457432,high_risk,yes,w0_high_risk,warning,yes,pass,no,below_tau_threshold;platform_too_narrow,no
CURRENT_PLATFORM,29.800000000000,3.000000000000,795.000000,1.453371000000,547.004172,47.000000,50.000000,35,12,0.342857142857,0.775448490726,19.386212268,10.432165672,42.619428,89.939327,0.224551509274,0.224551509274,5.613787732,0.100671140940,0.851428571429,-2.148571428571,0.283809523810,-2.523489932886,-0.072099712368,no,0.000000000000,0.000000000000,0.000000000,5.910337,0.457432,high_risk,yes,w0_high_risk,warning,yes,pass,no,below_tau_threshold;platform_too_narrow,no
CURRENT_PLATFORM,29.800000000000,3.000000000000,795.000000,1.453371000000,547.004172,47.000000,50.000000,35,13,0.371428571429,0.845531324493,21.138283112,9.034935798,39.662759,100.916622,0.154468675507,0.154468675507,3.861716888,0.100671140940,0.851428571429,-2.148571428571,0.283809523810,-2.523489932886,-0.072099712368,no,0.000000000000,0.000000000000,0.000000000,5.910337,0.457432,high_risk,yes,w0_high_risk,warning,yes,pass,no,below_tau_threshold;platform_too_narrow,no
CURRENT_PLATFORM,29.800000000000,3.000000000000,795.000000,1.453371000000,547.004172,47.000000,50.000000,35,16,0.457142857143,0.981981430348,24.549535759,3.325460570,24.062807,179.261129,0.018018569652,0.018018569652,0.450464241,0.100671140940,0.851428571429,-2.148571428571,0.283809523810,-2.523489932886,-0.072099712368,no,0.000000000000,0.000000000000,0.000000000,5.910337,0.457432,high_risk,yes,w0_high_risk,warning,yes,pass,no,below_tau_threshold;platform_too_narrow,no
CURRENT_PLATFORM,29.800000000000,3.000000000000,795.000000,1.453371000000,547.004172,47.000000,50.000000,35,17,0.485714285714,0.997987146998,24.949678675,1.120491361,13.967692,311.328307,0.002012853002,0.002012853002,0.050321325,0.100671140940,0.851428571429,-2.148571428571,0.283809523810,-2.523489932886,-0.072099712368,no,0.000000000000,0.000000000000,0.000000000,5.910337,0.457432,high_risk,no,w0_high_risk,hard_fail,no,large_curved_mirror_spot,no,below_tau_threshold;platform_too_narrow,no
CURRENT_PLATFORM,29.800000000000,3.000000000000,795.000000,1.453371000000,547.004172,47.000000,50.000000,36,1,0.027777777778,0.007596123494,0.189903087,2.170602221,19.440638,19.514898,0.992403876506,0.007596123494,24.810096913,0.100671140940,0.827777777778,-2.172222222222,0.275925925926,-2.624161073826,-0.072893363162,no,0.000000000000,0.000000000000,0.000000000,5.729719,0.248749,high_risk,no,w0_high_risk,hard_fail,no,short_cavity,no,below_tau_threshold;platform_too_narrow,no
CURRENT_PLATFORM,29.800000000000,3.000000000000,795.000000,1.453371000000,547.004172,47.000000,50.000000,36,5,0.138888888889,0.178606195157,4.465154879,9.575555539,40.832162,45.053306,0.821393804843,0.178606195157,20.534845121,0.100671140940,0.827777777778,-2.172222222222,0.275925925926,-2.624161073826,-0.072893363162,no,0.000000000000,0.000000000000,0.000000000,5.729719,0.248749,high_risk,yes,w0_high_risk,warning,yes,pass,no,below_tau_threshold;platform_too_narrow,no
CURRENT_PLATFORM,29.800000000000,3.000000000000,795.000000,1.453371000000,547.004172,47.000000,50.000000,36,7,0.194444444444,0.328989928337,8.224748208,11.746157760,45.223930,55.208224,0.671010071663,0.328989928337,16.775251792,0.100671140940,0.827777777778,-2.172222222222,0.275925925926,-2.624161073826,-0.072893363162,no,0.000000000000,0.000000000000,0.000000000,5.729719,0.248749,high_risk,yes,w0_high_risk,warning,yes,pass,no,below_tau_threshold;platform_too_narrow,no
CURRENT_PLATFORM,29.800000000000,3.000000000000,795.000000,1.453371000000,547.004172,47.000000,50.000000,36,11,0.305555555556,0.671010071663,16.775251792,11.746157760,45.223930,78.845515,0.328989928337,0.328989928337,8.224748208,0.100671140940,0.827777777778,-2.172222222222,0.275925925926,-2.624161073826,-0.072893363162,no,0.000000000000,0.000000000000,0.000000000,5.729719,0.248749,high_risk,yes,w0_high_risk,warning,yes,pass,no,below_tau_threshold;platform_too_narrow,no
CURRENT_PLATFORM,29.800000000000,3.000000000000,795.000000,1.453371000000,547.004172,47.000000,50.000000,36,13,0.361111111111,0.821393804843,20.534845121,9.575555539,40.832162,96.617126,0.178606195157,0.178606195157,4.465154879,0.100671140940,0.827777777778,-2.172222222222,0.275925925926,-2.624161073826,-0.072893363162,no,0.000000000000,0.000000000000,0.000000000,5.729719,0.248749,high_risk,yes,w0_high_risk,warning,yes,pass,no,below_tau_threshold;platform_too_narrow,no
CURRENT_PLATFORM,29.800000000000,3.000000000000,795.000000,1.453371000000,547.004172,47.000000,50.000000,36,17,0.472222222222,0.992403876506,24.810096913,2.170602221,19.440638,223.056301,0.007596123494,0.007596123494,0.189903087,0.100671140940,0.827777777778,-2.172222222222,0.275925925926,-2.624161073826,-0.072893363162,no,0.000000000000,0.000000000000,0.000000000,5.729719,0.248749,high_risk,no,w0_high_risk,hard_fail,no,large_curved_mirror_spot,no,below_tau_threshold;platform_too_narrow,no
CURRENT_PLATFORM,29.800000000000,3.000000000000,795.000000,1.453371000000,547.004172,47.000000,50.000000,37,1,0.027027027027,0.007192044826,0.179801121,2.112510254,19.178728,19.248069,0.992807955174,0.007192044826,24.820198879,0.100671140940,0.805405405405,-2.194594594595,0.268468468468,-2.724832214765,-0.073644113913,no,0.000000000000,0.000000000000,0.000000000,5.556640,0.047098,high_risk,no,w0_high_risk,hard_fail,no,short_cavity,no,below_tau_threshold;platform_too_narrow,no
CURRENT_PLATFORM,29.800000000000,3.000000000000,795.000000,1.453371000000,547.004172,47.000000,50.000000,37,2,0.054054054054,0.028561277269,0.714031932,4.164247434,26.927042,27.320015,0.971438722731,0.028561277269,24.285968068,0.100671140940,0.805405405405,-2.194594594595,0.268468468468,-2.724832214765,-0.073644113913,no,0.000000000000,0.000000000000,0.000000000,5.556640,0.047098,high_risk,no,w0_high_risk,hard_fail,no,short_cavity,no,below_tau_threshold;platform_too_narrow,no
CURRENT_PLATFORM,29.800000000000,3.000000000000,795.000000,1.453371000000,547.004172,47.000000,50.000000,37,3,0.081081081081,0.063492943419,1.587323585,6.096186798,32.579883,33.666191,0.936507056581,0.063492943419,23.412676415,0.100671140940,0.805405405405,-2.194594594595,0.268468468468,-2.724832214765,-0.073644113913,no,0.000000000000,0.000000000000,0.000000000,5.556640,0.047098,high_risk,no,w0_high_risk,hard_fail,no,short_cavity,no,below_tau_threshold;platform_too_narrow,no
CURRENT_PLATFORM,29.800000000000,3.000000000000,795.000000,1.453371000000,547.004172,47.000000,50.000000,37,4,0.108108108108,0.110982122841,2.774553071,7.852749966,36.976965,39.217149,0.889017877159,0.110982122841,22.225446929,0.100671140940,0.805405405405,-2.194594594595,0.268468468468,-2.724832214765,-0.073644113913,no,0.000000000000,0.000000000000,0.000000000,5.556640,0.047098,high_risk,no,w0_high_risk,hard_fail,no,short_cavity,no,below_tau_threshold;platform_too_narrow,no
CURRENT_PLATFORM,29.800000000000,3.000000000000,795.000000,1.453371000000,547.004172,47.000000,50.000000,37,5,0.135135135135,0.169662638305,4.241565958,9.383403816,40.420398,44.358137,0.830337361695,0.169662638305,20.758434042,0.100671140940,0.805405405405,-2.194594594595,0.268468468468,-2.724832214765,-0.073644113913,no,0.000000000000,0.000000000000,0.000000000,5.556640,0.047098,high_risk,yes,w0_high_risk,warning,yes,pass,no,below_tau_threshold;platform_too_narrow,no
CURRENT_PLATFORM,29.800000000000,3.000000000000,795.000000,1.453371000000,547.004172,47.000000,50.000000,37,6,0.162162162162,0.237846358221,5.946158956,10.644114222,43.050197,49.312144,0.762153641779,0.237846358221,19.053841044,0.100671140940,0.805405405405,-2.194594594595,0.268468468468,-2.724832214765,-0.073644113913,no,0.000000000000,0.000000000000,0.000000000,5.556640,0.047098,high_risk,yes,w0_high_risk,warning,yes,pass,no,below_tau_threshold;platform_too_narrow,no
CURRENT_PLATFORM,29.800000000000,3.000000000000,795.000000,1.453371000000,547.004172,47.000000,50.000000,37,7,0.189189189189,0.313571761110,7.839294028,11.598612841,44.939000,54.240769,0.686428238890,0.313571761110,17.160705972,0.100671140940,0.805405405405,-2.194594594595,0.268468468468,-2.724832214765,-0.073644113913,no,0.000000000000,0.000000000000,0.000000000,5.556640,0.047098,high_risk,yes,w0_high_risk,warning,yes,pass,no,below_tau_threshold;platform_too_narrow,no
CURRENT_PLATFORM,29.800000000000,3.000000000000,795.000000,1.453371000000,547.004172,47.000000,50.000000,37,8,0.216216216216,0.394660365002,9.866509125,12.219440487,46.126026,59.285227,0.605339634998,0.394660365002,15.133490875,0.100671140940,0.805405405405,-2.194594594595,0.268468468468,-2.724832214765,-0.073644113913,no,0.000000000000,0.000000000000,0.000000000,5.556640,0.047098,high_risk,yes,w0_high_risk,warning,yes,pass,no,below_tau_threshold;platform_too_narrow,no
CURRENT_PLATFORM,29.800000000000,3.000000000000,795.000000,1.453371000000,547.004172,47.000000,50.000000,37,9,0.243243243243,0.478779398402,11.969484960,12.488737078,46.631528,64.590531,0.521220601598,0.478779398402,13.030515040,0.100671140940,0.805405405405,-2.194594594595,0.268468468468,-2.724832214765,-0.073644113913,no,0.000000000000,0.000000000000,0.000000000,5.556640,0.047098,high_risk,yes,w0_high_risk,warning,yes,pass,no,below_tau_threshold;platform_too_narrow,no
CURRENT_PLATFORM,29.800000000000,3.000000000000,795.000000,1.453371000000,547.004172,47.000000,50.000000,37,10,0.270270270270,0.563508909873,14.087722747,12.398755441,46.463233,70.326943,0.436491090127,0.436491090127,10.912277253,0.100671140940,0.805405405405,-2.194594594595,0.268468468468,-2.724832214765,-0.073644113913,no,0.000000000000,0.000000000000,0.000000000,5.556640,0.047098,high_risk,yes,w0_high_risk,warning,yes,pass,no,below_tau_threshold;platform_too_narrow,no
CURRENT_PLATFORM,29.800000000000,3.000000000000,795.000000,1.453371000000,547.004172,47.000000,50.000000,37,11,0.297297297297,0.646411385638,16.160284641,11.952084184,45.618626,76.717257,0.353588614362,0.353588614362,8.839715359,0.100671140940,0.805405405405,-2.194594594595,0.268468468468,-2.724832214765,-0.073644113913,no,0.000000000000,0.000000000000,0.000000000,5.556640,0.047098,high_risk,yes,w0_high_risk,warning,yes,pass,no,below_tau_threshold;platform_too_narrow,no
CURRENT_PLATFORM,29.800000000000,3.000000000000,795.000000,1.453371000000,547.004172,47.000000,50.000000,37,12,0.324324324324,0.725101872409,18.127546810,11.161573227,44.084213,84.080870,0.274898127591,0.274898127591,6.872453190,0.100671140940,0.805405405405,-2.194594594595,0.268468468468,-2.724832214765,-0.073644113913,no,0.000000000000,0.000000000000,0.000000000,5.556640,0.047098,high_risk,yes,w0_high_risk,warning,yes,pass,no,below_tau_threshold;platform_too_narrow,no
CURRENT_PLATFORM,29.800000000000,3.000000000000,795.000000,1.453371000000,547.004172,47.000000,50.000000,37,13,0.351351351351,0.797316588152,19.932914704,10.049964130,41.831423,92.916648,0.202683411848,0.202683411848,5.067085296,0.100671140940,0.805405405405,-2.194594594595,0.268468468468,-2.724832214765,-0.073644113913,no,0.000000000000,0.000000000000,0.000000000,5.556640,0.047098,high_risk,yes,w0_high_risk,warning,yes,pass,no,below_tau_threshold;platform_too_narrow,no
CURRENT_PLATFORM,29.800000000000,3.000000000000,795.000000,1.453371000000,547.004172,47.000000,50.000000,37,14,0.378378378378,0.860978046977,21.524451174,8.649235862,38.806927,104.080066,0.139021953023,0.139021953023,3.475548826,0.100671140940,0.805405405405,-2.194594594595,0.268468468468,-2.724832214765,-0.073644113913,no,0.000000000000,0.000000000000,0.000000000,5.556640,0.047098,high_risk,yes,w0_high_risk,warning,yes,pass,no,below_tau_threshold;platform_too_narrow,no
CURRENT_PLATFORM,29.800000000000,3.000000000000,795.000000,1.453371000000,547.004172,47.000000,50.000000,37,15,0.405405405405,0.914254824622,22.856370616,6.999684827,34.910786,119.221554,0.085745175378,0.085745175378,2.143629384,0.100671140940,0.805405405405,-2.194594594595,0.268468468468,-2.724832214765,-0.073644113913,no,0.000000000000,0.000000000000,0.000000000,5.556640,0.047098,high_risk,yes,w0_high_risk,warning,yes,pass,no,below_tau_threshold;platform_too_narrow,no
CURRENT_PLATFORM,29.800000000000,3.000000000000,795.000000,1.453371000000,547.004172,47.000000,50.000000,37,16,0.432432432432,0.955614245194,23.890356130,5.148765603,29.941389,142.118344,0.044385754806,0.044385754806,1.109643870,0.100671140940,0.805405405405,-2.194594594595,0.268468468468,-2.724832214765,-0.073644113913,no,0.000000000000,0.000000000000,0.000000000,5.556640,0.047098,high_risk,yes,w0_high_risk,warning,yes,pass,no,below_tau_threshold;platform_too_narrow,no
CURRENT_PLATFORM,29.800000000000,3.000000000000,795.000000,1.453371000000,547.004172,47.000000,50.000000,37,17,0.459459459459,0.983866473467,24.596661837,3.149725767,23.418375,184.370783,0.016133526533,0.016133526533,0.403338163,0.100671140940,0.805405405405,-2.194594594595,0.268468468468,-2.724832214765,-0.073644113913,no,0.000000000000,0.000000000000,0.000000000,5.556640,0.047098,high_risk,no,w0_high_risk,hard_fail,no,large_curved_mirror_spot,no,below_tau_threshold;platform_too_narrow,no
CURRENT_PLATFORM,29.800000000000,3.000000000000,795.000000,1.453371000000,547.004172,47.000000,50.000000,37,18,0.486486486486,0.998198744271,24.954968607,1.060074056,13.585902,320.111148,0.001801255729,0.001801255729,0.045031393,0.100671140940,0.805405405405,-2.194594594595,0.268468468468,-2.724832214765,-0.073644113913,no,0.000000000000,0.000000000000,0.000000000,5.556640,0.047098,high_risk,no,w0_high_risk,hard_fail,no,large_curved_mirror_spot,no,below_tau_threshold;platform_too_narrow,no
CURRENT_PLATFORM,29.800000000000,3.000000000000,795.000000,1.453371000000,547.004172,47.000000,50.000000,38,1,0.026315789474,0.006819348299,0.170483707,2.057432379,18.927060,18.991927,0.993180651701,0.006819348299,24.829516293,0.100671140940,0.784210526316,-2.215789473684,0.261403508772,-2.825503355705,-0.074355351466,no,0.000000000000,0.000000000000,0.000000000,5.390691,-0.147377,high_risk,no,w0_high_risk,hard_fail,no,short_cavity,no,below_tau_threshold;platform_too_narrow,no
CURRENT_PLATFORM,29.800000000000,3.000000000000,795.000000,1.453371000000,547.004172,47.000000,50.000000,38,3,0.078947368421,0.060263124397,1.506578110,5.949342413,32.185100,33.201043,0.939736875603,0.060263124397,23.493421890,0.100671140940,0.784210526316,-2.215789473684,0.261403508772,-2.825503355705,-0.074355351466,no,0.000000000000,0.000000000000,0.000000000,5.390691,-0.147377,high_risk,no,w0_high_risk,hard_fail,no,short_cavity,no,below_tau_threshold;platform_too_narrow,no
CURRENT_PLATFORM,29.800000000000,3.000000000000,795.000000,1.453371000000,547.004172,47.000000,50.000000,38,5,0.131578947368,0.161359214187,4.033980355,9.196548883,40.015922,43.696317,0.838640785813,0.161359214187,20.966019645,0.100671140940,0.784210526316,-2.215789473684,0.261403508772,-2.825503355705,-0.074355351466,no,0.000000000000,0.000000000000,0.000000000,5.390691,-0.147377,high_risk,yes,w0_high_risk,warning,yes,pass,no,below_tau_threshold;platform_too_narrow,no
CURRENT_PLATFORM,29.800000000000,3.000000000000,795.000000,1.453371000000,547.004172,47.000000,50.000000,38,7,0.184210526316,0.299152287674,7.478807192,11.447166583,44.644646,53.328277,0.700847712326,0.299152287674,17.521192808,0.100671140940,0.784210526316,-2.215789473684,0.261403508772,-2.825503355705,-0.074355351466,no,0.000000000000,0.000000000000,0.000000000,5.390691,-0.147377,high_risk,yes,w0_high_risk,warning,yes,pass,no,below_tau_threshold;platform_too_narrow,no
CURRENT_PLATFORM,29.800000000000,3.000000000000,795.000000,1.453371000000,547.004172,47.000000,50.000000,38,9,0.236842105263,0.458710327264,11.467758182,12.457306163,46.572811,63.302022,0.541289672736,0.458710327264,13.532241818,0.100671140940,0.784210526316,-2.215789473684,0.261403508772,-2.825503355705,-0.074355351466,no,0.000000000000,0.000000000000,0.000000000,5.390691,-0.147377,high_risk,yes,w0_high_risk,warning,yes,pass,no,below_tau_threshold;platform_too_narrow,no
CURRENT_PLATFORM,29.800000000000,3.000000000000,795.000000,1.453371000000,547.004172,47.000000,50.000000,38,11,0.289473684211,0.622742743570,15.568568589,12.117503324,45.933227,74.783908,0.377257256430,0.377257256430,9.431431411,0.100671140940,0.784210526316,-2.215789473684,0.261403508772,-2.825503355705,-0.074355351466,no,0.000000000000,0.000000000000,0.000000000,5.390691,-0.147377,high_risk,yes,w0_high_risk,warning,yes,pass,no,below_tau_threshold;platform_too_narrow,no
CURRENT_PLATFORM,29.800000000000,3.000000000000,795.000000,1.453371000000,547.004172,47.000000,50.000000,38,13,0.342105263158,0.773474079061,19.336851977,10.464580978,42.685592,89.685524,0.226525920939,0.226525920939,5.663148023,0.100671140940,0.784210526316,-2.215789473684,0.261403508772,-2.825503355705,-0.074355351466,no,0.000000000000,0.000000000000,0.000000000,5.390691,-0.147377,high_risk,yes,w0_high_risk,warning,yes,pass,no,below_tau_threshold;platform_too_narrow,no
CURRENT_PLATFORM,29.800000000000,3.000000000000,795.000000,1.453371000000,547.004172,47.000000,50.000000,38,15,0.394736842105,0.894570254698,22.364256367,7.677658909,36.562408,112.603843,0.105429745302,0.105429745302,2.635743633,0.100671140940,0.784210526316,-2.215789473684,0.261403508772,-2.825503355705,-0.074355351466,no,0.000000000000,0.000000000000,0.000000000,5.390691,-0.147377,high_risk,yes,w0_high_risk,warning,yes,pass,no,below_tau_threshold;platform_too_narrow,no
CURRENT_PLATFORM,29.800000000000,3.000000000000,795.000000,1.453371000000,547.004172,47.000000,50.000000,38,17,0.447368421053,0.972908620850,24.322715521,4.058743365,26.583746,161.510448,0.027091379150,0.027091379150,0.677284479,0.100671140940,0.784210526316,-2.215789473684,0.261403508772,-2.825503355705,-0.074355351466,no,0.000000000000,0.000000000000,0.000000000,5.390691,-0.147377,high_risk,yes,w0_high_risk,warning,yes,pass,no,below_tau_threshold;platform_too_narrow,no
CURRENT_PLATFORM,29.800000000000,3.000000000000,795.000000,1.453371000000,547.004172,47.000000,50.000000,39,1,0.025641025641,0.006474868681,0.161871717,2.005141011,18.684989,18.745776,0.993525131319,0.006474868681,24.838128283,0.100671140940,0.764102564103,-2.235897435897,0.254700854701,-2.926174496644,-0.075030115299,no,0.000000000000,0.000000000000,0.000000000,5.231493,-0.335571,high_risk,no,w0_high_risk,hard_fail,no,short_cavity,no,below_tau_threshold;platform_too_narrow,no
CURRENT_PLATFORM,29.800000000000,3.000000000000,795.000000,1.453371000000,547.004172,47.000000,50.000000,39,2,0.051282051282,0.025731779026,0.643294476,3.958349923,26.252912,26.597340,0.974268220974,0.025731779026,24.356705524,0.100671140940,0.764102564103,-2.235897435897,0.254700854701,-2.926174496644,-0.075030115299,no,0.000000000000,0.000000000000,0.000000000,5.231493,-0.335571,high_risk,no,w0_high_risk,hard_fail,no,short_cavity,no,below_tau_threshold;platform_too_narrow,no
CURRENT_PLATFORM,29.800000000000,3.000000000000,795.000000,1.453371000000,547.004172,47.000000,50.000000,39,4,0.102564102564,0.100278618298,2.506965457,7.509278303,36.159256,38.121103,0.899721381702,0.100278618298,22.493034543,0.100671140940,0.764102564103,-2.235897435897,0.254700854701,-2.926174496644,-0.075030115299,no,0.000000000000,0.000000000000,0.000000000,5.231493,-0.335571,high_risk,no,w0_high_risk,hard_fail,no,short_cavity,no,below_tau_threshold;platform_too_narrow,no
CURRENT_PLATFORM,29.800000000000,3.000000000000,795.000000,1.453371000000,547.004172,47.000000,50.000000,39,5,0.128205128205,0.153637823245,3.840945581,9.015030592,39.619043,43.065140,0.846362176755,0.153637823245,21.159054419,0.100671140940,0.764102564103,-2.235897435897,0.254700854701,-2.926174496644,-0.075030115299,no,0.000000000000,0.000000000000,0.000000000,5.231493,-0.335571,high_risk,yes,w0_high_risk,warning,yes,pass,no,below_tau_threshold;platform_too_narrow,no
CURRENT_PLATFORM,29.800000000000,3.000000000000,795.000000,1.453371000000,547.004172,47.000000,50.000000,39,7,0.179487179487,0.285653719298,7.141342982,11.293130433,44.343254,52.465421,0.714346280702,0.285653719298,17.858657018,0.100671140940,0.764102564103,-2.235897435897,0.254700854701,-2.926174496644,-0.075030115299,no,0.000000000000,0.000000000000,0.000000000,5.231493,-0.335571,high_risk,yes,w0_high_risk,warning,yes,pass,no,below_tau_threshold;platform_too_narrow,no
CURRENT_PLATFORM,29.800000000000,3.000000000000,795.000000,1.453371000000,547.004172,47.000000,50.000000,39,8,0.205128205128,0.360891268042,9.022281701,12.006476395,45.722310,57.192725,0.639108731958,0.360891268042,15.977718299,0.100671140940,0.764102564103,-2.235897435897,0.254700854701,-2.926174496644,-0.075030115299,no,0.000000000000,0.000000000000,0.000000000,5.231493,-0.335571,high_risk,yes,w0_high_risk,warning,yes,pass,no,below_tau_threshold;platform_too_narrow,no
CURRENT_PLATFORM,29.800000000000,3.000000000000,795.000000,1.453371000000,547.004172,47.000000,50.000000,39,10,0.256410256410,0.520132970055,13.003324251,12.489862477,46.633629,67.319170,0.479867029945,0.479867029945,11.996675749,0.100671140940,0.764102564103,-2.235897435897,0.254700854701,-2.926174496644,-0.075030115299,no,0.000000000000,0.000000000000,0.000000000,5.231493,-0.335571,high_risk,yes,w0_high_risk,warning,yes,pass,no,below_tau_threshold;platform_too_narrow,no
CURRENT_PLATFORM,29.800000000000,3.000000000000,795.000000,1.453371000000,547.004172,47.000000,50.000000,39,11,0.282051282051,0.600012846888,15.000321172,12.247383151,46.178735,73.016164,0.399987153112,0.399987153112,9.999678828,0.100671140940,0.764102564103,-2.235897435897,0.254700854701,-2.926174496644,-0.075030115299,no,0.000000000000,0.000000000000,0.000000000,5.231493,-0.335571,high_risk,yes,w0_high_risk,warning,yes,pass,no,below_tau_threshold;platform_too_narrow,no
CURRENT_PLATFORM,29.800000000000,3.000000000000,795.000000,1.453371000000,547.004172,47.000000,50.000000,39,14,0.358974358974,0.816222687798,20.405567195,9.682562023,41.059677,95.778841,0.183777312202,0.183777312202,4.594432805,0.100671140940,0.764102564103,-2.235897435897,0.254700854701,-2.926174496644,-0.075030115299,no,0.000000000000,0.000000000000,0.000000000,5.231493,-0.335571,high_risk,yes,w0_high_risk,warning,yes,pass,no,below_tau_threshold;platform_too_narrow,no
CURRENT_PLATFORM,29.800000000000,3.000000000000,795.000000,1.453371000000,547.004172,47.000000,50.000000,39,16,0.410256410256,0.922595042772,23.064876069,6.680822827,34.106359,122.588850,0.077404957228,0.077404957228,1.935123931,0.100671140940,0.764102564103,-2.235897435897,0.254700854701,-2.926174496644,-0.075030115299,no,0.000000000000,0.000000000000,0.000000000,5.231493,-0.335571,high_risk,yes,w0_high_risk,warning,yes,pass,no,below_tau_threshold;platform_too_narrow,no
CURRENT_PLATFORM,29.800000000000,3.000000000000,795.000000,1.453371000000,547.004172,47.000000,50.000000,39,17,0.435897435897,0.959989721829,23.999743046,4.899582623,29.207873,146.020604,0.040010278171,0.040010278171,1.000256954,0.100671140940,0.764102564103,-2.235897435897,0.254700854701,-2.926174496644,-0.075030115299,no,0.000000000000,0.000000000000,0.000000000,5.231493,-0.335571,high_risk,yes,w0_high_risk,warning,yes,pass,no,below_tau_threshold;platform_too_narrow,no
CURRENT_PLATFORM,29.800000000000,3.000000000000,795.000000,1.453371000000,547.004172,47.000000,50.000000,39,19,0.487179487179,0.998378654067,24.959466352,1.005832109,13.233756,328.658817,0.001621345933,0.001621345933,0.040533648,0.100671140940,0.764102564103,-2.235897435897,0.254700854701,-2.926174496644,-0.075030115299,no,0.000000000000,0.000000000000,0.000000000,5.231493,-0.335571,high_risk,no,w0_high_risk,hard_fail,no,large_curved_mirror_spot,no,below_tau_threshold;platform_too_narrow,no
CURRENT_PLATFORM,29.800000000000,3.000000000000,795.000000,1.453371000000,547.004172,47.000000,50.000000,40,1,0.025000000000,0.006155829702,0.153895743,1.955430813,18.451922,18.508979,0.993844170298,0.006155829702,24.846104257,0.100671140940,0.745000000000,-2.255000000000,0.248333333333,-3.026845637584,-0.075671140940,no,0.000000000000,0.000000000000,0.000000000,5.078694,-0.517359,high_risk,no,w0_high_risk,hard_fail,no,short_cavity,no,below_tau_threshold;platform_too_narrow,no
CURRENT_PLATFORM,29.800000000000,3.000000000000,795.000000,1.453371000000,547.004172,47.000000,50.000000,40,3,0.075000000000,0.054496737906,1.362418448,5.674881247,31.433937,32.327138,0.945503262094,0.054496737906,23.637581552,0.100671140940,0.745000000000,-2.255000000000,0.248333333333,-3.026845637584,-0.075671140940,no,0.000000000000,0.000000000000,0.000000000,5.078694,-0.517359,high_risk,no,w0_high_risk,hard_fail,no,short_cavity,no,below_tau_threshold;platform_too_narrow,no
CURRENT_PLATFORM,29.800000000000,3.000000000000,795.000000,1.453371000000,547.004172,47.000000,50.000000,40,7,0.175000000000,0.273004750130,6.825118753,11.137581552,44.036808,51.647588,0.726995249870,0.273004750130,18.174881247,0.100671140940,0.745000000000,-2.255000000000,0.248333333333,-3.026845637584,-0.075671140940,no,0.000000000000,0.000000000000,0.000000000,5.078694,-0.517359,high_risk,yes,w0_high_risk,warning,yes,pass,no,below_tau_threshold;platform_too_narrow,no
CURRENT_PLATFORM,29.800000000000,3.000000000000,795.000000,1.453371000000,547.004172,47.000000,50.000000,40,9,0.225000000000,0.421782767480,10.544569187,12.346104257,46.364476,60.973319,0.578217232520,0.421782767480,14.455430813,0.100671140940,0.745000000000,-2.255000000000,0.248333333333,-3.026845637584,-0.075671140940,no,0.000000000000,0.000000000000,0.000000000,5.078694,-0.517359,high_risk,yes,w0_high_risk,warning,yes,pass,no,below_tau_threshold;platform_too_narrow,no
CURRENT_PLATFORM,29.800000000000,3.000000000000,795.000000,1.453371000000,547.004172,47.000000,50.000000,40,11,0.275000000000,0.578217232520,14.455430813,12.346104257,46.364476,71.390584,0.421782767480,0.421782767480,10.544569187,0.100671140940,0.745000000000,-2.255000000000,0.248333333333,-3.026845637584,-0.075671140940,no,0.000000000000,0.000000000000,0.000000000,5.078694,-0.517359,high_risk,yes,w0_high_risk,warning,yes,pass,no,below_tau_threshold;platform_too_narrow,no
CURRENT_PLATFORM,29.800000000000,3.000000000000,795.000000,1.453371000000,547.004172,47.000000,50.000000,40,13,0.325000000000,0.726995249870,18.174881247,11.137581552,44.036808,84.281204,0.273004750130,0.273004750130,6.825118753,0.100671140940,0.745000000000,-2.255000000000,0.248333333333,-3.026845637584,-0.075671140940,no,0.000000000000,0.000000000000,0.000000000,5.078694,-0.517359,high_risk,yes,w0_high_risk,warning,yes,pass,no,below_tau_threshold;platform_too_narrow,no
CURRENT_PLATFORM,29.800000000000,3.000000000000,795.000000,1.453371000000,547.004172,47.000000,50.000000,40,17,0.425000000000,0.945503262094,23.637581552,5.674881247,31.433937,134.652220,0.054496737906,0.054496737906,1.362418448,0.100671140940,0.745000000000,-2.255000000000,0.248333333333,-3.026845637584,-0.075671140940,no,0.000000000000,0.000000000000,0.000000000,5.078694,-0.517359,high_risk,yes,w0_high_risk,warning,yes,pass,no,below_tau_threshold;platform_too_narrow,no
CURRENT_PLATFORM,29.800000000000,3.000000000000,795.000000,1.453371000000,547.004172,47.000000,50.000000,40,19,0.475000000000,0.993844170298,24.846104257,1.955430813,18.451922,235.178877,0.006155829702,0.006155829702,0.153895743,0.100671140940,0.745000000000,-2.255000000000,0.248333333333,-3.026845637584,-0.075671140940,no,0.000000000000,0.000000000000,0.000000000,5.078694,-0.517359,high_risk,no,w0_high_risk,hard_fail,no,large_curved_mirror_spot,no,below_tau_threshold;platform_too_narrow,no
CURRENT_PLATFORM,29.800000000000,3.000000000000,795.000000,1.453371000000,547.004172,47.000000,50.000000,41,1,0.024390243902,0.005859788110,0.146494703,1.908116053,18.227318,18.280958,0.994140211890,0.005859788110,24.853505297,0.100671140940,0.726829268293,-2.273170731707,0.242276422764,-3.127516778523,-0.076280897037,no,0.000000000000,0.000000000000,0.000000000,4.931963,-0.693514,high_risk,no,w0_high_risk,hard_fail,no,short_cavity,no,below_tau_threshold;platform_too_narrow,no
CURRENT_PLATFORM,29.800000000000,3.000000000000,795.000000,1.453371000000,547.004172,47.000000,50.000000,41,2,0.048780487805,0.023301803973,0.582545099,3.771507482,25.625826,25.929711,0.976698196027,0.023301803973,24.417454901,0.100671140940,0.726829268293,-2.273170731707,0.242276422764,-3.127516778523,-0.076280897037,no,0.000000000000,0.000000000000,0.000000000,4.931963,-0.693514,high_risk,no,w0_high_risk,hard_fail,no,short_cavity,no,below_tau_threshold;platform_too_narrow,no
CURRENT_PLATFORM,29.800000000000,3.000000000000,795.000000,1.453371000000,547.004172,47.000000,50.000000,41,3,0.073170731707,0.051917221519,1.297930538,5.546497973,31.076336,31.915870,0.948082778481,0.051917221519,23.702069462,0.100671140940,0.726829268293,-2.273170731707,0.242276422764,-3.127516778523,-0.076280897037,no,0.000000000000,0.000000000000,0.000000000,4.931963,-0.693514,high_risk,no,w0_high_risk,hard_fail,no,short_cavity,no,below_tau_threshold;platform_too_narrow,no
CURRENT_PLATFORM,29.800000000000,3.000000000000,795.000000,1.453371000000,547.004172,47.000000,50.000000,41,4,0.097560975610,0.091035319617,2.275882990,7.191483253,35.385849,37.115568,0.908964680383,0.091035319617,22.724117010,0.100671140940,0.726829268293,-2.273170731707,0.242276422764,-3.127516778523,-0.076280897037,no,0.000000000000,0.000000000000,0.000000000,4.931963,-0.693514,high_risk,no,w0_high_risk,hard_fail,no,short_cavity,no,below_tau_threshold;platform_too_narrow,no
CURRENT_PLATFORM,29.800000000000,3.000000000000,795.000000,1.453371000000,547.004172,47.000000,50.000000,41,5,0.121951219512,0.139739203200,3.493480080,8.667906260,38.848789,41.885376,0.860260796800,0.139739203200,21.506519920,0.100671140940,0.726829268293,-2.273170731707,0.242276422764,-3.127516778523,-0.076280897037,no,0.000000000000,0.000000000000,0.000000000,4.931963,-0.693514,high_risk,yes,w0_high_risk,warning,yes,pass,no,below_tau_threshold;platform_too_narrow,no
CURRENT_PLATFORM,29.800000000000,3.000000000000,795.000000,1.453371000000,547.004172,47.000000,50.000000,41,6,0.146341463415,0.196887294517,4.922182363,9.941160891,41.604368,46.424869,0.803112705483,0.196887294517,20.077817637,0.100671140940,0.726829268293,-2.273170731707,0.242276422764,-3.127516778523,-0.076280897037,no,0.000000000000,0.000000000000,0.000000000,4.931963,-0.693514,high_risk,yes,w0_high_risk,warning,yes,pass,no,below_tau_threshold;platform_too_narrow,no
CURRENT_PLATFORM,29.800000000000,3.000000000000,795.000000,1.453371000000,547.004172,47.000000,50.000000,41,7,0.170731707317,0.261140090744,6.528502269,10.981403136,43.726962,50.870763,0.738859909256,0.261140090744,18.471497731,0.100671140940,0.726829268293,-2.273170731707,0.242276422764,-3.127516778523,-0.076280897037,no,0.000000000000,0.000000000000,0.000000000,4.931963,-0.693514,high_risk,yes,w0_high_risk,warning,yes,pass,no,below_tau_threshold;platform_too_narrow,no
CURRENT_PLATFORM,29.800000000000,3.000000000000,795.000000,1.453371000000,547.004172,47.000000,50.000000,41,8,0.195121951220,0.330991560796,8.274789020,11.764250600,45.258746,55.333319,0.669008439204,0.330991560796,16.725210980,0.100671140940,0.726829268293,-2.273170731707,0.242276422764,-3.127516778523,-0.076280897037,no,0.000000000000,0.000000000000,0.000000000,4.931963,-0.693514,high_risk,yes,w0_high_risk,warning,yes,pass,no,below_tau_threshold;platform_too_narrow,no
CURRENT_PLATFORM,29.800000000000,3.000000000000,795.000000,1.453371000000,547.004172,47.000000,50.000000,41,9,0.219512195122,0.404804445418,10.120111135,12.271354000,46.223904,59.915169,0.595195554582,0.404804445418,14.879888865,0.100671140940,0.726829268293,-2.273170731707,0.242276422764,-3.127516778523,-0.076280897037,no,0.000000000000,0.000000000000,0.000000000,4.931963,-0.693514,high_risk,yes,w0_high_risk,warning,yes,pass,no,below_tau_threshold;platform_too_narrow,no
CURRENT_PLATFORM,29.800000000000,3.000000000000,795.000000,1.453371000000,547.004172,47.000000,50.000000,41,10,0.243902439024,0.480848633155,12.021215829,12.490827263,46.635430,64.724542,0.519151366845,0.480848633155,12.978784171,0.100671140940,0.726829268293,-2.273170731707,0.242276422764,-3.127516778523,-0.076280897037,no,0.000000000000,0.000000000000,0.000000000,4.931963,-0.693514,high_risk,yes,w0_high_risk,warning,yes,pass,no,below_tau_threshold;platform_too_narrow,no
CURRENT_PLATFORM,29.800000000000,3.000000000000,795.000000,1.453371000000,547.004172,47.000000,50.000000,41,11,0.268292682927,0.557341712699,13.933542817,12.417526122,46.498391,69.888163,0.442658287301,0.442658287301,11.066457183,0.100671140940,0.726829268293,-2.273170731707,0.242276422764,-3.127516778523,-0.076280897037,no,0.000000000000,0.000000000000,0.000000000,4.931963,-0.693514,high_risk,yes,w0_high_risk,warning,yes,pass,no,below_tau_threshold;platform_too_narrow,no
CURRENT_PLATFORM,29.800000000000,3.000000000000,795.000000,1.453371000000,547.004172,47.000000,50.000000,41,12,0.292682926829,0.632490751098,15.812268777,12.053168693,45.811130,75.567815,0.367509248902,0.367509248902,9.187731223,0.100671140940,0.726829268293,-2.273170731707,0.242276422764,-3.127516778523,-0.076280897037,no,0.000000000000,0.000000000000,0.000000000,4.931963,-0.693514,high_risk,yes,w0_high_risk,warning,yes,pass,no,below_tau_threshold;platform_too_narrow,no
CURRENT_PLATFORM,29.800000000000,3.000000000000,795.000000,1.453371000000,547.004172,47.000000,50.000000,41,13,0.317073170732,0.704534318586,17.613357965,11.406295206,44.564874,81.985899,0.295465681414,0.295465681414,7.386642035,0.100671140940,0.726829268293,-2.273170731707,0.242276422764,-3.127516778523,-0.076280897037,no,0.000000000000,0.000000000000,0.000000000,4.931963,-0.693514,high_risk,yes,w0_high_risk,warning,yes,pass,no,below_tau_threshold;platform_too_narrow,no
CURRENT_PLATFORM,29.800000000000,3.000000000000,795.000000,1.453371000000,547.004172,47.000000,50.000000,41,14,0.341463414634,0.771783775001,19.294594375,10.492067827,42.741615,89.470048,0.228216224999,0.228216224999,5.705405625,0.100671140940,0.726829268293,-2.273170731707,0.242276422764,-3.127516778523,-0.076280897037,no,0.000000000000,0.000000000000,0.000000000,4.931963,-0.693514,high_risk,yes,w0_high_risk,warning,yes,pass,no,below_tau_threshold;platform_too_narrow,no
CURRENT_PLATFORM,29.800000000000,3.000000000000,795.000000,1.453371000000,547.004172,47.000000,50.000000,41,15,0.365853658537,0.832662850083,20.816571252,9.331915270,40.309348,98.539327,0.167337149917,0.167337149917,4.183428748,0.100671140940,0.726829268293,-2.273170731707,0.242276422764,-3.127516778523,-0.076280897037,no,0.000000000000,0.000000000000,0.000000000,4.931963,-0.693514,high_risk,yes,w0_high_risk,warning,yes,pass,no,below_tau_threshold;platform_too_narrow,no
CURRENT_PLATFORM,29.800000000000,3.000000000000,795.000000,1.453371000000,547.004172,47.000000,50.000000,41,16,0.390243902439,0.885744589911,22.143614748,7.953030529,37.212317,110.090114,0.114255410089,0.114255410089,2.856385252,0.100671140940,0.726829268293,-2.273170731707,0.242276422764,-3.127516778523,-0.076280897037,no,0.000000000000,0.000000000000,0.000000000,4.931963,-0.693514,high_risk,yes,w0_high_risk,warning,yes,pass,no,below_tau_threshold;platform_too_narrow,no
CURRENT_PLATFORM,29.800000000000,3.000000000000,795.000000,1.453371000000,547.004172,47.000000,50.000000,41,17,0.414634146341,0.929784803494,23.244620087,6.387733493,33.349842,125.857245,0.070215196506,0.070215196506,1.755379913,0.100671140940,0.726829268293,-2.273170731707,0.242276422764,-3.127516778523,-0.076280897037,no,0.000000000000,0.000000000000,0.000000000,4.931963,-0.693514,high_risk,yes,w0_high_risk,warning,yes,pass,no,below_tau_threshold;platform_too_narrow,no
CURRENT_PLATFORM,29.800000000000,3.000000000000,795.000000,1.453371000000,547.004172,47.000000,50.000000,41,18,0.439024390244,0.963751225551,24.093780639,4.672713398,28.523641,149.816032,0.036248774449,0.036248774449,0.906219361,0.100671140940,0.726829268293,-2.273170731707,0.242276422764,-3.127516778523,-0.076280897037,no,0.000000000000,0.000000000000,0.000000000,4.931963,-0.693514,high_risk,yes,w0_high_risk,warning,yes,pass,no,below_tau_threshold;platform_too_narrow,no
CURRENT_PLATFORM,29.800000000000,3.000000000000,795.000000,1.453371000000,547.004172,47.000000,50.000000,41,19,0.463414634146,0.986847711939,24.671192798,2.848168861,22.269130,194.179149,0.013152288061,0.013152288061,0.328807202,0.100671140940,0.726829268293,-2.273170731707,0.242276422764,-3.127516778523,-0.076280897037,no,0.000000000000,0.000000000000,0.000000000,4.931963,-0.693514,high_risk,no,w0_high_risk,hard_fail,no,large_curved_mirror_spot,no,below_tau_threshold;platform_too_narrow,no
CURRENT_PLATFORM,29.800000000000,3.000000000000,795.000000,1.453371000000,547.004172,47.000000,50.000000,41,20,0.487804878049,0.998532900592,24.963322515,0.956865660,12.907611,336.989288,0.001467099408,0.001467099408,0.036677485,0.100671140940,0.726829268293,-2.273170731707,0.242276422764,-3.127516778523,-0.076280897037,no,0.000000000000,0.000000000000,0.000000000,4.931963,-0.693514,high_risk,no,w0_high_risk,hard_fail,no,large_curved_mirror_spot,no,below_tau_threshold;platform_too_narrow,no
CURRENT_PLATFORM,29.800000000000,3.000000000000,795.000000,1.453371000000,547.004172,47.000000,50.000000,42,1,0.023809523810,0.005584586887,0.139614672,1.863028327,18.010680,18.061183,0.994415413113,0.005584586887,24.860385328,0.100671140940,0.709523809524,-2.290476190476,0.236507936508,-3.228187919463,-0.076861617130,no,0.000000000000,0.000000000000,0.000000000,4.790995,-0.863922,high_risk,no,w0_high_risk,hard_fail,no,short_cavity,no,below_tau_threshold;platform_too_narrow,no
CURRENT_PLATFORM,29.800000000000,3.000000000000,795.000000,1.453371000000,547.004172,47.000000,50.000000,42,5,0.119047619048,0.133474064085,3.336851602,8.502159222,38.475564,41.332742,0.866525935915,0.133474064085,21.663148398,0.100671140940,0.709523809524,-2.290476190476,0.236507936508,-3.228187919463,-0.076861617130,no,0.000000000000,0.000000000000,0.000000000,4.790995,-0.863922,high_risk,yes,w0_high_risk,warning,yes,pass,no,below_tau_threshold;platform_too_narrow,no
CURRENT_PLATFORM,29.800000000000,3.000000000000,795.000000,1.453371000000,547.004172,47.000000,50.000000,42,11,0.261904761905,0.537365046793,13.434126170,12.465047465,46.587280,68.493306,0.462634953207,0.462634953207,11.565873830,0.100671140940,0.709523809524,-2.290476190476,0.236507936508,-3.228187919463,-0.076861617130,no,0.000000000000,0.000000000000,0.000000000,4.790995,-0.863922,high_risk,yes,w0_high_risk,warning,yes,pass,no,below_tau_threshold;platform_too_narrow,no
CURRENT_PLATFORM,29.800000000000,3.000000000000,795.000000,1.453371000000,547.004172,47.000000,50.000000,42,13,0.309523809524,0.682670512183,17.066762805,11.635921858,45.011220,79.903456,0.317329487817,0.317329487817,7.933237195,0.100671140940,0.709523809524,-2.290476190476,0.236507936508,-3.228187919463,-0.076861617130,no,0.000000000000,0.000000000000,0.000000000,4.790995,-0.863922,high_risk,yes,w0_high_risk,warning,yes,pass,no,below_tau_threshold;platform_too_narrow,no
CURRENT_PLATFORM,29.800000000000,3.000000000000,795.000000,1.453371000000,547.004172,47.000000,50.000000,42,17,0.404761904762,0.913119387158,22.827984679,7.041500726,35.014909,118.793194,0.086880612842,0.086880612842,2.172015321,0.100671140940,0.709523809524,-2.290476190476,0.236507936508,-3.228187919463,-0.076861617130,no,0.000000000000,0.000000000000,0.000000000,4.790995,-0.863922,high_risk,yes,w0_high_risk,warning,yes,pass,no,below_tau_threshold;platform_too_narrow,no
CURRENT_PLATFORM,29.800000000000,3.000000000000,795.000000,1.453371000000,547.004172,47.000000,50.000000,42,19,0.452380952381,0.977786402893,24.444660072,3.684439680,25.328304,169.940410,0.022213597107,0.022213597107,0.555339928,0.100671140940,0.709523809524,-2.290476190476,0.236507936508,-3.228187919463,-0.076861617130,no,0.000000000000,0.000000000000,0.000000000,4.790995,-0.863922,high_risk,yes,w0_high_risk,warning,yes,pass,no,below_tau_threshold;platform_too_narrow,no
CURRENT_PLATFORM,29.800000000000,3.000000000000,795.000000,1.453371000000,547.004172,47.000000,50.000000,43,1,0.023255813953,0.005328315962,0.133207899,1.820014597,17.801550,17.849167,0.994671684038,0.005328315962,24.866792101,0.100671140940,0.693023255814,-2.306976744186,0.231007751938,-3.328859060403,-0.077415326986,no,0.000000000000,0.000000000000,0.000000000,4.655501,-1.029261,high_risk,no,w0_high_risk,hard_fail,no,short_cavity,no,below_tau_threshold;platform_too_narrow,no
CURRENT_PLATFORM,29.800000000000,3.000000000000,795.000000,1.453371000000,547.004172,47.000000,50.000000,43,2,0.046511627907,0.021199700046,0.529992501,3.601238742,25.040693,25.310417,0.978800299954,0.021199700046,24.470007499,0.100671140940,0.693023255814,-2.306976744186,0.231007751938,-3.328859060403,-0.077415326986,no,0.000000000000,0.000000000000,0.000000000,4.655501,-1.029261,high_risk,no,w0_high_risk,hard_fail,no,short_cavity,no,below_tau_threshold;platform_too_narrow,no
CURRENT_PLATFORM,29.800000000000,3.000000000000,795.000000,1.453371000000,547.004172,47.000000,50.000000,43,3,0.069767441860,0.047275881253,1.181897031,5.305708736,30.394296,31.139276,0.952724118747,0.047275881253,23.818102969,0.100671140940,0.693023255814,-2.306976744186,0.231007751938,-3.328859060403,-0.077415326986,no,0.000000000000,0.000000000000,0.000000000,4.655501,-1.029261,high_risk,no,w0_high_risk,hard_fail,no,short_cavity,no,below_tau_threshold;platform_too_narrow,no
CURRENT_PLATFORM,29.800000000000,3.000000000000,795.000000,1.453371000000,547.004172,47.000000,50.000000,43,4,0.093023255814,0.083001091055,2.075027276,6.897096760,34.654014,36.188379,0.916998908945,0.083001091055,22.924972724,0.100671140940,0.693023255814,-2.306976744186,0.231007751938,-3.328859060403,-0.077415326986,no,0.000000000000,0.000000000000,0.000000000,4.655501,-1.029261,high_risk,no,w0_high_risk,hard_fail,no,short_cavity,no,below_tau_threshold;platform_too_narrow,no
CURRENT_PLATFORM,29.800000000000,3.000000000000,795.000000,1.453371000000,547.004172,47.000000,50.000000,43,5,0.116279069767,0.127613908628,3.190347716,8.341485140,38.110274,40.802588,0.872386091372,0.127613908628,21.809652284,0.100671140940,0.693023255814,-2.306976744186,0.231007751938,-3.328859060403,-0.077415326986,no,0.000000000000,0.000000000000,0.000000000,4.655501,-1.029261,high_risk,yes,w0_high_risk,warning,yes,pass,no,below_tau_threshold;platform_too_narrow,no
CURRENT_PLATFORM,29.800000000000,3.000000000000,795.000000,1.453371000000,547.004172,47.000000,50.000000,43,6,0.139534883721,0.180163489221,4.504087231,9.608089247,40.901468,45.172619,0.819836510779,0.180163489221,20.495912769,0.100671140940,0.693023255814,-2.306976744186,0.231007751938,-3.328859060403,-0.077415326986,no,0.000000000000,0.000000000000,0.000000000,4.655501,-1.029261,high_risk,yes,w0_high_risk,warning,yes,pass,no,below_tau_threshold;platform_too_narrow,no
CURRENT_PLATFORM,29.800000000000,3.000000000000,795.000000,1.453371000000,547.004172,47.000000,50.000000,43,7,0.162790697674,0.239529829756,5.988245744,10.669913613,43.102339,49.426487,0.760470170244,0.239529829756,19.011754256,0.100671140940,0.693023255814,-2.306976744186,0.231007751938,-3.328859060403,-0.077415326986,no,0.000000000000,0.000000000000,0.000000000,4.655501,-1.029261,high_risk,yes,w0_high_risk,warning,yes,pass,no,below_tau_threshold;platform_too_narrow,no
CURRENT_PLATFORM,29.800000000000,3.000000000000,795.000000,1.453371000000,547.004172,47.000000,50.000000,43,8,0.186046511628,0.304447639755,7.611190994,11.504327295,44.755972,53.664376,0.695552360245,0.304447639755,17.388809006,0.100671140940,0.693023255814,-2.306976744186,0.231007751938,-3.328859060403,-0.077415326986,no,0.000000000000,0.000000000000,0.000000000,4.655501,-1.029261,high_risk,yes,w0_high_risk,warning,yes,pass,no,below_tau_threshold;platform_too_narrow,no
CURRENT_PLATFORM,29.800000000000,3.000000000000,795.000000,1.453371000000,547.004172,47.000000,50.000000,43,9,0.209302325581,0.373533308804,9.338332720,12.093546213,45.887798,57.975997,0.626466691196,0.373533308804,15.661667280,0.100671140940,0.693023255814,-2.306976744186,0.231007751938,-3.328859060403,-0.077415326986,no,0.000000000000,0.000000000000,0.000000000,4.655501,-1.029261,high_risk,yes,w0_high_risk,warning,yes,pass,no,below_tau_threshold;platform_too_narrow,no
CURRENT_PLATFORM,29.800000000000,3.000000000000,795.000000,1.453371000000,547.004172,47.000000,50.000000,43,10,0.232558139535,0.445314395811,11.132859895,12.425012190,46.512405,62.451856,0.554685604189,0.445314395811,13.867140105,0.100671140940,0.693023255814,-2.306976744186,0.231007751938,-3.328859060403,-0.077415326986,no,0.000000000000,0.000000000000,0.000000000,4.655501,-1.029261,high_risk,yes,w0_high_risk,warning,yes,pass,no,below_tau_threshold;platform_too_narrow,no
CURRENT_PLATFORM,29.800000000000,3.000000000000,795.000000,1.453371000000,547.004172,47.000000,50.000000,43,11,0.255813953488,0.518261011529,12.956525288,12.491660605,46.636985,67.193084,0.481738988471,0.481738988471,12.043474712,0.100671140940,0.693023255814,-2.306976744186,0.231007751938,-3.328859060403,-0.077415326986,no,0.000000000000,0.000000000000,0.000000000,4.655501,-1.029261,high_risk,yes,w0_high_risk,warning,yes,pass,no,below_tau_threshold;platform_too_narrow,no
CURRENT_PLATFORM,29.800000000000,3.000000000000,795.000000,1.453371000000,547.004172,47.000000,50.000000,43,12,0.279069767442,0.590818425490,14.770460637,12.292070960,46.262906,72.322741,0.409181574510,0.409181574510,10.229539363,0.100671140940,0.693023255814,-2.306976744186,0.231007751938,-3.328859060403,-0.077415326986,no,0.000000000000,0.000000000000,0.000000000,4.655501,-1.029261,high_risk,yes,w0_high_risk,warning,yes,pass,no,below_tau_threshold;platform_too_narrow,no
CURRENT_PLATFORM,29.800000000000,3.000000000000,795.000000,1.453371000000,547.004172,47.000000,50.000000,43,13,0.302325581395,0.661440202386,16.536005060,11.830497164,45.385997,78.001721,0.338559797614,0.338559797614,8.463994940,0.100671140940,0.693023255814,-2.306976744186,0.231007751938,-3.328859060403,-0.077415326986,no,0.000000000000,0.000000000000,0.000000000,4.655501,-1.029261,high_risk,yes,w0_high_risk,warning,yes,pass,no,below_tau_threshold;platform_too_narrow,no
CURRENT_PLATFORM,29.800000000000,3.000000000000,795.000000,1.453371000000,547.004172,47.000000,50.000000,43,14,0.325581395349,0.728621161652,18.215529041,11.116776861,43.995659,84.454314,0.271378838348,0.271378838348,6.784470959,0.100671140940,0.693023255814,-2.306976744186,0.231007751938,-3.328859060403,-0.077415326986,no,0.000000000000,0.000000000000,0.000000000,4.655501,-1.029261,high_risk,yes,w0_high_risk,warning,yes,pass,no,below_tau_threshold;platform_too_narrow,no
CURRENT_PLATFORM,29.800000000000,3.000000000000,795.000000,1.453371000000,547.004172,47.000000,50.000000,43,15,0.348837209302,0.790929457779,19.773236444,10.166121759,42.072473,92.013513,0.209070542221,0.209070542221,5.226763556,0.100671140940,0.693023255814,-2.306976744186,0.231007751938,-3.328859060403,-0.077415326986,no,0.000000000000,0.000000000000,0.000000000,4.655501,-1.029261,high_risk,yes,w0_high_risk,warning,yes,pass,no,below_tau_threshold;platform_too_narrow,no
CURRENT_PLATFORM,29.800000000000,3.000000000000,795.000000,1.453371000000,547.004172,47.000000,50.000000,43,16,0.372093023256,0.847037097610,21.175927440,8.998793422,39.583348,101.209077,0.152962902390,0.152962902390,3.824072560,0.100671140940,0.693023255814,-2.306976744186,0.231007751938,-3.328859060403,-0.077415326986,no,0.000000000000,0.000000000000,0.000000000,4.655501,-1.029261,high_risk,yes,w0_high_risk,warning,yes,pass,no,below_tau_threshold;platform_too_narrow,no
CURRENT_PLATFORM,29.800000000000,3.000000000000,795.000000,1.453371000000,547.004172,47.000000,50.000000,43,17,0.395348837209,0.895748244215,22.393706105,7.639671426,36.471844,112.957750,0.104251755785,0.104251755785,2.606293895,0.100671140940,0.693023255814,-2.306976744186,0.231007751938,-3.328859060403,-0.077415326986,no,0.000000000000,0.000000000000,0.000000000,4.655501,-1.029261,high_risk,yes,w0_high_risk,warning,yes,pass,no,below_tau_threshold;platform_too_narrow,no
CURRENT_PLATFORM,29.800000000000,3.000000000000,795.000000,1.453371000000,547.004172,47.000000,50.000000,43,18,0.418604651163,0.936024704072,23.400617602,6.117723098,32.637380,129.035479,0.063975295928,0.063975295928,1.599382398,0.100671140940,0.693023255814,-2.306976744186,0.231007751938,-3.328859060403,-0.077415326986,no,0.000000000000,0.000000000000,0.000000000,4.655501,-1.029261,high_risk,yes,w0_high_risk,warning,yes,pass,no,below_tau_threshold;platform_too_narrow,no
CURRENT_PLATFORM,29.800000000000,3.000000000000,795.000000,1.453371000000,547.004172,47.000000,50.000000,43,19,0.441860465116,0.967008054366,24.175201359,4.465386123,27.883667,153.513272,0.032991945634,0.032991945634,0.824798641,0.100671140940,0.693023255814,-2.306976744186,0.231007751938,-3.328859060403,-0.077415326986,no,0.000000000000,0.000000000000,0.000000000,4.655501,-1.029261,high_risk,yes,w0_high_risk,warning,yes,pass,no,below_tau_threshold;platform_too_narrow,no
CURRENT_PLATFORM,29.800000000000,3.000000000000,795.000000,1.453371000000,547.004172,47.000000,50.000000,43,20,0.465116279070,0.988037938778,24.700948469,2.717877195,21.753808,198.898857,0.011962061222,0.011962061222,0.299051531,0.100671140940,0.693023255814,-2.306976744186,0.231007751938,-3.328859060403,-0.077415326986,no,0.000000000000,0.000000000000,0.000000000,4.655501,-1.029261,high_risk,no,w0_high_risk,hard_fail,no,large_curved_mirror_spot,no,below_tau_threshold;platform_too_narrow,no
CURRENT_PLATFORM,29.800000000000,3.000000000000,795.000000,1.453371000000,547.004172,47.000000,50.000000,43,21,0.488372093023,0.998666141832,24.966653546,0.912441433,12.604420,345.118353,0.001333858168,0.001333858168,0.033346454,0.100671140940,0.693023255814,-2.306976744186,0.231007751938,-3.328859060403,-0.077415326986,no,0.000000000000,0.000000000000,0.000000000,4.655501,-1.029261,high_risk,no,w0_high_risk,hard_fail,no,large_curved_mirror_spot,no,below_tau_threshold;platform_too_narrow,no
CURRENT_PLATFORM,29.800000000000,3.000000000000,795.000000,1.453371000000,547.004172,47.000000,50.000000,44,1,0.022727272727,0.005089279060,0.127231976,1.778935478,17.599506,17.644462,0.994910720940,0.005089279060,24.872768024,0.100671140940,0.677272727273,-2.322727272727,0.225757575758,-3.429530201342,-0.077943868212,no,0.000000000000,0.000000000000,0.000000000,4.525214,-1.189423,high_risk,no,w0_high_risk,hard_fail,no,short_cavity,no,below_tau_threshold;platform_too_narrow,no
CURRENT_PLATFORM,29.800000000000,3.000000000000,795.000000,1.453371000000,547.004172,47.000000,50.000000,44,3,0.068181818182,0.045184002323,1.129600058,5.192687663,30.068827,30.772065,0.954815997677,0.045184002323,23.870399942,0.100671140940,0.677272727273,-2.322727272727,0.225757575758,-3.429530201342,-0.077943868212,no,0.000000000000,0.000000000000,0.000000000,4.525214,-1.189423,high_risk,no,w0_high_risk,hard_fail,no,short_cavity,no,below_tau_threshold;platform_too_narrow,no
CURRENT_PLATFORM,29.800000000000,3.000000000000,795.000000,1.453371000000,547.004172,47.000000,50.000000,44,5,0.113636363636,0.122125212823,3.053130321,8.185759174,37.752861,40.293369,0.877874787177,0.122125212823,21.946869679,0.100671140940,0.677272727273,-2.322727272727,0.225757575758,-3.429530201342,-0.077943868212,no,0.000000000000,0.000000000000,0.000000000,4.525214,-1.189423,high_risk,yes,w0_high_risk,warning,yes,pass,no,below_tau_threshold;platform_too_narrow,no
CURRENT_PLATFORM,29.800000000000,3.000000000000,795.000000,1.453371000000,547.004172,47.000000,50.000000,44,7,0.159090909091,0.229679591272,5.741989782,10.515669160,42.789660,48.753201,0.770320408728,0.229679591272,19.258010218,0.100671140940,0.677272727273,-2.322727272727,0.225757575758,-3.429530201342,-0.077943868212,no,0.000000000000,0.000000000000,0.000000000,4.525214,-1.189423,high_risk,yes,w0_high_risk,warning,yes,pass,no,below_tau_threshold;platform_too_narrow,no
CURRENT_PLATFORM,29.800000000000,3.000000000000,795.000000,1.453371000000,547.004172,47.000000,50.000000,44,9,0.204545454545,0.359133721579,8.978343039,11.993662170,45.697905,57.083761,0.640866278421,0.359133721579,16.021656961,0.100671140940,0.677272727273,-2.322727272727,0.225757575758,-3.429530201342,-0.077943868212,no,0.000000000000,0.000000000000,0.000000000,4.525214,-1.189423,high_risk,yes,w0_high_risk,warning,yes,pass,no,below_tau_threshold;platform_too_narrow,no
CURRENT_PLATFORM,29.800000000000,3.000000000000,795.000000,1.453371000000,547.004172,47.000000,50.000000,44,13,0.295454545455,0.640866278421,16.021656961,11.993662170,45.697905,76.254977,0.359133721579,0.359133721579,8.978343039,0.100671140940,0.677272727273,-2.322727272727,0.225757575758,-3.429530201342,-0.077943868212,no,0.000000000000,0.000000000000,0.000000000,4.525214,-1.189423,high_risk,yes,w0_high_risk,warning,yes,pass,no,below_tau_threshold;platform_too_narrow,no
CURRENT_PLATFORM,29.800000000000,3.000000000000,795.000000,1.453371000000,547.004172,47.000000,50.000000,44,15,0.340909090909,0.770320408728,19.258010218,10.515669160,42.789660,89.284822,0.229679591272,0.229679591272,5.741989782,0.100671140940,0.677272727273,-2.322727272727,0.225757575758,-3.429530201342,-0.077943868212,no,0.000000000000,0.000000000000,0.000000000,4.525214,-1.189423,high_risk,yes,w0_high_risk,warning,yes,pass,no,below_tau_threshold;platform_too_narrow,no
CURRENT_PLATFORM,29.800000000000,3.000000000000,795.000000,1.453371000000,547.004172,47.000000,50.000000,44,17,0.386363636364,0.877874787177,21.946869679,8.185759174,37.752861,108.030702,0.122125212823,0.122125212823,3.053130321,0.100671140940,0.677272727273,-2.322727272727,0.225757575758,-3.429530201342,-0.077943868212,no,0.000000000000,0.000000000000,0.000000000,4.525214,-1.189423,high_risk,yes,w0_high_risk,warning,yes,pass,no,below_tau_threshold;platform_too_narrow,no
CURRENT_PLATFORM,29.800000000000,3.000000000000,795.000000,1.453371000000,547.004172,47.000000,50.000000,44,19,0.431818181818,0.954815997677,23.870399942,5.192687663,30.068827,141.456899,0.045184002323,0.045184002323,1.129600058,0.100671140940,0.677272727273,-2.322727272727,0.225757575758,-3.429530201342,-0.077943868212,no,0.000000000000,0.000000000000,0.000000000,4.525214,-1.189423,high_risk,yes,w0_high_risk,warning,yes,pass,no,below_tau_threshold;platform_too_narrow,no
CURRENT_PLATFORM,29.800000000000,3.000000000000,795.000000,1.453371000000,547.004172,47.000000,50.000000,44,21,0.477272727273,0.994910720940,24.872768024,1.778935478,17.599506,246.701817,0.005089279060,0.005089279060,0.127231976,0.100671140940,0.677272727273,-2.322727272727,0.225757575758,-3.429530201342,-0.077943868212,no,0.000000000000,0.000000000000,0.000000000,4.525214,-1.189423,high_risk,no,w0_high_risk,hard_fail,no,large_curved_mirror_spot,no,below_tau_threshold;platform_too_narrow,no
CURRENT_PLATFORM,29.800000000000,3.000000000000,795.000000,1.453371000000,547.004172,47.000000,50.000000,45,1,0.022222222222,0.004865965629,0.121649141,1.739663762,17.404159,17.446658,0.995134034371,0.004865965629,24.878350859,0.100671140940,0.662222222222,-2.337777777778,0.220740740741,-3.530201342282,-0.078448918717,no,0.000000000000,0.000000000000,0.000000000,4.399881,-1.345005,high_risk,no,w0_high_risk,hard_fail,no,short_cavity,no,below_tau_threshold;platform_too_narrow,no
CURRENT_PLATFORM,29.800000000000,3.000000000000,795.000000,1.453371000000,547.004172,47.000000,50.000000,45,2,0.044444444444,0.019369152031,0.484228801,3.445466948,24.493138,24.733846,0.980630847969,0.019369152031,24.515771199,0.100671140940,0.662222222222,-2.337777777778,0.220740740741,-3.530201342282,-0.078448918717,no,0.000000000000,0.000000000000,0.000000000,4.399881,-1.345005,high_risk,no,w0_high_risk,hard_fail,no,short_cavity,no,below_tau_threshold;platform_too_narrow,no
CURRENT_PLATFORM,29.800000000000,3.000000000000,795.000000,1.453371000000,547.004172,47.000000,50.000000,45,4,0.088888888889,0.075975951922,1.899398798,6.623990803,33.960982,35.329591,0.924024048078,0.075975951922,23.100601202,0.100671140940,0.662222222222,-2.337777777778,0.220740740741,-3.530201342282,-0.078448918717,no,0.000000000000,0.000000000000,0.000000000,4.399881,-1.345005,high_risk,no,w0_high_risk,hard_fail,no,short_cavity,no,below_tau_threshold;platform_too_narrow,no
CURRENT_PLATFORM,29.800000000000,3.000000000000,795.000000,1.453371000000,547.004172,47.000000,50.000000,45,7,0.155555555556,0.220403548265,5.510088707,10.362969657,42.477847,48.109137,0.779596451735,0.220403548265,19.489911293,0.100671140940,0.662222222222,-2.337777777778,0.220740740741,-3.530201342282,-0.078448918717,no,0.000000000000,0.000000000000,0.000000000,4.399881,-1.345005,high_risk,yes,w0_high_risk,warning,yes,pass,no,below_tau_threshold;platform_too_narrow,no
CURRENT_PLATFORM,29.800000000000,3.000000000000,795.000000,1.453371000000,547.004172,47.000000,50.000000,45,8,0.177777777778,0.280814426605,7.020360665,11.234925579,44.228833,52.153685,0.719185573395,0.280814426605,17.979639335,0.100671140940,0.662222222222,-2.337777777778,0.220740740741,-3.530201342282,-0.078448918717,no,0.000000000000,0.000000000000,0.000000000,4.399881,-1.345005,high_risk,yes,w0_high_risk,warning,yes,pass,no,below_tau_threshold;platform_too_narrow,no
CURRENT_PLATFORM,29.800000000000,3.000000000000,795.000000,1.453371000000,547.004172,47.000000,50.000000,45,11,0.244444444444,0.482550251649,12.063756291,12.492385338,46.638338,64.834920,0.517449748351,0.482550251649,12.936243709,0.100671140940,0.662222222222,-2.337777777778,0.220740740741,-3.530201342282,-0.078448918717,no,0.000000000000,0.000000000000,0.000000000,4.399881,-1.345005,high_risk,yes,w0_high_risk,warning,yes,pass,no,below_tau_threshold;platform_too_narrow,no
CURRENT_PLATFORM,29.800000000000,3.000000000000,795.000000,1.453371000000,547.004172,47.000000,50.000000,45,13,0.288888888889,0.620960947800,15.524023695,12.128696578,45.954437,74.642379,0.379039052200,0.379039052200,9.475976305,0.100671140940,0.662222222222,-2.337777777778,0.220740740741,-3.530201342282,-0.078448918717,no,0.000000000000,0.000000000000,0.000000000,4.399881,-1.345005,high_risk,yes,w0_high_risk,warning,yes,pass,no,below_tau_threshold;platform_too_narrow,no
CURRENT_PLATFORM,29.800000000000,3.000000000000,795.000000,1.453371000000,547.004172,47.000000,50.000000,45,14,0.311111111111,0.687303296708,17.182582418,11.589798182,44.921921,80.333496,0.312696703292,0.312696703292,7.817417582,0.100671140940,0.662222222222,-2.337777777778,0.220740740741,-3.530201342282,-0.078448918717,no,0.000000000000,0.000000000000,0.000000000,4.399881,-1.345005,high_risk,yes,w0_high_risk,warning,yes,pass,no,below_tau_threshold;platform_too_narrow,no
CURRENT_PLATFORM,29.800000000000,3.000000000000,795.000000,1.453371000000,547.004172,47.000000,50.000000,45,16,0.355555555556,0.807830737663,20.195768442,9.850134420,41.413455,94.471215,0.192169262337,0.192169262337,4.804231558,0.100671140940,0.662222222222,-2.337777777778,0.220740740741,-3.530201342282,-0.078448918717,no,0.000000000000,0.000000000000,0.000000000,4.399881,-1.345005,high_risk,yes,w0_high_risk,warning,yes,pass,no,below_tau_threshold;platform_too_narrow,no
CURRENT_PLATFORM,29.800000000000,3.000000000000,795.000000,1.453371000000,547.004172,47.000000,50.000000,45,17,0.377777777778,0.859669900169,21.491747504,8.683229631,38.883113,103.797193,0.140330099831,0.140330099831,3.508252496,0.100671140940,0.662222222222,-2.337777777778,0.220740740741,-3.530201342282,-0.078448918717,no,0.000000000000,0.000000000000,0.000000000,4.399881,-1.345005,high_risk,yes,w0_high_risk,warning,yes,pass,no,below_tau_threshold;platform_too_narrow,no
CURRENT_PLATFORM,29.800000000000,3.000000000000,795.000000,1.453371000000,547.004172,47.000000,50.000000,45,19,0.422222222222,0.941473796429,23.536844911,5.868394535,31.965392,132.131041,0.058526203571,0.058526203571,1.463155089,0.100671140940,0.662222222222,-2.337777777778,0.220740740741,-3.530201342282,-0.078448918717,no,0.000000000000,0.000000000000,0.000000000,4.399881,-1.345005,high_risk,yes,w0_high_risk,warning,yes,pass,no,below_tau_threshold;platform_too_narrow,no
CURRENT_PLATFORM,29.800000000000,3.000000000000,795.000000,1.453371000000,547.004172,47.000000,50.000000,45,22,0.488888888889,0.998782025130,24.969550628,0.871955922,12.321615,353.059974,0.001217974870,0.001217974870,0.030449372,0.100671140940,0.662222222222,-2.337777777778,0.220740740741,-3.530201342282,-0.078448918717,no,0.000000000000,0.000000000000,0.000000000,4.399881,-1.345005,high_risk,no,w0_high_risk,hard_fail,no,large_curved_mirror_spot,no,below_tau_threshold;platform_too_narrow,no
CURRENT_PLATFORM,29.800000000000,3.000000000000,795.000000,1.453371000000,547.004172,47.000000,50.000000,46,1,0.021739130435,0.004657026982,0.116425675,1.702083114,17.215148,17.255374,0.995342973018,0.004657026982,24.883574325,0.100671140940,0.647826086957,-2.352173913043,0.215942028986,-3.630872483221,-0.078932010505,no,0.000000000000,0.000000000000,0.000000000,4.279264,-1.495908,high_risk,no,w0_high_risk,hard_fail,no,short_cavity,no,below_tau_threshold;platform_too_narrow,no
CURRENT_PLATFORM,29.800000000000,3.000000000000,795.000000,1.453371000000,547.004172,47.000000,50.000000,46,3,0.065217391304,0.041394349247,1.034858731,4.980013623,29.446633,30.075694,0.958605650753,0.041394349247,23.965141269,0.100671140940,0.647826086957,-2.352173913043,0.215942028986,-3.630872483221,-0.078932010505,no,0.000000000000,0.000000000000,0.000000000,4.279264,-1.495908,high_risk,no,w0_high_risk,hard_fail,no,short_cavity,no,below_tau_threshold;platform_too_narrow,no
CURRENT_PLATFORM,29.800000000000,3.000000000000,795.000000,1.453371000000,547.004172,47.000000,50.000000,46,5,0.108695652174,0.112144354648,2.803608866,7.888599304,37.061273,39.332283,0.887855645352,0.112144354648,22.196391134,0.100671140940,0.647826086957,-2.352173913043,0.215942028986,-3.630872483221,-0.078932010505,no,0.000000000000,0.000000000000,0.000000000,4.279264,-1.495908,high_risk,no,w0_high_risk,hard_fail,no,short_cavity,no,below_tau_threshold;platform_too_narrow,no
CURRENT_PLATFORM,29.800000000000,3.000000000000,795.000000,1.453371000000,547.004172,47.000000,50.000000,46,7,0.152173913043,0.211659838943,5.291495974,10.212123663,42.167555,47.492124,0.788340161057,0.211659838943,19.708504026,0.100671140940,0.647826086957,-2.352173913043,0.215942028986,-3.630872483221,-0.078932010505,no,0.000000000000,0.000000000000,0.000000000,4.279264,-1.495908,high_risk,yes,w0_high_risk,warning,yes,pass,no,below_tau_threshold;platform_too_narrow,no
CURRENT_PLATFORM,29.800000000000,3.000000000000,795.000000,1.453371000000,547.004172,47.000000,50.000000,46,9,0.195652173913,0.332560193915,8.314004848,11.778261526,45.285689,55.431283,0.667439806085,0.332560193915,16.685995152,0.100671140940,0.647826086957,-2.352173913043,0.215942028986,-3.630872483221,-0.078932010505,no,0.000000000000,0.000000000000,0.000000000,4.279264,-1.495908,high_risk,yes,w0_high_risk,warning,yes,pass,no,below_tau_threshold;platform_too_narrow,no
CURRENT_PLATFORM,29.800000000000,3.000000000000,795.000000,1.453371000000,547.004172,47.000000,50.000000,46,11,0.239130434783,0.465878793318,11.646969833,12.470859615,46.598140,63.760053,0.534121206682,0.465878793318,13.353030167,0.100671140940,0.647826086957,-2.352173913043,0.215942028986,-3.630872483221,-0.078932010505,no,0.000000000000,0.000000000000,0.000000000,4.279264,-1.495908,high_risk,yes,w0_high_risk,warning,yes,pass,no,below_tau_threshold;platform_too_narrow,no
CURRENT_PLATFORM,29.800000000000,3.000000000000,795.000000,1.453371000000,547.004172,47.000000,50.000000,46,13,0.282608695652,0.601728006526,15.043200163,12.238551096,46.162082,73.146829,0.398271993474,0.398271993474,9.956799837,0.100671140940,0.647826086957,-2.352173913043,0.215942028986,-3.630872483221,-0.078932010505,no,0.000000000000,0.000000000000,0.000000000,4.279264,-1.495908,high_risk,yes,w0_high_risk,warning,yes,pass,no,below_tau_threshold;platform_too_narrow,no
CURRENT_PLATFORM,29.800000000000,3.000000000000,795.000000,1.453371000000,547.004172,47.000000,50.000000,46,15,0.326086956522,0.730032518866,18.250812972,11.098565230,43.959607,84.605398,0.269967481134,0.269967481134,6.749187028,0.100671140940,0.647826086957,-2.352173913043,0.215942028986,-3.630872483221,-0.078932010505,no,0.000000000000,0.000000000000,0.000000000,4.279264,-1.495908,high_risk,yes,w0_high_risk,warning,yes,pass,no,below_tau_threshold;platform_too_narrow,no
CURRENT_PLATFORM,29.800000000000,3.000000000000,795.000000,1.453371000000,547.004172,47.000000,50.000000,46,17,0.369565217391,0.841276571609,21.031914290,9.135449553,39.882773,100.107088,0.158723428391,0.158723428391,3.968085710,0.100671140940,0.647826086957,-2.352173913043,0.215942028986,-3.630872483221,-0.078932010505,no,0.000000000000,0.000000000000,0.000000000,4.279264,-1.495908,high_risk,yes,w0_high_risk,warning,yes,pass,no,below_tau_threshold;platform_too_narrow,no
CURRENT_PLATFORM,29.800000000000,3.000000000000,795.000000,1.453371000000,547.004172,47.000000,50.000000,46,19,0.413043478261,0.927209702273,23.180242557,6.494799375,33.628171,124.642602,0.072790297727,0.072790297727,1.819757443,0.100671140940,0.647826086957,-2.352173913043,0.215942028986,-3.630872483221,-0.078932010505,no,0.000000000000,0.000000000000,0.000000000,4.279264,-1.495908,high_risk,yes,w0_high_risk,warning,yes,pass,no,below_tau_threshold;platform_too_narrow,no
CURRENT_PLATFORM,29.800000000000,3.000000000000,795.000000,1.453371000000,547.004172,47.000000,50.000000,46,21,0.456521739130,0.981458643674,24.536466092,3.372459639,24.232251,177.960252,0.018541356326,0.018541356326,0.463533908,0.100671140940,0.647826086957,-2.352173913043,0.215942028986,-3.630872483221,-0.078932010505,no,0.000000000000,0.000000000000,0.000000000,4.279264,-1.495908,high_risk,yes,w0_high_risk,warning,yes,pass,no,below_tau_threshold;platform_too_narrow,no
CURRENT_PLATFORM,29.800000000000,3.000000000000,795.000000,1.453371000000,547.004172,47.000000,50.000000,47,1,0.021276595745,0.004461255923,0.111531398,1.666086942,17.032140,17.070260,0.995538744077,0.004461255923,24.888468602,0.100671140940,0.634042553191,-2.365957446809,0.211347517730,-3.731543624161,-0.079394545195,no,0.000000000000,0.000000000000,0.000000000,4.163142,-1.642659,high_risk,no,w0_high_risk,hard_fail,no,short_cavity,no,below_tau_threshold;platform_too_narrow,no
CURRENT_PLATFORM,29.800000000000,3.000000000000,795.000000,1.453371000000,547.004172,47.000000,50.000000,47,2,0.042553191489,0.017765412473,0.444135312,3.302442523,23.979384,24.195266,0.982234587527,0.017765412473,24.555864688,0.100671140940,0.634042553191,-2.365957446809,0.211347517730,-3.731543624161,-0.079394545195,no,0.000000000000,0.000000000000,0.000000000,4.163142,-1.642659,high_risk,no,w0_high_risk,hard_fail,no,short_cavity,no,below_tau_threshold;platform_too_narrow,no
CURRENT_PLATFORM,29.800000000000,3.000000000000,795.000000,1.453371000000,547.004172,47.000000,50.000000,47,3,0.063829787234,0.039675056662,0.991876417,4.879865940,29.149045,29.745086,0.960324943338,0.039675056662,24.008123583,0.100671140940,0.634042553191,-2.365957446809,0.211347517730,-3.731543624161,-0.079394545195,no,0.000000000000,0.000000000000,0.000000000,4.163142,-1.642659,high_risk,no,w0_high_risk,hard_fail,no,short_cavity,no,below_tau_threshold;platform_too_narrow,no
CURRENT_PLATFORM,29.800000000000,3.000000000000,795.000000,1.453371000000,547.004172,47.000000,50.000000,47,4,0.085106382979,0.069799210370,1.744980259,6.370208032,33.304061,34.530975,0.930200789630,0.069799210370,23.255019741,0.100671140940,0.634042553191,-2.365957446809,0.211347517730,-3.731543624161,-0.079394545195,no,0.000000000000,0.000000000000,0.000000000,4.163142,-1.642659,high_risk,no,w0_high_risk,hard_fail,no,short_cavity,no,below_tau_threshold;platform_too_narrow,no
CURRENT_PLATFORM,29.800000000000,3.000000000000,795.000000,1.453371000000,547.004172,47.000000,50.000000,47,5,0.106382978723,0.107600307361,2.690007684,7.746873612,36.726845,38.878000,0.892399692639,0.107600307361,22.309992316,0.100671140940,0.634042553191,-2.365957446809,0.211347517730,-3.731543624161,-0.079394545195,no,0.000000000000,0.000000000000,0.000000000,4.163142,-1.642659,high_risk,no,w0_high_risk,hard_fail,no,short_cavity,no,below_tau_threshold;platform_too_narrow,no
CURRENT_PLATFORM,29.800000000000,3.000000000000,795.000000,1.453371000000,547.004172,47.000000,50.000000,47,6,0.127659574468,0.152403786163,3.810094654,8.985296048,39.553651,42.962750,0.847596213837,0.152403786163,21.189905346,0.100671140940,0.634042553191,-2.365957446809,0.211347517730,-3.731543624161,-0.079394545195,no,0.000000000000,0.000000000000,0.000000000,4.163142,-1.642659,high_risk,yes,w0_high_risk,warning,yes,pass,no,below_tau_threshold;platform_too_narrow,no
CURRENT_PLATFORM,29.800000000000,3.000000000000,795.000000,1.453371000000,547.004172,47.000000,50.000000,47,7,0.148936170213,0.203410127635,5.085253191,10.063375664,41.859325,46.900215,0.796589872365,0.203410127635,19.914746809,0.100671140940,0.634042553191,-2.365957446809,0.211347517730,-3.731543624161,-0.079394545195,no,0.000000000000,0.000000000000,0.000000000,4.163142,-1.642659,high_risk,yes,w0_high_risk,warning,yes,pass,no,below_tau_threshold;platform_too_narrow,no
CURRENT_PLATFORM,29.800000000000,3.000000000000,795.000000,1.453371000000,547.004172,47.000000,50.000000,47,8,0.170212765957,0.259709122407,6.492728060,10.961874103,43.688063,50.776363,0.740290877593,0.259709122407,18.507271940,0.100671140940,0.634042553191,-2.365957446809,0.211347517730,-3.731543624161,-0.079394545195,no,0.000000000000,0.000000000000,0.000000000,4.163142,-1.642659,high_risk,yes,w0_high_risk,warning,yes,pass,no,below_tau_threshold;platform_too_narrow,no
CURRENT_PLATFORM,29.800000000000,3.000000000000,795.000000,1.453371000000,547.004172,47.000000,50.000000,47,9,0.191489361702,0.320296113581,8.007402840,11.664757638,45.066958,54.663617,0.679703886419,0.320296113581,16.992597160,0.100671140940,0.634042553191,-2.365957446809,0.211347517730,-3.731543624161,-0.079394545195,no,0.000000000000,0.000000000000,0.000000000,4.163142,-1.642659,high_risk,yes,w0_high_risk,warning,yes,pass,no,below_tau_threshold;platform_too_narrow,no
CURRENT_PLATFORM,29.800000000000,3.000000000000,795.000000,1.453371000000,547.004172,47.000000,50.000000,47,10,0.212765957447,0.384089924866,9.602248122,12.159483297,46.012724,58.629918,0.615910075134,0.384089924866,15.397751878,0.100671140940,0.634042553191,-2.365957446809,0.211347517730,-3.731543624161,-0.079394545195,no,0.000000000000,0.000000000000,0.000000000,4.163142,-1.642659,high_risk,yes,w0_high_risk,warning,yes,pass,no,below_tau_threshold;platform_too_narrow,no
CURRENT_PLATFORM,29.800000000000,3.000000000000,795.000000,1.453371000000,547.004172,47.000000,50.000000,47,11,0.234042553191,0.449952154188,11.248803855,12.437222689,46.535254,62.745394,0.550047845812,0.449952154188,13.751196145,0.100671140940,0.634042553191,-2.365957446809,0.211347517730,-3.731543624161,-0.079394545195,no,0.000000000000,0.000000000000,0.000000000,4.163142,-1.642659,high_risk,yes,w0_high_risk,warning,yes,pass,no,below_tau_threshold;platform_too_narrow,no
CURRENT_PLATFORM,29.800000000000,3.000000000000,795.000000,1.453371000000,547.004172,47.000000,50.000000,47,12,0.255319148936,0.516707488504,12.917687213,12.493019547,46.639522,67.088651,0.483292511496,0.483292511496,12.082312787,0.100671140940,0.634042553191,-2.365957446809,0.211347517730,-3.731543624161,-0.079394545195,no,0.000000000000,0.000000000000,0.000000000,4.163142,-1.642659,high_risk,yes,w0_high_risk,warning,yes,pass,no,below_tau_threshold;platform_too_narrow,no
CURRENT_PLATFORM,29.800000000000,3.000000000000,795.000000,1.453371000000,547.004172,47.000000,50.000000,47,13,0.276595744681,0.583164677292,14.579116932,12.325878175,46.326482,71.754156,0.416835322708,0.416835322708,10.420883068,0.100671140940,0.634042553191,-2.365957446809,0.211347517730,-3.731543624161,-0.079394545195,no,0.000000000000,0.000000000000,0.000000000,4.163142,-1.642659,high_risk,yes,w0_high_risk,warning,yes,pass,no,below_tau_threshold;platform_too_narrow,no
CURRENT_PLATFORM,29.800000000000,3.000000000000,795.000000,1.453371000000,547.004172,47.000000,50.000000,47,14,0.297872340426,0.648137790443,16.203444761,11.938781215,45.593232,76.862422,0.351862209557,0.351862209557,8.796555239,0.100671140940,0.634042553191,-2.365957446809,0.211347517730,-3.731543624161,-0.079394545195,no,0.000000000000,0.000000000000,0.000000000,4.163142,-1.642659,high_risk,yes,w0_high_risk,warning,yes,pass,no,below_tau_threshold;platform_too_narrow,no
CURRENT_PLATFORM,29.800000000000,3.000000000000,795.000000,1.453371000000,547.004172,47.000000,50.000000,47,15,0.319148936170,0.710467381214,17.761684530,11.338636422,44.432505,82.575659,0.289532618786,0.289532618786,7.238315470,0.100671140940,0.634042553191,-2.365957446809,0.211347517730,-3.731543624161,-0.079394545195,no,0.000000000000,0.000000000000,0.000000000,4.163142,-1.642659,high_risk,yes,w0_high_risk,warning,yes,pass,no,below_tau_threshold;platform_too_narrow,no
CURRENT_PLATFORM,29.800000000000,3.000000000000,795.000000,1.453371000000,547.004172,47.000000,50.000000,47,16,0.340425531915,0.769041176582,19.226029415,10.536153393,42.831317,89.123892,0.230958823418,0.230958823418,5.773970585,0.100671140940,0.634042553191,-2.365957446809,0.211347517730,-3.731543624161,-0.079394545195,no,0.000000000000,0.000000000000,0.000000000,4.163142,-1.642659,high_risk,yes,w0_high_risk,warning,yes,pass,no,below_tau_threshold;platform_too_narrow,no
CURRENT_PLATFORM,29.800000000000,3.000000000000,795.000000,1.453371000000,547.004172,47.000000,50.000000,47,17,0.361702127660,0.822813925779,20.570348144,9.545652457,40.768355,96.851957,0.177186074221,0.177186074221,4.429651856,0.100671140940,0.634042553191,-2.365957446809,0.211347517730,-3.731543624161,-0.079394545195,no,0.000000000000,0.000000000000,0.000000000,4.163142,-1.642659,high_risk,yes,w0_high_risk,warning,yes,pass,no,below_tau_threshold;platform_too_narrow,no
CURRENT_PLATFORM,29.800000000000,3.000000000000,795.000000,1.453371000000,547.004172,47.000000,50.000000,47,18,0.382978723404,0.870826052824,21.770651321,8.384809127,38.209115,106.311319,0.129173947176,0.129173947176,3.229348679,0.100671140940,0.634042553191,-2.365957446809,0.211347517730,-3.731543624161,-0.079394545195,no,0.000000000000,0.000000000000,0.000000000,4.163142,-1.642659,high_risk,yes,w0_high_risk,warning,yes,pass,no,below_tau_threshold;platform_too_narrow,no
CURRENT_PLATFORM,29.800000000000,3.000000000000,795.000000,1.453371000000,547.004172,47.000000,50.000000,47,19,0.404255319149,0.912220780171,22.805519504,7.074338679,35.096459,118.458833,0.087779219829,0.087779219829,2.194480496,0.100671140940,0.634042553191,-2.365957446809,0.211347517730,-3.731543624161,-0.079394545195,no,0.000000000000,0.000000000000,0.000000000,4.163142,-1.642659,high_risk,yes,w0_high_risk,warning,yes,pass,no,below_tau_threshold;platform_too_narrow,no
CURRENT_PLATFORM,29.800000000000,3.000000000000,795.000000,1.453371000000,547.004172,47.000000,50.000000,47,20,0.425531914894,0.946259417930,23.656485448,5.637626490,31.330587,135.150404,0.053740582070,0.053740582070,1.343514552,0.100671140940,0.634042553191,-2.365957446809,0.211347517730,-3.731543624161,-0.079394545195,no,0.000000000000,0.000000000000,0.000000000,4.163142,-1.642659,high_risk,yes,w0_high_risk,warning,yes,pass,no,below_tau_threshold;platform_too_narrow,no
CURRENT_PLATFORM,29.800000000000,3.000000000000,795.000000,1.453371000000,547.004172,47.000000,50.000000,47,21,0.446808510638,0.972334545804,24.308363645,4.100310723,26.719527,160.642282,0.027665454196,0.027665454196,0.691636355,0.100671140940,0.634042553191,-2.365957446809,0.211347517730,-3.731543624161,-0.079394545195,no,0.000000000000,0.000000000000,0.000000000,4.163142,-1.642659,high_risk,yes,w0_high_risk,warning,yes,pass,no,below_tau_threshold;platform_too_narrow,no
CURRENT_PLATFORM,29.800000000000,3.000000000000,795.000000,1.453371000000,547.004172,47.000000,50.000000,47,22,0.468085106383,0.989980852518,24.749521313,2.489824814,20.821153,208.012481,0.010019147482,0.010019147482,0.250478687,0.100671140940,0.634042553191,-2.365957446809,0.211347517730,-3.731543624161,-0.079394545195,no,0.000000000000,0.000000000000,0.000000000,4.163142,-1.642659,high_risk,no,w0_high_risk,hard_fail,no,large_curved_mirror_spot,no,below_tau_threshold;platform_too_narrow,no
CURRENT_PLATFORM,29.800000000000,3.000000000000,795.000000,1.453371000000,547.004172,47.000000,50.000000,47,23,0.489361702128,0.998883439312,24.972085983,0.834907922,12.057011,360.826568,0.001116560688,0.001116560688,0.027914017,0.100671140940,0.634042553191,-2.365957446809,0.211347517730,-3.731543624161,-0.079394545195,no,0.000000000000,0.000000000000,0.000000000,4.163142,-1.642659,high_risk,no,w0_high_risk,hard_fail,no,large_curved_mirror_spot,no,below_tau_threshold;platform_too_narrow,no
CURRENT_PLATFORM,29.800000000000,3.000000000000,795.000000,1.453371000000,547.004172,47.000000,50.000000,48,1,0.020833333333,0.004277569313,0.106939233,1.631577403,16.854824,16.890989,0.995722430687,0.004277569313,24.893060767,0.100671140940,0.620833333333,-2.379166666667,0.206944444444,-3.832214765101,-0.079837807606,no,0.000000000000,0.000000000000,0.000000000,4.051305,-1.785168,high_risk,no,w0_high_risk,hard_fail,no,short_cavity,no,below_tau_threshold;platform_too_narrow,no
CURRENT_PLATFORM,29.800000000000,3.000000000000,795.000000,1.453371000000,547.004172,47.000000,50.000000,48,5,0.104166666667,0.103323329854,2.583083246,7.609517863,36.399796,38.439791,0.896676670146,0.103323329854,22.416916754,0.100671140940,0.620833333333,-2.379166666667,0.206944444444,-3.832214765101,-0.079837807606,no,0.000000000000,0.000000000000,0.000000000,4.051305,-1.785168,high_risk,no,w0_high_risk,hard_fail,no,short_cavity,no,below_tau_threshold;platform_too_narrow,no
CURRENT_PLATFORM,29.800000000000,3.000000000000,795.000000,1.453371000000,547.004172,47.000000,50.000000,48,7,0.145833333333,0.195619285496,4.890482137,9.916916754,41.553606,46.331663,0.804380714504,0.195619285496,20.109517863,0.100671140940,0.620833333333,-2.379166666667,0.206944444444,-3.832214765101,-0.079837807606,no,0.000000000000,0.000000000000,0.000000000,4.051305,-1.785168,high_risk,yes,w0_high_risk,warning,yes,pass,no,below_tau_threshold;platform_too_narrow,no
CURRENT_PLATFORM,29.800000000000,3.000000000000,795.000000,1.453371000000,547.004172,47.000000,50.000000,48,11,0.229166666667,0.434736903890,10.868422597,12.393060767,46.452562,61.785186,0.565263096110,0.434736903890,14.131577403,0.100671140940,0.620833333333,-2.379166666667,0.206944444444,-3.832214765101,-0.079837807606,no,0.000000000000,0.000000000000,0.000000000,4.051305,-1.785168,high_risk,yes,w0_high_risk,warning,yes,pass,no,below_tau_threshold;platform_too_narrow,no
CURRENT_PLATFORM,29.800000000000,3.000000000000,795.000000,1.453371000000,547.004172,47.000000,50.000000,48,13,0.270833333333,0.565263096110,14.131577403,12.393060767,46.452562,70.452502,0.434736903890,0.434736903890,10.868422597,0.100671140940,0.620833333333,-2.379166666667,0.206944444444,-3.832214765101,-0.079837807606,no,0.000000000000,0.000000000000,0.000000000,4.051305,-1.785168,high_risk,yes,w0_high_risk,warning,yes,pass,no,below_tau_threshold;platform_too_narrow,no
CURRENT_PLATFORM,29.800000000000,3.000000000000,795.000000,1.453371000000,547.004172,47.000000,50.000000,48,17,0.354166666667,0.804380714504,20.109517863,9.916916754,41.553606,93.951319,0.195619285496,0.195619285496,4.890482137,0.100671140940,0.620833333333,-2.379166666667,0.206944444444,-3.832214765101,-0.079837807606,no,0.000000000000,0.000000000000,0.000000000,4.051305,-1.785168,high_risk,yes,w0_high_risk,warning,yes,pass,no,below_tau_threshold;platform_too_narrow,no
CURRENT_PLATFORM,29.800000000000,3.000000000000,795.000000,1.453371000000,547.004172,47.000000,50.000000,48,19,0.395833333333,0.896676670146,22.416916754,7.609517863,36.399796,113.239973,0.103323329854,0.103323329854,2.583083246,0.100671140940,0.620833333333,-2.379166666667,0.206944444444,-3.832214765101,-0.079837807606,no,0.000000000000,0.000000000000,0.000000000,4.051305,-1.785168,high_risk,yes,w0_high_risk,warning,yes,pass,no,below_tau_threshold;platform_too_narrow,no
CURRENT_PLATFORM,29.800000000000,3.000000000000,795.000000,1.453371000000,547.004172,47.000000,50.000000,48,23,0.479166666667,0.995722430687,24.893060767,1.631577403,16.854824,257.706692,0.004277569313,0.004277569313,0.106939233,0.100671140940,0.620833333333,-2.379166666667,0.206944444444,-3.832214765101,-0.079837807606,no,0.000000000000,0.000000000000,0.000000000,4.051305,-1.785168,high_risk,no,w0_high_risk,hard_fail,no,large_curved_mirror_spot,no,below_tau_threshold;platform_too_narrow,no
CURRENT_PLATFORM,29.800000000000,3.000000000000,795.000000,1.453371000000,547.004172,47.000000,50.000000,49,1,0.020408163265,0.004104993088,0.102624827,1.598464521,16.682913,16.717260,0.995895006912,0.004104993088,24.897375173,0.100671140940,0.608163265306,-2.391836734694,0.202721088435,-3.932885906040,-0.080262977674,no,0.000000000000,0.000000000000,0.000000000,3.943554,-1.923902,high_risk,no,w0_high_risk,hard_fail,no,short_cavity,no,below_tau_threshold;platform_too_narrow,no
CURRENT_PLATFORM,29.800000000000,3.000000000000,795.000000,1.453371000000,547.004172,47.000000,50.000000,49,2,0.040816326531,0.016352568480,0.408814212,3.170682299,23.496152,23.690652,0.983647431520,0.016352568480,24.591185788,0.100671140940,0.608163265306,-2.391836734694,0.202721088435,-3.932885906040,-0.080262977674,no,0.000000000000,0.000000000000,0.000000000,3.943554,-1.923902,high_risk,no,w0_high_risk,hard_fail,no,short_cavity,no,below_tau_threshold;platform_too_narrow,no
CURRENT_PLATFORM,29.800000000000,3.000000000000,795.000000,1.453371000000,547.004172,47.000000,50.000000,49,3,0.061224489796,0.036541621327,0.913540533,4.690837561,28.578905,29.115825,0.963458378673,0.036541621327,24.086459467,0.100671140940,0.608163265306,-2.391836734694,0.202721088435,-3.932885906040,-0.080262977674,no,0.000000000000,0.000000000000,0.000000000,3.943554,-1.923902,high_risk,no,w0_high_risk,hard_fail,no,short_cavity,no,below_tau_threshold;platform_too_narrow,no
CURRENT_PLATFORM,29.800000000000,3.000000000000,795.000000,1.453371000000,547.004172,47.000000,50.000000,49,4,0.081632653061,0.064340647938,1.608516198,6.133969400,32.680688,33.785652,0.935659352062,0.064340647938,23.391483802,0.100671140940,0.608163265306,-2.391836734694,0.202721088435,-3.932885906040,-0.080262977674,no,0.000000000000,0.000000000000,0.000000000,3.943554,-1.923902,high_risk,no,w0_high_risk,hard_fail,no,short_cavity,no,below_tau_threshold;platform_too_narrow,no
CURRENT_PLATFORM,29.800000000000,3.000000000000,795.000000,1.453371000000,547.004172,47.000000,50.000000,49,5,0.102040816327,0.099293189066,2.482329727,7.476381631,36.079966,38.016698,0.900706810934,0.099293189066,22.517670273,0.100671140940,0.608163265306,-2.391836734694,0.202721088435,-3.932885906040,-0.080262977674,no,0.000000000000,0.000000000000,0.000000000,3.943554,-1.923902,high_risk,no,w0_high_risk,hard_fail,no,short_cavity,no,below_tau_threshold;platform_too_narrow,no
CURRENT_PLATFORM,29.800000000000,3.000000000000,795.000000,1.453371000000,547.004172,47.000000,50.000000,49,6,0.122448979592,0.140825324951,3.520633124,8.696031883,38.911766,41.979785,0.859174675049,0.140825324951,21.479366876,0.100671140940,0.608163265306,-2.391836734694,0.202721088435,-3.932885906040,-0.080262977674,no,0.000000000000,0.000000000000,0.000000000,3.943554,-1.923902,high_risk,yes,w0_high_risk,warning,yes,pass,no,below_tau_threshold;platform_too_narrow,no
CURRENT_PLATFORM,29.800000000000,3.000000000000,795.000000,1.453371000000,547.004172,47.000000,50.000000,49,8,0.163265306122,0.240803715845,6.020092896,10.689284538,43.141446,49.512820,0.759196284155,0.240803715845,18.979907104,0.100671140940,0.608163265306,-2.391836734694,0.202721088435,-3.932885906040,-0.080262977674,no,0.000000000000,0.000000000000,0.000000000,3.943554,-1.923902,high_risk,yes,w0_high_risk,warning,yes,pass,no,below_tau_threshold;platform_too_narrow,no
CURRENT_PLATFORM,29.800000000000,3.000000000000,795.000000,1.453371000000,547.004172,47.000000,50.000000,49,9,0.183673469388,0.297608328439,7.440208211,11.430157788,44.611466,53.230043,0.702391671561,0.297608328439,17.559791789,0.100671140940,0.608163265306,-2.391836734694,0.202721088435,-3.932885906040,-0.080262977674,no,0.000000000000,0.000000000000,0.000000000,3.943554,-1.923902,high_risk,yes,w0_high_risk,warning,yes,pass,no,below_tau_threshold;platform_too_narrow,no
CURRENT_PLATFORM,29.800000000000,3.000000000000,795.000000,1.453371000000,547.004172,47.000000,50.000000,49,10,0.204081632653,0.357736206684,8.943405167,11.983348163,45.678252,56.997099,0.642263793316,0.357736206684,16.056594833,0.100671140940,0.608163265306,-2.391836734694,0.202721088435,-3.932885906040,-0.080262977674,no,0.000000000000,0.000000000000,0.000000000,3.943554,-1.923902,high_risk,yes,w0_high_risk,warning,yes,pass,no,below_tau_threshold;platform_too_narrow,no
CURRENT_PLATFORM,29.800000000000,3.000000000000,795.000000,1.453371000000,547.004172,47.000000,50.000000,49,11,0.224489795918,0.420200052483,10.505001312,12.339772293,46.352585,60.874425,0.579799947517,0.420200052483,14.494998688,0.100671140940,0.608163265306,-2.391836734694,0.202721088435,-3.932885906040,-0.080262977674,no,0.000000000000,0.000000000000,0.000000000,3.943554,-1.923902,high_risk,yes,w0_high_risk,warning,yes,pass,no,below_tau_threshold;platform_too_narrow,no
CURRENT_PLATFORM,29.800000000000,3.000000000000,795.000000,1.453371000000,547.004172,47.000000,50.000000,49,12,0.244897959184,0.483974211214,12.099355280,12.493577703,46.640564,64.927412,0.516025788786,0.483974211214,12.900644720,0.100671140940,0.608163265306,-2.391836734694,0.202721088435,-3.932885906040,-0.080262977674,no,0.000000000000,0.000000000000,0.000000000,3.943554,-1.923902,high_risk,yes,w0_high_risk,warning,yes,pass,no,below_tau_threshold;platform_too_narrow,no
CURRENT_PLATFORM,29.800000000000,3.000000000000,795.000000,1.453371000000,547.004172,47.000000,50.000000,49,13,0.265306122449,0.548011512954,13.700287824,12.442238912,46.544637,69.231854,0.451988487046,0.451988487046,11.299712176,0.100671140940,0.608163265306,-2.391836734694,0.202721088435,-3.932885906040,-0.080262977674,no,0.000000000000,0.000000000000,0.000000000,3.943554,-1.923902,high_risk,yes,w0_high_risk,warning,yes,pass,no,below_tau_threshold;platform_too_narrow,no
CURRENT_PLATFORM,29.800000000000,3.000000000000,795.000000,1.453371000000,547.004172,47.000000,50.000000,49,15,0.306122448980,0.672682527211,16.817063180,11.730855276,45.194462,78.995186,0.327317472789,0.327317472789,8.182936820,0.100671140940,0.608163265306,-2.391836734694,0.202721088435,-3.932885906040,-0.080262977674,no,0.000000000000,0.000000000000,0.000000000,3.943554,-1.923902,high_risk,yes,w0_high_risk,warning,yes,pass,no,below_tau_threshold;platform_too_narrow,no
CURRENT_PLATFORM,29.800000000000,3.000000000000,795.000000,1.453371000000,547.004172,47.000000,50.000000,49,16,0.326530612245,0.731269145120,18.281728628,11.082491330,43.927763,84.738411,0.268730854880,0.268730854880,6.718271372,0.100671140940,0.608163265306,-2.391836734694,0.202721088435,-3.932885906040,-0.080262977674,no,0.000000000000,0.000000000000,0.000000000,3.943554,-1.923902,high_risk,yes,w0_high_risk,warning,yes,pass,no,below_tau_threshold;platform_too_narrow,no
CURRENT_PLATFORM,29.800000000000,3.000000000000,795.000000,1.453371000000,547.004172,47.000000,50.000000,49,17,0.346938775510,0.786058330061,19.651458252,10.252153182,42.250118,91.344044,0.213941669939,0.213941669939,5.348541748,0.100671140940,0.608163265306,-2.391836734694,0.202721088435,-3.932885906040,-0.080262977674,no,0.000000000000,0.000000000000,0.000000000,3.943554,-1.923902,high_risk,yes,w0_high_risk,warning,yes,pass,no,below_tau_threshold;platform_too_narrow,no
CURRENT_PLATFORM,29.800000000000,3.000000000000,795.000000,1.453371000000,547.004172,47.000000,50.000000,49,18,0.367346938776,0.836150445131,20.903761128,9.253474963,40.139579,99.163119,0.163849554869,0.163849554869,4.096238872,0.100671140940,0.608163265306,-2.391836734694,0.202721088435,-3.932885906040,-0.080262977674,no,0.000000000000,0.000000000000,0.000000000,3.943554,-1.923902,high_risk,yes,w0_high_risk,warning,yes,pass,no,below_tau_threshold;platform_too_narrow,no
CURRENT_PLATFORM,29.800000000000,3.000000000000,795.000000,1.453371000000,547.004172,47.000000,50.000000,49,19,0.387755102041,0.880722979185,22.018074480,8.102854941,37.561196,108.757953,0.119277020815,0.119277020815,2.981925520,0.100671140940,0.608163265306,-2.391836734694,0.202721088435,-3.932885906040,-0.080262977674,no,0.000000000000,0.000000000000,0.000000000,3.943554,-1.923902,high_risk,yes,w0_high_risk,warning,yes,pass,no,below_tau_threshold;platform_too_narrow,no
CURRENT_PLATFORM,29.800000000000,3.000000000000,795.000000,1.453371000000,547.004172,47.000000,50.000000,49,20,0.408163265306,0.919044052446,22.976101311,6.819186265,34.457730,121.105057,0.080955947554,0.080955947554,2.023898689,0.100671140940,0.608163265306,-2.391836734694,0.202721088435,-3.932885906040,-0.080262977674,no,0.000000000000,0.000000000000,0.000000000,3.943554,-1.923902,high_risk,yes,w0_high_risk,warning,yes,pass,no,below_tau_threshold;platform_too_narrow,no
CURRENT_PLATFORM,29.800000000000,3.000000000000,795.000000,1.453371000000,547.004172,47.000000,50.000000,49,22,0.448979591837,0.974527873505,24.363196838,3.938852725,26.188176,164.086425,0.025472126495,0.025472126495,0.636803162,0.100671140940,0.608163265306,-2.391836734694,0.202721088435,-3.932885906040,-0.080262977674,no,0.000000000000,0.000000000000,0.000000000,3.943554,-1.923902,high_risk,yes,w0_high_risk,warning,yes,pass,no,below_tau_threshold;platform_too_narrow,no
CURRENT_PLATFORM,29.800000000000,3.000000000000,795.000000,1.453371000000,547.004172,47.000000,50.000000,49,23,0.469387755102,0.990779578496,24.769489462,2.389482859,20.397284,212.420758,0.009220421504,0.009220421504,0.230510538,0.100671140940,0.608163265306,-2.391836734694,0.202721088435,-3.932885906040,-0.080262977674,no,0.000000000000,0.000000000000,0.000000000,3.943554,-1.923902,high_risk,no,w0_high_risk,hard_fail,no,large_curved_mirror_spot,no,below_tau_threshold;platform_too_narrow,no
CURRENT_PLATFORM,29.800000000000,3.000000000000,795.000000,1.453371000000,547.004172,47.000000,50.000000,49,24,0.489795918367,0.998972696375,24.974317409,0.800877750,11.808738,368.429237,0.001027303625,0.001027303625,0.025682591,0.100671140940,0.608163265306,-2.391836734694,0.202721088435,-3.932885906040,-0.080262977674,no,0.000000000000,0.000000000000,0.000000000,3.943554,-1.923902,high_risk,no,w0_high_risk,hard_fail,no,large_curved_mirror_spot,no,below_tau_threshold;platform_too_narrow,no
CURRENT_PLATFORM,29.800000000000,3.000000000000,795.000000,1.453371000000,547.004172,47.000000,50.000000,50,1,0.020000000000,0.003942649343,0.098566234,1.566665420,16.516138,16.548794,0.996057350657,0.003942649343,24.901433766,0.100671140940,0.596000000000,-2.404000000000,0.198666666667,-4.033557046980,-0.080671140940,no,0.000000000000,0.000000000000,0.000000000,3.839704,-2.058776,high_risk,no,w0_high_risk,hard_fail,no,short_cavity,no,below_tau_threshold;platform_too_narrow,no
CURRENT_PLATFORM,29.800000000000,3.000000000000,795.000000,1.453371000000,547.004172,47.000000,50.000000,50,3,0.060000000000,0.035111757056,0.877793926,4.601556909,28.305627,28.816038,0.964888242944,0.035111757056,24.122206074,0.100671140940,0.596000000000,-2.404000000000,0.198666666667,-4.033557046980,-0.080671140940,no,0.000000000000,0.000000000000,0.000000000,3.839704,-2.058776,high_risk,no,w0_high_risk,hard_fail,no,short_cavity,no,below_tau_threshold;platform_too_narrow,no
CURRENT_PLATFORM,29.800000000000,3.000000000000,795.000000,1.453371000000,547.004172,47.000000,50.000000,50,7,0.140000000000,0.181288005126,4.532200128,9.631415535,40.951088,45.258470,0.818711994874,0.181288005126,20.467799872,0.100671140940,0.596000000000,-2.404000000000,0.198666666667,-4.033557046980,-0.080671140940,no,0.000000000000,0.000000000000,0.000000000,3.839704,-2.058776,high_risk,yes,w0_high_risk,warning,yes,pass,no,below_tau_threshold;platform_too_narrow,no
CURRENT_PLATFORM,29.800000000000,3.000000000000,795.000000,1.453371000000,547.004172,47.000000,50.000000,50,9,0.180000000000,0.287110354217,7.177758855,11.310338156,44.377024,52.558992,0.712889645783,0.287110354217,17.822241145,0.100671140940,0.596000000000,-2.404000000000,0.198666666667,-4.033557046980,-0.080671140940,no,0.000000000000,0.000000000000,0.000000000,3.839704,-2.058776,high_risk,yes,w0_high_risk,warning,yes,pass,no,below_tau_threshold;platform_too_narrow,no
CURRENT_PLATFORM,29.800000000000,3.000000000000,795.000000,1.453371000000,547.004172,47.000000,50.000000,50,11,0.220000000000,0.406309342707,10.157733568,12.278590634,46.237532,60.008744,0.593690657293,0.406309342707,14.842266432,0.100671140940,0.596000000000,-2.404000000000,0.198666666667,-4.033557046980,-0.080671140940,no,0.000000000000,0.000000000000,0.000000000,3.839704,-2.058776,high_risk,yes,w0_high_risk,warning,yes,pass,no,below_tau_threshold;platform_too_narrow,no
CURRENT_PLATFORM,29.800000000000,3.000000000000,795.000000,1.453371000000,547.004172,47.000000,50.000000,50,13,0.260000000000,0.531395259765,13.284881494,12.475334105,46.606498,68.083698,0.468604740235,0.468604740235,11.715118506,0.100671140940,0.596000000000,-2.404000000000,0.198666666667,-4.033557046980,-0.080671140940,no,0.000000000000,0.000000000000,0.000000000,3.839704,-2.058776,high_risk,yes,w0_high_risk,warning,yes,pass,no,below_tau_threshold;platform_too_narrow,no
CURRENT_PLATFORM,29.800000000000,3.000000000000,795.000000,1.453371000000,547.004172,47.000000,50.000000,50,17,0.340000000000,0.767913397489,19.197834937,10.554099069,42.867777,88.982772,0.232086602511,0.232086602511,5.802165063,0.100671140940,0.596000000000,-2.404000000000,0.198666666667,-4.033557046980,-0.080671140940,no,0.000000000000,0.000000000000,0.000000000,3.839704,-2.058776,high_risk,yes,w0_high_risk,warning,yes,pass,no,below_tau_threshold;platform_too_narrow,no
CURRENT_PLATFORM,29.800000000000,3.000000000000,795.000000,1.453371000000,547.004172,47.000000,50.000000,50,19,0.380000000000,0.864484313711,21.612107843,8.556838824,38.599089,104.853341,0.135515686289,0.135515686289,3.387892157,0.100671140940,0.596000000000,-2.404000000000,0.198666666667,-4.033557046980,-0.080671140940,no,0.000000000000,0.000000000000,0.000000000,3.839704,-2.058776,high_risk,yes,w0_high_risk,warning,yes,pass,no,below_tau_threshold;platform_too_narrow,no
CURRENT_PLATFORM,29.800000000000,3.000000000000,795.000000,1.453371000000,547.004172,47.000000,50.000000,50,21,0.420000000000,0.938153340022,23.453833501,6.021920926,32.380825,130.205636,0.061846659978,0.061846659978,1.546166499,0.100671140940,0.596000000000,-2.404000000000,0.198666666667,-4.033557046980,-0.080671140940,no,0.000000000000,0.000000000000,0.000000000,3.839704,-2.058776,high_risk,yes,w0_high_risk,warning,yes,pass,no,below_tau_threshold;platform_too_narrow,no
CURRENT_PLATFORM,29.800000000000,3.000000000000,795.000000,1.453371000000,547.004172,47.000000,50.000000,50,23,0.460000000000,0.984291580564,24.607289514,3.108623590,23.265075,185.625744,0.015708419436,0.015708419436,0.392710486,0.100671140940,0.596000000000,-2.404000000000,0.198666666667,-4.033557046980,-0.080671140940,no,0.000000000000,0.000000000000,0.000000000,3.839704,-2.058776,high_risk,no,w0_high_risk,hard_fail,no,large_curved_mirror_spot,no,below_tau_threshold;platform_too_narrow,no
COMPARISON_RELAXED,29.800000000000,3.000000000000,795.000000,1.453371000000,547.004172,47.000000,50.000000,5,1,0.200000000000,0.345491502813,8.637287570,11.888206454,45.496559,56.236840,0.654508497187,0.345491502813,16.362712430,0.100671140940,5.960000000000,2.960000000000,1.986666666667,0.496644295302,0.099328859060,yes,0.124161073826,0.324527775475,8.113194387,21.555984,17.572009,high_risk,yes,w0_high_risk,warning,yes,pass,yes,pass,yes
COMPARISON_RELAXED,29.800000000000,3.000000000000,795.000000,1.453371000000,547.004172,47.000000,50.000000,5,2,0.400000000000,0.904508497187,22.612712430,7.347315654,35.767183,115.745034,0.095491502813,0.095491502813,2.387287570,0.100671140940,5.960000000000,2.960000000000,1.986666666667,0.496644295302,0.099328859060,yes,0.082774049217,0.140114160312,3.502854008,21.555984,17.572009,high_risk,yes,w0_high_risk,warning,yes,pass,yes,pass,yes
COMPARISON_RELAXED,29.800000000000,3.000000000000,795.000000,1.453371000000,547.004172,47.000000,50.000000,6,1,0.166666666667,0.250000000000,6.250000000,10.825317547,43.415090,50.131428,0.750000000000,0.250000000000,18.750000000,0.100671140940,4.966666666667,1.966666666667,1.655555555556,0.395973154362,0.065995525727,yes,0.079194630872,0.189994460856,4.749861521,19.985693,15.809479,high_risk,yes,w0_high_risk,warning,yes,pass,yes,pass,yes
COMPARISON_RELAXED,29.800000000000,3.000000000000,795.000000,1.453371000000,547.004172,47.000000,50.000000,7,1,0.142857142857,0.188255099071,4.706377477,9.772893531,41.250761,45.784891,0.811744900929,0.188255099071,20.293622523,0.100671140940,4.257142857143,1.257142857143,1.419047619048,0.295302013423,0.042186001918,yes,0.049217002237,0.109088738614,2.727218465,18.662463,14.300681,high_risk,yes,w0_high_risk,warning,yes,pass,yes,pass,yes
COMPARISON_RELAXED,29.800000000000,3.000000000000,795.000000,1.453371000000,547.004172,47.000000,50.000000,7,2,0.285714285714,0.611260466978,15.281511674,12.186598902,46.063999,73.880919,0.388739533022,0.388739533022,9.718488326,0.100671140940,4.257142857143,1.257142857143,1.419047619048,0.295302013423,0.042186001918,yes,0.024608501119,0.075102113753,1.877552844,18.662463,14.300681,high_risk,yes,w0_high_risk,warning,yes,pass,yes,pass,yes
COMPARISON_RELAXED,29.800000000000,3.000000000000,795.000000,1.453371000000,547.004172,47.000000,50.000000,7,3,0.428571428571,0.950484433951,23.762110849,5.423546739,30.729966,138.099213,0.049515566049,0.049515566049,1.237889151,0.100671140940,4.257142857143,1.257142857143,1.419047619048,0.295302013423,0.042186001918,yes,0.029530201342,0.036845092712,0.921127318,18.662463,14.300681,high_risk,yes,w0_high_risk,warning,yes,pass,yes,pass,yes
COMPARISON_RELAXED,29.800000000000,3.000000000000,795.000000,1.453371000000,547.004172,47.000000,50.000000,8,1,0.125000000000,0.146446609407,3.661165235,8.838834765,39.229962,42.462205,0.853553390593,0.146446609407,21.338834765,0.100671140940,3.725000000000,0.725000000000,1.241666666667,0.194630872483,0.024328859060,yes,0.027804410355,0.057516614753,1.437915369,17.520677,13.055220,high_risk,yes,w0_high_risk,warning,yes,pass,yes,pass,yes
COMPARISON_RELAXED,29.800000000000,3.000000000000,795.000000,1.453371000000,547.004172,47.000000,50.000000,8,3,0.375000000000,0.853553390593,21.338834765,8.838834765,39.229962,102.512832,0.146446609407,0.146446609407,3.661165235,0.100671140940,3.725000000000,0.725000000000,1.241666666667,0.194630872483,0.024328859060,yes,0.012975391499,0.029108249835,0.727706246,17.520677,13.055220,high_risk,yes,w0_high_risk,warning,yes,pass,yes,pass,yes
COMPARISON_RELAXED,29.800000000000,3.000000000000,795.000000,1.453371000000,547.004172,47.000000,50.000000,9,1,0.111111111111,0.116977778441,2.924444461,8.034845121,37.403233,39.803689,0.883022221559,0.116977778441,22.075555539,0.100671140940,3.311111111111,0.311111111111,1.103703703704,0.093959731544,0.010439970172,yes,0.011744966443,0.022891491479,0.572287287,16.517995,11.949954,high_risk,yes,w0_high_risk,warning,yes,pass,yes,pass,yes
COMPARISON_RELAXED,29.800000000000,3.000000000000,795.000000,1.453371000000,547.004172,47.000000,50.000000,9,2,0.222222222222,0.413175911167,10.329397779,12.310096913,46.296815,60.436200,0.586824088833,0.413175911167,14.670602221,0.100671140940,3.311111111111,0.311111111111,1.103703703704,0.093959731544,0.010439970172,yes,0.004697986577,0.014538590841,0.363464771,16.517995,11.949954,high_risk,yes,w0_high_risk,warning,yes,pass,yes,pass,yes
COMPARISON_RELAXED,29.800000000000,3.000000000000,795.000000,1.453371000000,547.004172,47.000000,50.000000,9,4,0.444444444444,0.969846310393,24.246157760,4.275251792,27.283572,157.119830,0.030153689607,0.030153689607,0.753842240,0.100671140940,3.311111111111,0.311111111111,1.103703703704,0.093959731544,0.010439970172,yes,0.006711409396,0.006978240677,0.174456017,16.517995,11.949954,high_risk,yes,w0_high_risk,warning,yes,pass,yes,pass,yes
COMPARISON_RELAXED,29.800000000000,3.000000000000,795.000000,1.453371000000,547.004172,47.000000,50.000000,10,1,0.100000000000,0.095491502813,2.387287570,7.347315654,35.767183,37.607841,0.904508497187,0.095491502813,22.612712430,0.100671140940,2.980000000000,-0.020000000000,0.993333333333,-0.006711409396,-0.000671140940,no,0.000000000000,0.000000000000,0.000000000,15.625498,10.990118,high_risk,no,w0_high_risk,hard_fail,no,short_cavity,no,below_tau_threshold;platform_too_narrow,no
COMPARISON_RELAXED,29.800000000000,3.000000000000,795.000000,1.453371000000,547.004172,47.000000,50.000000,10,3,0.300000000000,0.654508497187,16.362712430,11.888206454,45.496559,77.403370,0.345491502813,0.345491502813,8.637287570,0.100671140940,2.980000000000,-0.020000000000,0.993333333333,-0.006711409396,-0.000671140940,no,0.000000000000,0.000000000000,0.000000000,15.625498,10.990118,high_risk,yes,w0_high_risk,warning,yes,pass,no,below_tau_threshold;platform_too_narrow,no
COMPARISON_RELAXED,29.800000000000,3.000000000000,795.000000,1.453371000000,547.004172,47.000000,50.000000,11,1,0.090909090909,0.079373233584,1.984330840,6.758010218,34.302818,35.750985,0.920626766416,0.079373233584,23.015669160,0.100671140940,2.709090909091,-0.290909090909,0.903030303030,-0.107382550336,-0.009762050031,no,0.000000000000,0.000000000000,0.000000000,14.822545,10.119635,high_risk,no,w0_high_risk,hard_fail,no,short_cavity,no,below_tau_threshold;platform_too_narrow,no
COMPARISON_RELAXED,29.800000000000,3.000000000000,795.000000,1.453371000000,547.004172,47.000000,50.000000,11,2,0.181818181818,0.292292493499,7.307312337,11.370399942,44.494697,52.890948,0.707707506501,0.292292493499,17.692687663,0.100671140940,2.709090909091,-0.290909090909,0.903030303030,-0.107382550336,-0.009762050031,no,0.000000000000,0.000000000000,0.000000000,14.822545,10.119635,high_risk,yes,w0_high_risk,warning,yes,pass,no,below_tau_threshold;platform_too_narrow,no
COMPARISON_RELAXED,29.800000000000,3.000000000000,795.000000,1.453371000000,547.004172,47.000000,50.000000,11,3,0.272727272727,0.571157419137,14.278935478,12.372768024,46.414515,70.876925,0.428842580863,0.428842580863,10.721064522,0.100671140940,2.709090909091,-0.290909090909,0.903030303030,-0.107382550336,-0.009762050031,no,0.000000000000,0.000000000000,0.000000000,14.822545,10.119635,high_risk,yes,w0_high_risk,warning,yes,pass,no,below_tau_threshold;platform_too_narrow,no
COMPARISON_RELAXED,29.800000000000,3.000000000000,795.000000,1.453371000000,547.004172,47.000000,50.000000,11,4,0.363636363636,0.827430366973,20.685759174,9.446869679,40.556862,97.629746,0.172569633027,0.172569633027,4.314240826,0.100671140940,2.709090909091,-0.290909090909,0.903030303030,-0.107382550336,-0.009762050031,no,0.000000000000,0.000000000000,0.000000000,14.822545,10.119635,high_risk,yes,w0_high_risk,warning,yes,pass,no,below_tau_threshold;platform_too_narrow,no
COMPARISON_RELAXED,29.800000000000,3.000000000000,795.000000,1.453371000000,547.004172,47.000000,50.000000,11,5,0.454545454545,0.979746486807,24.493662170,3.521656961,24.762467,173.997787,0.020253513193,0.020253513193,0.506337830,0.100671140940,2.709090909091,-0.290909090909,0.903030303030,-0.107382550336,-0.009762050031,no,0.000000000000,0.000000000000,0.000000000,14.822545,10.119635,high_risk,yes,w0_high_risk,warning,yes,pass,no,below_tau_threshold;platform_too_narrow,no
COMPARISON_RELAXED,29.800000000000,3.000000000000,795.000000,1.453371000000,547.004172,47.000000,50.000000,12,1,0.083333333333,0.066987298108,1.674682453,6.250000000,32.988335,34.152037,0.933012701892,0.066987298108,23.325317547,0.100671140940,2.483333333333,-0.516666666667,0.827777777778,-0.208053691275,-0.017337807606,no,0.000000000000,0.000000000000,0.000000000,14.093883,9.341586,high_risk,no,w0_high_risk,hard_fail,no,short_cavity,no,below_tau_threshold;platform_too_narrow,no
COMPARISON_RELAXED,29.800000000000,3.000000000000,795.000000,1.453371000000,547.004172,47.000000,50.000000,12,5,0.416666666667,0.933012701892,23.325317547,6.250000000,32.988335,127.457138,0.066987298108,0.066987298108,1.674682453,0.100671140940,2.483333333333,-0.516666666667,0.827777777778,-0.208053691275,-0.017337807606,no,0.000000000000,0.000000000000,0.000000000,14.093883,9.341586,high_risk,yes,w0_high_risk,warning,yes,pass,no,below_tau_threshold;platform_too_narrow,no
COMPARISON_RELAXED,29.800000000000,3.000000000000,795.000000,1.453371000000,547.004172,47.000000,50.000000,13,1,0.076923076923,0.057271987173,1.431799679,5.809039651,31.803327,32.755131,0.942728012827,0.057271987173,23.568200321,0.100671140940,2.292307692308,-0.707692307692,0.764102564103,-0.308724832215,-0.023748064017,no,0.000000000000,0.000000000000,0.000000000,13.427916,8.625647,high_risk,no,w0_high_risk,hard_fail,no,short_cavity,no,below_tau_threshold;platform_too_narrow,no
COMPARISON_RELAXED,29.800000000000,3.000000000000,795.000000,1.453371000000,547.004172,47.000000,50.000000,13,2,0.153846153846,0.215967626634,5.399190666,10.287298324,42.322474,47.797376,0.784032373366,0.215967626634,19.600809334,0.100671140940,2.292307692308,-0.707692307692,0.764102564103,-0.308724832215,-0.023748064017,no,0.000000000000,0.000000000000,0.000000000,13.427916,8.625647,high_risk,yes,w0_high_risk,warning,yes,pass,no,below_tau_threshold;platform_too_narrow,no
COMPARISON_RELAXED,29.800000000000,3.000000000000,795.000000,1.453371000000,547.004172,47.000000,50.000000,13,3,0.230769230769,0.439731659872,10.993291497,12.408860926,46.482164,62.099528,0.560268340128,0.439731659872,14.006708503,0.100671140940,2.292307692308,-0.707692307692,0.764102564103,-0.308724832215,-0.023748064017,no,0.000000000000,0.000000000000,0.000000000,13.427916,8.625647,high_risk,yes,w0_high_risk,warning,yes,pass,no,below_tau_threshold;platform_too_narrow,no
COMPARISON_RELAXED,29.800000000000,3.000000000000,795.000000,1.453371000000,547.004172,47.000000,50.000000,13,4,0.307692307692,0.677302443521,16.932561088,11.687703034,45.111261,79.412182,0.322697556479,0.322697556479,8.067438912,0.100671140940,2.292307692308,-0.707692307692,0.764102564103,-0.308724832215,-0.023748064017,no,0.000000000000,0.000000000000,0.000000000,13.427916,8.625647,high_risk,yes,w0_high_risk,warning,yes,pass,no,below_tau_threshold;platform_too_narrow,no
COMPARISON_RELAXED,29.800000000000,3.000000000000,795.000000,1.453371000000,547.004172,47.000000,50.000000,13,5,0.384615384615,0.874255374086,21.856384352,8.289033228,37.990265,107.134071,0.125744625914,0.125744625914,3.143615648,0.100671140940,2.292307692308,-0.707692307692,0.764102564103,-0.308724832215,-0.023748064017,no,0.000000000000,0.000000000000,0.000000000,13.427916,8.625647,high_risk,yes,w0_high_risk,warning,yes,pass,no,below_tau_threshold;platform_too_narrow,no
COMPARISON_RELAXED,29.800000000000,3.000000000000,795.000000,1.453371000000,547.004172,47.000000,50.000000,13,6,0.461538461538,0.985470908713,24.636772718,2.991445804,22.822381,189.339718,0.014529091287,0.014529091287,0.363227282,0.100671140940,2.292307692308,-0.707692307692,0.764102564103,-0.308724832215,-0.023748064017,no,0.000000000000,0.000000000000,0.000000000,13.427916,8.625647,high_risk,yes,w0_high_risk,warning,yes,pass,no,below_tau_threshold;platform_too_narrow,no
COMPARISON_RELAXED,29.800000000000,3.000000000000,795.000000,1.453371000000,547.004172,47.000000,50.000000,14,1,0.071428571429,0.049515566049,1.237889151,5.423546739,30.729966,31.520244,0.950484433951,0.049515566049,23.762110849,0.100671140940,2.128571428571,-0.871428571429,0.709523809524,-0.409395973154,-0.029242569511,no,0.000000000000,0.000000000000,0.000000000,12.815621,7.973792,high_risk,no,w0_high_risk,hard_fail,no,short_cavity,no,below_tau_threshold;platform_too_narrow,no
COMPARISON_RELAXED,29.800000000000,3.000000000000,795.000000,1.453371000000,547.004172,47.000000,50.000000,14,3,0.214285714286,0.388739533022,9.718488326,12.186598902,46.063999,58.918067,0.611260466978,0.388739533022,15.281511674,0.100671140940,2.128571428571,-0.871428571429,0.709523809524,-0.409395973154,-0.029242569511,no,0.000000000000,0.000000000000,0.000000000,12.815621,7.973792,high_risk,yes,w0_high_risk,warning,yes,pass,no,below_tau_threshold;platform_too_narrow,no
COMPARISON_RELAXED,29.800000000000,3.000000000000,795.000000,1.453371000000,547.004172,47.000000,50.000000,14,5,0.357142857143,0.811744900929,20.293622523,9.772893531,41.250761,95.073305,0.188255099071,0.188255099071,4.706377477,0.100671140940,2.128571428571,-0.871428571429,0.709523809524,-0.409395973154,-0.029242569511,no,0.000000000000,0.000000000000,0.000000000,12.815621,7.973792,high_risk,yes,w0_high_risk,warning,yes,pass,no,below_tau_threshold;platform_too_narrow,no
COMPARISON_RELAXED,29.800000000000,3.000000000000,795.000000,1.453371000000,547.004172,47.000000,50.000000,15,1,0.066666666667,0.043227271179,1.080681779,5.084208038,29.753087,30.417789,0.956772728821,0.043227271179,23.919318221,0.100671140940,1.986666666667,-1.013333333333,0.662222222222,-0.510067114094,-0.034004474273,no,0.000000000000,0.000000000000,0.000000000,12.249829,7.367718,high_risk,no,w0_high_risk,hard_fail,no,short_cavity,no,below_tau_threshold;platform_too_narrow,no
COMPARISON_RELAXED,29.800000000000,3.000000000000,795.000000,1.453371000000,547.004172,47.000000,50.000000,15,2,0.133333333333,0.165434696821,4.135867421,9.289310318,40.217227,44.023235,0.834565303179,0.165434696821,20.864132579,0.100671140940,1.986666666667,-1.013333333333,0.662222222222,-0.510067114094,-0.034004474273,no,0.000000000000,0.000000000000,0.000000000,12.249829,7.367718,high_risk,yes,w0_high_risk,warning,yes,pass,no,below_tau_threshold;platform_too_narrow,no
COMPARISON_RELAXED,29.800000000000,3.000000000000,795.000000,1.453371000000,547.004172,47.000000,50.000000,15,4,0.266666666667,0.552264231634,13.806605791,12.431523692,46.524591,69.529910,0.447735768366,0.447735768366,11.193394209,0.100671140940,1.986666666667,-1.013333333333,0.662222222222,-0.510067114094,-0.034004474273,no,0.000000000000,0.000000000000,0.000000000,12.249829,7.367718,high_risk,yes,w0_high_risk,warning,yes,pass,no,below_tau_threshold;platform_too_narrow,no
COMPARISON_RELAXED,29.800000000000,3.000000000000,795.000000,1.453371000000,547.004172,47.000000,50.000000,15,7,0.466666666667,0.989073800367,24.726845009,2.598896135,21.272319,203.507434,0.010926199633,0.010926199633,0.273154991,0.100671140940,1.986666666667,-1.013333333333,0.662222222222,-0.510067114094,-0.034004474273,no,0.000000000000,0.000000000000,0.000000000,12.249829,7.367718,high_risk,yes,w0_high_risk,warning,yes,pass,no,below_tau_threshold;platform_too_narrow,no
COMPARISON_RELAXED,29.800000000000,3.000000000000,795.000000,1.453371000000,547.004172,47.000000,50.000000,16,1,0.062500000000,0.038060233744,0.951505844,4.783542905,28.859926,29.425326,0.961939766256,0.038060233744,24.048494156,0.100671140940,1.862500000000,-1.137500000000,0.620833333333,-0.610738255034,-0.038171140940,no,0.000000000000,0.000000000000,0.000000000,11.724752,6.808775,high_risk,no,w0_high_risk,hard_fail,no,short_cavity,no,below_tau_threshold;platform_too_narrow,no
COMPARISON_RELAXED,29.800000000000,3.000000000000,795.000000,1.453371000000,547.004172,47.000000,50.000000,16,3,0.187500000000,0.308658283817,7.716457095,11.548494156,44.841803,53.930777,0.691341716183,0.308658283817,17.283542905,0.100671140940,1.862500000000,-1.137500000000,0.620833333333,-0.610738255034,-0.038171140940,no,0.000000000000,0.000000000000,0.000000000,11.724752,6.808775,high_risk,yes,w0_high_risk,warning,yes,pass,no,below_tau_threshold;platform_too_narrow,no
COMPARISON_RELAXED,29.800000000000,3.000000000000,795.000000,1.453371000000,547.004172,47.000000,50.000000,16,5,0.312500000000,0.691341716183,17.283542905,11.548494156,44.841803,80.713112,0.308658283817,0.308658283817,7.716457095,0.100671140940,1.862500000000,-1.137500000000,0.620833333333,-0.610738255034,-0.038171140940,no,0.000000000000,0.000000000000,0.000000000,11.724752,6.808775,high_risk,yes,w0_high_risk,warning,yes,pass,no,below_tau_threshold;platform_too_narrow,no
COMPARISON_RELAXED,29.800000000000,3.000000000000,795.000000,1.453371000000,547.004172,47.000000,50.000000,16,7,0.437500000000,0.961939766256,24.048494156,4.783542905,28.859926,147.931103,0.038060233744,0.038060233744,0.951505844,0.100671140940,1.862500000000,-1.137500000000,0.620833333333,-0.610738255034,-0.038171140940,no,0.000000000000,0.000000000000,0.000000000,11.724752,6.808775,high_risk,yes,w0_high_risk,warning,yes,pass,no,below_tau_threshold;platform_too_narrow,no
COMPARISON_RELAXED,29.800000000000,3.000000000000,795.000000,1.453371000000,547.004172,47.000000,50.000000,17,1,0.058823529412,0.033763885298,0.844097132,4.515520827,28.039761,28.525461,0.966236114702,0.033763885298,24.155902868,0.100671140940,1.752941176471,-1.247058823529,0.584313725490,-0.711409395973,-0.041847611528,no,0.000000000000,0.000000000000,0.000000000,11.235646,6.285036,high_risk,no,w0_high_risk,hard_fail,no,short_cavity,no,below_tau_threshold;platform_too_narrow,no
COMPARISON_RELAXED,29.800000000000,3.000000000000,795.000000,1.453371000000,547.004172,47.000000,50.000000,17,2,0.117647058824,0.130495541390,3.262388535,8.421195546,38.291930,41.064955,0.869504458610,0.130495541390,21.737611465,0.100671140940,1.752941176471,-1.247058823529,0.584313725490,-0.711409395973,-0.041847611528,no,0.000000000000,0.000000000000,0.000000000,11.235646,6.285036,high_risk,yes,w0_high_risk,warning,yes,pass,no,below_tau_threshold;platform_too_narrow,no
COMPARISON_RELAXED,29.800000000000,3.000000000000,795.000000,1.453371000000,547.004172,47.000000,50.000000,17,3,0.176470588235,0.277130822112,6.928270553,11.189541142,44.139410,51.915455,0.722869177888,0.277130822112,18.071729447,0.100671140940,1.752941176471,-1.247058823529,0.584313725490,-0.711409395973,-0.041847611528,no,0.000000000000,0.000000000000,0.000000000,11.235646,6.285036,high_risk,yes,w0_high_risk,warning,yes,pass,no,below_tau_threshold;platform_too_narrow,no
COMPARISON_RELAXED,29.800000000000,3.000000000000,795.000000,1.453371000000,547.004172,47.000000,50.000000,17,4,0.235294117647,0.453865820268,11.346645507,12.446677204,46.552938,62.993743,0.546134179732,0.453865820268,13.653354493,0.100671140940,1.752941176471,-1.247058823529,0.584313725490,-0.711409395973,-0.041847611528,no,0.000000000000,0.000000000000,0.000000000,11.235646,6.285036,high_risk,yes,w0_high_risk,warning,yes,pass,no,below_tau_threshold;platform_too_narrow,no
COMPARISON_RELAXED,29.800000000000,3.000000000000,795.000000,1.453371000000,547.004172,47.000000,50.000000,17,5,0.294117647059,0.636831495036,15.920787376,12.022820540,45.753420,75.922321,0.363168504964,0.363168504964,9.079212624,0.100671140940,1.752941176471,-1.247058823529,0.584313725490,-0.711409395973,-0.041847611528,no,0.000000000000,0.000000000000,0.000000000,11.235646,6.285036,high_risk,yes,w0_high_risk,warning,yes,pass,no,below_tau_threshold;platform_too_narrow,no
COMPARISON_RELAXED,29.800000000000,3.000000000000,795.000000,1.453371000000,547.004172,47.000000,50.000000,17,6,0.352941176471,0.801317318190,20.032932955,9.975215341,41.675568,93.497827,0.198682681810,0.198682681810,4.967067045,0.100671140940,1.752941176471,-1.247058823529,0.584313725490,-0.711409395973,-0.041847611528,no,0.000000000000,0.000000000000,0.000000000,11.235646,6.285036,high_risk,yes,w0_high_risk,warning,yes,pass,no,below_tau_threshold;platform_too_narrow,no
COMPARISON_RELAXED,29.800000000000,3.000000000000,795.000000,1.453371000000,547.004172,47.000000,50.000000,17,7,0.411764705882,0.925108567865,23.127714197,6.580402036,33.849059,123.688844,0.074891432135,0.074891432135,1.872285803,0.100671140940,1.752941176471,-1.247058823529,0.584313725490,-0.711409395973,-0.041847611528,no,0.000000000000,0.000000000000,0.000000000,11.235646,6.285036,high_risk,yes,w0_high_risk,warning,yes,pass,no,below_tau_threshold;platform_too_narrow,no
COMPARISON_RELAXED,29.800000000000,3.000000000000,795.000000,1.453371000000,547.004172,47.000000,50.000000,17,8,0.470588235294,0.991486549842,24.787163746,2.296868973,19.998089,216.738316,0.008513450158,0.008513450158,0.212836254,0.100671140940,1.752941176471,-1.247058823529,0.584313725490,-0.711409395973,-0.041847611528,no,0.000000000000,0.000000000000,0.000000000,11.235646,6.285036,high_risk,yes,w0_high_risk,warning,yes,pass,no,below_tau_threshold;platform_too_narrow,no
COMPARISON_RELAXED,29.800000000000,3.000000000000,795.000000,1.453371000000,547.004172,47.000000,50.000000,18,1,0.055555555556,0.030153689607,0.753842240,4.275251792,27.283572,27.704465,0.969846310393,0.030153689607,24.246157760,0.100671140940,1.655555555556,-1.344444444444,0.551851851852,-0.812080536913,-0.045115585384,no,0.000000000000,0.000000000000,0.000000000,10.778567,5.797470,high_risk,no,w0_high_risk,hard_fail,no,short_cavity,no,below_tau_threshold;platform_too_narrow,no
COMPARISON_RELAXED,29.800000000000,3.000000000000,795.000000,1.453371000000,547.004172,47.000000,50.000000,18,5,0.277777777778,0.586824088833,14.670602221,12.310096913,46.296815,72.025059,0.413175911167,0.413175911167,10.329397779,0.100671140940,1.655555555556,-1.344444444444,0.551851851852,-0.812080536913,-0.045115585384,no,0.000000000000,0.000000000000,0.000000000,10.778567,5.797470,high_risk,yes,w0_high_risk,warning,yes,pass,no,below_tau_threshold;platform_too_narrow,no
COMPARISON_RELAXED,29.800000000000,3.000000000000,795.000000,1.453371000000,547.004172,47.000000,50.000000,18,7,0.388888888889,0.883022221559,22.075555539,8.034845121,37.403233,109.359736,0.116977778441,0.116977778441,2.924444461,0.100671140940,1.655555555556,-1.344444444444,0.551851851852,-0.812080536913,-0.045115585384,no,0.000000000000,0.000000000000,0.000000000,10.778567,5.797470,high_risk,yes,w0_high_risk,warning,yes,pass,no,below_tau_threshold;platform_too_narrow,no
COMPARISON_RELAXED,29.800000000000,3.000000000000,795.000000,1.453371000000,547.004172,47.000000,50.000000,19,1,0.052631578947,0.027091379150,0.677284479,4.058743365,26.583746,26.951327,0.972908620850,0.027091379150,24.322715521,0.100671140940,1.568421052632,-1.431578947368,0.522807017544,-0.912751677852,-0.048039561992,no,0.000000000000,0.000000000000,0.000000000,10.350204,5.337851,high_risk,no,w0_high_risk,hard_fail,no,short_cavity,no,below_tau_threshold;platform_too_narrow,no
COMPARISON_RELAXED,29.800000000000,3.000000000000,795.000000,1.453371000000,547.004172,47.000000,50.000000,19,2,0.105263157895,0.105429745302,2.635743633,7.677658909,36.562408,38.656948,0.894570254698,0.105429745302,22.364256367,0.100671140940,1.568421052632,-1.431578947368,0.522807017544,-0.912751677852,-0.048039561992,no,0.000000000000,0.000000000000,0.000000000,10.350204,5.337851,high_risk,yes,w0_high_risk,warning,yes,pass,no,below_tau_threshold;platform_too_narrow,no
COMPARISON_RELAXED,29.800000000000,3.000000000000,795.000000,1.453371000000,547.004172,47.000000,50.000000,19,3,0.157894736842,0.226525920939,5.663148023,10.464580978,42.685592,48.535379,0.773474079061,0.226525920939,19.336851977,0.100671140940,1.568421052632,-1.431578947368,0.522807017544,-0.912751677852,-0.048039561992,no,0.000000000000,0.000000000000,0.000000000,10.350204,5.337851,high_risk,yes,w0_high_risk,warning,yes,pass,no,below_tau_threshold;platform_too_narrow,no
COMPARISON_RELAXED,29.800000000000,3.000000000000,795.000000,1.453371000000,547.004172,47.000000,50.000000,19,4,0.210526315789,0.377257256430,9.431431411,12.117503324,45.933227,58.206652,0.622742743570,0.377257256430,15.568568589,0.100671140940,1.568421052632,-1.431578947368,0.522807017544,-0.912751677852,-0.048039561992,no,0.000000000000,0.000000000000,0.000000000,10.350204,5.337851,high_risk,yes,w0_high_risk,warning,yes,pass,no,below_tau_threshold;platform_too_narrow,no
COMPARISON_RELAXED,29.800000000000,3.000000000000,795.000000,1.453371000000,547.004172,47.000000,50.000000,19,5,0.263157894737,0.541289672736,13.532241818,12.457306163,46.572811,68.764326,0.458710327264,0.458710327264,11.467758182,0.100671140940,1.568421052632,-1.431578947368,0.522807017544,-0.912751677852,-0.048039561992,no,0.000000000000,0.000000000000,0.000000000,10.350204,5.337851,high_risk,yes,w0_high_risk,warning,yes,pass,no,below_tau_threshold;platform_too_narrow,no
COMPARISON_RELAXED,29.800000000000,3.000000000000,795.000000,1.453371000000,547.004172,47.000000,50.000000,19,6,0.315789473684,0.700847712326,17.521192808,11.447166583,44.644646,81.625005,0.299152287674,0.299152287674,7.478807192,0.100671140940,1.568421052632,-1.431578947368,0.522807017544,-0.912751677852,-0.048039561992,no,0.000000000000,0.000000000000,0.000000000,10.350204,5.337851,high_risk,yes,w0_high_risk,warning,yes,pass,no,below_tau_threshold;platform_too_narrow,no
COMPARISON_RELAXED,29.800000000000,3.000000000000,795.000000,1.453371000000,547.004172,47.000000,50.000000,19,7,0.368421052632,0.838640785813,20.966019645,9.196548883,40.015922,99.617569,0.161359214187,0.161359214187,4.033980355,0.100671140940,1.568421052632,-1.431578947368,0.522807017544,-0.912751677852,-0.048039561992,no,0.000000000000,0.000000000000,0.000000000,10.350204,5.337851,high_risk,yes,w0_high_risk,warning,yes,pass,no,below_tau_threshold;platform_too_narrow,no
COMPARISON_RELAXED,29.800000000000,3.000000000000,795.000000,1.453371000000,547.004172,47.000000,50.000000,19,8,0.421052631579,0.939736875603,23.493421890,5.949342413,32.185100,131.107955,0.060263124397,0.060263124397,1.506578110,0.100671140940,1.568421052632,-1.431578947368,0.522807017544,-0.912751677852,-0.048039561992,no,0.000000000000,0.000000000000,0.000000000,10.350204,5.337851,high_risk,yes,w0_high_risk,warning,yes,pass,no,below_tau_threshold;platform_too_narrow,no
COMPARISON_RELAXED,29.800000000000,3.000000000000,795.000000,1.453371000000,547.004172,47.000000,50.000000,19,9,0.473684210526,0.993180651701,24.829516293,2.057432379,18.927060,229.198479,0.006819348299,0.006819348299,0.170483707,0.100671140940,1.568421052632,-1.431578947368,0.522807017544,-0.912751677852,-0.048039561992,no,0.000000000000,0.000000000000,0.000000000,10.350204,5.337851,high_risk,no,w0_high_risk,hard_fail,no,large_curved_mirror_spot,no,below_tau_threshold;platform_too_narrow,no
COMPARISON_RELAXED,29.800000000000,3.000000000000,795.000000,1.453371000000,547.004172,47.000000,50.000000,20,1,0.050000000000,0.024471741852,0.611793546,3.862712430,25.933825,26.257093,0.975528258148,0.024471741852,24.388206454,0.100671140940,1.490000000000,-1.510000000000,0.496666666667,-1.013422818792,-0.050671140940,no,0.000000000000,0.000000000000,0.000000000,9.947745,4.906901,high_risk,no,w0_high_risk,hard_fail,no,short_cavity,no,below_tau_threshold;platform_too_narrow,no
COMPARISON_RELAXED,29.800000000000,3.000000000000,795.000000,1.453371000000,547.004172,47.000000,50.000000,20,3,0.150000000000,0.206107373854,5.152684346,10.112712430,41.961810,47.094840,0.793892626146,0.206107373854,19.847315654,0.100671140940,1.490000000000,-1.510000000000,0.496666666667,-1.013422818792,-0.050671140940,no,0.000000000000,0.000000000000,0.000000000,9.947745,4.906901,high_risk,yes,w0_high_risk,warning,yes,pass,no,below_tau_threshold;platform_too_narrow,no
COMPARISON_RELAXED,29.800000000000,3.000000000000,795.000000,1.453371000000,547.004172,47.000000,50.000000,20,7,0.350000000000,0.793892626146,19.847315654,10.112712430,41.961810,92.428828,0.206107373854,0.206107373854,5.152684346,0.100671140940,1.490000000000,-1.510000000000,0.496666666667,-1.013422818792,-0.050671140940,no,0.000000000000,0.000000000000,0.000000000,9.947745,4.906901,high_risk,yes,w0_high_risk,warning,yes,pass,no,below_tau_threshold;platform_too_narrow,no
COMPARISON_RELAXED,29.800000000000,3.000000000000,795.000000,1.453371000000,547.004172,47.000000,50.000000,20,9,0.450000000000,0.975528258148,24.388206454,3.862712430,25.933825,165.780761,0.024471741852,0.024471741852,0.611793546,0.100671140940,1.490000000000,-1.510000000000,0.496666666667,-1.013422818792,-0.050671140940,no,0.000000000000,0.000000000000,0.000000000,9.947745,4.906901,high_risk,yes,w0_high_risk,warning,yes,pass,no,below_tau_threshold;platform_too_narrow,no
COMPARISON_RELAXED,29.800000000000,3.000000000000,795.000000,1.453371000000,547.004172,47.000000,50.000000,21,1,0.047619047619,0.022213597107,0.555339928,3.684439680,25.328304,25.614396,0.977786402893,0.022213597107,24.444660072,0.100671140940,1.419047619048,-1.580952380952,0.473015873016,-1.114093959732,-0.053052093321,no,0.000000000000,0.000000000000,0.000000000,9.568781,4.498690,high_risk,no,w0_high_risk,hard_fail,no,short_cavity,no,below_tau_threshold;platform_too_narrow,no
COMPARISON_RELAXED,29.800000000000,3.000000000000,795.000000,1.453371000000,547.004172,47.000000,50.000000,21,2,0.095238095238,0.086880612842,2.172015321,7.041500726,35.014909,36.642848,0.913119387158,0.086880612842,22.827984679,0.100671140940,1.419047619048,-1.580952380952,0.473015873016,-1.114093959732,-0.053052093321,no,0.000000000000,0.000000000000,0.000000000,9.568781,4.498690,high_risk,no,w0_high_risk,hard_fail,no,short_cavity,no,below_tau_threshold;platform_too_narrow,no
COMPARISON_RELAXED,29.800000000000,3.000000000000,795.000000,1.453371000000,547.004172,47.000000,50.000000,21,4,0.190476190476,0.317329487817,7.933237195,11.635921858,45.011220,54.477254,0.682670512183,0.317329487817,17.066762805,0.100671140940,1.419047619048,-1.580952380952,0.473015873016,-1.114093959732,-0.053052093321,no,0.000000000000,0.000000000000,0.000000000,9.568781,4.498690,high_risk,yes,w0_high_risk,warning,yes,pass,no,below_tau_threshold;platform_too_narrow,no
COMPARISON_RELAXED,29.800000000000,3.000000000000,795.000000,1.453371000000,547.004172,47.000000,50.000000,21,5,0.238095238095,0.462634953207,11.565873830,12.465047465,46.587280,63.552501,0.537365046793,0.462634953207,13.434126170,0.100671140940,1.419047619048,-1.580952380952,0.473015873016,-1.114093959732,-0.053052093321,no,0.000000000000,0.000000000000,0.000000000,9.568781,4.498690,high_risk,yes,w0_high_risk,warning,yes,pass,no,below_tau_threshold;platform_too_narrow,no
COMPARISON_RELAXED,29.800000000000,3.000000000000,795.000000,1.453371000000,547.004172,47.000000,50.000000,21,8,0.380952380952,0.866525935915,21.663148398,8.502159222,38.475564,105.314109,0.133474064085,0.133474064085,3.336851602,0.100671140940,1.419047619048,-1.580952380952,0.473015873016,-1.114093959732,-0.053052093321,no,0.000000000000,0.000000000000,0.000000000,9.568781,4.498690,high_risk,yes,w0_high_risk,warning,yes,pass,no,below_tau_threshold;platform_too_narrow,no
COMPARISON_RELAXED,29.800000000000,3.000000000000,795.000000,1.453371000000,547.004172,47.000000,50.000000,21,10,0.476190476190,0.994415413113,24.860385328,1.863028327,18.010680,241.009735,0.005584586887,0.005584586887,0.139614672,0.100671140940,1.419047619048,-1.580952380952,0.473015873016,-1.114093959732,-0.053052093321,no,0.000000000000,0.000000000000,0.000000000,9.568781,4.498690,high_risk,no,w0_high_risk,hard_fail,no,large_curved_mirror_spot,no,below_tau_threshold;platform_too_narrow,no
COMPARISON_RELAXED,29.800000000000,3.000000000000,795.000000,1.453371000000,547.004172,47.000000,50.000000,22,1,0.045454545455,0.020253513193,0.506337830,3.521656961,24.762467,25.017105,0.979746486807,0.020253513193,24.493662170,0.100671140940,1.354545454545,-1.645454545455,0.451515151515,-1.214765100671,-0.055216595485,no,0.000000000000,0.000000000000,0.000000000,9.211230,4.113776,high_risk,no,w0_high_risk,hard_fail,no,short_cavity,no,below_tau_threshold;platform_too_narrow,no
COMPARISON_RELAXED,29.800000000000,3.000000000000,795.000000,1.453371000000,547.004172,47.000000,50.000000,22,3,0.136363636364,0.172569633027,4.314240826,9.446869679,40.556862,44.586011,0.827430366973,0.172569633027,20.685759174,0.100671140940,1.354545454545,-1.645454545455,0.451515151515,-1.214765100671,-0.055216595485,no,0.000000000000,0.000000000000,0.000000000,9.211230,4.113776,high_risk,yes,w0_high_risk,warning,yes,pass,no,below_tau_threshold;platform_too_narrow,no
COMPARISON_RELAXED,29.800000000000,3.000000000000,795.000000,1.453371000000,547.004172,47.000000,50.000000,22,5,0.227272727273,0.428842580863,10.721064522,12.372768024,46.414515,61.415205,0.571157419137,0.428842580863,14.278935478,0.100671140940,1.354545454545,-1.645454545455,0.451515151515,-1.214765100671,-0.055216595485,no,0.000000000000,0.000000000000,0.000000000,9.211230,4.113776,high_risk,yes,w0_high_risk,warning,yes,pass,no,below_tau_threshold;platform_too_narrow,no
COMPARISON_RELAXED,29.800000000000,3.000000000000,795.000000,1.453371000000,547.004172,47.000000,50.000000,22,7,0.318181818182,0.707707506501,17.692687663,11.370399942,44.494697,82.299922,0.292292493499,0.292292493499,7.307312337,0.100671140940,1.354545454545,-1.645454545455,0.451515151515,-1.214765100671,-0.055216595485,no,0.000000000000,0.000000000000,0.000000000,9.211230,4.113776,high_risk,yes,w0_high_risk,warning,yes,pass,no,below_tau_threshold;platform_too_narrow,no
COMPARISON_RELAXED,29.800000000000,3.000000000000,795.000000,1.453371000000,547.004172,47.000000,50.000000,22,9,0.409090909091,0.920626766416,23.015669160,6.758010218,34.302818,121.756672,0.079373233584,0.079373233584,1.984330840,0.100671140940,1.354545454545,-1.645454545455,0.451515151515,-1.214765100671,-0.055216595485,no,0.000000000000,0.000000000000,0.000000000,9.211230,4.113776,high_risk,yes,w0_high_risk,warning,yes,pass,no,below_tau_threshold;platform_too_narrow,no
COMPARISON_RELAXED,29.800000000000,3.000000000000,795.000000,1.453371000000,547.004172,47.000000,50.000000,23,1,0.043478260870,0.018541356326,0.463533908,3.372459639,24.232251,24.460074,0.981458643674,0.018541356326,24.536466092,0.100671140940,1.295652173913,-1.704347826087,0.431884057971,-1.315436241611,-0.057192880070,no,0.000000000000,0.000000000000,0.000000000,8.873279,3.747730,high_risk,no,w0_high_risk,hard_fail,no,short_cavity,no,below_tau_threshold;platform_too_narrow,no
COMPARISON_RELAXED,29.800000000000,3.000000000000,795.000000,1.453371000000,547.004172,47.000000,50.000000,23,2,0.086956521739,0.072790297727,1.819757443,6.494799375,33.628171,34.923219,0.927209702273,0.072790297727,23.180242557,0.100671140940,1.295652173913,-1.704347826087,0.431884057971,-1.315436241611,-0.057192880070,no,0.000000000000,0.000000000000,0.000000000,8.873279,3.747730,high_risk,no,w0_high_risk,hard_fail,no,short_cavity,no,below_tau_threshold;platform_too_narrow,no
COMPARISON_RELAXED,29.800000000000,3.000000000000,795.000000,1.453371000000,547.004172,47.000000,50.000000,23,3,0.130434782609,0.158723428391,3.968085710,9.135449553,39.882773,43.482644,0.841276571609,0.158723428391,21.031914290,0.100671140940,1.295652173913,-1.704347826087,0.431884057971,-1.315436241611,-0.057192880070,no,0.000000000000,0.000000000000,0.000000000,8.873279,3.747730,high_risk,yes,w0_high_risk,warning,yes,pass,no,below_tau_threshold;platform_too_narrow,no
COMPARISON_RELAXED,29.800000000000,3.000000000000,795.000000,1.453371000000,547.004172,47.000000,50.000000,23,4,0.173913043478,0.269967481134,6.749187028,11.098565230,43.959607,51.449683,0.730032518866,0.269967481134,18.250812972,0.100671140940,1.295652173913,-1.704347826087,0.431884057971,-1.315436241611,-0.057192880070,no,0.000000000000,0.000000000000,0.000000000,8.873279,3.747730,high_risk,yes,w0_high_risk,warning,yes,pass,no,below_tau_threshold;platform_too_narrow,no
COMPARISON_RELAXED,29.800000000000,3.000000000000,795.000000,1.453371000000,547.004172,47.000000,50.000000,23,5,0.217391304348,0.398271993474,9.956799837,12.238551096,46.162082,59.509359,0.601728006526,0.398271993474,15.043200163,0.100671140940,1.295652173913,-1.704347826087,0.431884057971,-1.315436241611,-0.057192880070,no,0.000000000000,0.000000000000,0.000000000,8.873279,3.747730,high_risk,yes,w0_high_risk,warning,yes,pass,no,below_tau_threshold;platform_too_narrow,no
COMPARISON_RELAXED,29.800000000000,3.000000000000,795.000000,1.453371000000,547.004172,47.000000,50.000000,23,6,0.260869565217,0.534121206682,13.353030167,12.470859615,46.598140,68.270347,0.465878793318,0.465878793318,11.646969833,0.100671140940,1.295652173913,-1.704347826087,0.431884057971,-1.315436241611,-0.057192880070,no,0.000000000000,0.000000000000,0.000000000,8.873279,3.747730,high_risk,yes,w0_high_risk,warning,yes,pass,no,below_tau_threshold;platform_too_narrow,no
COMPARISON_RELAXED,29.800000000000,3.000000000000,795.000000,1.453371000000,547.004172,47.000000,50.000000,23,7,0.304347826087,0.667439806085,16.685995152,11.778261526,45.285689,78.528237,0.332560193915,0.332560193915,8.314004848,0.100671140940,1.295652173913,-1.704347826087,0.431884057971,-1.315436241611,-0.057192880070,no,0.000000000000,0.000000000000,0.000000000,8.873279,3.747730,high_risk,yes,w0_high_risk,warning,yes,pass,no,below_tau_threshold;platform_too_narrow,no
COMPARISON_RELAXED,29.800000000000,3.000000000000,795.000000,1.453371000000,547.004172,47.000000,50.000000,23,8,0.347826086957,0.788340161057,19.708504026,10.212123663,42.167555,91.655638,0.211659838943,0.211659838943,5.291495974,0.100671140940,1.295652173913,-1.704347826087,0.431884057971,-1.315436241611,-0.057192880070,no,0.000000000000,0.000000000000,0.000000000,8.873279,3.747730,high_risk,yes,w0_high_risk,warning,yes,pass,no,below_tau_threshold;platform_too_narrow,no
COMPARISON_RELAXED,29.800000000000,3.000000000000,795.000000,1.453371000000,547.004172,47.000000,50.000000,23,9,0.391304347826,0.887855645352,22.196391134,7.888599304,37.061273,110.670437,0.112144354648,0.112144354648,2.803608866,0.100671140940,1.295652173913,-1.704347826087,0.431884057971,-1.315436241611,-0.057192880070,no,0.000000000000,0.000000000000,0.000000000,8.873279,3.747730,high_risk,yes,w0_high_risk,warning,yes,pass,no,below_tau_threshold;platform_too_narrow,no
COMPARISON_RELAXED,29.800000000000,3.000000000000,795.000000,1.453371000000,547.004172,47.000000,50.000000,23,10,0.434782608696,0.958605650753,23.965141269,4.980013623,29.446633,144.732185,0.041394349247,0.041394349247,1.034858731,0.100671140940,1.295652173913,-1.704347826087,0.431884057971,-1.315436241611,-0.057192880070,no,0.000000000000,0.000000000000,0.000000000,8.873279,3.747730,high_risk,yes,w0_high_risk,warning,yes,pass,no,below_tau_threshold;platform_too_narrow,no
COMPARISON_RELAXED,29.800000000000,3.000000000000,795.000000,1.453371000000,547.004172,47.000000,50.000000,23,11,0.478260869565,0.995342973018,24.883574325,1.702083114,17.215148,252.264645,0.004657026982,0.004657026982,0.116425675,0.100671140940,1.295652173913,-1.704347826087,0.431884057971,-1.315436241611,-0.057192880070,no,0.000000000000,0.000000000000,0.000000000,8.873279,3.747730,high_risk,no,w0_high_risk,hard_fail,no,large_curved_mirror_spot,no,below_tau_threshold;platform_too_narrow,no
COMPARISON_RELAXED,29.800000000000,3.000000000000,795.000000,1.453371000000,547.004172,47.000000,50.000000,24,1,0.041666666667,0.017037086855,0.425927171,3.235238064,23.734140,23.938941,0.982962913145,0.017037086855,24.574072829,0.100671140940,1.241666666667,-1.758333333333,0.413888888889,-1.416107382550,-0.059004474273,no,0.000000000000,0.000000000000,0.000000000,8.553340,3.400993,high_risk,no,w0_high_risk,hard_fail,no,short_cavity,no,below_tau_threshold;platform_too_narrow,no
COMPARISON_RELAXED,29.800000000000,3.000000000000,795.000000,1.453371000000,547.004172,47.000000,50.000000,24,5,0.208333333333,0.370590477449,9.264761936,12.074072829,45.850838,57.793717,0.629409522551,0.370590477449,15.735238064,0.100671140940,1.241666666667,-1.758333333333,0.413888888889,-1.416107382550,-0.059004474273,no,0.000000000000,0.000000000000,0.000000000,8.553340,3.400993,high_risk,yes,w0_high_risk,warning,yes,pass,no,below_tau_threshold;platform_too_narrow,no
COMPARISON_RELAXED,29.800000000000,3.000000000000,795.000000,1.453371000000,547.004172,47.000000,50.000000,24,7,0.291666666667,0.629409522551,15.735238064,12.074072829,45.850838,75.318238,0.370590477449,0.370590477449,9.264761936,0.100671140940,1.241666666667,-1.758333333333,0.413888888889,-1.416107382550,-0.059004474273,no,0.000000000000,0.000000000000,0.000000000,8.553340,3.400993,high_risk,yes,w0_high_risk,warning,yes,pass,no,below_tau_threshold;platform_too_narrow,no
COMPARISON_RELAXED,29.800000000000,3.000000000000,795.000000,1.453371000000,547.004172,47.000000,50.000000,24,11,0.458333333333,0.982962913145,24.574072829,3.235238064,23.734140,181.834311,0.017037086855,0.017037086855,0.425927171,0.100671140940,1.241666666667,-1.758333333333,0.413888888889,-1.416107382550,-0.059004474273,no,0.000000000000,0.000000000000,0.000000000,8.553340,3.400993,high_risk,yes,w0_high_risk,warning,yes,pass,no,below_tau_threshold;platform_too_narrow,no
COMPARISON_RELAXED,29.800000000000,3.000000000000,795.000000,1.453371000000,547.004172,47.000000,50.000000,25,1,0.040000000000,0.015708419436,0.392710486,3.108623590,23.265075,23.449985,0.984291580564,0.015708419436,24.607289514,0.100671140940,1.192000000000,-1.808000000000,0.397333333333,-1.516778523490,-0.060671140940,no,0.000000000000,0.000000000000,0.000000000,8.250011,3.070160,high_risk,no,w0_high_risk,hard_fail,no,short_cavity,no,below_tau_threshold;platform_too_narrow,no
COMPARISON_RELAXED,29.800000000000,3.000000000000,795.000000,1.453371000000,547.004172,47.000000,50.000000,25,2,0.080000000000,0.061846659978,1.546166499,6.021920926,32.380825,33.431125,0.938153340022,0.061846659978,23.453833501,0.100671140940,1.192000000000,-1.808000000000,0.397333333333,-1.516778523490,-0.060671140940,no,0.000000000000,0.000000000000,0.000000000,8.250011,3.070160,high_risk,no,w0_high_risk,hard_fail,no,short_cavity,no,below_tau_threshold;platform_too_narrow,no
COMPARISON_RELAXED,29.800000000000,3.000000000000,795.000000,1.453371000000,547.004172,47.000000,50.000000,25,3,0.120000000000,0.135515686289,3.387892157,8.556838824,38.599089,41.514375,0.864484313711,0.135515686289,21.612107843,0.100671140940,1.192000000000,-1.808000000000,0.397333333333,-1.516778523490,-0.060671140940,no,0.000000000000,0.000000000000,0.000000000,8.250011,3.070160,high_risk,yes,w0_high_risk,warning,yes,pass,no,below_tau_threshold;platform_too_narrow,no
COMPARISON_RELAXED,29.800000000000,3.000000000000,795.000000,1.453371000000,547.004172,47.000000,50.000000,25,4,0.160000000000,0.232086602511,5.802165063,10.554099069,42.867777,48.918693,0.767913397489,0.232086602511,19.197834937,0.100671140940,1.192000000000,-1.808000000000,0.397333333333,-1.516778523490,-0.060671140940,no,0.000000000000,0.000000000000,0.000000000,8.250011,3.070160,high_risk,yes,w0_high_risk,warning,yes,pass,no,below_tau_threshold;platform_too_narrow,no
COMPARISON_RELAXED,29.800000000000,3.000000000000,795.000000,1.453371000000,547.004172,47.000000,50.000000,25,6,0.240000000000,0.468604740235,11.715118506,12.475334105,46.606498,63.934848,0.531395259765,0.468604740235,13.284881494,0.100671140940,1.192000000000,-1.808000000000,0.397333333333,-1.516778523490,-0.060671140940,no,0.000000000000,0.000000000000,0.000000000,8.250011,3.070160,high_risk,yes,w0_high_risk,warning,yes,pass,no,below_tau_threshold;platform_too_narrow,no
COMPARISON_RELAXED,29.800000000000,3.000000000000,795.000000,1.453371000000,547.004172,47.000000,50.000000,25,7,0.280000000000,0.593690657293,14.842266432,12.278590634,46.237532,72.538110,0.406309342707,0.406309342707,10.157733568,0.100671140940,1.192000000000,-1.808000000000,0.397333333333,-1.516778523490,-0.060671140940,no,0.000000000000,0.000000000000,0.000000000,8.250011,3.070160,high_risk,yes,w0_high_risk,warning,yes,pass,no,below_tau_threshold;platform_too_narrow,no
COMPARISON_RELAXED,29.800000000000,3.000000000000,795.000000,1.453371000000,547.004172,47.000000,50.000000,25,8,0.320000000000,0.712889645783,17.822241145,11.310338156,44.377024,82.819719,0.287110354217,0.287110354217,7.177758855,0.100671140940,1.192000000000,-1.808000000000,0.397333333333,-1.516778523490,-0.060671140940,no,0.000000000000,0.000000000000,0.000000000,8.250011,3.070160,high_risk,yes,w0_high_risk,warning,yes,pass,no,below_tau_threshold;platform_too_narrow,no
COMPARISON_RELAXED,29.800000000000,3.000000000000,795.000000,1.453371000000,547.004172,47.000000,50.000000,25,9,0.360000000000,0.818711994874,20.467799872,9.631415535,40.951088,96.179144,0.181288005126,0.181288005126,4.532200128,0.100671140940,1.192000000000,-1.808000000000,0.397333333333,-1.516778523490,-0.060671140940,no,0.000000000000,0.000000000000,0.000000000,8.250011,3.070160,high_risk,yes,w0_high_risk,warning,yes,pass,no,below_tau_threshold;platform_too_narrow,no
COMPARISON_RELAXED,29.800000000000,3.000000000000,795.000000,1.453371000000,547.004172,47.000000,50.000000,25,11,0.440000000000,0.964888242944,24.122206074,4.601556909,28.305627,151.058963,0.035111757056,0.035111757056,0.877793926,0.100671140940,1.192000000000,-1.808000000000,0.397333333333,-1.516778523490,-0.060671140940,no,0.000000000000,0.000000000000,0.000000000,8.250011,3.070160,high_risk,yes,w0_high_risk,warning,yes,pass,no,below_tau_threshold;platform_too_narrow,no
COMPARISON_RELAXED,29.800000000000,3.000000000000,795.000000,1.453371000000,547.004172,47.000000,50.000000,25,12,0.480000000000,0.996057350657,24.901433766,1.566665420,16.516138,263.035542,0.003942649343,0.003942649343,0.098566234,0.100671140940,1.192000000000,-1.808000000000,0.397333333333,-1.516778523490,-0.060671140940,no,0.000000000000,0.000000000000,0.000000000,8.250011,3.070160,high_risk,no,w0_high_risk,hard_fail,no,large_curved_mirror_spot,no,below_tau_threshold;platform_too_narrow,no
COMPARISON_RELAXED,29.800000000000,3.000000000000,795.000000,1.453371000000,547.004172,47.000000,50.000000,26,1,0.038461538462,0.014529091287,0.363227282,2.991445804,22.822381,22.990004,0.985470908713,0.014529091287,24.636772718,0.100671140940,1.146153846154,-1.853846153846,0.382051282051,-1.617449664430,-0.062209602478,no,0.000000000000,0.000000000000,0.000000000,7.962047,2.755590,high_risk,no,w0_high_risk,hard_fail,no,short_cavity,no,below_tau_threshold;platform_too_narrow,no
COMPARISON_RELAXED,29.800000000000,3.000000000000,795.000000,1.453371000000,547.004172,47.000000,50.000000,26,3,0.115384615385,0.125744625914,3.143615648,8.289033228,37.990265,40.630594,0.874255374086,0.125744625914,21.856384352,0.100671140940,1.146153846154,-1.853846153846,0.382051282051,-1.617449664430,-0.062209602478,no,0.000000000000,0.000000000000,0.000000000,7.962047,2.755590,high_risk,yes,w0_high_risk,warning,yes,pass,no,below_tau_threshold;platform_too_narrow,no
COMPARISON_RELAXED,29.800000000000,3.000000000000,795.000000,1.453371000000,547.004172,47.000000,50.000000,26,5,0.192307692308,0.322697556479,8.067438912,11.687703034,45.111261,54.814271,0.677302443521,0.322697556479,16.932561088,0.100671140940,1.146153846154,-1.853846153846,0.382051282051,-1.617449664430,-0.062209602478,no,0.000000000000,0.000000000000,0.000000000,7.962047,2.755590,high_risk,yes,w0_high_risk,warning,yes,pass,no,below_tau_threshold;platform_too_narrow,no
COMPARISON_RELAXED,29.800000000000,3.000000000000,795.000000,1.453371000000,547.004172,47.000000,50.000000,26,7,0.269230769231,0.560268340128,14.006708503,12.408860926,46.482164,70.095877,0.439731659872,0.439731659872,10.993291497,0.100671140940,1.146153846154,-1.853846153846,0.382051282051,-1.617449664430,-0.062209602478,no,0.000000000000,0.000000000000,0.000000000,7.962047,2.755590,high_risk,yes,w0_high_risk,warning,yes,pass,no,below_tau_threshold;platform_too_narrow,no
COMPARISON_RELAXED,29.800000000000,3.000000000000,795.000000,1.453371000000,547.004172,47.000000,50.000000,26,9,0.346153846154,0.784032373366,19.600809334,10.287298324,42.322474,91.070291,0.215967626634,0.215967626634,5.399190666,0.100671140940,1.146153846154,-1.853846153846,0.382051282051,-1.617449664430,-0.062209602478,no,0.000000000000,0.000000000000,0.000000000,7.962047,2.755590,high_risk,yes,w0_high_risk,warning,yes,pass,no,below_tau_threshold;platform_too_narrow,no
COMPARISON_RELAXED,29.800000000000,3.000000000000,795.000000,1.453371000000,547.004172,47.000000,50.000000,26,11,0.423076923077,0.942728012827,23.568200321,5.809039651,31.803327,132.892792,0.057271987173,0.057271987173,1.431799679,0.100671140940,1.146153846154,-1.853846153846,0.382051282051,-1.617449664430,-0.062209602478,no,0.000000000000,0.000000000000,0.000000000,7.962047,2.755590,high_risk,yes,w0_high_risk,warning,yes,pass,no,below_tau_threshold;platform_too_narrow,no
COMPARISON_RELAXED,29.800000000000,3.000000000000,795.000000,1.453371000000,547.004172,47.000000,50.000000,27,1,0.037037037037,0.013477564710,0.336939118,2.882698384,22.403712,22.556229,0.986522435290,0.013477564710,24.663060882,0.100671140940,1.103703703704,-1.896296296296,0.367901234568,-1.718120805369,-0.063634103903,no,0.000000000000,0.000000000000,0.000000000,7.688339,2.454601,high_risk,no,w0_high_risk,hard_fail,no,short_cavity,no,below_tau_threshold;platform_too_narrow,no
COMPARISON_RELAXED,29.800000000000,3.000000000000,795.000000,1.453371000000,547.004172,47.000000,50.000000,27,2,0.074074074074,0.053183679838,1.329591996,5.609989753,31.253698,32.119483,0.946816320162,0.053183679838,23.670408004,0.100671140940,1.103703703704,-1.896296296296,0.367901234568,-1.718120805369,-0.063634103903,no,0.000000000000,0.000000000000,0.000000000,7.688339,2.454601,high_risk,no,w0_high_risk,hard_fail,no,short_cavity,no,below_tau_threshold;platform_too_narrow,no
COMPARISON_RELAXED,29.800000000000,3.000000000000,795.000000,1.453371000000,547.004172,47.000000,50.000000,27,4,0.148148148148,0.201420704149,5.035517604,10.026539909,41.782645,46.755952,0.798579295851,0.201420704149,19.964482396,0.100671140940,1.103703703704,-1.896296296296,0.367901234568,-1.718120805369,-0.063634103903,no,0.000000000000,0.000000000000,0.000000000,7.688339,2.454601,high_risk,yes,w0_high_risk,warning,yes,pass,no,below_tau_threshold;platform_too_narrow,no
COMPARISON_RELAXED,29.800000000000,3.000000000000,795.000000,1.453371000000,547.004172,47.000000,50.000000,27,5,0.185185185185,0.301960116980,7.549002925,11.477701336,44.704150,53.506645,0.698039883020,0.301960116980,17.450997075,0.100671140940,1.103703703704,-1.896296296296,0.367901234568,-1.718120805369,-0.063634103903,no,0.000000000000,0.000000000000,0.000000000,7.688339,2.454601,high_risk,yes,w0_high_risk,warning,yes,pass,no,below_tau_threshold;platform_too_narrow,no
COMPARISON_RELAXED,29.800000000000,3.000000000000,795.000000,1.453371000000,547.004172,47.000000,50.000000,27,7,0.259259259259,0.529072414455,13.226810361,12.478851978,46.613069,67.925154,0.470927585545,0.470927585545,11.773189639,0.100671140940,1.103703703704,-1.896296296296,0.367901234568,-1.718120805369,-0.063634103903,no,0.000000000000,0.000000000000,0.000000000,7.688339,2.454601,high_risk,yes,w0_high_risk,warning,yes,pass,no,below_tau_threshold;platform_too_narrow,no
COMPARISON_RELAXED,29.800000000000,3.000000000000,795.000000,1.453371000000,547.004172,47.000000,50.000000,27,8,0.296296296296,0.643401616356,16.085040409,11.974868904,45.662088,76.465597,0.356598383644,0.356598383644,8.914959591,0.100671140940,1.103703703704,-1.896296296296,0.367901234568,-1.718120805369,-0.063634103903,no,0.000000000000,0.000000000000,0.000000000,7.688339,2.454601,high_risk,yes,w0_high_risk,warning,yes,pass,no,below_tau_threshold;platform_too_narrow,no
COMPARISON_RELAXED,29.800000000000,3.000000000000,795.000000,1.453371000000,547.004172,47.000000,50.000000,27,10,0.370370370370,0.843120818934,21.078020473,9.092170520,39.788189,100.454989,0.156879181066,0.156879181066,3.921979527,0.100671140940,1.103703703704,-1.896296296296,0.367901234568,-1.718120805369,-0.063634103903,no,0.000000000000,0.000000000000,0.000000000,7.688339,2.454601,high_risk,yes,w0_high_risk,warning,yes,pass,no,below_tau_threshold;platform_too_narrow,no
COMPARISON_RELAXED,29.800000000000,3.000000000000,795.000000,1.453371000000,547.004172,47.000000,50.000000,27,11,0.407407407407,0.917743905706,22.943597643,6.868862226,34.583010,120.580962,0.082256094294,0.082256094294,2.056402357,0.100671140940,1.103703703704,-1.896296296296,0.367901234568,-1.718120805369,-0.063634103903,no,0.000000000000,0.000000000000,0.000000000,7.688339,2.454601,high_risk,yes,w0_high_risk,warning,yes,pass,no,below_tau_threshold;platform_too_narrow,no
COMPARISON_RELAXED,29.800000000000,3.000000000000,795.000000,1.453371000000,547.004172,47.000000,50.000000,27,13,0.481481481481,0.996619178871,24.915479472,1.451161427,15.895648,273.380258,0.003380821129,0.003380821129,0.084520528,0.100671140940,1.103703703704,-1.896296296296,0.367901234568,-1.718120805369,-0.063634103903,no,0.000000000000,0.000000000000,0.000000000,7.688339,2.454601,high_risk,no,w0_high_risk,hard_fail,no,large_curved_mirror_spot,no,below_tau_threshold;platform_too_narrow,no
COMPARISON_RELAXED,29.800000000000,3.000000000000,795.000000,1.453371000000,547.004172,47.000000,50.000000,28,1,0.035714285714,0.012536043909,0.313401098,2.781511674,22.006999,22.146250,0.987463956091,0.012536043909,24.686598902,0.100671140940,1.064285714286,-1.935714285714,0.354761904762,-1.818791946309,-0.064956855225,no,0.000000000000,0.000000000000,0.000000000,7.427892,2.167489,high_risk,no,w0_high_risk,hard_fail,no,short_cavity,no,below_tau_threshold;platform_too_narrow,no
COMPARISON_RELAXED,29.800000000000,3.000000000000,795.000000,1.453371000000,547.004172,47.000000,50.000000,28,3,0.107142857143,0.109084258766,2.727106469,7.793622523,36.837493,39.027591,0.890915741234,0.109084258766,22.272893531,0.100671140940,1.064285714286,-1.935714285714,0.354761904762,-1.818791946309,-0.064956855225,no,0.000000000000,0.000000000000,0.000000000,7.427892,2.167489,high_risk,yes,w0_high_risk,warning,yes,pass,no,below_tau_threshold;platform_too_narrow,no
COMPARISON_RELAXED,29.800000000000,3.000000000000,795.000000,1.453371000000,547.004172,47.000000,50.000000,28,5,0.178571428571,0.283058130441,7.076453261,11.262110849,44.282311,52.298389,0.716941869559,0.283058130441,17.923546739,0.100671140940,1.064285714286,-1.935714285714,0.354761904762,-1.818791946309,-0.064956855225,no,0.000000000000,0.000000000000,0.000000000,7.427892,2.167489,high_risk,yes,w0_high_risk,warning,yes,pass,no,below_tau_threshold;platform_too_narrow,no
COMPARISON_RELAXED,29.800000000000,3.000000000000,795.000000,1.453371000000,547.004172,47.000000,50.000000,28,9,0.321428571429,0.716941869559,17.923546739,11.262110849,44.282311,83.232409,0.283058130441,0.283058130441,7.076453261,0.100671140940,1.064285714286,-1.935714285714,0.354761904762,-1.818791946309,-0.064956855225,no,0.000000000000,0.000000000000,0.000000000,7.427892,2.167489,high_risk,yes,w0_high_risk,warning,yes,pass,no,below_tau_threshold;platform_too_narrow,no
COMPARISON_RELAXED,29.800000000000,3.000000000000,795.000000,1.453371000000,547.004172,47.000000,50.000000,28,11,0.392857142857,0.890915741234,22.272893531,7.793622523,36.837493,111.534448,0.109084258766,0.109084258766,2.727106469,0.100671140940,1.064285714286,-1.935714285714,0.354761904762,-1.818791946309,-0.064956855225,no,0.000000000000,0.000000000000,0.000000000,7.427892,2.167489,high_risk,yes,w0_high_risk,warning,yes,pass,no,below_tau_threshold;platform_too_narrow,no
COMPARISON_RELAXED,29.800000000000,3.000000000000,795.000000,1.453371000000,547.004172,47.000000,50.000000,28,13,0.464285714286,0.987463956091,24.686598902,2.781511674,22.006999,196.553406,0.012536043909,0.012536043909,0.313401098,0.100671140940,1.064285714286,-1.935714285714,0.354761904762,-1.818791946309,-0.064956855225,no,0.000000000000,0.000000000000,0.000000000,7.427892,2.167489,high_risk,yes,w0_high_risk,warning,yes,pass,no,below_tau_threshold;platform_too_narrow,no
COMPARISON_RELAXED,29.800000000000,3.000000000000,795.000000,1.453371000000,547.004172,47.000000,50.000000,29,1,0.034482758621,0.011689722145,0.292243054,2.687130503,21.630411,21.757957,0.988310277855,0.011689722145,24.707756946,0.100671140940,1.027586206897,-1.972413793103,0.342528735632,-1.919463087248,-0.066188382319,no,0.000000000000,0.000000000000,0.000000000,7.179810,1.892101,high_risk,no,w0_high_risk,hard_fail,no,short_cavity,no,below_tau_threshold;platform_too_narrow,no
COMPARISON_RELAXED,29.800000000000,3.000000000000,795.000000,1.453371000000,547.004172,47.000000,50.000000,29,2,0.068965517241,0.046212290165,1.155307254,5.248613770,30.230316,30.954004,0.953787709835,0.046212290165,23.844692746,0.100671140940,1.027586206897,-1.972413793103,0.342528735632,-1.919463087248,-0.066188382319,no,0.000000000000,0.000000000000,0.000000000,7.179810,1.892101,high_risk,no,w0_high_risk,hard_fail,no,short_cavity,no,below_tau_threshold;platform_too_narrow,no
COMPARISON_RELAXED,29.800000000000,3.000000000000,795.000000,1.453371000000,547.004172,47.000000,50.000000,29,3,0.103448275862,0.101953467147,2.548836679,7.564677690,36.292392,38.297125,0.898046532853,0.101953467147,22.451163321,0.100671140940,1.027586206897,-1.972413793103,0.342528735632,-1.919463087248,-0.066188382319,no,0.000000000000,0.000000000000,0.000000000,7.179810,1.892101,high_risk,yes,w0_high_risk,warning,yes,pass,no,below_tau_threshold;platform_too_narrow,no
COMPARISON_RELAXED,29.800000000000,3.000000000000,795.000000,1.453371000000,547.004172,47.000000,50.000000,29,4,0.137931034483,0.176306857609,4.407671440,9.527025689,40.728560,44.876226,0.823693142391,0.176306857609,20.592328560,0.100671140940,1.027586206897,-1.972413793103,0.342528735632,-1.919463087248,-0.066188382319,no,0.000000000000,0.000000000000,0.000000000,7.179810,1.892101,high_risk,yes,w0_high_risk,warning,yes,pass,no,below_tau_threshold;platform_too_narrow,no
COMPARISON_RELAXED,29.800000000000,3.000000000000,795.000000,1.453371000000,547.004172,47.000000,50.000000,29,5,0.172413793103,0.265795779650,6.644894491,11.043900556,43.851215,51.176807,0.734204220350,0.265795779650,18.355105509,0.100671140940,1.027586206897,-1.972413793103,0.342528735632,-1.919463087248,-0.066188382319,no,0.000000000000,0.000000000000,0.000000000,7.179810,1.892101,high_risk,yes,w0_high_risk,warning,yes,pass,no,below_tau_threshold;platform_too_narrow,no
COMPARISON_RELAXED,29.800000000000,3.000000000000,795.000000,1.453371000000,547.004172,47.000000,50.000000,29,6,0.206896551724,0.366235830735,9.155895768,12.044374906,45.794415,57.523947,0.633764169265,0.366235830735,15.844104232,0.100671140940,1.027586206897,-1.972413793103,0.342528735632,-1.919463087248,-0.066188382319,no,0.000000000000,0.000000000000,0.000000000,7.179810,1.892101,high_risk,yes,w0_high_risk,warning,yes,pass,no,below_tau_threshold;platform_too_narrow,no
COMPARISON_RELAXED,29.800000000000,3.000000000000,795.000000,1.453371000000,547.004172,47.000000,50.000000,29,7,0.241379310345,0.472930545707,11.823263643,12.481667673,46.618328,64.212971,0.527069454293,0.472930545707,13.176736357,0.100671140940,1.027586206897,-1.972413793103,0.342528735632,-1.919463087248,-0.066188382319,no,0.000000000000,0.000000000000,0.000000000,7.179810,1.892101,high_risk,yes,w0_high_risk,warning,yes,pass,no,below_tau_threshold;platform_too_narrow,no
COMPARISON_RELAXED,29.800000000000,3.000000000000,795.000000,1.453371000000,547.004172,47.000000,50.000000,29,8,0.275862068966,0.580890998276,14.522274957,12.335331532,46.344243,71.586693,0.419109001724,0.419109001724,10.477725043,0.100671140940,1.027586206897,-1.972413793103,0.342528735632,-1.919463087248,-0.066188382319,no,0.000000000000,0.000000000000,0.000000000,7.179810,1.892101,high_risk,yes,w0_high_risk,warning,yes,pass,no,below_tau_threshold;platform_too_narrow,no
COMPARISON_RELAXED,29.800000000000,3.000000000000,795.000000,1.453371000000,547.004172,47.000000,50.000000,29,9,0.310344827586,0.685069077670,17.126726942,11.612208998,44.965332,80.125389,0.314930922330,0.314930922330,7.873273058,0.100671140940,1.027586206897,-1.972413793103,0.342528735632,-1.919463087248,-0.066188382319,no,0.000000000000,0.000000000000,0.000000000,7.179810,1.892101,high_risk,yes,w0_high_risk,warning,yes,pass,no,below_tau_threshold;platform_too_narrow,no
COMPARISON_RELAXED,29.800000000000,3.000000000000,795.000000,1.453371000000,547.004172,47.000000,50.000000,29,10,0.344827586207,0.780593532681,19.514838317,10.346112477,42.443284,90.611698,0.219406467319,0.219406467319,5.485161683,0.100671140940,1.027586206897,-1.972413793103,0.342528735632,-1.919463087248,-0.066188382319,no,0.000000000000,0.000000000000,0.000000000,7.179810,1.892101,high_risk,yes,w0_high_risk,warning,yes,pass,no,below_tau_threshold;platform_too_narrow,no
COMPARISON_RELAXED,29.800000000000,3.000000000000,795.000000,1.453371000000,547.004172,47.000000,50.000000,29,11,0.379310344828,0.862997745962,21.574943649,8.596243236,38.687862,104.522761,0.137002254038,0.137002254038,3.425056351,0.100671140940,1.027586206897,-1.972413793103,0.342528735632,-1.919463087248,-0.066188382319,no,0.000000000000,0.000000000000,0.000000000,7.179810,1.892101,high_risk,yes,w0_high_risk,warning,yes,pass,no,below_tau_threshold;platform_too_narrow,no
COMPARISON_RELAXED,29.800000000000,3.000000000000,795.000000,1.453371000000,547.004172,47.000000,50.000000,29,12,0.413793103448,0.928428588084,23.210714702,6.444423215,33.497501,125.211038,0.071571411916,0.071571411916,1.789285298,0.100671140940,1.027586206897,-1.972413793103,0.342528735632,-1.919463087248,-0.066188382319,no,0.000000000000,0.000000000000,0.000000000,7.179810,1.892101,high_risk,yes,w0_high_risk,warning,yes,pass,no,below_tau_threshold;platform_too_narrow,no
COMPARISON_RELAXED,29.800000000000,3.000000000000,795.000000,1.453371000000,547.004172,47.000000,50.000000,29,13,0.448275862069,0.973826585591,24.345664640,3.991269127,26.361850,162.946748,0.026173414409,0.026173414409,0.654335360,0.100671140940,1.027586206897,-1.972413793103,0.342528735632,-1.919463087248,-0.066188382319,no,0.000000000000,0.000000000000,0.000000000,7.179810,1.892101,high_risk,yes,w0_high_risk,warning,yes,pass,no,below_tau_threshold;platform_too_narrow,no
COMPARISON_RELAXED,29.800000000000,3.000000000000,795.000000,1.453371000000,547.004172,47.000000,50.000000,29,14,0.482758620690,0.997068978577,24.926724464,1.351487730,15.340038,283.345905,0.002931021423,0.002931021423,0.073275536,0.100671140940,1.027586206897,-1.972413793103,0.342528735632,-1.919463087248,-0.066188382319,no,0.000000000000,0.000000000000,0.000000000,7.179810,1.892101,high_risk,no,w0_high_risk,hard_fail,no,large_curved_mirror_spot,no,below_tau_threshold;platform_too_narrow,no
COMPARISON_RELAXED,29.800000000000,3.000000000000,795.000000,1.453371000000,547.004172,47.000000,50.000000,30,1,0.033333333333,0.010926199633,0.273154991,2.598896135,21.272319,21.389493,0.989073800367,0.010926199633,24.726845009,0.100671140940,0.993333333333,-2.006666666667,0.331111111111,-2.020134228188,-0.067337807606,no,0.000000000000,0.000000000000,0.000000000,6.943283,1.628684,high_risk,no,w0_high_risk,hard_fail,no,short_cavity,no,below_tau_threshold;platform_too_narrow,no
COMPARISON_RELAXED,29.800000000000,3.000000000000,795.000000,1.453371000000,547.004172,47.000000,50.000000,30,7,0.233333333333,0.447735768366,11.193394209,12.431523692,46.524591,62.605012,0.552264231634,0.447735768366,13.806605791,0.100671140940,0.993333333333,-2.006666666667,0.331111111111,-2.020134228188,-0.067337807606,no,0.000000000000,0.000000000000,0.000000000,6.943283,1.628684,high_risk,yes,w0_high_risk,warning,yes,pass,no,below_tau_threshold;platform_too_narrow,no
COMPARISON_RELAXED,29.800000000000,3.000000000000,795.000000,1.453371000000,547.004172,47.000000,50.000000,30,11,0.366666666667,0.834565303179,20.864132579,9.289310318,40.217227,98.877805,0.165434696821,0.165434696821,4.135867421,0.100671140940,0.993333333333,-2.006666666667,0.331111111111,-2.020134228188,-0.067337807606,no,0.000000000000,0.000000000000,0.000000000,6.943283,1.628684,high_risk,yes,w0_high_risk,warning,yes,pass,no,below_tau_threshold;platform_too_narrow,no
COMPARISON_RELAXED,29.800000000000,3.000000000000,795.000000,1.453371000000,547.004172,47.000000,50.000000,30,13,0.433333333333,0.956772728821,23.919318221,5.084208038,29.753087,143.104447,0.043227271179,0.043227271179,1.080681779,0.100671140940,0.993333333333,-2.006666666667,0.331111111111,-2.020134228188,-0.067337807606,no,0.000000000000,0.000000000000,0.000000000,6.943283,1.628684,high_risk,yes,w0_high_risk,warning,yes,pass,no,below_tau_threshold;platform_too_narrow,no
COMPARISON_RELAXED,29.800000000000,3.000000000000,795.000000,1.453371000000,547.004172,47.000000,50.000000,31,1,0.032258064516,0.010235029374,0.255875734,2.516231501,20.931275,21.039220,0.989764970626,0.010235029374,24.744124266,0.100671140940,0.961290322581,-2.038709677419,0.320430107527,-2.120805369128,-0.068413076423,no,0.000000000000,0.000000000000,0.000000000,6.717573,1.375478,high_risk,no,w0_high_risk,hard_fail,no,short_cavity,no,below_tau_threshold;platform_too_narrow,no
COMPARISON_RELAXED,29.800000000000,3.000000000000,795.000000,1.453371000000,547.004172,47.000000,50.000000,31,2,0.064516129032,0.040521094190,1.013027355,4.929448189,29.296756,29.908995,0.959478905810,0.040521094190,23.986972645,0.100671140940,0.961290322581,-2.038709677419,0.320430107527,-2.120805369128,-0.068413076423,no,0.000000000000,0.000000000000,0.000000000,6.717573,1.375478,high_risk,no,w0_high_risk,hard_fail,no,short_cavity,no,below_tau_threshold;platform_too_narrow,no
COMPARISON_RELAXED,29.800000000000,3.000000000000,795.000000,1.453371000000,547.004172,47.000000,50.000000,31,3,0.096774193548,0.089618279396,2.240456985,7.140852689,35.261065,36.955889,0.910381720604,0.089618279396,22.759543015,0.100671140940,0.961290322581,-2.038709677419,0.320430107527,-2.120805369128,-0.068413076423,no,0.000000000000,0.000000000000,0.000000000,6.717573,1.375478,high_risk,no,w0_high_risk,hard_fail,no,short_cavity,no,below_tau_threshold;platform_too_narrow,no
COMPARISON_RELAXED,29.800000000000,3.000000000000,795.000000,1.453371000000,547.004172,47.000000,50.000000,31,4,0.129032258065,0.155516540462,3.887913512,9.059909840,39.717538,43.220197,0.844483459538,0.155516540462,21.112086488,0.100671140940,0.961290322581,-2.038709677419,0.320430107527,-2.120805369128,-0.068413076423,no,0.000000000000,0.000000000000,0.000000000,6.717573,1.375478,high_risk,yes,w0_high_risk,warning,yes,pass,no,below_tau_threshold;platform_too_narrow,no
COMPARISON_RELAXED,29.800000000000,3.000000000000,795.000000,1.453371000000,547.004172,47.000000,50.000000,31,5,0.161290322581,0.235517994837,5.887949871,10.608053219,42.977211,49.153517,0.764482005163,0.235517994837,19.112050129,0.100671140940,0.961290322581,-2.038709677419,0.320430107527,-2.120805369128,-0.068413076423,no,0.000000000000,0.000000000000,0.000000000,6.717573,1.375478,high_risk,yes,w0_high_risk,warning,yes,pass,no,below_tau_threshold;platform_too_narrow,no
COMPARISON_RELAXED,29.800000000000,3.000000000000,795.000000,1.453371000000,547.004172,47.000000,50.000000,31,6,0.193548387097,0.326347373578,8.158684339,11.721901652,45.177211,55.042914,0.673652626422,0.326347373578,16.841315661,0.100671140940,0.961290322581,-2.038709677419,0.320430107527,-2.120805369128,-0.068413076423,no,0.000000000000,0.000000000000,0.000000000,6.717573,1.375478,high_risk,yes,w0_high_risk,warning,yes,pass,no,below_tau_threshold;platform_too_narrow,no
COMPARISON_RELAXED,29.800000000000,3.000000000000,795.000000,1.453371000000,547.004172,47.000000,50.000000,31,7,0.225806451613,0.424286111248,10.607152781,12.355854054,46.382779,61.129862,0.575713888752,0.424286111248,14.392847219,0.100671140940,0.961290322581,-2.038709677419,0.320430107527,-2.120805369128,-0.068413076423,no,0.000000000000,0.000000000000,0.000000000,6.717573,1.375478,high_risk,yes,w0_high_risk,warning,yes,pass,no,below_tau_threshold;platform_too_narrow,no
COMPARISON_RELAXED,29.800000000000,3.000000000000,795.000000,1.453371000000,547.004172,47.000000,50.000000,31,8,0.258064516129,0.525324584419,13.133114610,12.483956340,46.622602,67.670305,0.474675415581,0.474675415581,11.866885390,0.100671140940,0.961290322581,-2.038709677419,0.320430107527,-2.120805369128,-0.068413076423,no,0.000000000000,0.000000000000,0.000000000,6.717573,1.375478,high_risk,yes,w0_high_risk,warning,yes,pass,no,below_tau_threshold;platform_too_narrow,no
COMPARISON_RELAXED,29.800000000000,3.000000000000,795.000000,1.453371000000,547.004172,47.000000,50.000000,31,9,0.290322580645,0.625326266129,15.633156653,12.100963986,45.901869,74.990067,0.374673733871,0.374673733871,9.366843347,0.100671140940,0.961290322581,-2.038709677419,0.320430107527,-2.120805369128,-0.068413076423,no,0.000000000000,0.000000000000,0.000000000,6.717573,1.375478,high_risk,yes,w0_high_risk,warning,yes,pass,no,below_tau_threshold;platform_too_narrow,no
COMPARISON_RELAXED,29.800000000000,3.000000000000,795.000000,1.453371000000,547.004172,47.000000,50.000000,31,10,0.322580645161,0.720197075779,18.004926894,11.222556745,44.204480,83.568030,0.279802924221,0.279802924221,6.995073106,0.100671140940,0.961290322581,-2.038709677419,0.320430107527,-2.120805369128,-0.068413076423,no,0.000000000000,0.000000000000,0.000000000,6.717573,1.375478,high_risk,yes,w0_high_risk,warning,yes,pass,no,below_tau_threshold;platform_too_narrow,no
COMPARISON_RELAXED,29.800000000000,3.000000000000,795.000000,1.453371000000,547.004172,47.000000,50.000000,31,11,0.354838709677,0.806052991274,20.151324782,9.884696712,41.486047,94.202085,0.193947008726,0.193947008726,4.848675218,0.100671140940,0.961290322581,-2.038709677419,0.320430107527,-2.120805369128,-0.068413076423,no,0.000000000000,0.000000000000,0.000000000,6.717573,1.375478,high_risk,yes,w0_high_risk,warning,yes,pass,no,below_tau_threshold;platform_too_narrow,no
COMPARISON_RELAXED,29.800000000000,3.000000000000,795.000000,1.453371000000,547.004172,47.000000,50.000000,31,12,0.387096774194,0.879379061346,21.984476534,8.142156034,37.652177,108.412346,0.120620938654,0.120620938654,3.015523466,0.100671140940,0.961290322581,-2.038709677419,0.320430107527,-2.120805369128,-0.068413076423,no,0.000000000000,0.000000000000,0.000000000,6.717573,1.375478,high_risk,yes,w0_high_risk,warning,yes,pass,no,below_tau_threshold;platform_too_narrow,no
COMPARISON_RELAXED,29.800000000000,3.000000000000,795.000000,1.453371000000,547.004172,47.000000,50.000000,31,13,0.419354838710,0.937173308072,23.429332702,6.066274532,32.499854,129.660985,0.062826691928,0.062826691928,1.570667298,0.100671140940,0.961290322581,-2.038709677419,0.320430107527,-2.120805369128,-0.068413076423,no,0.000000000000,0.000000000000,0.000000000,6.717573,1.375478,high_risk,yes,w0_high_risk,warning,yes,pass,no,below_tau_threshold;platform_too_narrow,no
COMPARISON_RELAXED,29.800000000000,3.000000000000,795.000000,1.453371000000,547.004172,47.000000,50.000000,31,14,0.451612903226,0.977069628200,24.426740705,3.742039037,25.525517,168.565616,0.022930371800,0.022930371800,0.573259295,0.100671140940,0.961290322581,-2.038709677419,0.320430107527,-2.120805369128,-0.068413076423,no,0.000000000000,0.000000000000,0.000000000,6.717573,1.375478,high_risk,yes,w0_high_risk,warning,yes,pass,no,below_tau_threshold;platform_too_narrow,no
COMPARISON_RELAXED,29.800000000000,3.000000000000,795.000000,1.453371000000,547.004172,47.000000,50.000000,31,15,0.483870967742,0.997434661696,24.935866542,1.264604025,14.838762,292.971477,0.002565338304,0.002565338304,0.064133458,0.100671140940,0.961290322581,-2.038709677419,0.320430107527,-2.120805369128,-0.068413076423,no,0.000000000000,0.000000000000,0.000000000,6.717573,1.375478,high_risk,no,w0_high_risk,hard_fail,no,large_curved_mirror_spot,no,below_tau_threshold;platform_too_narrow,no
COMPARISON_RELAXED,29.800000000000,3.000000000000,795.000000,1.453371000000,547.004172,47.000000,50.000000,32,1,0.031250000000,0.009607359798,0.240183995,2.438629025,20.605979,20.705682,0.990392640202,0.009607359798,24.759816005,0.100671140940,0.931250000000,-2.068750000000,0.310416666667,-2.221476510067,-0.069421140940,no,0.000000000000,0.000000000000,0.000000000,6.502012,1.132694,high_risk,no,w0_high_risk,hard_fail,no,short_cavity,no,below_tau_threshold;platform_too_narrow,no
COMPARISON_RELAXED,29.800000000000,3.000000000000,795.000000,1.453371000000,547.004172,47.000000,50.000000,32,3,0.093750000000,0.084265193849,2.106629846,6.944627913,34.773217,36.337916,0.915734806151,0.084265193849,22.893370154,0.100671140940,0.931250000000,-2.068750000000,0.310416666667,-2.221476510067,-0.069421140940,no,0.000000000000,0.000000000000,0.000000000,6.502012,1.132694,high_risk,no,w0_high_risk,hard_fail,no,short_cavity,no,below_tau_threshold;platform_too_narrow,no
COMPARISON_RELAXED,29.800000000000,3.000000000000,795.000000,1.453371000000,547.004172,47.000000,50.000000,32,5,0.156250000000,0.222214883490,5.555372087,10.393370154,42.540107,48.235720,0.777785116510,0.222214883490,19.444627913,0.100671140940,0.931250000000,-2.068750000000,0.310416666667,-2.221476510067,-0.069421140940,no,0.000000000000,0.000000000000,0.000000000,6.502012,1.132694,high_risk,yes,w0_high_risk,warning,yes,pass,no,below_tau_threshold;platform_too_narrow,no
COMPARISON_RELAXED,29.800000000000,3.000000000000,795.000000,1.453371000000,547.004172,47.000000,50.000000,32,7,0.218750000000,0.402454838992,10.061370975,12.259816005,46.202168,59.769138,0.597545161008,0.402454838992,14.938629025,0.100671140940,0.931250000000,-2.068750000000,0.310416666667,-2.221476510067,-0.069421140940,no,0.000000000000,0.000000000000,0.000000000,6.502012,1.132694,high_risk,yes,w0_high_risk,warning,yes,pass,no,below_tau_threshold;platform_too_narrow,no
COMPARISON_RELAXED,29.800000000000,3.000000000000,795.000000,1.453371000000,547.004172,47.000000,50.000000,32,9,0.281250000000,0.597545161008,14.938629025,12.259816005,46.202168,72.828905,0.402454838992,0.402454838992,10.061370975,0.100671140940,0.931250000000,-2.068750000000,0.310416666667,-2.221476510067,-0.069421140940,no,0.000000000000,0.000000000000,0.000000000,6.502012,1.132694,high_risk,yes,w0_high_risk,warning,yes,pass,no,below_tau_threshold;platform_too_narrow,no
COMPARISON_RELAXED,29.800000000000,3.000000000000,795.000000,1.453371000000,547.004172,47.000000,50.000000,32,11,0.343750000000,0.777785116510,19.444627913,10.393370154,42.540107,90.242685,0.222214883490,0.222214883490,5.555372087,0.100671140940,0.931250000000,-2.068750000000,0.310416666667,-2.221476510067,-0.069421140940,no,0.000000000000,0.000000000000,0.000000000,6.502012,1.132694,high_risk,yes,w0_high_risk,warning,yes,pass,no,below_tau_threshold;platform_too_narrow,no
COMPARISON_RELAXED,29.800000000000,3.000000000000,795.000000,1.453371000000,547.004172,47.000000,50.000000,32,13,0.406250000000,0.915734806151,22.893370154,6.944627913,34.773217,119.790054,0.084265193849,0.084265193849,2.106629846,0.100671140940,0.931250000000,-2.068750000000,0.310416666667,-2.221476510067,-0.069421140940,no,0.000000000000,0.000000000000,0.000000000,6.502012,1.132694,high_risk,yes,w0_high_risk,warning,yes,pass,no,below_tau_threshold;platform_too_narrow,no
COMPARISON_RELAXED,29.800000000000,3.000000000000,795.000000,1.453371000000,547.004172,47.000000,50.000000,32,15,0.468750000000,0.990392640202,24.759816005,2.438629025,20.605979,210.228322,0.009607359798,0.009607359798,0.240183995,0.100671140940,0.931250000000,-2.068750000000,0.310416666667,-2.221476510067,-0.069421140940,no,0.000000000000,0.000000000000,0.000000000,6.502012,1.132694,high_risk,yes,w0_high_risk,warning,yes,pass,no,below_tau_threshold;platform_too_narrow,no
COMPARISON_RELAXED,29.800000000000,3.000000000000,795.000000,1.453371000000,547.004172,47.000000,50.000000,33,1,0.030303030303,0.009035651369,0.225891284,2.365640555,20.295267,20.387583,0.990964348631,0.009035651369,24.774108716,0.100671140940,0.903030303030,-2.096969696970,0.301010101010,-2.322147651007,-0.070368110637,no,0.000000000000,0.000000000000,0.000000000,6.295987,0.898871,high_risk,no,w0_high_risk,hard_fail,no,short_cavity,no,below_tau_threshold;platform_too_narrow,no
COMPARISON_RELAXED,29.800000000000,3.000000000000,795.000000,1.453371000000,547.004172,47.000000,50.000000,33,2,0.060606060606,0.035816033492,0.895400837,4.645780696,28.441319,28.964750,0.964183966508,0.035816033492,24.104599163,0.100671140940,0.903030303030,-2.096969696970,0.301010101010,-2.322147651007,-0.070368110637,no,0.000000000000,0.000000000000,0.000000000,6.295987,0.898871,high_risk,no,w0_high_risk,hard_fail,no,short_cavity,no,below_tau_threshold;platform_too_narrow,no
COMPARISON_RELAXED,29.800000000000,3.000000000000,795.000000,1.453371000000,547.004172,47.000000,50.000000,33,4,0.121212121212,0.138132980947,3.453324524,8.625987644,38.754737,41.745019,0.861867019053,0.138132980947,21.546675476,0.100671140940,0.903030303030,-2.096969696970,0.301010101010,-2.322147651007,-0.070368110637,no,0.000000000000,0.000000000000,0.000000000,6.295987,0.898871,high_risk,yes,w0_high_risk,warning,yes,pass,no,below_tau_threshold;platform_too_narrow,no
COMPARISON_RELAXED,29.800000000000,3.000000000000,795.000000,1.453371000000,547.004172,47.000000,50.000000,33,5,0.151515151515,0.209971545214,5.249288630,10.182199401,42.105728,47.371792,0.790028454786,0.209971545214,19.750711370,0.100671140940,0.903030303030,-2.096969696970,0.301010101010,-2.322147651007,-0.070368110637,no,0.000000000000,0.000000000000,0.000000000,6.295987,0.898871,high_risk,yes,w0_high_risk,warning,yes,pass,no,below_tau_threshold;platform_too_narrow,no
COMPARISON_RELAXED,29.800000000000,3.000000000000,795.000000,1.453371000000,547.004172,47.000000,50.000000,33,7,0.212121212121,0.382120532245,9.553013306,12.147644604,45.990319,58.507904,0.617879467755,0.382120532245,15.446986694,0.100671140940,0.903030303030,-2.096969696970,0.301010101010,-2.322147651007,-0.070368110637,no,0.000000000000,0.000000000000,0.000000000,6.295987,0.898871,high_risk,yes,w0_high_risk,warning,yes,pass,no,below_tau_threshold;platform_too_narrow,no
COMPARISON_RELAXED,29.800000000000,3.000000000000,795.000000,1.453371000000,547.004172,47.000000,50.000000,33,8,0.242424242424,0.476209042088,11.905226052,12.485841740,46.626122,64.424387,0.523790957912,0.476209042088,13.094773948,0.100671140940,0.903030303030,-2.096969696970,0.301010101010,-2.322147651007,-0.070368110637,no,0.000000000000,0.000000000000,0.000000000,6.295987,0.898871,high_risk,yes,w0_high_risk,warning,yes,pass,no,below_tau_threshold;platform_too_narrow,no
COMPARISON_RELAXED,29.800000000000,3.000000000000,795.000000,1.453371000000,547.004172,47.000000,50.000000,33,10,0.303030303030,0.663533981659,16.588349541,11.812510234,45.351482,78.184539,0.336466018341,0.336466018341,8.411650459,0.100671140940,0.903030303030,-2.096969696970,0.301010101010,-2.322147651007,-0.070368110637,no,0.000000000000,0.000000000000,0.000000000,6.295987,0.898871,high_risk,yes,w0_high_risk,warning,yes,pass,no,below_tau_threshold;platform_too_narrow,no
COMPARISON_RELAXED,29.800000000000,3.000000000000,795.000000,1.453371000000,547.004172,47.000000,50.000000,33,13,0.393939393939,0.893026547371,22.325663684,7.726987328,36.679675,112.146952,0.106973452629,0.106973452629,2.674336316,0.100671140940,0.903030303030,-2.096969696970,0.301010101010,-2.322147651007,-0.070368110637,no,0.000000000000,0.000000000000,0.000000000,6.295987,0.898871,high_risk,yes,w0_high_risk,warning,yes,pass,no,below_tau_threshold;platform_too_narrow,no
COMPARISON_RELAXED,29.800000000000,3.000000000000,795.000000,1.453371000000,547.004172,47.000000,50.000000,33,14,0.424242424242,0.944417724327,23.610443108,5.727831522,31.580245,133.951425,0.055582275673,0.055582275673,1.389556892,0.100671140940,0.903030303030,-2.096969696970,0.301010101010,-2.322147651007,-0.070368110637,no,0.000000000000,0.000000000000,0.000000000,6.295987,0.898871,high_risk,yes,w0_high_risk,warning,yes,pass,no,below_tau_threshold;platform_too_narrow,no
COMPARISON_RELAXED,29.800000000000,3.000000000000,795.000000,1.453371000000,547.004172,47.000000,50.000000,33,16,0.484848484848,0.997735961287,24.943399032,1.188200541,14.383522,302.289687,0.002264038713,0.002264038713,0.056600968,0.100671140940,0.903030303030,-2.096969696970,0.301010101010,-2.322147651007,-0.070368110637,no,0.000000000000,0.000000000000,0.000000000,6.295987,0.898871,high_risk,no,w0_high_risk,hard_fail,no,large_curved_mirror_spot,no,below_tau_threshold;platform_too_narrow,no
COMPARISON_RELAXED,29.800000000000,3.000000000000,795.000000,1.453371000000,547.004172,47.000000,50.000000,34,1,0.029411764706,0.008513450158,0.212836254,2.296868973,19.998089,20.083763,0.991486549842,0.008513450158,24.787163746,0.100671140940,0.876470588235,-2.123529411765,0.292156862745,-2.422818791946,-0.071259376234,no,0.000000000000,0.000000000000,0.000000000,6.098934,0.674194,high_risk,no,w0_high_risk,hard_fail,no,short_cavity,no,below_tau_threshold;platform_too_narrow,no
COMPARISON_RELAXED,29.800000000000,3.000000000000,795.000000,1.453371000000,547.004172,47.000000,50.000000,34,3,0.088235294118,0.074891432135,1.872285803,6.580402036,33.849059,35.192510,0.925108567865,0.074891432135,23.127714197,0.100671140940,0.876470588235,-2.123529411765,0.292156862745,-2.422818791946,-0.071259376234,no,0.000000000000,0.000000000000,0.000000000,6.098934,0.674194,high_risk,no,w0_high_risk,hard_fail,no,short_cavity,no,below_tau_threshold;platform_too_narrow,no
COMPARISON_RELAXED,29.800000000000,3.000000000000,795.000000,1.453371000000,547.004172,47.000000,50.000000,34,5,0.147058823529,0.198682681810,4.967067045,9.975215341,41.675568,46.556386,0.801317318190,0.198682681810,20.032932955,0.100671140940,0.876470588235,-2.123529411765,0.292156862745,-2.422818791946,-0.071259376234,no,0.000000000000,0.000000000000,0.000000000,6.098934,0.674194,high_risk,yes,w0_high_risk,warning,yes,pass,no,below_tau_threshold;platform_too_narrow,no
COMPARISON_RELAXED,29.800000000000,3.000000000000,795.000000,1.453371000000,547.004172,47.000000,50.000000,34,7,0.205882352941,0.363168504964,9.079212624,12.022820540,45.753420,57.333875,0.636831495036,0.363168504964,15.920787376,0.100671140940,0.876470588235,-2.123529411765,0.292156862745,-2.422818791946,-0.071259376234,no,0.000000000000,0.000000000000,0.000000000,6.098934,0.674194,high_risk,yes,w0_high_risk,warning,yes,pass,no,below_tau_threshold;platform_too_narrow,no
COMPARISON_RELAXED,29.800000000000,3.000000000000,795.000000,1.453371000000,547.004172,47.000000,50.000000,34,9,0.264705882353,0.546134179732,13.653354493,12.446677204,46.552938,69.100845,0.453865820268,0.453865820268,11.346645507,0.100671140940,0.876470588235,-2.123529411765,0.292156862745,-2.422818791946,-0.071259376234,no,0.000000000000,0.000000000000,0.000000000,6.098934,0.674194,high_risk,yes,w0_high_risk,warning,yes,pass,no,below_tau_threshold;platform_too_narrow,no
COMPARISON_RELAXED,29.800000000000,3.000000000000,795.000000,1.453371000000,547.004172,47.000000,50.000000,34,11,0.323529411765,0.722869177888,18.071729447,11.189541142,44.139410,83.846339,0.277130822112,0.277130822112,6.928270553,0.100671140940,0.876470588235,-2.123529411765,0.292156862745,-2.422818791946,-0.071259376234,no,0.000000000000,0.000000000000,0.000000000,6.098934,0.674194,high_risk,yes,w0_high_risk,warning,yes,pass,no,below_tau_threshold;platform_too_narrow,no
COMPARISON_RELAXED,29.800000000000,3.000000000000,795.000000,1.453371000000,547.004172,47.000000,50.000000,34,13,0.382352941176,0.869504458610,21.737611465,8.421195546,38.291930,106.000868,0.130495541390,0.130495541390,3.262388535,0.100671140940,0.876470588235,-2.123529411765,0.292156862745,-2.422818791946,-0.071259376234,no,0.000000000000,0.000000000000,0.000000000,6.098934,0.674194,high_risk,yes,w0_high_risk,warning,yes,pass,no,below_tau_threshold;platform_too_narrow,no
COMPARISON_RELAXED,29.800000000000,3.000000000000,795.000000,1.453371000000,547.004172,47.000000,50.000000,34,15,0.441176470588,0.966236114702,24.155902868,4.515520827,28.039761,152.597739,0.033763885298,0.033763885298,0.844097132,0.100671140940,0.876470588235,-2.123529411765,0.292156862745,-2.422818791946,-0.071259376234,no,0.000000000000,0.000000000000,0.000000000,6.098934,0.674194,high_risk,yes,w0_high_risk,warning,yes,pass,no,below_tau_threshold;platform_too_narrow,no
COMPARISON_RELAXED,29.800000000000,3.000000000000,795.000000,1.453371000000,547.004172,47.000000,50.000000,35,1,0.028571428571,0.008035205701,0.200880143,2.231961185,19.713498,19.793180,0.991964794299,0.008035205701,24.799119857,0.100671140940,0.851428571429,-2.148571428571,0.283809523810,-2.523489932886,-0.072099712368,no,0.000000000000,0.000000000000,0.000000000,5.910337,0.457432,high_risk,no,w0_high_risk,hard_fail,no,short_cavity,no,below_tau_threshold;platform_too_narrow,no
COMPARISON_RELAXED,29.800000000000,3.000000000000,795.000000,1.453371000000,547.004172,47.000000,50.000000,35,2,0.057142857143,0.031882564680,0.797064117,4.392185301,27.654175,28.105848,0.968117435320,0.031882564680,24.202935883,0.100671140940,0.851428571429,-2.148571428571,0.283809523810,-2.523489932886,-0.072099712368,no,0.000000000000,0.000000000000,0.000000000,5.910337,0.457432,high_risk,no,w0_high_risk,hard_fail,no,short_cavity,no,below_tau_threshold;platform_too_narrow,no
COMPARISON_RELAXED,29.800000000000,3.000000000000,795.000000,1.453371000000,547.004172,47.000000,50.000000,35,3,0.085714285714,0.070775603199,1.769390080,6.411240968,33.411151,34.660205,0.929224396801,0.070775603199,23.230609920,0.100671140940,0.851428571429,-2.148571428571,0.283809523810,-2.523489932886,-0.072099712368,no,0.000000000000,0.000000000000,0.000000000,5.910337,0.457432,high_risk,no,w0_high_risk,hard_fail,no,short_cavity,no,below_tau_threshold;platform_too_narrow,no
COMPARISON_RELAXED,29.800000000000,3.000000000000,795.000000,1.453371000000,547.004172,47.000000,50.000000,35,4,0.114285714286,0.123464266998,3.086606675,8.224234074,37.841480,40.418789,0.876535733002,0.123464266998,21.913393325,0.100671140940,0.851428571429,-2.148571428571,0.283809523810,-2.523489932886,-0.072099712368,no,0.000000000000,0.000000000000,0.000000000,5.910337,0.457432,high_risk,yes,w0_high_risk,warning,yes,pass,no,below_tau_threshold;platform_too_narrow,no
COMPARISON_RELAXED,29.800000000000,3.000000000000,795.000000,1.453371000000,547.004172,47.000000,50.000000,35,6,0.171428571429,0.263065668764,6.576641719,11.007444148,43.778777,50.997541,0.736934331236,0.263065668764,18.423358281,0.100671140940,0.851428571429,-2.148571428571,0.283809523810,-2.523489932886,-0.072099712368,no,0.000000000000,0.000000000000,0.000000000,5.910337,0.457432,high_risk,yes,w0_high_risk,warning,yes,pass,no,below_tau_threshold;platform_too_narrow,no
COMPARISON_RELAXED,29.800000000000,3.000000000000,795.000000,1.453371000000,547.004172,47.000000,50.000000,35,8,0.228571428571,0.432883367091,10.822084177,12.386872022,46.440962,61.668732,0.567116632909,0.432883367091,14.177915823,0.100671140940,0.851428571429,-2.148571428571,0.283809523810,-2.523489932886,-0.072099712368,no,0.000000000000,0.000000000000,0.000000000,5.910337,0.457432,high_risk,yes,w0_high_risk,warning,yes,pass,no,below_tau_threshold;platform_too_narrow,no
COMPARISON_RELAXED,29.800000000000,3.000000000000,795.000000,1.453371000000,547.004172,47.000000,50.000000,35,9,0.257142857143,0.522432415175,13.060810379,12.487413332,46.629056,67.474427,0.477567584825,0.477567584825,11.939189621,0.100671140940,0.851428571429,-2.148571428571,0.283809523810,-2.523489932886,-0.072099712368,no,0.000000000000,0.000000000000,0.000000000,5.910337,0.457432,high_risk,yes,w0_high_risk,warning,yes,pass,no,below_tau_threshold;platform_too_narrow,no
COMPARISON_RELAXED,29.800000000000,3.000000000000,795.000000,1.453371000000,547.004172,47.000000,50.000000,35,11,0.314285714286,0.696512515827,17.412812896,11.494097157,44.736069,81.205870,0.303487484173,0.303487484173,7.587187104,0.100671140940,0.851428571429,-2.148571428571,0.283809523810,-2.523489932886,-0.072099712368,no,0.000000000000,0.000000000000,0.000000000,5.910337,0.457432,high_risk,yes,w0_high_risk,warning,yes,pass,no,below_tau_threshold;platform_too_narrow,no
COMPARISON_RELAXED,29.800000000000,3.000000000000,795.000000,1.453371000000,547.004172,47.000000,50.000000,35,12,0.342857142857,0.775448490726,19.386212268,10.432165672,42.619428,89.939327,0.224551509274,0.224551509274,5.613787732,0.100671140940,0.851428571429,-2.148571428571,0.283809523810,-2.523489932886,-0.072099712368,no,0.000000000000,0.000000000000,0.000000000,5.910337,0.457432,high_risk,yes,w0_high_risk,warning,yes,pass,no,below_tau_threshold;platform_too_narrow,no
COMPARISON_RELAXED,29.800000000000,3.000000000000,795.000000,1.453371000000,547.004172,47.000000,50.000000,35,13,0.371428571429,0.845531324493,21.138283112,9.034935798,39.662759,100.916622,0.154468675507,0.154468675507,3.861716888,0.100671140940,0.851428571429,-2.148571428571,0.283809523810,-2.523489932886,-0.072099712368,no,0.000000000000,0.000000000000,0.000000000,5.910337,0.457432,high_risk,yes,w0_high_risk,warning,yes,pass,no,below_tau_threshold;platform_too_narrow,no
COMPARISON_RELAXED,29.800000000000,3.000000000000,795.000000,1.453371000000,547.004172,47.000000,50.000000,35,16,0.457142857143,0.981981430348,24.549535759,3.325460570,24.062807,179.261129,0.018018569652,0.018018569652,0.450464241,0.100671140940,0.851428571429,-2.148571428571,0.283809523810,-2.523489932886,-0.072099712368,no,0.000000000000,0.000000000000,0.000000000,5.910337,0.457432,high_risk,yes,w0_high_risk,warning,yes,pass,no,below_tau_threshold;platform_too_narrow,no
COMPARISON_RELAXED,29.800000000000,3.000000000000,795.000000,1.453371000000,547.004172,47.000000,50.000000,35,17,0.485714285714,0.997987146998,24.949678675,1.120491361,13.967692,311.328307,0.002012853002,0.002012853002,0.050321325,0.100671140940,0.851428571429,-2.148571428571,0.283809523810,-2.523489932886,-0.072099712368,no,0.000000000000,0.000000000000,0.000000000,5.910337,0.457432,high_risk,no,w0_high_risk,hard_fail,no,large_curved_mirror_spot,no,below_tau_threshold;platform_too_narrow,no
COMPARISON_RELAXED,29.800000000000,3.000000000000,795.000000,1.453371000000,547.004172,47.000000,50.000000,36,1,0.027777777778,0.007596123494,0.189903087,2.170602221,19.440638,19.514898,0.992403876506,0.007596123494,24.810096913,0.100671140940,0.827777777778,-2.172222222222,0.275925925926,-2.624161073826,-0.072893363162,no,0.000000000000,0.000000000000,0.000000000,5.729719,0.248749,high_risk,no,w0_high_risk,hard_fail,no,short_cavity,no,below_tau_threshold;platform_too_narrow,no
COMPARISON_RELAXED,29.800000000000,3.000000000000,795.000000,1.453371000000,547.004172,47.000000,50.000000,36,5,0.138888888889,0.178606195157,4.465154879,9.575555539,40.832162,45.053306,0.821393804843,0.178606195157,20.534845121,0.100671140940,0.827777777778,-2.172222222222,0.275925925926,-2.624161073826,-0.072893363162,no,0.000000000000,0.000000000000,0.000000000,5.729719,0.248749,high_risk,yes,w0_high_risk,warning,yes,pass,no,below_tau_threshold;platform_too_narrow,no
COMPARISON_RELAXED,29.800000000000,3.000000000000,795.000000,1.453371000000,547.004172,47.000000,50.000000,36,7,0.194444444444,0.328989928337,8.224748208,11.746157760,45.223930,55.208224,0.671010071663,0.328989928337,16.775251792,0.100671140940,0.827777777778,-2.172222222222,0.275925925926,-2.624161073826,-0.072893363162,no,0.000000000000,0.000000000000,0.000000000,5.729719,0.248749,high_risk,yes,w0_high_risk,warning,yes,pass,no,below_tau_threshold;platform_too_narrow,no
COMPARISON_RELAXED,29.800000000000,3.000000000000,795.000000,1.453371000000,547.004172,47.000000,50.000000,36,11,0.305555555556,0.671010071663,16.775251792,11.746157760,45.223930,78.845515,0.328989928337,0.328989928337,8.224748208,0.100671140940,0.827777777778,-2.172222222222,0.275925925926,-2.624161073826,-0.072893363162,no,0.000000000000,0.000000000000,0.000000000,5.729719,0.248749,high_risk,yes,w0_high_risk,warning,yes,pass,no,below_tau_threshold;platform_too_narrow,no
COMPARISON_RELAXED,29.800000000000,3.000000000000,795.000000,1.453371000000,547.004172,47.000000,50.000000,36,13,0.361111111111,0.821393804843,20.534845121,9.575555539,40.832162,96.617126,0.178606195157,0.178606195157,4.465154879,0.100671140940,0.827777777778,-2.172222222222,0.275925925926,-2.624161073826,-0.072893363162,no,0.000000000000,0.000000000000,0.000000000,5.729719,0.248749,high_risk,yes,w0_high_risk,warning,yes,pass,no,below_tau_threshold;platform_too_narrow,no
COMPARISON_RELAXED,29.800000000000,3.000000000000,795.000000,1.453371000000,547.004172,47.000000,50.000000,36,17,0.472222222222,0.992403876506,24.810096913,2.170602221,19.440638,223.056301,0.007596123494,0.007596123494,0.189903087,0.100671140940,0.827777777778,-2.172222222222,0.275925925926,-2.624161073826,-0.072893363162,no,0.000000000000,0.000000000000,0.000000000,5.729719,0.248749,high_risk,no,w0_high_risk,hard_fail,no,large_curved_mirror_spot,no,below_tau_threshold;platform_too_narrow,no
COMPARISON_RELAXED,29.800000000000,3.000000000000,795.000000,1.453371000000,547.004172,47.000000,50.000000,37,1,0.027027027027,0.007192044826,0.179801121,2.112510254,19.178728,19.248069,0.992807955174,0.007192044826,24.820198879,0.100671140940,0.805405405405,-2.194594594595,0.268468468468,-2.724832214765,-0.073644113913,no,0.000000000000,0.000000000000,0.000000000,5.556640,0.047098,high_risk,no,w0_high_risk,hard_fail,no,short_cavity,no,below_tau_threshold;platform_too_narrow,no
COMPARISON_RELAXED,29.800000000000,3.000000000000,795.000000,1.453371000000,547.004172,47.000000,50.000000,37,2,0.054054054054,0.028561277269,0.714031932,4.164247434,26.927042,27.320015,0.971438722731,0.028561277269,24.285968068,0.100671140940,0.805405405405,-2.194594594595,0.268468468468,-2.724832214765,-0.073644113913,no,0.000000000000,0.000000000000,0.000000000,5.556640,0.047098,high_risk,no,w0_high_risk,hard_fail,no,short_cavity,no,below_tau_threshold;platform_too_narrow,no
COMPARISON_RELAXED,29.800000000000,3.000000000000,795.000000,1.453371000000,547.004172,47.000000,50.000000,37,3,0.081081081081,0.063492943419,1.587323585,6.096186798,32.579883,33.666191,0.936507056581,0.063492943419,23.412676415,0.100671140940,0.805405405405,-2.194594594595,0.268468468468,-2.724832214765,-0.073644113913,no,0.000000000000,0.000000000000,0.000000000,5.556640,0.047098,high_risk,no,w0_high_risk,hard_fail,no,short_cavity,no,below_tau_threshold;platform_too_narrow,no
COMPARISON_RELAXED,29.800000000000,3.000000000000,795.000000,1.453371000000,547.004172,47.000000,50.000000,37,4,0.108108108108,0.110982122841,2.774553071,7.852749966,36.976965,39.217149,0.889017877159,0.110982122841,22.225446929,0.100671140940,0.805405405405,-2.194594594595,0.268468468468,-2.724832214765,-0.073644113913,no,0.000000000000,0.000000000000,0.000000000,5.556640,0.047098,high_risk,yes,w0_high_risk,warning,yes,pass,no,below_tau_threshold;platform_too_narrow,no
COMPARISON_RELAXED,29.800000000000,3.000000000000,795.000000,1.453371000000,547.004172,47.000000,50.000000,37,5,0.135135135135,0.169662638305,4.241565958,9.383403816,40.420398,44.358137,0.830337361695,0.169662638305,20.758434042,0.100671140940,0.805405405405,-2.194594594595,0.268468468468,-2.724832214765,-0.073644113913,no,0.000000000000,0.000000000000,0.000000000,5.556640,0.047098,high_risk,yes,w0_high_risk,warning,yes,pass,no,below_tau_threshold;platform_too_narrow,no
COMPARISON_RELAXED,29.800000000000,3.000000000000,795.000000,1.453371000000,547.004172,47.000000,50.000000,37,6,0.162162162162,0.237846358221,5.946158956,10.644114222,43.050197,49.312144,0.762153641779,0.237846358221,19.053841044,0.100671140940,0.805405405405,-2.194594594595,0.268468468468,-2.724832214765,-0.073644113913,no,0.000000000000,0.000000000000,0.000000000,5.556640,0.047098,high_risk,yes,w0_high_risk,warning,yes,pass,no,below_tau_threshold;platform_too_narrow,no
COMPARISON_RELAXED,29.800000000000,3.000000000000,795.000000,1.453371000000,547.004172,47.000000,50.000000,37,7,0.189189189189,0.313571761110,7.839294028,11.598612841,44.939000,54.240769,0.686428238890,0.313571761110,17.160705972,0.100671140940,0.805405405405,-2.194594594595,0.268468468468,-2.724832214765,-0.073644113913,no,0.000000000000,0.000000000000,0.000000000,5.556640,0.047098,high_risk,yes,w0_high_risk,warning,yes,pass,no,below_tau_threshold;platform_too_narrow,no
COMPARISON_RELAXED,29.800000000000,3.000000000000,795.000000,1.453371000000,547.004172,47.000000,50.000000,37,8,0.216216216216,0.394660365002,9.866509125,12.219440487,46.126026,59.285227,0.605339634998,0.394660365002,15.133490875,0.100671140940,0.805405405405,-2.194594594595,0.268468468468,-2.724832214765,-0.073644113913,no,0.000000000000,0.000000000000,0.000000000,5.556640,0.047098,high_risk,yes,w0_high_risk,warning,yes,pass,no,below_tau_threshold;platform_too_narrow,no
COMPARISON_RELAXED,29.800000000000,3.000000000000,795.000000,1.453371000000,547.004172,47.000000,50.000000,37,9,0.243243243243,0.478779398402,11.969484960,12.488737078,46.631528,64.590531,0.521220601598,0.478779398402,13.030515040,0.100671140940,0.805405405405,-2.194594594595,0.268468468468,-2.724832214765,-0.073644113913,no,0.000000000000,0.000000000000,0.000000000,5.556640,0.047098,high_risk,yes,w0_high_risk,warning,yes,pass,no,below_tau_threshold;platform_too_narrow,no
COMPARISON_RELAXED,29.800000000000,3.000000000000,795.000000,1.453371000000,547.004172,47.000000,50.000000,37,10,0.270270270270,0.563508909873,14.087722747,12.398755441,46.463233,70.326943,0.436491090127,0.436491090127,10.912277253,0.100671140940,0.805405405405,-2.194594594595,0.268468468468,-2.724832214765,-0.073644113913,no,0.000000000000,0.000000000000,0.000000000,5.556640,0.047098,high_risk,yes,w0_high_risk,warning,yes,pass,no,below_tau_threshold;platform_too_narrow,no
COMPARISON_RELAXED,29.800000000000,3.000000000000,795.000000,1.453371000000,547.004172,47.000000,50.000000,37,11,0.297297297297,0.646411385638,16.160284641,11.952084184,45.618626,76.717257,0.353588614362,0.353588614362,8.839715359,0.100671140940,0.805405405405,-2.194594594595,0.268468468468,-2.724832214765,-0.073644113913,no,0.000000000000,0.000000000000,0.000000000,5.556640,0.047098,high_risk,yes,w0_high_risk,warning,yes,pass,no,below_tau_threshold;platform_too_narrow,no
COMPARISON_RELAXED,29.800000000000,3.000000000000,795.000000,1.453371000000,547.004172,47.000000,50.000000,37,12,0.324324324324,0.725101872409,18.127546810,11.161573227,44.084213,84.080870,0.274898127591,0.274898127591,6.872453190,0.100671140940,0.805405405405,-2.194594594595,0.268468468468,-2.724832214765,-0.073644113913,no,0.000000000000,0.000000000000,0.000000000,5.556640,0.047098,high_risk,yes,w0_high_risk,warning,yes,pass,no,below_tau_threshold;platform_too_narrow,no
COMPARISON_RELAXED,29.800000000000,3.000000000000,795.000000,1.453371000000,547.004172,47.000000,50.000000,37,13,0.351351351351,0.797316588152,19.932914704,10.049964130,41.831423,92.916648,0.202683411848,0.202683411848,5.067085296,0.100671140940,0.805405405405,-2.194594594595,0.268468468468,-2.724832214765,-0.073644113913,no,0.000000000000,0.000000000000,0.000000000,5.556640,0.047098,high_risk,yes,w0_high_risk,warning,yes,pass,no,below_tau_threshold;platform_too_narrow,no
COMPARISON_RELAXED,29.800000000000,3.000000000000,795.000000,1.453371000000,547.004172,47.000000,50.000000,37,14,0.378378378378,0.860978046977,21.524451174,8.649235862,38.806927,104.080066,0.139021953023,0.139021953023,3.475548826,0.100671140940,0.805405405405,-2.194594594595,0.268468468468,-2.724832214765,-0.073644113913,no,0.000000000000,0.000000000000,0.000000000,5.556640,0.047098,high_risk,yes,w0_high_risk,warning,yes,pass,no,below_tau_threshold;platform_too_narrow,no
COMPARISON_RELAXED,29.800000000000,3.000000000000,795.000000,1.453371000000,547.004172,47.000000,50.000000,37,15,0.405405405405,0.914254824622,22.856370616,6.999684827,34.910786,119.221554,0.085745175378,0.085745175378,2.143629384,0.100671140940,0.805405405405,-2.194594594595,0.268468468468,-2.724832214765,-0.073644113913,no,0.000000000000,0.000000000000,0.000000000,5.556640,0.047098,high_risk,yes,w0_high_risk,warning,yes,pass,no,below_tau_threshold;platform_too_narrow,no
COMPARISON_RELAXED,29.800000000000,3.000000000000,795.000000,1.453371000000,547.004172,47.000000,50.000000,37,16,0.432432432432,0.955614245194,23.890356130,5.148765603,29.941389,142.118344,0.044385754806,0.044385754806,1.109643870,0.100671140940,0.805405405405,-2.194594594595,0.268468468468,-2.724832214765,-0.073644113913,no,0.000000000000,0.000000000000,0.000000000,5.556640,0.047098,high_risk,yes,w0_high_risk,warning,yes,pass,no,below_tau_threshold;platform_too_narrow,no
COMPARISON_RELAXED,29.800000000000,3.000000000000,795.000000,1.453371000000,547.004172,47.000000,50.000000,37,17,0.459459459459,0.983866473467,24.596661837,3.149725767,23.418375,184.370783,0.016133526533,0.016133526533,0.403338163,0.100671140940,0.805405405405,-2.194594594595,0.268468468468,-2.724832214765,-0.073644113913,no,0.000000000000,0.000000000000,0.000000000,5.556640,0.047098,high_risk,yes,w0_high_risk,warning,yes,pass,no,below_tau_threshold;platform_too_narrow,no
COMPARISON_RELAXED,29.800000000000,3.000000000000,795.000000,1.453371000000,547.004172,47.000000,50.000000,37,18,0.486486486486,0.998198744271,24.954968607,1.060074056,13.585902,320.111148,0.001801255729,0.001801255729,0.045031393,0.100671140940,0.805405405405,-2.194594594595,0.268468468468,-2.724832214765,-0.073644113913,no,0.000000000000,0.000000000000,0.000000000,5.556640,0.047098,high_risk,no,w0_high_risk,hard_fail,no,large_curved_mirror_spot,no,below_tau_threshold;platform_too_narrow,no
COMPARISON_RELAXED,29.800000000000,3.000000000000,795.000000,1.453371000000,547.004172,47.000000,50.000000,38,1,0.026315789474,0.006819348299,0.170483707,2.057432379,18.927060,18.991927,0.993180651701,0.006819348299,24.829516293,0.100671140940,0.784210526316,-2.215789473684,0.261403508772,-2.825503355705,-0.074355351466,no,0.000000000000,0.000000000000,0.000000000,5.390691,-0.147377,high_risk,no,w0_high_risk,hard_fail,no,short_cavity,no,below_tau_threshold;platform_too_narrow,no
COMPARISON_RELAXED,29.800000000000,3.000000000000,795.000000,1.453371000000,547.004172,47.000000,50.000000,38,3,0.078947368421,0.060263124397,1.506578110,5.949342413,32.185100,33.201043,0.939736875603,0.060263124397,23.493421890,0.100671140940,0.784210526316,-2.215789473684,0.261403508772,-2.825503355705,-0.074355351466,no,0.000000000000,0.000000000000,0.000000000,5.390691,-0.147377,high_risk,no,w0_high_risk,hard_fail,no,short_cavity,no,below_tau_threshold;platform_too_narrow,no
COMPARISON_RELAXED,29.800000000000,3.000000000000,795.000000,1.453371000000,547.004172,47.000000,50.000000,38,5,0.131578947368,0.161359214187,4.033980355,9.196548883,40.015922,43.696317,0.838640785813,0.161359214187,20.966019645,0.100671140940,0.784210526316,-2.215789473684,0.261403508772,-2.825503355705,-0.074355351466,no,0.000000000000,0.000000000000,0.000000000,5.390691,-0.147377,high_risk,yes,w0_high_risk,warning,yes,pass,no,below_tau_threshold;platform_too_narrow,no
COMPARISON_RELAXED,29.800000000000,3.000000000000,795.000000,1.453371000000,547.004172,47.000000,50.000000,38,7,0.184210526316,0.299152287674,7.478807192,11.447166583,44.644646,53.328277,0.700847712326,0.299152287674,17.521192808,0.100671140940,0.784210526316,-2.215789473684,0.261403508772,-2.825503355705,-0.074355351466,no,0.000000000000,0.000000000000,0.000000000,5.390691,-0.147377,high_risk,yes,w0_high_risk,warning,yes,pass,no,below_tau_threshold;platform_too_narrow,no
COMPARISON_RELAXED,29.800000000000,3.000000000000,795.000000,1.453371000000,547.004172,47.000000,50.000000,38,9,0.236842105263,0.458710327264,11.467758182,12.457306163,46.572811,63.302022,0.541289672736,0.458710327264,13.532241818,0.100671140940,0.784210526316,-2.215789473684,0.261403508772,-2.825503355705,-0.074355351466,no,0.000000000000,0.000000000000,0.000000000,5.390691,-0.147377,high_risk,yes,w0_high_risk,warning,yes,pass,no,below_tau_threshold;platform_too_narrow,no
COMPARISON_RELAXED,29.800000000000,3.000000000000,795.000000,1.453371000000,547.004172,47.000000,50.000000,38,11,0.289473684211,0.622742743570,15.568568589,12.117503324,45.933227,74.783908,0.377257256430,0.377257256430,9.431431411,0.100671140940,0.784210526316,-2.215789473684,0.261403508772,-2.825503355705,-0.074355351466,no,0.000000000000,0.000000000000,0.000000000,5.390691,-0.147377,high_risk,yes,w0_high_risk,warning,yes,pass,no,below_tau_threshold;platform_too_narrow,no
COMPARISON_RELAXED,29.800000000000,3.000000000000,795.000000,1.453371000000,547.004172,47.000000,50.000000,38,13,0.342105263158,0.773474079061,19.336851977,10.464580978,42.685592,89.685524,0.226525920939,0.226525920939,5.663148023,0.100671140940,0.784210526316,-2.215789473684,0.261403508772,-2.825503355705,-0.074355351466,no,0.000000000000,0.000000000000,0.000000000,5.390691,-0.147377,high_risk,yes,w0_high_risk,warning,yes,pass,no,below_tau_threshold;platform_too_narrow,no
COMPARISON_RELAXED,29.800000000000,3.000000000000,795.000000,1.453371000000,547.004172,47.000000,50.000000,38,15,0.394736842105,0.894570254698,22.364256367,7.677658909,36.562408,112.603843,0.105429745302,0.105429745302,2.635743633,0.100671140940,0.784210526316,-2.215789473684,0.261403508772,-2.825503355705,-0.074355351466,no,0.000000000000,0.000000000000,0.000000000,5.390691,-0.147377,high_risk,yes,w0_high_risk,warning,yes,pass,no,below_tau_threshold;platform_too_narrow,no
COMPARISON_RELAXED,29.800000000000,3.000000000000,795.000000,1.453371000000,547.004172,47.000000,50.000000,38,17,0.447368421053,0.972908620850,24.322715521,4.058743365,26.583746,161.510448,0.027091379150,0.027091379150,0.677284479,0.100671140940,0.784210526316,-2.215789473684,0.261403508772,-2.825503355705,-0.074355351466,no,0.000000000000,0.000000000000,0.000000000,5.390691,-0.147377,high_risk,yes,w0_high_risk,warning,yes,pass,no,below_tau_threshold;platform_too_narrow,no
COMPARISON_RELAXED,29.800000000000,3.000000000000,795.000000,1.453371000000,547.004172,47.000000,50.000000,39,1,0.025641025641,0.006474868681,0.161871717,2.005141011,18.684989,18.745776,0.993525131319,0.006474868681,24.838128283,0.100671140940,0.764102564103,-2.235897435897,0.254700854701,-2.926174496644,-0.075030115299,no,0.000000000000,0.000000000000,0.000000000,5.231493,-0.335571,high_risk,no,w0_high_risk,hard_fail,no,short_cavity,no,below_tau_threshold;platform_too_narrow,no
COMPARISON_RELAXED,29.800000000000,3.000000000000,795.000000,1.453371000000,547.004172,47.000000,50.000000,39,2,0.051282051282,0.025731779026,0.643294476,3.958349923,26.252912,26.597340,0.974268220974,0.025731779026,24.356705524,0.100671140940,0.764102564103,-2.235897435897,0.254700854701,-2.926174496644,-0.075030115299,no,0.000000000000,0.000000000000,0.000000000,5.231493,-0.335571,high_risk,no,w0_high_risk,hard_fail,no,short_cavity,no,below_tau_threshold;platform_too_narrow,no
COMPARISON_RELAXED,29.800000000000,3.000000000000,795.000000,1.453371000000,547.004172,47.000000,50.000000,39,4,0.102564102564,0.100278618298,2.506965457,7.509278303,36.159256,38.121103,0.899721381702,0.100278618298,22.493034543,0.100671140940,0.764102564103,-2.235897435897,0.254700854701,-2.926174496644,-0.075030115299,no,0.000000000000,0.000000000000,0.000000000,5.231493,-0.335571,high_risk,yes,w0_high_risk,warning,yes,pass,no,below_tau_threshold;platform_too_narrow,no
COMPARISON_RELAXED,29.800000000000,3.000000000000,795.000000,1.453371000000,547.004172,47.000000,50.000000,39,5,0.128205128205,0.153637823245,3.840945581,9.015030592,39.619043,43.065140,0.846362176755,0.153637823245,21.159054419,0.100671140940,0.764102564103,-2.235897435897,0.254700854701,-2.926174496644,-0.075030115299,no,0.000000000000,0.000000000000,0.000000000,5.231493,-0.335571,high_risk,yes,w0_high_risk,warning,yes,pass,no,below_tau_threshold;platform_too_narrow,no
COMPARISON_RELAXED,29.800000000000,3.000000000000,795.000000,1.453371000000,547.004172,47.000000,50.000000,39,7,0.179487179487,0.285653719298,7.141342982,11.293130433,44.343254,52.465421,0.714346280702,0.285653719298,17.858657018,0.100671140940,0.764102564103,-2.235897435897,0.254700854701,-2.926174496644,-0.075030115299,no,0.000000000000,0.000000000000,0.000000000,5.231493,-0.335571,high_risk,yes,w0_high_risk,warning,yes,pass,no,below_tau_threshold;platform_too_narrow,no
COMPARISON_RELAXED,29.800000000000,3.000000000000,795.000000,1.453371000000,547.004172,47.000000,50.000000,39,8,0.205128205128,0.360891268042,9.022281701,12.006476395,45.722310,57.192725,0.639108731958,0.360891268042,15.977718299,0.100671140940,0.764102564103,-2.235897435897,0.254700854701,-2.926174496644,-0.075030115299,no,0.000000000000,0.000000000000,0.000000000,5.231493,-0.335571,high_risk,yes,w0_high_risk,warning,yes,pass,no,below_tau_threshold;platform_too_narrow,no
COMPARISON_RELAXED,29.800000000000,3.000000000000,795.000000,1.453371000000,547.004172,47.000000,50.000000,39,10,0.256410256410,0.520132970055,13.003324251,12.489862477,46.633629,67.319170,0.479867029945,0.479867029945,11.996675749,0.100671140940,0.764102564103,-2.235897435897,0.254700854701,-2.926174496644,-0.075030115299,no,0.000000000000,0.000000000000,0.000000000,5.231493,-0.335571,high_risk,yes,w0_high_risk,warning,yes,pass,no,below_tau_threshold;platform_too_narrow,no
COMPARISON_RELAXED,29.800000000000,3.000000000000,795.000000,1.453371000000,547.004172,47.000000,50.000000,39,11,0.282051282051,0.600012846888,15.000321172,12.247383151,46.178735,73.016164,0.399987153112,0.399987153112,9.999678828,0.100671140940,0.764102564103,-2.235897435897,0.254700854701,-2.926174496644,-0.075030115299,no,0.000000000000,0.000000000000,0.000000000,5.231493,-0.335571,high_risk,yes,w0_high_risk,warning,yes,pass,no,below_tau_threshold;platform_too_narrow,no
COMPARISON_RELAXED,29.800000000000,3.000000000000,795.000000,1.453371000000,547.004172,47.000000,50.000000,39,14,0.358974358974,0.816222687798,20.405567195,9.682562023,41.059677,95.778841,0.183777312202,0.183777312202,4.594432805,0.100671140940,0.764102564103,-2.235897435897,0.254700854701,-2.926174496644,-0.075030115299,no,0.000000000000,0.000000000000,0.000000000,5.231493,-0.335571,high_risk,yes,w0_high_risk,warning,yes,pass,no,below_tau_threshold;platform_too_narrow,no
COMPARISON_RELAXED,29.800000000000,3.000000000000,795.000000,1.453371000000,547.004172,47.000000,50.000000,39,16,0.410256410256,0.922595042772,23.064876069,6.680822827,34.106359,122.588850,0.077404957228,0.077404957228,1.935123931,0.100671140940,0.764102564103,-2.235897435897,0.254700854701,-2.926174496644,-0.075030115299,no,0.000000000000,0.000000000000,0.000000000,5.231493,-0.335571,high_risk,yes,w0_high_risk,warning,yes,pass,no,below_tau_threshold;platform_too_narrow,no
COMPARISON_RELAXED,29.800000000000,3.000000000000,795.000000,1.453371000000,547.004172,47.000000,50.000000,39,17,0.435897435897,0.959989721829,23.999743046,4.899582623,29.207873,146.020604,0.040010278171,0.040010278171,1.000256954,0.100671140940,0.764102564103,-2.235897435897,0.254700854701,-2.926174496644,-0.075030115299,no,0.000000000000,0.000000000000,0.000000000,5.231493,-0.335571,high_risk,yes,w0_high_risk,warning,yes,pass,no,below_tau_threshold;platform_too_narrow,no
COMPARISON_RELAXED,29.800000000000,3.000000000000,795.000000,1.453371000000,547.004172,47.000000,50.000000,39,19,0.487179487179,0.998378654067,24.959466352,1.005832109,13.233756,328.658817,0.001621345933,0.001621345933,0.040533648,0.100671140940,0.764102564103,-2.235897435897,0.254700854701,-2.926174496644,-0.075030115299,no,0.000000000000,0.000000000000,0.000000000,5.231493,-0.335571,high_risk,no,w0_high_risk,hard_fail,no,large_curved_mirror_spot,no,below_tau_threshold;platform_too_narrow,no
COMPARISON_RELAXED,29.800000000000,3.000000000000,795.000000,1.453371000000,547.004172,47.000000,50.000000,40,1,0.025000000000,0.006155829702,0.153895743,1.955430813,18.451922,18.508979,0.993844170298,0.006155829702,24.846104257,0.100671140940,0.745000000000,-2.255000000000,0.248333333333,-3.026845637584,-0.075671140940,no,0.000000000000,0.000000000000,0.000000000,5.078694,-0.517359,high_risk,no,w0_high_risk,hard_fail,no,short_cavity,no,below_tau_threshold;platform_too_narrow,no
COMPARISON_RELAXED,29.800000000000,3.000000000000,795.000000,1.453371000000,547.004172,47.000000,50.000000,40,3,0.075000000000,0.054496737906,1.362418448,5.674881247,31.433937,32.327138,0.945503262094,0.054496737906,23.637581552,0.100671140940,0.745000000000,-2.255000000000,0.248333333333,-3.026845637584,-0.075671140940,no,0.000000000000,0.000000000000,0.000000000,5.078694,-0.517359,high_risk,no,w0_high_risk,hard_fail,no,short_cavity,no,below_tau_threshold;platform_too_narrow,no
COMPARISON_RELAXED,29.800000000000,3.000000000000,795.000000,1.453371000000,547.004172,47.000000,50.000000,40,7,0.175000000000,0.273004750130,6.825118753,11.137581552,44.036808,51.647588,0.726995249870,0.273004750130,18.174881247,0.100671140940,0.745000000000,-2.255000000000,0.248333333333,-3.026845637584,-0.075671140940,no,0.000000000000,0.000000000000,0.000000000,5.078694,-0.517359,high_risk,yes,w0_high_risk,warning,yes,pass,no,below_tau_threshold;platform_too_narrow,no
COMPARISON_RELAXED,29.800000000000,3.000000000000,795.000000,1.453371000000,547.004172,47.000000,50.000000,40,9,0.225000000000,0.421782767480,10.544569187,12.346104257,46.364476,60.973319,0.578217232520,0.421782767480,14.455430813,0.100671140940,0.745000000000,-2.255000000000,0.248333333333,-3.026845637584,-0.075671140940,no,0.000000000000,0.000000000000,0.000000000,5.078694,-0.517359,high_risk,yes,w0_high_risk,warning,yes,pass,no,below_tau_threshold;platform_too_narrow,no
COMPARISON_RELAXED,29.800000000000,3.000000000000,795.000000,1.453371000000,547.004172,47.000000,50.000000,40,11,0.275000000000,0.578217232520,14.455430813,12.346104257,46.364476,71.390584,0.421782767480,0.421782767480,10.544569187,0.100671140940,0.745000000000,-2.255000000000,0.248333333333,-3.026845637584,-0.075671140940,no,0.000000000000,0.000000000000,0.000000000,5.078694,-0.517359,high_risk,yes,w0_high_risk,warning,yes,pass,no,below_tau_threshold;platform_too_narrow,no
COMPARISON_RELAXED,29.800000000000,3.000000000000,795.000000,1.453371000000,547.004172,47.000000,50.000000,40,13,0.325000000000,0.726995249870,18.174881247,11.137581552,44.036808,84.281204,0.273004750130,0.273004750130,6.825118753,0.100671140940,0.745000000000,-2.255000000000,0.248333333333,-3.026845637584,-0.075671140940,no,0.000000000000,0.000000000000,0.000000000,5.078694,-0.517359,high_risk,yes,w0_high_risk,warning,yes,pass,no,below_tau_threshold;platform_too_narrow,no
COMPARISON_RELAXED,29.800000000000,3.000000000000,795.000000,1.453371000000,547.004172,47.000000,50.000000,40,17,0.425000000000,0.945503262094,23.637581552,5.674881247,31.433937,134.652220,0.054496737906,0.054496737906,1.362418448,0.100671140940,0.745000000000,-2.255000000000,0.248333333333,-3.026845637584,-0.075671140940,no,0.000000000000,0.000000000000,0.000000000,5.078694,-0.517359,high_risk,yes,w0_high_risk,warning,yes,pass,no,below_tau_threshold;platform_too_narrow,no
COMPARISON_RELAXED,29.800000000000,3.000000000000,795.000000,1.453371000000,547.004172,47.000000,50.000000,40,19,0.475000000000,0.993844170298,24.846104257,1.955430813,18.451922,235.178877,0.006155829702,0.006155829702,0.153895743,0.100671140940,0.745000000000,-2.255000000000,0.248333333333,-3.026845637584,-0.075671140940,no,0.000000000000,0.000000000000,0.000000000,5.078694,-0.517359,high_risk,no,w0_high_risk,hard_fail,no,large_curved_mirror_spot,no,below_tau_threshold;platform_too_narrow,no
COMPARISON_RELAXED,29.800000000000,3.000000000000,795.000000,1.453371000000,547.004172,47.000000,50.000000,41,1,0.024390243902,0.005859788110,0.146494703,1.908116053,18.227318,18.280958,0.994140211890,0.005859788110,24.853505297,0.100671140940,0.726829268293,-2.273170731707,0.242276422764,-3.127516778523,-0.076280897037,no,0.000000000000,0.000000000000,0.000000000,4.931963,-0.693514,high_risk,no,w0_high_risk,hard_fail,no,short_cavity,no,below_tau_threshold;platform_too_narrow,no
COMPARISON_RELAXED,29.800000000000,3.000000000000,795.000000,1.453371000000,547.004172,47.000000,50.000000,41,2,0.048780487805,0.023301803973,0.582545099,3.771507482,25.625826,25.929711,0.976698196027,0.023301803973,24.417454901,0.100671140940,0.726829268293,-2.273170731707,0.242276422764,-3.127516778523,-0.076280897037,no,0.000000000000,0.000000000000,0.000000000,4.931963,-0.693514,high_risk,no,w0_high_risk,hard_fail,no,short_cavity,no,below_tau_threshold;platform_too_narrow,no
COMPARISON_RELAXED,29.800000000000,3.000000000000,795.000000,1.453371000000,547.004172,47.000000,50.000000,41,3,0.073170731707,0.051917221519,1.297930538,5.546497973,31.076336,31.915870,0.948082778481,0.051917221519,23.702069462,0.100671140940,0.726829268293,-2.273170731707,0.242276422764,-3.127516778523,-0.076280897037,no,0.000000000000,0.000000000000,0.000000000,4.931963,-0.693514,high_risk,no,w0_high_risk,hard_fail,no,short_cavity,no,below_tau_threshold;platform_too_narrow,no
COMPARISON_RELAXED,29.800000000000,3.000000000000,795.000000,1.453371000000,547.004172,47.000000,50.000000,41,4,0.097560975610,0.091035319617,2.275882990,7.191483253,35.385849,37.115568,0.908964680383,0.091035319617,22.724117010,0.100671140940,0.726829268293,-2.273170731707,0.242276422764,-3.127516778523,-0.076280897037,no,0.000000000000,0.000000000000,0.000000000,4.931963,-0.693514,high_risk,no,w0_high_risk,hard_fail,no,short_cavity,no,below_tau_threshold;platform_too_narrow,no
COMPARISON_RELAXED,29.800000000000,3.000000000000,795.000000,1.453371000000,547.004172,47.000000,50.000000,41,5,0.121951219512,0.139739203200,3.493480080,8.667906260,38.848789,41.885376,0.860260796800,0.139739203200,21.506519920,0.100671140940,0.726829268293,-2.273170731707,0.242276422764,-3.127516778523,-0.076280897037,no,0.000000000000,0.000000000000,0.000000000,4.931963,-0.693514,high_risk,yes,w0_high_risk,warning,yes,pass,no,below_tau_threshold;platform_too_narrow,no
COMPARISON_RELAXED,29.800000000000,3.000000000000,795.000000,1.453371000000,547.004172,47.000000,50.000000,41,6,0.146341463415,0.196887294517,4.922182363,9.941160891,41.604368,46.424869,0.803112705483,0.196887294517,20.077817637,0.100671140940,0.726829268293,-2.273170731707,0.242276422764,-3.127516778523,-0.076280897037,no,0.000000000000,0.000000000000,0.000000000,4.931963,-0.693514,high_risk,yes,w0_high_risk,warning,yes,pass,no,below_tau_threshold;platform_too_narrow,no
COMPARISON_RELAXED,29.800000000000,3.000000000000,795.000000,1.453371000000,547.004172,47.000000,50.000000,41,7,0.170731707317,0.261140090744,6.528502269,10.981403136,43.726962,50.870763,0.738859909256,0.261140090744,18.471497731,0.100671140940,0.726829268293,-2.273170731707,0.242276422764,-3.127516778523,-0.076280897037,no,0.000000000000,0.000000000000,0.000000000,4.931963,-0.693514,high_risk,yes,w0_high_risk,warning,yes,pass,no,below_tau_threshold;platform_too_narrow,no
COMPARISON_RELAXED,29.800000000000,3.000000000000,795.000000,1.453371000000,547.004172,47.000000,50.000000,41,8,0.195121951220,0.330991560796,8.274789020,11.764250600,45.258746,55.333319,0.669008439204,0.330991560796,16.725210980,0.100671140940,0.726829268293,-2.273170731707,0.242276422764,-3.127516778523,-0.076280897037,no,0.000000000000,0.000000000000,0.000000000,4.931963,-0.693514,high_risk,yes,w0_high_risk,warning,yes,pass,no,below_tau_threshold;platform_too_narrow,no
COMPARISON_RELAXED,29.800000000000,3.000000000000,795.000000,1.453371000000,547.004172,47.000000,50.000000,41,9,0.219512195122,0.404804445418,10.120111135,12.271354000,46.223904,59.915169,0.595195554582,0.404804445418,14.879888865,0.100671140940,0.726829268293,-2.273170731707,0.242276422764,-3.127516778523,-0.076280897037,no,0.000000000000,0.000000000000,0.000000000,4.931963,-0.693514,high_risk,yes,w0_high_risk,warning,yes,pass,no,below_tau_threshold;platform_too_narrow,no
COMPARISON_RELAXED,29.800000000000,3.000000000000,795.000000,1.453371000000,547.004172,47.000000,50.000000,41,10,0.243902439024,0.480848633155,12.021215829,12.490827263,46.635430,64.724542,0.519151366845,0.480848633155,12.978784171,0.100671140940,0.726829268293,-2.273170731707,0.242276422764,-3.127516778523,-0.076280897037,no,0.000000000000,0.000000000000,0.000000000,4.931963,-0.693514,high_risk,yes,w0_high_risk,warning,yes,pass,no,below_tau_threshold;platform_too_narrow,no
COMPARISON_RELAXED,29.800000000000,3.000000000000,795.000000,1.453371000000,547.004172,47.000000,50.000000,41,11,0.268292682927,0.557341712699,13.933542817,12.417526122,46.498391,69.888163,0.442658287301,0.442658287301,11.066457183,0.100671140940,0.726829268293,-2.273170731707,0.242276422764,-3.127516778523,-0.076280897037,no,0.000000000000,0.000000000000,0.000000000,4.931963,-0.693514,high_risk,yes,w0_high_risk,warning,yes,pass,no,below_tau_threshold;platform_too_narrow,no
COMPARISON_RELAXED,29.800000000000,3.000000000000,795.000000,1.453371000000,547.004172,47.000000,50.000000,41,12,0.292682926829,0.632490751098,15.812268777,12.053168693,45.811130,75.567815,0.367509248902,0.367509248902,9.187731223,0.100671140940,0.726829268293,-2.273170731707,0.242276422764,-3.127516778523,-0.076280897037,no,0.000000000000,0.000000000000,0.000000000,4.931963,-0.693514,high_risk,yes,w0_high_risk,warning,yes,pass,no,below_tau_threshold;platform_too_narrow,no
COMPARISON_RELAXED,29.800000000000,3.000000000000,795.000000,1.453371000000,547.004172,47.000000,50.000000,41,13,0.317073170732,0.704534318586,17.613357965,11.406295206,44.564874,81.985899,0.295465681414,0.295465681414,7.386642035,0.100671140940,0.726829268293,-2.273170731707,0.242276422764,-3.127516778523,-0.076280897037,no,0.000000000000,0.000000000000,0.000000000,4.931963,-0.693514,high_risk,yes,w0_high_risk,warning,yes,pass,no,below_tau_threshold;platform_too_narrow,no
COMPARISON_RELAXED,29.800000000000,3.000000000000,795.000000,1.453371000000,547.004172,47.000000,50.000000,41,14,0.341463414634,0.771783775001,19.294594375,10.492067827,42.741615,89.470048,0.228216224999,0.228216224999,5.705405625,0.100671140940,0.726829268293,-2.273170731707,0.242276422764,-3.127516778523,-0.076280897037,no,0.000000000000,0.000000000000,0.000000000,4.931963,-0.693514,high_risk,yes,w0_high_risk,warning,yes,pass,no,below_tau_threshold;platform_too_narrow,no
COMPARISON_RELAXED,29.800000000000,3.000000000000,795.000000,1.453371000000,547.004172,47.000000,50.000000,41,15,0.365853658537,0.832662850083,20.816571252,9.331915270,40.309348,98.539327,0.167337149917,0.167337149917,4.183428748,0.100671140940,0.726829268293,-2.273170731707,0.242276422764,-3.127516778523,-0.076280897037,no,0.000000000000,0.000000000000,0.000000000,4.931963,-0.693514,high_risk,yes,w0_high_risk,warning,yes,pass,no,below_tau_threshold;platform_too_narrow,no
COMPARISON_RELAXED,29.800000000000,3.000000000000,795.000000,1.453371000000,547.004172,47.000000,50.000000,41,16,0.390243902439,0.885744589911,22.143614748,7.953030529,37.212317,110.090114,0.114255410089,0.114255410089,2.856385252,0.100671140940,0.726829268293,-2.273170731707,0.242276422764,-3.127516778523,-0.076280897037,no,0.000000000000,0.000000000000,0.000000000,4.931963,-0.693514,high_risk,yes,w0_high_risk,warning,yes,pass,no,below_tau_threshold;platform_too_narrow,no
COMPARISON_RELAXED,29.800000000000,3.000000000000,795.000000,1.453371000000,547.004172,47.000000,50.000000,41,17,0.414634146341,0.929784803494,23.244620087,6.387733493,33.349842,125.857245,0.070215196506,0.070215196506,1.755379913,0.100671140940,0.726829268293,-2.273170731707,0.242276422764,-3.127516778523,-0.076280897037,no,0.000000000000,0.000000000000,0.000000000,4.931963,-0.693514,high_risk,yes,w0_high_risk,warning,yes,pass,no,below_tau_threshold;platform_too_narrow,no
COMPARISON_RELAXED,29.800000000000,3.000000000000,795.000000,1.453371000000,547.004172,47.000000,50.000000,41,18,0.439024390244,0.963751225551,24.093780639,4.672713398,28.523641,149.816032,0.036248774449,0.036248774449,0.906219361,0.100671140940,0.726829268293,-2.273170731707,0.242276422764,-3.127516778523,-0.076280897037,no,0.000000000000,0.000000000000,0.000000000,4.931963,-0.693514,high_risk,yes,w0_high_risk,warning,yes,pass,no,below_tau_threshold;platform_too_narrow,no
COMPARISON_RELAXED,29.800000000000,3.000000000000,795.000000,1.453371000000,547.004172,47.000000,50.000000,41,19,0.463414634146,0.986847711939,24.671192798,2.848168861,22.269130,194.179149,0.013152288061,0.013152288061,0.328807202,0.100671140940,0.726829268293,-2.273170731707,0.242276422764,-3.127516778523,-0.076280897037,no,0.000000000000,0.000000000000,0.000000000,4.931963,-0.693514,high_risk,yes,w0_high_risk,warning,yes,pass,no,below_tau_threshold;platform_too_narrow,no
COMPARISON_RELAXED,29.800000000000,3.000000000000,795.000000,1.453371000000,547.004172,47.000000,50.000000,41,20,0.487804878049,0.998532900592,24.963322515,0.956865660,12.907611,336.989288,0.001467099408,0.001467099408,0.036677485,0.100671140940,0.726829268293,-2.273170731707,0.242276422764,-3.127516778523,-0.076280897037,no,0.000000000000,0.000000000000,0.000000000,4.931963,-0.693514,high_risk,no,w0_high_risk,hard_fail,no,large_curved_mirror_spot,no,below_tau_threshold;platform_too_narrow,no
COMPARISON_RELAXED,29.800000000000,3.000000000000,795.000000,1.453371000000,547.004172,47.000000,50.000000,42,1,0.023809523810,0.005584586887,0.139614672,1.863028327,18.010680,18.061183,0.994415413113,0.005584586887,24.860385328,0.100671140940,0.709523809524,-2.290476190476,0.236507936508,-3.228187919463,-0.076861617130,no,0.000000000000,0.000000000000,0.000000000,4.790995,-0.863922,high_risk,no,w0_high_risk,hard_fail,no,short_cavity,no,below_tau_threshold;platform_too_narrow,no
COMPARISON_RELAXED,29.800000000000,3.000000000000,795.000000,1.453371000000,547.004172,47.000000,50.000000,42,5,0.119047619048,0.133474064085,3.336851602,8.502159222,38.475564,41.332742,0.866525935915,0.133474064085,21.663148398,0.100671140940,0.709523809524,-2.290476190476,0.236507936508,-3.228187919463,-0.076861617130,no,0.000000000000,0.000000000000,0.000000000,4.790995,-0.863922,high_risk,yes,w0_high_risk,warning,yes,pass,no,below_tau_threshold;platform_too_narrow,no
COMPARISON_RELAXED,29.800000000000,3.000000000000,795.000000,1.453371000000,547.004172,47.000000,50.000000,42,11,0.261904761905,0.537365046793,13.434126170,12.465047465,46.587280,68.493306,0.462634953207,0.462634953207,11.565873830,0.100671140940,0.709523809524,-2.290476190476,0.236507936508,-3.228187919463,-0.076861617130,no,0.000000000000,0.000000000000,0.000000000,4.790995,-0.863922,high_risk,yes,w0_high_risk,warning,yes,pass,no,below_tau_threshold;platform_too_narrow,no
COMPARISON_RELAXED,29.800000000000,3.000000000000,795.000000,1.453371000000,547.004172,47.000000,50.000000,42,13,0.309523809524,0.682670512183,17.066762805,11.635921858,45.011220,79.903456,0.317329487817,0.317329487817,7.933237195,0.100671140940,0.709523809524,-2.290476190476,0.236507936508,-3.228187919463,-0.076861617130,no,0.000000000000,0.000000000000,0.000000000,4.790995,-0.863922,high_risk,yes,w0_high_risk,warning,yes,pass,no,below_tau_threshold;platform_too_narrow,no
COMPARISON_RELAXED,29.800000000000,3.000000000000,795.000000,1.453371000000,547.004172,47.000000,50.000000,42,17,0.404761904762,0.913119387158,22.827984679,7.041500726,35.014909,118.793194,0.086880612842,0.086880612842,2.172015321,0.100671140940,0.709523809524,-2.290476190476,0.236507936508,-3.228187919463,-0.076861617130,no,0.000000000000,0.000000000000,0.000000000,4.790995,-0.863922,high_risk,yes,w0_high_risk,warning,yes,pass,no,below_tau_threshold;platform_too_narrow,no
COMPARISON_RELAXED,29.800000000000,3.000000000000,795.000000,1.453371000000,547.004172,47.000000,50.000000,42,19,0.452380952381,0.977786402893,24.444660072,3.684439680,25.328304,169.940410,0.022213597107,0.022213597107,0.555339928,0.100671140940,0.709523809524,-2.290476190476,0.236507936508,-3.228187919463,-0.076861617130,no,0.000000000000,0.000000000000,0.000000000,4.790995,-0.863922,high_risk,yes,w0_high_risk,warning,yes,pass,no,below_tau_threshold;platform_too_narrow,no
COMPARISON_RELAXED,29.800000000000,3.000000000000,795.000000,1.453371000000,547.004172,47.000000,50.000000,43,1,0.023255813953,0.005328315962,0.133207899,1.820014597,17.801550,17.849167,0.994671684038,0.005328315962,24.866792101,0.100671140940,0.693023255814,-2.306976744186,0.231007751938,-3.328859060403,-0.077415326986,no,0.000000000000,0.000000000000,0.000000000,4.655501,-1.029261,high_risk,no,w0_high_risk,hard_fail,no,short_cavity,no,below_tau_threshold;platform_too_narrow,no
COMPARISON_RELAXED,29.800000000000,3.000000000000,795.000000,1.453371000000,547.004172,47.000000,50.000000,43,2,0.046511627907,0.021199700046,0.529992501,3.601238742,25.040693,25.310417,0.978800299954,0.021199700046,24.470007499,0.100671140940,0.693023255814,-2.306976744186,0.231007751938,-3.328859060403,-0.077415326986,no,0.000000000000,0.000000000000,0.000000000,4.655501,-1.029261,high_risk,no,w0_high_risk,hard_fail,no,short_cavity,no,below_tau_threshold;platform_too_narrow,no
COMPARISON_RELAXED,29.800000000000,3.000000000000,795.000000,1.453371000000,547.004172,47.000000,50.000000,43,3,0.069767441860,0.047275881253,1.181897031,5.305708736,30.394296,31.139276,0.952724118747,0.047275881253,23.818102969,0.100671140940,0.693023255814,-2.306976744186,0.231007751938,-3.328859060403,-0.077415326986,no,0.000000000000,0.000000000000,0.000000000,4.655501,-1.029261,high_risk,no,w0_high_risk,hard_fail,no,short_cavity,no,below_tau_threshold;platform_too_narrow,no
COMPARISON_RELAXED,29.800000000000,3.000000000000,795.000000,1.453371000000,547.004172,47.000000,50.000000,43,4,0.093023255814,0.083001091055,2.075027276,6.897096760,34.654014,36.188379,0.916998908945,0.083001091055,22.924972724,0.100671140940,0.693023255814,-2.306976744186,0.231007751938,-3.328859060403,-0.077415326986,no,0.000000000000,0.000000000000,0.000000000,4.655501,-1.029261,high_risk,no,w0_high_risk,hard_fail,no,short_cavity,no,below_tau_threshold;platform_too_narrow,no
COMPARISON_RELAXED,29.800000000000,3.000000000000,795.000000,1.453371000000,547.004172,47.000000,50.000000,43,5,0.116279069767,0.127613908628,3.190347716,8.341485140,38.110274,40.802588,0.872386091372,0.127613908628,21.809652284,0.100671140940,0.693023255814,-2.306976744186,0.231007751938,-3.328859060403,-0.077415326986,no,0.000000000000,0.000000000000,0.000000000,4.655501,-1.029261,high_risk,yes,w0_high_risk,warning,yes,pass,no,below_tau_threshold;platform_too_narrow,no
COMPARISON_RELAXED,29.800000000000,3.000000000000,795.000000,1.453371000000,547.004172,47.000000,50.000000,43,6,0.139534883721,0.180163489221,4.504087231,9.608089247,40.901468,45.172619,0.819836510779,0.180163489221,20.495912769,0.100671140940,0.693023255814,-2.306976744186,0.231007751938,-3.328859060403,-0.077415326986,no,0.000000000000,0.000000000000,0.000000000,4.655501,-1.029261,high_risk,yes,w0_high_risk,warning,yes,pass,no,below_tau_threshold;platform_too_narrow,no
COMPARISON_RELAXED,29.800000000000,3.000000000000,795.000000,1.453371000000,547.004172,47.000000,50.000000,43,7,0.162790697674,0.239529829756,5.988245744,10.669913613,43.102339,49.426487,0.760470170244,0.239529829756,19.011754256,0.100671140940,0.693023255814,-2.306976744186,0.231007751938,-3.328859060403,-0.077415326986,no,0.000000000000,0.000000000000,0.000000000,4.655501,-1.029261,high_risk,yes,w0_high_risk,warning,yes,pass,no,below_tau_threshold;platform_too_narrow,no
COMPARISON_RELAXED,29.800000000000,3.000000000000,795.000000,1.453371000000,547.004172,47.000000,50.000000,43,8,0.186046511628,0.304447639755,7.611190994,11.504327295,44.755972,53.664376,0.695552360245,0.304447639755,17.388809006,0.100671140940,0.693023255814,-2.306976744186,0.231007751938,-3.328859060403,-0.077415326986,no,0.000000000000,0.000000000000,0.000000000,4.655501,-1.029261,high_risk,yes,w0_high_risk,warning,yes,pass,no,below_tau_threshold;platform_too_narrow,no
COMPARISON_RELAXED,29.800000000000,3.000000000000,795.000000,1.453371000000,547.004172,47.000000,50.000000,43,9,0.209302325581,0.373533308804,9.338332720,12.093546213,45.887798,57.975997,0.626466691196,0.373533308804,15.661667280,0.100671140940,0.693023255814,-2.306976744186,0.231007751938,-3.328859060403,-0.077415326986,no,0.000000000000,0.000000000000,0.000000000,4.655501,-1.029261,high_risk,yes,w0_high_risk,warning,yes,pass,no,below_tau_threshold;platform_too_narrow,no
COMPARISON_RELAXED,29.800000000000,3.000000000000,795.000000,1.453371000000,547.004172,47.000000,50.000000,43,10,0.232558139535,0.445314395811,11.132859895,12.425012190,46.512405,62.451856,0.554685604189,0.445314395811,13.867140105,0.100671140940,0.693023255814,-2.306976744186,0.231007751938,-3.328859060403,-0.077415326986,no,0.000000000000,0.000000000000,0.000000000,4.655501,-1.029261,high_risk,yes,w0_high_risk,warning,yes,pass,no,below_tau_threshold;platform_too_narrow,no
COMPARISON_RELAXED,29.800000000000,3.000000000000,795.000000,1.453371000000,547.004172,47.000000,50.000000,43,11,0.255813953488,0.518261011529,12.956525288,12.491660605,46.636985,67.193084,0.481738988471,0.481738988471,12.043474712,0.100671140940,0.693023255814,-2.306976744186,0.231007751938,-3.328859060403,-0.077415326986,no,0.000000000000,0.000000000000,0.000000000,4.655501,-1.029261,high_risk,yes,w0_high_risk,warning,yes,pass,no,below_tau_threshold;platform_too_narrow,no
COMPARISON_RELAXED,29.800000000000,3.000000000000,795.000000,1.453371000000,547.004172,47.000000,50.000000,43,12,0.279069767442,0.590818425490,14.770460637,12.292070960,46.262906,72.322741,0.409181574510,0.409181574510,10.229539363,0.100671140940,0.693023255814,-2.306976744186,0.231007751938,-3.328859060403,-0.077415326986,no,0.000000000000,0.000000000000,0.000000000,4.655501,-1.029261,high_risk,yes,w0_high_risk,warning,yes,pass,no,below_tau_threshold;platform_too_narrow,no
COMPARISON_RELAXED,29.800000000000,3.000000000000,795.000000,1.453371000000,547.004172,47.000000,50.000000,43,13,0.302325581395,0.661440202386,16.536005060,11.830497164,45.385997,78.001721,0.338559797614,0.338559797614,8.463994940,0.100671140940,0.693023255814,-2.306976744186,0.231007751938,-3.328859060403,-0.077415326986,no,0.000000000000,0.000000000000,0.000000000,4.655501,-1.029261,high_risk,yes,w0_high_risk,warning,yes,pass,no,below_tau_threshold;platform_too_narrow,no
COMPARISON_RELAXED,29.800000000000,3.000000000000,795.000000,1.453371000000,547.004172,47.000000,50.000000,43,14,0.325581395349,0.728621161652,18.215529041,11.116776861,43.995659,84.454314,0.271378838348,0.271378838348,6.784470959,0.100671140940,0.693023255814,-2.306976744186,0.231007751938,-3.328859060403,-0.077415326986,no,0.000000000000,0.000000000000,0.000000000,4.655501,-1.029261,high_risk,yes,w0_high_risk,warning,yes,pass,no,below_tau_threshold;platform_too_narrow,no
COMPARISON_RELAXED,29.800000000000,3.000000000000,795.000000,1.453371000000,547.004172,47.000000,50.000000,43,15,0.348837209302,0.790929457779,19.773236444,10.166121759,42.072473,92.013513,0.209070542221,0.209070542221,5.226763556,0.100671140940,0.693023255814,-2.306976744186,0.231007751938,-3.328859060403,-0.077415326986,no,0.000000000000,0.000000000000,0.000000000,4.655501,-1.029261,high_risk,yes,w0_high_risk,warning,yes,pass,no,below_tau_threshold;platform_too_narrow,no
COMPARISON_RELAXED,29.800000000000,3.000000000000,795.000000,1.453371000000,547.004172,47.000000,50.000000,43,16,0.372093023256,0.847037097610,21.175927440,8.998793422,39.583348,101.209077,0.152962902390,0.152962902390,3.824072560,0.100671140940,0.693023255814,-2.306976744186,0.231007751938,-3.328859060403,-0.077415326986,no,0.000000000000,0.000000000000,0.000000000,4.655501,-1.029261,high_risk,yes,w0_high_risk,warning,yes,pass,no,below_tau_threshold;platform_too_narrow,no
COMPARISON_RELAXED,29.800000000000,3.000000000000,795.000000,1.453371000000,547.004172,47.000000,50.000000,43,17,0.395348837209,0.895748244215,22.393706105,7.639671426,36.471844,112.957750,0.104251755785,0.104251755785,2.606293895,0.100671140940,0.693023255814,-2.306976744186,0.231007751938,-3.328859060403,-0.077415326986,no,0.000000000000,0.000000000000,0.000000000,4.655501,-1.029261,high_risk,yes,w0_high_risk,warning,yes,pass,no,below_tau_threshold;platform_too_narrow,no
COMPARISON_RELAXED,29.800000000000,3.000000000000,795.000000,1.453371000000,547.004172,47.000000,50.000000,43,18,0.418604651163,0.936024704072,23.400617602,6.117723098,32.637380,129.035479,0.063975295928,0.063975295928,1.599382398,0.100671140940,0.693023255814,-2.306976744186,0.231007751938,-3.328859060403,-0.077415326986,no,0.000000000000,0.000000000000,0.000000000,4.655501,-1.029261,high_risk,yes,w0_high_risk,warning,yes,pass,no,below_tau_threshold;platform_too_narrow,no
COMPARISON_RELAXED,29.800000000000,3.000000000000,795.000000,1.453371000000,547.004172,47.000000,50.000000,43,19,0.441860465116,0.967008054366,24.175201359,4.465386123,27.883667,153.513272,0.032991945634,0.032991945634,0.824798641,0.100671140940,0.693023255814,-2.306976744186,0.231007751938,-3.328859060403,-0.077415326986,no,0.000000000000,0.000000000000,0.000000000,4.655501,-1.029261,high_risk,yes,w0_high_risk,warning,yes,pass,no,below_tau_threshold;platform_too_narrow,no
COMPARISON_RELAXED,29.800000000000,3.000000000000,795.000000,1.453371000000,547.004172,47.000000,50.000000,43,20,0.465116279070,0.988037938778,24.700948469,2.717877195,21.753808,198.898857,0.011962061222,0.011962061222,0.299051531,0.100671140940,0.693023255814,-2.306976744186,0.231007751938,-3.328859060403,-0.077415326986,no,0.000000000000,0.000000000000,0.000000000,4.655501,-1.029261,high_risk,yes,w0_high_risk,warning,yes,pass,no,below_tau_threshold;platform_too_narrow,no
COMPARISON_RELAXED,29.800000000000,3.000000000000,795.000000,1.453371000000,547.004172,47.000000,50.000000,43,21,0.488372093023,0.998666141832,24.966653546,0.912441433,12.604420,345.118353,0.001333858168,0.001333858168,0.033346454,0.100671140940,0.693023255814,-2.306976744186,0.231007751938,-3.328859060403,-0.077415326986,no,0.000000000000,0.000000000000,0.000000000,4.655501,-1.029261,high_risk,no,w0_high_risk,hard_fail,no,large_curved_mirror_spot,no,below_tau_threshold;platform_too_narrow,no
COMPARISON_RELAXED,29.800000000000,3.000000000000,795.000000,1.453371000000,547.004172,47.000000,50.000000,44,1,0.022727272727,0.005089279060,0.127231976,1.778935478,17.599506,17.644462,0.994910720940,0.005089279060,24.872768024,0.100671140940,0.677272727273,-2.322727272727,0.225757575758,-3.429530201342,-0.077943868212,no,0.000000000000,0.000000000000,0.000000000,4.525214,-1.189423,high_risk,no,w0_high_risk,hard_fail,no,short_cavity,no,below_tau_threshold;platform_too_narrow,no
COMPARISON_RELAXED,29.800000000000,3.000000000000,795.000000,1.453371000000,547.004172,47.000000,50.000000,44,3,0.068181818182,0.045184002323,1.129600058,5.192687663,30.068827,30.772065,0.954815997677,0.045184002323,23.870399942,0.100671140940,0.677272727273,-2.322727272727,0.225757575758,-3.429530201342,-0.077943868212,no,0.000000000000,0.000000000000,0.000000000,4.525214,-1.189423,high_risk,no,w0_high_risk,hard_fail,no,short_cavity,no,below_tau_threshold;platform_too_narrow,no
COMPARISON_RELAXED,29.800000000000,3.000000000000,795.000000,1.453371000000,547.004172,47.000000,50.000000,44,5,0.113636363636,0.122125212823,3.053130321,8.185759174,37.752861,40.293369,0.877874787177,0.122125212823,21.946869679,0.100671140940,0.677272727273,-2.322727272727,0.225757575758,-3.429530201342,-0.077943868212,no,0.000000000000,0.000000000000,0.000000000,4.525214,-1.189423,high_risk,yes,w0_high_risk,warning,yes,pass,no,below_tau_threshold;platform_too_narrow,no
COMPARISON_RELAXED,29.800000000000,3.000000000000,795.000000,1.453371000000,547.004172,47.000000,50.000000,44,7,0.159090909091,0.229679591272,5.741989782,10.515669160,42.789660,48.753201,0.770320408728,0.229679591272,19.258010218,0.100671140940,0.677272727273,-2.322727272727,0.225757575758,-3.429530201342,-0.077943868212,no,0.000000000000,0.000000000000,0.000000000,4.525214,-1.189423,high_risk,yes,w0_high_risk,warning,yes,pass,no,below_tau_threshold;platform_too_narrow,no
COMPARISON_RELAXED,29.800000000000,3.000000000000,795.000000,1.453371000000,547.004172,47.000000,50.000000,44,9,0.204545454545,0.359133721579,8.978343039,11.993662170,45.697905,57.083761,0.640866278421,0.359133721579,16.021656961,0.100671140940,0.677272727273,-2.322727272727,0.225757575758,-3.429530201342,-0.077943868212,no,0.000000000000,0.000000000000,0.000000000,4.525214,-1.189423,high_risk,yes,w0_high_risk,warning,yes,pass,no,below_tau_threshold;platform_too_narrow,no
COMPARISON_RELAXED,29.800000000000,3.000000000000,795.000000,1.453371000000,547.004172,47.000000,50.000000,44,13,0.295454545455,0.640866278421,16.021656961,11.993662170,45.697905,76.254977,0.359133721579,0.359133721579,8.978343039,0.100671140940,0.677272727273,-2.322727272727,0.225757575758,-3.429530201342,-0.077943868212,no,0.000000000000,0.000000000000,0.000000000,4.525214,-1.189423,high_risk,yes,w0_high_risk,warning,yes,pass,no,below_tau_threshold;platform_too_narrow,no
COMPARISON_RELAXED,29.800000000000,3.000000000000,795.000000,1.453371000000,547.004172,47.000000,50.000000,44,15,0.340909090909,0.770320408728,19.258010218,10.515669160,42.789660,89.284822,0.229679591272,0.229679591272,5.741989782,0.100671140940,0.677272727273,-2.322727272727,0.225757575758,-3.429530201342,-0.077943868212,no,0.000000000000,0.000000000000,0.000000000,4.525214,-1.189423,high_risk,yes,w0_high_risk,warning,yes,pass,no,below_tau_threshold;platform_too_narrow,no
COMPARISON_RELAXED,29.800000000000,3.000000000000,795.000000,1.453371000000,547.004172,47.000000,50.000000,44,17,0.386363636364,0.877874787177,21.946869679,8.185759174,37.752861,108.030702,0.122125212823,0.122125212823,3.053130321,0.100671140940,0.677272727273,-2.322727272727,0.225757575758,-3.429530201342,-0.077943868212,no,0.000000000000,0.000000000000,0.000000000,4.525214,-1.189423,high_risk,yes,w0_high_risk,warning,yes,pass,no,below_tau_threshold;platform_too_narrow,no
COMPARISON_RELAXED,29.800000000000,3.000000000000,795.000000,1.453371000000,547.004172,47.000000,50.000000,44,19,0.431818181818,0.954815997677,23.870399942,5.192687663,30.068827,141.456899,0.045184002323,0.045184002323,1.129600058,0.100671140940,0.677272727273,-2.322727272727,0.225757575758,-3.429530201342,-0.077943868212,no,0.000000000000,0.000000000000,0.000000000,4.525214,-1.189423,high_risk,yes,w0_high_risk,warning,yes,pass,no,below_tau_threshold;platform_too_narrow,no
COMPARISON_RELAXED,29.800000000000,3.000000000000,795.000000,1.453371000000,547.004172,47.000000,50.000000,44,21,0.477272727273,0.994910720940,24.872768024,1.778935478,17.599506,246.701817,0.005089279060,0.005089279060,0.127231976,0.100671140940,0.677272727273,-2.322727272727,0.225757575758,-3.429530201342,-0.077943868212,no,0.000000000000,0.000000000000,0.000000000,4.525214,-1.189423,high_risk,no,w0_high_risk,hard_fail,no,large_curved_mirror_spot,no,below_tau_threshold;platform_too_narrow,no
COMPARISON_RELAXED,29.800000000000,3.000000000000,795.000000,1.453371000000,547.004172,47.000000,50.000000,45,1,0.022222222222,0.004865965629,0.121649141,1.739663762,17.404159,17.446658,0.995134034371,0.004865965629,24.878350859,0.100671140940,0.662222222222,-2.337777777778,0.220740740741,-3.530201342282,-0.078448918717,no,0.000000000000,0.000000000000,0.000000000,4.399881,-1.345005,high_risk,no,w0_high_risk,hard_fail,no,short_cavity,no,below_tau_threshold;platform_too_narrow,no
COMPARISON_RELAXED,29.800000000000,3.000000000000,795.000000,1.453371000000,547.004172,47.000000,50.000000,45,2,0.044444444444,0.019369152031,0.484228801,3.445466948,24.493138,24.733846,0.980630847969,0.019369152031,24.515771199,0.100671140940,0.662222222222,-2.337777777778,0.220740740741,-3.530201342282,-0.078448918717,no,0.000000000000,0.000000000000,0.000000000,4.399881,-1.345005,high_risk,no,w0_high_risk,hard_fail,no,short_cavity,no,below_tau_threshold;platform_too_narrow,no
COMPARISON_RELAXED,29.800000000000,3.000000000000,795.000000,1.453371000000,547.004172,47.000000,50.000000,45,4,0.088888888889,0.075975951922,1.899398798,6.623990803,33.960982,35.329591,0.924024048078,0.075975951922,23.100601202,0.100671140940,0.662222222222,-2.337777777778,0.220740740741,-3.530201342282,-0.078448918717,no,0.000000000000,0.000000000000,0.000000000,4.399881,-1.345005,high_risk,no,w0_high_risk,hard_fail,no,short_cavity,no,below_tau_threshold;platform_too_narrow,no
COMPARISON_RELAXED,29.800000000000,3.000000000000,795.000000,1.453371000000,547.004172,47.000000,50.000000,45,7,0.155555555556,0.220403548265,5.510088707,10.362969657,42.477847,48.109137,0.779596451735,0.220403548265,19.489911293,0.100671140940,0.662222222222,-2.337777777778,0.220740740741,-3.530201342282,-0.078448918717,no,0.000000000000,0.000000000000,0.000000000,4.399881,-1.345005,high_risk,yes,w0_high_risk,warning,yes,pass,no,below_tau_threshold;platform_too_narrow,no
COMPARISON_RELAXED,29.800000000000,3.000000000000,795.000000,1.453371000000,547.004172,47.000000,50.000000,45,8,0.177777777778,0.280814426605,7.020360665,11.234925579,44.228833,52.153685,0.719185573395,0.280814426605,17.979639335,0.100671140940,0.662222222222,-2.337777777778,0.220740740741,-3.530201342282,-0.078448918717,no,0.000000000000,0.000000000000,0.000000000,4.399881,-1.345005,high_risk,yes,w0_high_risk,warning,yes,pass,no,below_tau_threshold;platform_too_narrow,no
COMPARISON_RELAXED,29.800000000000,3.000000000000,795.000000,1.453371000000,547.004172,47.000000,50.000000,45,11,0.244444444444,0.482550251649,12.063756291,12.492385338,46.638338,64.834920,0.517449748351,0.482550251649,12.936243709,0.100671140940,0.662222222222,-2.337777777778,0.220740740741,-3.530201342282,-0.078448918717,no,0.000000000000,0.000000000000,0.000000000,4.399881,-1.345005,high_risk,yes,w0_high_risk,warning,yes,pass,no,below_tau_threshold;platform_too_narrow,no
COMPARISON_RELAXED,29.800000000000,3.000000000000,795.000000,1.453371000000,547.004172,47.000000,50.000000,45,13,0.288888888889,0.620960947800,15.524023695,12.128696578,45.954437,74.642379,0.379039052200,0.379039052200,9.475976305,0.100671140940,0.662222222222,-2.337777777778,0.220740740741,-3.530201342282,-0.078448918717,no,0.000000000000,0.000000000000,0.000000000,4.399881,-1.345005,high_risk,yes,w0_high_risk,warning,yes,pass,no,below_tau_threshold;platform_too_narrow,no
COMPARISON_RELAXED,29.800000000000,3.000000000000,795.000000,1.453371000000,547.004172,47.000000,50.000000,45,14,0.311111111111,0.687303296708,17.182582418,11.589798182,44.921921,80.333496,0.312696703292,0.312696703292,7.817417582,0.100671140940,0.662222222222,-2.337777777778,0.220740740741,-3.530201342282,-0.078448918717,no,0.000000000000,0.000000000000,0.000000000,4.399881,-1.345005,high_risk,yes,w0_high_risk,warning,yes,pass,no,below_tau_threshold;platform_too_narrow,no
COMPARISON_RELAXED,29.800000000000,3.000000000000,795.000000,1.453371000000,547.004172,47.000000,50.000000,45,16,0.355555555556,0.807830737663,20.195768442,9.850134420,41.413455,94.471215,0.192169262337,0.192169262337,4.804231558,0.100671140940,0.662222222222,-2.337777777778,0.220740740741,-3.530201342282,-0.078448918717,no,0.000000000000,0.000000000000,0.000000000,4.399881,-1.345005,high_risk,yes,w0_high_risk,warning,yes,pass,no,below_tau_threshold;platform_too_narrow,no
COMPARISON_RELAXED,29.800000000000,3.000000000000,795.000000,1.453371000000,547.004172,47.000000,50.000000,45,17,0.377777777778,0.859669900169,21.491747504,8.683229631,38.883113,103.797193,0.140330099831,0.140330099831,3.508252496,0.100671140940,0.662222222222,-2.337777777778,0.220740740741,-3.530201342282,-0.078448918717,no,0.000000000000,0.000000000000,0.000000000,4.399881,-1.345005,high_risk,yes,w0_high_risk,warning,yes,pass,no,below_tau_threshold;platform_too_narrow,no
COMPARISON_RELAXED,29.800000000000,3.000000000000,795.000000,1.453371000000,547.004172,47.000000,50.000000,45,19,0.422222222222,0.941473796429,23.536844911,5.868394535,31.965392,132.131041,0.058526203571,0.058526203571,1.463155089,0.100671140940,0.662222222222,-2.337777777778,0.220740740741,-3.530201342282,-0.078448918717,no,0.000000000000,0.000000000000,0.000000000,4.399881,-1.345005,high_risk,yes,w0_high_risk,warning,yes,pass,no,below_tau_threshold;platform_too_narrow,no
COMPARISON_RELAXED,29.800000000000,3.000000000000,795.000000,1.453371000000,547.004172,47.000000,50.000000,45,22,0.488888888889,0.998782025130,24.969550628,0.871955922,12.321615,353.059974,0.001217974870,0.001217974870,0.030449372,0.100671140940,0.662222222222,-2.337777777778,0.220740740741,-3.530201342282,-0.078448918717,no,0.000000000000,0.000000000000,0.000000000,4.399881,-1.345005,high_risk,no,w0_high_risk,hard_fail,no,large_curved_mirror_spot,no,below_tau_threshold;platform_too_narrow,no
COMPARISON_RELAXED,29.800000000000,3.000000000000,795.000000,1.453371000000,547.004172,47.000000,50.000000,46,1,0.021739130435,0.004657026982,0.116425675,1.702083114,17.215148,17.255374,0.995342973018,0.004657026982,24.883574325,0.100671140940,0.647826086957,-2.352173913043,0.215942028986,-3.630872483221,-0.078932010505,no,0.000000000000,0.000000000000,0.000000000,4.279264,-1.495908,high_risk,no,w0_high_risk,hard_fail,no,short_cavity,no,below_tau_threshold;platform_too_narrow,no
COMPARISON_RELAXED,29.800000000000,3.000000000000,795.000000,1.453371000000,547.004172,47.000000,50.000000,46,3,0.065217391304,0.041394349247,1.034858731,4.980013623,29.446633,30.075694,0.958605650753,0.041394349247,23.965141269,0.100671140940,0.647826086957,-2.352173913043,0.215942028986,-3.630872483221,-0.078932010505,no,0.000000000000,0.000000000000,0.000000000,4.279264,-1.495908,high_risk,no,w0_high_risk,hard_fail,no,short_cavity,no,below_tau_threshold;platform_too_narrow,no
COMPARISON_RELAXED,29.800000000000,3.000000000000,795.000000,1.453371000000,547.004172,47.000000,50.000000,46,5,0.108695652174,0.112144354648,2.803608866,7.888599304,37.061273,39.332283,0.887855645352,0.112144354648,22.196391134,0.100671140940,0.647826086957,-2.352173913043,0.215942028986,-3.630872483221,-0.078932010505,no,0.000000000000,0.000000000000,0.000000000,4.279264,-1.495908,high_risk,yes,w0_high_risk,warning,yes,pass,no,below_tau_threshold;platform_too_narrow,no
COMPARISON_RELAXED,29.800000000000,3.000000000000,795.000000,1.453371000000,547.004172,47.000000,50.000000,46,7,0.152173913043,0.211659838943,5.291495974,10.212123663,42.167555,47.492124,0.788340161057,0.211659838943,19.708504026,0.100671140940,0.647826086957,-2.352173913043,0.215942028986,-3.630872483221,-0.078932010505,no,0.000000000000,0.000000000000,0.000000000,4.279264,-1.495908,high_risk,yes,w0_high_risk,warning,yes,pass,no,below_tau_threshold;platform_too_narrow,no
COMPARISON_RELAXED,29.800000000000,3.000000000000,795.000000,1.453371000000,547.004172,47.000000,50.000000,46,9,0.195652173913,0.332560193915,8.314004848,11.778261526,45.285689,55.431283,0.667439806085,0.332560193915,16.685995152,0.100671140940,0.647826086957,-2.352173913043,0.215942028986,-3.630872483221,-0.078932010505,no,0.000000000000,0.000000000000,0.000000000,4.279264,-1.495908,high_risk,yes,w0_high_risk,warning,yes,pass,no,below_tau_threshold;platform_too_narrow,no
COMPARISON_RELAXED,29.800000000000,3.000000000000,795.000000,1.453371000000,547.004172,47.000000,50.000000,46,11,0.239130434783,0.465878793318,11.646969833,12.470859615,46.598140,63.760053,0.534121206682,0.465878793318,13.353030167,0.100671140940,0.647826086957,-2.352173913043,0.215942028986,-3.630872483221,-0.078932010505,no,0.000000000000,0.000000000000,0.000000000,4.279264,-1.495908,high_risk,yes,w0_high_risk,warning,yes,pass,no,below_tau_threshold;platform_too_narrow,no
COMPARISON_RELAXED,29.800000000000,3.000000000000,795.000000,1.453371000000,547.004172,47.000000,50.000000,46,13,0.282608695652,0.601728006526,15.043200163,12.238551096,46.162082,73.146829,0.398271993474,0.398271993474,9.956799837,0.100671140940,0.647826086957,-2.352173913043,0.215942028986,-3.630872483221,-0.078932010505,no,0.000000000000,0.000000000000,0.000000000,4.279264,-1.495908,high_risk,yes,w0_high_risk,warning,yes,pass,no,below_tau_threshold;platform_too_narrow,no
COMPARISON_RELAXED,29.800000000000,3.000000000000,795.000000,1.453371000000,547.004172,47.000000,50.000000,46,15,0.326086956522,0.730032518866,18.250812972,11.098565230,43.959607,84.605398,0.269967481134,0.269967481134,6.749187028,0.100671140940,0.647826086957,-2.352173913043,0.215942028986,-3.630872483221,-0.078932010505,no,0.000000000000,0.000000000000,0.000000000,4.279264,-1.495908,high_risk,yes,w0_high_risk,warning,yes,pass,no,below_tau_threshold;platform_too_narrow,no
COMPARISON_RELAXED,29.800000000000,3.000000000000,795.000000,1.453371000000,547.004172,47.000000,50.000000,46,17,0.369565217391,0.841276571609,21.031914290,9.135449553,39.882773,100.107088,0.158723428391,0.158723428391,3.968085710,0.100671140940,0.647826086957,-2.352173913043,0.215942028986,-3.630872483221,-0.078932010505,no,0.000000000000,0.000000000000,0.000000000,4.279264,-1.495908,high_risk,yes,w0_high_risk,warning,yes,pass,no,below_tau_threshold;platform_too_narrow,no
COMPARISON_RELAXED,29.800000000000,3.000000000000,795.000000,1.453371000000,547.004172,47.000000,50.000000,46,19,0.413043478261,0.927209702273,23.180242557,6.494799375,33.628171,124.642602,0.072790297727,0.072790297727,1.819757443,0.100671140940,0.647826086957,-2.352173913043,0.215942028986,-3.630872483221,-0.078932010505,no,0.000000000000,0.000000000000,0.000000000,4.279264,-1.495908,high_risk,yes,w0_high_risk,warning,yes,pass,no,below_tau_threshold;platform_too_narrow,no
COMPARISON_RELAXED,29.800000000000,3.000000000000,795.000000,1.453371000000,547.004172,47.000000,50.000000,46,21,0.456521739130,0.981458643674,24.536466092,3.372459639,24.232251,177.960252,0.018541356326,0.018541356326,0.463533908,0.100671140940,0.647826086957,-2.352173913043,0.215942028986,-3.630872483221,-0.078932010505,no,0.000000000000,0.000000000000,0.000000000,4.279264,-1.495908,high_risk,yes,w0_high_risk,warning,yes,pass,no,below_tau_threshold;platform_too_narrow,no
COMPARISON_RELAXED,29.800000000000,3.000000000000,795.000000,1.453371000000,547.004172,47.000000,50.000000,47,1,0.021276595745,0.004461255923,0.111531398,1.666086942,17.032140,17.070260,0.995538744077,0.004461255923,24.888468602,0.100671140940,0.634042553191,-2.365957446809,0.211347517730,-3.731543624161,-0.079394545195,no,0.000000000000,0.000000000000,0.000000000,4.163142,-1.642659,high_risk,no,w0_high_risk,hard_fail,no,short_cavity,no,below_tau_threshold;platform_too_narrow,no
COMPARISON_RELAXED,29.800000000000,3.000000000000,795.000000,1.453371000000,547.004172,47.000000,50.000000,47,2,0.042553191489,0.017765412473,0.444135312,3.302442523,23.979384,24.195266,0.982234587527,0.017765412473,24.555864688,0.100671140940,0.634042553191,-2.365957446809,0.211347517730,-3.731543624161,-0.079394545195,no,0.000000000000,0.000000000000,0.000000000,4.163142,-1.642659,high_risk,no,w0_high_risk,hard_fail,no,short_cavity,no,below_tau_threshold;platform_too_narrow,no
COMPARISON_RELAXED,29.800000000000,3.000000000000,795.000000,1.453371000000,547.004172,47.000000,50.000000,47,3,0.063829787234,0.039675056662,0.991876417,4.879865940,29.149045,29.745086,0.960324943338,0.039675056662,24.008123583,0.100671140940,0.634042553191,-2.365957446809,0.211347517730,-3.731543624161,-0.079394545195,no,0.000000000000,0.000000000000,0.000000000,4.163142,-1.642659,high_risk,no,w0_high_risk,hard_fail,no,short_cavity,no,below_tau_threshold;platform_too_narrow,no
COMPARISON_RELAXED,29.800000000000,3.000000000000,795.000000,1.453371000000,547.004172,47.000000,50.000000,47,4,0.085106382979,0.069799210370,1.744980259,6.370208032,33.304061,34.530975,0.930200789630,0.069799210370,23.255019741,0.100671140940,0.634042553191,-2.365957446809,0.211347517730,-3.731543624161,-0.079394545195,no,0.000000000000,0.000000000000,0.000000000,4.163142,-1.642659,high_risk,no,w0_high_risk,hard_fail,no,short_cavity,no,below_tau_threshold;platform_too_narrow,no
COMPARISON_RELAXED,29.800000000000,3.000000000000,795.000000,1.453371000000,547.004172,47.000000,50.000000,47,5,0.106382978723,0.107600307361,2.690007684,7.746873612,36.726845,38.878000,0.892399692639,0.107600307361,22.309992316,0.100671140940,0.634042553191,-2.365957446809,0.211347517730,-3.731543624161,-0.079394545195,no,0.000000000000,0.000000000000,0.000000000,4.163142,-1.642659,high_risk,yes,w0_high_risk,warning,yes,pass,no,below_tau_threshold;platform_too_narrow,no
COMPARISON_RELAXED,29.800000000000,3.000000000000,795.000000,1.453371000000,547.004172,47.000000,50.000000,47,6,0.127659574468,0.152403786163,3.810094654,8.985296048,39.553651,42.962750,0.847596213837,0.152403786163,21.189905346,0.100671140940,0.634042553191,-2.365957446809,0.211347517730,-3.731543624161,-0.079394545195,no,0.000000000000,0.000000000000,0.000000000,4.163142,-1.642659,high_risk,yes,w0_high_risk,warning,yes,pass,no,below_tau_threshold;platform_too_narrow,no
COMPARISON_RELAXED,29.800000000000,3.000000000000,795.000000,1.453371000000,547.004172,47.000000,50.000000,47,7,0.148936170213,0.203410127635,5.085253191,10.063375664,41.859325,46.900215,0.796589872365,0.203410127635,19.914746809,0.100671140940,0.634042553191,-2.365957446809,0.211347517730,-3.731543624161,-0.079394545195,no,0.000000000000,0.000000000000,0.000000000,4.163142,-1.642659,high_risk,yes,w0_high_risk,warning,yes,pass,no,below_tau_threshold;platform_too_narrow,no
COMPARISON_RELAXED,29.800000000000,3.000000000000,795.000000,1.453371000000,547.004172,47.000000,50.000000,47,8,0.170212765957,0.259709122407,6.492728060,10.961874103,43.688063,50.776363,0.740290877593,0.259709122407,18.507271940,0.100671140940,0.634042553191,-2.365957446809,0.211347517730,-3.731543624161,-0.079394545195,no,0.000000000000,0.000000000000,0.000000000,4.163142,-1.642659,high_risk,yes,w0_high_risk,warning,yes,pass,no,below_tau_threshold;platform_too_narrow,no
COMPARISON_RELAXED,29.800000000000,3.000000000000,795.000000,1.453371000000,547.004172,47.000000,50.000000,47,9,0.191489361702,0.320296113581,8.007402840,11.664757638,45.066958,54.663617,0.679703886419,0.320296113581,16.992597160,0.100671140940,0.634042553191,-2.365957446809,0.211347517730,-3.731543624161,-0.079394545195,no,0.000000000000,0.000000000000,0.000000000,4.163142,-1.642659,high_risk,yes,w0_high_risk,warning,yes,pass,no,below_tau_threshold;platform_too_narrow,no
COMPARISON_RELAXED,29.800000000000,3.000000000000,795.000000,1.453371000000,547.004172,47.000000,50.000000,47,10,0.212765957447,0.384089924866,9.602248122,12.159483297,46.012724,58.629918,0.615910075134,0.384089924866,15.397751878,0.100671140940,0.634042553191,-2.365957446809,0.211347517730,-3.731543624161,-0.079394545195,no,0.000000000000,0.000000000000,0.000000000,4.163142,-1.642659,high_risk,yes,w0_high_risk,warning,yes,pass,no,below_tau_threshold;platform_too_narrow,no
COMPARISON_RELAXED,29.800000000000,3.000000000000,795.000000,1.453371000000,547.004172,47.000000,50.000000,47,11,0.234042553191,0.449952154188,11.248803855,12.437222689,46.535254,62.745394,0.550047845812,0.449952154188,13.751196145,0.100671140940,0.634042553191,-2.365957446809,0.211347517730,-3.731543624161,-0.079394545195,no,0.000000000000,0.000000000000,0.000000000,4.163142,-1.642659,high_risk,yes,w0_high_risk,warning,yes,pass,no,below_tau_threshold;platform_too_narrow,no
COMPARISON_RELAXED,29.800000000000,3.000000000000,795.000000,1.453371000000,547.004172,47.000000,50.000000,47,12,0.255319148936,0.516707488504,12.917687213,12.493019547,46.639522,67.088651,0.483292511496,0.483292511496,12.082312787,0.100671140940,0.634042553191,-2.365957446809,0.211347517730,-3.731543624161,-0.079394545195,no,0.000000000000,0.000000000000,0.000000000,4.163142,-1.642659,high_risk,yes,w0_high_risk,warning,yes,pass,no,below_tau_threshold;platform_too_narrow,no
COMPARISON_RELAXED,29.800000000000,3.000000000000,795.000000,1.453371000000,547.004172,47.000000,50.000000,47,13,0.276595744681,0.583164677292,14.579116932,12.325878175,46.326482,71.754156,0.416835322708,0.416835322708,10.420883068,0.100671140940,0.634042553191,-2.365957446809,0.211347517730,-3.731543624161,-0.079394545195,no,0.000000000000,0.000000000000,0.000000000,4.163142,-1.642659,high_risk,yes,w0_high_risk,warning,yes,pass,no,below_tau_threshold;platform_too_narrow,no
COMPARISON_RELAXED,29.800000000000,3.000000000000,795.000000,1.453371000000,547.004172,47.000000,50.000000,47,14,0.297872340426,0.648137790443,16.203444761,11.938781215,45.593232,76.862422,0.351862209557,0.351862209557,8.796555239,0.100671140940,0.634042553191,-2.365957446809,0.211347517730,-3.731543624161,-0.079394545195,no,0.000000000000,0.000000000000,0.000000000,4.163142,-1.642659,high_risk,yes,w0_high_risk,warning,yes,pass,no,below_tau_threshold;platform_too_narrow,no
COMPARISON_RELAXED,29.800000000000,3.000000000000,795.000000,1.453371000000,547.004172,47.000000,50.000000,47,15,0.319148936170,0.710467381214,17.761684530,11.338636422,44.432505,82.575659,0.289532618786,0.289532618786,7.238315470,0.100671140940,0.634042553191,-2.365957446809,0.211347517730,-3.731543624161,-0.079394545195,no,0.000000000000,0.000000000000,0.000000000,4.163142,-1.642659,high_risk,yes,w0_high_risk,warning,yes,pass,no,below_tau_threshold;platform_too_narrow,no
COMPARISON_RELAXED,29.800000000000,3.000000000000,795.000000,1.453371000000,547.004172,47.000000,50.000000,47,16,0.340425531915,0.769041176582,19.226029415,10.536153393,42.831317,89.123892,0.230958823418,0.230958823418,5.773970585,0.100671140940,0.634042553191,-2.365957446809,0.211347517730,-3.731543624161,-0.079394545195,no,0.000000000000,0.000000000000,0.000000000,4.163142,-1.642659,high_risk,yes,w0_high_risk,warning,yes,pass,no,below_tau_threshold;platform_too_narrow,no
COMPARISON_RELAXED,29.800000000000,3.000000000000,795.000000,1.453371000000,547.004172,47.000000,50.000000,47,17,0.361702127660,0.822813925779,20.570348144,9.545652457,40.768355,96.851957,0.177186074221,0.177186074221,4.429651856,0.100671140940,0.634042553191,-2.365957446809,0.211347517730,-3.731543624161,-0.079394545195,no,0.000000000000,0.000000000000,0.000000000,4.163142,-1.642659,high_risk,yes,w0_high_risk,warning,yes,pass,no,below_tau_threshold;platform_too_narrow,no
COMPARISON_RELAXED,29.800000000000,3.000000000000,795.000000,1.453371000000,547.004172,47.000000,50.000000,47,18,0.382978723404,0.870826052824,21.770651321,8.384809127,38.209115,106.311319,0.129173947176,0.129173947176,3.229348679,0.100671140940,0.634042553191,-2.365957446809,0.211347517730,-3.731543624161,-0.079394545195,no,0.000000000000,0.000000000000,0.000000000,4.163142,-1.642659,high_risk,yes,w0_high_risk,warning,yes,pass,no,below_tau_threshold;platform_too_narrow,no
COMPARISON_RELAXED,29.800000000000,3.000000000000,795.000000,1.453371000000,547.004172,47.000000,50.000000,47,19,0.404255319149,0.912220780171,22.805519504,7.074338679,35.096459,118.458833,0.087779219829,0.087779219829,2.194480496,0.100671140940,0.634042553191,-2.365957446809,0.211347517730,-3.731543624161,-0.079394545195,no,0.000000000000,0.000000000000,0.000000000,4.163142,-1.642659,high_risk,yes,w0_high_risk,warning,yes,pass,no,below_tau_threshold;platform_too_narrow,no
COMPARISON_RELAXED,29.800000000000,3.000000000000,795.000000,1.453371000000,547.004172,47.000000,50.000000,47,20,0.425531914894,0.946259417930,23.656485448,5.637626490,31.330587,135.150404,0.053740582070,0.053740582070,1.343514552,0.100671140940,0.634042553191,-2.365957446809,0.211347517730,-3.731543624161,-0.079394545195,no,0.000000000000,0.000000000000,0.000000000,4.163142,-1.642659,high_risk,yes,w0_high_risk,warning,yes,pass,no,below_tau_threshold;platform_too_narrow,no
COMPARISON_RELAXED,29.800000000000,3.000000000000,795.000000,1.453371000000,547.004172,47.000000,50.000000,47,21,0.446808510638,0.972334545804,24.308363645,4.100310723,26.719527,160.642282,0.027665454196,0.027665454196,0.691636355,0.100671140940,0.634042553191,-2.365957446809,0.211347517730,-3.731543624161,-0.079394545195,no,0.000000000000,0.000000000000,0.000000000,4.163142,-1.642659,high_risk,yes,w0_high_risk,warning,yes,pass,no,below_tau_threshold;platform_too_narrow,no
COMPARISON_RELAXED,29.800000000000,3.000000000000,795.000000,1.453371000000,547.004172,47.000000,50.000000,47,22,0.468085106383,0.989980852518,24.749521313,2.489824814,20.821153,208.012481,0.010019147482,0.010019147482,0.250478687,0.100671140940,0.634042553191,-2.365957446809,0.211347517730,-3.731543624161,-0.079394545195,no,0.000000000000,0.000000000000,0.000000000,4.163142,-1.642659,high_risk,yes,w0_high_risk,warning,yes,pass,no,below_tau_threshold;platform_too_narrow,no
COMPARISON_RELAXED,29.800000000000,3.000000000000,795.000000,1.453371000000,547.004172,47.000000,50.000000,47,23,0.489361702128,0.998883439312,24.972085983,0.834907922,12.057011,360.826568,0.001116560688,0.001116560688,0.027914017,0.100671140940,0.634042553191,-2.365957446809,0.211347517730,-3.731543624161,-0.079394545195,no,0.000000000000,0.000000000000,0.000000000,4.163142,-1.642659,high_risk,no,w0_high_risk,hard_fail,no,large_curved_mirror_spot,no,below_tau_threshold;platform_too_narrow,no
COMPARISON_RELAXED,29.800000000000,3.000000000000,795.000000,1.453371000000,547.004172,47.000000,50.000000,48,1,0.020833333333,0.004277569313,0.106939233,1.631577403,16.854824,16.890989,0.995722430687,0.004277569313,24.893060767,0.100671140940,0.620833333333,-2.379166666667,0.206944444444,-3.832214765101,-0.079837807606,no,0.000000000000,0.000000000000,0.000000000,4.051305,-1.785168,high_risk,no,w0_high_risk,hard_fail,no,short_cavity,no,below_tau_threshold;platform_too_narrow,no
COMPARISON_RELAXED,29.800000000000,3.000000000000,795.000000,1.453371000000,547.004172,47.000000,50.000000,48,5,0.104166666667,0.103323329854,2.583083246,7.609517863,36.399796,38.439791,0.896676670146,0.103323329854,22.416916754,0.100671140940,0.620833333333,-2.379166666667,0.206944444444,-3.832214765101,-0.079837807606,no,0.000000000000,0.000000000000,0.000000000,4.051305,-1.785168,high_risk,yes,w0_high_risk,warning,yes,pass,no,below_tau_threshold;platform_too_narrow,no
COMPARISON_RELAXED,29.800000000000,3.000000000000,795.000000,1.453371000000,547.004172,47.000000,50.000000,48,7,0.145833333333,0.195619285496,4.890482137,9.916916754,41.553606,46.331663,0.804380714504,0.195619285496,20.109517863,0.100671140940,0.620833333333,-2.379166666667,0.206944444444,-3.832214765101,-0.079837807606,no,0.000000000000,0.000000000000,0.000000000,4.051305,-1.785168,high_risk,yes,w0_high_risk,warning,yes,pass,no,below_tau_threshold;platform_too_narrow,no
COMPARISON_RELAXED,29.800000000000,3.000000000000,795.000000,1.453371000000,547.004172,47.000000,50.000000,48,11,0.229166666667,0.434736903890,10.868422597,12.393060767,46.452562,61.785186,0.565263096110,0.434736903890,14.131577403,0.100671140940,0.620833333333,-2.379166666667,0.206944444444,-3.832214765101,-0.079837807606,no,0.000000000000,0.000000000000,0.000000000,4.051305,-1.785168,high_risk,yes,w0_high_risk,warning,yes,pass,no,below_tau_threshold;platform_too_narrow,no
COMPARISON_RELAXED,29.800000000000,3.000000000000,795.000000,1.453371000000,547.004172,47.000000,50.000000,48,13,0.270833333333,0.565263096110,14.131577403,12.393060767,46.452562,70.452502,0.434736903890,0.434736903890,10.868422597,0.100671140940,0.620833333333,-2.379166666667,0.206944444444,-3.832214765101,-0.079837807606,no,0.000000000000,0.000000000000,0.000000000,4.051305,-1.785168,high_risk,yes,w0_high_risk,warning,yes,pass,no,below_tau_threshold;platform_too_narrow,no
COMPARISON_RELAXED,29.800000000000,3.000000000000,795.000000,1.453371000000,547.004172,47.000000,50.000000,48,17,0.354166666667,0.804380714504,20.109517863,9.916916754,41.553606,93.951319,0.195619285496,0.195619285496,4.890482137,0.100671140940,0.620833333333,-2.379166666667,0.206944444444,-3.832214765101,-0.079837807606,no,0.000000000000,0.000000000000,0.000000000,4.051305,-1.785168,high_risk,yes,w0_high_risk,warning,yes,pass,no,below_tau_threshold;platform_too_narrow,no
COMPARISON_RELAXED,29.800000000000,3.000000000000,795.000000,1.453371000000,547.004172,47.000000,50.000000,48,19,0.395833333333,0.896676670146,22.416916754,7.609517863,36.399796,113.239973,0.103323329854,0.103323329854,2.583083246,0.100671140940,0.620833333333,-2.379166666667,0.206944444444,-3.832214765101,-0.079837807606,no,0.000000000000,0.000000000000,0.000000000,4.051305,-1.785168,high_risk,yes,w0_high_risk,warning,yes,pass,no,below_tau_threshold;platform_too_narrow,no
COMPARISON_RELAXED,29.800000000000,3.000000000000,795.000000,1.453371000000,547.004172,47.000000,50.000000,48,23,0.479166666667,0.995722430687,24.893060767,1.631577403,16.854824,257.706692,0.004277569313,0.004277569313,0.106939233,0.100671140940,0.620833333333,-2.379166666667,0.206944444444,-3.832214765101,-0.079837807606,no,0.000000000000,0.000000000000,0.000000000,4.051305,-1.785168,high_risk,no,w0_high_risk,hard_fail,no,large_curved_mirror_spot,no,below_tau_threshold;platform_too_narrow,no
COMPARISON_RELAXED,29.800000000000,3.000000000000,795.000000,1.453371000000,547.004172,47.000000,50.000000,49,1,0.020408163265,0.004104993088,0.102624827,1.598464521,16.682913,16.717260,0.995895006912,0.004104993088,24.897375173,0.100671140940,0.608163265306,-2.391836734694,0.202721088435,-3.932885906040,-0.080262977674,no,0.000000000000,0.000000000000,0.000000000,3.943554,-1.923902,high_risk,no,w0_high_risk,hard_fail,no,short_cavity,no,below_tau_threshold;platform_too_narrow,no
COMPARISON_RELAXED,29.800000000000,3.000000000000,795.000000,1.453371000000,547.004172,47.000000,50.000000,49,2,0.040816326531,0.016352568480,0.408814212,3.170682299,23.496152,23.690652,0.983647431520,0.016352568480,24.591185788,0.100671140940,0.608163265306,-2.391836734694,0.202721088435,-3.932885906040,-0.080262977674,no,0.000000000000,0.000000000000,0.000000000,3.943554,-1.923902,high_risk,no,w0_high_risk,hard_fail,no,short_cavity,no,below_tau_threshold;platform_too_narrow,no
COMPARISON_RELAXED,29.800000000000,3.000000000000,795.000000,1.453371000000,547.004172,47.000000,50.000000,49,3,0.061224489796,0.036541621327,0.913540533,4.690837561,28.578905,29.115825,0.963458378673,0.036541621327,24.086459467,0.100671140940,0.608163265306,-2.391836734694,0.202721088435,-3.932885906040,-0.080262977674,no,0.000000000000,0.000000000000,0.000000000,3.943554,-1.923902,high_risk,no,w0_high_risk,hard_fail,no,short_cavity,no,below_tau_threshold;platform_too_narrow,no
COMPARISON_RELAXED,29.800000000000,3.000000000000,795.000000,1.453371000000,547.004172,47.000000,50.000000,49,4,0.081632653061,0.064340647938,1.608516198,6.133969400,32.680688,33.785652,0.935659352062,0.064340647938,23.391483802,0.100671140940,0.608163265306,-2.391836734694,0.202721088435,-3.932885906040,-0.080262977674,no,0.000000000000,0.000000000000,0.000000000,3.943554,-1.923902,high_risk,no,w0_high_risk,hard_fail,no,short_cavity,no,below_tau_threshold;platform_too_narrow,no
COMPARISON_RELAXED,29.800000000000,3.000000000000,795.000000,1.453371000000,547.004172,47.000000,50.000000,49,5,0.102040816327,0.099293189066,2.482329727,7.476381631,36.079966,38.016698,0.900706810934,0.099293189066,22.517670273,0.100671140940,0.608163265306,-2.391836734694,0.202721088435,-3.932885906040,-0.080262977674,no,0.000000000000,0.000000000000,0.000000000,3.943554,-1.923902,high_risk,no,w0_high_risk,hard_fail,no,short_cavity,no,below_tau_threshold;platform_too_narrow,no
COMPARISON_RELAXED,29.800000000000,3.000000000000,795.000000,1.453371000000,547.004172,47.000000,50.000000,49,6,0.122448979592,0.140825324951,3.520633124,8.696031883,38.911766,41.979785,0.859174675049,0.140825324951,21.479366876,0.100671140940,0.608163265306,-2.391836734694,0.202721088435,-3.932885906040,-0.080262977674,no,0.000000000000,0.000000000000,0.000000000,3.943554,-1.923902,high_risk,yes,w0_high_risk,warning,yes,pass,no,below_tau_threshold;platform_too_narrow,no
COMPARISON_RELAXED,29.800000000000,3.000000000000,795.000000,1.453371000000,547.004172,47.000000,50.000000,49,8,0.163265306122,0.240803715845,6.020092896,10.689284538,43.141446,49.512820,0.759196284155,0.240803715845,18.979907104,0.100671140940,0.608163265306,-2.391836734694,0.202721088435,-3.932885906040,-0.080262977674,no,0.000000000000,0.000000000000,0.000000000,3.943554,-1.923902,high_risk,yes,w0_high_risk,warning,yes,pass,no,below_tau_threshold;platform_too_narrow,no
COMPARISON_RELAXED,29.800000000000,3.000000000000,795.000000,1.453371000000,547.004172,47.000000,50.000000,49,9,0.183673469388,0.297608328439,7.440208211,11.430157788,44.611466,53.230043,0.702391671561,0.297608328439,17.559791789,0.100671140940,0.608163265306,-2.391836734694,0.202721088435,-3.932885906040,-0.080262977674,no,0.000000000000,0.000000000000,0.000000000,3.943554,-1.923902,high_risk,yes,w0_high_risk,warning,yes,pass,no,below_tau_threshold;platform_too_narrow,no
COMPARISON_RELAXED,29.800000000000,3.000000000000,795.000000,1.453371000000,547.004172,47.000000,50.000000,49,10,0.204081632653,0.357736206684,8.943405167,11.983348163,45.678252,56.997099,0.642263793316,0.357736206684,16.056594833,0.100671140940,0.608163265306,-2.391836734694,0.202721088435,-3.932885906040,-0.080262977674,no,0.000000000000,0.000000000000,0.000000000,3.943554,-1.923902,high_risk,yes,w0_high_risk,warning,yes,pass,no,below_tau_threshold;platform_too_narrow,no
COMPARISON_RELAXED,29.800000000000,3.000000000000,795.000000,1.453371000000,547.004172,47.000000,50.000000,49,11,0.224489795918,0.420200052483,10.505001312,12.339772293,46.352585,60.874425,0.579799947517,0.420200052483,14.494998688,0.100671140940,0.608163265306,-2.391836734694,0.202721088435,-3.932885906040,-0.080262977674,no,0.000000000000,0.000000000000,0.000000000,3.943554,-1.923902,high_risk,yes,w0_high_risk,warning,yes,pass,no,below_tau_threshold;platform_too_narrow,no
COMPARISON_RELAXED,29.800000000000,3.000000000000,795.000000,1.453371000000,547.004172,47.000000,50.000000,49,12,0.244897959184,0.483974211214,12.099355280,12.493577703,46.640564,64.927412,0.516025788786,0.483974211214,12.900644720,0.100671140940,0.608163265306,-2.391836734694,0.202721088435,-3.932885906040,-0.080262977674,no,0.000000000000,0.000000000000,0.000000000,3.943554,-1.923902,high_risk,yes,w0_high_risk,warning,yes,pass,no,below_tau_threshold;platform_too_narrow,no
COMPARISON_RELAXED,29.800000000000,3.000000000000,795.000000,1.453371000000,547.004172,47.000000,50.000000,49,13,0.265306122449,0.548011512954,13.700287824,12.442238912,46.544637,69.231854,0.451988487046,0.451988487046,11.299712176,0.100671140940,0.608163265306,-2.391836734694,0.202721088435,-3.932885906040,-0.080262977674,no,0.000000000000,0.000000000000,0.000000000,3.943554,-1.923902,high_risk,yes,w0_high_risk,warning,yes,pass,no,below_tau_threshold;platform_too_narrow,no
COMPARISON_RELAXED,29.800000000000,3.000000000000,795.000000,1.453371000000,547.004172,47.000000,50.000000,49,15,0.306122448980,0.672682527211,16.817063180,11.730855276,45.194462,78.995186,0.327317472789,0.327317472789,8.182936820,0.100671140940,0.608163265306,-2.391836734694,0.202721088435,-3.932885906040,-0.080262977674,no,0.000000000000,0.000000000000,0.000000000,3.943554,-1.923902,high_risk,yes,w0_high_risk,warning,yes,pass,no,below_tau_threshold;platform_too_narrow,no
COMPARISON_RELAXED,29.800000000000,3.000000000000,795.000000,1.453371000000,547.004172,47.000000,50.000000,49,16,0.326530612245,0.731269145120,18.281728628,11.082491330,43.927763,84.738411,0.268730854880,0.268730854880,6.718271372,0.100671140940,0.608163265306,-2.391836734694,0.202721088435,-3.932885906040,-0.080262977674,no,0.000000000000,0.000000000000,0.000000000,3.943554,-1.923902,high_risk,yes,w0_high_risk,warning,yes,pass,no,below_tau_threshold;platform_too_narrow,no
COMPARISON_RELAXED,29.800000000000,3.000000000000,795.000000,1.453371000000,547.004172,47.000000,50.000000,49,17,0.346938775510,0.786058330061,19.651458252,10.252153182,42.250118,91.344044,0.213941669939,0.213941669939,5.348541748,0.100671140940,0.608163265306,-2.391836734694,0.202721088435,-3.932885906040,-0.080262977674,no,0.000000000000,0.000000000000,0.000000000,3.943554,-1.923902,high_risk,yes,w0_high_risk,warning,yes,pass,no,below_tau_threshold;platform_too_narrow,no
COMPARISON_RELAXED,29.800000000000,3.000000000000,795.000000,1.453371000000,547.004172,47.000000,50.000000,49,18,0.367346938776,0.836150445131,20.903761128,9.253474963,40.139579,99.163119,0.163849554869,0.163849554869,4.096238872,0.100671140940,0.608163265306,-2.391836734694,0.202721088435,-3.932885906040,-0.080262977674,no,0.000000000000,0.000000000000,0.000000000,3.943554,-1.923902,high_risk,yes,w0_high_risk,warning,yes,pass,no,below_tau_threshold;platform_too_narrow,no
COMPARISON_RELAXED,29.800000000000,3.000000000000,795.000000,1.453371000000,547.004172,47.000000,50.000000,49,19,0.387755102041,0.880722979185,22.018074480,8.102854941,37.561196,108.757953,0.119277020815,0.119277020815,2.981925520,0.100671140940,0.608163265306,-2.391836734694,0.202721088435,-3.932885906040,-0.080262977674,no,0.000000000000,0.000000000000,0.000000000,3.943554,-1.923902,high_risk,yes,w0_high_risk,warning,yes,pass,no,below_tau_threshold;platform_too_narrow,no
COMPARISON_RELAXED,29.800000000000,3.000000000000,795.000000,1.453371000000,547.004172,47.000000,50.000000,49,20,0.408163265306,0.919044052446,22.976101311,6.819186265,34.457730,121.105057,0.080955947554,0.080955947554,2.023898689,0.100671140940,0.608163265306,-2.391836734694,0.202721088435,-3.932885906040,-0.080262977674,no,0.000000000000,0.000000000000,0.000000000,3.943554,-1.923902,high_risk,yes,w0_high_risk,warning,yes,pass,no,below_tau_threshold;platform_too_narrow,no
COMPARISON_RELAXED,29.800000000000,3.000000000000,795.000000,1.453371000000,547.004172,47.000000,50.000000,49,22,0.448979591837,0.974527873505,24.363196838,3.938852725,26.188176,164.086425,0.025472126495,0.025472126495,0.636803162,0.100671140940,0.608163265306,-2.391836734694,0.202721088435,-3.932885906040,-0.080262977674,no,0.000000000000,0.000000000000,0.000000000,3.943554,-1.923902,high_risk,yes,w0_high_risk,warning,yes,pass,no,below_tau_threshold;platform_too_narrow,no
COMPARISON_RELAXED,29.800000000000,3.000000000000,795.000000,1.453371000000,547.004172,47.000000,50.000000,49,23,0.469387755102,0.990779578496,24.769489462,2.389482859,20.397284,212.420758,0.009220421504,0.009220421504,0.230510538,0.100671140940,0.608163265306,-2.391836734694,0.202721088435,-3.932885906040,-0.080262977674,no,0.000000000000,0.000000000000,0.000000000,3.943554,-1.923902,high_risk,yes,w0_high_risk,warning,yes,pass,no,below_tau_threshold;platform_too_narrow,no
COMPARISON_RELAXED,29.800000000000,3.000000000000,795.000000,1.453371000000,547.004172,47.000000,50.000000,49,24,0.489795918367,0.998972696375,24.974317409,0.800877750,11.808738,368.429237,0.001027303625,0.001027303625,0.025682591,0.100671140940,0.608163265306,-2.391836734694,0.202721088435,-3.932885906040,-0.080262977674,no,0.000000000000,0.000000000000,0.000000000,3.943554,-1.923902,high_risk,no,w0_high_risk,hard_fail,no,large_curved_mirror_spot,no,below_tau_threshold;platform_too_narrow,no
COMPARISON_RELAXED,29.800000000000,3.000000000000,795.000000,1.453371000000,547.004172,47.000000,50.000000,50,1,0.020000000000,0.003942649343,0.098566234,1.566665420,16.516138,16.548794,0.996057350657,0.003942649343,24.901433766,0.100671140940,0.596000000000,-2.404000000000,0.198666666667,-4.033557046980,-0.080671140940,no,0.000000000000,0.000000000000,0.000000000,3.839704,-2.058776,high_risk,no,w0_high_risk,hard_fail,no,short_cavity,no,below_tau_threshold;platform_too_narrow,no
COMPARISON_RELAXED,29.800000000000,3.000000000000,795.000000,1.453371000000,547.004172,47.000000,50.000000,50,3,0.060000000000,0.035111757056,0.877793926,4.601556909,28.305627,28.816038,0.964888242944,0.035111757056,24.122206074,0.100671140940,0.596000000000,-2.404000000000,0.198666666667,-4.033557046980,-0.080671140940,no,0.000000000000,0.000000000000,0.000000000,3.839704,-2.058776,high_risk,no,w0_high_risk,hard_fail,no,short_cavity,no,below_tau_threshold;platform_too_narrow,no
COMPARISON_RELAXED,29.800000000000,3.000000000000,795.000000,1.453371000000,547.004172,47.000000,50.000000,50,7,0.140000000000,0.181288005126,4.532200128,9.631415535,40.951088,45.258470,0.818711994874,0.181288005126,20.467799872,0.100671140940,0.596000000000,-2.404000000000,0.198666666667,-4.033557046980,-0.080671140940,no,0.000000000000,0.000000000000,0.000000000,3.839704,-2.058776,high_risk,yes,w0_high_risk,warning,yes,pass,no,below_tau_threshold;platform_too_narrow,no
COMPARISON_RELAXED,29.800000000000,3.000000000000,795.000000,1.453371000000,547.004172,47.000000,50.000000,50,9,0.180000000000,0.287110354217,7.177758855,11.310338156,44.377024,52.558992,0.712889645783,0.287110354217,17.822241145,0.100671140940,0.596000000000,-2.404000000000,0.198666666667,-4.033557046980,-0.080671140940,no,0.000000000000,0.000000000000,0.000000000,3.839704,-2.058776,high_risk,yes,w0_high_risk,warning,yes,pass,no,below_tau_threshold;platform_too_narrow,no
COMPARISON_RELAXED,29.800000000000,3.000000000000,795.000000,1.453371000000,547.004172,47.000000,50.000000,50,11,0.220000000000,0.406309342707,10.157733568,12.278590634,46.237532,60.008744,0.593690657293,0.406309342707,14.842266432,0.100671140940,0.596000000000,-2.404000000000,0.198666666667,-4.033557046980,-0.080671140940,no,0.000000000000,0.000000000000,0.000000000,3.839704,-2.058776,high_risk,yes,w0_high_risk,warning,yes,pass,no,below_tau_threshold;platform_too_narrow,no
COMPARISON_RELAXED,29.800000000000,3.000000000000,795.000000,1.453371000000,547.004172,47.000000,50.000000,50,13,0.260000000000,0.531395259765,13.284881494,12.475334105,46.606498,68.083698,0.468604740235,0.468604740235,11.715118506,0.100671140940,0.596000000000,-2.404000000000,0.198666666667,-4.033557046980,-0.080671140940,no,0.000000000000,0.000000000000,0.000000000,3.839704,-2.058776,high_risk,yes,w0_high_risk,warning,yes,pass,no,below_tau_threshold;platform_too_narrow,no
COMPARISON_RELAXED,29.800000000000,3.000000000000,795.000000,1.453371000000,547.004172,47.000000,50.000000,50,17,0.340000000000,0.767913397489,19.197834937,10.554099069,42.867777,88.982772,0.232086602511,0.232086602511,5.802165063,0.100671140940,0.596000000000,-2.404000000000,0.198666666667,-4.033557046980,-0.080671140940,no,0.000000000000,0.000000000000,0.000000000,3.839704,-2.058776,high_risk,yes,w0_high_risk,warning,yes,pass,no,below_tau_threshold;platform_too_narrow,no
COMPARISON_RELAXED,29.800000000000,3.000000000000,795.000000,1.453371000000,547.004172,47.000000,50.000000,50,19,0.380000000000,0.864484313711,21.612107843,8.556838824,38.599089,104.853341,0.135515686289,0.135515686289,3.387892157,0.100671140940,0.596000000000,-2.404000000000,0.198666666667,-4.033557046980,-0.080671140940,no,0.000000000000,0.000000000000,0.000000000,3.839704,-2.058776,high_risk,yes,w0_high_risk,warning,yes,pass,no,below_tau_threshold;platform_too_narrow,no
COMPARISON_RELAXED,29.800000000000,3.000000000000,795.000000,1.453371000000,547.004172,47.000000,50.000000,50,21,0.420000000000,0.938153340022,23.453833501,6.021920926,32.380825,130.205636,0.061846659978,0.061846659978,1.546166499,0.100671140940,0.596000000000,-2.404000000000,0.198666666667,-4.033557046980,-0.080671140940,no,0.000000000000,0.000000000000,0.000000000,3.839704,-2.058776,high_risk,yes,w0_high_risk,warning,yes,pass,no,below_tau_threshold;platform_too_narrow,no
COMPARISON_RELAXED,29.800000000000,3.000000000000,795.000000,1.453371000000,547.004172,47.000000,50.000000,50,23,0.460000000000,0.984291580564,24.607289514,3.108623590,23.265075,185.625744,0.015708419436,0.015708419436,0.392710486,0.100671140940,0.596000000000,-2.404000000000,0.198666666667,-4.033557046980,-0.080671140940,no,0.000000000000,0.000000000000,0.000000000,3.839704,-2.058776,high_risk,yes,w0_high_risk,warning,yes,pass,no,below_tau_threshold;platform_too_narrow,no
