scenario,N,tau0,rho,finesse,finesse_ceiling,delta,tau_eff,tau_margin,peak_headroom_ratio,platform_height_margin,math_optimal_branches,geometry_engineering_branches,geometry_warning_branches,w0_experimental_ok_branches,w0_high_risk_branches,final_engineering_branches,geometry_branch_list,geometry_warning_branch_list,w0_experimental_ok_branch_list,w0_high_risk_branch_list,final_branch_list,max_final_platform_width_L_mm,min_final_platform_width_L_mm,mean_final_platform_width_L_mm,pairwise_er_db,conservative_er_db,rho_is_boundary,final_exists
COMPARISON_RELAXED,5,3.000000000000,1.000000000000,15.000000000000,15,0.200000000000,3.000000000000,0.000000000000,0.000000000000,0.000000000000,2,2,2,0,2,0,"1,2","1,2",-,"1,2",-,0.000000000,0.000000000,0.000000000,15.682017,11.684683,yes,no
COMPARISON_RELAXED,6,3.000000000000,1.000000000000,18.000000000000,18,0.166666666667,3.000000000000,0.000000000000,0.000000000000,0.000000000000,1,1,1,0,1,0,1,1,-,1,-,0.000000000,0.000000000,0.000000000,15.682017,11.492063,yes,no
COMPARISON_RELAXED,7,3.000000000000,1.000000000000,21.000000000000,21,0.142857142857,3.000000000000,0.000000000000,0.000000000000,0.000000000000,3,3,3,0,3,0,"1,2,3","1,2,3",-,"1,2,3",-,0.000000000,0.000000000,0.000000000,15.682017,11.307624,yes,no
COMPARISON_RELAXED,8,3.000000000000,1.000000000000,24.000000000000,24,0.125000000000,3.000000000000,0.000000000000,0.000000000000,0.000000000000,2,2,2,0,2,0,"1,3","1,3",-,"1,3",-,0.000000000,0.000000000,0.000000000,15.682017,11.207085,yes,no
COMPARISON_RELAXED,9,3.000000000000,1.000000000000,27.000000000000,27,0.111111111111,3.000000000000,0.000000000000,0.000000000000,0.000000000000,3,3,3,0,3,0,"1,2,4","1,2,4",-,"1,2,4",-,0.000000000,0.000000000,0.000000000,15.682017,11.108821,yes,no
COMPARISON_RELAXED,10,3.000000000000,1.000000000000,30.000000000000,30,0.100000000000,3.000000000000,0.000000000000,0.000000000000,0.000000000000,2,1,1,0,2,0,3,3,-,"1,3",-,0.000000000,0.000000000,0.000000000,15.682017,11.047041,yes,no
COMPARISON_RELAXED,11,3.000000000000,1.000000000000,33.000000000000,33,0.090909090909,3.000000000000,0.000000000000,0.000000000000,0.000000000000,5,4,4,0,5,0,"2,3,4,5","2,3,4,5",-,"1,2,3,4,5",-,0.000000000,0.000000000,0.000000000,15.682017,10.986127,yes,no
COMPARISON_RELAXED,12,3.000000000000,1.000000000000,36.000000000000,36,0.083333333333,3.000000000000,0.000000000000,0.000000000000,0.000000000000,2,1,1,0,2,0,5,5,-,"1,5",-,0.000000000,0.000000000,0.000000000,15.682017,10.944309,yes,no
COMPARISON_RELAXED,13,3.000000000000,1.000000000000,39.000000000000,39,0.076923076923,3.000000000000,0.000000000000,0.000000000000,0.000000000000,6,5,5,0,6,0,"2,3,4,5,6","2,3,4,5,6",-,"1,2,3,4,5,6",-,0.000000000,0.000000000,0.000000000,15.682017,10.902890,yes,no
COMPARISON_RELAXED,14,3.000000000000,1.000000000000,42.000000000000,42,0.071428571429,3.000000000000,0.000000000000,0.000000000000,0.000000000000,3,2,2,0,3,0,"3,5","3,5",-,"1,3,5",-,0.000000000,0.000000000,0.000000000,15.682017,10.872703,yes,no
COMPARISON_RELAXED,15,3.000000000000,1.000000000000,45.000000000000,45,0.066666666667,3.000000000000,0.000000000000,0.000000000000,0.000000000000,4,3,3,0,4,0,"2,4,7","2,4,7",-,"1,2,4,7",-,0.000000000,0.000000000,0.000000000,15.682017,10.842724,yes,no
COMPARISON_RELAXED,16,3.000000000000,1.000000000000,48.000000000000,48,0.062500000000,3.000000000000,0.000000000000,0.000000000000,0.000000000000,4,3,3,0,4,0,"3,5,7","3,5,7",-,"1,3,5,7",-,0.000000000,0.000000000,0.000000000,15.682017,10.819908,yes,no
COMPARISON_RELAXED,17,3.000000000000,1.000000000000,51.000000000000,51,0.058823529412,3.000000000000,0.000000000000,0.000000000000,0.000000000000,8,7,7,0,8,0,"2,3,4,5,6,7,8","2,3,4,5,6,7,8",-,"1,2,3,4,5,6,7,8",-,0.000000000,0.000000000,0.000000000,15.682017,10.797211,yes,no
COMPARISON_RELAXED,18,3.000000000000,1.000000000000,54.000000000000,54,0.055555555556,3.000000000000,0.000000000000,0.000000000000,0.000000000000,3,2,2,0,3,0,"5,7","5,7",-,"1,5,7",-,0.000000000,0.000000000,0.000000000,15.682017,10.779360,yes,no
COMPARISON_RELAXED,19,3.000000000000,1.000000000000,57.000000000000,57,0.052631578947,3.000000000000,0.000000000000,0.000000000000,0.000000000000,9,7,7,0,9,0,"2,3,4,5,6,7,8","2,3,4,5,6,7,8",-,"1,2,3,4,5,6,7,8,9",-,0.000000000,0.000000000,0.000000000,15.682017,10.761581,yes,no
COMPARISON_RELAXED,20,3.000000000000,1.000000000000,60.000000000000,60,0.050000000000,3.000000000000,0.000000000000,0.000000000000,0.000000000000,4,3,3,0,4,0,"3,7,9","3,7,9",-,"1,3,7,9",-,0.000000000,0.000000000,0.000000000,15.682017,10.747233,yes,no
COMPARISON_RELAXED,21,3.000000000000,1.000000000000,63.000000000000,63,0.047619047619,3.000000000000,0.000000000000,0.000000000000,0.000000000000,6,3,3,0,6,0,"4,5,8","4,5,8",-,"1,2,4,5,8,10",-,0.000000000,0.000000000,0.000000000,15.682017,10.732932,yes,no
COMPARISON_RELAXED,22,3.000000000000,1.000000000000,66.000000000000,66,0.045454545455,3.000000000000,0.000000000000,0.000000000000,0.000000000000,5,4,4,0,5,0,"3,5,7,9","3,5,7,9",-,"1,3,5,7,9",-,0.000000000,0.000000000,0.000000000,15.682017,10.721147,yes,no
COMPARISON_RELAXED,23,3.000000000000,1.000000000000,69.000000000000,69,0.043478260870,3.000000000000,0.000000000000,0.000000000000,0.000000000000,11,8,8,0,11,0,"3,4,5,6,7,8,9,10","3,4,5,6,7,8,9,10",-,"1,2,3,4,5,6,7,8,9,10,11",-,0.000000000,0.000000000,0.000000000,15.682017,10.709395,yes,no
COMPARISON_RELAXED,24,3.000000000000,1.000000000000,72.000000000000,72,0.041666666667,3.000000000000,0.000000000000,0.000000000000,0.000000000000,4,3,3,0,4,0,"5,7,11","5,7,11",-,"1,5,7,11",-,0.000000000,0.000000000,0.000000000,15.682017,10.699544,yes,no
COMPARISON_RELAXED,25,3.000000000000,1.000000000000,75.000000000000,75,0.040000000000,3.000000000000,0.000000000000,0.000000000000,0.000000000000,10,7,7,0,10,0,"3,4,6,7,8,9,11","3,4,6,7,8,9,11",-,"1,2,3,4,6,7,8,9,11,12",-,0.000000000,0.000000000,0.000000000,15.682017,10.689715,yes,no
COMPARISON_RELAXED,26,3.000000000000,1.000000000000,78.000000000000,78,0.038461538462,3.000000000000,0.000000000000,0.000000000000,0.000000000000,6,5,5,0,6,0,"3,5,7,9,11","3,5,7,9,11",-,"1,3,5,7,9,11",-,0.000000000,0.000000000,0.000000000,15.682017,10.681358,yes,no
COMPARISON_RELAXED,27,3.000000000000,1.000000000000,81.000000000000,81,0.037037037037,3.000000000000,0.000000000000,0.000000000000,0.000000000000,9,6,6,0,9,0,"4,5,7,8,10,11","4,5,7,8,10,11",-,"1,2,4,5,7,8,10,11,13",-,0.000000000,0.000000000,0.000000000,15.682017,10.673016,yes,no
COMPARISON_RELAXED,28,3.000000000000,1.000000000000,84.000000000000,84,0.035714285714,3.000000000000,0.000000000000,0.000000000000,0.000000000000,6,5,5,0,6,0,"3,5,9,11,13","3,5,9,11,13",-,"1,3,5,9,11,13",-,0.000000000,0.000000000,0.000000000,15.682017,10.665837,yes,no
COMPARISON_RELAXED,29,3.000000000000,1.000000000000,87.000000000000,87,0.034482758621,3.000000000000,0.000000000000,0.000000000000,0.000000000000,14,11,11,0,14,0,"3,4,5,6,7,8,9,10,11,12,13","3,4,5,6,7,8,9,10,11,12,13",-,"1,2,3,4,5,6,7,8,9,10,11,12,13,14",-,0.000000000,0.000000000,0.000000000,15.682017,10.658669,yes,no
COMPARISON_RELAXED,30,3.000000000000,1.000000000000,90.000000000000,90,0.033333333333,3.000000000000,0.000000000000,0.000000000000,0.000000000000,4,3,3,0,4,0,"7,11,13","7,11,13",-,"1,7,11,13",-,0.000000000,0.000000000,0.000000000,15.682017,10.652434,yes,no
COMPARISON_RELAXED,31,3.000000000000,1.000000000000,93.000000000000,93,0.032258064516,3.000000000000,0.000000000000,0.000000000000,0.000000000000,15,11,11,0,15,0,"4,5,6,7,8,9,10,11,12,13,14","4,5,6,7,8,9,10,11,12,13,14",-,"1,2,3,4,5,6,7,8,9,10,11,12,13,14,15",-,0.000000000,0.000000000,0.000000000,15.682017,10.646209,yes,no
COMPARISON_RELAXED,32,3.000000000000,1.000000000000,96.000000000000,96,0.031250000000,3.000000000000,0.000000000000,0.000000000000,0.000000000000,8,6,6,0,8,0,"5,7,9,11,13,15","5,7,9,11,13,15",-,"1,3,5,7,9,11,13,15",-,0.000000000,0.000000000,0.000000000,15.682017,10.640744,yes,no
COMPARISON_RELAXED,33,3.000000000000,1.000000000000,99.000000000000,99,0.030303030303,3.000000000000,0.000000000000,0.000000000000,0.000000000000,10,7,7,0,10,0,"4,5,7,8,10,13,14","4,5,7,8,10,13,14",-,"1,2,4,5,7,8,10,13,14,16",-,0.000000000,0.000000000,0.000000000,15.682017,10.635287,yes,no
COMPARISON_RELAXED,34,3.000000000000,1.000000000000,102.000000000000,102,0.029411764706,3.000000000000,0.000000000000,0.000000000000,0.000000000000,8,6,6,0,8,0,"5,7,9,11,13,15","5,7,9,11,13,15",-,"1,3,5,7,9,11,13,15",-,0.000000000,0.000000000,0.000000000,15.682017,10.630458,yes,no
COMPARISON_RELAXED,35,3.000000000000,1.000000000000,105.000000000000,105,0.028571428571,3.000000000000,0.000000000000,0.000000000000,0.000000000000,12,8,8,0,12,0,"4,6,8,9,11,12,13,16","4,6,8,9,11,12,13,16",-,"1,2,3,4,6,8,9,11,12,13,16,17",-,0.000000000,0.000000000,0.000000000,15.682017,10.625635,yes,no
COMPARISON_RELAXED,36,3.000000000000,1.000000000000,108.000000000000,108,0.027777777778,3.000000000000,0.000000000000,0.000000000000,0.000000000000,6,4,4,0,6,0,"5,7,11,13","5,7,11,13",-,"1,5,7,11,13,17",-,0.000000000,0.000000000,0.000000000,15.682017,10.621337,yes,no
COMPARISON_RELAXED,37,3.000000000000,1.000000000000,111.000000000000,111,0.027027027027,3.000000000000,0.000000000000,0.000000000000,0.000000000000,18,14,14,0,18,0,"4,5,6,7,8,9,10,11,12,13,14,15,16,17","4,5,6,7,8,9,10,11,12,13,14,15,16,17",-,"1,2,3,4,5,6,7,8,9,10,11,12,13,14,15,16,17,18",-,0.000000000,0.000000000,0.000000000,15.682017,10.617043,yes,no
COMPARISON_RELAXED,38,3.000000000000,1.000000000000,114.000000000000,114,0.026315789474,3.000000000000,0.000000000000,0.000000000000,0.000000000000,9,7,7,0,9,0,"5,7,9,11,13,15,17","5,7,9,11,13,15,17",-,"1,3,5,7,9,11,13,15,17",-,0.000000000,0.000000000,0.000000000,15.682017,10.613193,yes,no
COMPARISON_RELAXED,39,3.000000000000,1.000000000000,117.000000000000,117,0.025641025641,3.000000000000,0.000000000000,0.000000000000,0.000000000000,12,9,9,0,12,0,"4,5,7,8,10,11,14,16,17","4,5,7,8,10,11,14,16,17",-,"1,2,4,5,7,8,10,11,14,16,17,19",-,0.000000000,0.000000000,0.000000000,15.682017,10.609347,yes,no
COMPARISON_RELAXED,40,3.000000000000,1.000000000000,120.000000000000,120,0.025000000000,3.000000000000,0.000000000000,0.000000000000,0.000000000000,8,5,5,0,8,0,"7,9,11,13,17","7,9,11,13,17",-,"1,3,7,9,11,13,17,19",-,0.000000000,0.000000000,0.000000000,15.682017,10.605878,yes,no
COMPARISON_RELAXED,41,3.000000000000,1.000000000000,123.000000000000,123,0.024390243902,3.000000000000,0.000000000000,0.000000000000,0.000000000000,20,15,15,0,20,0,"5,6,7,8,9,10,11,12,13,14,15,16,17,18,19","5,6,7,8,9,10,11,12,13,14,15,16,17,18,19",-,"1,2,3,4,5,6,7,8,9,10,11,12,13,14,15,16,17,18,19,20",-,0.000000000,0.000000000,0.000000000,15.682017,10.602413,yes,no
COMPARISON_RELAXED,42,3.000000000000,1.000000000000,126.000000000000,126,0.023809523810,3.000000000000,0.000000000000,0.000000000000,0.000000000000,6,5,5,0,6,0,"5,11,13,17,19","5,11,13,17,19",-,"1,5,11,13,17,19",-,0.000000000,0.000000000,0.000000000,15.682017,10.599271,yes,no
COMPARISON_RELAXED,43,3.000000000000,1.000000000000,129.000000000000,129,0.023255813953,3.000000000000,0.000000000000,0.000000000000,0.000000000000,21,16,16,0,21,0,"5,6,7,8,9,10,11,12,13,14,15,16,17,18,19,20","5,6,7,8,9,10,11,12,13,14,15,16,17,18,19,20",-,"1,2,3,4,5,6,7,8,9,10,11,12,13,14,15,16,17,18,19,20,21",-,0.000000000,0.000000000,0.000000000,15.682017,10.596132,yes,no
COMPARISON_RELAXED,44,3.000000000000,1.000000000000,132.000000000000,132,0.022727272727,3.000000000000,0.000000000000,0.000000000000,0.000000000000,10,7,7,0,10,0,"5,7,9,13,15,17,19","5,7,9,13,15,17,19",-,"1,3,5,7,9,13,15,17,19,21",-,0.000000000,0.000000000,0.000000000,15.682017,10.593274,yes,no
COMPARISON_RELAXED,45,3.000000000000,1.000000000000,135.000000000000,135,0.022222222222,3.000000000000,0.000000000000,0.000000000000,0.000000000000,12,8,8,0,12,0,"7,8,11,13,14,16,17,19","7,8,11,13,14,16,17,19",-,"1,2,4,7,8,11,13,14,16,17,19,22",-,0.000000000,0.000000000,0.000000000,15.682017,10.590418,yes,no
COMPARISON_RELAXED,46,3.000000000000,1.000000000000,138.000000000000,138,0.021739130435,3.000000000000,0.000000000000,0.000000000000,0.000000000000,11,9,9,0,11,0,"5,7,9,11,13,15,17,19,21","5,7,9,11,13,15,17,19,21",-,"1,3,5,7,9,11,13,15,17,19,21",-,0.000000000,0.000000000,0.000000000,15.682017,10.587806,yes,no
COMPARISON_RELAXED,47,3.000000000000,1.000000000000,141.000000000000,141,0.021276595745,3.000000000000,0.000000000000,0.000000000000,0.000000000000,23,18,18,0,23,0,"5,6,7,8,9,10,11,12,13,14,15,16,17,18,19,20,21,22","5,6,7,8,9,10,11,12,13,14,15,16,17,18,19,20,21,22",-,"1,2,3,4,5,6,7,8,9,10,11,12,13,14,15,16,17,18,19,20,21,22,23",-,0.000000000,0.000000000,0.000000000,15.682017,10.585196,yes,no
COMPARISON_RELAXED,48,3.000000000000,1.000000000000,144.000000000000,144,0.020833333333,3.000000000000,0.000000000000,0.000000000000,0.000000000000,8,6,6,0,8,0,"5,7,11,13,17,19","5,7,11,13,17,19",-,"1,5,7,11,13,17,19,23",-,0.000000000,0.000000000,0.000000000,15.682017,10.582800,yes,no
COMPARISON_RELAXED,49,3.000000000000,1.000000000000,147.000000000000,147,0.020408163265,3.000000000000,0.000000000000,0.000000000000,0.000000000000,21,15,15,0,21,0,"6,8,9,10,11,12,13,15,16,17,18,19,20,22,23","6,8,9,10,11,12,13,15,16,17,18,19,20,22,23",-,"1,2,3,4,5,6,8,9,10,11,12,13,15,16,17,18,19,20,22,23,24",-,0.000000000,0.000000000,0.000000000,15.682017,10.580406,yes,no
COMPARISON_RELAXED,50,3.000000000000,1.000000000000,150.000000000000,150,0.020000000000,3.000000000000,0.000000000000,0.000000000000,0.000000000000,10,8,8,0,10,0,"7,9,11,13,17,19,21,23","7,9,11,13,17,19,21,23",-,"1,3,7,9,11,13,17,19,21,23",-,0.000000000,0.000000000,0.000000000,15.682017,10.578201,yes,no
COMPARISON_RELAXED,5,3.000000000000,1.020000000000,15.300000000000,16,0.196078431373,3.060000000000,0.060000000000,0.019607843137,0.003921568627,2,2,2,0,2,2,"1,2","1,2",-,"1,2","1,2",0.365026567,0.150435200,0.257730884,15.849460,11.852817,no,yes
COMPARISON_RELAXED,6,3.000000000000,1.020000000000,18.360000000000,19,0.163398692810,3.060000000000,0.060000000000,0.019607843137,0.003267973856,1,1,1,0,1,1,1,1,-,1,1,0.265454655,0.265454655,0.265454655,15.849460,11.660342,no,yes
COMPARISON_RELAXED,7,3.000000000000,1.020000000000,21.420000000000,22,0.140056022409,3.060000000000,0.060000000000,0.019607843137,0.002801120448,3,3,3,0,3,3,"1,2,3","1,2,3",-,"1,2,3","1,2,3",0.199487181,0.066450991,0.130344035,15.849460,11.476036,no,yes
COMPARISON_RELAXED,8,3.000000000000,1.020000000000,24.480000000000,25,0.122549019608,3.060000000000,0.060000000000,0.019607843137,0.002450980392,2,2,2,0,2,2,"1,3","1,3",-,"1,3","1,3",0.154531039,0.072670416,0.113600727,15.849460,11.375573,no,yes
COMPARISON_RELAXED,9,3.000000000000,1.020000000000,27.540000000000,28,0.108932461874,3.060000000000,0.060000000000,0.019607843137,0.002178649237,3,3,3,0,3,2,"1,2,4","1,2,4",-,"1,2,4","1,2",0.122849759,0.075834471,0.099342115,15.849460,11.277381,no,yes
COMPARISON_RELAXED,10,3.000000000000,1.020000000000,30.600000000000,31,0.098039215686,3.060000000000,0.060000000000,0.019607843137,0.001960784314,2,1,1,0,2,1,3,3,-,"1,3",3,0.069717244,0.069717244,0.069717244,15.849460,11.215646,no,yes
COMPARISON_RELAXED,11,3.000000000000,1.020000000000,33.660000000000,34,0.089126559715,3.060000000000,0.060000000000,0.019607843137,0.001782531194,5,4,4,0,5,1,"2,3,4,5","2,3,4,5",-,"1,2,3,4,5",3,0.054444695,0.054444695,0.054444695,15.849460,11.154778,no,yes
COMPARISON_RELAXED,12,3.000000000000,1.020000000000,36.720000000000,37,0.081699346405,3.060000000000,0.060000000000,0.019607843137,0.001633986928,2,1,1,0,2,0,5,5,-,"1,5",-,0.000000000,0.000000000,0.000000000,15.849460,11.112990,no,no
COMPARISON_RELAXED,13,3.000000000000,1.020000000000,39.780000000000,40,0.075414781297,3.060000000000,0.060000000000,0.019607843137,0.001508295626,6,5,5,0,6,0,"2,3,4,5,6","2,3,4,5,6",-,"1,2,3,4,5,6",-,0.000000000,0.000000000,0.000000000,15.849460,11.071601,no,no
COMPARISON_RELAXED,14,3.000000000000,1.020000000000,42.840000000000,43,0.070028011204,3.060000000000,0.060000000000,0.019607843137,0.001400560224,3,2,2,0,3,0,"3,5","3,5",-,"1,3,5",-,0.000000000,0.000000000,0.000000000,15.849460,11.041437,no,no
COMPARISON_RELAXED,15,3.000000000000,1.020000000000,45.900000000000,46,0.065359477124,3.060000000000,0.060000000000,0.019607843137,0.001307189542,4,3,3,0,4,0,"2,4,7","2,4,7",-,"1,2,4,7",-,0.000000000,0.000000000,0.000000000,15.849460,11.011480,no,no
COMPARISON_RELAXED,16,3.000000000000,1.020000000000,48.960000000000,49,0.061274509804,3.060000000000,0.060000000000,0.019607843137,0.001225490196,4,3,3,0,4,0,"3,5,7","3,5,7",-,"1,3,5,7",-,0.000000000,0.000000000,0.000000000,15.849460,10.988680,no,no
COMPARISON_RELAXED,17,3.000000000000,1.020000000000,52.020000000000,53,0.057670126874,3.060000000000,0.060000000000,0.019607843137,0.001153402537,8,7,7,0,8,0,"2,3,4,5,6,7,8","2,3,4,5,6,7,8",-,"1,2,3,4,5,6,7,8",-,0.000000000,0.000000000,0.000000000,15.849460,10.966000,no,no
COMPARISON_RELAXED,18,3.000000000000,1.020000000000,55.080000000000,56,0.054466230937,3.060000000000,0.060000000000,0.019607843137,0.001089324619,3,2,2,0,3,0,"5,7","5,7",-,"1,5,7",-,0.000000000,0.000000000,0.000000000,15.849460,10.948161,no,no
COMPARISON_RELAXED,19,3.000000000000,1.020000000000,58.140000000000,59,0.051599587203,3.060000000000,0.060000000000,0.019607843137,0.001031991744,9,7,7,0,9,0,"2,3,4,5,6,7,8","2,3,4,5,6,7,8",-,"1,2,3,4,5,6,7,8,9",-,0.000000000,0.000000000,0.000000000,15.849460,10.930395,no,no
COMPARISON_RELAXED,20,3.000000000000,1.020000000000,61.200000000000,62,0.049019607843,3.060000000000,0.060000000000,0.019607843137,0.000980392157,4,3,3,0,4,0,"3,7,9","3,7,9",-,"1,3,7,9",-,0.000000000,0.000000000,0.000000000,15.849460,10.916057,no,no
COMPARISON_RELAXED,21,3.000000000000,1.020000000000,64.260000000000,65,0.046685340803,3.060000000000,0.060000000000,0.019607843137,0.000933706816,6,3,3,0,6,0,"4,5,8","4,5,8",-,"1,2,4,5,8,10",-,0.000000000,0.000000000,0.000000000,15.849460,10.901767,no,no
COMPARISON_RELAXED,22,3.000000000000,1.020000000000,67.320000000000,68,0.044563279857,3.060000000000,0.060000000000,0.019607843137,0.000891265597,5,4,4,0,5,0,"3,5,7,9","3,5,7,9",-,"1,3,5,7,9",-,0.000000000,0.000000000,0.000000000,15.849460,10.889991,no,no
COMPARISON_RELAXED,23,3.000000000000,1.020000000000,70.380000000000,71,0.042625745951,3.060000000000,0.060000000000,0.019607843137,0.000852514919,11,8,8,0,11,0,"3,4,5,6,7,8,9,10","3,4,5,6,7,8,9,10",-,"1,2,3,4,5,6,7,8,9,10,11",-,0.000000000,0.000000000,0.000000000,15.849460,10.878247,no,no
COMPARISON_RELAXED,24,3.000000000000,1.020000000000,73.440000000000,74,0.040849673203,3.060000000000,0.060000000000,0.019607843137,0.000816993464,4,3,3,0,4,0,"5,7,11","5,7,11",-,"1,5,7,11",-,0.000000000,0.000000000,0.000000000,15.849460,10.868403,no,no
COMPARISON_RELAXED,25,3.000000000000,1.020000000000,76.500000000000,77,0.039215686275,3.060000000000,0.060000000000,0.019607843137,0.000784313725,10,7,7,0,10,0,"3,4,6,7,8,9,11","3,4,6,7,8,9,11",-,"1,2,3,4,6,7,8,9,11,12",-,0.000000000,0.000000000,0.000000000,15.849460,10.858581,no,no
COMPARISON_RELAXED,26,3.000000000000,1.020000000000,79.560000000000,80,0.037707390649,3.060000000000,0.060000000000,0.019607843137,0.000754147813,6,5,5,0,6,0,"3,5,7,9,11","3,5,7,9,11",-,"1,3,5,7,9,11",-,0.000000000,0.000000000,0.000000000,15.849460,10.850230,no,no
COMPARISON_RELAXED,27,3.000000000000,1.020000000000,82.620000000000,83,0.036310820625,3.060000000000,0.060000000000,0.019607843137,0.000726216412,9,6,6,0,9,0,"4,5,7,8,10,11","4,5,7,8,10,11",-,"1,2,4,5,7,8,10,11,13",-,0.000000000,0.000000000,0.000000000,15.849460,10.841894,no,no
COMPARISON_RELAXED,28,3.000000000000,1.020000000000,85.680000000000,86,0.035014005602,3.060000000000,0.060000000000,0.019607843137,0.000700280112,6,5,5,0,6,0,"3,5,9,11,13","3,5,9,11,13",-,"1,3,5,9,11,13",-,0.000000000,0.000000000,0.000000000,15.849460,10.834720,no,no
COMPARISON_RELAXED,29,3.000000000000,1.020000000000,88.740000000000,89,0.033806626099,3.060000000000,0.060000000000,0.019607843137,0.000676132522,14,11,11,0,14,0,"3,4,5,6,7,8,9,10,11,12,13","3,4,5,6,7,8,9,10,11,12,13",-,"1,2,3,4,5,6,7,8,9,10,11,12,13,14",-,0.000000000,0.000000000,0.000000000,15.849460,10.827557,no,no
COMPARISON_RELAXED,30,3.000000000000,1.020000000000,91.800000000000,92,0.032679738562,3.060000000000,0.060000000000,0.019607843137,0.000653594771,4,3,3,0,4,0,"7,11,13","7,11,13",-,"1,7,11,13",-,0.000000000,0.000000000,0.000000000,15.849460,10.821327,no,no
COMPARISON_RELAXED,31,3.000000000000,1.020000000000,94.860000000000,95,0.031625553447,3.060000000000,0.060000000000,0.019607843137,0.000632511069,15,11,11,0,15,0,"4,5,6,7,8,9,10,11,12,13,14","4,5,6,7,8,9,10,11,12,13,14",-,"1,2,3,4,5,6,7,8,9,10,11,12,13,14,15",-,0.000000000,0.000000000,0.000000000,15.849460,10.815106,no,no
COMPARISON_RELAXED,32,3.000000000000,1.020000000000,97.920000000000,98,0.030637254902,3.060000000000,0.060000000000,0.019607843137,0.000612745098,8,6,6,0,8,0,"5,7,9,11,13,15","5,7,9,11,13,15",-,"1,3,5,7,9,11,13,15",-,0.000000000,0.000000000,0.000000000,15.849460,10.809645,no,no
COMPARISON_RELAXED,33,3.000000000000,1.020000000000,100.980000000000,101,0.029708853238,3.060000000000,0.060000000000,0.019607843137,0.000594177065,10,7,7,0,10,0,"4,5,7,8,10,13,14","4,5,7,8,10,13,14",-,"1,2,4,5,7,8,10,13,14,16",-,0.000000000,0.000000000,0.000000000,15.849460,10.804192,no,no
COMPARISON_RELAXED,34,3.000000000000,1.020000000000,104.040000000000,105,0.028835063437,3.060000000000,0.060000000000,0.019607843137,0.000576701269,8,6,6,0,8,0,"5,7,9,11,13,15","5,7,9,11,13,15",-,"1,3,5,7,9,11,13,15",-,0.000000000,0.000000000,0.000000000,15.849460,10.799366,no,no
COMPARISON_RELAXED,35,3.000000000000,1.020000000000,107.100000000000,108,0.028011204482,3.060000000000,0.060000000000,0.019607843137,0.000560224090,12,8,8,0,12,0,"4,6,8,9,11,12,13,16","4,6,8,9,11,12,13,16",-,"1,2,3,4,6,8,9,11,12,13,16,17",-,0.000000000,0.000000000,0.000000000,15.849460,10.794546,no,no
COMPARISON_RELAXED,36,3.000000000000,1.020000000000,110.160000000000,111,0.027233115468,3.060000000000,0.060000000000,0.019607843137,0.000544662309,6,4,4,0,6,0,"5,7,11,13","5,7,11,13",-,"1,5,7,11,13,17",-,0.000000000,0.000000000,0.000000000,15.849460,10.790252,no,no
COMPARISON_RELAXED,37,3.000000000000,1.020000000000,113.220000000000,114,0.026497085321,3.060000000000,0.060000000000,0.019607843137,0.000529941706,18,14,14,0,18,0,"4,5,6,7,8,9,10,11,12,13,14,15,16,17","4,5,6,7,8,9,10,11,12,13,14,15,16,17",-,"1,2,3,4,5,6,7,8,9,10,11,12,13,14,15,16,17,18",-,0.000000000,0.000000000,0.000000000,15.849460,10.785961,no,no
COMPARISON_RELAXED,38,3.000000000000,1.020000000000,116.280000000000,117,0.025799793602,3.060000000000,0.060000000000,0.019607843137,0.000515995872,9,7,7,0,9,0,"5,7,9,11,13,15,17","5,7,9,11,13,15,17",-,"1,3,5,7,9,11,13,15,17",-,0.000000000,0.000000000,0.000000000,15.849460,10.782114,no,no
COMPARISON_RELAXED,39,3.000000000000,1.020000000000,119.340000000000,120,0.025138260432,3.060000000000,0.060000000000,0.019607843137,0.000502765209,12,9,9,0,12,0,"4,5,7,8,10,11,14,16,17","4,5,7,8,10,11,14,16,17",-,"1,2,4,5,7,8,10,11,14,16,17,19",-,0.000000000,0.000000000,0.000000000,15.849460,10.778270,no,no
COMPARISON_RELAXED,40,3.000000000000,1.020000000000,122.400000000000,123,0.024509803922,3.060000000000,0.060000000000,0.019607843137,0.000490196078,8,5,5,0,8,0,"7,9,11,13,17","7,9,11,13,17",-,"1,3,7,9,11,13,17,19",-,0.000000000,0.000000000,0.000000000,15.849460,10.774804,no,no
COMPARISON_RELAXED,41,3.000000000000,1.020000000000,125.460000000000,126,0.023912003826,3.060000000000,0.060000000000,0.019607843137,0.000478240077,20,15,15,0,20,0,"5,6,7,8,9,10,11,12,13,14,15,16,17,18,19","5,6,7,8,9,10,11,12,13,14,15,16,17,18,19",-,"1,2,3,4,5,6,7,8,9,10,11,12,13,14,15,16,17,18,19,20",-,0.000000000,0.000000000,0.000000000,15.849460,10.771341,no,no
COMPARISON_RELAXED,42,3.000000000000,1.020000000000,128.520000000000,129,0.023342670401,3.060000000000,0.060000000000,0.019607843137,0.000466853408,6,5,5,0,6,0,"5,11,13,17,19","5,11,13,17,19",-,"1,5,11,13,17,19",-,0.000000000,0.000000000,0.000000000,15.849460,10.768202,no,no
COMPARISON_RELAXED,43,3.000000000000,1.020000000000,131.580000000000,132,0.022799817601,3.060000000000,0.060000000000,0.019607843137,0.000455996352,21,16,16,0,21,0,"5,6,7,8,9,10,11,12,13,14,15,16,17,18,19,20","5,6,7,8,9,10,11,12,13,14,15,16,17,18,19,20",-,"1,2,3,4,5,6,7,8,9,10,11,12,13,14,15,16,17,18,19,20,21",-,0.000000000,0.000000000,0.000000000,15.849460,10.765065,no,no
COMPARISON_RELAXED,44,3.000000000000,1.020000000000,134.640000000000,135,0.022281639929,3.060000000000,0.060000000000,0.019607843137,0.000445632799,10,7,7,0,10,0,"5,7,9,13,15,17,19","5,7,9,13,15,17,19",-,"1,3,5,7,9,13,15,17,19,21",-,0.000000000,0.000000000,0.000000000,15.849460,10.762209,no,no
COMPARISON_RELAXED,45,3.000000000000,1.020000000000,137.700000000000,138,0.021786492375,3.060000000000,0.060000000000,0.019607843137,0.000435729847,12,8,8,0,12,0,"7,8,11,13,14,16,17,19","7,8,11,13,14,16,17,19",-,"1,2,4,7,8,11,13,14,16,17,19,22",-,0.000000000,0.000000000,0.000000000,15.849460,10.759354,no,no
COMPARISON_RELAXED,46,3.000000000000,1.020000000000,140.760000000000,141,0.021312872975,3.060000000000,0.060000000000,0.019607843137,0.000426257460,11,9,9,0,11,0,"5,7,9,11,13,15,17,19,21","5,7,9,11,13,15,17,19,21",-,"1,3,5,7,9,11,13,15,17,19,21",-,0.000000000,0.000000000,0.000000000,15.849460,10.756745,no,no
COMPARISON_RELAXED,47,3.000000000000,1.020000000000,143.820000000000,144,0.020859407593,3.060000000000,0.060000000000,0.019607843137,0.000417188152,23,18,18,0,23,0,"5,6,7,8,9,10,11,12,13,14,15,16,17,18,19,20,21,22","5,6,7,8,9,10,11,12,13,14,15,16,17,18,19,20,21,22",-,"1,2,3,4,5,6,7,8,9,10,11,12,13,14,15,16,17,18,19,20,21,22,23",-,0.000000000,0.000000000,0.000000000,15.849460,10.754136,no,no
COMPARISON_RELAXED,48,3.000000000000,1.020000000000,146.880000000000,147,0.020424836601,3.060000000000,0.060000000000,0.019607843137,0.000408496732,8,6,6,0,8,0,"5,7,11,13,17,19","5,7,11,13,17,19",-,"1,5,7,11,13,17,19,23",-,0.000000000,0.000000000,0.000000000,15.849460,10.751742,no,no
COMPARISON_RELAXED,49,3.000000000000,1.020000000000,149.940000000000,150,0.020008003201,3.060000000000,0.060000000000,0.019607843137,0.000400160064,21,15,15,0,21,0,"6,8,9,10,11,12,13,15,16,17,18,19,20,22,23","6,8,9,10,11,12,13,15,16,17,18,19,20,22,23",-,"1,2,3,4,5,6,8,9,10,11,12,13,15,16,17,18,19,20,22,23,24",-,0.000000000,0.000000000,0.000000000,15.849460,10.749350,no,no
COMPARISON_RELAXED,50,3.000000000000,1.020000000000,153.000000000000,153,0.019607843137,3.060000000000,0.060000000000,0.019607843137,0.000392156863,10,8,8,0,10,0,"7,9,11,13,17,19,21,23","7,9,11,13,17,19,21,23",-,"1,3,7,9,11,13,17,19,21,23",-,0.000000000,0.000000000,0.000000000,15.849460,10.747146,no,no
COMPARISON_RELAXED,5,3.000000000000,1.050000000000,15.750000000000,16,0.190476190476,3.150000000000,0.150000000000,0.047619047619,0.009523809524,2,2,2,0,2,2,"1,2","1,2",-,"1,2","1,2",0.882323124,0.363828339,0.623075731,16.094877,12.099197,no,yes
COMPARISON_RELAXED,6,3.000000000000,1.050000000000,18.900000000000,19,0.158730158730,3.150000000000,0.150000000000,0.047619047619,0.007936507937,1,1,1,0,1,1,1,1,-,1,1,0.640101588,0.640101588,0.640101588,16.094877,11.906924,no,yes
COMPARISON_RELAXED,7,3.000000000000,1.050000000000,22.050000000000,23,0.136054421769,3.150000000000,0.150000000000,0.047619047619,0.006802721088,3,3,3,0,3,3,"1,2,3","1,2,3",-,"1,2,3","1,2,3",0.480292302,0.160102447,0.314704903,16.094877,11.722805,no,yes
COMPARISON_RELAXED,8,3.000000000000,1.050000000000,25.200000000000,26,0.119047619048,3.150000000000,0.150000000000,0.047619047619,0.005952380952,2,2,2,0,2,2,"1,3","1,3",-,"1,3","1,3",0.371664086,0.176740986,0.274202536,16.094877,11.622446,no,yes
COMPARISON_RELAXED,9,3.000000000000,1.050000000000,28.350000000000,29,0.105820105820,3.150000000000,0.150000000000,0.047619047619,0.005291005291,3,3,3,0,3,3,"1,2,4","1,2,4",-,"1,2,4","1,2,4",0.295244981,0.089874465,0.189767757,16.094877,11.524355,no,yes
COMPARISON_RELAXED,10,3.000000000000,1.050000000000,31.500000000000,32,0.095238095238,3.150000000000,0.150000000000,0.047619047619,0.004761904762,2,1,1,0,2,1,3,3,-,"1,3",3,0.169219301,0.169219301,0.169219301,16.094877,11.462685,no,yes
COMPARISON_RELAXED,11,3.000000000000,1.050000000000,34.650000000000,35,0.086580086580,3.150000000000,0.150000000000,0.047619047619,0.004329004329,5,4,4,0,5,4,"2,3,4,5","2,3,4,5",-,"1,2,3,4,5","2,3,4,5",0.132238484,0.057481757,0.105300590,16.094877,11.401878,no,yes
COMPARISON_RELAXED,12,3.000000000000,1.050000000000,37.800000000000,38,0.079365079365,3.150000000000,0.150000000000,0.047619047619,0.003968253968,2,1,1,0,2,1,5,5,-,"1,5",5,0.053494194,0.053494194,0.053494194,16.094877,11.360134,no,yes
COMPARISON_RELAXED,13,3.000000000000,1.050000000000,40.950000000000,41,0.073260073260,3.150000000000,0.150000000000,0.047619047619,0.003663003663,6,5,5,0,6,4,"2,3,4,5,6","2,3,4,5,6",-,"1,2,3,4,5,6","2,3,4,5",0.116445481,0.061941253,0.088708946,16.094877,11.318788,no,yes
COMPARISON_RELAXED,14,3.000000000000,1.050000000000,44.100000000000,45,0.068027210884,3.150000000000,0.150000000000,0.047619047619,0.003401360544,3,2,2,0,3,2,"3,5","3,5",-,"1,3,5","3,5",0.088789807,0.081009401,0.084899604,16.094877,11.288654,no,yes
COMPARISON_RELAXED,15,3.000000000000,1.050000000000,47.250000000000,48,0.063492063492,3.150000000000,0.150000000000,0.047619047619,0.003174603175,4,3,3,0,4,1,"2,4,7","2,4,7",-,"1,2,4,7",4,0.084547991,0.084547991,0.084547991,16.094877,11.258727,no,yes
COMPARISON_RELAXED,16,3.000000000000,1.050000000000,50.400000000000,51,0.059523809524,3.150000000000,0.150000000000,0.047619047619,0.002976190476,4,3,3,0,4,2,"3,5,7","3,5,7",-,"1,3,5,7","3,5",0.088509018,0.062850094,0.075679556,16.094877,11.235951,no,yes
COMPARISON_RELAXED,17,3.000000000000,1.050000000000,53.550000000000,54,0.056022408964,3.150000000000,0.150000000000,0.047619047619,0.002801120448,8,7,7,0,8,4,"2,3,4,5,6,7,8","2,3,4,5,6,7,8",-,"1,2,3,4,5,6,7,8","3,4,5,6",0.071626024,0.050708908,0.061228490,16.094877,11.213293,no,yes
COMPARISON_RELAXED,18,3.000000000000,1.050000000000,56.700000000000,57,0.052910052910,3.150000000000,0.150000000000,0.047619047619,0.002645502646,3,2,2,0,3,0,"5,7","5,7",-,"1,5,7",-,0.000000000,0.000000000,0.000000000,16.094877,11.195473,no,no
COMPARISON_RELAXED,19,3.000000000000,1.050000000000,59.850000000000,60,0.050125313283,3.150000000000,0.150000000000,0.047619047619,0.002506265664,9,7,7,0,9,3,"2,3,4,5,6,7,8","2,3,4,5,6,7,8",-,"1,2,3,4,5,6,7,8,9","4,5,6",0.071286818,0.051780207,0.061731538,16.094877,11.177725,no,yes
COMPARISON_RELAXED,20,3.000000000000,1.050000000000,63.000000000000,63,0.047619047619,3.150000000000,0.150000000000,0.047619047619,0.002380952381,4,3,3,0,4,1,"3,7,9","3,7,9",-,"1,3,7,9",7,0.059416071,0.059416071,0.059416071,16.094877,11.163402,no,yes
COMPARISON_RELAXED,21,3.000000000000,1.050000000000,66.150000000000,67,0.045351473923,3.150000000000,0.150000000000,0.047619047619,0.002267573696,6,3,3,0,6,1,"4,5,8","4,5,8",-,"1,2,4,5,8,10",5,0.054851583,0.054851583,0.054851583,16.094877,11.149125,no,yes
COMPARISON_RELAXED,22,3.000000000000,1.050000000000,69.300000000000,70,0.043290043290,3.150000000000,0.150000000000,0.047619047619,0.002164502165,5,4,4,0,5,1,"3,5,7,9","3,5,7,9",-,"1,3,5,7,9",7,0.059632282,0.059632282,0.059632282,16.094877,11.137361,no,yes
COMPARISON_RELAXED,23,3.000000000000,1.050000000000,72.450000000000,73,0.041407867495,3.150000000000,0.150000000000,0.047619047619,0.002070393375,11,8,8,0,11,1,"3,4,5,6,7,8,9,10","3,4,5,6,7,8,9,10",-,"1,2,3,4,5,6,7,8,9,10,11",8,0.050990444,0.050990444,0.050990444,16.094877,11.125629,no,yes
COMPARISON_RELAXED,24,3.000000000000,1.050000000000,75.600000000000,76,0.039682539683,3.150000000000,0.150000000000,0.047619047619,0.001984126984,4,3,3,0,4,0,"5,7,11","5,7,11",-,"1,5,7,11",-,0.000000000,0.000000000,0.000000000,16.094877,11.115795,no,no
COMPARISON_RELAXED,25,3.000000000000,1.050000000000,78.750000000000,79,0.038095238095,3.150000000000,0.150000000000,0.047619047619,0.001904761905,10,7,7,0,10,1,"3,4,6,7,8,9,11","3,4,6,7,8,9,11",-,"1,2,3,4,6,7,8,9,11,12",8,0.051231730,0.051231730,0.051231730,16.094877,11.105983,no,yes
COMPARISON_RELAXED,26,3.000000000000,1.050000000000,81.900000000000,82,0.036630036630,3.150000000000,0.150000000000,0.047619047619,0.001831501832,6,5,5,0,6,0,"3,5,7,9,11","3,5,7,9,11",-,"1,3,5,7,9,11",-,0.000000000,0.000000000,0.000000000,16.094877,11.097640,no,no
COMPARISON_RELAXED,27,3.000000000000,1.050000000000,85.050000000000,86,0.035273368607,3.150000000000,0.150000000000,0.047619047619,0.001763668430,9,6,6,0,9,0,"4,5,7,8,10,11","4,5,7,8,10,11",-,"1,2,4,5,7,8,10,11,13",-,0.000000000,0.000000000,0.000000000,16.094877,11.089313,no,no
COMPARISON_RELAXED,28,3.000000000000,1.050000000000,88.200000000000,89,0.034013605442,3.150000000000,0.150000000000,0.047619047619,0.001700680272,6,5,5,0,6,0,"3,5,9,11,13","3,5,9,11,13",-,"1,3,5,9,11,13",-,0.000000000,0.000000000,0.000000000,16.094877,11.082145,no,no
COMPARISON_RELAXED,29,3.000000000000,1.050000000000,91.350000000000,92,0.032840722496,3.150000000000,0.150000000000,0.047619047619,0.001642036125,14,11,11,0,14,0,"3,4,5,6,7,8,9,10,11,12,13","3,4,5,6,7,8,9,10,11,12,13",-,"1,2,3,4,5,6,7,8,9,10,11,12,13,14",-,0.000000000,0.000000000,0.000000000,16.094877,11.074990,no,no
COMPARISON_RELAXED,30,3.000000000000,1.050000000000,94.500000000000,95,0.031746031746,3.150000000000,0.150000000000,0.047619047619,0.001587301587,4,3,3,0,4,0,"7,11,13","7,11,13",-,"1,7,11,13",-,0.000000000,0.000000000,0.000000000,16.094877,11.068766,no,no
COMPARISON_RELAXED,31,3.000000000000,1.050000000000,97.650000000000,98,0.030721966206,3.150000000000,0.150000000000,0.047619047619,0.001536098310,15,11,11,0,15,0,"4,5,6,7,8,9,10,11,12,13,14","4,5,6,7,8,9,10,11,12,13,14",-,"1,2,3,4,5,6,7,8,9,10,11,12,13,14,15",-,0.000000000,0.000000000,0.000000000,16.094877,11.062551,no,no
COMPARISON_RELAXED,32,3.000000000000,1.050000000000,100.800000000000,101,0.029761904762,3.150000000000,0.150000000000,0.047619047619,0.001488095238,8,6,6,0,8,0,"5,7,9,11,13,15","5,7,9,11,13,15",-,"1,3,5,7,9,11,13,15",-,0.000000000,0.000000000,0.000000000,16.094877,11.057096,no,no
COMPARISON_RELAXED,33,3.000000000000,1.050000000000,103.950000000000,104,0.028860028860,3.150000000000,0.150000000000,0.047619047619,0.001443001443,10,7,7,0,10,0,"4,5,7,8,10,13,14","4,5,7,8,10,13,14",-,"1,2,4,5,7,8,10,13,14,16",-,0.000000000,0.000000000,0.000000000,16.094877,11.051647,no,no
COMPARISON_RELAXED,34,3.000000000000,1.050000000000,107.100000000000,108,0.028011204482,3.150000000000,0.150000000000,0.047619047619,0.001400560224,8,6,6,0,8,0,"5,7,9,11,13,15","5,7,9,11,13,15",-,"1,3,5,7,9,11,13,15",-,0.000000000,0.000000000,0.000000000,16.094877,11.046827,no,no
COMPARISON_RELAXED,35,3.000000000000,1.050000000000,110.250000000000,111,0.027210884354,3.150000000000,0.150000000000,0.047619047619,0.001360544218,12,8,8,0,12,0,"4,6,8,9,11,12,13,16","4,6,8,9,11,12,13,16",-,"1,2,3,4,6,8,9,11,12,13,16,17",-,0.000000000,0.000000000,0.000000000,16.094877,11.042012,no,no
COMPARISON_RELAXED,36,3.000000000000,1.050000000000,113.400000000000,114,0.026455026455,3.150000000000,0.150000000000,0.047619047619,0.001322751323,6,4,4,0,6,0,"5,7,11,13","5,7,11,13",-,"1,5,7,11,13,17",-,0.000000000,0.000000000,0.000000000,16.094877,11.037721,no,no
COMPARISON_RELAXED,37,3.000000000000,1.050000000000,116.550000000000,117,0.025740025740,3.150000000000,0.150000000000,0.047619047619,0.001287001287,18,14,14,0,18,0,"4,5,6,7,8,9,10,11,12,13,14,15,16,17","4,5,6,7,8,9,10,11,12,13,14,15,16,17",-,"1,2,3,4,5,6,7,8,9,10,11,12,13,14,15,16,17,18",-,0.000000000,0.000000000,0.000000000,16.094877,11.033435,no,no
COMPARISON_RELAXED,38,3.000000000000,1.050000000000,119.700000000000,120,0.025062656642,3.150000000000,0.150000000000,0.047619047619,0.001253132832,9,7,7,0,9,0,"5,7,9,11,13,15,17","5,7,9,11,13,15,17",-,"1,3,5,7,9,11,13,15,17",-,0.000000000,0.000000000,0.000000000,16.094877,11.029592,no,no
COMPARISON_RELAXED,39,3.000000000000,1.050000000000,122.850000000000,123,0.024420024420,3.150000000000,0.150000000000,0.047619047619,0.001221001221,12,9,9,0,12,0,"4,5,7,8,10,11,14,16,17","4,5,7,8,10,11,14,16,17",-,"1,2,4,5,7,8,10,11,14,16,17,19",-,0.000000000,0.000000000,0.000000000,16.094877,11.025752,no,no
COMPARISON_RELAXED,40,3.000000000000,1.050000000000,126.000000000000,126,0.023809523810,3.150000000000,0.150000000000,0.047619047619,0.001190476190,8,5,5,0,8,0,"7,9,11,13,17","7,9,11,13,17",-,"1,3,7,9,11,13,17,19",-,0.000000000,0.000000000,0.000000000,16.094877,11.022289,no,no
COMPARISON_RELAXED,41,3.000000000000,1.050000000000,129.150000000000,130,0.023228803717,3.150000000000,0.150000000000,0.047619047619,0.001161440186,20,15,15,0,20,0,"5,6,7,8,9,10,11,12,13,14,15,16,17,18,19","5,6,7,8,9,10,11,12,13,14,15,16,17,18,19",-,"1,2,3,4,5,6,7,8,9,10,11,12,13,14,15,16,17,18,19,20",-,0.000000000,0.000000000,0.000000000,16.094877,11.018829,no,no
COMPARISON_RELAXED,42,3.000000000000,1.050000000000,132.300000000000,133,0.022675736961,3.150000000000,0.150000000000,0.047619047619,0.001133786848,6,5,5,0,6,0,"5,11,13,17,19","5,11,13,17,19",-,"1,5,11,13,17,19",-,0.000000000,0.000000000,0.000000000,16.094877,11.015693,no,no
COMPARISON_RELAXED,43,3.000000000000,1.050000000000,135.450000000000,136,0.022148394241,3.150000000000,0.150000000000,0.047619047619,0.001107419712,21,16,16,0,21,0,"5,6,7,8,9,10,11,12,13,14,15,16,17,18,19,20","5,6,7,8,9,10,11,12,13,14,15,16,17,18,19,20",-,"1,2,3,4,5,6,7,8,9,10,11,12,13,14,15,16,17,18,19,20,21",-,0.000000000,0.000000000,0.000000000,16.094877,11.012559,no,no
COMPARISON_RELAXED,44,3.000000000000,1.050000000000,138.600000000000,139,0.021645021645,3.150000000000,0.150000000000,0.047619047619,0.001082251082,10,7,7,0,10,0,"5,7,9,13,15,17,19","5,7,9,13,15,17,19",-,"1,3,5,7,9,13,15,17,19,21",-,0.000000000,0.000000000,0.000000000,16.094877,11.009706,no,no
COMPARISON_RELAXED,45,3.000000000000,1.050000000000,141.750000000000,142,0.021164021164,3.150000000000,0.150000000000,0.047619047619,0.001058201058,12,8,8,0,12,0,"7,8,11,13,14,16,17,19","7,8,11,13,14,16,17,19",-,"1,2,4,7,8,11,13,14,16,17,19,22",-,0.000000000,0.000000000,0.000000000,16.094877,11.006854,no,no
COMPARISON_RELAXED,46,3.000000000000,1.050000000000,144.900000000000,145,0.020703933747,3.150000000000,0.150000000000,0.047619047619,0.001035196687,11,9,9,0,11,0,"5,7,9,11,13,15,17,19,21","5,7,9,11,13,15,17,19,21",-,"1,3,5,7,9,11,13,15,17,19,21",-,0.000000000,0.000000000,0.000000000,16.094877,11.004247,no,no
COMPARISON_RELAXED,47,3.000000000000,1.050000000000,148.050000000000,149,0.020263424519,3.150000000000,0.150000000000,0.047619047619,0.001013171226,23,18,18,0,23,0,"5,6,7,8,9,10,11,12,13,14,15,16,17,18,19,20,21,22","5,6,7,8,9,10,11,12,13,14,15,16,17,18,19,20,21,22",-,"1,2,3,4,5,6,7,8,9,10,11,12,13,14,15,16,17,18,19,20,21,22,23",-,0.000000000,0.000000000,0.000000000,16.094877,11.001642,no,no
COMPARISON_RELAXED,48,3.000000000000,1.050000000000,151.200000000000,152,0.019841269841,3.150000000000,0.150000000000,0.047619047619,0.000992063492,8,6,6,0,8,0,"5,7,11,13,17,19","5,7,11,13,17,19",-,"1,5,7,11,13,17,19,23",-,0.000000000,0.000000000,0.000000000,16.094877,10.999250,no,no
COMPARISON_RELAXED,49,3.000000000000,1.050000000000,154.350000000000,155,0.019436345967,3.150000000000,0.150000000000,0.047619047619,0.000971817298,21,15,15,0,21,0,"6,8,9,10,11,12,13,15,16,17,18,19,20,22,23","6,8,9,10,11,12,13,15,16,17,18,19,20,22,23",-,"1,2,3,4,5,6,8,9,10,11,12,13,15,16,17,18,19,20,22,23,24",-,0.000000000,0.000000000,0.000000000,16.094877,10.996859,no,no
COMPARISON_RELAXED,50,3.000000000000,1.050000000000,157.500000000000,158,0.019047619048,3.150000000000,0.150000000000,0.047619047619,0.000952380952,10,8,8,0,10,0,"7,9,11,13,17,19,21,23","7,9,11,13,17,19,21,23",-,"1,3,7,9,11,13,17,19,21,23",-,0.000000000,0.000000000,0.000000000,16.094877,10.994658,no,no
COMPARISON_RELAXED,5,3.000000000000,1.100000000000,16.500000000000,17,0.181818181818,3.300000000000,0.300000000000,0.090909090909,0.018181818182,2,2,2,0,2,2,"1,2","1,2",-,"1,2","1,2",1.671030702,0.690005476,1.180518089,16.489452,12.495207,no,yes
COMPARISON_RELAXED,6,3.000000000000,1.100000000000,19.800000000000,20,0.151515151515,3.300000000000,0.300000000000,0.090909090909,0.015151515152,1,1,1,0,1,1,1,1,-,1,1,1.207945321,1.207945321,1.207945321,16.489452,12.303237,no,yes
COMPARISON_RELAXED,7,3.000000000000,1.100000000000,23.100000000000,24,0.129870129870,3.300000000000,0.300000000000,0.090909090909,0.012987012987,3,3,3,0,3,3,"1,2,3","1,2,3",-,"1,2,3","1,2,3",0.904276598,0.301854362,0.595234494,16.489452,12.119394,no,yes
COMPARISON_RELAXED,8,3.000000000000,1.100000000000,26.400000000000,27,0.113636363636,3.300000000000,0.300000000000,0.090909090909,0.011363636364,2,2,2,0,2,2,"1,3","1,3",-,"1,3","1,3",0.698649045,0.338159916,0.518404480,16.489452,12.019193,no,yes
COMPARISON_RELAXED,9,3.000000000000,1.100000000000,29.700000000000,30,0.101010101010,3.300000000000,0.300000000000,0.090909090909,0.010101010101,3,3,3,0,3,3,"1,2,4","1,2,4",-,"1,2,4","1,2,4",0.554366296,0.168975661,0.358334490,16.489452,11.921251,no,yes
COMPARISON_RELAXED,10,3.000000000000,1.100000000000,33.000000000000,33,0.090909090909,3.300000000000,0.300000000000,0.090909090909,0.009090909091,2,1,1,0,2,1,3,3,-,"1,3",3,0.322772172,0.322772172,0.322772172,16.489452,11.859677,no,yes
COMPARISON_RELAXED,11,3.000000000000,1.100000000000,36.300000000000,37,0.082644628099,3.300000000000,0.300000000000,0.090909090909,0.008264462810,5,4,4,0,5,4,"2,3,4,5","2,3,4,5",-,"1,2,3,4,5","2,3,4,5",0.252499475,0.107900617,0.200713590,16.489452,11.798963,no,yes
COMPARISON_RELAXED,12,3.000000000000,1.100000000000,39.600000000000,40,0.075757575758,3.300000000000,0.300000000000,0.090909090909,0.007575757576,2,1,1,0,2,1,5,5,-,"1,5",5,0.102238801,0.102238801,0.102238801,16.489452,11.757283,no,yes
COMPARISON_RELAXED,13,3.000000000000,1.100000000000,42.900000000000,43,0.069930069930,3.300000000000,0.300000000000,0.090909090909,0.006993006993,6,5,5,0,6,5,"2,3,4,5,6","2,3,4,5,6",-,"1,2,3,4,5,6","2,3,4,5,6",0.222094444,0.074831376,0.150396947,16.489452,11.715999,no,yes
COMPARISON_RELAXED,14,3.000000000000,1.100000000000,46.200000000000,47,0.064935064935,3.300000000000,0.300000000000,0.090909090909,0.006493506494,3,2,2,0,3,2,"3,5","3,5",-,"1,3,5","3,5",0.169822457,0.154622886,0.162222671,16.489452,11.685912,no,yes
COMPARISON_RELAXED,15,3.000000000000,1.100000000000,49.500000000000,50,0.060606060606,3.300000000000,0.300000000000,0.090909090909,0.006060606061,4,3,3,0,4,3,"2,4,7","2,4,7",-,"1,2,4,7","2,4,7",0.161432908,0.054928900,0.103713714,16.489452,11.656031,no,yes
COMPARISON_RELAXED,16,3.000000000000,1.100000000000,52.800000000000,53,0.056818181818,3.300000000000,0.300000000000,0.090909090909,0.005681818182,4,3,3,0,4,2,"3,5,7","3,5,7",-,"1,3,5,7","3,5",0.168816687,0.120032052,0.144424369,16.489452,11.633289,no,yes
COMPARISON_RELAXED,17,3.000000000000,1.100000000000,56.100000000000,57,0.053475935829,3.300000000000,0.300000000000,0.090909090909,0.005347593583,8,7,7,0,8,6,"2,3,4,5,6,7,8","2,3,4,5,6,7,8",-,"1,2,3,4,5,6,7,8","2,3,4,5,6,7",0.136757214,0.062843227,0.099573429,16.489452,11.610665,no,yes
COMPARISON_RELAXED,18,3.000000000000,1.100000000000,59.400000000000,60,0.050505050505,3.300000000000,0.300000000000,0.090909090909,0.005050505051,3,2,2,0,3,2,"5,7","5,7",-,"1,5,7","5,7",0.091304811,0.070442897,0.080873854,16.489452,11.592872,no,yes
COMPARISON_RELAXED,19,3.000000000000,1.100000000000,62.700000000000,63,0.047846889952,3.300000000000,0.300000000000,0.090909090909,0.004784688995,9,7,7,0,9,5,"2,3,4,5,6,7,8","2,3,4,5,6,7,8",-,"1,2,3,4,5,6,7,8,9","3,4,5,6,7",0.135975780,0.059665551,0.097958117,16.489452,11.575151,no,yes
COMPARISON_RELAXED,20,3.000000000000,1.100000000000,66.000000000000,66,0.045454545455,3.300000000000,0.300000000000,0.090909090909,0.004545454545,4,3,3,0,4,2,"3,7,9","3,7,9",-,"1,3,7,9","3,7",0.113583225,0.063433015,0.088508120,16.489452,11.560849,no,yes
COMPARISON_RELAXED,21,3.000000000000,1.100000000000,69.300000000000,70,0.043290043290,3.300000000000,0.300000000000,0.090909090909,0.004329004329,6,3,3,0,6,2,"4,5,8","4,5,8",-,"1,2,4,5,8,10","4,5",0.104725893,0.083140940,0.093933417,16.489452,11.546594,no,yes
COMPARISON_RELAXED,22,3.000000000000,1.100000000000,72.600000000000,73,0.041322314050,3.300000000000,0.300000000000,0.090909090909,0.004132231405,5,4,4,0,5,3,"3,5,7,9","3,5,7,9",-,"1,3,5,7,9","3,5,7",0.113752258,0.051434807,0.075195830,16.489452,11.534847,no,yes
COMPARISON_RELAXED,23,3.000000000000,1.100000000000,75.900000000000,76,0.039525691700,3.300000000000,0.300000000000,0.090909090909,0.003952569170,11,8,8,0,11,5,"3,4,5,6,7,8,9,10","3,4,5,6,7,8,9,10",-,"1,2,3,4,5,6,7,8,9,10,11","4,5,6,7,8",0.097459659,0.051756975,0.072111093,16.489452,11.523133,no,yes
COMPARISON_RELAXED,24,3.000000000000,1.100000000000,79.200000000000,80,0.037878787879,3.300000000000,0.300000000000,0.090909090909,0.003787878788,4,3,3,0,4,2,"5,7,11","5,7,11",-,"1,5,7,11","5,7",0.072562448,0.057970858,0.065266653,16.489452,11.513313,no,yes
COMPARISON_RELAXED,25,3.000000000000,1.100000000000,82.500000000000,83,0.036363636364,3.300000000000,0.300000000000,0.090909090909,0.003636363636,10,7,7,0,10,4,"3,4,6,7,8,9,11","3,4,6,7,8,9,11",-,"1,2,3,4,6,7,8,9,11,12","4,6,7,8",0.097733289,0.052925086,0.072788637,16.489452,11.503516,no,yes
COMPARISON_RELAXED,26,3.000000000000,1.100000000000,85.800000000000,86,0.034965034965,3.300000000000,0.300000000000,0.090909090909,0.003496503497,6,5,5,0,6,2,"3,5,7,9,11","3,5,7,9,11",-,"1,3,5,7,9,11","5,9",0.085347223,0.063621150,0.074484186,16.489452,11.495185,no,yes
COMPARISON_RELAXED,27,3.000000000000,1.100000000000,89.100000000000,90,0.033670033670,3.300000000000,0.300000000000,0.090909090909,0.003367003367,9,6,6,0,9,1,"4,5,7,8,10,11","4,5,7,8,10,11",-,"1,2,4,5,7,8,10,11,13",7,0.077486761,0.077486761,0.077486761,16.489452,11.486870,no,yes
COMPARISON_RELAXED,28,3.000000000000,1.100000000000,92.400000000000,93,0.032467532468,3.300000000000,0.300000000000,0.090909090909,0.003246753247,6,5,5,0,6,1,"3,5,9,11,13","3,5,9,11,13",-,"1,3,5,9,11,13",9,0.085647859,0.085647859,0.085647859,16.489452,11.479714,no,yes
COMPARISON_RELAXED,29,3.000000000000,1.100000000000,95.700000000000,96,0.031347962382,3.300000000000,0.300000000000,0.090909090909,0.003134796238,14,11,11,0,14,3,"3,4,5,6,7,8,9,10,11,12,13","3,4,5,6,7,8,9,10,11,12,13",-,"1,2,3,4,5,6,7,8,9,10,11,12,13,14","6,7,10",0.075913888,0.057306146,0.068174299,16.489452,11.472569,no,yes
COMPARISON_RELAXED,30,3.000000000000,1.100000000000,99.000000000000,99,0.030303030303,3.300000000000,0.300000000000,0.090909090909,0.003030303030,4,3,3,0,4,0,"7,11,13","7,11,13",-,"1,7,11,13",-,0.000000000,0.000000000,0.000000000,16.489452,11.466354,no,no
COMPARISON_RELAXED,31,3.000000000000,1.100000000000,102.300000000000,103,0.029325513196,3.300000000000,0.300000000000,0.090909090909,0.002932551320,15,11,11,0,15,3,"4,5,6,7,8,9,10,11,12,13,14","4,5,6,7,8,9,10,11,12,13,14",-,"1,2,3,4,5,6,7,8,9,10,11,12,13,14,15","6,8,10",0.076210134,0.051532402,0.064591668,16.489452,11.460148,no,yes
COMPARISON_RELAXED,32,3.000000000000,1.100000000000,105.600000000000,106,0.028409090909,3.300000000000,0.300000000000,0.090909090909,0.002840909091,8,6,6,0,8,1,"5,7,9,11,13,15","5,7,9,11,13,15",-,"1,3,5,7,9,11,13,15",11,0.068358938,0.068358938,0.068358938,16.489452,11.454701,no,yes
COMPARISON_RELAXED,33,3.000000000000,1.100000000000,108.900000000000,109,0.027548209366,3.300000000000,0.300000000000,0.090909090909,0.002754820937,10,7,7,0,10,1,"4,5,7,8,10,13,14","4,5,7,8,10,13,14",-,"1,2,4,5,7,8,10,13,14,16",8,0.061487157,0.061487157,0.061487157,16.489452,11.449261,no,yes
COMPARISON_RELAXED,34,3.000000000000,1.100000000000,112.200000000000,113,0.026737967914,3.300000000000,0.300000000000,0.090909090909,0.002673796791,8,6,6,0,8,1,"5,7,9,11,13,15","5,7,9,11,13,15",-,"1,3,5,7,9,11,13,15",11,0.068638405,0.068638405,0.068638405,16.489452,11.444448,no,yes
COMPARISON_RELAXED,35,3.000000000000,1.100000000000,115.500000000000,116,0.025974025974,3.300000000000,0.300000000000,0.090909090909,0.002597402597,12,8,8,0,12,2,"4,6,8,9,11,12,13,16","4,6,8,9,11,12,13,16",-,"1,2,3,4,6,8,9,11,12,13,16,17","9,12",0.062171958,0.057526979,0.059849469,16.489452,11.439640,no,yes
COMPARISON_RELAXED,36,3.000000000000,1.100000000000,118.800000000000,119,0.025252525253,3.300000000000,0.300000000000,0.090909090909,0.002525252525,6,4,4,0,6,0,"5,7,11,13","5,7,11,13",-,"1,5,7,11,13,17",-,0.000000000,0.000000000,0.000000000,16.489452,11.435355,no,no
COMPARISON_RELAXED,37,3.000000000000,1.100000000000,122.100000000000,123,0.024570024570,3.300000000000,0.300000000000,0.090909090909,0.002457002457,18,14,14,0,18,2,"4,5,6,7,8,9,10,11,12,13,14,15,16,17","4,5,6,7,8,9,10,11,12,13,14,15,16,17",-,"1,2,3,4,5,6,7,8,9,10,11,12,13,14,15,16,17,18","9,12",0.062430480,0.054045818,0.058238149,16.489452,11.431075,no,yes
COMPARISON_RELAXED,38,3.000000000000,1.100000000000,125.400000000000,126,0.023923444976,3.300000000000,0.300000000000,0.090909090909,0.002392344498,9,7,7,0,9,1,"5,7,9,11,13,15,17","5,7,9,11,13,15,17",-,"1,3,5,7,9,11,13,15,17",13,0.057012158,0.057012158,0.057012158,16.489452,11.427238,no,yes
COMPARISON_RELAXED,39,3.000000000000,1.100000000000,128.700000000000,129,0.023310023310,3.300000000000,0.300000000000,0.090909090909,0.002331002331,12,9,9,0,12,1,"4,5,7,8,10,11,14,16,17","4,5,7,8,10,11,14,16,17",-,"1,2,4,5,7,8,10,11,14,16,17,19",10,0.050961747,0.050961747,0.050961747,16.489452,11.423403,no,yes
COMPARISON_RELAXED,40,3.000000000000,1.100000000000,132.000000000000,132,0.022727272727,3.300000000000,0.300000000000,0.090909090909,0.002272727273,8,5,5,0,8,1,"7,9,11,13,17","7,9,11,13,17",-,"1,3,7,9,11,13,17,19",13,0.057249192,0.057249192,0.057249192,16.489452,11.419946,no,yes
COMPARISON_RELAXED,41,3.000000000000,1.100000000000,135.300000000000,136,0.022172949002,3.300000000000,0.300000000000,0.090909090909,0.002217294900,20,15,15,0,20,1,"5,6,7,8,9,10,11,12,13,14,15,16,17,18,19","5,6,7,8,9,10,11,12,13,14,15,16,17,18,19",-,"1,2,3,4,5,6,7,8,9,10,11,12,13,14,15,16,17,18,19,20",14,0.052643292,0.052643292,0.052643292,16.489452,11.416491,no,yes
COMPARISON_RELAXED,42,3.000000000000,1.100000000000,138.600000000000,139,0.021645021645,3.300000000000,0.300000000000,0.090909090909,0.002164502165,6,5,5,0,6,0,"5,11,13,17,19","5,11,13,17,19",-,"1,5,11,13,17,19",-,0.000000000,0.000000000,0.000000000,16.489452,11.413359,no,no
COMPARISON_RELAXED,43,3.000000000000,1.100000000000,141.900000000000,142,0.021141649049,3.300000000000,0.300000000000,0.090909090909,0.002114164905,21,16,16,0,21,1,"5,6,7,8,9,10,11,12,13,14,15,16,17,18,19,20","5,6,7,8,9,10,11,12,13,14,15,16,17,18,19,20",-,"1,2,3,4,5,6,7,8,9,10,11,12,13,14,15,16,17,18,19,20,21",14,0.052859858,0.052859858,0.052859858,16.489452,11.410230,no,yes
COMPARISON_RELAXED,44,3.000000000000,1.100000000000,145.200000000000,146,0.020661157025,3.300000000000,0.300000000000,0.090909090909,0.002066115702,10,7,7,0,10,0,"5,7,9,13,15,17,19","5,7,9,13,15,17,19",-,"1,3,5,7,9,13,15,17,19,21",-,0.000000000,0.000000000,0.000000000,16.489452,11.407381,no,no
COMPARISON_RELAXED,45,3.000000000000,1.100000000000,148.500000000000,149,0.020202020202,3.300000000000,0.300000000000,0.090909090909,0.002020202020,12,8,8,0,12,0,"7,8,11,13,14,16,17,19","7,8,11,13,14,16,17,19",-,"1,2,4,7,8,11,13,14,16,17,19,22",-,0.000000000,0.000000000,0.000000000,16.489452,11.404534,no,no
COMPARISON_RELAXED,46,3.000000000000,1.100000000000,151.800000000000,152,0.019762845850,3.300000000000,0.300000000000,0.090909090909,0.001976284585,11,9,9,0,11,0,"5,7,9,11,13,15,17,19,21","5,7,9,11,13,15,17,19,21",-,"1,3,5,7,9,11,13,15,17,19,21",-,0.000000000,0.000000000,0.000000000,16.489452,11.401931,no,no
COMPARISON_RELAXED,47,3.000000000000,1.100000000000,155.100000000000,156,0.019342359768,3.300000000000,0.300000000000,0.090909090909,0.001934235977,23,18,18,0,23,0,"5,6,7,8,9,10,11,12,13,14,15,16,17,18,19,20,21,22","5,6,7,8,9,10,11,12,13,14,15,16,17,18,19,20,21,22",-,"1,2,3,4,5,6,7,8,9,10,11,12,13,14,15,16,17,18,19,20,21,22,23",-,0.000000000,0.000000000,0.000000000,16.489452,11.399329,no,no
COMPARISON_RELAXED,48,3.000000000000,1.100000000000,158.400000000000,159,0.018939393939,3.300000000000,0.300000000000,0.090909090909,0.001893939394,8,6,6,0,8,0,"5,7,11,13,17,19","5,7,11,13,17,19",-,"1,5,7,11,13,17,19,23",-,0.000000000,0.000000000,0.000000000,16.489452,11.396940,no,no
COMPARISON_RELAXED,49,3.000000000000,1.100000000000,161.700000000000,162,0.018552875696,3.300000000000,0.300000000000,0.090909090909,0.001855287570,21,15,15,0,21,0,"6,8,9,10,11,12,13,15,16,17,18,19,20,22,23","6,8,9,10,11,12,13,15,16,17,18,19,20,22,23",-,"1,2,3,4,5,6,8,9,10,11,12,13,15,16,17,18,19,20,22,23,24",-,0.000000000,0.000000000,0.000000000,16.489452,11.394554,no,no
COMPARISON_RELAXED,50,3.000000000000,1.100000000000,165.000000000000,165,0.018181818182,3.300000000000,0.300000000000,0.090909090909,0.001818181818,10,8,8,0,10,0,"7,9,11,13,17,19,21,23","7,9,11,13,17,19,21,23",-,"1,3,7,9,11,13,17,19,21,23",-,0.000000000,0.000000000,0.000000000,16.489452,11.392355,no,no
COMPARISON_RELAXED,5,3.000000000000,1.150000000000,17.250000000000,18,0.173913043478,3.450000000000,0.450000000000,0.130434782609,0.026086956522,2,2,2,0,2,2,"1,2","1,2",-,"1,2","1,2",2.378353332,0.983851423,1.681102378,16.867256,12.874266,no,yes
COMPARISON_RELAXED,6,3.000000000000,1.150000000000,20.700000000000,21,0.144927536232,3.450000000000,0.450000000000,0.130434782609,0.021739130435,1,1,1,0,1,1,1,1,-,1,1,1.713857746,1.713857746,1.713857746,16.867256,12.682559,no,yes
COMPARISON_RELAXED,7,3.000000000000,1.150000000000,24.150000000000,25,0.124223602484,3.450000000000,0.450000000000,0.130434782609,0.018633540373,3,3,3,0,3,3,"1,2,3","1,2,3",-,"1,2,3","1,2,3",1.280394982,0.428087895,0.846558165,16.867256,12.498958,no,yes
COMPARISON_RELAXED,8,3.000000000000,1.150000000000,27.600000000000,28,0.108695652174,3.450000000000,0.450000000000,0.130434782609,0.016304347826,2,2,2,0,2,2,"1,3","1,3",-,"1,3","1,3",0.987852390,0.486148438,0.737000414,16.867256,12.398894,no,yes
COMPARISON_RELAXED,9,3.000000000000,1.150000000000,31.050000000000,32,0.096618357488,3.450000000000,0.450000000000,0.130434782609,0.014492753623,3,3,3,0,3,3,"1,2,4","1,2,4",-,"1,2,4","1,2,4",0.783050122,0.239021129,0.508890534,16.867256,12.301083,no,yes
COMPARISON_RELAXED,10,3.000000000000,1.150000000000,34.500000000000,35,0.086956521739,3.450000000000,0.450000000000,0.130434782609,0.013043478261,2,1,1,0,2,1,3,3,-,"1,3",3,0.462729004,0.462729004,0.462729004,16.867256,12.239592,no,yes
COMPARISON_RELAXED,11,3.000000000000,1.150000000000,37.950000000000,38,0.079051383399,3.450000000000,0.450000000000,0.130434782609,0.011857707510,5,4,4,0,5,4,"2,3,4,5","2,3,4,5",-,"1,2,3,4,5","2,3,4,5",0.362336695,0.152401533,0.287564111,16.867256,12.178960,no,yes
COMPARISON_RELAXED,12,3.000000000000,1.150000000000,41.400000000000,42,0.072463768116,3.450000000000,0.450000000000,0.130434782609,0.010869565217,2,1,1,0,2,1,5,5,-,"1,5",5,0.146838468,0.146838468,0.146838468,16.867256,12.137336,no,yes
COMPARISON_RELAXED,13,3.000000000000,1.150000000000,44.850000000000,45,0.066889632107,3.450000000000,0.450000000000,0.130434782609,0.010033444816,6,5,5,0,6,5,"2,3,4,5,6","2,3,4,5,6",-,"1,2,3,4,5,6","2,3,4,5,6",0.318377844,0.105592322,0.215362501,16.867256,12.096107,no,yes
COMPARISON_RELAXED,14,3.000000000000,1.150000000000,48.300000000000,49,0.062111801242,3.450000000000,0.450000000000,0.130434782609,0.009316770186,3,2,2,0,3,2,"3,5","3,5",-,"1,3,5","3,5",0.244068103,0.221808327,0.232938215,16.867256,12.066059,no,yes
COMPARISON_RELAXED,15,3.000000000000,1.150000000000,51.750000000000,52,0.057971014493,3.450000000000,0.450000000000,0.130434782609,0.008695652174,4,3,3,0,4,3,"2,4,7","2,4,7",-,"1,2,4,7","2,4,7",0.231650334,0.077456853,0.148370796,16.867256,12.036218,no,yes
COMPARISON_RELAXED,16,3.000000000000,1.150000000000,55.200000000000,56,0.054347826087,3.450000000000,0.450000000000,0.130434782609,0.008152173913,4,3,3,0,4,3,"3,5,7","3,5,7",-,"1,3,5,7","3,5,7",0.242010238,0.062349192,0.158879504,16.867256,12.013506,no,yes
COMPARISON_RELAXED,17,3.000000000000,1.150000000000,58.650000000000,59,0.051150895141,3.450000000000,0.450000000000,0.130434782609,0.007672634271,8,7,7,0,8,7,"2,3,4,5,6,7,8","2,3,4,5,6,7,8",-,"1,2,3,4,5,6,7,8","2,3,4,5,6,7,8",0.196237930,0.059235052,0.130976834,16.867256,11.990913,no,yes
COMPARISON_RELAXED,18,3.000000000000,1.150000000000,62.100000000000,63,0.048309178744,3.450000000000,0.450000000000,0.130434782609,0.007246376812,3,2,2,0,3,2,"5,7","5,7",-,"1,5,7","5,7",0.130993911,0.100967188,0.115980550,16.867256,11.973143,no,yes
COMPARISON_RELAXED,19,3.000000000000,1.150000000000,65.550000000000,66,0.045766590389,3.450000000000,0.450000000000,0.130434782609,0.006864988558,9,7,7,0,9,7,"2,3,4,5,6,7,8","2,3,4,5,6,7,8",-,"1,2,3,4,5,6,7,8,9","2,3,4,5,6,7,8",0.194941009,0.057906784,0.118634049,16.867256,11.955445,no,yes
COMPARISON_RELAXED,20,3.000000000000,1.150000000000,69.000000000000,69,0.043478260870,3.450000000000,0.450000000000,0.130434782609,0.006521739130,4,3,3,0,4,2,"3,7,9","3,7,9",-,"1,3,7,9","3,7",0.163166236,0.090985299,0.127075767,16.867256,11.941162,no,yes
COMPARISON_RELAXED,21,3.000000000000,1.150000000000,72.450000000000,73,0.041407867495,3.450000000000,0.450000000000,0.130434782609,0.006211180124,6,3,3,0,6,3,"4,5,8","4,5,8",-,"1,2,4,5,8,10","4,5,8",0.150270612,0.067066670,0.112221335,16.867256,11.926926,no,yes
COMPARISON_RELAXED,22,3.000000000000,1.150000000000,75.900000000000,76,0.039525691700,3.450000000000,0.450000000000,0.130434782609,0.005928853755,5,4,4,0,5,4,"3,5,7,9","3,5,7,9",-,"1,3,5,7,9","3,5,7,9",0.163089603,0.065424949,0.097249659,16.867256,11.915195,no,yes
COMPARISON_RELAXED,23,3.000000000000,1.150000000000,79.350000000000,80,0.037807183365,3.450000000000,0.450000000000,0.130434782609,0.005671077505,11,8,8,0,11,7,"3,4,5,6,7,8,9,10","3,4,5,6,7,8,9,10",-,"1,2,3,4,5,6,7,8,9,10,11","3,4,5,6,7,8,9",0.139982563,0.062330290,0.093056164,16.867256,11.903495,no,yes
COMPARISON_RELAXED,24,3.000000000000,1.150000000000,82.800000000000,83,0.036231884058,3.450000000000,0.450000000000,0.130434782609,0.005434782609,4,3,3,0,4,2,"5,7,11","5,7,11",-,"1,5,7,11","5,7",0.104089722,0.083185138,0.093637430,16.867256,11.893689,no,yes
COMPARISON_RELAXED,25,3.000000000000,1.150000000000,86.250000000000,87,0.034782608696,3.450000000000,0.450000000000,0.130434782609,0.005217391304,10,7,7,0,10,6,"3,4,6,7,8,9,11","3,4,6,7,8,9,11",-,"1,2,3,4,6,7,8,9,11,12","3,4,6,7,8,9",0.140130260,0.051242159,0.086756828,16.867256,11.883904,no,yes
COMPARISON_RELAXED,26,3.000000000000,1.150000000000,89.700000000000,90,0.033444816054,3.450000000000,0.450000000000,0.130434782609,0.005016722408,6,5,5,0,6,3,"3,5,7,9,11","3,5,7,9,11",-,"1,3,5,7,9,11","5,7,9",0.122570438,0.061631201,0.091836361,16.867256,11.875584,no,yes
COMPARISON_RELAXED,27,3.000000000000,1.150000000000,93.150000000000,94,0.032206119163,3.450000000000,0.450000000000,0.130434782609,0.004830917874,9,6,6,0,9,5,"4,5,7,8,10,11","4,5,7,8,10,11",-,"1,2,4,5,7,8,10,11,13","4,5,7,8,11",0.111182337,0.051358132,0.066465486,16.867256,11.867280,no,yes
COMPARISON_RELAXED,28,3.000000000000,1.150000000000,96.600000000000,97,0.031055900621,3.450000000000,0.450000000000,0.130434782609,0.004658385093,6,5,5,0,6,2,"3,5,9,11,13","3,5,9,11,13",-,"1,3,5,9,11,13","9,11",0.122808066,0.055381344,0.089094705,16.867256,11.860133,no,yes
COMPARISON_RELAXED,29,3.000000000000,1.150000000000,100.050000000000,101,0.029985007496,3.450000000000,0.450000000000,0.130434782609,0.004497751124,14,11,11,0,14,6,"3,4,5,6,7,8,9,10,11,12,13","3,4,5,6,7,8,9,10,11,12,13",-,"1,2,3,4,5,6,7,8,9,10,11,12,13,14","4,5,6,7,8,10",0.109012242,0.050759390,0.076812370,16.867256,11.852997,no,yes
COMPARISON_RELAXED,30,3.000000000000,1.150000000000,103.500000000000,104,0.028985507246,3.450000000000,0.450000000000,0.130434782609,0.004347826087,4,3,3,0,4,0,"7,11,13","7,11,13",-,"1,7,11,13",-,0.000000000,0.000000000,0.000000000,16.867256,11.846790,no,no
COMPARISON_RELAXED,31,3.000000000000,1.150000000000,106.950000000000,107,0.028050490884,3.450000000000,0.450000000000,0.130434782609,0.004207573633,15,11,11,0,15,6,"4,5,6,7,8,9,10,11,12,13,14","4,5,6,7,8,9,10,11,12,13,14",-,"1,2,3,4,5,6,7,8,9,10,11,12,13,14,15","5,6,7,8,9,10",0.109280288,0.051135517,0.074364658,16.867256,11.840593,no,yes
COMPARISON_RELAXED,32,3.000000000000,1.150000000000,110.400000000000,111,0.027173913043,3.450000000000,0.450000000000,0.130434782609,0.004076086957,8,6,6,0,8,2,"5,7,9,11,13,15","5,7,9,11,13,15",-,"1,3,5,7,9,11,13,15","9,11",0.098155524,0.057399039,0.077777281,16.867256,11.835153,no,yes
COMPARISON_RELAXED,33,3.000000000000,1.150000000000,113.850000000000,114,0.026350461133,3.450000000000,0.450000000000,0.130434782609,0.003952569170,10,7,7,0,10,1,"4,5,7,8,10,13,14","4,5,7,8,10,13,14",-,"1,2,4,5,7,8,10,13,14,16",8,0.088223854,0.088223854,0.088223854,16.867256,11.829720,no,yes
COMPARISON_RELAXED,34,3.000000000000,1.150000000000,117.300000000000,118,0.025575447570,3.450000000000,0.450000000000,0.130434782609,0.003836317136,8,6,6,0,8,2,"5,7,9,11,13,15","5,7,9,11,13,15",-,"1,3,5,7,9,11,13,15","7,11",0.098426704,0.067914677,0.083170691,16.867256,11.824912,no,yes
COMPARISON_RELAXED,35,3.000000000000,1.150000000000,120.750000000000,121,0.024844720497,3.450000000000,0.450000000000,0.130434782609,0.003726708075,12,8,8,0,12,3,"4,6,8,9,11,12,13,16","4,6,8,9,11,12,13,16",-,"1,2,3,4,6,8,9,11,12,13,16,17","6,9,12",0.089265822,0.051802149,0.074536443,16.867256,11.820111,no,yes
COMPARISON_RELAXED,36,3.000000000000,1.150000000000,124.200000000000,125,0.024154589372,3.450000000000,0.450000000000,0.130434782609,0.003623188406,6,4,4,0,6,1,"5,7,11,13","5,7,11,13",-,"1,5,7,11,13,17",7,0.062149527,0.062149527,0.062149527,16.867256,11.815832,no,yes
COMPARISON_RELAXED,37,3.000000000000,1.150000000000,127.650000000000,128,0.023501762632,3.450000000000,0.450000000000,0.130434782609,0.003525264395,18,14,14,0,18,2,"4,5,6,7,8,9,10,11,12,13,14,15,16,17","4,5,6,7,8,9,10,11,12,13,14,15,16,17",-,"1,2,3,4,5,6,7,8,9,10,11,12,13,14,15,16,17,18","9,12",0.089527663,0.077546246,0.083536954,16.867256,11.811557,no,yes
COMPARISON_RELAXED,38,3.000000000000,1.150000000000,131.100000000000,132,0.022883295195,3.450000000000,0.450000000000,0.130434782609,0.003432494279,9,7,7,0,9,1,"5,7,9,11,13,15,17","5,7,9,11,13,15,17",-,"1,3,5,7,9,11,13,15,17",13,0.081852861,0.081852861,0.081852861,16.867256,11.807725,no,yes
COMPARISON_RELAXED,39,3.000000000000,1.150000000000,134.550000000000,135,0.022296544036,3.450000000000,0.450000000000,0.130434782609,0.003344481605,12,9,9,0,12,2,"4,5,7,8,10,11,14,16,17","4,5,7,8,10,11,14,16,17",-,"1,2,4,5,7,8,10,11,14,16,17,19","8,10",0.073120951,0.057851322,0.065486137,16.867256,11.803895,no,yes
COMPARISON_RELAXED,40,3.000000000000,1.150000000000,138.000000000000,138,0.021739130435,3.450000000000,0.450000000000,0.130434782609,0.003260869565,8,5,5,0,8,1,"7,9,11,13,17","7,9,11,13,17",-,"1,3,7,9,11,13,17,19",13,0.082100000,0.082100000,0.082100000,16.867256,11.800442,no,yes
COMPARISON_RELAXED,41,3.000000000000,1.150000000000,141.450000000000,142,0.021208907741,3.450000000000,0.450000000000,0.130434782609,0.003181336161,20,15,15,0,20,3,"5,6,7,8,9,10,11,12,13,14,15,16,17,18,19","5,6,7,8,9,10,11,12,13,14,15,16,17,18,19",-,"1,2,3,4,5,6,7,8,9,10,11,12,13,14,15,16,17,18,19,20","8,10,14",0.075576833,0.053596007,0.066115366,16.867256,11.796991,no,yes
COMPARISON_RELAXED,42,3.000000000000,1.150000000000,144.900000000000,145,0.020703933747,3.450000000000,0.450000000000,0.130434782609,0.003105590062,6,5,5,0,6,0,"5,11,13,17,19","5,11,13,17,19",-,"1,5,11,13,17,19",-,0.000000000,0.000000000,0.000000000,16.867256,11.793864,no,no
COMPARISON_RELAXED,43,3.000000000000,1.150000000000,148.350000000000,149,0.020222446916,3.450000000000,0.450000000000,0.130434782609,0.003033367037,21,16,16,0,21,2,"5,6,7,8,9,10,11,12,13,14,15,16,17,18,19,20","5,6,7,8,9,10,11,12,13,14,15,16,17,18,19,20",-,"1,2,3,4,5,6,7,8,9,10,11,12,13,14,15,16,17,18,19,20,21","11,14",0.075807405,0.065629834,0.070718619,16.867256,11.790739,no,yes
COMPARISON_RELAXED,44,3.000000000000,1.150000000000,151.800000000000,152,0.019762845850,3.450000000000,0.450000000000,0.130434782609,0.002964426877,10,7,7,0,10,2,"5,7,9,13,15,17,19","5,7,9,13,15,17,19",-,"1,3,5,7,9,13,15,17,19,21","9,15",0.070194775,0.050382821,0.060288798,16.867256,11.787894,no,yes
COMPARISON_RELAXED,45,3.000000000000,1.150000000000,155.250000000000,156,0.019323671498,3.450000000000,0.450000000000,0.130434782609,0.002898550725,12,8,8,0,12,1,"7,8,11,13,14,16,17,19","7,8,11,13,14,16,17,19",-,"1,2,4,7,8,11,13,14,16,17,19,22",11,0.062431619,0.062431619,0.062431619,16.867256,11.785050,no,yes
COMPARISON_RELAXED,46,3.000000000000,1.150000000000,158.700000000000,159,0.018903591682,3.450000000000,0.450000000000,0.130434782609,0.002835538752,11,9,9,0,11,1,"5,7,9,11,13,15,17,19,21","5,7,9,11,13,15,17,19,21",-,"1,3,5,7,9,11,13,15,17,19,21",15,0.070408646,0.070408646,0.070408646,16.867256,11.782450,no,yes
COMPARISON_RELAXED,47,3.000000000000,1.150000000000,162.150000000000,163,0.018501387604,3.450000000000,0.450000000000,0.130434782609,0.002775208141,23,18,18,0,23,2,"5,6,7,8,9,10,11,12,13,14,15,16,17,18,19,20,21,22","5,6,7,8,9,10,11,12,13,14,15,16,17,18,19,20,21,22",-,"1,2,3,4,5,6,7,8,9,10,11,12,13,14,15,16,17,18,19,20,21,22,23","12,16",0.065528359,0.059530524,0.062529442,16.867256,11.779851,no,yes
COMPARISON_RELAXED,48,3.000000000000,1.150000000000,165.600000000000,166,0.018115942029,3.450000000000,0.450000000000,0.130434782609,0.002717391304,8,6,6,0,8,0,"5,7,11,13,17,19","5,7,11,13,17,19",-,"1,5,7,11,13,17,19,23",-,0.000000000,0.000000000,0.000000000,16.867256,11.777466,no,no
COMPARISON_RELAXED,49,3.000000000000,1.150000000000,169.050000000000,170,0.017746228926,3.450000000000,0.450000000000,0.130434782609,0.002661934339,21,15,15,0,21,2,"6,8,9,10,11,12,13,15,16,17,18,19,20,22,23","6,8,9,10,11,12,13,15,16,17,18,19,20,22,23",-,"1,2,3,4,5,6,8,9,10,11,12,13,15,16,17,18,19,20,22,23,24","12,16",0.065726225,0.056886992,0.061306608,16.867256,11.775082,no,yes
COMPARISON_RELAXED,50,3.000000000000,1.150000000000,172.500000000000,173,0.017391304348,3.450000000000,0.450000000000,0.130434782609,0.002608695652,10,8,8,0,10,1,"7,9,11,13,17,19,21,23","7,9,11,13,17,19,21,23",-,"1,3,7,9,11,13,17,19,21,23",17,0.061443734,0.061443734,0.061443734,16.867256,11.772887,no,yes
COMPARISON_RELAXED,5,3.000000000000,1.200000000000,18.000000000000,18,0.166666666667,3.600000000000,0.600000000000,0.166666666667,0.033333333333,2,2,2,0,2,2,"1,2","1,2",-,"1,2","1,2",3.014761936,1.249762008,2.132261972,17.229628,13.237740,no,yes
COMPARISON_RELAXED,6,3.000000000000,1.200000000000,21.600000000000,22,0.138888888889,3.600000000000,0.600000000000,0.166666666667,0.027777777778,1,1,1,0,1,1,1,1,-,1,1,2.166450586,2.166450586,2.166450586,17.229628,13.046265,no,yes
COMPARISON_RELAXED,7,3.000000000000,1.200000000000,25.200000000000,26,0.119047619048,3.600000000000,0.600000000000,0.166666666667,0.023809523810,3,3,3,0,3,3,"1,2,3","1,2,3",-,"1,2,3","1,2,3",1.615593269,0.541099495,1.072767842,17.229628,12.862877,no,yes
COMPARISON_RELAXED,8,3.000000000000,1.200000000000,28.800000000000,29,0.104166666667,3.600000000000,0.600000000000,0.166666666667,0.020833333333,2,2,2,0,2,2,"1,3","1,3",-,"1,3","1,3",1.244903553,0.622302042,0.933602798,17.229628,12.762933,no,yes
COMPARISON_RELAXED,9,3.000000000000,1.200000000000,32.400000000000,33,0.092592592593,3.600000000000,0.600000000000,0.166666666667,0.018518518519,3,3,3,0,3,3,"1,2,4","1,2,4",-,"1,2,4","1,2,4",0.985912857,0.301394567,0.644038934,17.229628,12.665237,no,yes
COMPARISON_RELAXED,10,3.000000000000,1.200000000000,36.000000000000,36,0.083333333333,3.600000000000,0.600000000000,0.166666666667,0.016666666667,2,1,1,0,2,1,3,3,-,"1,3",3,0.590812111,0.590812111,0.590812111,17.229628,12.603819,no,yes
COMPARISON_RELAXED,11,3.000000000000,1.200000000000,39.600000000000,40,0.075757575758,3.600000000000,0.600000000000,0.166666666667,0.015151515152,5,4,4,0,5,4,"2,3,4,5","2,3,4,5",-,"1,2,3,4,5","2,3,4,5",0.463046747,0.191903929,0.366951382,17.229628,12.543258,no,yes
COMPARISON_RELAXED,12,3.000000000000,1.200000000000,43.200000000000,44,0.069444444444,3.600000000000,0.600000000000,0.166666666667,0.013888888889,2,1,1,0,2,1,5,5,-,"1,5",5,0.187799546,0.187799546,0.187799546,17.229628,12.501683,no,yes
COMPARISON_RELAXED,13,3.000000000000,1.200000000000,46.800000000000,47,0.064102564103,3.600000000000,0.600000000000,0.166666666667,0.012820512821,6,5,5,0,6,5,"2,3,4,5,6","2,3,4,5,6",-,"1,2,3,4,5,6","2,3,4,5,6",0.406485068,0.132842203,0.274686307,17.229628,12.460503,no,yes
COMPARISON_RELAXED,14,3.000000000000,1.200000000000,50.400000000000,51,0.059523809524,3.600000000000,0.600000000000,0.166666666667,0.011904761905,3,2,2,0,3,2,"3,5","3,5",-,"1,3,5","3,5",0.312342216,0.283371887,0.297857051,17.229628,12.430490,no,yes
COMPARISON_RELAXED,15,3.000000000000,1.200000000000,54.000000000000,54,0.055555555556,3.600000000000,0.600000000000,0.166666666667,0.011111111111,4,3,3,0,4,3,"2,4,7","2,4,7",-,"1,2,4,7","2,4,7",0.296030714,0.097384850,0.189073396,17.229628,12.400684,no,yes
COMPARISON_RELAXED,16,3.000000000000,1.200000000000,57.600000000000,58,0.052083333333,3.600000000000,0.600000000000,0.166666666667,0.010416666667,4,3,3,0,4,3,"3,5,7","3,5,7",-,"1,3,5,7","3,5,7",0.308993188,0.079711392,0.202969272,17.229628,12.377999,no,yes
COMPARISON_RELAXED,17,3.000000000000,1.200000000000,61.200000000000,62,0.049019607843,3.600000000000,0.600000000000,0.166666666667,0.009803921569,8,7,7,0,8,7,"2,3,4,5,6,7,8","2,3,4,5,6,7,8",-,"1,2,3,4,5,6,7,8","2,3,4,5,6,7,8",0.250772360,0.074440691,0.167248344,17.229628,12.355431,no,yes
COMPARISON_RELAXED,18,3.000000000000,1.200000000000,64.800000000000,65,0.046296296296,3.600000000000,0.600000000000,0.166666666667,0.009259259259,3,2,2,0,3,2,"5,7","5,7",-,"1,5,7","5,7",0.167370837,0.128892702,0.148131770,17.229628,12.337682,no,yes
COMPARISON_RELAXED,19,3.000000000000,1.200000000000,68.400000000000,69,0.043859649123,3.600000000000,0.600000000000,0.166666666667,0.008771929825,9,7,7,0,9,7,"2,3,4,5,6,7,8","2,3,4,5,6,7,8",-,"1,2,3,4,5,6,7,8,9","2,3,4,5,6,7,8",0.248908948,0.073942906,0.151557255,17.229628,12.320005,no,yes
COMPARISON_RELAXED,20,3.000000000000,1.200000000000,72.000000000000,72,0.041666666667,3.600000000000,0.600000000000,0.166666666667,0.008333333333,4,3,3,0,4,2,"3,7,9","3,7,9",-,"1,3,7,9","3,7",0.208722382,0.116226950,0.162474666,17.229628,12.305738,no,yes
COMPARISON_RELAXED,21,3.000000000000,1.200000000000,75.600000000000,76,0.039682539683,3.600000000000,0.600000000000,0.166666666667,0.007936507937,6,3,3,0,6,3,"4,5,8","4,5,8",-,"1,2,4,5,8,10","4,5,8",0.192025774,0.085720180,0.143420924,17.229628,12.291518,no,yes
COMPARISON_RELAXED,22,3.000000000000,1.200000000000,79.200000000000,80,0.037878787879,3.600000000000,0.600000000000,0.166666666667,0.007575757576,5,4,4,0,5,4,"3,5,7,9","3,5,7,9",-,"1,3,5,7,9","3,5,7,9",0.208250782,0.083692787,0.124258890,17.229628,12.279801,no,yes
COMPARISON_RELAXED,23,3.000000000000,1.200000000000,82.800000000000,83,0.036231884058,3.600000000000,0.600000000000,0.166666666667,0.007246376812,11,8,8,0,11,7,"3,4,5,6,7,8,9,10","3,4,5,6,7,8,9,10",-,"1,2,3,4,5,6,7,8,9,10,11","3,4,5,6,7,8,9",0.179040700,0.079622640,0.118913332,17.229628,12.268115,no,yes
COMPARISON_RELAXED,24,3.000000000000,1.200000000000,86.400000000000,87,0.034722222222,3.600000000000,0.600000000000,0.166666666667,0.006944444444,4,3,3,0,4,2,"5,7,11","5,7,11",-,"1,5,7,11","5,7",0.132978081,0.106303266,0.119640673,17.229628,12.258319,no,yes
COMPARISON_RELAXED,25,3.000000000000,1.200000000000,90.000000000000,90,0.033333333333,3.600000000000,0.600000000000,0.166666666667,0.006666666667,10,7,7,0,10,6,"3,4,6,7,8,9,11","3,4,6,7,8,9,11",-,"1,2,3,4,6,7,8,9,11,12","3,4,6,7,8,9",0.178942658,0.065471235,0.110845179,17.229628,12.248546,no,yes
COMPARISON_RELAXED,26,3.000000000000,1.200000000000,93.600000000000,94,0.032051282051,3.600000000000,0.600000000000,0.166666666667,0.006410256410,6,5,5,0,6,4,"3,5,7,9,11","3,5,7,9,11",-,"1,3,5,7,9,11","3,5,7,9",0.156752918,0.056666120,0.102217165,17.229628,12.240236,no,yes
COMPARISON_RELAXED,27,3.000000000000,1.200000000000,97.200000000000,98,0.030864197531,3.600000000000,0.600000000000,0.166666666667,0.006172839506,9,6,6,0,9,6,"4,5,7,8,10,11","4,5,7,8,10,11",-,"1,2,4,5,7,8,10,11,13","4,5,7,8,10,11",0.142072784,0.062556999,0.081206534,17.229628,12.231941,no,yes
COMPARISON_RELAXED,28,3.000000000000,1.200000000000,100.800000000000,101,0.029761904762,3.600000000000,0.600000000000,0.166666666667,0.005952380952,6,5,5,0,6,3,"3,5,9,11,13","3,5,9,11,13",-,"1,3,5,9,11,13","5,9,11",0.156829708,0.063085803,0.096874575,17.229628,12.224802,no,yes
COMPARISON_RELAXED,29,3.000000000000,1.200000000000,104.400000000000,105,0.028735632184,3.600000000000,0.600000000000,0.166666666667,0.005747126437,14,11,11,0,14,8,"3,4,5,6,7,8,9,10,11,12,13","3,4,5,6,7,8,9,10,11,12,13",-,"1,2,3,4,5,6,7,8,9,10,11,12,13,14","4,5,6,7,8,9,10,11",0.139401251,0.053662016,0.087640141,17.229628,12.217674,no,yes
COMPARISON_RELAXED,30,3.000000000000,1.200000000000,108.000000000000,108,0.027777777778,3.600000000000,0.600000000000,0.166666666667,0.005555555556,4,3,3,0,4,1,"7,11,13","7,11,13",-,"1,7,11,13",7,0.058904145,0.058904145,0.058904145,17.229628,12.211475,no,yes
COMPARISON_RELAXED,31,3.000000000000,1.200000000000,111.600000000000,112,0.026881720430,3.600000000000,0.600000000000,0.166666666667,0.005376344086,15,11,11,0,15,7,"4,5,6,7,8,9,10,11,12,13,14","4,5,6,7,8,9,10,11,12,13,14",-,"1,2,3,4,5,6,7,8,9,10,11,12,13,14,15","4,5,6,7,8,9,10",0.139559893,0.051494977,0.088799838,17.229628,12.205284,no,yes
COMPARISON_RELAXED,32,3.000000000000,1.200000000000,115.200000000000,116,0.026041666667,3.600000000000,0.600000000000,0.166666666667,0.005208333333,8,6,6,0,8,4,"5,7,9,11,13,15","5,7,9,11,13,15",-,"1,3,5,7,9,11,13,15","7,9,11,13",0.125508932,0.054084258,0.078741507,17.229628,12.199850,no,yes
COMPARISON_RELAXED,33,3.000000000000,1.200000000000,118.800000000000,119,0.025252525253,3.600000000000,0.600000000000,0.166666666667,0.005050505051,10,7,7,0,10,3,"4,5,7,8,10,13,14","4,5,7,8,10,13,14",-,"1,2,4,5,7,8,10,13,14,16","8,10,13",0.112734068,0.053799372,0.074713087,17.229628,12.194423,no,yes
COMPARISON_RELAXED,34,3.000000000000,1.200000000000,122.400000000000,123,0.024509803922,3.600000000000,0.600000000000,0.166666666667,0.004901960784,8,6,6,0,8,3,"5,7,9,11,13,15","5,7,9,11,13,15",-,"1,3,5,7,9,11,13,15","5,7,11",0.125703436,0.055201792,0.089223740,17.229628,12.189621,no,yes
COMPARISON_RELAXED,35,3.000000000000,1.200000000000,126.000000000000,126,0.023809523810,3.600000000000,0.600000000000,0.166666666667,0.004761904762,12,8,8,0,12,3,"4,6,8,9,11,12,13,16","4,6,8,9,11,12,13,16",-,"1,2,3,4,6,8,9,11,12,13,16,17","6,9,12",0.114135010,0.066176222,0.095261253,17.229628,12.184825,no,yes
COMPARISON_RELAXED,36,3.000000000000,1.200000000000,129.600000000000,130,0.023148148148,3.600000000000,0.600000000000,0.166666666667,0.004629629630,6,4,4,0,6,1,"5,7,11,13","5,7,11,13",-,"1,5,7,11,13,17",7,0.079428453,0.079428453,0.079428453,17.229628,12.180551,no,yes
COMPARISON_RELAXED,37,3.000000000000,1.200000000000,133.200000000000,134,0.022522522523,3.600000000000,0.600000000000,0.166666666667,0.004504504505,18,14,14,0,18,3,"4,5,6,7,8,9,10,11,12,13,14,15,16,17","4,5,6,7,8,9,10,11,12,13,14,15,16,17",-,"1,2,3,4,5,6,7,8,9,10,11,12,13,14,15,16,17,18","6,9,12",0.114341834,0.059997363,0.091142875,17.229628,12.176282,no,yes
COMPARISON_RELAXED,38,3.000000000000,1.200000000000,136.800000000000,137,0.021929824561,3.600000000000,0.600000000000,0.166666666667,0.004385964912,9,7,7,0,9,2,"5,7,9,11,13,15,17","5,7,9,11,13,15,17",-,"1,3,5,7,9,11,13,15,17","11,13",0.104651488,0.058499031,0.081575259,17.229628,12.172453,no,yes
COMPARISON_RELAXED,39,3.000000000000,1.200000000000,140.400000000000,141,0.021367521368,3.600000000000,0.600000000000,0.166666666667,0.004273504274,12,9,9,0,12,3,"4,5,7,8,10,11,14,16,17","4,5,7,8,10,11,14,16,17",-,"1,2,4,5,7,8,10,11,14,16,17,19","8,10,11",0.093434514,0.057238751,0.074861204,17.229628,12.168628,no,yes
COMPARISON_RELAXED,40,3.000000000000,1.200000000000,144.000000000000,144,0.020833333333,3.600000000000,0.600000000000,0.166666666667,0.004166666667,8,5,5,0,8,1,"7,9,11,13,17","7,9,11,13,17",-,"1,3,7,9,11,13,17,19",13,0.104858412,0.104858412,0.104858412,17.229628,12.165179,no,yes
COMPARISON_RELAXED,41,3.000000000000,1.200000000000,147.600000000000,148,0.020325203252,3.600000000000,0.600000000000,0.166666666667,0.004065040650,20,15,15,0,20,4,"5,6,7,8,9,10,11,12,13,14,15,16,17,18,19","5,6,7,8,9,10,11,12,13,14,15,16,17,18,19",-,"1,2,3,4,5,6,7,8,9,10,11,12,13,14,15,16,17,18,19,20","7,8,10,14",0.096623178,0.054707812,0.077054092,17.229628,12.161732,no,yes
COMPARISON_RELAXED,42,3.000000000000,1.200000000000,151.200000000000,152,0.019841269841,3.600000000000,0.600000000000,0.166666666667,0.003968253968,6,5,5,0,6,0,"5,11,13,17,19","5,11,13,17,19",-,"1,5,11,13,17,19",-,0.000000000,0.000000000,0.000000000,17.229628,12.158608,no,no
COMPARISON_RELAXED,43,3.000000000000,1.200000000000,154.800000000000,155,0.019379844961,3.600000000000,0.600000000000,0.166666666667,0.003875968992,21,16,16,0,21,3,"5,6,7,8,9,10,11,12,13,14,15,16,17,18,19,20","5,6,7,8,9,10,11,12,13,14,15,16,17,18,19,20",-,"1,2,3,4,5,6,7,8,9,10,11,12,13,14,15,16,17,18,19,20,21","7,11,14",0.096823925,0.050383224,0.077023043,17.229628,12.155487,no,yes
COMPARISON_RELAXED,44,3.000000000000,1.200000000000,158.400000000000,159,0.018939393939,3.600000000000,0.600000000000,0.166666666667,0.003787878788,10,7,7,0,10,2,"5,7,9,13,15,17,19","5,7,9,13,15,17,19",-,"1,3,5,7,9,13,15,17,19,21","9,15",0.089738968,0.064369434,0.077054201,17.229628,12.152645,no,yes
COMPARISON_RELAXED,45,3.000000000000,1.200000000000,162.000000000000,162,0.018518518519,3.600000000000,0.600000000000,0.166666666667,0.003703703704,12,8,8,0,12,1,"7,8,11,13,14,16,17,19","7,8,11,13,14,16,17,19",-,"1,2,4,7,8,11,13,14,16,17,19,22",11,0.079775166,0.079775166,0.079775166,17.229628,12.149804,no,yes
COMPARISON_RELAXED,46,3.000000000000,1.200000000000,165.600000000000,166,0.018115942029,3.600000000000,0.600000000000,0.166666666667,0.003623188406,11,9,9,0,11,2,"5,7,9,11,13,15,17,19,21","5,7,9,11,13,15,17,19,21",-,"1,3,5,7,9,11,13,15,17,19,21","9,15",0.089930471,0.060209224,0.075069847,17.229628,12.147207,no,yes
COMPARISON_RELAXED,47,3.000000000000,1.200000000000,169.200000000000,170,0.017730496454,3.600000000000,0.600000000000,0.166666666667,0.003546099291,23,18,18,0,23,2,"5,6,7,8,9,10,11,12,13,14,15,16,17,18,19,20,21,22","5,6,7,8,9,10,11,12,13,14,15,16,17,18,19,20,21,22",-,"1,2,3,4,5,6,7,8,9,10,11,12,13,14,15,16,17,18,19,20,21,22,23","12,16",0.083770540,0.076068037,0.079919289,17.229628,12.144612,no,yes
COMPARISON_RELAXED,48,3.000000000000,1.200000000000,172.800000000000,173,0.017361111111,3.600000000000,0.600000000000,0.166666666667,0.003472222222,8,6,6,0,8,0,"5,7,11,13,17,19","5,7,11,13,17,19",-,"1,5,7,11,13,17,19,23",-,0.000000000,0.000000000,0.000000000,17.229628,12.142229,no,no
COMPARISON_RELAXED,49,3.000000000000,1.200000000000,176.400000000000,177,0.017006802721,3.600000000000,0.600000000000,0.166666666667,0.003401360544,21,15,15,0,21,3,"6,8,9,10,11,12,13,15,16,17,18,19,20,22,23","6,8,9,10,11,12,13,15,16,17,18,19,20,22,23",-,"1,2,3,4,5,6,8,9,10,11,12,13,15,16,17,18,19,20,22,23,24","10,12,16",0.083951495,0.057008379,0.071216639,17.229628,12.139848,no,yes
COMPARISON_RELAXED,50,3.000000000000,1.200000000000,180.000000000000,180,0.016666666667,3.600000000000,0.600000000000,0.166666666667,0.003333333333,10,8,8,0,10,1,"7,9,11,13,17,19,21,23","7,9,11,13,17,19,21,23",-,"1,3,7,9,11,13,17,19,21,23",17,0.078546544,0.078546544,0.078546544,17.229628,12.137655,no,yes
COMPARISON_RELAXED,5,3.000000000000,1.300000000000,19.500000000000,20,0.153846153846,3.900000000000,0.900000000000,0.230769230769,0.046153846154,2,2,2,0,2,2,"1,2","1,2",-,"1,2","1,2",4.109363531,1.711815969,2.910589750,17.912695,13.922644,no,yes
COMPARISON_RELAXED,6,3.000000000000,1.300000000000,23.400000000000,24,0.128205128205,3.900000000000,0.900000000000,0.230769230769,0.038461538462,1,1,1,0,1,1,1,1,-,1,1,2.939360676,2.939360676,2.939360676,17.912695,13.731555,no,yes
COMPARISON_RELAXED,7,3.000000000000,1.300000000000,27.300000000000,28,0.109890109890,3.900000000000,0.900000000000,0.230769230769,0.032967032967,3,3,3,0,3,3,"1,2,3","1,2,3",-,"1,2,3","1,2,3",2.185258617,0.734642972,1.462854973,17.912695,13.548521,no,yes
COMPARISON_RELAXED,8,3.000000000000,1.300000000000,31.200000000000,32,0.096153846154,3.900000000000,0.900000000000,0.230769230769,0.028846153846,2,2,2,0,2,2,"1,3","1,3",-,"1,3","1,3",1.680257932,0.864325104,1.272291518,17.912695,13.448778,no,yes
COMPARISON_RELAXED,9,3.000000000000,1.300000000000,35.100000000000,36,0.085470085470,3.900000000000,0.900000000000,0.230769230769,0.025641025641,3,3,3,0,3,3,"1,2,4","1,2,4",-,"1,2,4","1,2,4",1.328618617,0.407424184,0.876311601,17.912695,13.351274,no,yes
COMPARISON_RELAXED,10,3.000000000000,1.300000000000,39.000000000000,39,0.076923076923,3.900000000000,0.900000000000,0.230769230769,0.023076923077,2,1,1,0,2,1,3,3,-,"1,3",3,0.816909594,0.816909594,0.816909594,17.912695,13.289978,no,yes
COMPARISON_RELAXED,11,3.000000000000,1.300000000000,42.900000000000,43,0.069930069930,3.900000000000,0.900000000000,0.230769230769,0.020979020979,5,4,4,0,5,4,"2,3,4,5","2,3,4,5",-,"1,2,3,4,5","2,3,4,5",0.641280412,0.258759228,0.506869021,17.912695,13.229536,no,yes
COMPARISON_RELAXED,12,3.000000000000,1.300000000000,46.800000000000,47,0.064102564103,3.900000000000,0.900000000000,0.230769230769,0.019230769231,2,1,1,0,2,1,5,5,-,"1,5",5,0.260450542,0.260450542,0.260450542,17.912695,13.188043,no,yes
COMPARISON_RELAXED,13,3.000000000000,1.300000000000,50.700000000000,51,0.059171597633,3.900000000000,0.900000000000,0.230769230769,0.017751479290,6,5,5,0,6,5,"2,3,4,5,6","2,3,4,5,6",-,"1,2,3,4,5,6","2,3,4,5,6",0.562002146,0.178827588,0.379105847,17.912695,13.146943,no,yes
COMPARISON_RELAXED,14,3.000000000000,1.300000000000,54.600000000000,55,0.054945054945,3.900000000000,0.900000000000,0.230769230769,0.016483516484,3,2,2,0,3,2,"3,5","3,5",-,"1,3,5","3,5",0.433634986,0.392236373,0.412935679,17.912695,13.116990,no,yes
COMPARISON_RELAXED,15,3.000000000000,1.300000000000,58.500000000000,59,0.051282051282,3.900000000000,0.900000000000,0.230769230769,0.015384615385,4,3,3,0,4,3,"2,4,7","2,4,7",-,"1,2,4,7","2,4,7",0.409965976,0.130945775,0.260537656,17.912695,13.087241,no,yes
COMPARISON_RELAXED,16,3.000000000000,1.300000000000,62.400000000000,63,0.048076923077,3.900000000000,0.900000000000,0.230769230769,0.014423076923,4,3,3,0,4,3,"3,5,7","3,5,7",-,"1,3,5,7","3,5,7",0.427237171,0.110474601,0.280925236,17.912695,13.064600,no,yes
COMPARISON_RELAXED,17,3.000000000000,1.300000000000,66.300000000000,67,0.045248868778,3.900000000000,0.900000000000,0.230769230769,0.013574660633,8,7,7,0,8,7,"2,3,4,5,6,7,8","2,3,4,5,6,7,8",-,"1,2,3,4,5,6,7,8","2,3,4,5,6,7,8",0.347279298,0.100010042,0.231301028,17.912695,13.042077,no,yes
COMPARISON_RELAXED,18,3.000000000000,1.300000000000,70.200000000000,71,0.042735042735,3.900000000000,0.900000000000,0.230769230769,0.012820512821,3,2,2,0,3,2,"5,7","5,7",-,"1,5,7","5,7",0.231718600,0.178169874,0.204944237,17.912695,13.024361,no,yes
COMPARISON_RELAXED,19,3.000000000000,1.300000000000,74.100000000000,75,0.040485829960,3.900000000000,0.900000000000,0.230769230769,0.012145748988,9,7,7,0,9,7,"2,3,4,5,6,7,8","2,3,4,5,6,7,8",-,"1,2,3,4,5,6,7,8,9","2,3,4,5,6,7,8",0.344192682,0.102262030,0.209772234,17.912695,13.006718,no,yes
COMPARISON_RELAXED,20,3.000000000000,1.300000000000,78.000000000000,78,0.038461538462,3.900000000000,0.900000000000,0.230769230769,0.011538461538,4,3,3,0,4,3,"3,7,9","3,7,9",-,"1,3,7,9","3,7,9",0.289566105,0.056700733,0.169039235,17.912695,12.992479,no,yes
COMPARISON_RELAXED,21,3.000000000000,1.300000000000,81.900000000000,82,0.036630036630,3.900000000000,0.900000000000,0.230769230769,0.010989010989,6,3,3,0,6,3,"4,5,8","4,5,8",-,"1,2,4,5,8,10","4,5,8",0.265913178,0.118747840,0.198648256,17.912695,12.978287,no,yes
COMPARISON_RELAXED,22,3.000000000000,1.300000000000,85.800000000000,86,0.034965034965,3.900000000000,0.900000000000,0.230769230769,0.010489510490,5,4,4,0,5,4,"3,5,7,9","3,5,7,9",-,"1,3,5,7,9","3,5,7,9",0.287998209,0.116112862,0.172038832,17.912695,12.966592,no,yes
COMPARISON_RELAXED,23,3.000000000000,1.300000000000,89.700000000000,90,0.033444816054,3.900000000000,0.900000000000,0.230769230769,0.010033444816,11,8,8,0,11,8,"3,4,5,6,7,8,9,10","3,4,5,6,7,8,9,10",-,"1,2,3,4,5,6,7,8,9,10,11","3,4,5,6,7,8,9,10",0.248327053,0.064847173,0.152191147,17.912695,12.954928,no,yes
COMPARISON_RELAXED,24,3.000000000000,1.300000000000,93.600000000000,94,0.032051282051,3.900000000000,0.900000000000,0.230769230769,0.009615384615,4,3,3,0,4,2,"5,7,11","5,7,11",-,"1,5,7,11","5,7",0.184060710,0.147216271,0.165638491,17.912695,12.945152,no,yes
COMPARISON_RELAXED,25,3.000000000000,1.300000000000,97.500000000000,98,0.030769230769,3.900000000000,0.900000000000,0.230769230769,0.009230769231,10,7,7,0,10,6,"3,4,6,7,8,9,11","3,4,6,7,8,9,11",-,"1,2,3,4,6,7,8,9,11,12","3,4,6,7,8,9",0.247489098,0.090640540,0.153451083,17.912695,12.935397,no,yes
COMPARISON_RELAXED,26,3.000000000000,1.300000000000,101.400000000000,102,0.029585798817,3.900000000000,0.900000000000,0.230769230769,0.008875739645,6,5,5,0,6,5,"3,5,7,9,11","3,5,7,9,11",-,"1,3,5,7,9,11","3,5,7,9,11",0.217372202,0.063026055,0.125902754,17.912695,12.927103,no,yes
COMPARISON_RELAXED,27,3.000000000000,1.300000000000,105.300000000000,106,0.028490028490,3.900000000000,0.900000000000,0.230769230769,0.008547008547,9,6,6,0,9,6,"4,5,7,8,10,11","4,5,7,8,10,11",-,"1,2,4,5,7,8,10,11,13","4,5,7,8,10,11",0.196731386,0.086572980,0.112449240,17.912695,12.918824,no,yes
COMPARISON_RELAXED,28,3.000000000000,1.300000000000,109.200000000000,110,0.027472527473,3.900000000000,0.900000000000,0.230769230769,0.008241758242,6,5,5,0,6,4,"3,5,9,11,13","3,5,9,11,13",-,"1,3,5,9,11,13","3,5,9,11",0.216923000,0.066209917,0.117064086,17.912695,12.911698,no,yes
COMPARISON_RELAXED,29,3.000000000000,1.300000000000,113.100000000000,114,0.026525198939,3.900000000000,0.900000000000,0.230769230769,0.007957559682,14,11,11,0,14,9,"3,4,5,6,7,8,9,10,11,12,13","3,4,5,6,7,8,9,10,11,12,13",-,"1,2,3,4,5,6,7,8,9,10,11,12,13,14","3,4,5,6,7,8,9,10,11",0.193280296,0.057638966,0.114299877,17.912695,12.904584,no,yes
COMPARISON_RELAXED,30,3.000000000000,1.300000000000,117.000000000000,117,0.025641025641,3.900000000000,0.900000000000,0.230769230769,0.007692307692,4,3,3,0,4,2,"7,11,13","7,11,13",-,"1,7,11,13","7,11",0.081558471,0.064499369,0.073028920,17.912695,12.898396,no,yes
COMPARISON_RELAXED,31,3.000000000000,1.300000000000,120.900000000000,121,0.024813895782,3.900000000000,0.900000000000,0.230769230769,0.007444168734,15,11,11,0,15,9,"4,5,6,7,8,9,10,11,12,13,14","4,5,6,7,8,9,10,11,12,13,14",-,"1,2,3,4,5,6,7,8,9,10,11,12,13,14,15","4,5,6,7,8,9,10,11,12",0.193049669,0.050481623,0.107918247,17.912695,12.892218,no,yes
COMPARISON_RELAXED,32,3.000000000000,1.300000000000,124.800000000000,125,0.024038461538,3.900000000000,0.900000000000,0.230769230769,0.007211538462,8,6,6,0,8,5,"5,7,9,11,13,15","5,7,9,11,13,15",-,"1,3,5,7,9,11,13,15","5,7,9,11,13",0.173996410,0.060989741,0.099483843,17.912695,12.886794,no,yes
COMPARISON_RELAXED,33,3.000000000000,1.300000000000,128.700000000000,129,0.023310023310,3.900000000000,0.900000000000,0.230769230769,0.006993006993,10,7,7,0,10,6,"4,5,7,8,10,13,14","4,5,7,8,10,13,14",-,"1,2,4,5,7,8,10,13,14,16","4,5,7,8,10,13",0.156101780,0.056807838,0.082658640,17.912695,12.881377,no,yes
COMPARISON_RELAXED,34,3.000000000000,1.300000000000,132.600000000000,133,0.022624434389,3.900000000000,0.900000000000,0.230769230769,0.006787330317,8,6,6,0,8,4,"5,7,9,11,13,15","5,7,9,11,13,15",-,"1,3,5,7,9,11,13,15","5,7,9,11",0.173893440,0.063321881,0.108428890,17.912695,12.876585,no,yes
COMPARISON_RELAXED,35,3.000000000000,1.300000000000,136.500000000000,137,0.021978021978,3.900000000000,0.900000000000,0.230769230769,0.006593406593,12,8,8,0,12,7,"4,6,8,9,11,12,13,16","4,6,8,9,11,12,13,16",-,"1,2,3,4,6,8,9,11,12,13,16,17","4,6,8,9,11,12,13",0.158211673,0.050873018,0.089271026,17.912695,12.871797,no,yes
COMPARISON_RELAXED,36,3.000000000000,1.300000000000,140.400000000000,141,0.021367521368,3.900000000000,0.900000000000,0.230769230769,0.006410256410,6,4,4,0,6,4,"5,7,11,13","5,7,11,13",-,"1,5,7,11,13,17","5,7,11,13",0.110014894,0.050444585,0.071481809,17.912695,12.867532,no,yes
COMPARISON_RELAXED,37,3.000000000000,1.300000000000,144.300000000000,145,0.020790020790,3.900000000000,0.900000000000,0.230769230769,0.006237006237,18,14,14,0,18,9,"4,5,6,7,8,9,10,11,12,13,14,15,16,17","4,5,6,7,8,9,10,11,12,13,14,15,16,17",-,"1,2,3,4,5,6,7,8,9,10,11,12,13,14,15,16,17,18","6,7,8,9,10,11,12,14,15",0.158185151,0.050046453,0.080941977,17.912695,12.863270,no,yes
COMPARISON_RELAXED,38,3.000000000000,1.300000000000,148.200000000000,149,0.020242914980,3.900000000000,0.900000000000,0.230769230769,0.006072874494,9,7,7,0,9,5,"5,7,9,11,13,15,17","5,7,9,11,13,15,17",-,"1,3,5,7,9,11,13,15,17","7,9,11,13,15",0.145052823,0.050594778,0.079941179,17.912695,12.859449,no,yes
COMPARISON_RELAXED,39,3.000000000000,1.300000000000,152.100000000000,153,0.019723865878,3.900000000000,0.900000000000,0.230769230769,0.005917159763,12,9,9,0,12,5,"4,5,7,8,10,11,14,16,17","4,5,7,8,10,11,14,16,17",-,"1,2,4,5,7,8,10,11,14,16,17,19","5,7,8,10,11",0.129376026,0.052620173,0.083348305,17.912695,12.855631,no,yes
COMPARISON_RELAXED,40,3.000000000000,1.300000000000,156.000000000000,156,0.019230769231,3.900000000000,0.900000000000,0.230769230769,0.005769230769,8,5,5,0,8,3,"7,9,11,13,17","7,9,11,13,17",-,"1,3,7,9,11,13,17,19","9,11,13",0.145072688,0.056126346,0.088449067,17.912695,12.852188,no,yes
COMPARISON_RELAXED,41,3.000000000000,1.300000000000,159.900000000000,160,0.018761726079,3.900000000000,0.900000000000,0.230769230769,0.005628517824,20,15,15,0,20,6,"5,6,7,8,9,10,11,12,13,14,15,16,17,18,19","5,6,7,8,9,10,11,12,13,14,15,16,17,18,19",-,"1,2,3,4,5,6,7,8,9,10,11,12,13,14,15,16,17,18,19,20","6,7,8,9,10,14",0.133914887,0.060471644,0.091527445,17.912695,12.848748,no,yes
COMPARISON_RELAXED,42,3.000000000000,1.300000000000,163.800000000000,164,0.018315018315,3.900000000000,0.900000000000,0.230769230769,0.005494505495,6,5,5,0,6,1,"5,11,13,17,19","5,11,13,17,19",-,"1,5,11,13,17,19",17,0.055430142,0.055430142,0.055430142,17.912695,12.845630,no,yes
COMPARISON_RELAXED,43,3.000000000000,1.300000000000,167.700000000000,168,0.017889087657,3.900000000000,0.900000000000,0.230769230769,0.005366726297,21,16,16,0,21,6,"5,6,7,8,9,10,11,12,13,14,15,16,17,18,19,20","5,6,7,8,9,10,11,12,13,14,15,16,17,18,19,20",-,"1,2,3,4,5,6,7,8,9,10,11,12,13,14,15,16,17,18,19,20,21","6,7,11,13,14,17",0.133962912,0.052002024,0.080887792,17.912695,12.842515,no,yes
COMPARISON_RELAXED,44,3.000000000000,1.300000000000,171.600000000000,172,0.017482517483,3.900000000000,0.900000000000,0.230769230769,0.005244755245,10,7,7,0,10,2,"5,7,9,13,15,17,19","5,7,9,13,15,17,19",-,"1,3,5,7,9,13,15,17,19,21","9,15",0.124365489,0.089105738,0.106735613,17.912695,12.839678,no,yes
COMPARISON_RELAXED,45,3.000000000000,1.300000000000,175.500000000000,176,0.017094017094,3.900000000000,0.900000000000,0.230769230769,0.005128205128,12,8,8,0,12,2,"7,8,11,13,14,16,17,19","7,8,11,13,14,16,17,19",-,"1,2,4,7,8,11,13,14,16,17,19,22","11,13",0.110461295,0.066144269,0.088302782,17.912695,12.836843,no,yes
COMPARISON_RELAXED,46,3.000000000000,1.300000000000,179.400000000000,180,0.016722408027,3.900000000000,0.900000000000,0.230769230769,0.005016722408,11,9,9,0,11,3,"5,7,9,11,13,15,17,19,21","5,7,9,11,13,15,17,19,21",-,"1,3,5,7,9,11,13,15,17,19,21","9,13,15",0.124430341,0.064976621,0.090932035,17.912695,12.834250,no,yes
COMPARISON_RELAXED,47,3.000000000000,1.300000000000,183.300000000000,184,0.016366612111,3.900000000000,0.900000000000,0.230769230769,0.004909983633,23,18,18,0,23,3,"5,6,7,8,9,10,11,12,13,14,15,16,17,18,19,20,21,22","5,6,7,8,9,10,11,12,13,14,15,16,17,18,19,20,21,22",-,"1,2,3,4,5,6,7,8,9,10,11,12,13,14,15,16,17,18,19,20,21,22,23","8,12,16",0.116087392,0.064533194,0.095316175,17.912695,12.831660,no,yes
COMPARISON_RELAXED,48,3.000000000000,1.300000000000,187.200000000000,188,0.016025641026,3.900000000000,0.900000000000,0.230769230769,0.004807692308,8,6,6,0,8,2,"5,7,11,13,17,19","5,7,11,13,17,19",-,"1,5,7,11,13,17,19,23","7,19",0.051139979,0.050032787,0.050586383,17.912695,12.829282,no,yes
COMPARISON_RELAXED,49,3.000000000000,1.300000000000,191.100000000000,192,0.015698587127,3.900000000000,0.900000000000,0.230769230769,0.004709576138,21,15,15,0,21,4,"6,8,9,10,11,12,13,15,16,17,18,19,20,22,23","6,8,9,10,11,12,13,15,16,17,18,19,20,22,23",-,"1,2,3,4,5,6,8,9,10,11,12,13,15,16,17,18,19,20,22,23,24","8,10,12,16",0.116161889,0.060151078,0.088970185,17.912695,12.826905,no,yes
COMPARISON_RELAXED,50,3.000000000000,1.300000000000,195.000000000000,195,0.015384615385,3.900000000000,0.900000000000,0.230769230769,0.004615384615,10,8,8,0,10,1,"7,9,11,13,17,19,21,23","7,9,11,13,17,19,21,23",-,"1,3,7,9,11,13,17,19,21,23",17,0.108842561,0.108842561,0.108842561,17.912695,12.824716,no,yes
COMPARISON_RELAXED,5,4.000000000000,1.000000000000,20.000000000000,20,0.200000000000,4.000000000000,0.000000000000,0.000000000000,0.000000000000,2,2,2,0,2,0,"1,2","1,2",-,"1,2",-,0.000000000,0.000000000,0.000000000,18.129134,14.139606,yes,no
COMPARISON_RELAXED,6,4.000000000000,1.000000000000,24.000000000000,24,0.166666666667,4.000000000000,0.000000000000,0.000000000000,0.000000000000,1,1,1,0,1,0,1,1,-,1,-,0.000000000,0.000000000,0.000000000,18.129134,13.948627,yes,no
COMPARISON_RELAXED,7,4.000000000000,1.000000000000,28.000000000000,28,0.142857142857,4.000000000000,0.000000000000,0.000000000000,0.000000000000,3,3,3,0,3,0,"1,2,3","1,2,3",-,"1,2,3",-,0.000000000,0.000000000,0.000000000,18.129134,13.765694,yes,no
COMPARISON_RELAXED,8,4.000000000000,1.000000000000,32.000000000000,32,0.125000000000,4.000000000000,0.000000000000,0.000000000000,0.000000000000,2,2,2,0,2,0,"1,3","1,3",-,"1,3",-,0.000000000,0.000000000,0.000000000,18.129134,13.666008,yes,no
COMPARISON_RELAXED,9,4.000000000000,1.000000000000,36.000000000000,36,0.111111111111,4.000000000000,0.000000000000,0.000000000000,0.000000000000,3,3,3,0,3,0,"1,2,4","1,2,4",-,"1,2,4",-,0.000000000,0.000000000,0.000000000,18.129134,13.568558,yes,no
COMPARISON_RELAXED,10,4.000000000000,1.000000000000,40.000000000000,40,0.100000000000,4.000000000000,0.000000000000,0.000000000000,0.000000000000,2,1,1,0,2,0,3,3,-,"1,3",-,0.000000000,0.000000000,0.000000000,18.129134,13.507297,yes,no
COMPARISON_RELAXED,11,4.000000000000,1.000000000000,44.000000000000,44,0.090909090909,4.000000000000,0.000000000000,0.000000000000,0.000000000000,5,4,4,0,5,0,"2,3,4,5","2,3,4,5",-,"1,2,3,4,5",-,0.000000000,0.000000000,0.000000000,18.129134,13.446889,yes,no
COMPARISON_RELAXED,12,4.000000000000,1.000000000000,48.000000000000,48,0.083333333333,4.000000000000,0.000000000000,0.000000000000,0.000000000000,2,1,1,0,2,0,5,5,-,"1,5",-,0.000000000,0.000000000,0.000000000,18.129134,13.405420,yes,no
COMPARISON_RELAXED,13,4.000000000000,1.000000000000,52.000000000000,52,0.076923076923,4.000000000000,0.000000000000,0.000000000000,0.000000000000,6,5,5,0,6,0,"2,3,4,5,6","2,3,4,5,6",-,"1,2,3,4,5,6",-,0.000000000,0.000000000,0.000000000,18.129134,13.364342,yes,no
COMPARISON_RELAXED,14,4.000000000000,1.000000000000,56.000000000000,56,0.071428571429,4.000000000000,0.000000000000,0.000000000000,0.000000000000,3,2,2,0,3,0,"3,5","3,5",-,"1,3,5",-,0.000000000,0.000000000,0.000000000,18.129134,13.334406,yes,no
COMPARISON_RELAXED,15,4.000000000000,1.000000000000,60.000000000000,60,0.066666666667,4.000000000000,0.000000000000,0.000000000000,0.000000000000,4,3,3,0,4,0,"2,4,7","2,4,7",-,"1,2,4,7",-,0.000000000,0.000000000,0.000000000,18.129134,13.304674,yes,no
COMPARISON_RELAXED,16,4.000000000000,1.000000000000,64.000000000000,64,0.062500000000,4.000000000000,0.000000000000,0.000000000000,0.000000000000,4,3,3,0,4,0,"3,5,7","3,5,7",-,"1,3,5,7",-,0.000000000,0.000000000,0.000000000,18.129134,13.282045,yes,no
COMPARISON_RELAXED,17,4.000000000000,1.000000000000,68.000000000000,68,0.058823529412,4.000000000000,0.000000000000,0.000000000000,0.000000000000,8,7,7,0,8,0,"2,3,4,5,6,7,8","2,3,4,5,6,7,8",-,"1,2,3,4,5,6,7,8",-,0.000000000,0.000000000,0.000000000,18.129134,13.259534,yes,no
COMPARISON_RELAXED,18,4.000000000000,1.000000000000,72.000000000000,72,0.055555555556,4.000000000000,0.000000000000,0.000000000000,0.000000000000,3,2,2,0,3,0,"5,7","5,7",-,"1,5,7",-,0.000000000,0.000000000,0.000000000,18.129134,13.241829,yes,no
COMPARISON_RELAXED,19,4.000000000000,1.000000000000,76.000000000000,76,0.052631578947,4.000000000000,0.000000000000,0.000000000000,0.000000000000,9,7,7,0,9,0,"2,3,4,5,6,7,8","2,3,4,5,6,7,8",-,"1,2,3,4,5,6,7,8,9",-,0.000000000,0.000000000,0.000000000,18.129134,13.224195,yes,no
COMPARISON_RELAXED,20,4.000000000000,1.000000000000,80.000000000000,80,0.050000000000,4.000000000000,0.000000000000,0.000000000000,0.000000000000,4,3,3,0,4,0,"3,7,9","3,7,9",-,"1,3,7,9",-,0.000000000,0.000000000,0.000000000,18.129134,13.209964,yes,no
COMPARISON_RELAXED,21,4.000000000000,1.000000000000,84.000000000000,84,0.047619047619,4.000000000000,0.000000000000,0.000000000000,0.000000000000,6,3,3,0,6,0,"4,5,8","4,5,8",-,"1,2,4,5,8,10",-,0.000000000,0.000000000,0.000000000,18.129134,13.195779,yes,no
COMPARISON_RELAXED,22,4.000000000000,1.000000000000,88.000000000000,88,0.045454545455,4.000000000000,0.000000000000,0.000000000000,0.000000000000,5,4,4,0,5,0,"3,5,7,9","3,5,7,9",-,"1,3,5,7,9",-,0.000000000,0.000000000,0.000000000,18.129134,13.184091,yes,no
COMPARISON_RELAXED,23,4.000000000000,1.000000000000,92.000000000000,92,0.043478260870,4.000000000000,0.000000000000,0.000000000000,0.000000000000,11,8,8,0,11,0,"3,4,5,6,7,8,9,10","3,4,5,6,7,8,9,10",-,"1,2,3,4,5,6,7,8,9,10,11",-,0.000000000,0.000000000,0.000000000,18.129134,13.172434,yes,no
COMPARISON_RELAXED,24,4.000000000000,1.000000000000,96.000000000000,96,0.041666666667,4.000000000000,0.000000000000,0.000000000000,0.000000000000,4,3,3,0,4,0,"5,7,11","5,7,11",-,"1,5,7,11",-,0.000000000,0.000000000,0.000000000,18.129134,13.162663,yes,no
COMPARISON_RELAXED,25,4.000000000000,1.000000000000,100.000000000000,100,0.040000000000,4.000000000000,0.000000000000,0.000000000000,0.000000000000,10,7,7,0,10,0,"3,4,6,7,8,9,11","3,4,6,7,8,9,11",-,"1,2,3,4,6,7,8,9,11,12",-,0.000000000,0.000000000,0.000000000,18.129134,13.152913,yes,no
COMPARISON_RELAXED,26,4.000000000000,1.000000000000,104.000000000000,104,0.038461538462,4.000000000000,0.000000000000,0.000000000000,0.000000000000,6,5,5,0,6,0,"3,5,7,9,11","3,5,7,9,11",-,"1,3,5,7,9,11",-,0.000000000,0.000000000,0.000000000,18.129134,13.144623,yes,no
COMPARISON_RELAXED,27,4.000000000000,1.000000000000,108.000000000000,108,0.037037037037,4.000000000000,0.000000000000,0.000000000000,0.000000000000,9,6,6,0,9,0,"4,5,7,8,10,11","4,5,7,8,10,11",-,"1,2,4,5,7,8,10,11,13",-,0.000000000,0.000000000,0.000000000,18.129134,13.136349,yes,no
COMPARISON_RELAXED,28,4.000000000000,1.000000000000,112.000000000000,112,0.035714285714,4.000000000000,0.000000000000,0.000000000000,0.000000000000,6,5,5,0,6,0,"3,5,9,11,13","3,5,9,11,13",-,"1,3,5,9,11,13",-,0.000000000,0.000000000,0.000000000,18.129134,13.129227,yes,no
COMPARISON_RELAXED,29,4.000000000000,1.000000000000,116.000000000000,116,0.034482758621,4.000000000000,0.000000000000,0.000000000000,0.000000000000,14,11,11,0,14,0,"3,4,5,6,7,8,9,10,11,12,13","3,4,5,6,7,8,9,10,11,12,13",-,"1,2,3,4,5,6,7,8,9,10,11,12,13,14",-,0.000000000,0.000000000,0.000000000,18.129134,13.122117,yes,no
COMPARISON_RELAXED,30,4.000000000000,1.000000000000,120.000000000000,120,0.033333333333,4.000000000000,0.000000000000,0.000000000000,0.000000000000,4,3,3,0,4,0,"7,11,13","7,11,13",-,"1,7,11,13",-,0.000000000,0.000000000,0.000000000,18.129134,13.115933,yes,no
COMPARISON_RELAXED,31,4.000000000000,1.000000000000,124.000000000000,124,0.032258064516,4.000000000000,0.000000000000,0.000000000000,0.000000000000,15,11,11,0,15,0,"4,5,6,7,8,9,10,11,12,13,14","4,5,6,7,8,9,10,11,12,13,14",-,"1,2,3,4,5,6,7,8,9,10,11,12,13,14,15",-,0.000000000,0.000000000,0.000000000,18.129134,13.109757,yes,no
COMPARISON_RELAXED,32,4.000000000000,1.000000000000,128.000000000000,128,0.031250000000,4.000000000000,0.000000000000,0.000000000000,0.000000000000,8,6,6,0,8,0,"5,7,9,11,13,15","5,7,9,11,13,15",-,"1,3,5,7,9,11,13,15",-,0.000000000,0.000000000,0.000000000,18.129134,13.104337,yes,no
COMPARISON_RELAXED,33,4.000000000000,1.000000000000,132.000000000000,132,0.030303030303,4.000000000000,0.000000000000,0.000000000000,0.000000000000,10,7,7,0,10,0,"4,5,7,8,10,13,14","4,5,7,8,10,13,14",-,"1,2,4,5,7,8,10,13,14,16",-,0.000000000,0.000000000,0.000000000,18.129134,13.098923,yes,no
COMPARISON_RELAXED,34,4.000000000000,1.000000000000,136.000000000000,136,0.029411764706,4.000000000000,0.000000000000,0.000000000000,0.000000000000,8,6,6,0,8,0,"5,7,9,11,13,15","5,7,9,11,13,15",-,"1,3,5,7,9,11,13,15",-,0.000000000,0.000000000,0.000000000,18.129134,13.094133,yes,no
COMPARISON_RELAXED,35,4.000000000000,1.000000000000,140.000000000000,140,0.028571428571,4.000000000000,0.000000000000,0.000000000000,0.000000000000,12,8,8,0,12,0,"4,6,8,9,11,12,13,16","4,6,8,9,11,12,13,16",-,"1,2,3,4,6,8,9,11,12,13,16,17",-,0.000000000,0.000000000,0.000000000,18.129134,13.089348,yes,no
COMPARISON_RELAXED,36,4.000000000000,1.000000000000,144.000000000000,144,0.027777777778,4.000000000000,0.000000000000,0.000000000000,0.000000000000,6,4,4,0,6,0,"5,7,11,13","5,7,11,13",-,"1,5,7,11,13,17",-,0.000000000,0.000000000,0.000000000,18.129134,13.085085,yes,no
COMPARISON_RELAXED,37,4.000000000000,1.000000000000,148.000000000000,148,0.027027027027,4.000000000000,0.000000000000,0.000000000000,0.000000000000,18,14,14,0,18,0,"4,5,6,7,8,9,10,11,12,13,14,15,16,17","4,5,6,7,8,9,10,11,12,13,14,15,16,17",-,"1,2,3,4,5,6,7,8,9,10,11,12,13,14,15,16,17,18",-,0.000000000,0.000000000,0.000000000,18.129134,13.080825,yes,no
COMPARISON_RELAXED,38,4.000000000000,1.000000000000,152.000000000000,152,0.026315789474,4.000000000000,0.000000000000,0.000000000000,0.000000000000,9,7,7,0,9,0,"5,7,9,11,13,15,17","5,7,9,11,13,15,17",-,"1,3,5,7,9,11,13,15,17",-,0.000000000,0.000000000,0.000000000,18.129134,13.077006,yes,no
COMPARISON_RELAXED,39,4.000000000000,1.000000000000,156.000000000000,156,0.025641025641,4.000000000000,0.000000000000,0.000000000000,0.000000000000,12,9,9,0,12,0,"4,5,7,8,10,11,14,16,17","4,5,7,8,10,11,14,16,17",-,"1,2,4,5,7,8,10,11,14,16,17,19",-,0.000000000,0.000000000,0.000000000,18.129134,13.073190,yes,no
COMPARISON_RELAXED,40,4.000000000000,1.000000000000,160.000000000000,160,0.025000000000,4.000000000000,0.000000000000,0.000000000000,0.000000000000,8,5,5,0,8,0,"7,9,11,13,17","7,9,11,13,17",-,"1,3,7,9,11,13,17,19",-,0.000000000,0.000000000,0.000000000,18.129134,13.069750,yes,no
COMPARISON_RELAXED,41,4.000000000000,1.000000000000,164.000000000000,164,0.024390243902,4.000000000000,0.000000000000,0.000000000000,0.000000000000,20,15,15,0,20,0,"5,6,7,8,9,10,11,12,13,14,15,16,17,18,19","5,6,7,8,9,10,11,12,13,14,15,16,17,18,19",-,"1,2,3,4,5,6,7,8,9,10,11,12,13,14,15,16,17,18,19,20",-,0.000000000,0.000000000,0.000000000,18.129134,13.066311,yes,no
COMPARISON_RELAXED,42,4.000000000000,1.000000000000,168.000000000000,168,0.023809523810,4.000000000000,0.000000000000,0.000000000000,0.000000000000,6,5,5,0,6,0,"5,11,13,17,19","5,11,13,17,19",-,"1,5,11,13,17,19",-,0.000000000,0.000000000,0.000000000,18.129134,13.063195,yes,no
COMPARISON_RELAXED,43,4.000000000000,1.000000000000,172.000000000000,172,0.023255813953,4.000000000000,0.000000000000,0.000000000000,0.000000000000,21,16,16,0,21,0,"5,6,7,8,9,10,11,12,13,14,15,16,17,18,19,20","5,6,7,8,9,10,11,12,13,14,15,16,17,18,19,20",-,"1,2,3,4,5,6,7,8,9,10,11,12,13,14,15,16,17,18,19,20,21",-,0.000000000,0.000000000,0.000000000,18.129134,13.060081,yes,no
COMPARISON_RELAXED,44,4.000000000000,1.000000000000,176.000000000000,176,0.022727272727,4.000000000000,0.000000000000,0.000000000000,0.000000000000,10,7,7,0,10,0,"5,7,9,13,15,17,19","5,7,9,13,15,17,19",-,"1,3,5,7,9,13,15,17,19,21",-,0.000000000,0.000000000,0.000000000,18.129134,13.057246,yes,no
COMPARISON_RELAXED,45,4.000000000000,1.000000000000,180.000000000000,180,0.022222222222,4.000000000000,0.000000000000,0.000000000000,0.000000000000,12,8,8,0,12,0,"7,8,11,13,14,16,17,19","7,8,11,13,14,16,17,19",-,"1,2,4,7,8,11,13,14,16,17,19,22",-,0.000000000,0.000000000,0.000000000,18.129134,13.054412,yes,no
COMPARISON_RELAXED,46,4.000000000000,1.000000000000,184.000000000000,184,0.021739130435,4.000000000000,0.000000000000,0.000000000000,0.000000000000,11,9,9,0,11,0,"5,7,9,11,13,15,17,19,21","5,7,9,11,13,15,17,19,21",-,"1,3,5,7,9,11,13,15,17,19,21",-,0.000000000,0.000000000,0.000000000,18.129134,13.051821,yes,no
COMPARISON_RELAXED,47,4.000000000000,1.000000000000,188.000000000000,188,0.021276595745,4.000000000000,0.000000000000,0.000000000000,0.000000000000,23,18,18,0,23,0,"5,6,7,8,9,10,11,12,13,14,15,16,17,18,19,20,21,22","5,6,7,8,9,10,11,12,13,14,15,16,17,18,19,20,21,22",-,"1,2,3,4,5,6,7,8,9,10,11,12,13,14,15,16,17,18,19,20,21,22,23",-,0.000000000,0.000000000,0.000000000,18.129134,13.049232,yes,no
COMPARISON_RELAXED,48,4.000000000000,1.000000000000,192.000000000000,192,0.020833333333,4.000000000000,0.000000000000,0.000000000000,0.000000000000,8,6,6,0,8,0,"5,7,11,13,17,19","5,7,11,13,17,19",-,"1,5,7,11,13,17,19,23",-,0.000000000,0.000000000,0.000000000,18.129134,13.046855,yes,no
COMPARISON_RELAXED,49,4.000000000000,1.000000000000,196.000000000000,196,0.020408163265,4.000000000000,0.000000000000,0.000000000000,0.000000000000,21,15,15,0,21,0,"6,8,9,10,11,12,13,15,16,17,18,19,20,22,23","6,8,9,10,11,12,13,15,16,17,18,19,20,22,23",-,"1,2,3,4,5,6,8,9,10,11,12,13,15,16,17,18,19,20,22,23,24",-,0.000000000,0.000000000,0.000000000,18.129134,13.044480,yes,no
COMPARISON_RELAXED,50,4.000000000000,1.000000000000,200.000000000000,200,0.020000000000,4.000000000000,0.000000000000,0.000000000000,0.000000000000,10,8,8,0,10,0,"7,9,11,13,17,19,21,23","7,9,11,13,17,19,21,23",-,"1,3,7,9,11,13,17,19,21,23",-,0.000000000,0.000000000,0.000000000,18.129134,13.042292,yes,no
COMPARISON_RELAXED,5,4.000000000000,1.020000000000,20.400000000000,21,0.196078431373,4.080000000000,0.080000000000,0.019607843137,0.003921568627,2,2,2,0,2,2,"1,2","1,2",-,"1,2","1,2",0.365026567,0.150435200,0.257730884,18.298542,14.309406,no,yes
COMPARISON_RELAXED,6,4.000000000000,1.020000000000,24.480000000000,25,0.163398692810,4.080000000000,0.080000000000,0.019607843137,0.003267973856,1,1,1,0,1,1,1,1,-,1,1,0.265454655,0.265454655,0.265454655,18.298542,14.118509,no,yes
COMPARISON_RELAXED,7,4.000000000000,1.020000000000,28.560000000000,29,0.140056022409,4.080000000000,0.080000000000,0.019607843137,0.002801120448,3,3,3,0,3,3,"1,2,3","1,2,3",-,"1,2,3","1,2,3",0.199487181,0.066450991,0.130344035,18.298542,13.935651,no,yes
COMPARISON_RELAXED,8,4.000000000000,1.020000000000,32.640000000000,33,0.122549019608,4.080000000000,0.080000000000,0.019607843137,0.002450980392,2,2,2,0,2,2,"1,3","1,3",-,"1,3","1,3",0.154531039,0.072670416,0.113600727,18.298542,13.836008,no,yes
COMPARISON_RELAXED,9,4.000000000000,1.020000000000,36.720000000000,37,0.108932461874,4.080000000000,0.080000000000,0.019607843137,0.002178649237,3,3,3,0,3,2,"1,2,4","1,2,4",-,"1,2,4","1,2",0.122849759,0.075834471,0.099342115,18.298542,13.738599,no,yes
COMPARISON_RELAXED,10,4.000000000000,1.020000000000,40.800000000000,41,0.098039215686,4.080000000000,0.080000000000,0.019607843137,0.001960784314,2,1,1,0,2,1,3,3,-,"1,3",3,0.069717244,0.069717244,0.069717244,18.298542,13.677364,no,yes
COMPARISON_RELAXED,11,4.000000000000,1.020000000000,44.880000000000,45,0.089126559715,4.080000000000,0.080000000000,0.019607843137,0.001782531194,5,4,4,0,5,1,"2,3,4,5","2,3,4,5",-,"1,2,3,4,5",3,0.054444695,0.054444695,0.054444695,18.298542,13.616981,no,yes
COMPARISON_RELAXED,12,4.000000000000,1.020000000000,48.960000000000,49,0.081699346405,4.080000000000,0.080000000000,0.019607843137,0.001633986928,2,1,1,0,2,0,5,5,-,"1,5",-,0.000000000,0.000000000,0.000000000,18.298542,13.575529,no,no
COMPARISON_RELAXED,13,4.000000000000,1.020000000000,53.040000000000,54,0.075414781297,4.080000000000,0.080000000000,0.019607843137,0.001508295626,6,5,5,0,6,0,"2,3,4,5,6","2,3,4,5,6",-,"1,2,3,4,5,6",-,0.000000000,0.000000000,0.000000000,18.298542,13.534469,no,no
COMPARISON_RELAXED,14,4.000000000000,1.020000000000,57.120000000000,58,0.070028011204,4.080000000000,0.080000000000,0.019607843137,0.001400560224,3,2,2,0,3,0,"3,5","3,5",-,"1,3,5",-,0.000000000,0.000000000,0.000000000,18.298542,13.504545,no,no
COMPARISON_RELAXED,15,4.000000000000,1.020000000000,61.200000000000,62,0.065359477124,4.080000000000,0.080000000000,0.019607843137,0.001307189542,4,3,3,0,4,0,"2,4,7","2,4,7",-,"1,2,4,7",-,0.000000000,0.000000000,0.000000000,18.298542,13.474825,no,no
COMPARISON_RELAXED,16,4.000000000000,1.020000000000,65.280000000000,66,0.061274509804,4.080000000000,0.080000000000,0.019607843137,0.001225490196,4,3,3,0,4,0,"3,5,7","3,5,7",-,"1,3,5,7",-,0.000000000,0.000000000,0.000000000,18.298542,13.452206,no,no
COMPARISON_RELAXED,17,4.000000000000,1.020000000000,69.360000000000,70,0.057670126874,4.080000000000,0.080000000000,0.019607843137,0.001153402537,8,7,7,0,8,0,"2,3,4,5,6,7,8","2,3,4,5,6,7,8",-,"1,2,3,4,5,6,7,8",-,0.000000000,0.000000000,0.000000000,18.298542,13.429704,no,no
COMPARISON_RELAXED,18,4.000000000000,1.020000000000,73.440000000000,74,0.054466230937,4.080000000000,0.080000000000,0.019607843137,0.001089324619,3,2,2,0,3,0,"5,7","5,7",-,"1,5,7",-,0.000000000,0.000000000,0.000000000,18.298542,13.412006,no,no
COMPARISON_RELAXED,19,4.000000000000,1.020000000000,77.520000000000,78,0.051599587203,4.080000000000,0.080000000000,0.019607843137,0.001031991744,9,7,7,0,9,0,"2,3,4,5,6,7,8","2,3,4,5,6,7,8",-,"1,2,3,4,5,6,7,8,9",-,0.000000000,0.000000000,0.000000000,18.298542,13.394380,no,no
COMPARISON_RELAXED,20,4.000000000000,1.020000000000,81.600000000000,82,0.049019607843,4.080000000000,0.080000000000,0.019607843137,0.000980392157,4,3,3,0,4,0,"3,7,9","3,7,9",-,"1,3,7,9",-,0.000000000,0.000000000,0.000000000,18.298542,13.380155,no,no
COMPARISON_RELAXED,21,4.000000000000,1.020000000000,85.680000000000,86,0.046685340803,4.080000000000,0.080000000000,0.019607843137,0.000933706816,6,3,3,0,6,0,"4,5,8","4,5,8",-,"1,2,4,5,8,10",-,0.000000000,0.000000000,0.000000000,18.298542,13.365976,no,no
COMPARISON_RELAXED,22,4.000000000000,1.020000000000,89.760000000000,90,0.044563279857,4.080000000000,0.080000000000,0.019607843137,0.000891265597,5,4,4,0,5,0,"3,5,7,9","3,5,7,9",-,"1,3,5,7,9",-,0.000000000,0.000000000,0.000000000,18.298542,13.354292,no,no
COMPARISON_RELAXED,23,4.000000000000,1.020000000000,93.840000000000,94,0.042625745951,4.080000000000,0.080000000000,0.019607843137,0.000852514919,11,8,8,0,11,0,"3,4,5,6,7,8,9,10","3,4,5,6,7,8,9,10",-,"1,2,3,4,5,6,7,8,9,10,11",-,0.000000000,0.000000000,0.000000000,18.298542,13.342640,no,no
COMPARISON_RELAXED,24,4.000000000000,1.020000000000,97.920000000000,98,0.040849673203,4.080000000000,0.080000000000,0.019607843137,0.000816993464,4,3,3,0,4,0,"5,7,11","5,7,11",-,"1,5,7,11",-,0.000000000,0.000000000,0.000000000,18.298542,13.332873,no,no
COMPARISON_RELAXED,25,4.000000000000,1.020000000000,102.000000000000,102,0.039215686275,4.080000000000,0.080000000000,0.019607843137,0.000784313725,10,7,7,0,10,0,"3,4,6,7,8,9,11","3,4,6,7,8,9,11",-,"1,2,3,4,6,7,8,9,11,12",-,0.000000000,0.000000000,0.000000000,18.298542,13.323127,no,no
COMPARISON_RELAXED,26,4.000000000000,1.020000000000,106.080000000000,107,0.037707390649,4.080000000000,0.080000000000,0.019607843137,0.000754147813,6,5,5,0,6,0,"3,5,7,9,11","3,5,7,9,11",-,"1,3,5,7,9,11",-,0.000000000,0.000000000,0.000000000,18.298542,13.314841,no,no
COMPARISON_RELAXED,27,4.000000000000,1.020000000000,110.160000000000,111,0.036310820625,4.080000000000,0.080000000000,0.019607843137,0.000726216412,9,6,6,0,9,0,"4,5,7,8,10,11","4,5,7,8,10,11",-,"1,2,4,5,7,8,10,11,13",-,0.000000000,0.000000000,0.000000000,18.298542,13.306570,no,no
COMPARISON_RELAXED,28,4.000000000000,1.020000000000,114.240000000000,115,0.035014005602,4.080000000000,0.080000000000,0.019607843137,0.000700280112,6,5,5,0,6,0,"3,5,9,11,13","3,5,9,11,13",-,"1,3,5,9,11,13",-,0.000000000,0.000000000,0.000000000,18.298542,13.299451,no,no
COMPARISON_RELAXED,29,4.000000000000,1.020000000000,118.320000000000,119,0.033806626099,4.080000000000,0.080000000000,0.019607843137,0.000676132522,14,11,11,0,14,0,"3,4,5,6,7,8,9,10,11,12,13","3,4,5,6,7,8,9,10,11,12,13",-,"1,2,3,4,5,6,7,8,9,10,11,12,13,14",-,0.000000000,0.000000000,0.000000000,18.298542,13.292344,no,no
COMPARISON_RELAXED,30,4.000000000000,1.020000000000,122.400000000000,123,0.032679738562,4.080000000000,0.080000000000,0.019607843137,0.000653594771,4,3,3,0,4,0,"7,11,13","7,11,13",-,"1,7,11,13",-,0.000000000,0.000000000,0.000000000,18.298542,13.286162,no,no
COMPARISON_RELAXED,31,4.000000000000,1.020000000000,126.480000000000,127,0.031625553447,4.080000000000,0.080000000000,0.019607843137,0.000632511069,15,11,11,0,15,0,"4,5,6,7,8,9,10,11,12,13,14","4,5,6,7,8,9,10,11,12,13,14",-,"1,2,3,4,5,6,7,8,9,10,11,12,13,14,15",-,0.000000000,0.000000000,0.000000000,18.298542,13.279989,no,no
COMPARISON_RELAXED,32,4.000000000000,1.020000000000,130.560000000000,131,0.030637254902,4.080000000000,0.080000000000,0.019607843137,0.000612745098,8,6,6,0,8,0,"5,7,9,11,13,15","5,7,9,11,13,15",-,"1,3,5,7,9,11,13,15",-,0.000000000,0.000000000,0.000000000,18.298542,13.274570,no,no
COMPARISON_RELAXED,33,4.000000000000,1.020000000000,134.640000000000,135,0.029708853238,4.080000000000,0.080000000000,0.019607843137,0.000594177065,10,7,7,0,10,0,"4,5,7,8,10,13,14","4,5,7,8,10,13,14",-,"1,2,4,5,7,8,10,13,14,16",-,0.000000000,0.000000000,0.000000000,18.298542,13.269159,no,no
COMPARISON_RELAXED,34,4.000000000000,1.020000000000,138.720000000000,139,0.028835063437,4.080000000000,0.080000000000,0.019607843137,0.000576701269,8,6,6,0,8,0,"5,7,9,11,13,15","5,7,9,11,13,15",-,"1,3,5,7,9,11,13,15",-,0.000000000,0.000000000,0.000000000,18.298542,13.264371,no,no
COMPARISON_RELAXED,35,4.000000000000,1.020000000000,142.800000000000,143,0.028011204482,4.080000000000,0.080000000000,0.019607843137,0.000560224090,12,8,8,0,12,0,"4,6,8,9,11,12,13,16","4,6,8,9,11,12,13,16",-,"1,2,3,4,6,8,9,11,12,13,16,17",-,0.000000000,0.000000000,0.000000000,18.298542,13.259588,no,no
COMPARISON_RELAXED,36,4.000000000000,1.020000000000,146.880000000000,147,0.027233115468,4.080000000000,0.080000000000,0.019607843137,0.000544662309,6,4,4,0,6,0,"5,7,11,13","5,7,11,13",-,"1,5,7,11,13,17",-,0.000000000,0.000000000,0.000000000,18.298542,13.255326,no,no
COMPARISON_RELAXED,37,4.000000000000,1.020000000000,150.960000000000,151,0.026497085321,4.080000000000,0.080000000000,0.019607843137,0.000529941706,18,14,14,0,18,0,"4,5,6,7,8,9,10,11,12,13,14,15,16,17","4,5,6,7,8,9,10,11,12,13,14,15,16,17",-,"1,2,3,4,5,6,7,8,9,10,11,12,13,14,15,16,17,18",-,0.000000000,0.000000000,0.000000000,18.298542,13.251069,no,no
COMPARISON_RELAXED,38,4.000000000000,1.020000000000,155.040000000000,156,0.025799793602,4.080000000000,0.080000000000,0.019607843137,0.000515995872,9,7,7,0,9,0,"5,7,9,11,13,15,17","5,7,9,11,13,15,17",-,"1,3,5,7,9,11,13,15,17",-,0.000000000,0.000000000,0.000000000,18.298542,13.247251,no,no
COMPARISON_RELAXED,39,4.000000000000,1.020000000000,159.120000000000,160,0.025138260432,4.080000000000,0.080000000000,0.019607843137,0.000502765209,12,9,9,0,12,0,"4,5,7,8,10,11,14,16,17","4,5,7,8,10,11,14,16,17",-,"1,2,4,5,7,8,10,11,14,16,17,19",-,0.000000000,0.000000000,0.000000000,18.298542,13.243437,no,no
COMPARISON_RELAXED,40,4.000000000000,1.020000000000,163.200000000000,164,0.024509803922,4.080000000000,0.080000000000,0.019607843137,0.000490196078,8,5,5,0,8,0,"7,9,11,13,17","7,9,11,13,17",-,"1,3,7,9,11,13,17,19",-,0.000000000,0.000000000,0.000000000,18.298542,13.239997,no,no
COMPARISON_RELAXED,41,4.000000000000,1.020000000000,167.280000000000,168,0.023912003826,4.080000000000,0.080000000000,0.019607843137,0.000478240077,20,15,15,0,20,0,"5,6,7,8,9,10,11,12,13,14,15,16,17,18,19","5,6,7,8,9,10,11,12,13,14,15,16,17,18,19",-,"1,2,3,4,5,6,7,8,9,10,11,12,13,14,15,16,17,18,19,20",-,0.000000000,0.000000000,0.000000000,18.298542,13.236560,no,no
COMPARISON_RELAXED,42,4.000000000000,1.020000000000,171.360000000000,172,0.023342670401,4.080000000000,0.080000000000,0.019607843137,0.000466853408,6,5,5,0,6,0,"5,11,13,17,19","5,11,13,17,19",-,"1,5,11,13,17,19",-,0.000000000,0.000000000,0.000000000,18.298542,13.233445,no,no
COMPARISON_RELAXED,43,4.000000000000,1.020000000000,175.440000000000,176,0.022799817601,4.080000000000,0.080000000000,0.019607843137,0.000455996352,21,16,16,0,21,0,"5,6,7,8,9,10,11,12,13,14,15,16,17,18,19,20","5,6,7,8,9,10,11,12,13,14,15,16,17,18,19,20",-,"1,2,3,4,5,6,7,8,9,10,11,12,13,14,15,16,17,18,19,20,21",-,0.000000000,0.000000000,0.000000000,18.298542,13.230333,no,no
COMPARISON_RELAXED,44,4.000000000000,1.020000000000,179.520000000000,180,0.022281639929,4.080000000000,0.080000000000,0.019607843137,0.000445632799,10,7,7,0,10,0,"5,7,9,13,15,17,19","5,7,9,13,15,17,19",-,"1,3,5,7,9,13,15,17,19,21",-,0.000000000,0.000000000,0.000000000,18.298542,13.227499,no,no
COMPARISON_RELAXED,45,4.000000000000,1.020000000000,183.600000000000,184,0.021786492375,4.080000000000,0.080000000000,0.019607843137,0.000435729847,12,8,8,0,12,0,"7,8,11,13,14,16,17,19","7,8,11,13,14,16,17,19",-,"1,2,4,7,8,11,13,14,16,17,19,22",-,0.000000000,0.000000000,0.000000000,18.298542,13.224666,no,no
COMPARISON_RELAXED,46,4.000000000000,1.020000000000,187.680000000000,188,0.021312872975,4.080000000000,0.080000000000,0.019607843137,0.000426257460,11,9,9,0,11,0,"5,7,9,11,13,15,17,19,21","5,7,9,11,13,15,17,19,21",-,"1,3,5,7,9,11,13,15,17,19,21",-,0.000000000,0.000000000,0.000000000,18.298542,13.222076,no,no
COMPARISON_RELAXED,47,4.000000000000,1.020000000000,191.760000000000,192,0.020859407593,4.080000000000,0.080000000000,0.019607843137,0.000417188152,23,18,18,0,23,0,"5,6,7,8,9,10,11,12,13,14,15,16,17,18,19,20,21,22","5,6,7,8,9,10,11,12,13,14,15,16,17,18,19,20,21,22",-,"1,2,3,4,5,6,7,8,9,10,11,12,13,14,15,16,17,18,19,20,21,22,23",-,0.000000000,0.000000000,0.000000000,18.298542,13.219488,no,no
COMPARISON_RELAXED,48,4.000000000000,1.020000000000,195.840000000000,196,0.020424836601,4.080000000000,0.080000000000,0.019607843137,0.000408496732,8,6,6,0,8,0,"5,7,11,13,17,19","5,7,11,13,17,19",-,"1,5,7,11,13,17,19,23",-,0.000000000,0.000000000,0.000000000,18.298542,13.217112,no,no
COMPARISON_RELAXED,49,4.000000000000,1.020000000000,199.920000000000,200,0.020008003201,4.080000000000,0.080000000000,0.019607843137,0.000400160064,21,15,15,0,21,0,"6,8,9,10,11,12,13,15,16,17,18,19,20,22,23","6,8,9,10,11,12,13,15,16,17,18,19,20,22,23",-,"1,2,3,4,5,6,8,9,10,11,12,13,15,16,17,18,19,20,22,23,24",-,0.000000000,0.000000000,0.000000000,18.298542,13.214738,no,no
COMPARISON_RELAXED,50,4.000000000000,1.020000000000,204.000000000000,204,0.019607843137,4.080000000000,0.080000000000,0.019607843137,0.000392156863,10,8,8,0,10,0,"7,9,11,13,17,19,21,23","7,9,11,13,17,19,21,23",-,"1,3,7,9,11,13,17,19,21,23",-,0.000000000,0.000000000,0.000000000,18.298542,13.212551,no,no
COMPARISON_RELAXED,5,4.000000000000,1.050000000000,21.000000000000,21,0.190476190476,4.200000000000,0.200000000000,0.047619047619,0.009523809524,2,2,2,0,2,2,"1,2","1,2",-,"1,2","1,2",0.882323124,0.363828339,0.623075731,18.546703,14.558113,no,yes
COMPARISON_RELAXED,6,4.000000000000,1.050000000000,25.200000000000,26,0.158730158730,4.200000000000,0.200000000000,0.047619047619,0.007936507937,1,1,1,0,1,1,1,1,-,1,1,0.640101588,0.640101588,0.640101588,18.546703,14.367331,no,yes
COMPARISON_RELAXED,7,4.000000000000,1.050000000000,29.400000000000,30,0.136054421769,4.200000000000,0.200000000000,0.047619047619,0.006802721088,3,3,3,0,3,3,"1,2,3","1,2,3",-,"1,2,3","1,2,3",0.480292302,0.160102447,0.314704903,18.546703,14.184579,no,yes
COMPARISON_RELAXED,8,4.000000000000,1.050000000000,33.600000000000,34,0.119047619048,4.200000000000,0.200000000000,0.047619047619,0.005952380952,2,2,2,0,2,2,"1,3","1,3",-,"1,3","1,3",0.371664086,0.176740986,0.274202536,18.546703,14.084995,no,yes
COMPARISON_RELAXED,9,4.000000000000,1.050000000000,37.800000000000,38,0.105820105820,4.200000000000,0.200000000000,0.047619047619,0.005291005291,3,3,3,0,3,3,"1,2,4","1,2,4",-,"1,2,4","1,2,4",0.295244981,0.089874465,0.189767757,18.546703,13.987643,no,yes
COMPARISON_RELAXED,10,4.000000000000,1.050000000000,42.000000000000,42,0.095238095238,4.200000000000,0.200000000000,0.047619047619,0.004761904762,2,1,1,0,2,1,3,3,-,"1,3",3,0.169219301,0.169219301,0.169219301,18.546703,13.926444,no,yes
COMPARISON_RELAXED,11,4.000000000000,1.050000000000,46.200000000000,47,0.086580086580,4.200000000000,0.200000000000,0.047619047619,0.004329004329,5,4,4,0,5,4,"2,3,4,5","2,3,4,5",-,"1,2,3,4,5","2,3,4,5",0.132238484,0.057481757,0.105300590,18.546703,13.866096,no,yes
COMPARISON_RELAXED,12,4.000000000000,1.050000000000,50.400000000000,51,0.079365079365,4.200000000000,0.200000000000,0.047619047619,0.003968253968,2,1,1,0,2,1,5,5,-,"1,5",5,0.053494194,0.053494194,0.053494194,18.546703,13.824669,no,yes
COMPARISON_RELAXED,13,4.000000000000,1.050000000000,54.600000000000,55,0.073260073260,4.200000000000,0.200000000000,0.047619047619,0.003663003663,6,5,5,0,6,4,"2,3,4,5,6","2,3,4,5,6",-,"1,2,3,4,5,6","2,3,4,5",0.116445481,0.061941253,0.088708946,18.546703,13.783633,no,yes
COMPARISON_RELAXED,14,4.000000000000,1.050000000000,58.800000000000,59,0.068027210884,4.200000000000,0.200000000000,0.047619047619,0.003401360544,3,2,2,0,3,2,"3,5","3,5",-,"1,3,5","3,5",0.088789807,0.081009401,0.084899604,18.546703,13.753726,no,yes
COMPARISON_RELAXED,15,4.000000000000,1.050000000000,63.000000000000,63,0.063492063492,4.200000000000,0.200000000000,0.047619047619,0.003174603175,4,3,3,0,4,1,"2,4,7","2,4,7",-,"1,2,4,7",4,0.084547991,0.084547991,0.084547991,18.546703,13.724023,no,yes
COMPARISON_RELAXED,16,4.000000000000,1.050000000000,67.200000000000,68,0.059523809524,4.200000000000,0.200000000000,0.047619047619,0.002976190476,4,3,3,0,4,2,"3,5,7","3,5,7",-,"1,3,5,7","3,5",0.088509018,0.062850094,0.075679556,18.546703,13.701418,no,yes
COMPARISON_RELAXED,17,4.000000000000,1.050000000000,71.400000000000,72,0.056022408964,4.200000000000,0.200000000000,0.047619047619,0.002801120448,8,7,7,0,8,4,"2,3,4,5,6,7,8","2,3,4,5,6,7,8",-,"1,2,3,4,5,6,7,8","3,4,5,6",0.071626024,0.050708908,0.061228490,18.546703,13.678929,no,yes
COMPARISON_RELAXED,18,4.000000000000,1.050000000000,75.600000000000,76,0.052910052910,4.200000000000,0.200000000000,0.047619047619,0.002645502646,3,2,2,0,3,0,"5,7","5,7",-,"1,5,7",-,0.000000000,0.000000000,0.000000000,18.546703,13.661241,no,no
COMPARISON_RELAXED,19,4.000000000000,1.050000000000,79.800000000000,80,0.050125313283,4.200000000000,0.200000000000,0.047619047619,0.002506265664,9,7,7,0,9,3,"2,3,4,5,6,7,8","2,3,4,5,6,7,8",-,"1,2,3,4,5,6,7,8,9","4,5,6",0.071286818,0.051780207,0.061731538,18.546703,13.643625,no,yes
COMPARISON_RELAXED,20,4.000000000000,1.050000000000,84.000000000000,84,0.047619047619,4.200000000000,0.200000000000,0.047619047619,0.002380952381,4,3,3,0,4,1,"3,7,9","3,7,9",-,"1,3,7,9",7,0.059416071,0.059416071,0.059416071,18.546703,13.629408,no,yes
COMPARISON_RELAXED,21,4.000000000000,1.050000000000,88.200000000000,89,0.045351473923,4.200000000000,0.200000000000,0.047619047619,0.002267573696,6,3,3,0,6,1,"4,5,8","4,5,8",-,"1,2,4,5,8,10",5,0.054851583,0.054851583,0.054851583,18.546703,13.615237,no,yes
COMPARISON_RELAXED,22,4.000000000000,1.050000000000,92.400000000000,93,0.043290043290,4.200000000000,0.200000000000,0.047619047619,0.002164502165,5,4,4,0,5,1,"3,5,7,9","3,5,7,9",-,"1,3,5,7,9",7,0.059632282,0.059632282,0.059632282,18.546703,13.603560,no,yes
COMPARISON_RELAXED,23,4.000000000000,1.050000000000,96.600000000000,97,0.041407867495,4.200000000000,0.200000000000,0.047619047619,0.002070393375,11,8,8,0,11,1,"3,4,5,6,7,8,9,10","3,4,5,6,7,8,9,10",-,"1,2,3,4,5,6,7,8,9,10,11",8,0.050990444,0.050990444,0.050990444,18.546703,13.591914,no,yes
COMPARISON_RELAXED,24,4.000000000000,1.050000000000,100.800000000000,101,0.039682539683,4.200000000000,0.200000000000,0.047619047619,0.001984126984,4,3,3,0,4,0,"5,7,11","5,7,11",-,"1,5,7,11",-,0.000000000,0.000000000,0.000000000,18.546703,13.582153,no,no
COMPARISON_RELAXED,25,4.000000000000,1.050000000000,105.000000000000,105,0.038095238095,4.200000000000,0.200000000000,0.047619047619,0.001904761905,10,7,7,0,10,1,"3,4,6,7,8,9,11","3,4,6,7,8,9,11",-,"1,2,3,4,6,7,8,9,11,12",8,0.051231730,0.051231730,0.051231730,18.546703,13.572413,no,yes
COMPARISON_RELAXED,26,4.000000000000,1.050000000000,109.200000000000,110,0.036630036630,4.200000000000,0.200000000000,0.047619047619,0.001831501832,6,5,5,0,6,0,"3,5,7,9,11","3,5,7,9,11",-,"1,3,5,7,9,11",-,0.000000000,0.000000000,0.000000000,18.546703,13.564131,no,no
COMPARISON_RELAXED,27,4.000000000000,1.050000000000,113.400000000000,114,0.035273368607,4.200000000000,0.200000000000,0.047619047619,0.001763668430,9,6,6,0,9,0,"4,5,7,8,10,11","4,5,7,8,10,11",-,"1,2,4,5,7,8,10,11,13",-,0.000000000,0.000000000,0.000000000,18.546703,13.555865,no,no
COMPARISON_RELAXED,28,4.000000000000,1.050000000000,117.600000000000,118,0.034013605442,4.200000000000,0.200000000000,0.047619047619,0.001700680272,6,5,5,0,6,0,"3,5,9,11,13","3,5,9,11,13",-,"1,3,5,9,11,13",-,0.000000000,0.000000000,0.000000000,18.546703,13.548750,no,no
COMPARISON_RELAXED,29,4.000000000000,1.050000000000,121.800000000000,122,0.032840722496,4.200000000000,0.200000000000,0.047619047619,0.001642036125,14,11,11,0,14,0,"3,4,5,6,7,8,9,10,11,12,13","3,4,5,6,7,8,9,10,11,12,13",-,"1,2,3,4,5,6,7,8,9,10,11,12,13,14",-,0.000000000,0.000000000,0.000000000,18.546703,13.541647,no,no
COMPARISON_RELAXED,30,4.000000000000,1.050000000000,126.000000000000,126,0.031746031746,4.200000000000,0.200000000000,0.047619047619,0.001587301587,4,3,3,0,4,0,"7,11,13","7,11,13",-,"1,7,11,13",-,0.000000000,0.000000000,0.000000000,18.546703,13.535468,no,no
COMPARISON_RELAXED,31,4.000000000000,1.050000000000,130.200000000000,131,0.030721966206,4.200000000000,0.200000000000,0.047619047619,0.001536098310,15,11,11,0,15,0,"4,5,6,7,8,9,10,11,12,13,14","4,5,6,7,8,9,10,11,12,13,14",-,"1,2,3,4,5,6,7,8,9,10,11,12,13,14,15",-,0.000000000,0.000000000,0.000000000,18.546703,13.529299,no,no
COMPARISON_RELAXED,32,4.000000000000,1.050000000000,134.400000000000,135,0.029761904762,4.200000000000,0.200000000000,0.047619047619,0.001488095238,8,6,6,0,8,0,"5,7,9,11,13,15","5,7,9,11,13,15",-,"1,3,5,7,9,11,13,15",-,0.000000000,0.000000000,0.000000000,18.546703,13.523883,no,no
COMPARISON_RELAXED,33,4.000000000000,1.050000000000,138.600000000000,139,0.028860028860,4.200000000000,0.200000000000,0.047619047619,0.001443001443,10,7,7,0,10,0,"4,5,7,8,10,13,14","4,5,7,8,10,13,14",-,"1,2,4,5,7,8,10,13,14,16",-,0.000000000,0.000000000,0.000000000,18.546703,13.518475,no,no
COMPARISON_RELAXED,34,4.000000000000,1.050000000000,142.800000000000,143,0.028011204482,4.200000000000,0.200000000000,0.047619047619,0.001400560224,8,6,6,0,8,0,"5,7,9,11,13,15","5,7,9,11,13,15",-,"1,3,5,7,9,11,13,15",-,0.000000000,0.000000000,0.000000000,18.546703,13.513690,no,no
COMPARISON_RELAXED,35,4.000000000000,1.050000000000,147.000000000000,147,0.027210884354,4.200000000000,0.200000000000,0.047619047619,0.001360544218,12,8,8,0,12,0,"4,6,8,9,11,12,13,16","4,6,8,9,11,12,13,16",-,"1,2,3,4,6,8,9,11,12,13,16,17",-,0.000000000,0.000000000,0.000000000,18.546703,13.508909,no,no
COMPARISON_RELAXED,36,4.000000000000,1.050000000000,151.200000000000,152,0.026455026455,4.200000000000,0.200000000000,0.047619047619,0.001322751323,6,4,4,0,6,0,"5,7,11,13","5,7,11,13",-,"1,5,7,11,13,17",-,0.000000000,0.000000000,0.000000000,18.546703,13.504650,no,no
COMPARISON_RELAXED,37,4.000000000000,1.050000000000,155.400000000000,156,0.025740025740,4.200000000000,0.200000000000,0.047619047619,0.001287001287,18,14,14,0,18,0,"4,5,6,7,8,9,10,11,12,13,14,15,16,17","4,5,6,7,8,9,10,11,12,13,14,15,16,17",-,"1,2,3,4,5,6,7,8,9,10,11,12,13,14,15,16,17,18",-,0.000000000,0.000000000,0.000000000,18.546703,13.500395,no,no
COMPARISON_RELAXED,38,4.000000000000,1.050000000000,159.600000000000,160,0.025062656642,4.200000000000,0.200000000000,0.047619047619,0.001253132832,9,7,7,0,9,0,"5,7,9,11,13,15,17","5,7,9,11,13,15,17",-,"1,3,5,7,9,11,13,15,17",-,0.000000000,0.000000000,0.000000000,18.546703,13.496580,no,no
COMPARISON_RELAXED,39,4.000000000000,1.050000000000,163.800000000000,164,0.024420024420,4.200000000000,0.200000000000,0.047619047619,0.001221001221,12,9,9,0,12,0,"4,5,7,8,10,11,14,16,17","4,5,7,8,10,11,14,16,17",-,"1,2,4,5,7,8,10,11,14,16,17,19",-,0.000000000,0.000000000,0.000000000,18.546703,13.492767,no,no
COMPARISON_RELAXED,40,4.000000000000,1.050000000000,168.000000000000,168,0.023809523810,4.200000000000,0.200000000000,0.047619047619,0.001190476190,8,5,5,0,8,0,"7,9,11,13,17","7,9,11,13,17",-,"1,3,7,9,11,13,17,19",-,0.000000000,0.000000000,0.000000000,18.546703,13.489330,no,no
COMPARISON_RELAXED,41,4.000000000000,1.050000000000,172.200000000000,173,0.023228803717,4.200000000000,0.200000000000,0.047619047619,0.001161440186,20,15,15,0,20,0,"5,6,7,8,9,10,11,12,13,14,15,16,17,18,19","5,6,7,8,9,10,11,12,13,14,15,16,17,18,19",-,"1,2,3,4,5,6,7,8,9,10,11,12,13,14,15,16,17,18,19,20",-,0.000000000,0.000000000,0.000000000,18.546703,13.485895,no,no
COMPARISON_RELAXED,42,4.000000000000,1.050000000000,176.400000000000,177,0.022675736961,4.200000000000,0.200000000000,0.047619047619,0.001133786848,6,5,5,0,6,0,"5,11,13,17,19","5,11,13,17,19",-,"1,5,11,13,17,19",-,0.000000000,0.000000000,0.000000000,18.546703,13.482782,no,no
COMPARISON_RELAXED,43,4.000000000000,1.050000000000,180.600000000000,181,0.022148394241,4.200000000000,0.200000000000,0.047619047619,0.001107419712,21,16,16,0,21,0,"5,6,7,8,9,10,11,12,13,14,15,16,17,18,19,20","5,6,7,8,9,10,11,12,13,14,15,16,17,18,19,20",-,"1,2,3,4,5,6,7,8,9,10,11,12,13,14,15,16,17,18,19,20,21",-,0.000000000,0.000000000,0.000000000,18.546703,13.479671,no,no
COMPARISON_RELAXED,44,4.000000000000,1.050000000000,184.800000000000,185,0.021645021645,4.200000000000,0.200000000000,0.047619047619,0.001082251082,10,7,7,0,10,0,"5,7,9,13,15,17,19","5,7,9,13,15,17,19",-,"1,3,5,7,9,13,15,17,19,21",-,0.000000000,0.000000000,0.000000000,18.546703,13.476838,no,no
COMPARISON_RELAXED,45,4.000000000000,1.050000000000,189.000000000000,189,0.021164021164,4.200000000000,0.200000000000,0.047619047619,0.001058201058,12,8,8,0,12,0,"7,8,11,13,14,16,17,19","7,8,11,13,14,16,17,19",-,"1,2,4,7,8,11,13,14,16,17,19,22",-,0.000000000,0.000000000,0.000000000,18.546703,13.474007,no,no
COMPARISON_RELAXED,46,4.000000000000,1.050000000000,193.200000000000,194,0.020703933747,4.200000000000,0.200000000000,0.047619047619,0.001035196687,11,9,9,0,11,0,"5,7,9,11,13,15,17,19,21","5,7,9,11,13,15,17,19,21",-,"1,3,5,7,9,11,13,15,17,19,21",-,0.000000000,0.000000000,0.000000000,18.546703,13.471419,no,no
COMPARISON_RELAXED,47,4.000000000000,1.050000000000,197.400000000000,198,0.020263424519,4.200000000000,0.200000000000,0.047619047619,0.001013171226,23,18,18,0,23,0,"5,6,7,8,9,10,11,12,13,14,15,16,17,18,19,20,21,22","5,6,7,8,9,10,11,12,13,14,15,16,17,18,19,20,21,22",-,"1,2,3,4,5,6,7,8,9,10,11,12,13,14,15,16,17,18,19,20,21,22,23",-,0.000000000,0.000000000,0.000000000,18.546703,13.468832,no,no
COMPARISON_RELAXED,48,4.000000000000,1.050000000000,201.600000000000,202,0.019841269841,4.200000000000,0.200000000000,0.047619047619,0.000992063492,8,6,6,0,8,0,"5,7,11,13,17,19","5,7,11,13,17,19",-,"1,5,7,11,13,17,19,23",-,0.000000000,0.000000000,0.000000000,18.546703,13.466458,no,no
COMPARISON_RELAXED,49,4.000000000000,1.050000000000,205.800000000000,206,0.019436345967,4.200000000000,0.200000000000,0.047619047619,0.000971817298,21,15,15,0,21,0,"6,8,9,10,11,12,13,15,16,17,18,19,20,22,23","6,8,9,10,11,12,13,15,16,17,18,19,20,22,23",-,"1,2,3,4,5,6,8,9,10,11,12,13,15,16,17,18,19,20,22,23,24",-,0.000000000,0.000000000,0.000000000,18.546703,13.464085,no,no
COMPARISON_RELAXED,50,4.000000000000,1.050000000000,210.000000000000,210,0.019047619048,4.200000000000,0.200000000000,0.047619047619,0.000952380952,10,8,8,0,10,0,"7,9,11,13,17,19,21,23","7,9,11,13,17,19,21,23",-,"1,3,7,9,11,13,17,19,21,23",-,0.000000000,0.000000000,0.000000000,18.546703,13.461899,no,no
COMPARISON_RELAXED,5,4.000000000000,1.100000000000,22.000000000000,22,0.181818181818,4.400000000000,0.400000000000,0.090909090909,0.018181818182,2,2,2,0,2,2,"1,2","1,2",-,"1,2","1,2",1.671030702,0.690005476,1.180518089,18.945376,14.957599,no,yes
COMPARISON_RELAXED,6,4.000000000000,1.100000000000,26.400000000000,27,0.151515151515,4.400000000000,0.400000000000,0.090909090909,0.015151515152,1,1,1,0,1,1,1,1,-,1,1,1.207945321,1.207945321,1.207945321,18.945376,14.766988,no,yes
COMPARISON_RELAXED,7,4.000000000000,1.100000000000,30.800000000000,31,0.129870129870,4.400000000000,0.400000000000,0.090909090909,0.012987012987,3,3,3,0,3,3,"1,2,3","1,2,3",-,"1,2,3","1,2,3",0.904276598,0.301854362,0.595234494,18.945376,14.584392,no,yes
COMPARISON_RELAXED,8,4.000000000000,1.100000000000,35.200000000000,36,0.113636363636,4.400000000000,0.400000000000,0.090909090909,0.011363636364,2,2,2,0,2,2,"1,3","1,3",-,"1,3","1,3",0.698649045,0.338159916,0.518404480,18.945376,14.484896,no,yes
COMPARISON_RELAXED,9,4.000000000000,1.100000000000,39.600000000000,40,0.101010101010,4.400000000000,0.400000000000,0.090909090909,0.010101010101,3,3,3,0,3,3,"1,2,4","1,2,4",-,"1,2,4","1,2,4",0.554366296,0.168975661,0.358334490,18.945376,14.387629,no,yes
COMPARISON_RELAXED,10,4.000000000000,1.100000000000,44.000000000000,44,0.090909090909,4.400000000000,0.400000000000,0.090909090909,0.009090909091,2,1,1,0,2,1,3,3,-,"1,3",3,0.322772172,0.322772172,0.322772172,18.945376,14.326485,no,yes
COMPARISON_RELAXED,11,4.000000000000,1.100000000000,48.400000000000,49,0.082644628099,4.400000000000,0.400000000000,0.090909090909,0.008264462810,5,4,4,0,5,4,"2,3,4,5","2,3,4,5",-,"1,2,3,4,5","2,3,4,5",0.252499475,0.107900617,0.200713590,18.945376,14.266189,no,yes
COMPARISON_RELAXED,12,4.000000000000,1.100000000000,52.800000000000,53,0.075757575758,4.400000000000,0.400000000000,0.090909090909,0.007575757576,2,1,1,0,2,1,5,5,-,"1,5",5,0.102238801,0.102238801,0.102238801,18.945376,14.224798,no,yes
COMPARISON_RELAXED,13,4.000000000000,1.100000000000,57.200000000000,58,0.069930069930,4.400000000000,0.400000000000,0.090909090909,0.006993006993,6,5,5,0,6,5,"2,3,4,5,6","2,3,4,5,6",-,"1,2,3,4,5,6","2,3,4,5,6",0.222094444,0.074831376,0.150396947,18.945376,14.183798,no,yes
COMPARISON_RELAXED,14,4.000000000000,1.100000000000,61.600000000000,62,0.064935064935,4.400000000000,0.400000000000,0.090909090909,0.006493506494,3,2,2,0,3,2,"3,5","3,5",-,"1,3,5","3,5",0.169822457,0.154622886,0.162222671,18.945376,14.153917,no,yes
COMPARISON_RELAXED,15,4.000000000000,1.100000000000,66.000000000000,66,0.060606060606,4.400000000000,0.400000000000,0.090909090909,0.006060606061,4,3,3,0,4,3,"2,4,7","2,4,7",-,"1,2,4,7","2,4,7",0.161432908,0.054928900,0.103713714,18.945376,14.124240,no,yes
COMPARISON_RELAXED,16,4.000000000000,1.100000000000,70.400000000000,71,0.056818181818,4.400000000000,0.400000000000,0.090909090909,0.005681818182,4,3,3,0,4,2,"3,5,7","3,5,7",-,"1,3,5,7","3,5",0.168816687,0.120032052,0.144424369,18.945376,14.101654,no,yes
COMPARISON_RELAXED,17,4.000000000000,1.100000000000,74.800000000000,75,0.053475935829,4.400000000000,0.400000000000,0.090909090909,0.005347593583,8,7,7,0,8,6,"2,3,4,5,6,7,8","2,3,4,5,6,7,8",-,"1,2,3,4,5,6,7,8","2,3,4,5,6,7",0.136757214,0.062843227,0.099573429,18.945376,14.079184,no,yes
COMPARISON_RELAXED,18,4.000000000000,1.100000000000,79.200000000000,80,0.050505050505,4.400000000000,0.400000000000,0.090909090909,0.005050505051,3,2,2,0,3,2,"5,7","5,7",-,"1,5,7","5,7",0.091304811,0.070442897,0.080873854,18.945376,14.061512,no,yes
COMPARISON_RELAXED,19,4.000000000000,1.100000000000,83.600000000000,84,0.047846889952,4.400000000000,0.400000000000,0.090909090909,0.004784688995,9,7,7,0,9,5,"2,3,4,5,6,7,8","2,3,4,5,6,7,8",-,"1,2,3,4,5,6,7,8,9","3,4,5,6,7",0.135975780,0.059665551,0.097958117,18.945376,14.043911,no,yes
COMPARISON_RELAXED,20,4.000000000000,1.100000000000,88.000000000000,88,0.045454545455,4.400000000000,0.400000000000,0.090909090909,0.004545454545,4,3,3,0,4,2,"3,7,9","3,7,9",-,"1,3,7,9","3,7",0.113583225,0.063433015,0.088508120,18.945376,14.029706,no,yes
COMPARISON_RELAXED,21,4.000000000000,1.100000000000,92.400000000000,93,0.043290043290,4.400000000000,0.400000000000,0.090909090909,0.004329004329,6,3,3,0,6,2,"4,5,8","4,5,8",-,"1,2,4,5,8,10","4,5",0.104725893,0.083140940,0.093933417,18.945376,14.015547,no,yes
COMPARISON_RELAXED,22,4.000000000000,1.100000000000,96.800000000000,97,0.041322314050,4.400000000000,0.400000000000,0.090909090909,0.004132231405,5,4,4,0,5,3,"3,5,7,9","3,5,7,9",-,"1,3,5,7,9","3,5,7",0.113752258,0.051434807,0.075195830,18.945376,14.003880,no,yes
COMPARISON_RELAXED,23,4.000000000000,1.100000000000,101.200000000000,102,0.039525691700,4.400000000000,0.400000000000,0.090909090909,0.003952569170,11,8,8,0,11,5,"3,4,5,6,7,8,9,10","3,4,5,6,7,8,9,10",-,"1,2,3,4,5,6,7,8,9,10,11","4,5,6,7,8",0.097459659,0.051756975,0.072111093,18.945376,13.992244,no,yes
COMPARISON_RELAXED,24,4.000000000000,1.100000000000,105.600000000000,106,0.037878787879,4.400000000000,0.400000000000,0.090909090909,0.003787878788,4,3,3,0,4,2,"5,7,11","5,7,11",-,"1,5,7,11","5,7",0.072562448,0.057970858,0.065266653,18.945376,13.982491,no,yes
COMPARISON_RELAXED,25,4.000000000000,1.100000000000,110.000000000000,110,0.036363636364,4.400000000000,0.400000000000,0.090909090909,0.003636363636,10,7,7,0,10,4,"3,4,6,7,8,9,11","3,4,6,7,8,9,11",-,"1,2,3,4,6,7,8,9,11,12","4,6,7,8",0.097733289,0.052925086,0.072788637,18.945376,13.972759,no,yes
COMPARISON_RELAXED,26,4.000000000000,1.100000000000,114.400000000000,115,0.034965034965,4.400000000000,0.400000000000,0.090909090909,0.003496503497,6,5,5,0,6,2,"3,5,7,9,11","3,5,7,9,11",-,"1,3,5,7,9,11","5,9",0.085347223,0.063621150,0.074484186,18.945376,13.964484,no,yes
COMPARISON_RELAXED,27,4.000000000000,1.100000000000,118.800000000000,119,0.033670033670,4.400000000000,0.400000000000,0.090909090909,0.003367003367,9,6,6,0,9,1,"4,5,7,8,10,11","4,5,7,8,10,11",-,"1,2,4,5,7,8,10,11,13",7,0.077486761,0.077486761,0.077486761,18.945376,13.956225,no,yes
COMPARISON_RELAXED,28,4.000000000000,1.100000000000,123.200000000000,124,0.032467532468,4.400000000000,0.400000000000,0.090909090909,0.003246753247,6,5,5,0,6,1,"3,5,9,11,13","3,5,9,11,13",-,"1,3,5,9,11,13",9,0.085647859,0.085647859,0.085647859,18.945376,13.949116,no,yes
COMPARISON_RELAXED,29,4.000000000000,1.100000000000,127.600000000000,128,0.031347962382,4.400000000000,0.400000000000,0.090909090909,0.003134796238,14,11,11,0,14,3,"3,4,5,6,7,8,9,10,11,12,13","3,4,5,6,7,8,9,10,11,12,13",-,"1,2,3,4,5,6,7,8,9,10,11,12,13,14","6,7,10",0.075913888,0.057306146,0.068174299,18.945376,13.942019,no,yes
COMPARISON_RELAXED,30,4.000000000000,1.100000000000,132.000000000000,132,0.030303030303,4.400000000000,0.400000000000,0.090909090909,0.003030303030,4,3,3,0,4,0,"7,11,13","7,11,13",-,"1,7,11,13",-,0.000000000,0.000000000,0.000000000,18.945376,13.935846,no,no
COMPARISON_RELAXED,31,4.000000000000,1.100000000000,136.400000000000,137,0.029325513196,4.400000000000,0.400000000000,0.090909090909,0.002932551320,15,11,11,0,15,3,"4,5,6,7,8,9,10,11,12,13,14","4,5,6,7,8,9,10,11,12,13,14",-,"1,2,3,4,5,6,7,8,9,10,11,12,13,14,15","6,8,10",0.076210134,0.051532402,0.064591668,18.945376,13.929682,no,yes
COMPARISON_RELAXED,32,4.000000000000,1.100000000000,140.800000000000,141,0.028409090909,4.400000000000,0.400000000000,0.090909090909,0.002840909091,8,6,6,0,8,1,"5,7,9,11,13,15","5,7,9,11,13,15",-,"1,3,5,7,9,11,13,15",11,0.068358938,0.068358938,0.068358938,18.945376,13.924271,no,yes
COMPARISON_RELAXED,33,4.000000000000,1.100000000000,145.200000000000,146,0.027548209366,4.400000000000,0.400000000000,0.090909090909,0.002754820937,10,7,7,0,10,1,"4,5,7,8,10,13,14","4,5,7,8,10,13,14",-,"1,2,4,5,7,8,10,13,14,16",8,0.061487157,0.061487157,0.061487157,18.945376,13.918867,no,yes
COMPARISON_RELAXED,34,4.000000000000,1.100000000000,149.600000000000,150,0.026737967914,4.400000000000,0.400000000000,0.090909090909,0.002673796791,8,6,6,0,8,1,"5,7,9,11,13,15","5,7,9,11,13,15",-,"1,3,5,7,9,11,13,15",11,0.068638405,0.068638405,0.068638405,18.945376,13.914086,no,yes
COMPARISON_RELAXED,35,4.000000000000,1.100000000000,154.000000000000,154,0.025974025974,4.400000000000,0.400000000000,0.090909090909,0.002597402597,12,8,8,0,12,2,"4,6,8,9,11,12,13,16","4,6,8,9,11,12,13,16",-,"1,2,3,4,6,8,9,11,12,13,16,17","9,12",0.062171958,0.057526979,0.059849469,18.945376,13.909310,no,yes
COMPARISON_RELAXED,36,4.000000000000,1.100000000000,158.400000000000,159,0.025252525253,4.400000000000,0.400000000000,0.090909090909,0.002525252525,6,4,4,0,6,0,"5,7,11,13","5,7,11,13",-,"1,5,7,11,13,17",-,0.000000000,0.000000000,0.000000000,18.945376,13.905054,no,no
COMPARISON_RELAXED,37,4.000000000000,1.100000000000,162.800000000000,163,0.024570024570,4.400000000000,0.400000000000,0.090909090909,0.002457002457,18,14,14,0,18,2,"4,5,6,7,8,9,10,11,12,13,14,15,16,17","4,5,6,7,8,9,10,11,12,13,14,15,16,17",-,"1,2,3,4,5,6,7,8,9,10,11,12,13,14,15,16,17,18","9,12",0.062430480,0.054045818,0.058238149,18.945376,13.900802,no,yes
COMPARISON_RELAXED,38,4.000000000000,1.100000000000,167.200000000000,168,0.023923444976,4.400000000000,0.400000000000,0.090909090909,0.002392344498,9,7,7,0,9,1,"5,7,9,11,13,15,17","5,7,9,11,13,15,17",-,"1,3,5,7,9,11,13,15,17",13,0.057012158,0.057012158,0.057012158,18.945376,13.896990,no,yes
COMPARISON_RELAXED,39,4.000000000000,1.100000000000,171.600000000000,172,0.023310023310,4.400000000000,0.400000000000,0.090909090909,0.002331002331,12,9,9,0,12,1,"4,5,7,8,10,11,14,16,17","4,5,7,8,10,11,14,16,17",-,"1,2,4,5,7,8,10,11,14,16,17,19",10,0.050961747,0.050961747,0.050961747,18.945376,13.893181,no,yes
COMPARISON_RELAXED,40,4.000000000000,1.100000000000,176.000000000000,176,0.022727272727,4.400000000000,0.400000000000,0.090909090909,0.002272727273,8,5,5,0,8,1,"7,9,11,13,17","7,9,11,13,17",-,"1,3,7,9,11,13,17,19",13,0.057249192,0.057249192,0.057249192,18.945376,13.889746,no,yes
COMPARISON_RELAXED,41,4.000000000000,1.100000000000,180.400000000000,181,0.022172949002,4.400000000000,0.400000000000,0.090909090909,0.002217294900,20,15,15,0,20,1,"5,6,7,8,9,10,11,12,13,14,15,16,17,18,19","5,6,7,8,9,10,11,12,13,14,15,16,17,18,19",-,"1,2,3,4,5,6,7,8,9,10,11,12,13,14,15,16,17,18,19,20",14,0.052643292,0.052643292,0.052643292,18.945376,13.886314,no,yes
COMPARISON_RELAXED,42,4.000000000000,1.100000000000,184.800000000000,185,0.021645021645,4.400000000000,0.400000000000,0.090909090909,0.002164502165,6,5,5,0,6,0,"5,11,13,17,19","5,11,13,17,19",-,"1,5,11,13,17,19",-,0.000000000,0.000000000,0.000000000,18.945376,13.883204,no,no
COMPARISON_RELAXED,43,4.000000000000,1.100000000000,189.200000000000,190,0.021141649049,4.400000000000,0.400000000000,0.090909090909,0.002114164905,21,16,16,0,21,1,"5,6,7,8,9,10,11,12,13,14,15,16,17,18,19,20","5,6,7,8,9,10,11,12,13,14,15,16,17,18,19,20",-,"1,2,3,4,5,6,7,8,9,10,11,12,13,14,15,16,17,18,19,20,21",14,0.052859858,0.052859858,0.052859858,18.945376,13.880095,no,yes
COMPARISON_RELAXED,44,4.000000000000,1.100000000000,193.600000000000,194,0.020661157025,4.400000000000,0.400000000000,0.090909090909,0.002066115702,10,7,7,0,10,0,"5,7,9,13,15,17,19","5,7,9,13,15,17,19",-,"1,3,5,7,9,13,15,17,19,21",-,0.000000000,0.000000000,0.000000000,18.945376,13.877265,no,no
COMPARISON_RELAXED,45,4.000000000000,1.100000000000,198.000000000000,198,0.020202020202,4.400000000000,0.400000000000,0.090909090909,0.002020202020,12,8,8,0,12,0,"7,8,11,13,14,16,17,19","7,8,11,13,14,16,17,19",-,"1,2,4,7,8,11,13,14,16,17,19,22",-,0.000000000,0.000000000,0.000000000,18.945376,13.874437,no,no
COMPARISON_RELAXED,46,4.000000000000,1.100000000000,202.400000000000,203,0.019762845850,4.400000000000,0.400000000000,0.090909090909,0.001976284585,11,9,9,0,11,0,"5,7,9,11,13,15,17,19,21","5,7,9,11,13,15,17,19,21",-,"1,3,5,7,9,11,13,15,17,19,21",-,0.000000000,0.000000000,0.000000000,18.945376,13.871850,no,no
COMPARISON_RELAXED,47,4.000000000000,1.100000000000,206.800000000000,207,0.019342359768,4.400000000000,0.400000000000,0.090909090909,0.001934235977,23,18,18,0,23,0,"5,6,7,8,9,10,11,12,13,14,15,16,17,18,19,20,21,22","5,6,7,8,9,10,11,12,13,14,15,16,17,18,19,20,21,22",-,"1,2,3,4,5,6,7,8,9,10,11,12,13,14,15,16,17,18,19,20,21,22,23",-,0.000000000,0.000000000,0.000000000,18.945376,13.869266,no,no
COMPARISON_RELAXED,48,4.000000000000,1.100000000000,211.200000000000,212,0.018939393939,4.400000000000,0.400000000000,0.090909090909,0.001893939394,8,6,6,0,8,0,"5,7,11,13,17,19","5,7,11,13,17,19",-,"1,5,7,11,13,17,19,23",-,0.000000000,0.000000000,0.000000000,18.945376,13.866893,no,no
COMPARISON_RELAXED,49,4.000000000000,1.100000000000,215.600000000000,216,0.018552875696,4.400000000000,0.400000000000,0.090909090909,0.001855287570,21,15,15,0,21,0,"6,8,9,10,11,12,13,15,16,17,18,19,20,22,23","6,8,9,10,11,12,13,15,16,17,18,19,20,22,23",-,"1,2,3,4,5,6,8,9,10,11,12,13,15,16,17,18,19,20,22,23,24",-,0.000000000,0.000000000,0.000000000,18.945376,13.864522,no,no
COMPARISON_RELAXED,50,4.000000000000,1.100000000000,220.000000000000,220,0.018181818182,4.400000000000,0.400000000000,0.090909090909,0.001818181818,10,8,8,0,10,0,"7,9,11,13,17,19,21,23","7,9,11,13,17,19,21,23",-,"1,3,7,9,11,13,17,19,21,23",-,0.000000000,0.000000000,0.000000000,18.945376,13.862338,no,no
COMPARISON_RELAXED,5,4.000000000000,1.150000000000,23.000000000000,23,0.173913043478,4.600000000000,0.600000000000,0.130434782609,0.026086956522,2,2,2,0,2,2,"1,2","1,2",-,"1,2","1,2",2.378353332,0.983851423,1.681102378,19.326767,15.339699,no,yes
COMPARISON_RELAXED,6,4.000000000000,1.150000000000,27.600000000000,28,0.144927536232,4.600000000000,0.600000000000,0.130434782609,0.021739130435,1,1,1,0,1,1,1,1,-,1,1,1.713857746,1.713857746,1.713857746,19.326767,15.149237,no,yes
COMPARISON_RELAXED,7,4.000000000000,1.150000000000,32.200000000000,33,0.124223602484,4.600000000000,0.600000000000,0.130434782609,0.018633540373,3,3,3,0,3,3,"1,2,3","1,2,3",-,"1,2,3","1,2,3",1.280394982,0.428087895,0.846558165,19.326767,14.966778,no,yes
COMPARISON_RELAXED,8,4.000000000000,1.150000000000,36.800000000000,37,0.108695652174,4.600000000000,0.600000000000,0.130434782609,0.016304347826,2,2,2,0,2,2,"1,3","1,3",-,"1,3","1,3",0.987852390,0.486148438,0.737000414,19.326767,14.867360,no,yes
COMPARISON_RELAXED,9,4.000000000000,1.150000000000,41.400000000000,42,0.096618357488,4.600000000000,0.600000000000,0.130434782609,0.014492753623,3,3,3,0,3,3,"1,2,4","1,2,4",-,"1,2,4","1,2,4",0.783050122,0.239021129,0.508890534,19.326767,14.770167,no,yes
COMPARISON_RELAXED,10,4.000000000000,1.150000000000,46.000000000000,46,0.086956521739,4.600000000000,0.600000000000,0.130434782609,0.013043478261,2,1,1,0,2,1,3,3,-,"1,3",3,0.462729004,0.462729004,0.462729004,19.326767,14.709070,no,yes
COMPARISON_RELAXED,11,4.000000000000,1.150000000000,50.600000000000,51,0.079051383399,4.600000000000,0.600000000000,0.130434782609,0.011857707510,5,4,4,0,5,4,"2,3,4,5","2,3,4,5",-,"1,2,3,4,5","2,3,4,5",0.362336695,0.152401533,0.287564111,19.326767,14.648820,no,yes
COMPARISON_RELAXED,12,4.000000000000,1.150000000000,55.200000000000,56,0.072463768116,4.600000000000,0.600000000000,0.130434782609,0.010869565217,2,1,1,0,2,1,5,5,-,"1,5",5,0.146838468,0.146838468,0.146838468,19.326767,14.607461,no,yes
COMPARISON_RELAXED,13,4.000000000000,1.150000000000,59.800000000000,60,0.066889632107,4.600000000000,0.600000000000,0.130434782609,0.010033444816,6,5,5,0,6,5,"2,3,4,5,6","2,3,4,5,6",-,"1,2,3,4,5,6","2,3,4,5,6",0.318377844,0.105592322,0.215362501,19.326767,14.566491,no,yes
COMPARISON_RELAXED,14,4.000000000000,1.150000000000,64.400000000000,65,0.062111801242,4.600000000000,0.600000000000,0.130434782609,0.009316770186,3,2,2,0,3,2,"3,5","3,5",-,"1,3,5","3,5",0.244068103,0.221808327,0.232938215,19.326767,14.536633,no,yes
COMPARISON_RELAXED,15,4.000000000000,1.150000000000,69.000000000000,69,0.057971014493,4.600000000000,0.600000000000,0.130434782609,0.008695652174,4,3,3,0,4,3,"2,4,7","2,4,7",-,"1,2,4,7","2,4,7",0.231650334,0.077456853,0.148370796,19.326767,14.506979,no,yes
COMPARISON_RELAXED,16,4.000000000000,1.150000000000,73.600000000000,74,0.054347826087,4.600000000000,0.600000000000,0.130434782609,0.008152173913,4,3,3,0,4,3,"3,5,7","3,5,7",-,"1,3,5,7","3,5,7",0.242010238,0.062349192,0.158879504,19.326767,14.484409,no,yes
COMPARISON_RELAXED,17,4.000000000000,1.150000000000,78.200000000000,79,0.051150895141,4.600000000000,0.600000000000,0.130434782609,0.007672634271,8,7,7,0,8,7,"2,3,4,5,6,7,8","2,3,4,5,6,7,8",-,"1,2,3,4,5,6,7,8","2,3,4,5,6,7,8",0.196237930,0.059235052,0.130976834,19.326767,14.461957,no,yes
COMPARISON_RELAXED,18,4.000000000000,1.150000000000,82.800000000000,83,0.048309178744,4.600000000000,0.600000000000,0.130434782609,0.007246376812,3,2,2,0,3,2,"5,7","5,7",-,"1,5,7","5,7",0.130993911,0.100967188,0.115980550,19.326767,14.444298,no,yes
COMPARISON_RELAXED,19,4.000000000000,1.150000000000,87.400000000000,88,0.045766590389,4.600000000000,0.600000000000,0.130434782609,0.006864988558,9,7,7,0,9,7,"2,3,4,5,6,7,8","2,3,4,5,6,7,8",-,"1,2,3,4,5,6,7,8,9","2,3,4,5,6,7,8",0.194941009,0.057906784,0.118634049,19.326767,14.426710,no,yes
COMPARISON_RELAXED,20,4.000000000000,1.150000000000,92.000000000000,92,0.043478260870,4.600000000000,0.600000000000,0.130434782609,0.006521739130,4,3,3,0,4,2,"3,7,9","3,7,9",-,"1,3,7,9","3,7",0.163166236,0.090985299,0.127075767,19.326767,14.412515,no,yes
COMPARISON_RELAXED,21,4.000000000000,1.150000000000,96.600000000000,97,0.041407867495,4.600000000000,0.600000000000,0.130434782609,0.006211180124,6,3,3,0,6,3,"4,5,8","4,5,8",-,"1,2,4,5,8,10","4,5,8",0.150270612,0.067066670,0.112221335,19.326767,14.398367,no,yes
COMPARISON_RELAXED,22,4.000000000000,1.150000000000,101.200000000000,102,0.039525691700,4.600000000000,0.600000000000,0.130434782609,0.005928853755,5,4,4,0,5,4,"3,5,7,9","3,5,7,9",-,"1,3,5,7,9","3,5,7,9",0.163089603,0.065424949,0.097249659,19.326767,14.386709,no,yes
COMPARISON_RELAXED,23,4.000000000000,1.150000000000,105.800000000000,106,0.037807183365,4.600000000000,0.600000000000,0.130434782609,0.005671077505,11,8,8,0,11,7,"3,4,5,6,7,8,9,10","3,4,5,6,7,8,9,10",-,"1,2,3,4,5,6,7,8,9,10,11","3,4,5,6,7,8,9",0.139982563,0.062330290,0.093056164,19.326767,14.375082,no,yes
COMPARISON_RELAXED,24,4.000000000000,1.150000000000,110.400000000000,111,0.036231884058,4.600000000000,0.600000000000,0.130434782609,0.005434782609,4,3,3,0,4,2,"5,7,11","5,7,11",-,"1,5,7,11","5,7",0.104089722,0.083185138,0.093637430,19.326767,14.365336,no,yes
COMPARISON_RELAXED,25,4.000000000000,1.150000000000,115.000000000000,115,0.034782608696,4.600000000000,0.600000000000,0.130434782609,0.005217391304,10,7,7,0,10,6,"3,4,6,7,8,9,11","3,4,6,7,8,9,11",-,"1,2,3,4,6,7,8,9,11,12","3,4,6,7,8,9",0.140130260,0.051242159,0.086756828,19.326767,14.355611,no,yes
COMPARISON_RELAXED,26,4.000000000000,1.150000000000,119.600000000000,120,0.033444816054,4.600000000000,0.600000000000,0.130434782609,0.005016722408,6,5,5,0,6,3,"3,5,7,9,11","3,5,7,9,11",-,"1,3,5,7,9,11","5,7,9",0.122570438,0.061631201,0.091836361,19.326767,14.347343,no,yes
COMPARISON_RELAXED,27,4.000000000000,1.150000000000,124.200000000000,125,0.032206119163,4.600000000000,0.600000000000,0.130434782609,0.004830917874,9,6,6,0,9,5,"4,5,7,8,10,11","4,5,7,8,10,11",-,"1,2,4,5,7,8,10,11,13","4,5,7,8,11",0.111182337,0.051358132,0.066465486,19.326767,14.339090,no,yes
COMPARISON_RELAXED,28,4.000000000000,1.150000000000,128.800000000000,129,0.031055900621,4.600000000000,0.600000000000,0.130434782609,0.004658385093,6,5,5,0,6,2,"3,5,9,11,13","3,5,9,11,13",-,"1,3,5,9,11,13","9,11",0.122808066,0.055381344,0.089094705,19.326767,14.331986,no,yes
COMPARISON_RELAXED,29,4.000000000000,1.150000000000,133.400000000000,134,0.029985007496,4.600000000000,0.600000000000,0.130434782609,0.004497751124,14,11,11,0,14,6,"3,4,5,6,7,8,9,10,11,12,13","3,4,5,6,7,8,9,10,11,12,13",-,"1,2,3,4,5,6,7,8,9,10,11,12,13,14","4,5,6,7,8,10",0.109012242,0.050759390,0.076812370,19.326767,14.324894,no,yes
COMPARISON_RELAXED,30,4.000000000000,1.150000000000,138.000000000000,138,0.028985507246,4.600000000000,0.600000000000,0.130434782609,0.004347826087,4,3,3,0,4,0,"7,11,13","7,11,13",-,"1,7,11,13",-,0.000000000,0.000000000,0.000000000,19.326767,14.318725,no,no
COMPARISON_RELAXED,31,4.000000000000,1.150000000000,142.600000000000,143,0.028050490884,4.600000000000,0.600000000000,0.130434782609,0.004207573633,15,11,11,0,15,6,"4,5,6,7,8,9,10,11,12,13,14","4,5,6,7,8,9,10,11,12,13,14",-,"1,2,3,4,5,6,7,8,9,10,11,12,13,14,15","5,6,7,8,9,10",0.109280288,0.051135517,0.074364658,19.326767,14.312566,no,yes
COMPARISON_RELAXED,32,4.000000000000,1.150000000000,147.200000000000,148,0.027173913043,4.600000000000,0.600000000000,0.130434782609,0.004076086957,8,6,6,0,8,2,"5,7,9,11,13,15","5,7,9,11,13,15",-,"1,3,5,7,9,11,13,15","9,11",0.098155524,0.057399039,0.077777281,19.326767,14.307159,no,yes
COMPARISON_RELAXED,33,4.000000000000,1.150000000000,151.800000000000,152,0.026350461133,4.600000000000,0.600000000000,0.130434782609,0.003952569170,10,7,7,0,10,1,"4,5,7,8,10,13,14","4,5,7,8,10,13,14",-,"1,2,4,5,7,8,10,13,14,16",8,0.088223854,0.088223854,0.088223854,19.326767,14.301759,no,yes
COMPARISON_RELAXED,34,4.000000000000,1.150000000000,156.400000000000,157,0.025575447570,4.600000000000,0.600000000000,0.130434782609,0.003836317136,8,6,6,0,8,2,"5,7,9,11,13,15","5,7,9,11,13,15",-,"1,3,5,7,9,11,13,15","7,11",0.098426704,0.067914677,0.083170691,19.326767,14.296981,no,yes
COMPARISON_RELAXED,35,4.000000000000,1.150000000000,161.000000000000,161,0.024844720497,4.600000000000,0.600000000000,0.130434782609,0.003726708075,12,8,8,0,12,3,"4,6,8,9,11,12,13,16","4,6,8,9,11,12,13,16",-,"1,2,3,4,6,8,9,11,12,13,16,17","6,9,12",0.089265822,0.051802149,0.074536443,19.326767,14.292209,no,yes
COMPARISON_RELAXED,36,4.000000000000,1.150000000000,165.600000000000,166,0.024154589372,4.600000000000,0.600000000000,0.130434782609,0.003623188406,6,4,4,0,6,1,"5,7,11,13","5,7,11,13",-,"1,5,7,11,13,17",7,0.062149527,0.062149527,0.062149527,19.326767,14.287956,no,yes
COMPARISON_RELAXED,37,4.000000000000,1.150000000000,170.200000000000,171,0.023501762632,4.600000000000,0.600000000000,0.130434782609,0.003525264395,18,14,14,0,18,2,"4,5,6,7,8,9,10,11,12,13,14,15,16,17","4,5,6,7,8,9,10,11,12,13,14,15,16,17",-,"1,2,3,4,5,6,7,8,9,10,11,12,13,14,15,16,17,18","9,12",0.089527663,0.077546246,0.083536954,19.326767,14.283707,no,yes
COMPARISON_RELAXED,38,4.000000000000,1.150000000000,174.800000000000,175,0.022883295195,4.600000000000,0.600000000000,0.130434782609,0.003432494279,9,7,7,0,9,1,"5,7,9,11,13,15,17","5,7,9,11,13,15,17",-,"1,3,5,7,9,11,13,15,17",13,0.081852861,0.081852861,0.081852861,19.326767,14.279898,no,yes
COMPARISON_RELAXED,39,4.000000000000,1.150000000000,179.400000000000,180,0.022296544036,4.600000000000,0.600000000000,0.130434782609,0.003344481605,12,9,9,0,12,2,"4,5,7,8,10,11,14,16,17","4,5,7,8,10,11,14,16,17",-,"1,2,4,5,7,8,10,11,14,16,17,19","8,10",0.073120951,0.057851322,0.065486137,19.326767,14.276092,no,yes
COMPARISON_RELAXED,40,4.000000000000,1.150000000000,184.000000000000,184,0.021739130435,4.600000000000,0.600000000000,0.130434782609,0.003260869565,8,5,5,0,8,1,"7,9,11,13,17","7,9,11,13,17",-,"1,3,7,9,11,13,17,19",13,0.082100000,0.082100000,0.082100000,19.326767,14.272660,no,yes
COMPARISON_RELAXED,41,4.000000000000,1.150000000000,188.600000000000,189,0.021208907741,4.600000000000,0.600000000000,0.130434782609,0.003181336161,20,15,15,0,20,3,"5,6,7,8,9,10,11,12,13,14,15,16,17,18,19","5,6,7,8,9,10,11,12,13,14,15,16,17,18,19",-,"1,2,3,4,5,6,7,8,9,10,11,12,13,14,15,16,17,18,19,20","8,10,14",0.075576833,0.053596007,0.066115366,19.326767,14.269230,no,yes
COMPARISON_RELAXED,42,4.000000000000,1.150000000000,193.200000000000,194,0.020703933747,4.600000000000,0.600000000000,0.130434782609,0.003105590062,6,5,5,0,6,0,"5,11,13,17,19","5,11,13,17,19",-,"1,5,11,13,17,19",-,0.000000000,0.000000000,0.000000000,19.326767,14.266122,no,no
COMPARISON_RELAXED,43,4.000000000000,1.150000000000,197.800000000000,198,0.020222446916,4.600000000000,0.600000000000,0.130434782609,0.003033367037,21,16,16,0,21,2,"5,6,7,8,9,10,11,12,13,14,15,16,17,18,19,20","5,6,7,8,9,10,11,12,13,14,15,16,17,18,19,20",-,"1,2,3,4,5,6,7,8,9,10,11,12,13,14,15,16,17,18,19,20,21","11,14",0.075807405,0.065629834,0.070718619,19.326767,14.263016,no,yes
COMPARISON_RELAXED,44,4.000000000000,1.150000000000,202.400000000000,203,0.019762845850,4.600000000000,0.600000000000,0.130434782609,0.002964426877,10,7,7,0,10,2,"5,7,9,13,15,17,19","5,7,9,13,15,17,19",-,"1,3,5,7,9,13,15,17,19,21","9,15",0.070194775,0.050382821,0.060288798,19.326767,14.260187,no,yes
COMPARISON_RELAXED,45,4.000000000000,1.150000000000,207.000000000000,207,0.019323671498,4.600000000000,0.600000000000,0.130434782609,0.002898550725,12,8,8,0,12,1,"7,8,11,13,14,16,17,19","7,8,11,13,14,16,17,19",-,"1,2,4,7,8,11,13,14,16,17,19,22",11,0.062431619,0.062431619,0.062431619,19.326767,14.257361,no,yes
COMPARISON_RELAXED,46,4.000000000000,1.150000000000,211.600000000000,212,0.018903591682,4.600000000000,0.600000000000,0.130434782609,0.002835538752,11,9,9,0,11,1,"5,7,9,11,13,15,17,19,21","5,7,9,11,13,15,17,19,21",-,"1,3,5,7,9,11,13,15,17,19,21",15,0.070408646,0.070408646,0.070408646,19.326767,14.254777,no,yes
COMPARISON_RELAXED,47,4.000000000000,1.150000000000,216.200000000000,217,0.018501387604,4.600000000000,0.600000000000,0.130434782609,0.002775208141,23,18,18,0,23,2,"5,6,7,8,9,10,11,12,13,14,15,16,17,18,19,20,21,22","5,6,7,8,9,10,11,12,13,14,15,16,17,18,19,20,21,22",-,"1,2,3,4,5,6,7,8,9,10,11,12,13,14,15,16,17,18,19,20,21,22,23","12,16",0.065528359,0.059530524,0.062529442,19.326767,14.252194,no,yes
COMPARISON_RELAXED,48,4.000000000000,1.150000000000,220.800000000000,221,0.018115942029,4.600000000000,0.600000000000,0.130434782609,0.002717391304,8,6,6,0,8,0,"5,7,11,13,17,19","5,7,11,13,17,19",-,"1,5,7,11,13,17,19,23",-,0.000000000,0.000000000,0.000000000,19.326767,14.249823,no,no
COMPARISON_RELAXED,49,4.000000000000,1.150000000000,225.400000000000,226,0.017746228926,4.600000000000,0.600000000000,0.130434782609,0.002661934339,21,15,15,0,21,2,"6,8,9,10,11,12,13,15,16,17,18,19,20,22,23","6,8,9,10,11,12,13,15,16,17,18,19,20,22,23",-,"1,2,3,4,5,6,8,9,10,11,12,13,15,16,17,18,19,20,22,23,24","12,16",0.065726225,0.056886992,0.061306608,19.326767,14.247454,no,yes
COMPARISON_RELAXED,50,4.000000000000,1.150000000000,230.000000000000,230,0.017391304348,4.600000000000,0.600000000000,0.130434782609,0.002608695652,10,8,8,0,10,1,"7,9,11,13,17,19,21,23","7,9,11,13,17,19,21,23",-,"1,3,7,9,11,13,17,19,21,23",17,0.061443734,0.061443734,0.061443734,19.326767,14.245271,no,yes
COMPARISON_RELAXED,5,4.000000000000,1.200000000000,24.000000000000,24,0.166666666667,4.800000000000,0.800000000000,0.166666666667,0.033333333333,2,2,2,0,2,2,"1,2","1,2",-,"1,2","1,2",3.014761936,1.249762008,2.132261972,19.692295,15.705851,no,yes
COMPARISON_RELAXED,6,4.000000000000,1.200000000000,28.800000000000,29,0.138888888889,4.800000000000,0.800000000000,0.166666666667,0.027777777778,1,1,1,0,1,1,1,1,-,1,1,2.166450586,2.166450586,2.166450586,19.692295,15.515520,no,yes
COMPARISON_RELAXED,7,4.000000000000,1.200000000000,33.600000000000,34,0.119047619048,4.800000000000,0.800000000000,0.166666666667,0.023809523810,3,3,3,0,3,3,"1,2,3","1,2,3",-,"1,2,3","1,2,3",1.615593269,0.541099495,1.072767842,19.692295,15.333181,no,yes
COMPARISON_RELAXED,8,4.000000000000,1.200000000000,38.400000000000,39,0.104166666667,4.800000000000,0.800000000000,0.166666666667,0.020833333333,2,2,2,0,2,2,"1,3","1,3",-,"1,3","1,3",1.244903553,0.622302042,0.933602798,19.692295,15.233831,no,yes
COMPARISON_RELAXED,9,4.000000000000,1.200000000000,43.200000000000,44,0.092592592593,4.800000000000,0.800000000000,0.166666666667,0.018518518519,3,3,3,0,3,3,"1,2,4","1,2,4",-,"1,2,4","1,2,4",0.985912857,0.301394567,0.644038934,19.692295,15.136703,no,yes
COMPARISON_RELAXED,10,4.000000000000,1.200000000000,48.000000000000,48,0.083333333333,4.800000000000,0.800000000000,0.166666666667,0.016666666667,2,1,1,0,2,1,3,3,-,"1,3",3,0.590812111,0.590812111,0.590812111,19.692295,15.075647,no,yes
COMPARISON_RELAXED,11,4.000000000000,1.200000000000,52.800000000000,53,0.075757575758,4.800000000000,0.800000000000,0.166666666667,0.015151515152,5,4,4,0,5,4,"2,3,4,5","2,3,4,5",-,"1,2,3,4,5","2,3,4,5",0.463046747,0.191903929,0.366951382,19.692295,15.015437,no,yes
COMPARISON_RELAXED,12,4.000000000000,1.200000000000,57.600000000000,58,0.069444444444,4.800000000000,0.800000000000,0.166666666667,0.013888888889,2,1,1,0,2,1,5,5,-,"1,5",5,0.187799546,0.187799546,0.187799546,19.692295,14.974106,no,yes
COMPARISON_RELAXED,13,4.000000000000,1.200000000000,62.400000000000,63,0.064102564103,4.800000000000,0.800000000000,0.166666666667,0.012820512821,6,5,5,0,6,5,"2,3,4,5,6","2,3,4,5,6",-,"1,2,3,4,5,6","2,3,4,5,6",0.406485068,0.132842203,0.274686307,19.692295,14.933164,no,yes
COMPARISON_RELAXED,14,4.000000000000,1.200000000000,67.200000000000,68,0.059523809524,4.800000000000,0.800000000000,0.166666666667,0.011904761905,3,2,2,0,3,2,"3,5","3,5",-,"1,3,5","3,5",0.312342216,0.283371887,0.297857051,19.692295,14.903325,no,yes
COMPARISON_RELAXED,15,4.000000000000,1.200000000000,72.000000000000,72,0.055555555556,4.800000000000,0.800000000000,0.166666666667,0.011111111111,4,3,3,0,4,3,"2,4,7","2,4,7",-,"1,2,4,7","2,4,7",0.296030714,0.097384850,0.189073396,19.692295,14.873691,no,yes
COMPARISON_RELAXED,16,4.000000000000,1.200000000000,76.800000000000,77,0.052083333333,4.800000000000,0.800000000000,0.166666666667,0.010416666667,4,3,3,0,4,3,"3,5,7","3,5,7",-,"1,3,5,7","3,5,7",0.308993188,0.079711392,0.202969272,19.692295,14.851136,no,yes
COMPARISON_RELAXED,17,4.000000000000,1.200000000000,81.600000000000,82,0.049019607843,4.800000000000,0.800000000000,0.166666666667,0.009803921569,8,7,7,0,8,7,"2,3,4,5,6,7,8","2,3,4,5,6,7,8",-,"1,2,3,4,5,6,7,8","2,3,4,5,6,7,8",0.250772360,0.074440691,0.167248344,19.692295,14.828699,no,yes
COMPARISON_RELAXED,18,4.000000000000,1.200000000000,86.400000000000,87,0.046296296296,4.800000000000,0.800000000000,0.166666666667,0.009259259259,3,2,2,0,3,2,"5,7","5,7",-,"1,5,7","5,7",0.167370837,0.128892702,0.148131770,19.692295,14.811051,no,yes
COMPARISON_RELAXED,19,4.000000000000,1.200000000000,91.200000000000,92,0.043859649123,4.800000000000,0.800000000000,0.166666666667,0.008771929825,9,7,7,0,9,7,"2,3,4,5,6,7,8","2,3,4,5,6,7,8",-,"1,2,3,4,5,6,7,8,9","2,3,4,5,6,7,8",0.248908948,0.073942906,0.151557255,19.692295,14.793475,no,yes
COMPARISON_RELAXED,20,4.000000000000,1.200000000000,96.000000000000,96,0.041666666667,4.800000000000,0.800000000000,0.166666666667,0.008333333333,4,3,3,0,4,2,"3,7,9","3,7,9",-,"1,3,7,9","3,7",0.208722382,0.116226950,0.162474666,19.692295,14.779290,no,yes
COMPARISON_RELAXED,21,4.000000000000,1.200000000000,100.800000000000,101,0.039682539683,4.800000000000,0.800000000000,0.166666666667,0.007936507937,6,3,3,0,6,3,"4,5,8","4,5,8",-,"1,2,4,5,8,10","4,5,8",0.192025774,0.085720180,0.143420924,19.692295,14.765151,no,yes
COMPARISON_RELAXED,22,4.000000000000,1.200000000000,105.600000000000,106,0.037878787879,4.800000000000,0.800000000000,0.166666666667,0.007575757576,5,4,4,0,5,4,"3,5,7,9","3,5,7,9",-,"1,3,5,7,9","3,5,7,9",0.208250782,0.083692787,0.124258890,19.692295,14.753500,no,yes
COMPARISON_RELAXED,23,4.000000000000,1.200000000000,110.400000000000,111,0.036231884058,4.800000000000,0.800000000000,0.166666666667,0.007246376812,11,8,8,0,11,7,"3,4,5,6,7,8,9,10","3,4,5,6,7,8,9,10",-,"1,2,3,4,5,6,7,8,9,10,11","3,4,5,6,7,8,9",0.179040700,0.079622640,0.118913332,19.692295,14.741881,no,yes
COMPARISON_RELAXED,24,4.000000000000,1.200000000000,115.200000000000,116,0.034722222222,4.800000000000,0.800000000000,0.166666666667,0.006944444444,4,3,3,0,4,2,"5,7,11","5,7,11",-,"1,5,7,11","5,7",0.132978081,0.106303266,0.119640673,19.692295,14.732141,no,yes
COMPARISON_RELAXED,25,4.000000000000,1.200000000000,120.000000000000,120,0.033333333333,4.800000000000,0.800000000000,0.166666666667,0.006666666667,10,7,7,0,10,6,"3,4,6,7,8,9,11","3,4,6,7,8,9,11",-,"1,2,3,4,6,7,8,9,11,12","3,4,6,7,8,9",0.178942658,0.065471235,0.110845179,19.692295,14.722423,no,yes
COMPARISON_RELAXED,26,4.000000000000,1.200000000000,124.800000000000,125,0.032051282051,4.800000000000,0.800000000000,0.166666666667,0.006410256410,6,5,5,0,6,4,"3,5,7,9,11","3,5,7,9,11",-,"1,3,5,7,9,11","3,5,7,9",0.156752918,0.056666120,0.102217165,19.692295,14.714160,no,yes
COMPARISON_RELAXED,27,4.000000000000,1.200000000000,129.600000000000,130,0.030864197531,4.800000000000,0.800000000000,0.166666666667,0.006172839506,9,6,6,0,9,6,"4,5,7,8,10,11","4,5,7,8,10,11",-,"1,2,4,5,7,8,10,11,13","4,5,7,8,10,11",0.142072784,0.062556999,0.081206534,19.692295,14.705912,no,yes
COMPARISON_RELAXED,28,4.000000000000,1.200000000000,134.400000000000,135,0.029761904762,4.800000000000,0.800000000000,0.166666666667,0.005952380952,6,5,5,0,6,3,"3,5,9,11,13","3,5,9,11,13",-,"1,3,5,9,11,13","5,9,11",0.156829708,0.063085803,0.096874575,19.692295,14.698813,no,yes
COMPARISON_RELAXED,29,4.000000000000,1.200000000000,139.200000000000,140,0.028735632184,4.800000000000,0.800000000000,0.166666666667,0.005747126437,14,11,11,0,14,8,"3,4,5,6,7,8,9,10,11,12,13","3,4,5,6,7,8,9,10,11,12,13",-,"1,2,3,4,5,6,7,8,9,10,11,12,13,14","4,5,6,7,8,9,10,11",0.139401251,0.053662016,0.087640141,19.692295,14.691726,no,yes
COMPARISON_RELAXED,30,4.000000000000,1.200000000000,144.000000000000,144,0.027777777778,4.800000000000,0.800000000000,0.166666666667,0.005555555556,4,3,3,0,4,1,"7,11,13","7,11,13",-,"1,7,11,13",7,0.058904145,0.058904145,0.058904145,19.692295,14.685561,no,yes
COMPARISON_RELAXED,31,4.000000000000,1.200000000000,148.800000000000,149,0.026881720430,4.800000000000,0.800000000000,0.166666666667,0.005376344086,15,11,11,0,15,7,"4,5,6,7,8,9,10,11,12,13,14","4,5,6,7,8,9,10,11,12,13,14",-,"1,2,3,4,5,6,7,8,9,10,11,12,13,14,15","4,5,6,7,8,9,10",0.139559893,0.051494977,0.088799838,19.692295,14.679405,no,yes
COMPARISON_RELAXED,32,4.000000000000,1.200000000000,153.600000000000,154,0.026041666667,4.800000000000,0.800000000000,0.166666666667,0.005208333333,8,6,6,0,8,4,"5,7,9,11,13,15","5,7,9,11,13,15",-,"1,3,5,7,9,11,13,15","7,9,11,13",0.125508932,0.054084258,0.078741507,19.692295,14.674002,no,yes
COMPARISON_RELAXED,33,4.000000000000,1.200000000000,158.400000000000,159,0.025252525253,4.800000000000,0.800000000000,0.166666666667,0.005050505051,10,7,7,0,10,3,"4,5,7,8,10,13,14","4,5,7,8,10,13,14",-,"1,2,4,5,7,8,10,13,14,16","8,10,13",0.112734068,0.053799372,0.074713087,19.692295,14.668605,no,yes
COMPARISON_RELAXED,34,4.000000000000,1.200000000000,163.200000000000,164,0.024509803922,4.800000000000,0.800000000000,0.166666666667,0.004901960784,8,6,6,0,8,3,"5,7,9,11,13,15","5,7,9,11,13,15",-,"1,3,5,7,9,11,13,15","5,7,11",0.125703436,0.055201792,0.089223740,19.692295,14.663831,no,yes
COMPARISON_RELAXED,35,4.000000000000,1.200000000000,168.000000000000,168,0.023809523810,4.800000000000,0.800000000000,0.166666666667,0.004761904762,12,8,8,0,12,3,"4,6,8,9,11,12,13,16","4,6,8,9,11,12,13,16",-,"1,2,3,4,6,8,9,11,12,13,16,17","6,9,12",0.114135010,0.066176222,0.095261253,19.692295,14.659061,no,yes
COMPARISON_RELAXED,36,4.000000000000,1.200000000000,172.800000000000,173,0.023148148148,4.800000000000,0.800000000000,0.166666666667,0.004629629630,6,4,4,0,6,1,"5,7,11,13","5,7,11,13",-,"1,5,7,11,13,17",7,0.079428453,0.079428453,0.079428453,19.692295,14.654811,no,yes
COMPARISON_RELAXED,37,4.000000000000,1.200000000000,177.600000000000,178,0.022522522523,4.800000000000,0.800000000000,0.166666666667,0.004504504505,18,14,14,0,18,3,"4,5,6,7,8,9,10,11,12,13,14,15,16,17","4,5,6,7,8,9,10,11,12,13,14,15,16,17",-,"1,2,3,4,5,6,7,8,9,10,11,12,13,14,15,16,17,18","6,9,12",0.114341834,0.059997363,0.091142875,19.692295,14.650566,no,yes
COMPARISON_RELAXED,38,4.000000000000,1.200000000000,182.400000000000,183,0.021929824561,4.800000000000,0.800000000000,0.166666666667,0.004385964912,9,7,7,0,9,2,"5,7,9,11,13,15,17","5,7,9,11,13,15,17",-,"1,3,5,7,9,11,13,15,17","11,13",0.104651488,0.058499031,0.081575259,19.692295,14.646759,no,yes
COMPARISON_RELAXED,39,4.000000000000,1.200000000000,187.200000000000,188,0.021367521368,4.800000000000,0.800000000000,0.166666666667,0.004273504274,12,9,9,0,12,3,"4,5,7,8,10,11,14,16,17","4,5,7,8,10,11,14,16,17",-,"1,2,4,5,7,8,10,11,14,16,17,19","8,10,11",0.093434514,0.057238751,0.074861204,19.692295,14.642955,no,yes
COMPARISON_RELAXED,40,4.000000000000,1.200000000000,192.000000000000,192,0.020833333333,4.800000000000,0.800000000000,0.166666666667,0.004166666667,8,5,5,0,8,1,"7,9,11,13,17","7,9,11,13,17",-,"1,3,7,9,11,13,17,19",13,0.104858412,0.104858412,0.104858412,19.692295,14.639525,no,yes
COMPARISON_RELAXED,41,4.000000000000,1.200000000000,196.800000000000,197,0.020325203252,4.800000000000,0.800000000000,0.166666666667,0.004065040650,20,15,15,0,20,4,"5,6,7,8,9,10,11,12,13,14,15,16,17,18,19","5,6,7,8,9,10,11,12,13,14,15,16,17,18,19",-,"1,2,3,4,5,6,7,8,9,10,11,12,13,14,15,16,17,18,19,20","7,8,10,14",0.096623178,0.054707812,0.077054092,19.692295,14.636098,no,yes
COMPARISON_RELAXED,42,4.000000000000,1.200000000000,201.600000000000,202,0.019841269841,4.800000000000,0.800000000000,0.166666666667,0.003968253968,6,5,5,0,6,0,"5,11,13,17,19","5,11,13,17,19",-,"1,5,11,13,17,19",-,0.000000000,0.000000000,0.000000000,19.692295,14.632991,no,no
COMPARISON_RELAXED,43,4.000000000000,1.200000000000,206.400000000000,207,0.019379844961,4.800000000000,0.800000000000,0.166666666667,0.003875968992,21,16,16,0,21,3,"5,6,7,8,9,10,11,12,13,14,15,16,17,18,19,20","5,6,7,8,9,10,11,12,13,14,15,16,17,18,19,20",-,"1,2,3,4,5,6,7,8,9,10,11,12,13,14,15,16,17,18,19,20,21","7,11,14",0.096823925,0.050383224,0.077023043,19.692295,14.629887,no,yes
COMPARISON_RELAXED,44,4.000000000000,1.200000000000,211.200000000000,212,0.018939393939,4.800000000000,0.800000000000,0.166666666667,0.003787878788,10,7,7,0,10,2,"5,7,9,13,15,17,19","5,7,9,13,15,17,19",-,"1,3,5,7,9,13,15,17,19,21","9,15",0.089738968,0.064369434,0.077054201,19.692295,14.627061,no,yes
COMPARISON_RELAXED,45,4.000000000000,1.200000000000,216.000000000000,216,0.018518518519,4.800000000000,0.800000000000,0.166666666667,0.003703703704,12,8,8,0,12,1,"7,8,11,13,14,16,17,19","7,8,11,13,14,16,17,19",-,"1,2,4,7,8,11,13,14,16,17,19,22",11,0.079775166,0.079775166,0.079775166,19.692295,14.624236,no,yes
COMPARISON_RELAXED,46,4.000000000000,1.200000000000,220.800000000000,221,0.018115942029,4.800000000000,0.800000000000,0.166666666667,0.003623188406,11,9,9,0,11,2,"5,7,9,11,13,15,17,19,21","5,7,9,11,13,15,17,19,21",-,"1,3,5,7,9,11,13,15,17,19,21","9,15",0.089930471,0.060209224,0.075069847,19.692295,14.621653,no,yes
COMPARISON_RELAXED,47,4.000000000000,1.200000000000,225.600000000000,226,0.017730496454,4.800000000000,0.800000000000,0.166666666667,0.003546099291,23,18,18,0,23,2,"5,6,7,8,9,10,11,12,13,14,15,16,17,18,19,20,21,22","5,6,7,8,9,10,11,12,13,14,15,16,17,18,19,20,21,22",-,"1,2,3,4,5,6,7,8,9,10,11,12,13,14,15,16,17,18,19,20,21,22,23","12,16",0.083770540,0.076068037,0.079919289,19.692295,14.619072,no,yes
COMPARISON_RELAXED,48,4.000000000000,1.200000000000,230.400000000000,231,0.017361111111,4.800000000000,0.800000000000,0.166666666667,0.003472222222,8,6,6,0,8,0,"5,7,11,13,17,19","5,7,11,13,17,19",-,"1,5,7,11,13,17,19,23",-,0.000000000,0.000000000,0.000000000,19.692295,14.616703,no,no
COMPARISON_RELAXED,49,4.000000000000,1.200000000000,235.200000000000,236,0.017006802721,4.800000000000,0.800000000000,0.166666666667,0.003401360544,21,15,15,0,21,3,"6,8,9,10,11,12,13,15,16,17,18,19,20,22,23","6,8,9,10,11,12,13,15,16,17,18,19,20,22,23",-,"1,2,3,4,5,6,8,9,10,11,12,13,15,16,17,18,19,20,22,23,24","10,12,16",0.083951495,0.057008379,0.071216639,19.692295,14.614335,no,yes
COMPARISON_RELAXED,50,4.000000000000,1.200000000000,240.000000000000,240,0.016666666667,4.800000000000,0.800000000000,0.166666666667,0.003333333333,10,8,8,0,10,1,"7,9,11,13,17,19,21,23","7,9,11,13,17,19,21,23",-,"1,3,7,9,11,13,17,19,21,23",17,0.078546544,0.078546544,0.078546544,19.692295,14.612154,no,yes
COMPARISON_RELAXED,5,4.000000000000,1.300000000000,26.000000000000,26,0.153846153846,5.200000000000,1.200000000000,0.230769230769,0.046153846154,2,2,2,0,2,2,"1,2","1,2",-,"1,2","1,2",4.109363531,1.711815969,2.910589750,20.380635,16.395230,no,yes
COMPARISON_RELAXED,6,4.000000000000,1.300000000000,31.200000000000,32,0.128205128205,5.200000000000,1.200000000000,0.230769230769,0.038461538462,1,1,1,0,1,1,1,1,-,1,1,2.939360676,2.939360676,2.939360676,20.380635,16.205117,no,yes
COMPARISON_RELAXED,7,4.000000000000,1.300000000000,36.400000000000,37,0.109890109890,5.200000000000,1.200000000000,0.230769230769,0.032967032967,3,3,3,0,3,3,"1,2,3","1,2,3",-,"1,2,3","1,2,3",2.185258617,0.734642972,1.462854973,20.380635,16.022979,no,yes
COMPARISON_RELAXED,8,4.000000000000,1.300000000000,41.600000000000,42,0.096153846154,5.200000000000,1.200000000000,0.230769230769,0.028846153846,2,2,2,0,2,2,"1,3","1,3",-,"1,3","1,3",1.680257932,0.864325104,1.272291518,20.380635,15.923742,no,yes
COMPARISON_RELAXED,9,4.000000000000,1.300000000000,46.800000000000,47,0.085470085470,5.200000000000,1.200000000000,0.230769230769,0.025641025641,3,3,3,0,3,3,"1,2,4","1,2,4",-,"1,2,4","1,2,4",1.328618617,0.407424184,0.876311601,20.380635,15.826722,no,yes
COMPARISON_RELAXED,10,4.000000000000,1.300000000000,52.000000000000,52,0.076923076923,5.200000000000,1.200000000000,0.230769230769,0.023076923077,2,1,1,0,2,1,3,3,-,"1,3",3,0.816909594,0.816909594,0.816909594,20.380635,15.765735,no,yes
COMPARISON_RELAXED,11,4.000000000000,1.300000000000,57.200000000000,58,0.069930069930,5.200000000000,1.200000000000,0.230769230769,0.020979020979,5,4,4,0,5,4,"2,3,4,5","2,3,4,5",-,"1,2,3,4,5","2,3,4,5",0.641280412,0.258759228,0.506869021,20.380635,15.705593,no,yes
COMPARISON_RELAXED,12,4.000000000000,1.300000000000,62.400000000000,63,0.064102564103,5.200000000000,1.200000000000,0.230769230769,0.019230769231,2,1,1,0,2,1,5,5,-,"1,5",5,0.260450542,0.260450542,0.260450542,20.380635,15.664307,no,yes
COMPARISON_RELAXED,13,4.000000000000,1.300000000000,67.600000000000,68,0.059171597633,5.200000000000,1.200000000000,0.230769230769,0.017751479290,6,5,5,0,6,5,"2,3,4,5,6","2,3,4,5,6",-,"1,2,3,4,5,6","2,3,4,5,6",0.562002146,0.178827588,0.379105847,20.380635,15.623410,no,yes
COMPARISON_RELAXED,14,4.000000000000,1.300000000000,72.800000000000,73,0.054945054945,5.200000000000,1.200000000000,0.230769230769,0.016483516484,3,2,2,0,3,2,"3,5","3,5",-,"1,3,5","3,5",0.433634986,0.392236373,0.412935679,20.380635,15.593605,no,yes
COMPARISON_RELAXED,15,4.000000000000,1.300000000000,78.000000000000,78,0.051282051282,5.200000000000,1.200000000000,0.230769230769,0.015384615385,4,3,3,0,4,3,"2,4,7","2,4,7",-,"1,2,4,7","2,4,7",0.409965976,0.130945775,0.260537656,20.380635,15.564004,no,yes
COMPARISON_RELAXED,16,4.000000000000,1.300000000000,83.200000000000,84,0.048076923077,5.200000000000,1.200000000000,0.230769230769,0.014423076923,4,3,3,0,4,3,"3,5,7","3,5,7",-,"1,3,5,7","3,5,7",0.427237171,0.110474601,0.280925236,20.380635,15.541474,no,yes
COMPARISON_RELAXED,17,4.000000000000,1.300000000000,88.400000000000,89,0.045248868778,5.200000000000,1.200000000000,0.230769230769,0.013574660633,8,7,7,0,8,7,"2,3,4,5,6,7,8","2,3,4,5,6,7,8",-,"1,2,3,4,5,6,7,8","2,3,4,5,6,7,8",0.347279298,0.100010042,0.231301028,20.380635,15.519061,no,yes
COMPARISON_RELAXED,18,4.000000000000,1.300000000000,93.600000000000,94,0.042735042735,5.200000000000,1.200000000000,0.230769230769,0.012820512821,3,2,2,0,3,2,"5,7","5,7",-,"1,5,7","5,7",0.231718600,0.178169874,0.204944237,20.380635,15.501433,no,yes
COMPARISON_RELAXED,19,4.000000000000,1.300000000000,98.800000000000,99,0.040485829960,5.200000000000,1.200000000000,0.230769230769,0.012145748988,9,7,7,0,9,7,"2,3,4,5,6,7,8","2,3,4,5,6,7,8",-,"1,2,3,4,5,6,7,8,9","2,3,4,5,6,7,8",0.344192682,0.102262030,0.209772234,20.380635,15.483876,no,yes
COMPARISON_RELAXED,20,4.000000000000,1.300000000000,104.000000000000,104,0.038461538462,5.200000000000,1.200000000000,0.230769230769,0.011538461538,4,3,3,0,4,3,"3,7,9","3,7,9",-,"1,3,7,9","3,7,9",0.289566105,0.056700733,0.169039235,20.380635,15.469707,no,yes
COMPARISON_RELAXED,21,4.000000000000,1.300000000000,109.200000000000,110,0.036630036630,5.200000000000,1.200000000000,0.230769230769,0.010989010989,6,3,3,0,6,3,"4,5,8","4,5,8",-,"1,2,4,5,8,10","4,5,8",0.265913178,0.118747840,0.198648256,20.380635,15.455583,no,yes
COMPARISON_RELAXED,22,4.000000000000,1.300000000000,114.400000000000,115,0.034965034965,5.200000000000,1.200000000000,0.230769230769,0.010489510490,5,4,4,0,5,4,"3,5,7,9","3,5,7,9",-,"1,3,5,7,9","3,5,7,9",0.287998209,0.116112862,0.172038832,20.380635,15.443945,no,yes
COMPARISON_RELAXED,23,4.000000000000,1.300000000000,119.600000000000,120,0.033444816054,5.200000000000,1.200000000000,0.230769230769,0.010033444816,11,8,8,0,11,8,"3,4,5,6,7,8,9,10","3,4,5,6,7,8,9,10",-,"1,2,3,4,5,6,7,8,9,10,11","3,4,5,6,7,8,9,10",0.248327053,0.064847173,0.152191147,20.380635,15.432338,no,yes
COMPARISON_RELAXED,24,4.000000000000,1.300000000000,124.800000000000,125,0.032051282051,5.200000000000,1.200000000000,0.230769230769,0.009615384615,4,3,3,0,4,2,"5,7,11","5,7,11",-,"1,5,7,11","5,7",0.184060710,0.147216271,0.165638491,20.380635,15.422609,no,yes
COMPARISON_RELAXED,25,4.000000000000,1.300000000000,130.000000000000,130,0.030769230769,5.200000000000,1.200000000000,0.230769230769,0.009230769231,10,7,7,0,10,6,"3,4,6,7,8,9,11","3,4,6,7,8,9,11",-,"1,2,3,4,6,7,8,9,11,12","3,4,6,7,8,9",0.247489098,0.090640540,0.153451083,20.380635,15.412902,no,yes
COMPARISON_RELAXED,26,4.000000000000,1.300000000000,135.200000000000,136,0.029585798817,5.200000000000,1.200000000000,0.230769230769,0.008875739645,6,5,5,0,6,5,"3,5,7,9,11","3,5,7,9,11",-,"1,3,5,7,9,11","3,5,7,9,11",0.217372202,0.063026055,0.125902754,20.380635,15.404647,no,yes
COMPARISON_RELAXED,27,4.000000000000,1.300000000000,140.400000000000,141,0.028490028490,5.200000000000,1.200000000000,0.230769230769,0.008547008547,9,6,6,0,9,6,"4,5,7,8,10,11","4,5,7,8,10,11",-,"1,2,4,5,7,8,10,11,13","4,5,7,8,10,11",0.196731386,0.086572980,0.112449240,20.380635,15.396409,no,yes
COMPARISON_RELAXED,28,4.000000000000,1.300000000000,145.600000000000,146,0.027472527473,5.200000000000,1.200000000000,0.230769230769,0.008241758242,6,5,5,0,6,4,"3,5,9,11,13","3,5,9,11,13",-,"1,3,5,9,11,13","3,5,9,11",0.216923000,0.066209917,0.117064086,20.380635,15.389317,no,yes
COMPARISON_RELAXED,29,4.000000000000,1.300000000000,150.800000000000,151,0.026525198939,5.200000000000,1.200000000000,0.230769230769,0.007957559682,14,11,11,0,14,9,"3,4,5,6,7,8,9,10,11,12,13","3,4,5,6,7,8,9,10,11,12,13",-,"1,2,3,4,5,6,7,8,9,10,11,12,13,14","3,4,5,6,7,8,9,10,11",0.193280296,0.057638966,0.114299877,20.380635,15.382238,no,yes
COMPARISON_RELAXED,30,4.000000000000,1.300000000000,156.000000000000,156,0.025641025641,5.200000000000,1.200000000000,0.230769230769,0.007692307692,4,3,3,0,4,2,"7,11,13","7,11,13",-,"1,7,11,13","7,11",0.081558471,0.064499369,0.073028920,20.380635,15.376080,no,yes
COMPARISON_RELAXED,31,4.000000000000,1.300000000000,161.200000000000,162,0.024813895782,5.200000000000,1.200000000000,0.230769230769,0.007444168734,15,11,11,0,15,9,"4,5,6,7,8,9,10,11,12,13,14","4,5,6,7,8,9,10,11,12,13,14",-,"1,2,3,4,5,6,7,8,9,10,11,12,13,14,15","4,5,6,7,8,9,10,11,12",0.193049669,0.050481623,0.107918247,20.380635,15.369930,no,yes
COMPARISON_RELAXED,32,4.000000000000,1.300000000000,166.400000000000,167,0.024038461538,5.200000000000,1.200000000000,0.230769230769,0.007211538462,8,6,6,0,8,5,"5,7,9,11,13,15","5,7,9,11,13,15",-,"1,3,5,7,9,11,13,15","5,7,9,11,13",0.173996410,0.060989741,0.099483843,20.380635,15.364533,no,yes
COMPARISON_RELAXED,33,4.000000000000,1.300000000000,171.600000000000,172,0.023310023310,5.200000000000,1.200000000000,0.230769230769,0.006993006993,10,7,7,0,10,6,"4,5,7,8,10,13,14","4,5,7,8,10,13,14",-,"1,2,4,5,7,8,10,13,14,16","4,5,7,8,10,13",0.156101780,0.056807838,0.082658640,20.380635,15.359142,no,yes
COMPARISON_RELAXED,34,4.000000000000,1.300000000000,176.800000000000,177,0.022624434389,5.200000000000,1.200000000000,0.230769230769,0.006787330317,8,6,6,0,8,4,"5,7,9,11,13,15","5,7,9,11,13,15",-,"1,3,5,7,9,11,13,15","5,7,9,11",0.173893440,0.063321881,0.108428890,20.380635,15.354373,no,yes
COMPARISON_RELAXED,35,4.000000000000,1.300000000000,182.000000000000,182,0.021978021978,5.200000000000,1.200000000000,0.230769230769,0.006593406593,12,8,8,0,12,7,"4,6,8,9,11,12,13,16","4,6,8,9,11,12,13,16",-,"1,2,3,4,6,8,9,11,12,13,16,17","4,6,8,9,11,12,13",0.158211673,0.050873018,0.089271026,20.380635,15.349608,no,yes
COMPARISON_RELAXED,36,4.000000000000,1.300000000000,187.200000000000,188,0.021367521368,5.200000000000,1.200000000000,0.230769230769,0.006410256410,6,4,4,0,6,4,"5,7,11,13","5,7,11,13",-,"1,5,7,11,13,17","5,7,11,13",0.110014894,0.050444585,0.071481809,20.380635,15.345363,no,yes
COMPARISON_RELAXED,37,4.000000000000,1.300000000000,192.400000000000,193,0.020790020790,5.200000000000,1.200000000000,0.230769230769,0.006237006237,18,14,14,0,18,9,"4,5,6,7,8,9,10,11,12,13,14,15,16,17","4,5,6,7,8,9,10,11,12,13,14,15,16,17",-,"1,2,3,4,5,6,7,8,9,10,11,12,13,14,15,16,17,18","6,7,8,9,10,11,12,14,15",0.158185151,0.050046453,0.080941977,20.380635,15.341122,no,yes
COMPARISON_RELAXED,38,4.000000000000,1.300000000000,197.600000000000,198,0.020242914980,5.200000000000,1.200000000000,0.230769230769,0.006072874494,9,7,7,0,9,5,"5,7,9,11,13,15,17","5,7,9,11,13,15,17",-,"1,3,5,7,9,11,13,15,17","7,9,11,13,15",0.145052823,0.050594778,0.079941179,20.380635,15.337319,no,yes
COMPARISON_RELAXED,39,4.000000000000,1.300000000000,202.800000000000,203,0.019723865878,5.200000000000,1.200000000000,0.230769230769,0.005917159763,12,9,9,0,12,5,"4,5,7,8,10,11,14,16,17","4,5,7,8,10,11,14,16,17",-,"1,2,4,5,7,8,10,11,14,16,17,19","5,7,8,10,11",0.129376026,0.052620173,0.083348305,20.380635,15.333519,no,yes
COMPARISON_RELAXED,40,4.000000000000,1.300000000000,208.000000000000,208,0.019230769231,5.200000000000,1.200000000000,0.230769230769,0.005769230769,8,5,5,0,8,3,"7,9,11,13,17","7,9,11,13,17",-,"1,3,7,9,11,13,17,19","9,11,13",0.145072688,0.056126346,0.088449067,20.380635,15.330093,no,yes
COMPARISON_RELAXED,41,4.000000000000,1.300000000000,213.200000000000,214,0.018761726079,5.200000000000,1.200000000000,0.230769230769,0.005628517824,20,15,15,0,20,6,"5,6,7,8,9,10,11,12,13,14,15,16,17,18,19","5,6,7,8,9,10,11,12,13,14,15,16,17,18,19",-,"1,2,3,4,5,6,7,8,9,10,11,12,13,14,15,16,17,18,19,20","6,7,8,9,10,14",0.133914887,0.060471644,0.091527445,20.380635,15.326669,no,yes
COMPARISON_RELAXED,42,4.000000000000,1.300000000000,218.400000000000,219,0.018315018315,5.200000000000,1.200000000000,0.230769230769,0.005494505495,6,5,5,0,6,1,"5,11,13,17,19","5,11,13,17,19",-,"1,5,11,13,17,19",17,0.055430142,0.055430142,0.055430142,20.380635,15.323566,no,yes
COMPARISON_RELAXED,43,4.000000000000,1.300000000000,223.600000000000,224,0.017889087657,5.200000000000,1.200000000000,0.230769230769,0.005366726297,21,16,16,0,21,6,"5,6,7,8,9,10,11,12,13,14,15,16,17,18,19,20","5,6,7,8,9,10,11,12,13,14,15,16,17,18,19,20",-,"1,2,3,4,5,6,7,8,9,10,11,12,13,14,15,16,17,18,19,20,21","6,7,11,13,14,17",0.133962912,0.052002024,0.080887792,20.380635,15.320466,no,yes
COMPARISON_RELAXED,44,4.000000000000,1.300000000000,228.800000000000,229,0.017482517483,5.200000000000,1.200000000000,0.230769230769,0.005244755245,10,7,7,0,10,2,"5,7,9,13,15,17,19","5,7,9,13,15,17,19",-,"1,3,5,7,9,13,15,17,19,21","9,15",0.124365489,0.089105738,0.106735613,20.380635,15.317642,no,yes
COMPARISON_RELAXED,45,4.000000000000,1.300000000000,234.000000000000,234,0.017094017094,5.200000000000,1.200000000000,0.230769230769,0.005128205128,12,8,8,0,12,2,"7,8,11,13,14,16,17,19","7,8,11,13,14,16,17,19",-,"1,2,4,7,8,11,13,14,16,17,19,22","11,13",0.110461295,0.066144269,0.088302782,20.380635,15.314821,no,yes
COMPARISON_RELAXED,46,4.000000000000,1.300000000000,239.200000000000,240,0.016722408027,5.200000000000,1.200000000000,0.230769230769,0.005016722408,11,9,9,0,11,3,"5,7,9,11,13,15,17,19,21","5,7,9,11,13,15,17,19,21",-,"1,3,5,7,9,11,13,15,17,19,21","9,13,15",0.124430341,0.064976621,0.090932035,20.380635,15.312241,no,yes
COMPARISON_RELAXED,47,4.000000000000,1.300000000000,244.400000000000,245,0.016366612111,5.200000000000,1.200000000000,0.230769230769,0.004909983633,23,18,18,0,23,3,"5,6,7,8,9,10,11,12,13,14,15,16,17,18,19,20,21,22","5,6,7,8,9,10,11,12,13,14,15,16,17,18,19,20,21,22",-,"1,2,3,4,5,6,7,8,9,10,11,12,13,14,15,16,17,18,19,20,21,22,23","8,12,16",0.116087392,0.064533194,0.095316175,20.380635,15.309662,no,yes
COMPARISON_RELAXED,48,4.000000000000,1.300000000000,249.600000000000,250,0.016025641026,5.200000000000,1.200000000000,0.230769230769,0.004807692308,8,6,6,0,8,2,"5,7,11,13,17,19","5,7,11,13,17,19",-,"1,5,7,11,13,17,19,23","7,19",0.051139979,0.050032787,0.050586383,20.380635,15.307296,no,yes
COMPARISON_RELAXED,49,4.000000000000,1.300000000000,254.800000000000,255,0.015698587127,5.200000000000,1.200000000000,0.230769230769,0.004709576138,21,15,15,0,21,4,"6,8,9,10,11,12,13,15,16,17,18,19,20,22,23","6,8,9,10,11,12,13,15,16,17,18,19,20,22,23",-,"1,2,3,4,5,6,8,9,10,11,12,13,15,16,17,18,19,20,22,23,24","8,10,12,16",0.116161889,0.060151078,0.088970185,20.380635,15.304930,no,yes
COMPARISON_RELAXED,50,4.000000000000,1.300000000000,260.000000000000,260,0.015384615385,5.200000000000,1.200000000000,0.230769230769,0.004615384615,10,8,8,0,10,1,"7,9,11,13,17,19,21,23","7,9,11,13,17,19,21,23",-,"1,3,7,9,11,13,17,19,21,23",17,0.108842561,0.108842561,0.108842561,20.380635,15.302752,no,yes
COMPARISON_RELAXED,5,5.000000000000,1.000000000000,25.000000000000,25,0.200000000000,5.000000000000,0.000000000000,0.000000000000,0.000000000000,2,2,2,0,2,0,"1,2","1,2",-,"1,2",-,0.000000000,0.000000000,0.000000000,20.043214,16.057320,yes,no
COMPARISON_RELAXED,6,5.000000000000,1.000000000000,30.000000000000,30,0.166666666667,5.000000000000,0.000000000000,0.000000000000,0.000000000000,1,1,1,0,1,0,1,1,-,1,-,0.000000000,0.000000000,0.000000000,20.043214,15.867105,yes,no
COMPARISON_RELAXED,7,5.000000000000,1.000000000000,35.000000000000,35,0.142857142857,5.000000000000,0.000000000000,0.000000000000,0.000000000000,3,3,3,0,3,0,"1,2,3","1,2,3",-,"1,2,3",-,0.000000000,0.000000000,0.000000000,20.043214,15.684872,yes,no
COMPARISON_RELAXED,8,5.000000000000,1.000000000000,40.000000000000,40,0.125000000000,5.000000000000,0.000000000000,0.000000000000,0.000000000000,2,2,2,0,2,0,"1,3","1,3",-,"1,3",-,0.000000000,0.000000000,0.000000000,20.043214,15.585582,yes,no
COMPARISON_RELAXED,9,5.000000000000,1.000000000000,45.000000000000,45,0.111111111111,5.000000000000,0.000000000000,0.000000000000,0.000000000000,3,3,3,0,3,0,"1,2,4","1,2,4",-,"1,2,4",-,0.000000000,0.000000000,0.000000000,20.043214,15.488511,yes,no
COMPARISON_RELAXED,10,5.000000000000,1.000000000000,50.000000000000,50,0.100000000000,5.000000000000,0.000000000000,0.000000000000,0.000000000000,2,1,1,0,2,0,3,3,-,"1,3",-,0.000000000,0.000000000,0.000000000,20.043214,15.427492,yes,no
COMPARISON_RELAXED,11,5.000000000000,1.000000000000,55.000000000000,55,0.090909090909,5.000000000000,0.000000000000,0.000000000000,0.000000000000,5,4,4,0,5,0,"2,3,4,5","2,3,4,5",-,"1,2,3,4,5",-,0.000000000,0.000000000,0.000000000,20.043214,15.367318,yes,no
COMPARISON_RELAXED,12,5.000000000000,1.000000000000,60.000000000000,60,0.083333333333,5.000000000000,0.000000000000,0.000000000000,0.000000000000,2,1,1,0,2,0,5,5,-,"1,5",-,0.000000000,0.000000000,0.000000000,20.043214,15.326011,yes,no
COMPARISON_RELAXED,13,5.000000000000,1.000000000000,65.000000000000,65,0.076923076923,5.000000000000,0.000000000000,0.000000000000,0.000000000000,6,5,5,0,6,0,"2,3,4,5,6","2,3,4,5,6",-,"1,2,3,4,5,6",-,0.000000000,0.000000000,0.000000000,20.043214,15.285093,yes,no
COMPARISON_RELAXED,14,5.000000000000,1.000000000000,70.000000000000,70,0.071428571429,5.000000000000,0.000000000000,0.000000000000,0.000000000000,3,2,2,0,3,0,"3,5","3,5",-,"1,3,5",-,0.000000000,0.000000000,0.000000000,20.043214,15.255272,yes,no
COMPARISON_RELAXED,15,5.000000000000,1.000000000000,75.000000000000,75,0.066666666667,5.000000000000,0.000000000000,0.000000000000,0.000000000000,4,3,3,0,4,0,"2,4,7","2,4,7",-,"1,2,4,7",-,0.000000000,0.000000000,0.000000000,20.043214,15.225655,yes,no
COMPARISON_RELAXED,16,5.000000000000,1.000000000000,80.000000000000,80,0.062500000000,5.000000000000,0.000000000000,0.000000000000,0.000000000000,4,3,3,0,4,0,"3,5,7","3,5,7",-,"1,3,5,7",-,0.000000000,0.000000000,0.000000000,20.043214,15.203114,yes,no
COMPARISON_RELAXED,17,5.000000000000,1.000000000000,85.000000000000,85,0.058823529412,5.000000000000,0.000000000000,0.000000000000,0.000000000000,8,7,7,0,8,0,"2,3,4,5,6,7,8","2,3,4,5,6,7,8",-,"1,2,3,4,5,6,7,8",-,0.000000000,0.000000000,0.000000000,20.043214,15.180689,yes,no
COMPARISON_RELAXED,18,5.000000000000,1.000000000000,90.000000000000,90,0.055555555556,5.000000000000,0.000000000000,0.000000000000,0.000000000000,3,2,2,0,3,0,"5,7","5,7",-,"1,5,7",-,0.000000000,0.000000000,0.000000000,20.043214,15.163052,yes,no
COMPARISON_RELAXED,19,5.000000000000,1.000000000000,95.000000000000,95,0.052631578947,5.000000000000,0.000000000000,0.000000000000,0.000000000000,9,7,7,0,9,0,"2,3,4,5,6,7,8","2,3,4,5,6,7,8",-,"1,2,3,4,5,6,7,8,9",-,0.000000000,0.000000000,0.000000000,20.043214,15.145486,yes,no
COMPARISON_RELAXED,20,5.000000000000,1.000000000000,100.000000000000,100,0.050000000000,5.000000000000,0.000000000000,0.000000000000,0.000000000000,4,3,3,0,4,0,"3,7,9","3,7,9",-,"1,3,7,9",-,0.000000000,0.000000000,0.000000000,20.043214,15.131309,yes,no
COMPARISON_RELAXED,21,5.000000000000,1.000000000000,105.000000000000,105,0.047619047619,5.000000000000,0.000000000000,0.000000000000,0.000000000000,6,3,3,0,6,0,"4,5,8","4,5,8",-,"1,2,4,5,8,10",-,0.000000000,0.000000000,0.000000000,20.043214,15.117178,yes,no
COMPARISON_RELAXED,22,5.000000000000,1.000000000000,110.000000000000,110,0.045454545455,5.000000000000,0.000000000000,0.000000000000,0.000000000000,5,4,4,0,5,0,"3,5,7,9","3,5,7,9",-,"1,3,5,7,9",-,0.000000000,0.000000000,0.000000000,20.043214,15.105534,yes,no
COMPARISON_RELAXED,23,5.000000000000,1.000000000000,115.000000000000,115,0.043478260870,5.000000000000,0.000000000000,0.000000000000,0.000000000000,11,8,8,0,11,0,"3,4,5,6,7,8,9,10","3,4,5,6,7,8,9,10",-,"1,2,3,4,5,6,7,8,9,10,11",-,0.000000000,0.000000000,0.000000000,20.043214,15.093921,yes,no
COMPARISON_RELAXED,24,5.000000000000,1.000000000000,120.000000000000,120,0.041666666667,5.000000000000,0.000000000000,0.000000000000,0.000000000000,4,3,3,0,4,0,"5,7,11","5,7,11",-,"1,5,7,11",-,0.000000000,0.000000000,0.000000000,20.043214,15.084187,yes,no
COMPARISON_RELAXED,25,5.000000000000,1.000000000000,125.000000000000,125,0.040000000000,5.000000000000,0.000000000000,0.000000000000,0.000000000000,10,7,7,0,10,0,"3,4,6,7,8,9,11","3,4,6,7,8,9,11",-,"1,2,3,4,6,7,8,9,11,12",-,0.000000000,0.000000000,0.000000000,20.043214,15.074475,yes,no
COMPARISON_RELAXED,26,5.000000000000,1.000000000000,130.000000000000,130,0.038461538462,5.000000000000,0.000000000000,0.000000000000,0.000000000000,6,5,5,0,6,0,"3,5,7,9,11","3,5,7,9,11",-,"1,3,5,7,9,11",-,0.000000000,0.000000000,0.000000000,20.043214,15.066216,yes,no
COMPARISON_RELAXED,27,5.000000000000,1.000000000000,135.000000000000,135,0.037037037037,5.000000000000,0.000000000000,0.000000000000,0.000000000000,9,6,6,0,9,0,"4,5,7,8,10,11","4,5,7,8,10,11",-,"1,2,4,5,7,8,10,11,13",-,0.000000000,0.000000000,0.000000000,20.043214,15.057973,yes,no
COMPARISON_RELAXED,28,5.000000000000,1.000000000000,140.000000000000,140,0.035714285714,5.000000000000,0.000000000000,0.000000000000,0.000000000000,6,5,5,0,6,0,"3,5,9,11,13","3,5,9,11,13",-,"1,3,5,9,11,13",-,0.000000000,0.000000000,0.000000000,20.043214,15.050878,yes,no
COMPARISON_RELAXED,29,5.000000000000,1.000000000000,145.000000000000,145,0.034482758621,5.000000000000,0.000000000000,0.000000000000,0.000000000000,14,11,11,0,14,0,"3,4,5,6,7,8,9,10,11,12,13","3,4,5,6,7,8,9,10,11,12,13",-,"1,2,3,4,5,6,7,8,9,10,11,12,13,14",-,0.000000000,0.000000000,0.000000000,20.043214,15.043795,yes,no
COMPARISON_RELAXED,30,5.000000000000,1.000000000000,150.000000000000,150,0.033333333333,5.000000000000,0.000000000000,0.000000000000,0.000000000000,4,3,3,0,4,0,"7,11,13","7,11,13",-,"1,7,11,13",-,0.000000000,0.000000000,0.000000000,20.043214,15.037634,yes,no
COMPARISON_RELAXED,31,5.000000000000,1.000000000000,155.000000000000,155,0.032258064516,5.000000000000,0.000000000000,0.000000000000,0.000000000000,15,11,11,0,15,0,"4,5,6,7,8,9,10,11,12,13,14","4,5,6,7,8,9,10,11,12,13,14",-,"1,2,3,4,5,6,7,8,9,10,11,12,13,14,15",-,0.000000000,0.000000000,0.000000000,20.043214,15.031482,yes,no
COMPARISON_RELAXED,32,5.000000000000,1.000000000000,160.000000000000,160,0.031250000000,5.000000000000,0.000000000000,0.000000000000,0.000000000000,8,6,6,0,8,0,"5,7,9,11,13,15","5,7,9,11,13,15",-,"1,3,5,7,9,11,13,15",-,0.000000000,0.000000000,0.000000000,20.043214,15.026082,yes,no
COMPARISON_RELAXED,33,5.000000000000,1.000000000000,165.000000000000,165,0.030303030303,5.000000000000,0.000000000000,0.000000000000,0.000000000000,10,7,7,0,10,0,"4,5,7,8,10,13,14","4,5,7,8,10,13,14",-,"1,2,4,5,7,8,10,13,14,16",-,0.000000000,0.000000000,0.000000000,20.043214,15.020688,yes,no
COMPARISON_RELAXED,34,5.000000000000,1.000000000000,170.000000000000,170,0.029411764706,5.000000000000,0.000000000000,0.000000000000,0.000000000000,8,6,6,0,8,0,"5,7,9,11,13,15","5,7,9,11,13,15",-,"1,3,5,7,9,11,13,15",-,0.000000000,0.000000000,0.000000000,20.043214,15.015916,yes,no
COMPARISON_RELAXED,35,5.000000000000,1.000000000000,175.000000000000,175,0.028571428571,5.000000000000,0.000000000000,0.000000000000,0.000000000000,12,8,8,0,12,0,"4,6,8,9,11,12,13,16","4,6,8,9,11,12,13,16",-,"1,2,3,4,6,8,9,11,12,13,16,17",-,0.000000000,0.000000000,0.000000000,20.043214,15.011149,yes,no
COMPARISON_RELAXED,36,5.000000000000,1.000000000000,180.000000000000,180,0.027777777778,5.000000000000,0.000000000000,0.000000000000,0.000000000000,6,4,4,0,6,0,"5,7,11,13","5,7,11,13",-,"1,5,7,11,13,17",-,0.000000000,0.000000000,0.000000000,20.043214,15.006902,yes,no
COMPARISON_RELAXED,37,5.000000000000,1.000000000000,185.000000000000,185,0.027027027027,5.000000000000,0.000000000000,0.000000000000,0.000000000000,18,14,14,0,18,0,"4,5,6,7,8,9,10,11,12,13,14,15,16,17","4,5,6,7,8,9,10,11,12,13,14,15,16,17",-,"1,2,3,4,5,6,7,8,9,10,11,12,13,14,15,16,17,18",-,0.000000000,0.000000000,0.000000000,20.043214,15.002659,yes,no
COMPARISON_RELAXED,38,5.000000000000,1.000000000000,190.000000000000,190,0.026315789474,5.000000000000,0.000000000000,0.000000000000,0.000000000000,9,7,7,0,9,0,"5,7,9,11,13,15,17","5,7,9,11,13,15,17",-,"1,3,5,7,9,11,13,15,17",-,0.000000000,0.000000000,0.000000000,20.043214,14.998854,yes,no
COMPARISON_RELAXED,39,5.000000000000,1.000000000000,195.000000000000,195,0.025641025641,5.000000000000,0.000000000000,0.000000000000,0.000000000000,12,9,9,0,12,0,"4,5,7,8,10,11,14,16,17","4,5,7,8,10,11,14,16,17",-,"1,2,4,5,7,8,10,11,14,16,17,19",-,0.000000000,0.000000000,0.000000000,20.043214,14.995052,yes,no
COMPARISON_RELAXED,40,5.000000000000,1.000000000000,200.000000000000,200,0.025000000000,5.000000000000,0.000000000000,0.000000000000,0.000000000000,8,5,5,0,8,0,"7,9,11,13,17","7,9,11,13,17",-,"1,3,7,9,11,13,17,19",-,0.000000000,0.000000000,0.000000000,20.043214,14.991624,yes,no
COMPARISON_RELAXED,41,5.000000000000,1.000000000000,205.000000000000,205,0.024390243902,5.000000000000,0.000000000000,0.000000000000,0.000000000000,20,15,15,0,20,0,"5,6,7,8,9,10,11,12,13,14,15,16,17,18,19","5,6,7,8,9,10,11,12,13,14,15,16,17,18,19",-,"1,2,3,4,5,6,7,8,9,10,11,12,13,14,15,16,17,18,19,20",-,0.000000000,0.000000000,0.000000000,20.043214,14.988199,yes,no
COMPARISON_RELAXED,42,5.000000000000,1.000000000000,210.000000000000,210,0.023809523810,5.000000000000,0.000000000000,0.000000000000,0.000000000000,6,5,5,0,6,0,"5,11,13,17,19","5,11,13,17,19",-,"1,5,11,13,17,19",-,0.000000000,0.000000000,0.000000000,20.043214,14.985094,yes,no
COMPARISON_RELAXED,43,5.000000000000,1.000000000000,215.000000000000,215,0.023255813953,5.000000000000,0.000000000000,0.000000000000,0.000000000000,21,16,16,0,21,0,"5,6,7,8,9,10,11,12,13,14,15,16,17,18,19,20","5,6,7,8,9,10,11,12,13,14,15,16,17,18,19,20",-,"1,2,3,4,5,6,7,8,9,10,11,12,13,14,15,16,17,18,19,20,21",-,0.000000000,0.000000000,0.000000000,20.043214,14.981992,yes,no
COMPARISON_RELAXED,44,5.000000000000,1.000000000000,220.000000000000,220,0.022727272727,5.000000000000,0.000000000000,0.000000000000,0.000000000000,10,7,7,0,10,0,"5,7,9,13,15,17,19","5,7,9,13,15,17,19",-,"1,3,5,7,9,13,15,17,19,21",-,0.000000000,0.000000000,0.000000000,20.043214,14.979167,yes,no
COMPARISON_RELAXED,45,5.000000000000,1.000000000000,225.000000000000,225,0.022222222222,5.000000000000,0.000000000000,0.000000000000,0.000000000000,12,8,8,0,12,0,"7,8,11,13,14,16,17,19","7,8,11,13,14,16,17,19",-,"1,2,4,7,8,11,13,14,16,17,19,22",-,0.000000000,0.000000000,0.000000000,20.043214,14.976344,yes,no
COMPARISON_RELAXED,46,5.000000000000,1.000000000000,230.000000000000,230,0.021739130435,5.000000000000,0.000000000000,0.000000000000,0.000000000000,11,9,9,0,11,0,"5,7,9,11,13,15,17,19,21","5,7,9,11,13,15,17,19,21",-,"1,3,5,7,9,11,13,15,17,19,21",-,0.000000000,0.000000000,0.000000000,20.043214,14.973763,yes,no
COMPARISON_RELAXED,47,5.000000000000,1.000000000000,235.000000000000,235,0.021276595745,5.000000000000,0.000000000000,0.000000000000,0.000000000000,23,18,18,0,23,0,"5,6,7,8,9,10,11,12,13,14,15,16,17,18,19,20,21,22","5,6,7,8,9,10,11,12,13,14,15,16,17,18,19,20,21,22",-,"1,2,3,4,5,6,7,8,9,10,11,12,13,14,15,16,17,18,19,20,21,22,23",-,0.000000000,0.000000000,0.000000000,20.043214,14.971183,yes,no
COMPARISON_RELAXED,48,5.000000000000,1.000000000000,240.000000000000,240,0.020833333333,5.000000000000,0.000000000000,0.000000000000,0.000000000000,8,6,6,0,8,0,"5,7,11,13,17,19","5,7,11,13,17,19",-,"1,5,7,11,13,17,19,23",-,0.000000000,0.000000000,0.000000000,20.043214,14.968815,yes,no
COMPARISON_RELAXED,49,5.000000000000,1.000000000000,245.000000000000,245,0.020408163265,5.000000000000,0.000000000000,0.000000000000,0.000000000000,21,15,15,0,21,0,"6,8,9,10,11,12,13,15,16,17,18,19,20,22,23","6,8,9,10,11,12,13,15,16,17,18,19,20,22,23",-,"1,2,3,4,5,6,8,9,10,11,12,13,15,16,17,18,19,20,22,23,24",-,0.000000000,0.000000000,0.000000000,20.043214,14.966449,yes,no
COMPARISON_RELAXED,50,5.000000000000,1.000000000000,250.000000000000,250,0.020000000000,5.000000000000,0.000000000000,0.000000000000,0.000000000000,10,8,8,0,10,0,"7,9,11,13,17,19,21,23","7,9,11,13,17,19,21,23",-,"1,3,7,9,11,13,17,19,21,23",-,0.000000000,0.000000000,0.000000000,20.043214,14.964269,yes,no
COMPARISON_RELAXED,5,5.000000000000,1.020000000000,25.500000000000,26,0.196078431373,5.100000000000,0.100000000000,0.019607843137,0.003921568627,2,2,2,0,2,2,"1,2","1,2",-,"1,2","1,2",0.365026567,0.150435200,0.257730884,20.213547,16.227905,no,yes
COMPARISON_RELAXED,6,5.000000000000,1.020000000000,30.600000000000,31,0.163398692810,5.100000000000,0.100000000000,0.019607843137,0.003267973856,1,1,1,0,1,1,1,1,-,1,1,0.265454655,0.265454655,0.265454655,20.213547,16.037742,no,yes
COMPARISON_RELAXED,7,5.000000000000,1.020000000000,35.700000000000,36,0.140056022409,5.100000000000,0.100000000000,0.019607843137,0.002801120448,3,3,3,0,3,3,"1,2,3","1,2,3",-,"1,2,3","1,2,3",0.199487181,0.066450991,0.130344035,20.213547,15.855558,no,yes
COMPARISON_RELAXED,8,5.000000000000,1.020000000000,40.800000000000,41,0.122549019608,5.100000000000,0.100000000000,0.019607843137,0.002450980392,2,2,2,0,2,2,"1,3","1,3",-,"1,3","1,3",0.154531039,0.072670416,0.113600727,20.213547,15.756295,no,yes
COMPARISON_RELAXED,9,5.000000000000,1.020000000000,45.900000000000,46,0.108932461874,5.100000000000,0.100000000000,0.019607843137,0.002178649237,3,3,3,0,3,2,"1,2,4","1,2,4",-,"1,2,4","1,2",0.122849759,0.075834471,0.099342115,20.213547,15.659251,no,yes
COMPARISON_RELAXED,10,5.000000000000,1.020000000000,51.000000000000,51,0.098039215686,5.100000000000,0.100000000000,0.019607843137,0.001960784314,2,1,1,0,2,1,3,3,-,"1,3",3,0.069717244,0.069717244,0.069717244,20.213547,15.598248,no,yes
COMPARISON_RELAXED,11,5.000000000000,1.020000000000,56.100000000000,57,0.089126559715,5.100000000000,0.100000000000,0.019607843137,0.001782531194,5,4,4,0,5,1,"2,3,4,5","2,3,4,5",-,"1,2,3,4,5",3,0.054444695,0.054444695,0.054444695,20.213547,15.538090,no,yes
COMPARISON_RELAXED,12,5.000000000000,1.020000000000,61.200000000000,62,0.081699346405,5.100000000000,0.100000000000,0.019607843137,0.001633986928,2,1,1,0,2,0,5,5,-,"1,5",-,0.000000000,0.000000000,0.000000000,20.213547,15.496794,no,no
COMPARISON_RELAXED,13,5.000000000000,1.020000000000,66.300000000000,67,0.075414781297,5.100000000000,0.100000000000,0.019607843137,0.001508295626,6,5,5,0,6,0,"2,3,4,5,6","2,3,4,5,6",-,"1,2,3,4,5,6",-,0.000000000,0.000000000,0.000000000,20.213547,15.455887,no,no
COMPARISON_RELAXED,14,5.000000000000,1.020000000000,71.400000000000,72,0.070028011204,5.100000000000,0.100000000000,0.019607843137,0.001400560224,3,2,2,0,3,0,"3,5","3,5",-,"1,3,5",-,0.000000000,0.000000000,0.000000000,20.213547,15.426075,no,no
COMPARISON_RELAXED,15,5.000000000000,1.020000000000,76.500000000000,77,0.065359477124,5.100000000000,0.100000000000,0.019607843137,0.001307189542,4,3,3,0,4,0,"2,4,7","2,4,7",-,"1,2,4,7",-,0.000000000,0.000000000,0.000000000,20.213547,15.396465,no,no
COMPARISON_RELAXED,16,5.000000000000,1.020000000000,81.600000000000,82,0.061274509804,5.100000000000,0.100000000000,0.019607843137,0.001225490196,4,3,3,0,4,0,"3,5,7","3,5,7",-,"1,3,5,7",-,0.000000000,0.000000000,0.000000000,20.213547,15.373930,no,no
COMPARISON_RELAXED,17,5.000000000000,1.020000000000,86.700000000000,87,0.057670126874,5.100000000000,0.100000000000,0.019607843137,0.001153402537,8,7,7,0,8,0,"2,3,4,5,6,7,8","2,3,4,5,6,7,8",-,"1,2,3,4,5,6,7,8",-,0.000000000,0.000000000,0.000000000,20.213547,15.351512,no,no
COMPARISON_RELAXED,18,5.000000000000,1.020000000000,91.800000000000,92,0.054466230937,5.100000000000,0.100000000000,0.019607843137,0.001089324619,3,2,2,0,3,0,"5,7","5,7",-,"1,5,7",-,0.000000000,0.000000000,0.000000000,20.213547,15.333879,no,no
COMPARISON_RELAXED,19,5.000000000000,1.020000000000,96.900000000000,97,0.051599587203,5.100000000000,0.100000000000,0.019607843137,0.001031991744,9,7,7,0,9,0,"2,3,4,5,6,7,8","2,3,4,5,6,7,8",-,"1,2,3,4,5,6,7,8,9",-,0.000000000,0.000000000,0.000000000,20.213547,15.316318,no,no
COMPARISON_RELAXED,20,5.000000000000,1.020000000000,102.000000000000,102,0.049019607843,5.100000000000,0.100000000000,0.019607843137,0.000980392157,4,3,3,0,4,0,"3,7,9","3,7,9",-,"1,3,7,9",-,0.000000000,0.000000000,0.000000000,20.213547,15.302145,no,no
COMPARISON_RELAXED,21,5.000000000000,1.020000000000,107.100000000000,108,0.046685340803,5.100000000000,0.100000000000,0.019607843137,0.000933706816,6,3,3,0,6,0,"4,5,8","4,5,8",-,"1,2,4,5,8,10",-,0.000000000,0.000000000,0.000000000,20.213547,15.288018,no,no
COMPARISON_RELAXED,22,5.000000000000,1.020000000000,112.200000000000,113,0.044563279857,5.100000000000,0.100000000000,0.019607843137,0.000891265597,5,4,4,0,5,0,"3,5,7,9","3,5,7,9",-,"1,3,5,7,9",-,0.000000000,0.000000000,0.000000000,20.213547,15.276377,no,no
COMPARISON_RELAXED,23,5.000000000000,1.020000000000,117.300000000000,118,0.042625745951,5.100000000000,0.100000000000,0.019607843137,0.000852514919,11,8,8,0,11,0,"3,4,5,6,7,8,9,10","3,4,5,6,7,8,9,10",-,"1,2,3,4,5,6,7,8,9,10,11",-,0.000000000,0.000000000,0.000000000,20.213547,15.264767,no,no
COMPARISON_RELAXED,24,5.000000000000,1.020000000000,122.400000000000,123,0.040849673203,5.100000000000,0.100000000000,0.019607843137,0.000816993464,4,3,3,0,4,0,"5,7,11","5,7,11",-,"1,5,7,11",-,0.000000000,0.000000000,0.000000000,20.213547,15.255036,no,no
COMPARISON_RELAXED,25,5.000000000000,1.020000000000,127.500000000000,128,0.039215686275,5.100000000000,0.100000000000,0.019607843137,0.000784313725,10,7,7,0,10,0,"3,4,6,7,8,9,11","3,4,6,7,8,9,11",-,"1,2,3,4,6,7,8,9,11,12",-,0.000000000,0.000000000,0.000000000,20.213547,15.245326,no,no
COMPARISON_RELAXED,26,5.000000000000,1.020000000000,132.600000000000,133,0.037707390649,5.100000000000,0.100000000000,0.019607843137,0.000754147813,6,5,5,0,6,0,"3,5,7,9,11","3,5,7,9,11",-,"1,3,5,7,9,11",-,0.000000000,0.000000000,0.000000000,20.213547,15.237069,no,no
COMPARISON_RELAXED,27,5.000000000000,1.020000000000,137.700000000000,138,0.036310820625,5.100000000000,0.100000000000,0.019607843137,0.000726216412,9,6,6,0,9,0,"4,5,7,8,10,11","4,5,7,8,10,11",-,"1,2,4,5,7,8,10,11,13",-,0.000000000,0.000000000,0.000000000,20.213547,15.228829,no,no
COMPARISON_RELAXED,28,5.000000000000,1.020000000000,142.800000000000,143,0.035014005602,5.100000000000,0.100000000000,0.019607843137,0.000700280112,6,5,5,0,6,0,"3,5,9,11,13","3,5,9,11,13",-,"1,3,5,9,11,13",-,0.000000000,0.000000000,0.000000000,20.213547,15.221735,no,no
COMPARISON_RELAXED,29,5.000000000000,1.020000000000,147.900000000000,148,0.033806626099,5.100000000000,0.100000000000,0.019607843137,0.000676132522,14,11,11,0,14,0,"3,4,5,6,7,8,9,10,11,12,13","3,4,5,6,7,8,9,10,11,12,13",-,"1,2,3,4,5,6,7,8,9,10,11,12,13,14",-,0.000000000,0.000000000,0.000000000,20.213547,15.214654,no,no
COMPARISON_RELAXED,30,5.000000000000,1.020000000000,153.000000000000,153,0.032679738562,5.100000000000,0.100000000000,0.019607843137,0.000653594771,4,3,3,0,4,0,"7,11,13","7,11,13",-,"1,7,11,13",-,0.000000000,0.000000000,0.000000000,20.213547,15.208494,no,no
COMPARISON_RELAXED,31,5.000000000000,1.020000000000,158.100000000000,159,0.031625553447,5.100000000000,0.100000000000,0.019607843137,0.000632511069,15,11,11,0,15,0,"4,5,6,7,8,9,10,11,12,13,14","4,5,6,7,8,9,10,11,12,13,14",-,"1,2,3,4,5,6,7,8,9,10,11,12,13,14,15",-,0.000000000,0.000000000,0.000000000,20.213547,15.202344,no,no
COMPARISON_RELAXED,32,5.000000000000,1.020000000000,163.200000000000,164,0.030637254902,5.100000000000,0.100000000000,0.019607843137,0.000612745098,8,6,6,0,8,0,"5,7,9,11,13,15","5,7,9,11,13,15",-,"1,3,5,7,9,11,13,15",-,0.000000000,0.000000000,0.000000000,20.213547,15.196945,no,no
COMPARISON_RELAXED,33,5.000000000000,1.020000000000,168.300000000000,169,0.029708853238,5.100000000000,0.100000000000,0.019607843137,0.000594177065,10,7,7,0,10,0,"4,5,7,8,10,13,14","4,5,7,8,10,13,14",-,"1,2,4,5,7,8,10,13,14,16",-,0.000000000,0.000000000,0.000000000,20.213547,15.191553,no,no
COMPARISON_RELAXED,34,5.000000000000,1.020000000000,173.400000000000,174,0.028835063437,5.100000000000,0.100000000000,0.019607843137,0.000576701269,8,6,6,0,8,0,"5,7,9,11,13,15","5,7,9,11,13,15",-,"1,3,5,7,9,11,13,15",-,0.000000000,0.000000000,0.000000000,20.213547,15.186782,no,no
COMPARISON_RELAXED,35,5.000000000000,1.020000000000,178.500000000000,179,0.028011204482,5.100000000000,0.100000000000,0.019607843137,0.000560224090,12,8,8,0,12,0,"4,6,8,9,11,12,13,16","4,6,8,9,11,12,13,16",-,"1,2,3,4,6,8,9,11,12,13,16,17",-,0.000000000,0.000000000,0.000000000,20.213547,15.182017,no,no
COMPARISON_RELAXED,36,5.000000000000,1.020000000000,183.600000000000,184,0.027233115468,5.100000000000,0.100000000000,0.019607843137,0.000544662309,6,4,4,0,6,0,"5,7,11,13","5,7,11,13",-,"1,5,7,11,13,17",-,0.000000000,0.000000000,0.000000000,20.213547,15.177770,no,no
COMPARISON_RELAXED,37,5.000000000000,1.020000000000,188.700000000000,189,0.026497085321,5.100000000000,0.100000000000,0.019607843137,0.000529941706,18,14,14,0,18,0,"4,5,6,7,8,9,10,11,12,13,14,15,16,17","4,5,6,7,8,9,10,11,12,13,14,15,16,17",-,"1,2,3,4,5,6,7,8,9,10,11,12,13,14,15,16,17,18",-,0.000000000,0.000000000,0.000000000,20.213547,15.173528,no,no
COMPARISON_RELAXED,38,5.000000000000,1.020000000000,193.800000000000,194,0.025799793602,5.100000000000,0.100000000000,0.019607843137,0.000515995872,9,7,7,0,9,0,"5,7,9,11,13,15,17","5,7,9,11,13,15,17",-,"1,3,5,7,9,11,13,15,17",-,0.000000000,0.000000000,0.000000000,20.213547,15.169724,no,no
COMPARISON_RELAXED,39,5.000000000000,1.020000000000,198.900000000000,199,0.025138260432,5.100000000000,0.100000000000,0.019607843137,0.000502765209,12,9,9,0,12,0,"4,5,7,8,10,11,14,16,17","4,5,7,8,10,11,14,16,17",-,"1,2,4,5,7,8,10,11,14,16,17,19",-,0.000000000,0.000000000,0.000000000,20.213547,15.165924,no,no
COMPARISON_RELAXED,40,5.000000000000,1.020000000000,204.000000000000,204,0.024509803922,5.100000000000,0.100000000000,0.019607843137,0.000490196078,8,5,5,0,8,0,"7,9,11,13,17","7,9,11,13,17",-,"1,3,7,9,11,13,17,19",-,0.000000000,0.000000000,0.000000000,20.213547,15.162497,no,no
COMPARISON_RELAXED,41,5.000000000000,1.020000000000,209.100000000000,210,0.023912003826,5.100000000000,0.100000000000,0.019607843137,0.000478240077,20,15,15,0,20,0,"5,6,7,8,9,10,11,12,13,14,15,16,17,18,19","5,6,7,8,9,10,11,12,13,14,15,16,17,18,19",-,"1,2,3,4,5,6,7,8,9,10,11,12,13,14,15,16,17,18,19,20",-,0.000000000,0.000000000,0.000000000,20.213547,15.159072,no,no
COMPARISON_RELAXED,42,5.000000000000,1.020000000000,214.200000000000,215,0.023342670401,5.100000000000,0.100000000000,0.019607843137,0.000466853408,6,5,5,0,6,0,"5,11,13,17,19","5,11,13,17,19",-,"1,5,11,13,17,19",-,0.000000000,0.000000000,0.000000000,20.213547,15.155968,no,no
COMPARISON_RELAXED,43,5.000000000000,1.020000000000,219.300000000000,220,0.022799817601,5.100000000000,0.100000000000,0.019607843137,0.000455996352,21,16,16,0,21,0,"5,6,7,8,9,10,11,12,13,14,15,16,17,18,19,20","5,6,7,8,9,10,11,12,13,14,15,16,17,18,19,20",-,"1,2,3,4,5,6,7,8,9,10,11,12,13,14,15,16,17,18,19,20,21",-,0.000000000,0.000000000,0.000000000,20.213547,15.152867,no,no
COMPARISON_RELAXED,44,5.000000000000,1.020000000000,224.400000000000,225,0.022281639929,5.100000000000,0.100000000000,0.019607843137,0.000445632799,10,7,7,0,10,0,"5,7,9,13,15,17,19","5,7,9,13,15,17,19",-,"1,3,5,7,9,13,15,17,19,21",-,0.000000000,0.000000000,0.000000000,20.213547,15.150043,no,no
COMPARISON_RELAXED,45,5.000000000000,1.020000000000,229.500000000000,230,0.021786492375,5.100000000000,0.100000000000,0.019607843137,0.000435729847,12,8,8,0,12,0,"7,8,11,13,14,16,17,19","7,8,11,13,14,16,17,19",-,"1,2,4,7,8,11,13,14,16,17,19,22",-,0.000000000,0.000000000,0.000000000,20.213547,15.147220,no,no
COMPARISON_RELAXED,46,5.000000000000,1.020000000000,234.600000000000,235,0.021312872975,5.100000000000,0.100000000000,0.019607843137,0.000426257460,11,9,9,0,11,0,"5,7,9,11,13,15,17,19,21","5,7,9,11,13,15,17,19,21",-,"1,3,5,7,9,11,13,15,17,19,21",-,0.000000000,0.000000000,0.000000000,20.213547,15.144640,no,no
COMPARISON_RELAXED,47,5.000000000000,1.020000000000,239.700000000000,240,0.020859407593,5.100000000000,0.100000000000,0.019607843137,0.000417188152,23,18,18,0,23,0,"5,6,7,8,9,10,11,12,13,14,15,16,17,18,19,20,21,22","5,6,7,8,9,10,11,12,13,14,15,16,17,18,19,20,21,22",-,"1,2,3,4,5,6,7,8,9,10,11,12,13,14,15,16,17,18,19,20,21,22,23",-,0.000000000,0.000000000,0.000000000,20.213547,15.142061,no,no
COMPARISON_RELAXED,48,5.000000000000,1.020000000000,244.800000000000,245,0.020424836601,5.100000000000,0.100000000000,0.019607843137,0.000408496732,8,6,6,0,8,0,"5,7,11,13,17,19","5,7,11,13,17,19",-,"1,5,7,11,13,17,19,23",-,0.000000000,0.000000000,0.000000000,20.213547,15.139694,no,no
COMPARISON_RELAXED,49,5.000000000000,1.020000000000,249.900000000000,250,0.020008003201,5.100000000000,0.100000000000,0.019607843137,0.000400160064,21,15,15,0,21,0,"6,8,9,10,11,12,13,15,16,17,18,19,20,22,23","6,8,9,10,11,12,13,15,16,17,18,19,20,22,23",-,"1,2,3,4,5,6,8,9,10,11,12,13,15,16,17,18,19,20,22,23,24",-,0.000000000,0.000000000,0.000000000,20.213547,15.137328,no,no
COMPARISON_RELAXED,50,5.000000000000,1.020000000000,255.000000000000,255,0.019607843137,5.100000000000,0.100000000000,0.019607843137,0.000392156863,10,8,8,0,10,0,"7,9,11,13,17,19,21,23","7,9,11,13,17,19,21,23",-,"1,3,7,9,11,13,17,19,21,23",-,0.000000000,0.000000000,0.000000000,20.213547,15.135148,no,no
COMPARISON_RELAXED,5,5.000000000000,1.050000000000,26.250000000000,27,0.190476190476,5.250000000000,0.250000000000,0.047619047619,0.009523809524,2,2,2,0,2,2,"1,2","1,2",-,"1,2","1,2",0.882323124,0.363828339,0.623075731,20.463000,16.477709,no,yes
COMPARISON_RELAXED,6,5.000000000000,1.050000000000,31.500000000000,32,0.158730158730,5.250000000000,0.250000000000,0.047619047619,0.007936507937,1,1,1,0,1,1,1,1,-,1,1,0.640101588,0.640101588,0.640101588,20.463000,16.287619,no,yes
COMPARISON_RELAXED,7,5.000000000000,1.050000000000,36.750000000000,37,0.136054421769,5.250000000000,0.250000000000,0.047619047619,0.006802721088,3,3,3,0,3,3,"1,2,3","1,2,3",-,"1,2,3","1,2,3",0.480292302,0.160102447,0.314704903,20.463000,16.105503,no,yes
COMPARISON_RELAXED,8,5.000000000000,1.050000000000,42.000000000000,42,0.119047619048,5.250000000000,0.250000000000,0.047619047619,0.005952380952,2,2,2,0,2,2,"1,3","1,3",-,"1,3","1,3",0.371664086,0.176740986,0.274202536,20.463000,16.006278,no,yes
COMPARISON_RELAXED,9,5.000000000000,1.050000000000,47.250000000000,48,0.105820105820,5.250000000000,0.250000000000,0.047619047619,0.005291005291,3,3,3,0,3,3,"1,2,4","1,2,4",-,"1,2,4","1,2,4",0.295244981,0.089874465,0.189767757,20.463000,15.909270,no,yes
COMPARISON_RELAXED,10,5.000000000000,1.050000000000,52.500000000000,53,0.095238095238,5.250000000000,0.250000000000,0.047619047619,0.004761904762,2,1,1,0,2,1,3,3,-,"1,3",3,0.169219301,0.169219301,0.169219301,20.463000,15.848291,no,yes
COMPARISON_RELAXED,11,5.000000000000,1.050000000000,57.750000000000,58,0.086580086580,5.250000000000,0.250000000000,0.047619047619,0.004329004329,5,4,4,0,5,4,"2,3,4,5","2,3,4,5",-,"1,2,3,4,5","2,3,4,5",0.132238484,0.057481757,0.105300590,20.463000,15.788156,no,yes
COMPARISON_RELAXED,12,5.000000000000,1.050000000000,63.000000000000,63,0.079365079365,5.250000000000,0.250000000000,0.047619047619,0.003968253968,2,1,1,0,2,1,5,5,-,"1,5",5,0.053494194,0.053494194,0.053494194,20.463000,15.746875,no,yes
COMPARISON_RELAXED,13,5.000000000000,1.050000000000,68.250000000000,69,0.073260073260,5.250000000000,0.250000000000,0.047619047619,0.003663003663,6,5,5,0,6,4,"2,3,4,5,6","2,3,4,5,6",-,"1,2,3,4,5,6","2,3,4,5",0.116445481,0.061941253,0.088708946,20.463000,15.705984,no,yes
COMPARISON_RELAXED,14,5.000000000000,1.050000000000,73.500000000000,74,0.068027210884,5.250000000000,0.250000000000,0.047619047619,0.003401360544,3,2,2,0,3,2,"3,5","3,5",-,"1,3,5","3,5",0.088789807,0.081009401,0.084899604,20.463000,15.676182,no,yes
COMPARISON_RELAXED,15,5.000000000000,1.050000000000,78.750000000000,79,0.063492063492,5.250000000000,0.250000000000,0.047619047619,0.003174603175,4,3,3,0,4,1,"2,4,7","2,4,7",-,"1,2,4,7",4,0.084547991,0.084547991,0.084547991,20.463000,15.646584,no,yes
COMPARISON_RELAXED,16,5.000000000000,1.050000000000,84.000000000000,84,0.059523809524,5.250000000000,0.250000000000,0.047619047619,0.002976190476,4,3,3,0,4,2,"3,5,7","3,5,7",-,"1,3,5,7","3,5",0.088509018,0.062850094,0.075679556,20.463000,15.624057,no,yes
COMPARISON_RELAXED,17,5.000000000000,1.050000000000,89.250000000000,90,0.056022408964,5.250000000000,0.250000000000,0.047619047619,0.002801120448,8,7,7,0,8,4,"2,3,4,5,6,7,8","2,3,4,5,6,7,8",-,"1,2,3,4,5,6,7,8","3,4,5,6",0.071626024,0.050708908,0.061228490,20.463000,15.601647,no,yes
COMPARISON_RELAXED,18,5.000000000000,1.050000000000,94.500000000000,95,0.052910052910,5.250000000000,0.250000000000,0.047619047619,0.002645502646,3,2,2,0,3,0,"5,7","5,7",-,"1,5,7",-,0.000000000,0.000000000,0.000000000,20.463000,15.584021,no,no
COMPARISON_RELAXED,19,5.000000000000,1.050000000000,99.750000000000,100,0.050125313283,5.250000000000,0.250000000000,0.047619047619,0.002506265664,9,7,7,0,9,3,"2,3,4,5,6,7,8","2,3,4,5,6,7,8",-,"1,2,3,4,5,6,7,8,9","4,5,6",0.071286818,0.051780207,0.061731538,20.463000,15.566466,no,yes
COMPARISON_RELAXED,20,5.000000000000,1.050000000000,105.000000000000,105,0.047619047619,5.250000000000,0.250000000000,0.047619047619,0.002380952381,4,3,3,0,4,1,"3,7,9","3,7,9",-,"1,3,7,9",7,0.059416071,0.059416071,0.059416071,20.463000,15.552298,no,yes
COMPARISON_RELAXED,21,5.000000000000,1.050000000000,110.250000000000,111,0.045351473923,5.250000000000,0.250000000000,0.047619047619,0.002267573696,6,3,3,0,6,1,"4,5,8","4,5,8",-,"1,2,4,5,8,10",5,0.054851583,0.054851583,0.054851583,20.463000,15.538176,no,yes
COMPARISON_RELAXED,22,5.000000000000,1.050000000000,115.500000000000,116,0.043290043290,5.250000000000,0.250000000000,0.047619047619,0.002164502165,5,4,4,0,5,1,"3,5,7,9","3,5,7,9",-,"1,3,5,7,9",7,0.059632282,0.059632282,0.059632282,20.463000,15.526540,no,yes
COMPARISON_RELAXED,23,5.000000000000,1.050000000000,120.750000000000,121,0.041407867495,5.250000000000,0.250000000000,0.047619047619,0.002070393375,11,8,8,0,11,1,"3,4,5,6,7,8,9,10","3,4,5,6,7,8,9,10",-,"1,2,3,4,5,6,7,8,9,10,11",8,0.050990444,0.050990444,0.050990444,20.463000,15.514934,no,yes
COMPARISON_RELAXED,24,5.000000000000,1.050000000000,126.000000000000,126,0.039682539683,5.250000000000,0.250000000000,0.047619047619,0.001984126984,4,3,3,0,4,0,"5,7,11","5,7,11",-,"1,5,7,11",-,0.000000000,0.000000000,0.000000000,20.463000,15.505207,no,no
COMPARISON_RELAXED,25,5.000000000000,1.050000000000,131.250000000000,132,0.038095238095,5.250000000000,0.250000000000,0.047619047619,0.001904761905,10,7,7,0,10,1,"3,4,6,7,8,9,11","3,4,6,7,8,9,11",-,"1,2,3,4,6,7,8,9,11,12",8,0.051231730,0.051231730,0.051231730,20.463000,15.495500,no,yes
COMPARISON_RELAXED,26,5.000000000000,1.050000000000,136.500000000000,137,0.036630036630,5.250000000000,0.250000000000,0.047619047619,0.001831501832,6,5,5,0,6,0,"3,5,7,9,11","3,5,7,9,11",-,"1,3,5,7,9,11",-,0.000000000,0.000000000,0.000000000,20.463000,15.487247,no,no
COMPARISON_RELAXED,27,5.000000000000,1.050000000000,141.750000000000,142,0.035273368607,5.250000000000,0.250000000000,0.047619047619,0.001763668430,9,6,6,0,9,0,"4,5,7,8,10,11","4,5,7,8,10,11",-,"1,2,4,5,7,8,10,11,13",-,0.000000000,0.000000000,0.000000000,20.463000,15.479009,no,no
COMPARISON_RELAXED,28,5.000000000000,1.050000000000,147.000000000000,147,0.034013605442,5.250000000000,0.250000000000,0.047619047619,0.001700680272,6,5,5,0,6,0,"3,5,9,11,13","3,5,9,11,13",-,"1,3,5,9,11,13",-,0.000000000,0.000000000,0.000000000,20.463000,15.471919,no,no
COMPARISON_RELAXED,29,5.000000000000,1.050000000000,152.250000000000,153,0.032840722496,5.250000000000,0.250000000000,0.047619047619,0.001642036125,14,11,11,0,14,0,"3,4,5,6,7,8,9,10,11,12,13","3,4,5,6,7,8,9,10,11,12,13",-,"1,2,3,4,5,6,7,8,9,10,11,12,13,14",-,0.000000000,0.000000000,0.000000000,20.463000,15.464840,no,no
COMPARISON_RELAXED,30,5.000000000000,1.050000000000,157.500000000000,158,0.031746031746,5.250000000000,0.250000000000,0.047619047619,0.001587301587,4,3,3,0,4,0,"7,11,13","7,11,13",-,"1,7,11,13",-,0.000000000,0.000000000,0.000000000,20.463000,15.458683,no,no
COMPARISON_RELAXED,31,5.000000000000,1.050000000000,162.750000000000,163,0.030721966206,5.250000000000,0.250000000000,0.047619047619,0.001536098310,15,11,11,0,15,0,"4,5,6,7,8,9,10,11,12,13,14","4,5,6,7,8,9,10,11,12,13,14",-,"1,2,3,4,5,6,7,8,9,10,11,12,13,14,15",-,0.000000000,0.000000000,0.000000000,20.463000,15.452534,no,no
COMPARISON_RELAXED,32,5.000000000000,1.050000000000,168.000000000000,168,0.029761904762,5.250000000000,0.250000000000,0.047619047619,0.001488095238,8,6,6,0,8,0,"5,7,9,11,13,15","5,7,9,11,13,15",-,"1,3,5,7,9,11,13,15",-,0.000000000,0.000000000,0.000000000,20.463000,15.447137,no,no
COMPARISON_RELAXED,33,5.000000000000,1.050000000000,173.250000000000,174,0.028860028860,5.250000000000,0.250000000000,0.047619047619,0.001443001443,10,7,7,0,10,0,"4,5,7,8,10,13,14","4,5,7,8,10,13,14",-,"1,2,4,5,7,8,10,13,14,16",-,0.000000000,0.000000000,0.000000000,20.463000,15.441747,no,no
COMPARISON_RELAXED,34,5.000000000000,1.050000000000,178.500000000000,179,0.028011204482,5.250000000000,0.250000000000,0.047619047619,0.001400560224,8,6,6,0,8,0,"5,7,9,11,13,15","5,7,9,11,13,15",-,"1,3,5,7,9,11,13,15",-,0.000000000,0.000000000,0.000000000,20.463000,15.436978,no,no
COMPARISON_RELAXED,35,5.000000000000,1.050000000000,183.750000000000,184,0.027210884354,5.250000000000,0.250000000000,0.047619047619,0.001360544218,12,8,8,0,12,0,"4,6,8,9,11,12,13,16","4,6,8,9,11,12,13,16",-,"1,2,3,4,6,8,9,11,12,13,16,17",-,0.000000000,0.000000000,0.000000000,20.463000,15.432214,no,no
COMPARISON_RELAXED,36,5.000000000000,1.050000000000,189.000000000000,189,0.026455026455,5.250000000000,0.250000000000,0.047619047619,0.001322751323,6,4,4,0,6,0,"5,7,11,13","5,7,11,13",-,"1,5,7,11,13,17",-,0.000000000,0.000000000,0.000000000,20.463000,15.427970,no,no
COMPARISON_RELAXED,37,5.000000000000,1.050000000000,194.250000000000,195,0.025740025740,5.250000000000,0.250000000000,0.047619047619,0.001287001287,18,14,14,0,18,0,"4,5,6,7,8,9,10,11,12,13,14,15,16,17","4,5,6,7,8,9,10,11,12,13,14,15,16,17",-,"1,2,3,4,5,6,7,8,9,10,11,12,13,14,15,16,17,18",-,0.000000000,0.000000000,0.000000000,20.463000,15.423729,no,no
COMPARISON_RELAXED,38,5.000000000000,1.050000000000,199.500000000000,200,0.025062656642,5.250000000000,0.250000000000,0.047619047619,0.001253132832,9,7,7,0,9,0,"5,7,9,11,13,15,17","5,7,9,11,13,15,17",-,"1,3,5,7,9,11,13,15,17",-,0.000000000,0.000000000,0.000000000,20.463000,15.419926,no,no
COMPARISON_RELAXED,39,5.000000000000,1.050000000000,204.750000000000,205,0.024420024420,5.250000000000,0.250000000000,0.047619047619,0.001221001221,12,9,9,0,12,0,"4,5,7,8,10,11,14,16,17","4,5,7,8,10,11,14,16,17",-,"1,2,4,5,7,8,10,11,14,16,17,19",-,0.000000000,0.000000000,0.000000000,20.463000,15.416127,no,no
COMPARISON_RELAXED,40,5.000000000000,1.050000000000,210.000000000000,210,0.023809523810,5.250000000000,0.250000000000,0.047619047619,0.001190476190,8,5,5,0,8,0,"7,9,11,13,17","7,9,11,13,17",-,"1,3,7,9,11,13,17,19",-,0.000000000,0.000000000,0.000000000,20.463000,15.412701,no,no
COMPARISON_RELAXED,41,5.000000000000,1.050000000000,215.250000000000,216,0.023228803717,5.250000000000,0.250000000000,0.047619047619,0.001161440186,20,15,15,0,20,0,"5,6,7,8,9,10,11,12,13,14,15,16,17,18,19","5,6,7,8,9,10,11,12,13,14,15,16,17,18,19",-,"1,2,3,4,5,6,7,8,9,10,11,12,13,14,15,16,17,18,19,20",-,0.000000000,0.000000000,0.000000000,20.463000,15.409278,no,no
COMPARISON_RELAXED,42,5.000000000000,1.050000000000,220.500000000000,221,0.022675736961,5.250000000000,0.250000000000,0.047619047619,0.001133786848,6,5,5,0,6,0,"5,11,13,17,19","5,11,13,17,19",-,"1,5,11,13,17,19",-,0.000000000,0.000000000,0.000000000,20.463000,15.406175,no,no
COMPARISON_RELAXED,43,5.000000000000,1.050000000000,225.750000000000,226,0.022148394241,5.250000000000,0.250000000000,0.047619047619,0.001107419712,21,16,16,0,21,0,"5,6,7,8,9,10,11,12,13,14,15,16,17,18,19,20","5,6,7,8,9,10,11,12,13,14,15,16,17,18,19,20",-,"1,2,3,4,5,6,7,8,9,10,11,12,13,14,15,16,17,18,19,20,21",-,0.000000000,0.000000000,0.000000000,20.463000,15.403075,no,no
COMPARISON_RELAXED,44,5.000000000000,1.050000000000,231.000000000000,231,0.021645021645,5.250000000000,0.250000000000,0.047619047619,0.001082251082,10,7,7,0,10,0,"5,7,9,13,15,17,19","5,7,9,13,15,17,19",-,"1,3,5,7,9,13,15,17,19,21",-,0.000000000,0.000000000,0.000000000,20.463000,15.400252,no,no
COMPARISON_RELAXED,45,5.000000000000,1.050000000000,236.250000000000,237,0.021164021164,5.250000000000,0.250000000000,0.047619047619,0.001058201058,12,8,8,0,12,0,"7,8,11,13,14,16,17,19","7,8,11,13,14,16,17,19",-,"1,2,4,7,8,11,13,14,16,17,19,22",-,0.000000000,0.000000000,0.000000000,20.463000,15.397431,no,no
COMPARISON_RELAXED,46,5.000000000000,1.050000000000,241.500000000000,242,0.020703933747,5.250000000000,0.250000000000,0.047619047619,0.001035196687,11,9,9,0,11,0,"5,7,9,11,13,15,17,19,21","5,7,9,11,13,15,17,19,21",-,"1,3,5,7,9,11,13,15,17,19,21",-,0.000000000,0.000000000,0.000000000,20.463000,15.394851,no,no
COMPARISON_RELAXED,47,5.000000000000,1.050000000000,246.750000000000,247,0.020263424519,5.250000000000,0.250000000000,0.047619047619,0.001013171226,23,18,18,0,23,0,"5,6,7,8,9,10,11,12,13,14,15,16,17,18,19,20,21,22","5,6,7,8,9,10,11,12,13,14,15,16,17,18,19,20,21,22",-,"1,2,3,4,5,6,7,8,9,10,11,12,13,14,15,16,17,18,19,20,21,22,23",-,0.000000000,0.000000000,0.000000000,20.463000,15.392273,no,no
COMPARISON_RELAXED,48,5.000000000000,1.050000000000,252.000000000000,252,0.019841269841,5.250000000000,0.250000000000,0.047619047619,0.000992063492,8,6,6,0,8,0,"5,7,11,13,17,19","5,7,11,13,17,19",-,"1,5,7,11,13,17,19,23",-,0.000000000,0.000000000,0.000000000,20.463000,15.389907,no,no
COMPARISON_RELAXED,49,5.000000000000,1.050000000000,257.250000000000,258,0.019436345967,5.250000000000,0.250000000000,0.047619047619,0.000971817298,21,15,15,0,21,0,"6,8,9,10,11,12,13,15,16,17,18,19,20,22,23","6,8,9,10,11,12,13,15,16,17,18,19,20,22,23",-,"1,2,3,4,5,6,8,9,10,11,12,13,15,16,17,18,19,20,22,23,24",-,0.000000000,0.000000000,0.000000000,20.463000,15.387542,no,no
COMPARISON_RELAXED,50,5.000000000000,1.050000000000,262.500000000000,263,0.019047619048,5.250000000000,0.250000000000,0.047619047619,0.000952380952,10,8,8,0,10,0,"7,9,11,13,17,19,21,23","7,9,11,13,17,19,21,23",-,"1,3,7,9,11,13,17,19,21,23",-,0.000000000,0.000000000,0.000000000,20.463000,15.385363,no,no
COMPARISON_RELAXED,5,5.000000000000,1.100000000000,27.500000000000,28,0.181818181818,5.500000000000,0.500000000000,0.090909090909,0.018181818182,2,2,2,0,2,2,"1,2","1,2",-,"1,2","1,2",1.671030702,0.690005476,1.180518089,20.863598,16.878829,no,yes
COMPARISON_RELAXED,6,5.000000000000,1.100000000000,33.000000000000,33,0.151515151515,5.500000000000,0.500000000000,0.090909090909,0.015151515152,1,1,1,0,1,1,1,1,-,1,1,1.207945321,1.207945321,1.207945321,20.863598,16.688849,no,yes
COMPARISON_RELAXED,7,5.000000000000,1.100000000000,38.500000000000,39,0.129870129870,5.500000000000,0.500000000000,0.090909090909,0.012987012987,3,3,3,0,3,3,"1,2,3","1,2,3",-,"1,2,3","1,2,3",0.904276598,0.301854362,0.595234494,20.863598,16.506833,no,yes
COMPARISON_RELAXED,8,5.000000000000,1.100000000000,44.000000000000,44,0.113636363636,5.500000000000,0.500000000000,0.090909090909,0.011363636364,2,2,2,0,2,2,"1,3","1,3",-,"1,3","1,3",0.698649045,0.338159916,0.518404480,20.863598,16.407665,no,yes
COMPARISON_RELAXED,9,5.000000000000,1.100000000000,49.500000000000,50,0.101010101010,5.500000000000,0.500000000000,0.090909090909,0.010101010101,3,3,3,0,3,3,"1,2,4","1,2,4",-,"1,2,4","1,2,4",0.554366296,0.168975661,0.358334490,20.863598,16.310712,no,yes
COMPARISON_RELAXED,10,5.000000000000,1.100000000000,55.000000000000,55,0.090909090909,5.500000000000,0.500000000000,0.090909090909,0.009090909091,2,1,1,0,2,1,3,3,-,"1,3",3,0.322772172,0.322772172,0.322772172,20.863598,16.249767,no,yes
COMPARISON_RELAXED,11,5.000000000000,1.100000000000,60.500000000000,61,0.082644628099,5.500000000000,0.500000000000,0.090909090909,0.008264462810,5,4,4,0,5,4,"2,3,4,5","2,3,4,5",-,"1,2,3,4,5","2,3,4,5",0.252499475,0.107900617,0.200713590,20.863598,16.189666,no,yes
COMPARISON_RELAXED,12,5.000000000000,1.100000000000,66.000000000000,66,0.075757575758,5.500000000000,0.500000000000,0.090909090909,0.007575757576,2,1,1,0,2,1,5,5,-,"1,5",5,0.102238801,0.102238801,0.102238801,20.863598,16.148408,no,yes
COMPARISON_RELAXED,13,5.000000000000,1.100000000000,71.500000000000,72,0.069930069930,5.500000000000,0.500000000000,0.090909090909,0.006993006993,6,5,5,0,6,5,"2,3,4,5,6","2,3,4,5,6",-,"1,2,3,4,5,6","2,3,4,5,6",0.222094444,0.074831376,0.150396947,20.863598,16.107540,no,yes
COMPARISON_RELAXED,14,5.000000000000,1.100000000000,77.000000000000,77,0.064935064935,5.500000000000,0.500000000000,0.090909090909,0.006493506494,3,2,2,0,3,2,"3,5","3,5",-,"1,3,5","3,5",0.169822457,0.154622886,0.162222671,20.863598,16.077755,no,yes
COMPARISON_RELAXED,15,5.000000000000,1.100000000000,82.500000000000,83,0.060606060606,5.500000000000,0.500000000000,0.090909090909,0.006060606061,4,3,3,0,4,3,"2,4,7","2,4,7",-,"1,2,4,7","2,4,7",0.161432908,0.054928900,0.103713714,20.863598,16.048173,no,yes
COMPARISON_RELAXED,16,5.000000000000,1.100000000000,88.000000000000,88,0.056818181818,5.500000000000,0.500000000000,0.090909090909,0.005681818182,4,3,3,0,4,2,"3,5,7","3,5,7",-,"1,3,5,7","3,5",0.168816687,0.120032052,0.144424369,20.863598,16.025659,no,yes
COMPARISON_RELAXED,17,5.000000000000,1.100000000000,93.500000000000,94,0.053475935829,5.500000000000,0.500000000000,0.090909090909,0.005347593583,8,7,7,0,8,6,"2,3,4,5,6,7,8","2,3,4,5,6,7,8",-,"1,2,3,4,5,6,7,8","2,3,4,5,6,7",0.136757214,0.062843227,0.099573429,20.863598,16.003261,no,yes
COMPARISON_RELAXED,18,5.000000000000,1.100000000000,99.000000000000,99,0.050505050505,5.500000000000,0.500000000000,0.090909090909,0.005050505051,3,2,2,0,3,2,"5,7","5,7",-,"1,5,7","5,7",0.091304811,0.070442897,0.080873854,20.863598,15.985645,no,yes
COMPARISON_RELAXED,19,5.000000000000,1.100000000000,104.500000000000,105,0.047846889952,5.500000000000,0.500000000000,0.090909090909,0.004784688995,9,7,7,0,9,5,"2,3,4,5,6,7,8","2,3,4,5,6,7,8",-,"1,2,3,4,5,6,7,8,9","3,4,5,6,7",0.135975780,0.059665551,0.097958117,20.863598,15.968100,no,yes
COMPARISON_RELAXED,20,5.000000000000,1.100000000000,110.000000000000,110,0.045454545455,5.500000000000,0.500000000000,0.090909090909,0.004545454545,4,3,3,0,4,2,"3,7,9","3,7,9",-,"1,3,7,9","3,7",0.113583225,0.063433015,0.088508120,20.863598,15.953940,no,yes
COMPARISON_RELAXED,21,5.000000000000,1.100000000000,115.500000000000,116,0.043290043290,5.500000000000,0.500000000000,0.090909090909,0.004329004329,6,3,3,0,6,2,"4,5,8","4,5,8",-,"1,2,4,5,8,10","4,5",0.104725893,0.083140940,0.093933417,20.863598,15.939826,no,yes
COMPARISON_RELAXED,22,5.000000000000,1.100000000000,121.000000000000,121,0.041322314050,5.500000000000,0.500000000000,0.090909090909,0.004132231405,5,4,4,0,5,3,"3,5,7,9","3,5,7,9",-,"1,3,5,7,9","3,5,7",0.113752258,0.051434807,0.075195830,20.863598,15.928195,no,yes
COMPARISON_RELAXED,23,5.000000000000,1.100000000000,126.500000000000,127,0.039525691700,5.500000000000,0.500000000000,0.090909090909,0.003952569170,11,8,8,0,11,5,"3,4,5,6,7,8,9,10","3,4,5,6,7,8,9,10",-,"1,2,3,4,5,6,7,8,9,10,11","4,5,6,7,8",0.097459659,0.051756975,0.072111093,20.863598,15.916596,no,yes
COMPARISON_RELAXED,24,5.000000000000,1.100000000000,132.000000000000,132,0.037878787879,5.500000000000,0.500000000000,0.090909090909,0.003787878788,4,3,3,0,4,2,"5,7,11","5,7,11",-,"1,5,7,11","5,7",0.072562448,0.057970858,0.065266653,20.863598,15.906874,no,yes
COMPARISON_RELAXED,25,5.000000000000,1.100000000000,137.500000000000,138,0.036363636364,5.500000000000,0.500000000000,0.090909090909,0.003636363636,10,7,7,0,10,4,"3,4,6,7,8,9,11","3,4,6,7,8,9,11",-,"1,2,3,4,6,7,8,9,11,12","4,6,7,8",0.097733289,0.052925086,0.072788637,20.863598,15.897173,no,yes
COMPARISON_RELAXED,26,5.000000000000,1.100000000000,143.000000000000,143,0.034965034965,5.500000000000,0.500000000000,0.090909090909,0.003496503497,6,5,5,0,6,2,"3,5,7,9,11","3,5,7,9,11",-,"1,3,5,7,9,11","5,9",0.085347223,0.063621150,0.074484186,20.863598,15.888924,no,yes
COMPARISON_RELAXED,27,5.000000000000,1.100000000000,148.500000000000,149,0.033670033670,5.500000000000,0.500000000000,0.090909090909,0.003367003367,9,6,6,0,9,1,"4,5,7,8,10,11","4,5,7,8,10,11",-,"1,2,4,5,7,8,10,11,13",7,0.077486761,0.077486761,0.077486761,20.863598,15.880691,no,yes
COMPARISON_RELAXED,28,5.000000000000,1.100000000000,154.000000000000,154,0.032467532468,5.500000000000,0.500000000000,0.090909090909,0.003246753247,6,5,5,0,6,1,"3,5,9,11,13","3,5,9,11,13",-,"1,3,5,9,11,13",9,0.085647859,0.085647859,0.085647859,20.863598,15.873604,no,yes
COMPARISON_RELAXED,29,5.000000000000,1.100000000000,159.500000000000,160,0.031347962382,5.500000000000,0.500000000000,0.090909090909,0.003134796238,14,11,11,0,14,3,"3,4,5,6,7,8,9,10,11,12,13","3,4,5,6,7,8,9,10,11,12,13",-,"1,2,3,4,5,6,7,8,9,10,11,12,13,14","6,7,10",0.075913888,0.057306146,0.068174299,20.863598,15.866529,no,yes
COMPARISON_RELAXED,30,5.000000000000,1.100000000000,165.000000000000,165,0.030303030303,5.500000000000,0.500000000000,0.090909090909,0.003030303030,4,3,3,0,4,0,"7,11,13","7,11,13",-,"1,7,11,13",-,0.000000000,0.000000000,0.000000000,20.863598,15.860375,no,no
COMPARISON_RELAXED,31,5.000000000000,1.100000000000,170.500000000000,171,0.029325513196,5.500000000000,0.500000000000,0.090909090909,0.002932551320,15,11,11,0,15,3,"4,5,6,7,8,9,10,11,12,13,14","4,5,6,7,8,9,10,11,12,13,14",-,"1,2,3,4,5,6,7,8,9,10,11,12,13,14,15","6,8,10",0.076210134,0.051532402,0.064591668,20.863598,15.854230,no,yes
COMPARISON_RELAXED,32,5.000000000000,1.100000000000,176.000000000000,176,0.028409090909,5.500000000000,0.500000000000,0.090909090909,0.002840909091,8,6,6,0,8,1,"5,7,9,11,13,15","5,7,9,11,13,15",-,"1,3,5,7,9,11,13,15",11,0.068358938,0.068358938,0.068358938,20.863598,15.848836,no,yes
COMPARISON_RELAXED,33,5.000000000000,1.100000000000,181.500000000000,182,0.027548209366,5.500000000000,0.500000000000,0.090909090909,0.002754820937,10,7,7,0,10,1,"4,5,7,8,10,13,14","4,5,7,8,10,13,14",-,"1,2,4,5,7,8,10,13,14,16",8,0.061487157,0.061487157,0.061487157,20.863598,15.843449,no,yes
COMPARISON_RELAXED,34,5.000000000000,1.100000000000,187.000000000000,187,0.026737967914,5.500000000000,0.500000000000,0.090909090909,0.002673796791,8,6,6,0,8,1,"5,7,9,11,13,15","5,7,9,11,13,15",-,"1,3,5,7,9,11,13,15",11,0.068638405,0.068638405,0.068638405,20.863598,15.838682,no,yes
COMPARISON_RELAXED,35,5.000000000000,1.100000000000,192.500000000000,193,0.025974025974,5.500000000000,0.500000000000,0.090909090909,0.002597402597,12,8,8,0,12,2,"4,6,8,9,11,12,13,16","4,6,8,9,11,12,13,16",-,"1,2,3,4,6,8,9,11,12,13,16,17","9,12",0.062171958,0.057526979,0.059849469,20.863598,15.833921,no,yes
COMPARISON_RELAXED,36,5.000000000000,1.100000000000,198.000000000000,198,0.025252525253,5.500000000000,0.500000000000,0.090909090909,0.002525252525,6,4,4,0,6,0,"5,7,11,13","5,7,11,13",-,"1,5,7,11,13,17",-,0.000000000,0.000000000,0.000000000,20.863598,15.829679,no,no
COMPARISON_RELAXED,37,5.000000000000,1.100000000000,203.500000000000,204,0.024570024570,5.500000000000,0.500000000000,0.090909090909,0.002457002457,18,14,14,0,18,2,"4,5,6,7,8,9,10,11,12,13,14,15,16,17","4,5,6,7,8,9,10,11,12,13,14,15,16,17",-,"1,2,3,4,5,6,7,8,9,10,11,12,13,14,15,16,17,18","9,12",0.062430480,0.054045818,0.058238149,20.863598,15.825440,no,yes
COMPARISON_RELAXED,38,5.000000000000,1.100000000000,209.000000000000,209,0.023923444976,5.500000000000,0.500000000000,0.090909090909,0.002392344498,9,7,7,0,9,1,"5,7,9,11,13,15,17","5,7,9,11,13,15,17",-,"1,3,5,7,9,11,13,15,17",13,0.057012158,0.057012158,0.057012158,20.863598,15.821640,no,yes
COMPARISON_RELAXED,39,5.000000000000,1.100000000000,214.500000000000,215,0.023310023310,5.500000000000,0.500000000000,0.090909090909,0.002331002331,12,9,9,0,12,1,"4,5,7,8,10,11,14,16,17","4,5,7,8,10,11,14,16,17",-,"1,2,4,5,7,8,10,11,14,16,17,19",10,0.050961747,0.050961747,0.050961747,20.863598,15.817843,no,yes
COMPARISON_RELAXED,40,5.000000000000,1.100000000000,220.000000000000,220,0.022727272727,5.500000000000,0.500000000000,0.090909090909,0.002272727273,8,5,5,0,8,1,"7,9,11,13,17","7,9,11,13,17",-,"1,3,7,9,11,13,17,19",13,0.057249192,0.057249192,0.057249192,20.863598,15.814419,no,yes
COMPARISON_RELAXED,41,5.000000000000,1.100000000000,225.500000000000,226,0.022172949002,5.500000000000,0.500000000000,0.090909090909,0.002217294900,20,15,15,0,20,1,"5,6,7,8,9,10,11,12,13,14,15,16,17,18,19","5,6,7,8,9,10,11,12,13,14,15,16,17,18,19",-,"1,2,3,4,5,6,7,8,9,10,11,12,13,14,15,16,17,18,19,20",14,0.052643292,0.052643292,0.052643292,20.863598,15.810997,no,yes
COMPARISON_RELAXED,42,5.000000000000,1.100000000000,231.000000000000,231,0.021645021645,5.500000000000,0.500000000000,0.090909090909,0.002164502165,6,5,5,0,6,0,"5,11,13,17,19","5,11,13,17,19",-,"1,5,11,13,17,19",-,0.000000000,0.000000000,0.000000000,20.863598,15.807896,no,no
COMPARISON_RELAXED,43,5.000000000000,1.100000000000,236.500000000000,237,0.021141649049,5.500000000000,0.500000000000,0.090909090909,0.002114164905,21,16,16,0,21,1,"5,6,7,8,9,10,11,12,13,14,15,16,17,18,19,20","5,6,7,8,9,10,11,12,13,14,15,16,17,18,19,20",-,"1,2,3,4,5,6,7,8,9,10,11,12,13,14,15,16,17,18,19,20,21",14,0.052859858,0.052859858,0.052859858,20.863598,15.804798,no,yes
COMPARISON_RELAXED,44,5.000000000000,1.100000000000,242.000000000000,242,0.020661157025,5.500000000000,0.500000000000,0.090909090909,0.002066115702,10,7,7,0,10,0,"5,7,9,13,15,17,19","5,7,9,13,15,17,19",-,"1,3,5,7,9,13,15,17,19,21",-,0.000000000,0.000000000,0.000000000,20.863598,15.801976,no,no
COMPARISON_RELAXED,45,5.000000000000,1.100000000000,247.500000000000,248,0.020202020202,5.500000000000,0.500000000000,0.090909090909,0.002020202020,12,8,8,0,12,0,"7,8,11,13,14,16,17,19","7,8,11,13,14,16,17,19",-,"1,2,4,7,8,11,13,14,16,17,19,22",-,0.000000000,0.000000000,0.000000000,20.863598,15.799156,no,no
COMPARISON_RELAXED,46,5.000000000000,1.100000000000,253.000000000000,253,0.019762845850,5.500000000000,0.500000000000,0.090909090909,0.001976284585,11,9,9,0,11,0,"5,7,9,11,13,15,17,19,21","5,7,9,11,13,15,17,19,21",-,"1,3,5,7,9,11,13,15,17,19,21",-,0.000000000,0.000000000,0.000000000,20.863598,15.796578,no,no
COMPARISON_RELAXED,47,5.000000000000,1.100000000000,258.500000000000,259,0.019342359768,5.500000000000,0.500000000000,0.090909090909,0.001934235977,23,18,18,0,23,0,"5,6,7,8,9,10,11,12,13,14,15,16,17,18,19,20,21,22","5,6,7,8,9,10,11,12,13,14,15,16,17,18,19,20,21,22",-,"1,2,3,4,5,6,7,8,9,10,11,12,13,14,15,16,17,18,19,20,21,22,23",-,0.000000000,0.000000000,0.000000000,20.863598,15.794001,no,no
COMPARISON_RELAXED,48,5.000000000000,1.100000000000,264.000000000000,264,0.018939393939,5.500000000000,0.500000000000,0.090909090909,0.001893939394,8,6,6,0,8,0,"5,7,11,13,17,19","5,7,11,13,17,19",-,"1,5,7,11,13,17,19,23",-,0.000000000,0.000000000,0.000000000,20.863598,15.791636,no,no
COMPARISON_RELAXED,49,5.000000000000,1.100000000000,269.500000000000,270,0.018552875696,5.500000000000,0.500000000000,0.090909090909,0.001855287570,21,15,15,0,21,0,"6,8,9,10,11,12,13,15,16,17,18,19,20,22,23","6,8,9,10,11,12,13,15,16,17,18,19,20,22,23",-,"1,2,3,4,5,6,8,9,10,11,12,13,15,16,17,18,19,20,22,23,24",-,0.000000000,0.000000000,0.000000000,20.863598,15.789272,no,no
COMPARISON_RELAXED,50,5.000000000000,1.100000000000,275.000000000000,275,0.018181818182,5.500000000000,0.500000000000,0.090909090909,0.001818181818,10,8,8,0,10,0,"7,9,11,13,17,19,21,23","7,9,11,13,17,19,21,23",-,"1,3,7,9,11,13,17,19,21,23",-,0.000000000,0.000000000,0.000000000,20.863598,15.787095,no,no
COMPARISON_RELAXED,5,5.000000000000,1.150000000000,28.750000000000,29,0.173913043478,5.750000000000,0.750000000000,0.130434782609,0.026086956522,2,2,2,0,2,2,"1,2","1,2",-,"1,2","1,2",2.378353332,0.983851423,1.681102378,21.246672,17.262358,no,yes
COMPARISON_RELAXED,6,5.000000000000,1.150000000000,34.500000000000,35,0.144927536232,5.750000000000,0.750000000000,0.130434782609,0.021739130435,1,1,1,0,1,1,1,1,-,1,1,1.713857746,1.713857746,1.713857746,21.246672,17.072474,no,yes
COMPARISON_RELAXED,7,5.000000000000,1.150000000000,40.250000000000,41,0.124223602484,5.750000000000,0.750000000000,0.130434782609,0.018633540373,3,3,3,0,3,3,"1,2,3","1,2,3",-,"1,2,3","1,2,3",1.280394982,0.428087895,0.846558165,21.246672,16.890546,no,yes
COMPARISON_RELAXED,8,5.000000000000,1.150000000000,46.000000000000,46,0.108695652174,5.750000000000,0.750000000000,0.130434782609,0.016304347826,2,2,2,0,2,2,"1,3","1,3",-,"1,3","1,3",0.987852390,0.486148438,0.737000414,21.246672,16.791428,no,yes
COMPARISON_RELAXED,9,5.000000000000,1.150000000000,51.750000000000,52,0.096618357488,5.750000000000,0.750000000000,0.130434782609,0.014492753623,3,3,3,0,3,3,"1,2,4","1,2,4",-,"1,2,4","1,2,4",0.783050122,0.239021129,0.508890534,21.246672,16.694522,no,yes
COMPARISON_RELAXED,10,5.000000000000,1.150000000000,57.500000000000,58,0.086956521739,5.750000000000,0.750000000000,0.130434782609,0.013043478261,2,1,1,0,2,1,3,3,-,"1,3",3,0.462729004,0.462729004,0.462729004,21.246672,16.633607,no,yes
COMPARISON_RELAXED,11,5.000000000000,1.150000000000,63.250000000000,64,0.079051383399,5.750000000000,0.750000000000,0.130434782609,0.011857707510,5,4,4,0,5,4,"2,3,4,5","2,3,4,5",-,"1,2,3,4,5","2,3,4,5",0.362336695,0.152401533,0.287564111,21.246672,16.573535,no,yes
COMPARISON_RELAXED,12,5.000000000000,1.150000000000,69.000000000000,69,0.072463768116,5.750000000000,0.750000000000,0.130434782609,0.010869565217,2,1,1,0,2,1,5,5,-,"1,5",5,0.146838468,0.146838468,0.146838468,21.246672,16.532298,no,yes
COMPARISON_RELAXED,13,5.000000000000,1.150000000000,74.750000000000,75,0.066889632107,5.750000000000,0.750000000000,0.130434782609,0.010033444816,6,5,5,0,6,5,"2,3,4,5,6","2,3,4,5,6",-,"1,2,3,4,5,6","2,3,4,5,6",0.318377844,0.105592322,0.215362501,21.246672,16.491450,no,yes
COMPARISON_RELAXED,14,5.000000000000,1.150000000000,80.500000000000,81,0.062111801242,5.750000000000,0.750000000000,0.130434782609,0.009316770186,3,2,2,0,3,2,"3,5","3,5",-,"1,3,5","3,5",0.244068103,0.221808327,0.232938215,21.246672,16.461679,no,yes
COMPARISON_RELAXED,15,5.000000000000,1.150000000000,86.250000000000,87,0.057971014493,5.750000000000,0.750000000000,0.130434782609,0.008695652174,4,3,3,0,4,3,"2,4,7","2,4,7",-,"1,2,4,7","2,4,7",0.231650334,0.077456853,0.148370796,21.246672,16.432112,no,yes
COMPARISON_RELAXED,16,5.000000000000,1.150000000000,92.000000000000,92,0.054347826087,5.750000000000,0.750000000000,0.130434782609,0.008152173913,4,3,3,0,4,3,"3,5,7","3,5,7",-,"1,3,5,7","3,5,7",0.242010238,0.062349192,0.158879504,21.246672,16.409609,no,yes
COMPARISON_RELAXED,17,5.000000000000,1.150000000000,97.750000000000,98,0.051150895141,5.750000000000,0.750000000000,0.130434782609,0.007672634271,8,7,7,0,8,7,"2,3,4,5,6,7,8","2,3,4,5,6,7,8",-,"1,2,3,4,5,6,7,8","2,3,4,5,6,7,8",0.196237930,0.059235052,0.130976834,21.246672,16.387222,no,yes
COMPARISON_RELAXED,18,5.000000000000,1.150000000000,103.500000000000,104,0.048309178744,5.750000000000,0.750000000000,0.130434782609,0.007246376812,3,2,2,0,3,2,"5,7","5,7",-,"1,5,7","5,7",0.130993911,0.100967188,0.115980550,21.246672,16.369614,no,yes
COMPARISON_RELAXED,19,5.000000000000,1.150000000000,109.250000000000,110,0.045766590389,5.750000000000,0.750000000000,0.130434782609,0.006864988558,9,7,7,0,9,7,"2,3,4,5,6,7,8","2,3,4,5,6,7,8",-,"1,2,3,4,5,6,7,8,9","2,3,4,5,6,7,8",0.194941009,0.057906784,0.118634049,21.246672,16.352077,no,yes
COMPARISON_RELAXED,20,5.000000000000,1.150000000000,115.000000000000,115,0.043478260870,5.750000000000,0.750000000000,0.130434782609,0.006521739130,4,3,3,0,4,2,"3,7,9","3,7,9",-,"1,3,7,9","3,7",0.163166236,0.090985299,0.127075767,21.246672,16.337924,no,yes
COMPARISON_RELAXED,21,5.000000000000,1.150000000000,120.750000000000,121,0.041407867495,5.750000000000,0.750000000000,0.130434782609,0.006211180124,6,3,3,0,6,3,"4,5,8","4,5,8",-,"1,2,4,5,8,10","4,5,8",0.150270612,0.067066670,0.112221335,21.246672,16.323817,no,yes
COMPARISON_RELAXED,22,5.000000000000,1.150000000000,126.500000000000,127,0.039525691700,5.750000000000,0.750000000000,0.130434782609,0.005928853755,5,4,4,0,5,4,"3,5,7,9","3,5,7,9",-,"1,3,5,7,9","3,5,7,9",0.163089603,0.065424949,0.097249659,21.246672,16.312192,no,yes
COMPARISON_RELAXED,23,5.000000000000,1.150000000000,132.250000000000,133,0.037807183365,5.750000000000,0.750000000000,0.130434782609,0.005671077505,11,8,8,0,11,7,"3,4,5,6,7,8,9,10","3,4,5,6,7,8,9,10",-,"1,2,3,4,5,6,7,8,9,10,11","3,4,5,6,7,8,9",0.139982563,0.062330290,0.093056164,21.246672,16.300599,no,yes
COMPARISON_RELAXED,24,5.000000000000,1.150000000000,138.000000000000,138,0.036231884058,5.750000000000,0.750000000000,0.130434782609,0.005434782609,4,3,3,0,4,2,"5,7,11","5,7,11",-,"1,5,7,11","5,7",0.104089722,0.083185138,0.093637430,21.246672,16.290881,no,yes
COMPARISON_RELAXED,25,5.000000000000,1.150000000000,143.750000000000,144,0.034782608696,5.750000000000,0.750000000000,0.130434782609,0.005217391304,10,7,7,0,10,6,"3,4,6,7,8,9,11","3,4,6,7,8,9,11",-,"1,2,3,4,6,7,8,9,11,12","3,4,6,7,8,9",0.140130260,0.051242159,0.086756828,21.246672,16.281184,no,yes
COMPARISON_RELAXED,26,5.000000000000,1.150000000000,149.500000000000,150,0.033444816054,5.750000000000,0.750000000000,0.130434782609,0.005016722408,6,5,5,0,6,3,"3,5,7,9,11","3,5,7,9,11",-,"1,3,5,7,9,11","5,7,9",0.122570438,0.061631201,0.091836361,21.246672,16.272939,no,yes
COMPARISON_RELAXED,27,5.000000000000,1.150000000000,155.250000000000,156,0.032206119163,5.750000000000,0.750000000000,0.130434782609,0.004830917874,9,6,6,0,9,5,"4,5,7,8,10,11","4,5,7,8,10,11",-,"1,2,4,5,7,8,10,11,13","4,5,7,8,11",0.111182337,0.051358132,0.066465486,21.246672,16.264710,no,yes
COMPARISON_RELAXED,28,5.000000000000,1.150000000000,161.000000000000,161,0.031055900621,5.750000000000,0.750000000000,0.130434782609,0.004658385093,6,5,5,0,6,2,"3,5,9,11,13","3,5,9,11,13",-,"1,3,5,9,11,13","9,11",0.122808066,0.055381344,0.089094705,21.246672,16.257627,no,yes
COMPARISON_RELAXED,29,5.000000000000,1.150000000000,166.750000000000,167,0.029985007496,5.750000000000,0.750000000000,0.130434782609,0.004497751124,14,11,11,0,14,6,"3,4,5,6,7,8,9,10,11,12,13","3,4,5,6,7,8,9,10,11,12,13",-,"1,2,3,4,5,6,7,8,9,10,11,12,13,14","4,5,6,7,8,10",0.109012242,0.050759390,0.076812370,21.246672,16.250555,no,yes
COMPARISON_RELAXED,30,5.000000000000,1.150000000000,172.500000000000,173,0.028985507246,5.750000000000,0.750000000000,0.130434782609,0.004347826087,4,3,3,0,4,0,"7,11,13","7,11,13",-,"1,7,11,13",-,0.000000000,0.000000000,0.000000000,21.246672,16.244404,no,no
COMPARISON_RELAXED,31,5.000000000000,1.150000000000,178.250000000000,179,0.028050490884,5.750000000000,0.750000000000,0.130434782609,0.004207573633,15,11,11,0,15,6,"4,5,6,7,8,9,10,11,12,13,14","4,5,6,7,8,9,10,11,12,13,14",-,"1,2,3,4,5,6,7,8,9,10,11,12,13,14,15","5,6,7,8,9,10",0.109280288,0.051135517,0.074364658,21.246672,16.238262,no,yes
COMPARISON_RELAXED,32,5.000000000000,1.150000000000,184.000000000000,184,0.027173913043,5.750000000000,0.750000000000,0.130434782609,0.004076086957,8,6,6,0,8,2,"5,7,9,11,13,15","5,7,9,11,13,15",-,"1,3,5,7,9,11,13,15","9,11",0.098155524,0.057399039,0.077777281,21.246672,16.232871,no,yes
COMPARISON_RELAXED,33,5.000000000000,1.150000000000,189.750000000000,190,0.026350461133,5.750000000000,0.750000000000,0.130434782609,0.003952569170,10,7,7,0,10,1,"4,5,7,8,10,13,14","4,5,7,8,10,13,14",-,"1,2,4,5,7,8,10,13,14,16",8,0.088223854,0.088223854,0.088223854,21.246672,16.227486,no,yes
COMPARISON_RELAXED,34,5.000000000000,1.150000000000,195.500000000000,196,0.025575447570,5.750000000000,0.750000000000,0.130434782609,0.003836317136,8,6,6,0,8,2,"5,7,9,11,13,15","5,7,9,11,13,15",-,"1,3,5,7,9,11,13,15","7,11",0.098426704,0.067914677,0.083170691,21.246672,16.222722,no,yes
COMPARISON_RELAXED,35,5.000000000000,1.150000000000,201.250000000000,202,0.024844720497,5.750000000000,0.750000000000,0.130434782609,0.003726708075,12,8,8,0,12,3,"4,6,8,9,11,12,13,16","4,6,8,9,11,12,13,16",-,"1,2,3,4,6,8,9,11,12,13,16,17","6,9,12",0.089265822,0.051802149,0.074536443,21.246672,16.217963,no,yes
COMPARISON_RELAXED,36,5.000000000000,1.150000000000,207.000000000000,207,0.024154589372,5.750000000000,0.750000000000,0.130434782609,0.003623188406,6,4,4,0,6,1,"5,7,11,13","5,7,11,13",-,"1,5,7,11,13,17",7,0.062149527,0.062149527,0.062149527,21.246672,16.213722,no,yes
COMPARISON_RELAXED,37,5.000000000000,1.150000000000,212.750000000000,213,0.023501762632,5.750000000000,0.750000000000,0.130434782609,0.003525264395,18,14,14,0,18,2,"4,5,6,7,8,9,10,11,12,13,14,15,16,17","4,5,6,7,8,9,10,11,12,13,14,15,16,17",-,"1,2,3,4,5,6,7,8,9,10,11,12,13,14,15,16,17,18","9,12",0.089527663,0.077546246,0.083536954,21.246672,16.209486,no,yes
COMPARISON_RELAXED,38,5.000000000000,1.150000000000,218.500000000000,219,0.022883295195,5.750000000000,0.750000000000,0.130434782609,0.003432494279,9,7,7,0,9,1,"5,7,9,11,13,15,17","5,7,9,11,13,15,17",-,"1,3,5,7,9,11,13,15,17",13,0.081852861,0.081852861,0.081852861,21.246672,16.205687,no,yes
COMPARISON_RELAXED,39,5.000000000000,1.150000000000,224.250000000000,225,0.022296544036,5.750000000000,0.750000000000,0.130434782609,0.003344481605,12,9,9,0,12,2,"4,5,7,8,10,11,14,16,17","4,5,7,8,10,11,14,16,17",-,"1,2,4,5,7,8,10,11,14,16,17,19","8,10",0.073120951,0.057851322,0.065486137,21.246672,16.201892,no,yes
COMPARISON_RELAXED,40,5.000000000000,1.150000000000,230.000000000000,230,0.021739130435,5.750000000000,0.750000000000,0.130434782609,0.003260869565,8,5,5,0,8,1,"7,9,11,13,17","7,9,11,13,17",-,"1,3,7,9,11,13,17,19",13,0.082100000,0.082100000,0.082100000,21.246672,16.198469,no,yes
COMPARISON_RELAXED,41,5.000000000000,1.150000000000,235.750000000000,236,0.021208907741,5.750000000000,0.750000000000,0.130434782609,0.003181336161,20,15,15,0,20,3,"5,6,7,8,9,10,11,12,13,14,15,16,17,18,19","5,6,7,8,9,10,11,12,13,14,15,16,17,18,19",-,"1,2,3,4,5,6,7,8,9,10,11,12,13,14,15,16,17,18,19,20","8,10,14",0.075576833,0.053596007,0.066115366,21.246672,16.195050,no,yes
COMPARISON_RELAXED,42,5.000000000000,1.150000000000,241.500000000000,242,0.020703933747,5.750000000000,0.750000000000,0.130434782609,0.003105590062,6,5,5,0,6,0,"5,11,13,17,19","5,11,13,17,19",-,"1,5,11,13,17,19",-,0.000000000,0.000000000,0.000000000,21.246672,16.191950,no,no
COMPARISON_RELAXED,43,5.000000000000,1.150000000000,247.250000000000,248,0.020222446916,5.750000000000,0.750000000000,0.130434782609,0.003033367037,21,16,16,0,21,2,"5,6,7,8,9,10,11,12,13,14,15,16,17,18,19,20","5,6,7,8,9,10,11,12,13,14,15,16,17,18,19,20",-,"1,2,3,4,5,6,7,8,9,10,11,12,13,14,15,16,17,18,19,20,21","11,14",0.075807405,0.065629834,0.070718619,21.246672,16.188853,no,yes
COMPARISON_RELAXED,44,5.000000000000,1.150000000000,253.000000000000,253,0.019762845850,5.750000000000,0.750000000000,0.130434782609,0.002964426877,10,7,7,0,10,2,"5,7,9,13,15,17,19","5,7,9,13,15,17,19",-,"1,3,5,7,9,13,15,17,19,21","9,15",0.070194775,0.050382821,0.060288798,21.246672,16.186033,no,yes
COMPARISON_RELAXED,45,5.000000000000,1.150000000000,258.750000000000,259,0.019323671498,5.750000000000,0.750000000000,0.130434782609,0.002898550725,12,8,8,0,12,1,"7,8,11,13,14,16,17,19","7,8,11,13,14,16,17,19",-,"1,2,4,7,8,11,13,14,16,17,19,22",11,0.062431619,0.062431619,0.062431619,21.246672,16.183214,no,yes
COMPARISON_RELAXED,46,5.000000000000,1.150000000000,264.500000000000,265,0.018903591682,5.750000000000,0.750000000000,0.130434782609,0.002835538752,11,9,9,0,11,1,"5,7,9,11,13,15,17,19,21","5,7,9,11,13,15,17,19,21",-,"1,3,5,7,9,11,13,15,17,19,21",15,0.070408646,0.070408646,0.070408646,21.246672,16.180637,no,yes
COMPARISON_RELAXED,47,5.000000000000,1.150000000000,270.250000000000,271,0.018501387604,5.750000000000,0.750000000000,0.130434782609,0.002775208141,23,18,18,0,23,2,"5,6,7,8,9,10,11,12,13,14,15,16,17,18,19,20,21,22","5,6,7,8,9,10,11,12,13,14,15,16,17,18,19,20,21,22",-,"1,2,3,4,5,6,7,8,9,10,11,12,13,14,15,16,17,18,19,20,21,22,23","12,16",0.065528359,0.059530524,0.062529442,21.246672,16.178062,no,yes
COMPARISON_RELAXED,48,5.000000000000,1.150000000000,276.000000000000,276,0.018115942029,5.750000000000,0.750000000000,0.130434782609,0.002717391304,8,6,6,0,8,0,"5,7,11,13,17,19","5,7,11,13,17,19",-,"1,5,7,11,13,17,19,23",-,0.000000000,0.000000000,0.000000000,21.246672,16.175698,no,no
COMPARISON_RELAXED,49,5.000000000000,1.150000000000,281.750000000000,282,0.017746228926,5.750000000000,0.750000000000,0.130434782609,0.002661934339,21,15,15,0,21,2,"6,8,9,10,11,12,13,15,16,17,18,19,20,22,23","6,8,9,10,11,12,13,15,16,17,18,19,20,22,23",-,"1,2,3,4,5,6,8,9,10,11,12,13,15,16,17,18,19,20,22,23,24","12,16",0.065726225,0.056886992,0.061306608,21.246672,16.173335,no,yes
COMPARISON_RELAXED,50,5.000000000000,1.150000000000,287.500000000000,288,0.017391304348,5.750000000000,0.750000000000,0.130434782609,0.002608695652,10,8,8,0,10,1,"7,9,11,13,17,19,21,23","7,9,11,13,17,19,21,23",-,"1,3,7,9,11,13,17,19,21,23",17,0.061443734,0.061443734,0.061443734,21.246672,16.171159,no,yes
COMPARISON_RELAXED,5,5.000000000000,1.200000000000,30.000000000000,30,0.166666666667,6.000000000000,1.000000000000,0.166666666667,0.033333333333,2,2,2,0,2,2,"1,2","1,2",-,"1,2","1,2",3.014761936,1.249762008,2.132261972,21.613680,17.629766,no,yes
COMPARISON_RELAXED,6,5.000000000000,1.200000000000,36.000000000000,36,0.138888888889,6.000000000000,1.000000000000,0.166666666667,0.027777777778,1,1,1,0,1,1,1,1,-,1,1,2.166450586,2.166450586,2.166450586,21.613680,17.439966,no,yes
COMPARISON_RELAXED,7,5.000000000000,1.200000000000,42.000000000000,42,0.119047619048,6.000000000000,1.000000000000,0.166666666667,0.023809523810,3,3,3,0,3,3,"1,2,3","1,2,3",-,"1,2,3","1,2,3",1.615593269,0.541099495,1.072767842,21.613680,17.258115,no,yes
COMPARISON_RELAXED,8,5.000000000000,1.200000000000,48.000000000000,48,0.104166666667,6.000000000000,1.000000000000,0.166666666667,0.020833333333,2,2,2,0,2,2,"1,3","1,3",-,"1,3","1,3",1.244903553,0.622302042,0.933602798,21.613680,17.159040,no,yes
COMPARISON_RELAXED,9,5.000000000000,1.200000000000,54.000000000000,54,0.092592592593,6.000000000000,1.000000000000,0.166666666667,0.018518518519,3,3,3,0,3,3,"1,2,4","1,2,4",-,"1,2,4","1,2,4",0.985912857,0.301394567,0.644038934,21.613680,17.062176,no,yes
COMPARISON_RELAXED,10,5.000000000000,1.200000000000,60.000000000000,60,0.083333333333,6.000000000000,1.000000000000,0.166666666667,0.016666666667,2,1,1,0,2,1,3,3,-,"1,3",3,0.590812111,0.590812111,0.590812111,21.613680,17.001288,no,yes
COMPARISON_RELAXED,11,5.000000000000,1.200000000000,66.000000000000,66,0.075757575758,6.000000000000,1.000000000000,0.166666666667,0.015151515152,5,4,4,0,5,4,"2,3,4,5","2,3,4,5",-,"1,2,3,4,5","2,3,4,5",0.463046747,0.191903929,0.366951382,21.613680,16.941242,no,yes
COMPARISON_RELAXED,12,5.000000000000,1.200000000000,72.000000000000,72,0.069444444444,6.000000000000,1.000000000000,0.166666666667,0.013888888889,2,1,1,0,2,1,5,5,-,"1,5",5,0.187799546,0.187799546,0.187799546,21.613680,16.900023,no,yes
COMPARISON_RELAXED,13,5.000000000000,1.200000000000,78.000000000000,78,0.064102564103,6.000000000000,1.000000000000,0.166666666667,0.012820512821,6,5,5,0,6,5,"2,3,4,5,6","2,3,4,5,6",-,"1,2,3,4,5,6","2,3,4,5,6",0.406485068,0.132842203,0.274686307,21.613680,16.859191,no,yes
COMPARISON_RELAXED,14,5.000000000000,1.200000000000,84.000000000000,84,0.059523809524,6.000000000000,1.000000000000,0.166666666667,0.011904761905,3,2,2,0,3,2,"3,5","3,5",-,"1,3,5","3,5",0.312342216,0.283371887,0.297857051,21.613680,16.829434,no,yes
COMPARISON_RELAXED,15,5.000000000000,1.200000000000,90.000000000000,90,0.055555555556,6.000000000000,1.000000000000,0.166666666667,0.011111111111,4,3,3,0,4,3,"2,4,7","2,4,7",-,"1,2,4,7","2,4,7",0.296030714,0.097384850,0.189073396,21.613680,16.799879,no,yes
COMPARISON_RELAXED,16,5.000000000000,1.200000000000,96.000000000000,96,0.052083333333,6.000000000000,1.000000000000,0.166666666667,0.010416666667,4,3,3,0,4,3,"3,5,7","3,5,7",-,"1,3,5,7","3,5,7",0.308993188,0.079711392,0.202969272,21.613680,16.777386,no,yes
COMPARISON_RELAXED,17,5.000000000000,1.200000000000,102.000000000000,102,0.049019607843,6.000000000000,1.000000000000,0.166666666667,0.009803921569,8,7,7,0,8,7,"2,3,4,5,6,7,8","2,3,4,5,6,7,8",-,"1,2,3,4,5,6,7,8","2,3,4,5,6,7,8",0.250772360,0.074440691,0.167248344,21.613680,16.755008,no,yes
COMPARISON_RELAXED,18,5.000000000000,1.200000000000,108.000000000000,108,0.046296296296,6.000000000000,1.000000000000,0.166666666667,0.009259259259,3,2,2,0,3,2,"5,7","5,7",-,"1,5,7","5,7",0.167370837,0.128892702,0.148131770,21.613680,16.737408,no,yes
COMPARISON_RELAXED,19,5.000000000000,1.200000000000,114.000000000000,114,0.043859649123,6.000000000000,1.000000000000,0.166666666667,0.008771929825,9,7,7,0,9,7,"2,3,4,5,6,7,8","2,3,4,5,6,7,8",-,"1,2,3,4,5,6,7,8,9","2,3,4,5,6,7,8",0.248908948,0.073942906,0.151557255,21.613680,16.719878,no,yes
COMPARISON_RELAXED,20,5.000000000000,1.200000000000,120.000000000000,120,0.041666666667,6.000000000000,1.000000000000,0.166666666667,0.008333333333,4,3,3,0,4,2,"3,7,9","3,7,9",-,"1,3,7,9","3,7",0.208722382,0.116226950,0.162474666,21.613680,16.705731,no,yes
COMPARISON_RELAXED,21,5.000000000000,1.200000000000,126.000000000000,126,0.039682539683,6.000000000000,1.000000000000,0.166666666667,0.007936507937,6,3,3,0,6,3,"4,5,8","4,5,8",-,"1,2,4,5,8,10","4,5,8",0.192025774,0.085720180,0.143420924,21.613680,16.691630,no,yes
COMPARISON_RELAXED,22,5.000000000000,1.200000000000,132.000000000000,132,0.037878787879,6.000000000000,1.000000000000,0.166666666667,0.007575757576,5,4,4,0,5,4,"3,5,7,9","3,5,7,9",-,"1,3,5,7,9","3,5,7,9",0.208250782,0.083692787,0.124258890,21.613680,16.680010,no,yes
COMPARISON_RELAXED,23,5.000000000000,1.200000000000,138.000000000000,138,0.036231884058,6.000000000000,1.000000000000,0.166666666667,0.007246376812,11,8,8,0,11,7,"3,4,5,6,7,8,9,10","3,4,5,6,7,8,9,10",-,"1,2,3,4,5,6,7,8,9,10,11","3,4,5,6,7,8,9",0.179040700,0.079622640,0.118913332,21.613680,16.668422,no,yes
COMPARISON_RELAXED,24,5.000000000000,1.200000000000,144.000000000000,144,0.034722222222,6.000000000000,1.000000000000,0.166666666667,0.006944444444,4,3,3,0,4,2,"5,7,11","5,7,11",-,"1,5,7,11","5,7",0.132978081,0.106303266,0.119640673,21.613680,16.658708,no,yes
COMPARISON_RELAXED,25,5.000000000000,1.200000000000,150.000000000000,150,0.033333333333,6.000000000000,1.000000000000,0.166666666667,0.006666666667,10,7,7,0,10,6,"3,4,6,7,8,9,11","3,4,6,7,8,9,11",-,"1,2,3,4,6,7,8,9,11,12","3,4,6,7,8,9",0.178942658,0.065471235,0.110845179,21.613680,16.649015,no,yes
COMPARISON_RELAXED,26,5.000000000000,1.200000000000,156.000000000000,156,0.032051282051,6.000000000000,1.000000000000,0.166666666667,0.006410256410,6,5,5,0,6,4,"3,5,7,9,11","3,5,7,9,11",-,"1,3,5,7,9,11","3,5,7,9",0.156752918,0.056666120,0.102217165,21.613680,16.640774,no,yes
COMPARISON_RELAXED,27,5.000000000000,1.200000000000,162.000000000000,162,0.030864197531,6.000000000000,1.000000000000,0.166666666667,0.006172839506,9,6,6,0,9,6,"4,5,7,8,10,11","4,5,7,8,10,11",-,"1,2,4,5,7,8,10,11,13","4,5,7,8,10,11",0.142072784,0.062556999,0.081206534,21.613680,16.632548,no,yes
COMPARISON_RELAXED,28,5.000000000000,1.200000000000,168.000000000000,168,0.029761904762,6.000000000000,1.000000000000,0.166666666667,0.005952380952,6,5,5,0,6,3,"3,5,9,11,13","3,5,9,11,13",-,"1,3,5,9,11,13","5,9,11",0.156829708,0.063085803,0.096874575,21.613680,16.625468,no,yes
COMPARISON_RELAXED,29,5.000000000000,1.200000000000,174.000000000000,174,0.028735632184,6.000000000000,1.000000000000,0.166666666667,0.005747126437,14,11,11,0,14,8,"3,4,5,6,7,8,9,10,11,12,13","3,4,5,6,7,8,9,10,11,12,13",-,"1,2,3,4,5,6,7,8,9,10,11,12,13,14","4,5,6,7,8,9,10,11",0.139401251,0.053662016,0.087640141,21.613680,16.618399,no,yes
COMPARISON_RELAXED,30,5.000000000000,1.200000000000,180.000000000000,180,0.027777777778,6.000000000000,1.000000000000,0.166666666667,0.005555555556,4,3,3,0,4,1,"7,11,13","7,11,13",-,"1,7,11,13",7,0.058904145,0.058904145,0.058904145,21.613680,16.612251,no,yes
COMPARISON_RELAXED,31,5.000000000000,1.200000000000,186.000000000000,186,0.026881720430,6.000000000000,1.000000000000,0.166666666667,0.005376344086,15,11,11,0,15,7,"4,5,6,7,8,9,10,11,12,13,14","4,5,6,7,8,9,10,11,12,13,14",-,"1,2,3,4,5,6,7,8,9,10,11,12,13,14,15","4,5,6,7,8,9,10",0.139559893,0.051494977,0.088799838,21.613680,16.606111,no,yes
COMPARISON_RELAXED,32,5.000000000000,1.200000000000,192.000000000000,192,0.026041666667,6.000000000000,1.000000000000,0.166666666667,0.005208333333,8,6,6,0,8,4,"5,7,9,11,13,15","5,7,9,11,13,15",-,"1,3,5,7,9,11,13,15","7,9,11,13",0.125508932,0.054084258,0.078741507,21.613680,16.600722,no,yes
COMPARISON_RELAXED,33,5.000000000000,1.200000000000,198.000000000000,198,0.025252525253,6.000000000000,1.000000000000,0.166666666667,0.005050505051,10,7,7,0,10,3,"4,5,7,8,10,13,14","4,5,7,8,10,13,14",-,"1,2,4,5,7,8,10,13,14,16","8,10,13",0.112734068,0.053799372,0.074713087,21.613680,16.595340,no,yes
COMPARISON_RELAXED,34,5.000000000000,1.200000000000,204.000000000000,204,0.024509803922,6.000000000000,1.000000000000,0.166666666667,0.004901960784,8,6,6,0,8,3,"5,7,9,11,13,15","5,7,9,11,13,15",-,"1,3,5,7,9,11,13,15","5,7,11",0.125703436,0.055201792,0.089223740,21.613680,16.590577,no,yes
COMPARISON_RELAXED,35,5.000000000000,1.200000000000,210.000000000000,210,0.023809523810,6.000000000000,1.000000000000,0.166666666667,0.004761904762,12,8,8,0,12,3,"4,6,8,9,11,12,13,16","4,6,8,9,11,12,13,16",-,"1,2,3,4,6,8,9,11,12,13,16,17","6,9,12",0.114135010,0.066176222,0.095261253,21.613680,16.585820,no,yes
COMPARISON_RELAXED,36,5.000000000000,1.200000000000,216.000000000000,216,0.023148148148,6.000000000000,1.000000000000,0.166666666667,0.004629629630,6,4,4,0,6,1,"5,7,11,13","5,7,11,13",-,"1,5,7,11,13,17",7,0.079428453,0.079428453,0.079428453,21.613680,16.581582,no,yes
COMPARISON_RELAXED,37,5.000000000000,1.200000000000,222.000000000000,222,0.022522522523,6.000000000000,1.000000000000,0.166666666667,0.004504504505,18,14,14,0,18,3,"4,5,6,7,8,9,10,11,12,13,14,15,16,17","4,5,6,7,8,9,10,11,12,13,14,15,16,17",-,"1,2,3,4,5,6,7,8,9,10,11,12,13,14,15,16,17,18","6,9,12",0.114341834,0.059997363,0.091142875,21.613680,16.577347,no,yes
COMPARISON_RELAXED,38,5.000000000000,1.200000000000,228.000000000000,228,0.021929824561,6.000000000000,1.000000000000,0.166666666667,0.004385964912,9,7,7,0,9,2,"5,7,9,11,13,15,17","5,7,9,11,13,15,17",-,"1,3,5,7,9,11,13,15,17","11,13",0.104651488,0.058499031,0.081575259,21.613680,16.573550,no,yes
COMPARISON_RELAXED,39,5.000000000000,1.200000000000,234.000000000000,234,0.021367521368,6.000000000000,1.000000000000,0.166666666667,0.004273504274,12,9,9,0,12,3,"4,5,7,8,10,11,14,16,17","4,5,7,8,10,11,14,16,17",-,"1,2,4,5,7,8,10,11,14,16,17,19","8,10,11",0.093434514,0.057238751,0.074861204,21.613680,16.569756,no,yes
COMPARISON_RELAXED,40,5.000000000000,1.200000000000,240.000000000000,240,0.020833333333,6.000000000000,1.000000000000,0.166666666667,0.004166666667,8,5,5,0,8,1,"7,9,11,13,17","7,9,11,13,17",-,"1,3,7,9,11,13,17,19",13,0.104858412,0.104858412,0.104858412,21.613680,16.566335,no,yes
COMPARISON_RELAXED,41,5.000000000000,1.200000000000,246.000000000000,246,0.020325203252,6.000000000000,1.000000000000,0.166666666667,0.004065040650,20,15,15,0,20,4,"5,6,7,8,9,10,11,12,13,14,15,16,17,18,19","5,6,7,8,9,10,11,12,13,14,15,16,17,18,19",-,"1,2,3,4,5,6,7,8,9,10,11,12,13,14,15,16,17,18,19,20","7,8,10,14",0.096623178,0.054707812,0.077054092,21.613680,16.562917,no,yes
COMPARISON_RELAXED,42,5.000000000000,1.200000000000,252.000000000000,252,0.019841269841,6.000000000000,1.000000000000,0.166666666667,0.003968253968,6,5,5,0,6,0,"5,11,13,17,19","5,11,13,17,19",-,"1,5,11,13,17,19",-,0.000000000,0.000000000,0.000000000,21.613680,16.559818,no,no
COMPARISON_RELAXED,43,5.000000000000,1.200000000000,258.000000000000,258,0.019379844961,6.000000000000,1.000000000000,0.166666666667,0.003875968992,21,16,16,0,21,3,"5,6,7,8,9,10,11,12,13,14,15,16,17,18,19,20","5,6,7,8,9,10,11,12,13,14,15,16,17,18,19,20",-,"1,2,3,4,5,6,7,8,9,10,11,12,13,14,15,16,17,18,19,20,21","7,11,14",0.096823925,0.050383224,0.077023043,21.613680,16.556722,no,yes
COMPARISON_RELAXED,44,5.000000000000,1.200000000000,264.000000000000,264,0.018939393939,6.000000000000,1.000000000000,0.166666666667,0.003787878788,10,7,7,0,10,2,"5,7,9,13,15,17,19","5,7,9,13,15,17,19",-,"1,3,5,7,9,13,15,17,19,21","9,15",0.089738968,0.064369434,0.077054201,21.613680,16.553903,no,yes
COMPARISON_RELAXED,45,5.000000000000,1.200000000000,270.000000000000,270,0.018518518519,6.000000000000,1.000000000000,0.166666666667,0.003703703704,12,8,8,0,12,1,"7,8,11,13,14,16,17,19","7,8,11,13,14,16,17,19",-,"1,2,4,7,8,11,13,14,16,17,19,22",11,0.079775166,0.079775166,0.079775166,21.613680,16.551086,no,yes
COMPARISON_RELAXED,46,5.000000000000,1.200000000000,276.000000000000,276,0.018115942029,6.000000000000,1.000000000000,0.166666666667,0.003623188406,11,9,9,0,11,2,"5,7,9,11,13,15,17,19,21","5,7,9,11,13,15,17,19,21",-,"1,3,5,7,9,11,13,15,17,19,21","9,15",0.089930471,0.060209224,0.075069847,21.613680,16.548510,no,yes
COMPARISON_RELAXED,47,5.000000000000,1.200000000000,282.000000000000,282,0.017730496454,6.000000000000,1.000000000000,0.166666666667,0.003546099291,23,18,18,0,23,2,"5,6,7,8,9,10,11,12,13,14,15,16,17,18,19,20,21,22","5,6,7,8,9,10,11,12,13,14,15,16,17,18,19,20,21,22",-,"1,2,3,4,5,6,7,8,9,10,11,12,13,14,15,16,17,18,19,20,21,22,23","12,16",0.083770540,0.076068037,0.079919289,21.613680,16.545936,no,yes
COMPARISON_RELAXED,48,5.000000000000,1.200000000000,288.000000000000,288,0.017361111111,6.000000000000,1.000000000000,0.166666666667,0.003472222222,8,6,6,0,8,0,"5,7,11,13,17,19","5,7,11,13,17,19",-,"1,5,7,11,13,17,19,23",-,0.000000000,0.000000000,0.000000000,21.613680,16.543573,no,no
COMPARISON_RELAXED,49,5.000000000000,1.200000000000,294.000000000000,294,0.017006802721,6.000000000000,1.000000000000,0.166666666667,0.003401360544,21,15,15,0,21,3,"6,8,9,10,11,12,13,15,16,17,18,19,20,22,23","6,8,9,10,11,12,13,15,16,17,18,19,20,22,23",-,"1,2,3,4,5,6,8,9,10,11,12,13,15,16,17,18,19,20,22,23,24","10,12,16",0.083951495,0.057008379,0.071216639,21.613680,16.541211,no,yes
COMPARISON_RELAXED,50,5.000000000000,1.200000000000,300.000000000000,300,0.016666666667,6.000000000000,1.000000000000,0.166666666667,0.003333333333,10,8,8,0,10,1,"7,9,11,13,17,19,21,23","7,9,11,13,17,19,21,23",-,"1,3,7,9,11,13,17,19,21,23",17,0.078546544,0.078546544,0.078546544,21.613680,16.539036,no,yes
COMPARISON_RELAXED,5,5.000000000000,1.300000000000,32.500000000000,33,0.153846153846,6.500000000000,1.500000000000,0.230769230769,0.046153846154,2,2,2,0,2,2,"1,2","1,2",-,"1,2","1,2",4.109363531,1.711815969,2.910589750,22.304489,18.321242,no,yes
COMPARISON_RELAXED,6,5.000000000000,1.300000000000,39.000000000000,39,0.128205128205,6.500000000000,1.500000000000,0.230769230769,0.038461538462,1,1,1,0,1,1,1,1,-,1,1,2.939360676,2.939360676,2.939360676,22.304489,18.131582,no,yes
COMPARISON_RELAXED,7,5.000000000000,1.300000000000,45.500000000000,46,0.109890109890,6.500000000000,1.500000000000,0.230769230769,0.032967032967,3,3,3,0,3,3,"1,2,3","1,2,3",-,"1,2,3","1,2,3",2.185258617,0.734642972,1.462854973,22.304489,17.949859,no,yes
COMPARISON_RELAXED,8,5.000000000000,1.300000000000,52.000000000000,52,0.096153846154,6.500000000000,1.500000000000,0.230769230769,0.028846153846,2,2,2,0,2,2,"1,3","1,3",-,"1,3","1,3",1.680257932,0.864325104,1.272291518,22.304489,17.850857,no,yes
COMPARISON_RELAXED,9,5.000000000000,1.300000000000,58.500000000000,59,0.085470085470,6.500000000000,1.500000000000,0.230769230769,0.025641025641,3,3,3,0,3,3,"1,2,4","1,2,4",-,"1,2,4","1,2,4",1.328618617,0.407424184,0.876311601,22.304489,17.754061,no,yes
COMPARISON_RELAXED,10,5.000000000000,1.300000000000,65.000000000000,65,0.076923076923,6.500000000000,1.500000000000,0.230769230769,0.023076923077,2,1,1,0,2,1,3,3,-,"1,3",3,0.816909594,0.816909594,0.816909594,22.304489,17.693218,no,yes
COMPARISON_RELAXED,11,5.000000000000,1.300000000000,71.500000000000,72,0.069930069930,6.500000000000,1.500000000000,0.230769230769,0.020979020979,5,4,4,0,5,4,"2,3,4,5","2,3,4,5",-,"1,2,3,4,5","2,3,4,5",0.641280412,0.258759228,0.506869021,22.304489,17.633215,no,yes
COMPARISON_RELAXED,12,5.000000000000,1.300000000000,78.000000000000,78,0.064102564103,6.500000000000,1.500000000000,0.230769230769,0.019230769231,2,1,1,0,2,1,5,5,-,"1,5",5,0.260450542,0.260450542,0.260450542,22.304489,17.592026,no,yes
COMPARISON_RELAXED,13,5.000000000000,1.300000000000,84.500000000000,85,0.059171597633,6.500000000000,1.500000000000,0.230769230769,0.017751479290,6,5,5,0,6,5,"2,3,4,5,6","2,3,4,5,6",-,"1,2,3,4,5,6","2,3,4,5,6",0.562002146,0.178827588,0.379105847,22.304489,17.551223,no,yes
COMPARISON_RELAXED,14,5.000000000000,1.300000000000,91.000000000000,91,0.054945054945,6.500000000000,1.500000000000,0.230769230769,0.016483516484,3,2,2,0,3,2,"3,5","3,5",-,"1,3,5","3,5",0.433634986,0.392236373,0.412935679,22.304489,17.521487,no,yes
COMPARISON_RELAXED,15,5.000000000000,1.300000000000,97.500000000000,98,0.051282051282,6.500000000000,1.500000000000,0.230769230769,0.015384615385,4,3,3,0,4,3,"2,4,7","2,4,7",-,"1,2,4,7","2,4,7",0.409965976,0.130945775,0.260537656,22.304489,17.491953,no,yes
COMPARISON_RELAXED,16,5.000000000000,1.300000000000,104.000000000000,104,0.048076923077,6.500000000000,1.500000000000,0.230769230769,0.014423076923,4,3,3,0,4,3,"3,5,7","3,5,7",-,"1,3,5,7","3,5,7",0.427237171,0.110474601,0.280925236,22.304489,17.469476,no,yes
COMPARISON_RELAXED,17,5.000000000000,1.300000000000,110.500000000000,111,0.045248868778,6.500000000000,1.500000000000,0.230769230769,0.013574660633,8,7,7,0,8,7,"2,3,4,5,6,7,8","2,3,4,5,6,7,8",-,"1,2,3,4,5,6,7,8","2,3,4,5,6,7,8",0.347279298,0.100010042,0.231301028,22.304489,17.447114,no,yes
COMPARISON_RELAXED,18,5.000000000000,1.300000000000,117.000000000000,117,0.042735042735,6.500000000000,1.500000000000,0.230769230769,0.012820512821,3,2,2,0,3,2,"5,7","5,7",-,"1,5,7","5,7",0.231718600,0.178169874,0.204944237,22.304489,17.429526,no,yes
COMPARISON_RELAXED,19,5.000000000000,1.300000000000,123.500000000000,124,0.040485829960,6.500000000000,1.500000000000,0.230769230769,0.012145748988,9,7,7,0,9,7,"2,3,4,5,6,7,8","2,3,4,5,6,7,8",-,"1,2,3,4,5,6,7,8,9","2,3,4,5,6,7,8",0.344192682,0.102262030,0.209772234,22.304489,17.412009,no,yes
COMPARISON_RELAXED,20,5.000000000000,1.300000000000,130.000000000000,130,0.038461538462,6.500000000000,1.500000000000,0.230769230769,0.011538461538,4,3,3,0,4,3,"3,7,9","3,7,9",-,"1,3,7,9","3,7,9",0.289566105,0.056700733,0.169039235,22.304489,17.397872,no,yes
COMPARISON_RELAXED,21,5.000000000000,1.300000000000,136.500000000000,137,0.036630036630,6.500000000000,1.500000000000,0.230769230769,0.010989010989,6,3,3,0,6,3,"4,5,8","4,5,8",-,"1,2,4,5,8,10","4,5,8",0.265913178,0.118747840,0.198648256,22.304489,17.383781,no,yes
COMPARISON_RELAXED,22,5.000000000000,1.300000000000,143.000000000000,143,0.034965034965,6.500000000000,1.500000000000,0.230769230769,0.010489510490,5,4,4,0,5,4,"3,5,7,9","3,5,7,9",-,"1,3,5,7,9","3,5,7,9",0.287998209,0.116112862,0.172038832,22.304489,17.372169,no,yes
COMPARISON_RELAXED,23,5.000000000000,1.300000000000,149.500000000000,150,0.033444816054,6.500000000000,1.500000000000,0.230769230769,0.010033444816,11,8,8,0,11,8,"3,4,5,6,7,8,9,10","3,4,5,6,7,8,9,10",-,"1,2,3,4,5,6,7,8,9,10,11","3,4,5,6,7,8,9,10",0.248327053,0.064847173,0.152191147,22.304489,17.360589,no,yes
COMPARISON_RELAXED,24,5.000000000000,1.300000000000,156.000000000000,156,0.032051282051,6.500000000000,1.500000000000,0.230769230769,0.009615384615,4,3,3,0,4,2,"5,7,11","5,7,11",-,"1,5,7,11","5,7",0.184060710,0.147216271,0.165638491,22.304489,17.350881,no,yes
COMPARISON_RELAXED,25,5.000000000000,1.300000000000,162.500000000000,163,0.030769230769,6.500000000000,1.500000000000,0.230769230769,0.009230769231,10,7,7,0,10,6,"3,4,6,7,8,9,11","3,4,6,7,8,9,11",-,"1,2,3,4,6,7,8,9,11,12","3,4,6,7,8,9",0.247489098,0.090640540,0.153451083,22.304489,17.341196,no,yes
COMPARISON_RELAXED,26,5.000000000000,1.300000000000,169.000000000000,169,0.029585798817,6.500000000000,1.500000000000,0.230769230769,0.008875739645,6,5,5,0,6,5,"3,5,7,9,11","3,5,7,9,11",-,"1,3,5,7,9,11","3,5,7,9,11",0.217372202,0.063026055,0.125902754,22.304489,17.332960,no,yes
COMPARISON_RELAXED,27,5.000000000000,1.300000000000,175.500000000000,176,0.028490028490,6.500000000000,1.500000000000,0.230769230769,0.008547008547,9,6,6,0,9,6,"4,5,7,8,10,11","4,5,7,8,10,11",-,"1,2,4,5,7,8,10,11,13","4,5,7,8,10,11",0.196731386,0.086572980,0.112449240,22.304489,17.324740,no,yes
COMPARISON_RELAXED,28,5.000000000000,1.300000000000,182.000000000000,182,0.027472527473,6.500000000000,1.500000000000,0.230769230769,0.008241758242,6,5,5,0,6,4,"3,5,9,11,13","3,5,9,11,13",-,"1,3,5,9,11,13","3,5,9,11",0.216923000,0.066209917,0.117064086,22.304489,17.317665,no,yes
COMPARISON_RELAXED,29,5.000000000000,1.300000000000,188.500000000000,189,0.026525198939,6.500000000000,1.500000000000,0.230769230769,0.007957559682,14,11,11,0,14,9,"3,4,5,6,7,8,9,10,11,12,13","3,4,5,6,7,8,9,10,11,12,13",-,"1,2,3,4,5,6,7,8,9,10,11,12,13,14","3,4,5,6,7,8,9,10,11",0.193280296,0.057638966,0.114299877,22.304489,17.310601,no,yes
COMPARISON_RELAXED,30,5.000000000000,1.300000000000,195.000000000000,195,0.025641025641,6.500000000000,1.500000000000,0.230769230769,0.007692307692,4,3,3,0,4,2,"7,11,13","7,11,13",-,"1,7,11,13","7,11",0.081558471,0.064499369,0.073028920,22.304489,17.304457,no,yes
COMPARISON_RELAXED,31,5.000000000000,1.300000000000,201.500000000000,202,0.024813895782,6.500000000000,1.500000000000,0.230769230769,0.007444168734,15,11,11,0,15,9,"4,5,6,7,8,9,10,11,12,13,14","4,5,6,7,8,9,10,11,12,13,14",-,"1,2,3,4,5,6,7,8,9,10,11,12,13,14,15","4,5,6,7,8,9,10,11,12",0.193049669,0.050481623,0.107918247,22.304489,17.298321,no,yes
COMPARISON_RELAXED,32,5.000000000000,1.300000000000,208.000000000000,208,0.024038461538,6.500000000000,1.500000000000,0.230769230769,0.007211538462,8,6,6,0,8,5,"5,7,9,11,13,15","5,7,9,11,13,15",-,"1,3,5,7,9,11,13,15","5,7,9,11,13",0.173996410,0.060989741,0.099483843,22.304489,17.292936,no,yes
COMPARISON_RELAXED,33,5.000000000000,1.300000000000,214.500000000000,215,0.023310023310,6.500000000000,1.500000000000,0.230769230769,0.006993006993,10,7,7,0,10,6,"4,5,7,8,10,13,14","4,5,7,8,10,13,14",-,"1,2,4,5,7,8,10,13,14,16","4,5,7,8,10,13",0.156101780,0.056807838,0.082658640,22.304489,17.287557,no,yes
COMPARISON_RELAXED,34,5.000000000000,1.300000000000,221.000000000000,221,0.022624434389,6.500000000000,1.500000000000,0.230769230769,0.006787330317,8,6,6,0,8,4,"5,7,9,11,13,15","5,7,9,11,13,15",-,"1,3,5,7,9,11,13,15","5,7,9,11",0.173893440,0.063321881,0.108428890,22.304489,17.282798,no,yes
COMPARISON_RELAXED,35,5.000000000000,1.300000000000,227.500000000000,228,0.021978021978,6.500000000000,1.500000000000,0.230769230769,0.006593406593,12,8,8,0,12,7,"4,6,8,9,11,12,13,16","4,6,8,9,11,12,13,16",-,"1,2,3,4,6,8,9,11,12,13,16,17","4,6,8,9,11,12,13",0.158211673,0.050873018,0.089271026,22.304489,17.278045,no,yes
COMPARISON_RELAXED,36,5.000000000000,1.300000000000,234.000000000000,234,0.021367521368,6.500000000000,1.500000000000,0.230769230769,0.006410256410,6,4,4,0,6,4,"5,7,11,13","5,7,11,13",-,"1,5,7,11,13,17","5,7,11,13",0.110014894,0.050444585,0.071481809,22.304489,17.273809,no,yes
COMPARISON_RELAXED,37,5.000000000000,1.300000000000,240.500000000000,241,0.020790020790,6.500000000000,1.500000000000,0.230769230769,0.006237006237,18,14,14,0,18,9,"4,5,6,7,8,9,10,11,12,13,14,15,16,17","4,5,6,7,8,9,10,11,12,13,14,15,16,17",-,"1,2,3,4,5,6,7,8,9,10,11,12,13,14,15,16,17,18","6,7,8,9,10,11,12,14,15",0.158185151,0.050046453,0.080941977,22.304489,17.269577,no,yes
COMPARISON_RELAXED,38,5.000000000000,1.300000000000,247.000000000000,247,0.020242914980,6.500000000000,1.500000000000,0.230769230769,0.006072874494,9,7,7,0,9,5,"5,7,9,11,13,15,17","5,7,9,11,13,15,17",-,"1,3,5,7,9,11,13,15,17","7,9,11,13,15",0.145052823,0.050594778,0.079941179,22.304489,17.265783,no,yes
COMPARISON_RELAXED,39,5.000000000000,1.300000000000,253.500000000000,254,0.019723865878,6.500000000000,1.500000000000,0.230769230769,0.005917159763,12,9,9,0,12,5,"4,5,7,8,10,11,14,16,17","4,5,7,8,10,11,14,16,17",-,"1,2,4,5,7,8,10,11,14,16,17,19","5,7,8,10,11",0.129376026,0.052620173,0.083348305,22.304489,17.261992,no,yes
COMPARISON_RELAXED,40,5.000000000000,1.300000000000,260.000000000000,260,0.019230769231,6.500000000000,1.500000000000,0.230769230769,0.005769230769,8,5,5,0,8,3,"7,9,11,13,17","7,9,11,13,17",-,"1,3,7,9,11,13,17,19","9,11,13",0.145072688,0.056126346,0.088449067,22.304489,17.258573,no,yes
COMPARISON_RELAXED,41,5.000000000000,1.300000000000,266.500000000000,267,0.018761726079,6.500000000000,1.500000000000,0.230769230769,0.005628517824,20,15,15,0,20,6,"5,6,7,8,9,10,11,12,13,14,15,16,17,18,19","5,6,7,8,9,10,11,12,13,14,15,16,17,18,19",-,"1,2,3,4,5,6,7,8,9,10,11,12,13,14,15,16,17,18,19,20","6,7,8,9,10,14",0.133914887,0.060471644,0.091527445,22.304489,17.255157,no,yes
COMPARISON_RELAXED,42,5.000000000000,1.300000000000,273.000000000000,273,0.018315018315,6.500000000000,1.500000000000,0.230769230769,0.005494505495,6,5,5,0,6,1,"5,11,13,17,19","5,11,13,17,19",-,"1,5,11,13,17,19",17,0.055430142,0.055430142,0.055430142,22.304489,17.252061,no,yes
COMPARISON_RELAXED,43,5.000000000000,1.300000000000,279.500000000000,280,0.017889087657,6.500000000000,1.500000000000,0.230769230769,0.005366726297,21,16,16,0,21,6,"5,6,7,8,9,10,11,12,13,14,15,16,17,18,19,20","5,6,7,8,9,10,11,12,13,14,15,16,17,18,19,20",-,"1,2,3,4,5,6,7,8,9,10,11,12,13,14,15,16,17,18,19,20,21","6,7,11,13,14,17",0.133962912,0.052002024,0.080887792,22.304489,17.248967,no,yes
COMPARISON_RELAXED,44,5.000000000000,1.300000000000,286.000000000000,286,0.017482517483,6.500000000000,1.500000000000,0.230769230769,0.005244755245,10,7,7,0,10,2,"5,7,9,13,15,17,19","5,7,9,13,15,17,19",-,"1,3,5,7,9,13,15,17,19,21","9,15",0.124365489,0.089105738,0.106735613,22.304489,17.246150,no,yes
COMPARISON_RELAXED,45,5.000000000000,1.300000000000,292.500000000000,293,0.017094017094,6.500000000000,1.500000000000,0.230769230769,0.005128205128,12,8,8,0,12,2,"7,8,11,13,14,16,17,19","7,8,11,13,14,16,17,19",-,"1,2,4,7,8,11,13,14,16,17,19,22","11,13",0.110461295,0.066144269,0.088302782,22.304489,17.243335,no,yes
COMPARISON_RELAXED,46,5.000000000000,1.300000000000,299.000000000000,299,0.016722408027,6.500000000000,1.500000000000,0.230769230769,0.005016722408,11,9,9,0,11,3,"5,7,9,11,13,15,17,19,21","5,7,9,11,13,15,17,19,21",-,"1,3,5,7,9,11,13,15,17,19,21","9,13,15",0.124430341,0.064976621,0.090932035,22.304489,17.240760,no,yes
COMPARISON_RELAXED,47,5.000000000000,1.300000000000,305.500000000000,306,0.016366612111,6.500000000000,1.500000000000,0.230769230769,0.004909983633,23,18,18,0,23,3,"5,6,7,8,9,10,11,12,13,14,15,16,17,18,19,20,21,22","5,6,7,8,9,10,11,12,13,14,15,16,17,18,19,20,21,22",-,"1,2,3,4,5,6,7,8,9,10,11,12,13,14,15,16,17,18,19,20,21,22,23","8,12,16",0.116087392,0.064533194,0.095316175,22.304489,17.238188,no,yes
COMPARISON_RELAXED,48,5.000000000000,1.300000000000,312.000000000000,312,0.016025641026,6.500000000000,1.500000000000,0.230769230769,0.004807692308,8,6,6,0,8,2,"5,7,11,13,17,19","5,7,11,13,17,19",-,"1,5,7,11,13,17,19,23","7,19",0.051139979,0.050032787,0.050586383,22.304489,17.235826,no,yes
COMPARISON_RELAXED,49,5.000000000000,1.300000000000,318.500000000000,319,0.015698587127,6.500000000000,1.500000000000,0.230769230769,0.004709576138,21,15,15,0,21,4,"6,8,9,10,11,12,13,15,16,17,18,19,20,22,23","6,8,9,10,11,12,13,15,16,17,18,19,20,22,23",-,"1,2,3,4,5,6,8,9,10,11,12,13,15,16,17,18,19,20,22,23,24","8,10,12,16",0.116161889,0.060151078,0.088970185,22.304489,17.233466,no,yes
COMPARISON_RELAXED,50,5.000000000000,1.300000000000,325.000000000000,325,0.015384615385,6.500000000000,1.500000000000,0.230769230769,0.004615384615,10,8,8,0,10,1,"7,9,11,13,17,19,21,23","7,9,11,13,17,19,21,23",-,"1,3,7,9,11,13,17,19,21,23",17,0.108842561,0.108842561,0.108842561,22.304489,17.231292,no,yes
COMPARISON_RELAXED,5,6.000000000000,1.000000000000,30.000000000000,30,0.200000000000,6.000000000000,0.000000000000,0.000000000000,0.000000000000,2,2,2,0,2,0,"1,2","1,2",-,"1,2",-,0.000000000,0.000000000,0.000000000,21.613680,17.629766,yes,no
COMPARISON_RELAXED,6,6.000000000000,1.000000000000,36.000000000000,36,0.166666666667,6.000000000000,0.000000000000,0.000000000000,0.000000000000,1,1,1,0,1,0,1,1,-,1,-,0.000000000,0.000000000,0.000000000,21.613680,17.439966,yes,no
COMPARISON_RELAXED,7,6.000000000000,1.000000000000,42.000000000000,42,0.142857142857,6.000000000000,0.000000000000,0.000000000000,0.000000000000,3,3,3,0,3,0,"1,2,3","1,2,3",-,"1,2,3",-,0.000000000,0.000000000,0.000000000,21.613680,17.258115,yes,no
COMPARISON_RELAXED,8,6.000000000000,1.000000000000,48.000000000000,48,0.125000000000,6.000000000000,0.000000000000,0.000000000000,0.000000000000,2,2,2,0,2,0,"1,3","1,3",-,"1,3",-,0.000000000,0.000000000,0.000000000,21.613680,17.159040,yes,no
COMPARISON_RELAXED,9,6.000000000000,1.000000000000,54.000000000000,54,0.111111111111,6.000000000000,0.000000000000,0.000000000000,0.000000000000,3,3,3,0,3,0,"1,2,4","1,2,4",-,"1,2,4",-,0.000000000,0.000000000,0.000000000,21.613680,17.062176,yes,no
COMPARISON_RELAXED,10,6.000000000000,1.000000000000,60.000000000000,60,0.100000000000,6.000000000000,0.000000000000,0.000000000000,0.000000000000,2,1,1,0,2,0,3,3,-,"1,3",-,0.000000000,0.000000000,0.000000000,21.613680,17.001288,yes,no
COMPARISON_RELAXED,11,6.000000000000,1.000000000000,66.000000000000,66,0.090909090909,6.000000000000,0.000000000000,0.000000000000,0.000000000000,5,4,4,0,5,0,"2,3,4,5","2,3,4,5",-,"1,2,3,4,5",-,0.000000000,0.000000000,0.000000000,21.613680,16.941242,yes,no
COMPARISON_RELAXED,12,6.000000000000,1.000000000000,72.000000000000,72,0.083333333333,6.000000000000,0.000000000000,0.000000000000,0.000000000000,2,1,1,0,2,0,5,5,-,"1,5",-,0.000000000,0.000000000,0.000000000,21.613680,16.900023,yes,no
COMPARISON_RELAXED,13,6.000000000000,1.000000000000,78.000000000000,78,0.076923076923,6.000000000000,0.000000000000,0.000000000000,0.000000000000,6,5,5,0,6,0,"2,3,4,5,6","2,3,4,5,6",-,"1,2,3,4,5,6",-,0.000000000,0.000000000,0.000000000,21.613680,16.859191,yes,no
COMPARISON_RELAXED,14,6.000000000000,1.000000000000,84.000000000000,84,0.071428571429,6.000000000000,0.000000000000,0.000000000000,0.000000000000,3,2,2,0,3,0,"3,5","3,5",-,"1,3,5",-,0.000000000,0.000000000,0.000000000,21.613680,16.829434,yes,no
COMPARISON_RELAXED,15,6.000000000000,1.000000000000,90.000000000000,90,0.066666666667,6.000000000000,0.000000000000,0.000000000000,0.000000000000,4,3,3,0,4,0,"2,4,7","2,4,7",-,"1,2,4,7",-,0.000000000,0.000000000,0.000000000,21.613680,16.799879,yes,no
COMPARISON_RELAXED,16,6.000000000000,1.000000000000,96.000000000000,96,0.062500000000,6.000000000000,0.000000000000,0.000000000000,0.000000000000,4,3,3,0,4,0,"3,5,7","3,5,7",-,"1,3,5,7",-,0.000000000,0.000000000,0.000000000,21.613680,16.777386,yes,no
COMPARISON_RELAXED,17,6.000000000000,1.000000000000,102.000000000000,102,0.058823529412,6.000000000000,0.000000000000,0.000000000000,0.000000000000,8,7,7,0,8,0,"2,3,4,5,6,7,8","2,3,4,5,6,7,8",-,"1,2,3,4,5,6,7,8",-,0.000000000,0.000000000,0.000000000,21.613680,16.755008,yes,no
COMPARISON_RELAXED,18,6.000000000000,1.000000000000,108.000000000000,108,0.055555555556,6.000000000000,0.000000000000,0.000000000000,0.000000000000,3,2,2,0,3,0,"5,7","5,7",-,"1,5,7",-,0.000000000,0.000000000,0.000000000,21.613680,16.737408,yes,no
COMPARISON_RELAXED,19,6.000000000000,1.000000000000,114.000000000000,114,0.052631578947,6.000000000000,0.000000000000,0.000000000000,0.000000000000,9,7,7,0,9,0,"2,3,4,5,6,7,8","2,3,4,5,6,7,8",-,"1,2,3,4,5,6,7,8,9",-,0.000000000,0.000000000,0.000000000,21.613680,16.719878,yes,no
COMPARISON_RELAXED,20,6.000000000000,1.000000000000,120.000000000000,120,0.050000000000,6.000000000000,0.000000000000,0.000000000000,0.000000000000,4,3,3,0,4,0,"3,7,9","3,7,9",-,"1,3,7,9",-,0.000000000,0.000000000,0.000000000,21.613680,16.705731,yes,no
COMPARISON_RELAXED,21,6.000000000000,1.000000000000,126.000000000000,126,0.047619047619,6.000000000000,0.000000000000,0.000000000000,0.000000000000,6,3,3,0,6,0,"4,5,8","4,5,8",-,"1,2,4,5,8,10",-,0.000000000,0.000000000,0.000000000,21.613680,16.691630,yes,no
COMPARISON_RELAXED,22,6.000000000000,1.000000000000,132.000000000000,132,0.045454545455,6.000000000000,0.000000000000,0.000000000000,0.000000000000,5,4,4,0,5,0,"3,5,7,9","3,5,7,9",-,"1,3,5,7,9",-,0.000000000,0.000000000,0.000000000,21.613680,16.680010,yes,no
COMPARISON_RELAXED,23,6.000000000000,1.000000000000,138.000000000000,138,0.043478260870,6.000000000000,0.000000000000,0.000000000000,0.000000000000,11,8,8,0,11,0,"3,4,5,6,7,8,9,10","3,4,5,6,7,8,9,10",-,"1,2,3,4,5,6,7,8,9,10,11",-,0.000000000,0.000000000,0.000000000,21.613680,16.668422,yes,no
COMPARISON_RELAXED,24,6.000000000000,1.000000000000,144.000000000000,144,0.041666666667,6.000000000000,0.000000000000,0.000000000000,0.000000000000,4,3,3,0,4,0,"5,7,11","5,7,11",-,"1,5,7,11",-,0.000000000,0.000000000,0.000000000,21.613680,16.658708,yes,no
COMPARISON_RELAXED,25,6.000000000000,1.000000000000,150.000000000000,150,0.040000000000,6.000000000000,0.000000000000,0.000000000000,0.000000000000,10,7,7,0,10,0,"3,4,6,7,8,9,11","3,4,6,7,8,9,11",-,"1,2,3,4,6,7,8,9,11,12",-,0.000000000,0.000000000,0.000000000,21.613680,16.649015,yes,no
COMPARISON_RELAXED,26,6.000000000000,1.000000000000,156.000000000000,156,0.038461538462,6.000000000000,0.000000000000,0.000000000000,0.000000000000,6,5,5,0,6,0,"3,5,7,9,11","3,5,7,9,11",-,"1,3,5,7,9,11",-,0.000000000,0.000000000,0.000000000,21.613680,16.640774,yes,no
COMPARISON_RELAXED,27,6.000000000000,1.000000000000,162.000000000000,162,0.037037037037,6.000000000000,0.000000000000,0.000000000000,0.000000000000,9,6,6,0,9,0,"4,5,7,8,10,11","4,5,7,8,10,11",-,"1,2,4,5,7,8,10,11,13",-,0.000000000,0.000000000,0.000000000,21.613680,16.632548,yes,no
COMPARISON_RELAXED,28,6.000000000000,1.000000000000,168.000000000000,168,0.035714285714,6.000000000000,0.000000000000,0.000000000000,0.000000000000,6,5,5,0,6,0,"3,5,9,11,13","3,5,9,11,13",-,"1,3,5,9,11,13",-,0.000000000,0.000000000,0.000000000,21.613680,16.625468,yes,no
COMPARISON_RELAXED,29,6.000000000000,1.000000000000,174.000000000000,174,0.034482758621,6.000000000000,0.000000000000,0.000000000000,0.000000000000,14,11,11,0,14,0,"3,4,5,6,7,8,9,10,11,12,13","3,4,5,6,7,8,9,10,11,12,13",-,"1,2,3,4,5,6,7,8,9,10,11,12,13,14",-,0.000000000,0.000000000,0.000000000,21.613680,16.618399,yes,no
COMPARISON_RELAXED,30,6.000000000000,1.000000000000,180.000000000000,180,0.033333333333,6.000000000000,0.000000000000,0.000000000000,0.000000000000,4,3,3,0,4,0,"7,11,13","7,11,13",-,"1,7,11,13",-,0.000000000,0.000000000,0.000000000,21.613680,16.612251,yes,no
COMPARISON_RELAXED,31,6.000000000000,1.000000000000,186.000000000000,186,0.032258064516,6.000000000000,0.000000000000,0.000000000000,0.000000000000,15,11,11,0,15,0,"4,5,6,7,8,9,10,11,12,13,14","4,5,6,7,8,9,10,11,12,13,14",-,"1,2,3,4,5,6,7,8,9,10,11,12,13,14,15",-,0.000000000,0.000000000,0.000000000,21.613680,16.606111,yes,no
COMPARISON_RELAXED,32,6.000000000000,1.000000000000,192.000000000000,192,0.031250000000,6.000000000000,0.000000000000,0.000000000000,0.000000000000,8,6,6,0,8,0,"5,7,9,11,13,15","5,7,9,11,13,15",-,"1,3,5,7,9,11,13,15",-,0.000000000,0.000000000,0.000000000,21.613680,16.600722,yes,no
COMPARISON_RELAXED,33,6.000000000000,1.000000000000,198.000000000000,198,0.030303030303,6.000000000000,0.000000000000,0.000000000000,0.000000000000,10,7,7,0,10,0,"4,5,7,8,10,13,14","4,5,7,8,10,13,14",-,"1,2,4,5,7,8,10,13,14,16",-,0.000000000,0.000000000,0.000000000,21.613680,16.595340,yes,no
COMPARISON_RELAXED,34,6.000000000000,1.000000000000,204.000000000000,204,0.029411764706,6.000000000000,0.000000000000,0.000000000000,0.000000000000,8,6,6,0,8,0,"5,7,9,11,13,15","5,7,9,11,13,15",-,"1,3,5,7,9,11,13,15",-,0.000000000,0.000000000,0.000000000,21.613680,16.590577,yes,no
COMPARISON_RELAXED,35,6.000000000000,1.000000000000,210.000000000000,210,0.028571428571,6.000000000000,0.000000000000,0.000000000000,0.000000000000,12,8,8,0,12,0,"4,6,8,9,11,12,13,16","4,6,8,9,11,12,13,16",-,"1,2,3,4,6,8,9,11,12,13,16,17",-,0.000000000,0.000000000,0.000000000,21.613680,16.585820,yes,no
COMPARISON_RELAXED,36,6.000000000000,1.000000000000,216.000000000000,216,0.027777777778,6.000000000000,0.000000000000,0.000000000000,0.000000000000,6,4,4,0,6,0,"5,7,11,13","5,7,11,13",-,"1,5,7,11,13,17",-,0.000000000,0.000000000,0.000000000,21.613680,16.581582,yes,no
COMPARISON_RELAXED,37,6.000000000000,1.000000000000,222.000000000000,222,0.027027027027,6.000000000000,0.000000000000,0.000000000000,0.000000000000,18,14,14,0,18,0,"4,5,6,7,8,9,10,11,12,13,14,15,16,17","4,5,6,7,8,9,10,11,12,13,14,15,16,17",-,"1,2,3,4,5,6,7,8,9,10,11,12,13,14,15,16,17,18",-,0.000000000,0.000000000,0.000000000,21.613680,16.577347,yes,no
COMPARISON_RELAXED,38,6.000000000000,1.000000000000,228.000000000000,228,0.026315789474,6.000000000000,0.000000000000,0.000000000000,0.000000000000,9,7,7,0,9,0,"5,7,9,11,13,15,17","5,7,9,11,13,15,17",-,"1,3,5,7,9,11,13,15,17",-,0.000000000,0.000000000,0.000000000,21.613680,16.573550,yes,no
COMPARISON_RELAXED,39,6.000000000000,1.000000000000,234.000000000000,234,0.025641025641,6.000000000000,0.000000000000,0.000000000000,0.000000000000,12,9,9,0,12,0,"4,5,7,8,10,11,14,16,17","4,5,7,8,10,11,14,16,17",-,"1,2,4,5,7,8,10,11,14,16,17,19",-,0.000000000,0.000000000,0.000000000,21.613680,16.569756,yes,no
COMPARISON_RELAXED,40,6.000000000000,1.000000000000,240.000000000000,240,0.025000000000,6.000000000000,0.000000000000,0.000000000000,0.000000000000,8,5,5,0,8,0,"7,9,11,13,17","7,9,11,13,17",-,"1,3,7,9,11,13,17,19",-,0.000000000,0.000000000,0.000000000,21.613680,16.566335,yes,no
COMPARISON_RELAXED,41,6.000000000000,1.000000000000,246.000000000000,246,0.024390243902,6.000000000000,0.000000000000,0.000000000000,0.000000000000,20,15,15,0,20,0,"5,6,7,8,9,10,11,12,13,14,15,16,17,18,19","5,6,7,8,9,10,11,12,13,14,15,16,17,18,19",-,"1,2,3,4,5,6,7,8,9,10,11,12,13,14,15,16,17,18,19,20",-,0.000000000,0.000000000,0.000000000,21.613680,16.562917,yes,no
COMPARISON_RELAXED,42,6.000000000000,1.000000000000,252.000000000000,252,0.023809523810,6.000000000000,0.000000000000,0.000000000000,0.000000000000,6,5,5,0,6,0,"5,11,13,17,19","5,11,13,17,19",-,"1,5,11,13,17,19",-,0.000000000,0.000000000,0.000000000,21.613680,16.559818,yes,no
COMPARISON_RELAXED,43,6.000000000000,1.000000000000,258.000000000000,258,0.023255813953,6.000000000000,0.000000000000,0.000000000000,0.000000000000,21,16,16,0,21,0,"5,6,7,8,9,10,11,12,13,14,15,16,17,18,19,20","5,6,7,8,9,10,11,12,13,14,15,16,17,18,19,20",-,"1,2,3,4,5,6,7,8,9,10,11,12,13,14,15,16,17,18,19,20,21",-,0.000000000,0.000000000,0.000000000,21.613680,16.556722,yes,no
COMPARISON_RELAXED,44,6.000000000000,1.000000000000,264.000000000000,264,0.022727272727,6.000000000000,0.000000000000,0.000000000000,0.000000000000,10,7,7,0,10,0,"5,7,9,13,15,17,19","5,7,9,13,15,17,19",-,"1,3,5,7,9,13,15,17,19,21",-,0.000000000,0.000000000,0.000000000,21.613680,16.553903,yes,no
COMPARISON_RELAXED,45,6.000000000000,1.000000000000,270.000000000000,270,0.022222222222,6.000000000000,0.000000000000,0.000000000000,0.000000000000,12,8,8,0,12,0,"7,8,11,13,14,16,17,19","7,8,11,13,14,16,17,19",-,"1,2,4,7,8,11,13,14,16,17,19,22",-,0.000000000,0.000000000,0.000000000,21.613680,16.551086,yes,no
COMPARISON_RELAXED,46,6.000000000000,1.000000000000,276.000000000000,276,0.021739130435,6.000000000000,0.000000000000,0.000000000000,0.000000000000,11,9,9,0,11,0,"5,7,9,11,13,15,17,19,21","5,7,9,11,13,15,17,19,21",-,"1,3,5,7,9,11,13,15,17,19,21",-,0.000000000,0.000000000,0.000000000,21.613680,16.548510,yes,no
COMPARISON_RELAXED,47,6.000000000000,1.000000000000,282.000000000000,282,0.021276595745,6.000000000000,0.000000000000,0.000000000000,0.000000000000,23,18,18,0,23,0,"5,6,7,8,9,10,11,12,13,14,15,16,17,18,19,20,21,22","5,6,7,8,9,10,11,12,13,14,15,16,17,18,19,20,21,22",-,"1,2,3,4,5,6,7,8,9,10,11,12,13,14,15,16,17,18,19,20,21,22,23",-,0.000000000,0.000000000,0.000000000,21.613680,16.545936,yes,no
COMPARISON_RELAXED,48,6.000000000000,1.000000000000,288.000000000000,288,0.020833333333,6.000000000000,0.000000000000,0.000000000000,0.000000000000,8,6,6,0,8,0,"5,7,11,13,17,19","5,7,11,13,17,19",-,"1,5,7,11,13,17,19,23",-,0.000000000,0.000000000,0.000000000,21.613680,16.543573,yes,no
COMPARISON_RELAXED,49,6.000000000000,1.000000000000,294.000000000000,294,0.020408163265,6.000000000000,0.000000000000,0.000000000000,0.000000000000,21,15,15,0,21,0,"6,8,9,10,11,12,13,15,16,17,18,19,20,22,23","6,8,9,10,11,12,13,15,16,17,18,19,20,22,23",-,"1,2,3,4,5,6,8,9,10,11,12,13,15,16,17,18,19,20,22,23,24",-,0.000000000,0.000000000,0.000000000,21.613680,16.541211,yes,no
COMPARISON_RELAXED,50,6.000000000000,1.000000000000,300.000000000000,300,0.020000000000,6.000000000000,0.000000000000,0.000000000000,0.000000000000,10,8,8,0,10,0,"7,9,11,13,17,19,21,23","7,9,11,13,17,19,21,23",-,"1,3,7,9,11,13,17,19,21,23",-,0.000000000,0.000000000,0.000000000,21.613680,16.539036,yes,no
COMPARISON_RELAXED,5,6.000000000000,1.020000000000,30.600000000000,31,0.196078431373,6.120000000000,0.120000000000,0.019607843137,0.003921568627,2,2,2,0,2,2,"1,2","1,2",-,"1,2","1,2",0.365026567,0.150435200,0.257730884,21.784520,17.800781,no,yes
COMPARISON_RELAXED,6,6.000000000000,1.020000000000,36.720000000000,37,0.163398692810,6.120000000000,0.120000000000,0.019607843137,0.003267973856,1,1,1,0,1,1,1,1,-,1,1,0.265454655,0.265454655,0.265454655,21.784520,17.611018,no,yes
COMPARISON_RELAXED,7,6.000000000000,1.020000000000,42.840000000000,43,0.140056022409,6.120000000000,0.120000000000,0.019607843137,0.002801120448,3,3,3,0,3,3,"1,2,3","1,2,3",-,"1,2,3","1,2,3",0.199487181,0.066450991,0.130344035,21.784520,17.429200,no,yes
COMPARISON_RELAXED,8,6.000000000000,1.020000000000,48.960000000000,49,0.122549019608,6.120000000000,0.120000000000,0.019607843137,0.002450980392,2,2,2,0,2,2,"1,3","1,3",-,"1,3","1,3",0.154531039,0.072670416,0.113600727,21.784520,17.330145,no,yes
COMPARISON_RELAXED,9,6.000000000000,1.020000000000,55.080000000000,56,0.108932461874,6.120000000000,0.120000000000,0.019607843137,0.002178649237,3,3,3,0,3,2,"1,2,4","1,2,4",-,"1,2,4","1,2",0.122849759,0.075834471,0.099342115,21.784520,17.233298,no,yes
COMPARISON_RELAXED,10,6.000000000000,1.020000000000,61.200000000000,62,0.098039215686,6.120000000000,0.120000000000,0.019607843137,0.001960784314,2,1,1,0,2,1,3,3,-,"1,3",3,0.069717244,0.069717244,0.069717244,21.784520,17.172422,no,yes
COMPARISON_RELAXED,11,6.000000000000,1.020000000000,67.320000000000,68,0.089126559715,6.120000000000,0.120000000000,0.019607843137,0.001782531194,5,4,4,0,5,1,"2,3,4,5","2,3,4,5",-,"1,2,3,4,5",3,0.054444695,0.054444695,0.054444695,21.784520,17.112387,no,yes
COMPARISON_RELAXED,12,6.000000000000,1.020000000000,73.440000000000,74,0.081699346405,6.120000000000,0.120000000000,0.019607843137,0.001633986928,2,1,1,0,2,0,5,5,-,"1,5",-,0.000000000,0.000000000,0.000000000,21.784520,17.071176,no,no
COMPARISON_RELAXED,13,6.000000000000,1.020000000000,79.560000000000,80,0.075414781297,6.120000000000,0.120000000000,0.019607843137,0.001508295626,6,5,5,0,6,0,"2,3,4,5,6","2,3,4,5,6",-,"1,2,3,4,5,6",-,0.000000000,0.000000000,0.000000000,21.784520,17.030352,no,no
COMPARISON_RELAXED,14,6.000000000000,1.020000000000,85.680000000000,86,0.070028011204,6.120000000000,0.120000000000,0.019607843137,0.001400560224,3,2,2,0,3,0,"3,5","3,5",-,"1,3,5",-,0.000000000,0.000000000,0.000000000,21.784520,17.000601,no,no
COMPARISON_RELAXED,15,6.000000000000,1.020000000000,91.800000000000,92,0.065359477124,6.120000000000,0.120000000000,0.019607843137,0.001307189542,4,3,3,0,4,0,"2,4,7","2,4,7",-,"1,2,4,7",-,0.000000000,0.000000000,0.000000000,21.784520,16.971051,no,no
COMPARISON_RELAXED,16,6.000000000000,1.020000000000,97.920000000000,98,0.061274509804,6.120000000000,0.120000000000,0.019607843137,0.001225490196,4,3,3,0,4,0,"3,5,7","3,5,7",-,"1,3,5,7",-,0.000000000,0.000000000,0.000000000,21.784520,16.948562,no,no
COMPARISON_RELAXED,17,6.000000000000,1.020000000000,104.040000000000,105,0.057670126874,6.120000000000,0.120000000000,0.019607843137,0.001153402537,8,7,7,0,8,0,"2,3,4,5,6,7,8","2,3,4,5,6,7,8",-,"1,2,3,4,5,6,7,8",-,0.000000000,0.000000000,0.000000000,21.784520,16.926189,no,no
COMPARISON_RELAXED,18,6.000000000000,1.020000000000,110.160000000000,111,0.054466230937,6.120000000000,0.120000000000,0.019607843137,0.001089324619,3,2,2,0,3,0,"5,7","5,7",-,"1,5,7",-,0.000000000,0.000000000,0.000000000,21.784520,16.908592,no,no
COMPARISON_RELAXED,19,6.000000000000,1.020000000000,116.280000000000,117,0.051599587203,6.120000000000,0.120000000000,0.019607843137,0.001031991744,9,7,7,0,9,0,"2,3,4,5,6,7,8","2,3,4,5,6,7,8",-,"1,2,3,4,5,6,7,8,9",-,0.000000000,0.000000000,0.000000000,21.784520,16.891065,no,no
COMPARISON_RELAXED,20,6.000000000000,1.020000000000,122.400000000000,123,0.049019607843,6.120000000000,0.120000000000,0.019607843137,0.000980392157,4,3,3,0,4,0,"3,7,9","3,7,9",-,"1,3,7,9",-,0.000000000,0.000000000,0.000000000,21.784520,16.876921,no,no
COMPARISON_RELAXED,21,6.000000000000,1.020000000000,128.520000000000,129,0.046685340803,6.120000000000,0.120000000000,0.019607843137,0.000933706816,6,3,3,0,6,0,"4,5,8","4,5,8",-,"1,2,4,5,8,10",-,0.000000000,0.000000000,0.000000000,21.784520,16.862822,no,no
COMPARISON_RELAXED,22,6.000000000000,1.020000000000,134.640000000000,135,0.044563279857,6.120000000000,0.120000000000,0.019607843137,0.000891265597,5,4,4,0,5,0,"3,5,7,9","3,5,7,9",-,"1,3,5,7,9",-,0.000000000,0.000000000,0.000000000,21.784520,16.851205,no,no
COMPARISON_RELAXED,23,6.000000000000,1.020000000000,140.760000000000,141,0.042625745951,6.120000000000,0.120000000000,0.019607843137,0.000852514919,11,8,8,0,11,0,"3,4,5,6,7,8,9,10","3,4,5,6,7,8,9,10",-,"1,2,3,4,5,6,7,8,9,10,11",-,0.000000000,0.000000000,0.000000000,21.784520,16.839618,no,no
COMPARISON_RELAXED,24,6.000000000000,1.020000000000,146.880000000000,147,0.040849673203,6.120000000000,0.120000000000,0.019607843137,0.000816993464,4,3,3,0,4,0,"5,7,11","5,7,11",-,"1,5,7,11",-,0.000000000,0.000000000,0.000000000,21.784520,16.829906,no,no
COMPARISON_RELAXED,25,6.000000000000,1.020000000000,153.000000000000,153,0.039215686275,6.120000000000,0.120000000000,0.019607843137,0.000784313725,10,7,7,0,10,0,"3,4,6,7,8,9,11","3,4,6,7,8,9,11",-,"1,2,3,4,6,7,8,9,11,12",-,0.000000000,0.000000000,0.000000000,21.784520,16.820216,no,no
COMPARISON_RELAXED,26,6.000000000000,1.020000000000,159.120000000000,160,0.037707390649,6.120000000000,0.120000000000,0.019607843137,0.000754147813,6,5,5,0,6,0,"3,5,7,9,11","3,5,7,9,11",-,"1,3,5,7,9,11",-,0.000000000,0.000000000,0.000000000,21.784520,16.811976,no,no
COMPARISON_RELAXED,27,6.000000000000,1.020000000000,165.240000000000,166,0.036310820625,6.120000000000,0.120000000000,0.019607843137,0.000726216412,9,6,6,0,9,0,"4,5,7,8,10,11","4,5,7,8,10,11",-,"1,2,4,5,7,8,10,11,13",-,0.000000000,0.000000000,0.000000000,21.784520,16.803751,no,no
COMPARISON_RELAXED,28,6.000000000000,1.020000000000,171.360000000000,172,0.035014005602,6.120000000000,0.120000000000,0.019607843137,0.000700280112,6,5,5,0,6,0,"3,5,9,11,13","3,5,9,11,13",-,"1,3,5,9,11,13",-,0.000000000,0.000000000,0.000000000,21.784520,16.796672,no,no
COMPARISON_RELAXED,29,6.000000000000,1.020000000000,177.480000000000,178,0.033806626099,6.120000000000,0.120000000000,0.019607843137,0.000676132522,14,11,11,0,14,0,"3,4,5,6,7,8,9,10,11,12,13","3,4,5,6,7,8,9,10,11,12,13",-,"1,2,3,4,5,6,7,8,9,10,11,12,13,14",-,0.000000000,0.000000000,0.000000000,21.784520,16.789605,no,no
COMPARISON_RELAXED,30,6.000000000000,1.020000000000,183.600000000000,184,0.032679738562,6.120000000000,0.120000000000,0.019607843137,0.000653594771,4,3,3,0,4,0,"7,11,13","7,11,13",-,"1,7,11,13",-,0.000000000,0.000000000,0.000000000,21.784520,16.783457,no,no
COMPARISON_RELAXED,31,6.000000000000,1.020000000000,189.720000000000,190,0.031625553447,6.120000000000,0.120000000000,0.019607843137,0.000632511069,15,11,11,0,15,0,"4,5,6,7,8,9,10,11,12,13,14","4,5,6,7,8,9,10,11,12,13,14",-,"1,2,3,4,5,6,7,8,9,10,11,12,13,14,15",-,0.000000000,0.000000000,0.000000000,21.784520,16.777319,no,no
COMPARISON_RELAXED,32,6.000000000000,1.020000000000,195.840000000000,196,0.030637254902,6.120000000000,0.120000000000,0.019607843137,0.000612745098,8,6,6,0,8,0,"5,7,9,11,13,15","5,7,9,11,13,15",-,"1,3,5,7,9,11,13,15",-,0.000000000,0.000000000,0.000000000,21.784520,16.771931,no,no
COMPARISON_RELAXED,33,6.000000000000,1.020000000000,201.960000000000,202,0.029708853238,6.120000000000,0.120000000000,0.019607843137,0.000594177065,10,7,7,0,10,0,"4,5,7,8,10,13,14","4,5,7,8,10,13,14",-,"1,2,4,5,7,8,10,13,14,16",-,0.000000000,0.000000000,0.000000000,21.784520,16.766549,no,no
COMPARISON_RELAXED,34,6.000000000000,1.020000000000,208.080000000000,209,0.028835063437,6.120000000000,0.120000000000,0.019607843137,0.000576701269,8,6,6,0,8,0,"5,7,9,11,13,15","5,7,9,11,13,15",-,"1,3,5,7,9,11,13,15",-,0.000000000,0.000000000,0.000000000,21.784520,16.761788,no,no
COMPARISON_RELAXED,35,6.000000000000,1.020000000000,214.200000000000,215,0.028011204482,6.120000000000,0.120000000000,0.019607843137,0.000560224090,12,8,8,0,12,0,"4,6,8,9,11,12,13,16","4,6,8,9,11,12,13,16",-,"1,2,3,4,6,8,9,11,12,13,16,17",-,0.000000000,0.000000000,0.000000000,21.784520,16.757032,no,no
COMPARISON_RELAXED,36,6.000000000000,1.020000000000,220.320000000000,221,0.027233115468,6.120000000000,0.120000000000,0.019607843137,0.000544662309,6,4,4,0,6,0,"5,7,11,13","5,7,11,13",-,"1,5,7,11,13,17",-,0.000000000,0.000000000,0.000000000,21.784520,16.752794,no,no
COMPARISON_RELAXED,37,6.000000000000,1.020000000000,226.440000000000,227,0.026497085321,6.120000000000,0.120000000000,0.019607843137,0.000529941706,18,14,14,0,18,0,"4,5,6,7,8,9,10,11,12,13,14,15,16,17","4,5,6,7,8,9,10,11,12,13,14,15,16,17",-,"1,2,3,4,5,6,7,8,9,10,11,12,13,14,15,16,17,18",-,0.000000000,0.000000000,0.000000000,21.784520,16.748560,no,no
COMPARISON_RELAXED,38,6.000000000000,1.020000000000,232.560000000000,233,0.025799793602,6.120000000000,0.120000000000,0.019607843137,0.000515995872,9,7,7,0,9,0,"5,7,9,11,13,15,17","5,7,9,11,13,15,17",-,"1,3,5,7,9,11,13,15,17",-,0.000000000,0.000000000,0.000000000,21.784520,16.744764,no,no
COMPARISON_RELAXED,39,6.000000000000,1.020000000000,238.680000000000,239,0.025138260432,6.120000000000,0.120000000000,0.019607843137,0.000502765209,12,9,9,0,12,0,"4,5,7,8,10,11,14,16,17","4,5,7,8,10,11,14,16,17",-,"1,2,4,5,7,8,10,11,14,16,17,19",-,0.000000000,0.000000000,0.000000000,21.784520,16.740971,no,no
COMPARISON_RELAXED,40,6.000000000000,1.020000000000,244.800000000000,245,0.024509803922,6.120000000000,0.120000000000,0.019607843137,0.000490196078,8,5,5,0,8,0,"7,9,11,13,17","7,9,11,13,17",-,"1,3,7,9,11,13,17,19",-,0.000000000,0.000000000,0.000000000,21.784520,16.737550,no,no
COMPARISON_RELAXED,41,6.000000000000,1.020000000000,250.920000000000,251,0.023912003826,6.120000000000,0.120000000000,0.019607843137,0.000478240077,20,15,15,0,20,0,"5,6,7,8,9,10,11,12,13,14,15,16,17,18,19","5,6,7,8,9,10,11,12,13,14,15,16,17,18,19",-,"1,2,3,4,5,6,7,8,9,10,11,12,13,14,15,16,17,18,19,20",-,0.000000000,0.000000000,0.000000000,21.784520,16.734132,no,no
COMPARISON_RELAXED,42,6.000000000000,1.020000000000,257.040000000000,258,0.023342670401,6.120000000000,0.120000000000,0.019607843137,0.000466853408,6,5,5,0,6,0,"5,11,13,17,19","5,11,13,17,19",-,"1,5,11,13,17,19",-,0.000000000,0.000000000,0.000000000,21.784520,16.731035,no,no
COMPARISON_RELAXED,43,6.000000000000,1.020000000000,263.160000000000,264,0.022799817601,6.120000000000,0.120000000000,0.019607843137,0.000455996352,21,16,16,0,21,0,"5,6,7,8,9,10,11,12,13,14,15,16,17,18,19,20","5,6,7,8,9,10,11,12,13,14,15,16,17,18,19,20",-,"1,2,3,4,5,6,7,8,9,10,11,12,13,14,15,16,17,18,19,20,21",-,0.000000000,0.000000000,0.000000000,21.784520,16.727939,no,no
COMPARISON_RELAXED,44,6.000000000000,1.020000000000,269.280000000000,270,0.022281639929,6.120000000000,0.120000000000,0.019607843137,0.000445632799,10,7,7,0,10,0,"5,7,9,13,15,17,19","5,7,9,13,15,17,19",-,"1,3,5,7,9,13,15,17,19,21",-,0.000000000,0.000000000,0.000000000,21.784520,16.725121,no,no
COMPARISON_RELAXED,45,6.000000000000,1.020000000000,275.400000000000,276,0.021786492375,6.120000000000,0.120000000000,0.019607843137,0.000435729847,12,8,8,0,12,0,"7,8,11,13,14,16,17,19","7,8,11,13,14,16,17,19",-,"1,2,4,7,8,11,13,14,16,17,19,22",-,0.000000000,0.000000000,0.000000000,21.784520,16.722304,no,no
COMPARISON_RELAXED,46,6.000000000000,1.020000000000,281.520000000000,282,0.021312872975,6.120000000000,0.120000000000,0.019607843137,0.000426257460,11,9,9,0,11,0,"5,7,9,11,13,15,17,19,21","5,7,9,11,13,15,17,19,21",-,"1,3,5,7,9,11,13,15,17,19,21",-,0.000000000,0.000000000,0.000000000,21.784520,16.719729,no,no
COMPARISON_RELAXED,47,6.000000000000,1.020000000000,287.640000000000,288,0.020859407593,6.120000000000,0.120000000000,0.019607843137,0.000417188152,23,18,18,0,23,0,"5,6,7,8,9,10,11,12,13,14,15,16,17,18,19,20,21,22","5,6,7,8,9,10,11,12,13,14,15,16,17,18,19,20,21,22",-,"1,2,3,4,5,6,7,8,9,10,11,12,13,14,15,16,17,18,19,20,21,22,23",-,0.000000000,0.000000000,0.000000000,21.784520,16.717155,no,no
COMPARISON_RELAXED,48,6.000000000000,1.020000000000,293.760000000000,294,0.020424836601,6.120000000000,0.120000000000,0.019607843137,0.000408496732,8,6,6,0,8,0,"5,7,11,13,17,19","5,7,11,13,17,19",-,"1,5,7,11,13,17,19,23",-,0.000000000,0.000000000,0.000000000,21.784520,16.714792,no,no
COMPARISON_RELAXED,49,6.000000000000,1.020000000000,299.880000000000,300,0.020008003201,6.120000000000,0.120000000000,0.019607843137,0.000400160064,21,15,15,0,21,0,"6,8,9,10,11,12,13,15,16,17,18,19,20,22,23","6,8,9,10,11,12,13,15,16,17,18,19,20,22,23",-,"1,2,3,4,5,6,8,9,10,11,12,13,15,16,17,18,19,20,22,23,24",-,0.000000000,0.000000000,0.000000000,21.784520,16.712431,no,no
COMPARISON_RELAXED,50,6.000000000000,1.020000000000,306.000000000000,306,0.019607843137,6.120000000000,0.120000000000,0.019607843137,0.000392156863,10,8,8,0,10,0,"7,9,11,13,17,19,21,23","7,9,11,13,17,19,21,23",-,"1,3,7,9,11,13,17,19,21,23",-,0.000000000,0.000000000,0.000000000,21.784520,16.710256,no,no
COMPARISON_RELAXED,5,6.000000000000,1.050000000000,31.500000000000,32,0.190476190476,6.300000000000,0.300000000000,0.047619047619,0.009523809524,2,2,2,0,2,2,"1,2","1,2",-,"1,2","1,2",0.882323124,0.363828339,0.623075731,22.034681,18.051186,no,yes
COMPARISON_RELAXED,6,6.000000000000,1.050000000000,37.800000000000,38,0.158730158730,6.300000000000,0.300000000000,0.047619047619,0.007936507937,1,1,1,0,1,1,1,1,-,1,1,0.640101588,0.640101588,0.640101588,22.034681,17.861473,no,yes
COMPARISON_RELAXED,7,6.000000000000,1.050000000000,44.100000000000,45,0.136054421769,6.300000000000,0.300000000000,0.047619047619,0.006802721088,3,3,3,0,3,3,"1,2,3","1,2,3",-,"1,2,3","1,2,3",0.480292302,0.160102447,0.314704903,22.034681,17.679703,no,yes
COMPARISON_RELAXED,8,6.000000000000,1.050000000000,50.400000000000,51,0.119047619048,6.300000000000,0.300000000000,0.047619047619,0.005952380952,2,2,2,0,2,2,"1,3","1,3",-,"1,3","1,3",0.371664086,0.176740986,0.274202536,22.034681,17.580674,no,yes
COMPARISON_RELAXED,9,6.000000000000,1.050000000000,56.700000000000,57,0.105820105820,6.300000000000,0.300000000000,0.047619047619,0.005291005291,3,3,3,0,3,3,"1,2,4","1,2,4",-,"1,2,4","1,2,4",0.295244981,0.089874465,0.189767757,22.034681,17.483853,no,yes
COMPARISON_RELAXED,10,6.000000000000,1.050000000000,63.000000000000,63,0.095238095238,6.300000000000,0.300000000000,0.047619047619,0.004761904762,2,1,1,0,2,1,3,3,-,"1,3",3,0.169219301,0.169219301,0.169219301,22.034681,17.422993,no,yes
COMPARISON_RELAXED,11,6.000000000000,1.050000000000,69.300000000000,70,0.086580086580,6.300000000000,0.300000000000,0.047619047619,0.004329004329,5,4,4,0,5,4,"2,3,4,5","2,3,4,5",-,"1,2,3,4,5","2,3,4,5",0.132238484,0.057481757,0.105300590,22.034681,17.362974,no,yes
COMPARISON_RELAXED,12,6.000000000000,1.050000000000,75.600000000000,76,0.079365079365,6.300000000000,0.300000000000,0.047619047619,0.003968253968,2,1,1,0,2,1,5,5,-,"1,5",5,0.053494194,0.053494194,0.053494194,22.034681,17.321773,no,yes
COMPARISON_RELAXED,13,6.000000000000,1.050000000000,81.900000000000,82,0.073260073260,6.300000000000,0.300000000000,0.047619047619,0.003663003663,6,5,5,0,6,4,"2,3,4,5,6","2,3,4,5,6",-,"1,2,3,4,5,6","2,3,4,5",0.116445481,0.061941253,0.088708946,22.034681,17.280960,no,yes
COMPARISON_RELAXED,14,6.000000000000,1.050000000000,88.200000000000,89,0.068027210884,6.300000000000,0.300000000000,0.047619047619,0.003401360544,3,2,2,0,3,2,"3,5","3,5",-,"1,3,5","3,5",0.088789807,0.081009401,0.084899604,22.034681,17.251216,no,yes
COMPARISON_RELAXED,15,6.000000000000,1.050000000000,94.500000000000,95,0.063492063492,6.300000000000,0.300000000000,0.047619047619,0.003174603175,4,3,3,0,4,1,"2,4,7","2,4,7",-,"1,2,4,7",4,0.084547991,0.084547991,0.084547991,22.034681,17.221675,no,yes
COMPARISON_RELAXED,16,6.000000000000,1.050000000000,100.800000000000,101,0.059523809524,6.300000000000,0.300000000000,0.047619047619,0.002976190476,4,3,3,0,4,2,"3,5,7","3,5,7",-,"1,3,5,7","3,5",0.088509018,0.062850094,0.075679556,22.034681,17.199191,no,yes
COMPARISON_RELAXED,17,6.000000000000,1.050000000000,107.100000000000,108,0.056022408964,6.300000000000,0.300000000000,0.047619047619,0.002801120448,8,7,7,0,8,4,"2,3,4,5,6,7,8","2,3,4,5,6,7,8",-,"1,2,3,4,5,6,7,8","3,4,5,6",0.071626024,0.050708908,0.061228490,22.034681,17.176823,no,yes
COMPARISON_RELAXED,18,6.000000000000,1.050000000000,113.400000000000,114,0.052910052910,6.300000000000,0.300000000000,0.047619047619,0.002645502646,3,2,2,0,3,0,"5,7","5,7",-,"1,5,7",-,0.000000000,0.000000000,0.000000000,22.034681,17.159231,no,no
COMPARISON_RELAXED,19,6.000000000000,1.050000000000,119.700000000000,120,0.050125313283,6.300000000000,0.300000000000,0.047619047619,0.002506265664,9,7,7,0,9,3,"2,3,4,5,6,7,8","2,3,4,5,6,7,8",-,"1,2,3,4,5,6,7,8,9","4,5,6",0.071286818,0.051780207,0.061731538,22.034681,17.141709,no,yes
COMPARISON_RELAXED,20,6.000000000000,1.050000000000,126.000000000000,126,0.047619047619,6.300000000000,0.300000000000,0.047619047619,0.002380952381,4,3,3,0,4,1,"3,7,9","3,7,9",-,"1,3,7,9",7,0.059416071,0.059416071,0.059416071,22.034681,17.127568,no,yes
COMPARISON_RELAXED,21,6.000000000000,1.050000000000,132.300000000000,133,0.045351473923,6.300000000000,0.300000000000,0.047619047619,0.002267573696,6,3,3,0,6,1,"4,5,8","4,5,8",-,"1,2,4,5,8,10",5,0.054851583,0.054851583,0.054851583,22.034681,17.113473,no,yes
COMPARISON_RELAXED,22,6.000000000000,1.050000000000,138.600000000000,139,0.043290043290,6.300000000000,0.300000000000,0.047619047619,0.002164502165,5,4,4,0,5,1,"3,5,7,9","3,5,7,9",-,"1,3,5,7,9",7,0.059632282,0.059632282,0.059632282,22.034681,17.101859,no,yes
COMPARISON_RELAXED,23,6.000000000000,1.050000000000,144.900000000000,145,0.041407867495,6.300000000000,0.300000000000,0.047619047619,0.002070393375,11,8,8,0,11,1,"3,4,5,6,7,8,9,10","3,4,5,6,7,8,9,10",-,"1,2,3,4,5,6,7,8,9,10,11",8,0.050990444,0.050990444,0.050990444,22.034681,17.090275,no,yes
COMPARISON_RELAXED,24,6.000000000000,1.050000000000,151.200000000000,152,0.039682539683,6.300000000000,0.300000000000,0.047619047619,0.001984126984,4,3,3,0,4,0,"5,7,11","5,7,11",-,"1,5,7,11",-,0.000000000,0.000000000,0.000000000,22.034681,17.080566,no,no
COMPARISON_RELAXED,25,6.000000000000,1.050000000000,157.500000000000,158,0.038095238095,6.300000000000,0.300000000000,0.047619047619,0.001904761905,10,7,7,0,10,1,"3,4,6,7,8,9,11","3,4,6,7,8,9,11",-,"1,2,3,4,6,7,8,9,11,12",8,0.051231730,0.051231730,0.051231730,22.034681,17.070878,no,yes
COMPARISON_RELAXED,26,6.000000000000,1.050000000000,163.800000000000,164,0.036630036630,6.300000000000,0.300000000000,0.047619047619,0.001831501832,6,5,5,0,6,0,"3,5,7,9,11","3,5,7,9,11",-,"1,3,5,7,9,11",-,0.000000000,0.000000000,0.000000000,22.034681,17.062640,no,no
COMPARISON_RELAXED,27,6.000000000000,1.050000000000,170.100000000000,171,0.035273368607,6.300000000000,0.300000000000,0.047619047619,0.001763668430,9,6,6,0,9,0,"4,5,7,8,10,11","4,5,7,8,10,11",-,"1,2,4,5,7,8,10,11,13",-,0.000000000,0.000000000,0.000000000,22.034681,17.054417,no,no
COMPARISON_RELAXED,28,6.000000000000,1.050000000000,176.400000000000,177,0.034013605442,6.300000000000,0.300000000000,0.047619047619,0.001700680272,6,5,5,0,6,0,"3,5,9,11,13","3,5,9,11,13",-,"1,3,5,9,11,13",-,0.000000000,0.000000000,0.000000000,22.034681,17.047340,no,no
COMPARISON_RELAXED,29,6.000000000000,1.050000000000,182.700000000000,183,0.032840722496,6.300000000000,0.300000000000,0.047619047619,0.001642036125,14,11,11,0,14,0,"3,4,5,6,7,8,9,10,11,12,13","3,4,5,6,7,8,9,10,11,12,13",-,"1,2,3,4,5,6,7,8,9,10,11,12,13,14",-,0.000000000,0.000000000,0.000000000,22.034681,17.040275,no,no
COMPARISON_RELAXED,30,6.000000000000,1.050000000000,189.000000000000,189,0.031746031746,6.300000000000,0.300000000000,0.047619047619,0.001587301587,4,3,3,0,4,0,"7,11,13","7,11,13",-,"1,7,11,13",-,0.000000000,0.000000000,0.000000000,22.034681,17.034129,no,no
COMPARISON_RELAXED,31,6.000000000000,1.050000000000,195.300000000000,196,0.030721966206,6.300000000000,0.300000000000,0.047619047619,0.001536098310,15,11,11,0,15,0,"4,5,6,7,8,9,10,11,12,13,14","4,5,6,7,8,9,10,11,12,13,14",-,"1,2,3,4,5,6,7,8,9,10,11,12,13,14,15",-,0.000000000,0.000000000,0.000000000,22.034681,17.027992,no,no
COMPARISON_RELAXED,32,6.000000000000,1.050000000000,201.600000000000,202,0.029761904762,6.300000000000,0.300000000000,0.047619047619,0.001488095238,8,6,6,0,8,0,"5,7,9,11,13,15","5,7,9,11,13,15",-,"1,3,5,7,9,11,13,15",-,0.000000000,0.000000000,0.000000000,22.034681,17.022605,no,no
COMPARISON_RELAXED,33,6.000000000000,1.050000000000,207.900000000000,208,0.028860028860,6.300000000000,0.300000000000,0.047619047619,0.001443001443,10,7,7,0,10,0,"4,5,7,8,10,13,14","4,5,7,8,10,13,14",-,"1,2,4,5,7,8,10,13,14,16",-,0.000000000,0.000000000,0.000000000,22.034681,17.017225,no,no
COMPARISON_RELAXED,34,6.000000000000,1.050000000000,214.200000000000,215,0.028011204482,6.300000000000,0.300000000000,0.047619047619,0.001400560224,8,6,6,0,8,0,"5,7,9,11,13,15","5,7,9,11,13,15",-,"1,3,5,7,9,11,13,15",-,0.000000000,0.000000000,0.000000000,22.034681,17.012465,no,no
COMPARISON_RELAXED,35,6.000000000000,1.050000000000,220.500000000000,221,0.027210884354,6.300000000000,0.300000000000,0.047619047619,0.001360544218,12,8,8,0,12,0,"4,6,8,9,11,12,13,16","4,6,8,9,11,12,13,16",-,"1,2,3,4,6,8,9,11,12,13,16,17",-,0.000000000,0.000000000,0.000000000,22.034681,17.007710,no,no
COMPARISON_RELAXED,36,6.000000000000,1.050000000000,226.800000000000,227,0.026455026455,6.300000000000,0.300000000000,0.047619047619,0.001322751323,6,4,4,0,6,0,"5,7,11,13","5,7,11,13",-,"1,5,7,11,13,17",-,0.000000000,0.000000000,0.000000000,22.034681,17.003473,no,no
COMPARISON_RELAXED,37,6.000000000000,1.050000000000,233.100000000000,234,0.025740025740,6.300000000000,0.300000000000,0.047619047619,0.001287001287,18,14,14,0,18,0,"4,5,6,7,8,9,10,11,12,13,14,15,16,17","4,5,6,7,8,9,10,11,12,13,14,15,16,17",-,"1,2,3,4,5,6,7,8,9,10,11,12,13,14,15,16,17,18",-,0.000000000,0.000000000,0.000000000,22.034681,16.999240,no,no
COMPARISON_RELAXED,38,6.000000000000,1.050000000000,239.400000000000,240,0.025062656642,6.300000000000,0.300000000000,0.047619047619,0.001253132832,9,7,7,0,9,0,"5,7,9,11,13,15,17","5,7,9,11,13,15,17",-,"1,3,5,7,9,11,13,15,17",-,0.000000000,0.000000000,0.000000000,22.034681,16.995445,no,no
COMPARISON_RELAXED,39,6.000000000000,1.050000000000,245.700000000000,246,0.024420024420,6.300000000000,0.300000000000,0.047619047619,0.001221001221,12,9,9,0,12,0,"4,5,7,8,10,11,14,16,17","4,5,7,8,10,11,14,16,17",-,"1,2,4,5,7,8,10,11,14,16,17,19",-,0.000000000,0.000000000,0.000000000,22.034681,16.991653,no,no
COMPARISON_RELAXED,40,6.000000000000,1.050000000000,252.000000000000,252,0.023809523810,6.300000000000,0.300000000000,0.047619047619,0.001190476190,8,5,5,0,8,0,"7,9,11,13,17","7,9,11,13,17",-,"1,3,7,9,11,13,17,19",-,0.000000000,0.000000000,0.000000000,22.034681,16.988233,no,no
COMPARISON_RELAXED,41,6.000000000000,1.050000000000,258.300000000000,259,0.023228803717,6.300000000000,0.300000000000,0.047619047619,0.001161440186,20,15,15,0,20,0,"5,6,7,8,9,10,11,12,13,14,15,16,17,18,19","5,6,7,8,9,10,11,12,13,14,15,16,17,18,19",-,"1,2,3,4,5,6,7,8,9,10,11,12,13,14,15,16,17,18,19,20",-,0.000000000,0.000000000,0.000000000,22.034681,16.984816,no,no
COMPARISON_RELAXED,42,6.000000000000,1.050000000000,264.600000000000,265,0.022675736961,6.300000000000,0.300000000000,0.047619047619,0.001133786848,6,5,5,0,6,0,"5,11,13,17,19","5,11,13,17,19",-,"1,5,11,13,17,19",-,0.000000000,0.000000000,0.000000000,22.034681,16.981720,no,no
COMPARISON_RELAXED,43,6.000000000000,1.050000000000,270.900000000000,271,0.022148394241,6.300000000000,0.300000000000,0.047619047619,0.001107419712,21,16,16,0,21,0,"5,6,7,8,9,10,11,12,13,14,15,16,17,18,19,20","5,6,7,8,9,10,11,12,13,14,15,16,17,18,19,20",-,"1,2,3,4,5,6,7,8,9,10,11,12,13,14,15,16,17,18,19,20,21",-,0.000000000,0.000000000,0.000000000,22.034681,16.978625,no,no
COMPARISON_RELAXED,44,6.000000000000,1.050000000000,277.200000000000,278,0.021645021645,6.300000000000,0.300000000000,0.047619047619,0.001082251082,10,7,7,0,10,0,"5,7,9,13,15,17,19","5,7,9,13,15,17,19",-,"1,3,5,7,9,13,15,17,19,21",-,0.000000000,0.000000000,0.000000000,22.034681,16.975807,no,no
COMPARISON_RELAXED,45,6.000000000000,1.050000000000,283.500000000000,284,0.021164021164,6.300000000000,0.300000000000,0.047619047619,0.001058201058,12,8,8,0,12,0,"7,8,11,13,14,16,17,19","7,8,11,13,14,16,17,19",-,"1,2,4,7,8,11,13,14,16,17,19,22",-,0.000000000,0.000000000,0.000000000,22.034681,16.972991,no,no
COMPARISON_RELAXED,46,6.000000000000,1.050000000000,289.800000000000,290,0.020703933747,6.300000000000,0.300000000000,0.047619047619,0.001035196687,11,9,9,0,11,0,"5,7,9,11,13,15,17,19,21","5,7,9,11,13,15,17,19,21",-,"1,3,5,7,9,11,13,15,17,19,21",-,0.000000000,0.000000000,0.000000000,22.034681,16.970416,no,no
COMPARISON_RELAXED,47,6.000000000000,1.050000000000,296.100000000000,297,0.020263424519,6.300000000000,0.300000000000,0.047619047619,0.001013171226,23,18,18,0,23,0,"5,6,7,8,9,10,11,12,13,14,15,16,17,18,19,20,21,22","5,6,7,8,9,10,11,12,13,14,15,16,17,18,19,20,21,22",-,"1,2,3,4,5,6,7,8,9,10,11,12,13,14,15,16,17,18,19,20,21,22,23",-,0.000000000,0.000000000,0.000000000,22.034681,16.967843,no,no
COMPARISON_RELAXED,48,6.000000000000,1.050000000000,302.400000000000,303,0.019841269841,6.300000000000,0.300000000000,0.047619047619,0.000992063492,8,6,6,0,8,0,"5,7,11,13,17,19","5,7,11,13,17,19",-,"1,5,7,11,13,17,19,23",-,0.000000000,0.000000000,0.000000000,22.034681,16.965481,no,no
COMPARISON_RELAXED,49,6.000000000000,1.050000000000,308.700000000000,309,0.019436345967,6.300000000000,0.300000000000,0.047619047619,0.000971817298,21,15,15,0,21,0,"6,8,9,10,11,12,13,15,16,17,18,19,20,22,23","6,8,9,10,11,12,13,15,16,17,18,19,20,22,23",-,"1,2,3,4,5,6,8,9,10,11,12,13,15,16,17,18,19,20,22,23,24",-,0.000000000,0.000000000,0.000000000,22.034681,16.963120,no,no
COMPARISON_RELAXED,50,6.000000000000,1.050000000000,315.000000000000,315,0.019047619048,6.300000000000,0.300000000000,0.047619047619,0.000952380952,10,8,8,0,10,0,"7,9,11,13,17,19,21,23","7,9,11,13,17,19,21,23",-,"1,3,7,9,11,13,17,19,21,23",-,0.000000000,0.000000000,0.000000000,22.034681,16.960946,no,no
COMPARISON_RELAXED,5,6.000000000000,1.100000000000,33.000000000000,33,0.181818181818,6.600000000000,0.600000000000,0.090909090909,0.018181818182,2,2,2,0,2,2,"1,2","1,2",-,"1,2","1,2",1.671030702,0.690005476,1.180518089,22.436332,18.453201,no,yes
COMPARISON_RELAXED,6,6.000000000000,1.100000000000,39.600000000000,40,0.151515151515,6.600000000000,0.600000000000,0.090909090909,0.015151515152,1,1,1,0,1,1,1,1,-,1,1,1.207945321,1.207945321,1.207945321,22.436332,18.263565,no,yes
COMPARISON_RELAXED,7,6.000000000000,1.100000000000,46.200000000000,47,0.129870129870,6.600000000000,0.600000000000,0.090909090909,0.012987012987,3,3,3,0,3,3,"1,2,3","1,2,3",-,"1,2,3","1,2,3",0.904276598,0.301854362,0.595234494,22.436332,18.081864,no,yes
COMPARISON_RELAXED,8,6.000000000000,1.100000000000,52.800000000000,53,0.113636363636,6.600000000000,0.600000000000,0.090909090909,0.011363636364,2,2,2,0,2,2,"1,3","1,3",-,"1,3","1,3",0.698649045,0.338159916,0.518404480,22.436332,17.982874,no,yes
COMPARISON_RELAXED,9,6.000000000000,1.100000000000,59.400000000000,60,0.101010101010,6.600000000000,0.600000000000,0.090909090909,0.010101010101,3,3,3,0,3,3,"1,2,4","1,2,4",-,"1,2,4","1,2,4",0.554366296,0.168975661,0.358334490,22.436332,17.886091,no,yes
COMPARISON_RELAXED,10,6.000000000000,1.100000000000,66.000000000000,66,0.090909090909,6.600000000000,0.600000000000,0.090909090909,0.009090909091,2,1,1,0,2,1,3,3,-,"1,3",3,0.322772172,0.322772172,0.322772172,22.436332,17.825255,no,yes
COMPARISON_RELAXED,11,6.000000000000,1.100000000000,72.600000000000,73,0.082644628099,6.600000000000,0.600000000000,0.090909090909,0.008264462810,5,4,4,0,5,4,"2,3,4,5","2,3,4,5",-,"1,2,3,4,5","2,3,4,5",0.252499475,0.107900617,0.200713590,22.436332,17.765260,no,yes
COMPARISON_RELAXED,12,6.000000000000,1.100000000000,79.200000000000,80,0.075757575758,6.600000000000,0.600000000000,0.090909090909,0.007575757576,2,1,1,0,2,1,5,5,-,"1,5",5,0.102238801,0.102238801,0.102238801,22.436332,17.724076,no,yes
COMPARISON_RELAXED,13,6.000000000000,1.100000000000,85.800000000000,86,0.069930069930,6.600000000000,0.600000000000,0.090909090909,0.006993006993,6,5,5,0,6,5,"2,3,4,5,6","2,3,4,5,6",-,"1,2,3,4,5,6","2,3,4,5,6",0.222094444,0.074831376,0.150396947,22.436332,17.683278,no,yes
COMPARISON_RELAXED,14,6.000000000000,1.100000000000,92.400000000000,93,0.064935064935,6.600000000000,0.600000000000,0.090909090909,0.006493506494,3,2,2,0,3,2,"3,5","3,5",-,"1,3,5","3,5",0.169822457,0.154622886,0.162222671,22.436332,17.653546,no,yes
COMPARISON_RELAXED,15,6.000000000000,1.100000000000,99.000000000000,99,0.060606060606,6.600000000000,0.600000000000,0.090909090909,0.006060606061,4,3,3,0,4,3,"2,4,7","2,4,7",-,"1,2,4,7","2,4,7",0.161432908,0.054928900,0.103713714,22.436332,17.624016,no,yes
COMPARISON_RELAXED,16,6.000000000000,1.100000000000,105.600000000000,106,0.056818181818,6.600000000000,0.600000000000,0.090909090909,0.005681818182,4,3,3,0,4,2,"3,5,7","3,5,7",-,"1,3,5,7","3,5",0.168816687,0.120032052,0.144424369,22.436332,17.601541,no,yes
COMPARISON_RELAXED,17,6.000000000000,1.100000000000,112.200000000000,113,0.053475935829,6.600000000000,0.600000000000,0.090909090909,0.005347593583,8,7,7,0,8,6,"2,3,4,5,6,7,8","2,3,4,5,6,7,8",-,"1,2,3,4,5,6,7,8","2,3,4,5,6,7",0.136757214,0.062843227,0.099573429,22.436332,17.579182,no,yes
COMPARISON_RELAXED,18,6.000000000000,1.100000000000,118.800000000000,119,0.050505050505,6.600000000000,0.600000000000,0.090909090909,0.005050505051,3,2,2,0,3,2,"5,7","5,7",-,"1,5,7","5,7",0.091304811,0.070442897,0.080873854,22.436332,17.561596,no,yes
COMPARISON_RELAXED,19,6.000000000000,1.100000000000,125.400000000000,126,0.047846889952,6.600000000000,0.600000000000,0.090909090909,0.004784688995,9,7,7,0,9,5,"2,3,4,5,6,7,8","2,3,4,5,6,7,8",-,"1,2,3,4,5,6,7,8,9","3,4,5,6,7",0.135975780,0.059665551,0.097958117,22.436332,17.544081,no,yes
COMPARISON_RELAXED,20,6.000000000000,1.100000000000,132.000000000000,132,0.045454545455,6.600000000000,0.600000000000,0.090909090909,0.004545454545,4,3,3,0,4,2,"3,7,9","3,7,9",-,"1,3,7,9","3,7",0.113583225,0.063433015,0.088508120,22.436332,17.529946,no,yes
COMPARISON_RELAXED,21,6.000000000000,1.100000000000,138.600000000000,139,0.043290043290,6.600000000000,0.600000000000,0.090909090909,0.004329004329,6,3,3,0,6,2,"4,5,8","4,5,8",-,"1,2,4,5,8,10","4,5",0.104725893,0.083140940,0.093933417,22.436332,17.515856,no,yes
COMPARISON_RELAXED,22,6.000000000000,1.100000000000,145.200000000000,146,0.041322314050,6.600000000000,0.600000000000,0.090909090909,0.004132231405,5,4,4,0,5,3,"3,5,7,9","3,5,7,9",-,"1,3,5,7,9","3,5,7",0.113752258,0.051434807,0.075195830,22.436332,17.504246,no,yes
COMPARISON_RELAXED,23,6.000000000000,1.100000000000,151.800000000000,152,0.039525691700,6.600000000000,0.600000000000,0.090909090909,0.003952569170,11,8,8,0,11,5,"3,4,5,6,7,8,9,10","3,4,5,6,7,8,9,10",-,"1,2,3,4,5,6,7,8,9,10,11","4,5,6,7,8",0.097459659,0.051756975,0.072111093,22.436332,17.492667,no,yes
COMPARISON_RELAXED,24,6.000000000000,1.100000000000,158.400000000000,159,0.037878787879,6.600000000000,0.600000000000,0.090909090909,0.003787878788,4,3,3,0,4,2,"5,7,11","5,7,11",-,"1,5,7,11","5,7",0.072562448,0.057970858,0.065266653,22.436332,17.482961,no,yes
COMPARISON_RELAXED,25,6.000000000000,1.100000000000,165.000000000000,165,0.036363636364,6.600000000000,0.600000000000,0.090909090909,0.003636363636,10,7,7,0,10,4,"3,4,6,7,8,9,11","3,4,6,7,8,9,11",-,"1,2,3,4,6,7,8,9,11,12","4,6,7,8",0.097733289,0.052925086,0.072788637,22.436332,17.473277,no,yes
COMPARISON_RELAXED,26,6.000000000000,1.100000000000,171.600000000000,172,0.034965034965,6.600000000000,0.600000000000,0.090909090909,0.003496503497,6,5,5,0,6,2,"3,5,7,9,11","3,5,7,9,11",-,"1,3,5,7,9,11","5,9",0.085347223,0.063621150,0.074484186,22.436332,17.465042,no,yes
COMPARISON_RELAXED,27,6.000000000000,1.100000000000,178.200000000000,179,0.033670033670,6.600000000000,0.600000000000,0.090909090909,0.003367003367,9,6,6,0,9,1,"4,5,7,8,10,11","4,5,7,8,10,11",-,"1,2,4,5,7,8,10,11,13",7,0.077486761,0.077486761,0.077486761,22.436332,17.456823,no,yes
COMPARISON_RELAXED,28,6.000000000000,1.100000000000,184.800000000000,185,0.032467532468,6.600000000000,0.600000000000,0.090909090909,0.003246753247,6,5,5,0,6,1,"3,5,9,11,13","3,5,9,11,13",-,"1,3,5,9,11,13",9,0.085647859,0.085647859,0.085647859,22.436332,17.449748,no,yes
COMPARISON_RELAXED,29,6.000000000000,1.100000000000,191.400000000000,192,0.031347962382,6.600000000000,0.600000000000,0.090909090909,0.003134796238,14,11,11,0,14,3,"3,4,5,6,7,8,9,10,11,12,13","3,4,5,6,7,8,9,10,11,12,13",-,"1,2,3,4,5,6,7,8,9,10,11,12,13,14","6,7,10",0.075913888,0.057306146,0.068174299,22.436332,17.442685,no,yes
COMPARISON_RELAXED,30,6.000000000000,1.100000000000,198.000000000000,198,0.030303030303,6.600000000000,0.600000000000,0.090909090909,0.003030303030,4,3,3,0,4,0,"7,11,13","7,11,13",-,"1,7,11,13",-,0.000000000,0.000000000,0.000000000,22.436332,17.436542,no,no
COMPARISON_RELAXED,31,6.000000000000,1.100000000000,204.600000000000,205,0.029325513196,6.600000000000,0.600000000000,0.090909090909,0.002932551320,15,11,11,0,15,3,"4,5,6,7,8,9,10,11,12,13,14","4,5,6,7,8,9,10,11,12,13,14",-,"1,2,3,4,5,6,7,8,9,10,11,12,13,14,15","6,8,10",0.076210134,0.051532402,0.064591668,22.436332,17.430407,no,yes
COMPARISON_RELAXED,32,6.000000000000,1.100000000000,211.200000000000,212,0.028409090909,6.600000000000,0.600000000000,0.090909090909,0.002840909091,8,6,6,0,8,1,"5,7,9,11,13,15","5,7,9,11,13,15",-,"1,3,5,7,9,11,13,15",11,0.068358938,0.068358938,0.068358938,22.436332,17.425023,no,yes
COMPARISON_RELAXED,33,6.000000000000,1.100000000000,217.800000000000,218,0.027548209366,6.600000000000,0.600000000000,0.090909090909,0.002754820937,10,7,7,0,10,1,"4,5,7,8,10,13,14","4,5,7,8,10,13,14",-,"1,2,4,5,7,8,10,13,14,16",8,0.061487157,0.061487157,0.061487157,22.436332,17.419645,no,yes
COMPARISON_RELAXED,34,6.000000000000,1.100000000000,224.400000000000,225,0.026737967914,6.600000000000,0.600000000000,0.090909090909,0.002673796791,8,6,6,0,8,1,"5,7,9,11,13,15","5,7,9,11,13,15",-,"1,3,5,7,9,11,13,15",11,0.068638405,0.068638405,0.068638405,22.436332,17.414886,no,yes
COMPARISON_RELAXED,35,6.000000000000,1.100000000000,231.000000000000,231,0.025974025974,6.600000000000,0.600000000000,0.090909090909,0.002597402597,12,8,8,0,12,2,"4,6,8,9,11,12,13,16","4,6,8,9,11,12,13,16",-,"1,2,3,4,6,8,9,11,12,13,16,17","9,12",0.062171958,0.057526979,0.059849469,22.436332,17.410133,no,yes
COMPARISON_RELAXED,36,6.000000000000,1.100000000000,237.600000000000,238,0.025252525253,6.600000000000,0.600000000000,0.090909090909,0.002525252525,6,4,4,0,6,0,"5,7,11,13","5,7,11,13",-,"1,5,7,11,13,17",-,0.000000000,0.000000000,0.000000000,22.436332,17.405898,no,no
COMPARISON_RELAXED,37,6.000000000000,1.100000000000,244.200000000000,245,0.024570024570,6.600000000000,0.600000000000,0.090909090909,0.002457002457,18,14,14,0,18,2,"4,5,6,7,8,9,10,11,12,13,14,15,16,17","4,5,6,7,8,9,10,11,12,13,14,15,16,17",-,"1,2,3,4,5,6,7,8,9,10,11,12,13,14,15,16,17,18","9,12",0.062430480,0.054045818,0.058238149,22.436332,17.401667,no,yes
COMPARISON_RELAXED,38,6.000000000000,1.100000000000,250.800000000000,251,0.023923444976,6.600000000000,0.600000000000,0.090909090909,0.002392344498,9,7,7,0,9,1,"5,7,9,11,13,15,17","5,7,9,11,13,15,17",-,"1,3,5,7,9,11,13,15,17",13,0.057012158,0.057012158,0.057012158,22.436332,17.397873,no,yes
COMPARISON_RELAXED,39,6.000000000000,1.100000000000,257.400000000000,258,0.023310023310,6.600000000000,0.600000000000,0.090909090909,0.002331002331,12,9,9,0,12,1,"4,5,7,8,10,11,14,16,17","4,5,7,8,10,11,14,16,17",-,"1,2,4,5,7,8,10,11,14,16,17,19",10,0.050961747,0.050961747,0.050961747,22.436332,17.394082,no,yes
COMPARISON_RELAXED,40,6.000000000000,1.100000000000,264.000000000000,264,0.022727272727,6.600000000000,0.600000000000,0.090909090909,0.002272727273,8,5,5,0,8,1,"7,9,11,13,17","7,9,11,13,17",-,"1,3,7,9,11,13,17,19",13,0.057249192,0.057249192,0.057249192,22.436332,17.390664,no,yes
COMPARISON_RELAXED,41,6.000000000000,1.100000000000,270.600000000000,271,0.022172949002,6.600000000000,0.600000000000,0.090909090909,0.002217294900,20,15,15,0,20,1,"5,6,7,8,9,10,11,12,13,14,15,16,17,18,19","5,6,7,8,9,10,11,12,13,14,15,16,17,18,19",-,"1,2,3,4,5,6,7,8,9,10,11,12,13,14,15,16,17,18,19,20",14,0.052643292,0.052643292,0.052643292,22.436332,17.387248,no,yes
COMPARISON_RELAXED,42,6.000000000000,1.100000000000,277.200000000000,278,0.021645021645,6.600000000000,0.600000000000,0.090909090909,0.002164502165,6,5,5,0,6,0,"5,11,13,17,19","5,11,13,17,19",-,"1,5,11,13,17,19",-,0.000000000,0.000000000,0.000000000,22.436332,17.384152,no,no
COMPARISON_RELAXED,43,6.000000000000,1.100000000000,283.800000000000,284,0.021141649049,6.600000000000,0.600000000000,0.090909090909,0.002114164905,21,16,16,0,21,1,"5,6,7,8,9,10,11,12,13,14,15,16,17,18,19,20","5,6,7,8,9,10,11,12,13,14,15,16,17,18,19,20",-,"1,2,3,4,5,6,7,8,9,10,11,12,13,14,15,16,17,18,19,20,21",14,0.052859858,0.052859858,0.052859858,22.436332,17.381059,no,yes
COMPARISON_RELAXED,44,6.000000000000,1.100000000000,290.400000000000,291,0.020661157025,6.600000000000,0.600000000000,0.090909090909,0.002066115702,10,7,7,0,10,0,"5,7,9,13,15,17,19","5,7,9,13,15,17,19",-,"1,3,5,7,9,13,15,17,19,21",-,0.000000000,0.000000000,0.000000000,22.436332,17.378242,no,no
COMPARISON_RELAXED,45,6.000000000000,1.100000000000,297.000000000000,297,0.020202020202,6.600000000000,0.600000000000,0.090909090909,0.002020202020,12,8,8,0,12,0,"7,8,11,13,14,16,17,19","7,8,11,13,14,16,17,19",-,"1,2,4,7,8,11,13,14,16,17,19,22",-,0.000000000,0.000000000,0.000000000,22.436332,17.375427,no,no
COMPARISON_RELAXED,46,6.000000000000,1.100000000000,303.600000000000,304,0.019762845850,6.600000000000,0.600000000000,0.090909090909,0.001976284585,11,9,9,0,11,0,"5,7,9,11,13,15,17,19,21","5,7,9,11,13,15,17,19,21",-,"1,3,5,7,9,11,13,15,17,19,21",-,0.000000000,0.000000000,0.000000000,22.436332,17.372853,no,no
COMPARISON_RELAXED,47,6.000000000000,1.100000000000,310.200000000000,311,0.019342359768,6.600000000000,0.600000000000,0.090909090909,0.001934235977,23,18,18,0,23,0,"5,6,7,8,9,10,11,12,13,14,15,16,17,18,19,20,21,22","5,6,7,8,9,10,11,12,13,14,15,16,17,18,19,20,21,22",-,"1,2,3,4,5,6,7,8,9,10,11,12,13,14,15,16,17,18,19,20,21,22,23",-,0.000000000,0.000000000,0.000000000,22.436332,17.370281,no,no
COMPARISON_RELAXED,48,6.000000000000,1.100000000000,316.800000000000,317,0.018939393939,6.600000000000,0.600000000000,0.090909090909,0.001893939394,8,6,6,0,8,0,"5,7,11,13,17,19","5,7,11,13,17,19",-,"1,5,7,11,13,17,19,23",-,0.000000000,0.000000000,0.000000000,22.436332,17.367920,no,no
COMPARISON_RELAXED,49,6.000000000000,1.100000000000,323.400000000000,324,0.018552875696,6.600000000000,0.600000000000,0.090909090909,0.001855287570,21,15,15,0,21,0,"6,8,9,10,11,12,13,15,16,17,18,19,20,22,23","6,8,9,10,11,12,13,15,16,17,18,19,20,22,23",-,"1,2,3,4,5,6,8,9,10,11,12,13,15,16,17,18,19,20,22,23,24",-,0.000000000,0.000000000,0.000000000,22.436332,17.365560,no,no
COMPARISON_RELAXED,50,6.000000000000,1.100000000000,330.000000000000,330,0.018181818182,6.600000000000,0.600000000000,0.090909090909,0.001818181818,10,8,8,0,10,0,"7,9,11,13,17,19,21,23","7,9,11,13,17,19,21,23",-,"1,3,7,9,11,13,17,19,21,23",-,0.000000000,0.000000000,0.000000000,22.436332,17.363386,no,no
COMPARISON_RELAXED,5,6.000000000000,1.150000000000,34.500000000000,35,0.173913043478,6.900000000000,0.900000000000,0.130434782609,0.026086956522,2,2,2,0,2,2,"1,2","1,2",-,"1,2","1,2",2.378353332,0.983851423,1.681102378,22.820327,18.837512,no,yes
COMPARISON_RELAXED,6,6.000000000000,1.150000000000,41.400000000000,42,0.144927536232,6.900000000000,0.900000000000,0.130434782609,0.021739130435,1,1,1,0,1,1,1,1,-,1,1,1.713857746,1.713857746,1.713857746,22.820327,18.647942,no,yes
COMPARISON_RELAXED,7,6.000000000000,1.150000000000,48.300000000000,49,0.124223602484,6.900000000000,0.900000000000,0.130434782609,0.018633540373,3,3,3,0,3,3,"1,2,3","1,2,3",-,"1,2,3","1,2,3",1.280394982,0.428087895,0.846558165,22.820327,18.466303,no,yes
COMPARISON_RELAXED,8,6.000000000000,1.150000000000,55.200000000000,56,0.108695652174,6.900000000000,0.900000000000,0.130434782609,0.016304347826,2,2,2,0,2,2,"1,3","1,3",-,"1,3","1,3",0.987852390,0.486148438,0.737000414,22.820327,18.367348,no,yes
COMPARISON_RELAXED,9,6.000000000000,1.150000000000,62.100000000000,63,0.096618357488,6.900000000000,0.900000000000,0.130434782609,0.014492753623,3,3,3,0,3,3,"1,2,4","1,2,4",-,"1,2,4","1,2,4",0.783050122,0.239021129,0.508890534,22.820327,18.270598,no,yes
COMPARISON_RELAXED,10,6.000000000000,1.150000000000,69.000000000000,69,0.086956521739,6.900000000000,0.900000000000,0.130434782609,0.013043478261,2,1,1,0,2,1,3,3,-,"1,3",3,0.462729004,0.462729004,0.462729004,22.820327,18.209783,no,yes
COMPARISON_RELAXED,11,6.000000000000,1.150000000000,75.900000000000,76,0.079051383399,6.900000000000,0.900000000000,0.130434782609,0.011857707510,5,4,4,0,5,4,"2,3,4,5","2,3,4,5",-,"1,2,3,4,5","2,3,4,5",0.362336695,0.152401533,0.287564111,22.820327,18.149808,no,yes
COMPARISON_RELAXED,12,6.000000000000,1.150000000000,82.800000000000,83,0.072463768116,6.900000000000,0.900000000000,0.130434782609,0.010869565217,2,1,1,0,2,1,5,5,-,"1,5",5,0.146838468,0.146838468,0.146838468,22.820327,18.108638,no,yes
COMPARISON_RELAXED,13,6.000000000000,1.150000000000,89.700000000000,90,0.066889632107,6.900000000000,0.900000000000,0.130434782609,0.010033444816,6,5,5,0,6,5,"2,3,4,5,6","2,3,4,5,6",-,"1,2,3,4,5,6","2,3,4,5,6",0.318377844,0.105592322,0.215362501,22.820327,18.067854,no,yes
COMPARISON_RELAXED,14,6.000000000000,1.150000000000,96.600000000000,97,0.062111801242,6.900000000000,0.900000000000,0.130434782609,0.009316770186,3,2,2,0,3,2,"3,5","3,5",-,"1,3,5","3,5",0.244068103,0.221808327,0.232938215,22.820327,18.038132,no,yes
COMPARISON_RELAXED,15,6.000000000000,1.150000000000,103.500000000000,104,0.057971014493,6.900000000000,0.900000000000,0.130434782609,0.008695652174,4,3,3,0,4,3,"2,4,7","2,4,7",-,"1,2,4,7","2,4,7",0.231650334,0.077456853,0.148370796,22.820327,18.008612,no,yes
COMPARISON_RELAXED,16,6.000000000000,1.150000000000,110.400000000000,111,0.054347826087,6.900000000000,0.900000000000,0.130434782609,0.008152173913,4,3,3,0,4,3,"3,5,7","3,5,7",-,"1,3,5,7","3,5,7",0.242010238,0.062349192,0.158879504,22.820327,17.986144,no,yes
COMPARISON_RELAXED,17,6.000000000000,1.150000000000,117.300000000000,118,0.051150895141,6.900000000000,0.900000000000,0.130434782609,0.007672634271,8,7,7,0,8,7,"2,3,4,5,6,7,8","2,3,4,5,6,7,8",-,"1,2,3,4,5,6,7,8","2,3,4,5,6,7,8",0.196237930,0.059235052,0.130976834,22.820327,17.963793,no,yes
COMPARISON_RELAXED,18,6.000000000000,1.150000000000,124.200000000000,125,0.048309178744,6.900000000000,0.900000000000,0.130434782609,0.007246376812,3,2,2,0,3,2,"5,7","5,7",-,"1,5,7","5,7",0.130993911,0.100967188,0.115980550,22.820327,17.946213,no,yes
COMPARISON_RELAXED,19,6.000000000000,1.150000000000,131.100000000000,132,0.045766590389,6.900000000000,0.900000000000,0.130434782609,0.006864988558,9,7,7,0,9,7,"2,3,4,5,6,7,8","2,3,4,5,6,7,8",-,"1,2,3,4,5,6,7,8,9","2,3,4,5,6,7,8",0.194941009,0.057906784,0.118634049,22.820327,17.928704,no,yes
COMPARISON_RELAXED,20,6.000000000000,1.150000000000,138.000000000000,138,0.043478260870,6.900000000000,0.900000000000,0.130434782609,0.006521739130,4,3,3,0,4,2,"3,7,9","3,7,9",-,"1,3,7,9","3,7",0.163166236,0.090985299,0.127075767,22.820327,17.914574,no,yes
COMPARISON_RELAXED,21,6.000000000000,1.150000000000,144.900000000000,145,0.041407867495,6.900000000000,0.900000000000,0.130434782609,0.006211180124,6,3,3,0,6,3,"4,5,8","4,5,8",-,"1,2,4,5,8,10","4,5,8",0.150270612,0.067066670,0.112221335,22.820327,17.900489,no,yes
COMPARISON_RELAXED,22,6.000000000000,1.150000000000,151.800000000000,152,0.039525691700,6.900000000000,0.900000000000,0.130434782609,0.005928853755,5,4,4,0,5,4,"3,5,7,9","3,5,7,9",-,"1,3,5,7,9","3,5,7,9",0.163089603,0.065424949,0.097249659,22.820327,17.888882,no,yes
COMPARISON_RELAXED,23,6.000000000000,1.150000000000,158.700000000000,159,0.037807183365,6.900000000000,0.900000000000,0.130434782609,0.005671077505,11,8,8,0,11,7,"3,4,5,6,7,8,9,10","3,4,5,6,7,8,9,10",-,"1,2,3,4,5,6,7,8,9,10,11","3,4,5,6,7,8,9",0.139982563,0.062330290,0.093056164,22.820327,17.877307,no,yes
COMPARISON_RELAXED,24,6.000000000000,1.150000000000,165.600000000000,166,0.036231884058,6.900000000000,0.900000000000,0.130434782609,0.005434782609,4,3,3,0,4,2,"5,7,11","5,7,11",-,"1,5,7,11","5,7",0.104089722,0.083185138,0.093637430,22.820327,17.867604,no,yes
COMPARISON_RELAXED,25,6.000000000000,1.150000000000,172.500000000000,173,0.034782608696,6.900000000000,0.900000000000,0.130434782609,0.005217391304,10,7,7,0,10,6,"3,4,6,7,8,9,11","3,4,6,7,8,9,11",-,"1,2,3,4,6,7,8,9,11,12","3,4,6,7,8,9",0.140130260,0.051242159,0.086756828,22.820327,17.857923,no,yes
COMPARISON_RELAXED,26,6.000000000000,1.150000000000,179.400000000000,180,0.033444816054,6.900000000000,0.900000000000,0.130434782609,0.005016722408,6,5,5,0,6,3,"3,5,7,9,11","3,5,7,9,11",-,"1,3,5,7,9,11","5,7,9",0.122570438,0.061631201,0.091836361,22.820327,17.849691,no,yes
COMPARISON_RELAXED,27,6.000000000000,1.150000000000,186.300000000000,187,0.032206119163,6.900000000000,0.900000000000,0.130434782609,0.004830917874,9,6,6,0,9,5,"4,5,7,8,10,11","4,5,7,8,10,11",-,"1,2,4,5,7,8,10,11,13","4,5,7,8,11",0.111182337,0.051358132,0.066465486,22.820327,17.841475,no,yes
COMPARISON_RELAXED,28,6.000000000000,1.150000000000,193.200000000000,194,0.031055900621,6.900000000000,0.900000000000,0.130434782609,0.004658385093,6,5,5,0,6,2,"3,5,9,11,13","3,5,9,11,13",-,"1,3,5,9,11,13","9,11",0.122808066,0.055381344,0.089094705,22.820327,17.834403,no,yes
COMPARISON_RELAXED,29,6.000000000000,1.150000000000,200.100000000000,201,0.029985007496,6.900000000000,0.900000000000,0.130434782609,0.004497751124,14,11,11,0,14,6,"3,4,5,6,7,8,9,10,11,12,13","3,4,5,6,7,8,9,10,11,12,13",-,"1,2,3,4,5,6,7,8,9,10,11,12,13,14","4,5,6,7,8,10",0.109012242,0.050759390,0.076812370,22.820327,17.827342,no,yes
COMPARISON_RELAXED,30,6.000000000000,1.150000000000,207.000000000000,207,0.028985507246,6.900000000000,0.900000000000,0.130434782609,0.004347826087,4,3,3,0,4,0,"7,11,13","7,11,13",-,"1,7,11,13",-,0.000000000,0.000000000,0.000000000,22.820327,17.821201,no,no
COMPARISON_RELAXED,31,6.000000000000,1.150000000000,213.900000000000,214,0.028050490884,6.900000000000,0.900000000000,0.130434782609,0.004207573633,15,11,11,0,15,6,"4,5,6,7,8,9,10,11,12,13,14","4,5,6,7,8,9,10,11,12,13,14",-,"1,2,3,4,5,6,7,8,9,10,11,12,13,14,15","5,6,7,8,9,10",0.109280288,0.051135517,0.074364658,22.820327,17.815068,no,yes
COMPARISON_RELAXED,32,6.000000000000,1.150000000000,220.800000000000,221,0.027173913043,6.900000000000,0.900000000000,0.130434782609,0.004076086957,8,6,6,0,8,2,"5,7,9,11,13,15","5,7,9,11,13,15",-,"1,3,5,7,9,11,13,15","9,11",0.098155524,0.057399039,0.077777281,22.820327,17.809685,no,yes
COMPARISON_RELAXED,33,6.000000000000,1.150000000000,227.700000000000,228,0.026350461133,6.900000000000,0.900000000000,0.130434782609,0.003952569170,10,7,7,0,10,1,"4,5,7,8,10,13,14","4,5,7,8,10,13,14",-,"1,2,4,5,7,8,10,13,14,16",8,0.088223854,0.088223854,0.088223854,22.820327,17.804309,no,yes
COMPARISON_RELAXED,34,6.000000000000,1.150000000000,234.600000000000,235,0.025575447570,6.900000000000,0.900000000000,0.130434782609,0.003836317136,8,6,6,0,8,2,"5,7,9,11,13,15","5,7,9,11,13,15",-,"1,3,5,7,9,11,13,15","7,11",0.098426704,0.067914677,0.083170691,22.820327,17.799552,no,yes
COMPARISON_RELAXED,35,6.000000000000,1.150000000000,241.500000000000,242,0.024844720497,6.900000000000,0.900000000000,0.130434782609,0.003726708075,12,8,8,0,12,3,"4,6,8,9,11,12,13,16","4,6,8,9,11,12,13,16",-,"1,2,3,4,6,8,9,11,12,13,16,17","6,9,12",0.089265822,0.051802149,0.074536443,22.820327,17.794801,no,yes
COMPARISON_RELAXED,36,6.000000000000,1.150000000000,248.400000000000,249,0.024154589372,6.900000000000,0.900000000000,0.130434782609,0.003623188406,6,4,4,0,6,1,"5,7,11,13","5,7,11,13",-,"1,5,7,11,13,17",7,0.062149527,0.062149527,0.062149527,22.820327,17.790567,no,yes
COMPARISON_RELAXED,37,6.000000000000,1.150000000000,255.300000000000,256,0.023501762632,6.900000000000,0.900000000000,0.130434782609,0.003525264395,18,14,14,0,18,2,"4,5,6,7,8,9,10,11,12,13,14,15,16,17","4,5,6,7,8,9,10,11,12,13,14,15,16,17",-,"1,2,3,4,5,6,7,8,9,10,11,12,13,14,15,16,17,18","9,12",0.089527663,0.077546246,0.083536954,22.820327,17.786337,no,yes
COMPARISON_RELAXED,38,6.000000000000,1.150000000000,262.200000000000,263,0.022883295195,6.900000000000,0.900000000000,0.130434782609,0.003432494279,9,7,7,0,9,1,"5,7,9,11,13,15,17","5,7,9,11,13,15,17",-,"1,3,5,7,9,11,13,15,17",13,0.081852861,0.081852861,0.081852861,22.820327,17.782544,no,yes
COMPARISON_RELAXED,39,6.000000000000,1.150000000000,269.100000000000,270,0.022296544036,6.900000000000,0.900000000000,0.130434782609,0.003344481605,12,9,9,0,12,2,"4,5,7,8,10,11,14,16,17","4,5,7,8,10,11,14,16,17",-,"1,2,4,5,7,8,10,11,14,16,17,19","8,10",0.073120951,0.057851322,0.065486137,22.820327,17.778755,no,yes
COMPARISON_RELAXED,40,6.000000000000,1.150000000000,276.000000000000,276,0.021739130435,6.900000000000,0.900000000000,0.130434782609,0.003260869565,8,5,5,0,8,1,"7,9,11,13,17","7,9,11,13,17",-,"1,3,7,9,11,13,17,19",13,0.082100000,0.082100000,0.082100000,22.820327,17.775337,no,yes
COMPARISON_RELAXED,41,6.000000000000,1.150000000000,282.900000000000,283,0.021208907741,6.900000000000,0.900000000000,0.130434782609,0.003181336161,20,15,15,0,20,3,"5,6,7,8,9,10,11,12,13,14,15,16,17,18,19","5,6,7,8,9,10,11,12,13,14,15,16,17,18,19",-,"1,2,3,4,5,6,7,8,9,10,11,12,13,14,15,16,17,18,19,20","8,10,14",0.075576833,0.053596007,0.066115366,22.820327,17.771923,no,yes
COMPARISON_RELAXED,42,6.000000000000,1.150000000000,289.800000000000,290,0.020703933747,6.900000000000,0.900000000000,0.130434782609,0.003105590062,6,5,5,0,6,0,"5,11,13,17,19","5,11,13,17,19",-,"1,5,11,13,17,19",-,0.000000000,0.000000000,0.000000000,22.820327,17.768828,no,no
COMPARISON_RELAXED,43,6.000000000000,1.150000000000,296.700000000000,297,0.020222446916,6.900000000000,0.900000000000,0.130434782609,0.003033367037,21,16,16,0,21,2,"5,6,7,8,9,10,11,12,13,14,15,16,17,18,19,20","5,6,7,8,9,10,11,12,13,14,15,16,17,18,19,20",-,"1,2,3,4,5,6,7,8,9,10,11,12,13,14,15,16,17,18,19,20,21","11,14",0.075807405,0.065629834,0.070718619,22.820327,17.765736,no,yes
COMPARISON_RELAXED,44,6.000000000000,1.150000000000,303.600000000000,304,0.019762845850,6.900000000000,0.900000000000,0.130434782609,0.002964426877,10,7,7,0,10,2,"5,7,9,13,15,17,19","5,7,9,13,15,17,19",-,"1,3,5,7,9,13,15,17,19,21","9,15",0.070194775,0.050382821,0.060288798,22.820327,17.762920,no,yes
COMPARISON_RELAXED,45,6.000000000000,1.150000000000,310.500000000000,311,0.019323671498,6.900000000000,0.900000000000,0.130434782609,0.002898550725,12,8,8,0,12,1,"7,8,11,13,14,16,17,19","7,8,11,13,14,16,17,19",-,"1,2,4,7,8,11,13,14,16,17,19,22",11,0.062431619,0.062431619,0.062431619,22.820327,17.760106,no,yes
COMPARISON_RELAXED,46,6.000000000000,1.150000000000,317.400000000000,318,0.018903591682,6.900000000000,0.900000000000,0.130434782609,0.002835538752,11,9,9,0,11,1,"5,7,9,11,13,15,17,19,21","5,7,9,11,13,15,17,19,21",-,"1,3,5,7,9,11,13,15,17,19,21",15,0.070408646,0.070408646,0.070408646,22.820327,17.757533,no,yes
COMPARISON_RELAXED,47,6.000000000000,1.150000000000,324.300000000000,325,0.018501387604,6.900000000000,0.900000000000,0.130434782609,0.002775208141,23,18,18,0,23,2,"5,6,7,8,9,10,11,12,13,14,15,16,17,18,19,20,21,22","5,6,7,8,9,10,11,12,13,14,15,16,17,18,19,20,21,22",-,"1,2,3,4,5,6,7,8,9,10,11,12,13,14,15,16,17,18,19,20,21,22,23","12,16",0.065528359,0.059530524,0.062529442,22.820327,17.754961,no,yes
COMPARISON_RELAXED,48,6.000000000000,1.150000000000,331.200000000000,332,0.018115942029,6.900000000000,0.900000000000,0.130434782609,0.002717391304,8,6,6,0,8,0,"5,7,11,13,17,19","5,7,11,13,17,19",-,"1,5,7,11,13,17,19,23",-,0.000000000,0.000000000,0.000000000,22.820327,17.752601,no,no
COMPARISON_RELAXED,49,6.000000000000,1.150000000000,338.100000000000,339,0.017746228926,6.900000000000,0.900000000000,0.130434782609,0.002661934339,21,15,15,0,21,2,"6,8,9,10,11,12,13,15,16,17,18,19,20,22,23","6,8,9,10,11,12,13,15,16,17,18,19,20,22,23",-,"1,2,3,4,5,6,8,9,10,11,12,13,15,16,17,18,19,20,22,23,24","12,16",0.065726225,0.056886992,0.061306608,22.820327,17.750242,no,yes
COMPARISON_RELAXED,50,6.000000000000,1.150000000000,345.000000000000,345,0.017391304348,6.900000000000,0.900000000000,0.130434782609,0.002608695652,10,8,8,0,10,1,"7,9,11,13,17,19,21,23","7,9,11,13,17,19,21,23",-,"1,3,7,9,11,13,17,19,21,23",17,0.061443734,0.061443734,0.061443734,22.820327,17.748069,no,yes
COMPARISON_RELAXED,5,6.000000000000,1.200000000000,36.000000000000,36,0.166666666667,7.200000000000,1.200000000000,0.166666666667,0.033333333333,2,2,2,0,2,2,"1,2","1,2",-,"1,2","1,2",3.014761936,1.249762008,2.132261972,23.188143,19.205607,no,yes
COMPARISON_RELAXED,6,6.000000000000,1.200000000000,43.200000000000,44,0.138888888889,7.200000000000,1.200000000000,0.166666666667,0.027777777778,1,1,1,0,1,1,1,1,-,1,1,2.166450586,2.166450586,2.166450586,23.188143,19.016096,no,yes
COMPARISON_RELAXED,7,6.000000000000,1.200000000000,50.400000000000,51,0.119047619048,7.200000000000,1.200000000000,0.166666666667,0.023809523810,3,3,3,0,3,3,"1,2,3","1,2,3",-,"1,2,3","1,2,3",1.615593269,0.541099495,1.072767842,23.188143,18.834509,no,yes
COMPARISON_RELAXED,8,6.000000000000,1.200000000000,57.600000000000,58,0.104166666667,7.200000000000,1.200000000000,0.166666666667,0.020833333333,2,2,2,0,2,2,"1,3","1,3",-,"1,3","1,3",1.244903553,0.622302042,0.933602798,23.188143,18.735585,no,yes
COMPARISON_RELAXED,9,6.000000000000,1.200000000000,64.800000000000,65,0.092592592593,7.200000000000,1.200000000000,0.166666666667,0.018518518519,3,3,3,0,3,3,"1,2,4","1,2,4",-,"1,2,4","1,2,4",0.985912857,0.301394567,0.644038934,23.188143,18.638864,no,yes
COMPARISON_RELAXED,10,6.000000000000,1.200000000000,72.000000000000,72,0.083333333333,7.200000000000,1.200000000000,0.166666666667,0.016666666667,2,1,1,0,2,1,3,3,-,"1,3",3,0.590812111,0.590812111,0.590812111,23.188143,18.578067,no,yes
COMPARISON_RELAXED,11,6.000000000000,1.200000000000,79.200000000000,80,0.075757575758,7.200000000000,1.200000000000,0.166666666667,0.015151515152,5,4,4,0,5,4,"2,3,4,5","2,3,4,5",-,"1,2,3,4,5","2,3,4,5",0.463046747,0.191903929,0.366951382,23.188143,18.518110,no,yes
COMPARISON_RELAXED,12,6.000000000000,1.200000000000,86.400000000000,87,0.069444444444,7.200000000000,1.200000000000,0.166666666667,0.013888888889,2,1,1,0,2,1,5,5,-,"1,5",5,0.187799546,0.187799546,0.187799546,23.188143,18.476952,no,yes
COMPARISON_RELAXED,13,6.000000000000,1.200000000000,93.600000000000,94,0.064102564103,7.200000000000,1.200000000000,0.166666666667,0.012820512821,6,5,5,0,6,5,"2,3,4,5,6","2,3,4,5,6",-,"1,2,3,4,5,6","2,3,4,5,6",0.406485068,0.132842203,0.274686307,23.188143,18.436181,no,yes
COMPARISON_RELAXED,14,6.000000000000,1.200000000000,100.800000000000,101,0.059523809524,7.200000000000,1.200000000000,0.166666666667,0.011904761905,3,2,2,0,3,2,"3,5","3,5",-,"1,3,5","3,5",0.312342216,0.283371887,0.297857051,23.188143,18.406468,no,yes
COMPARISON_RELAXED,15,6.000000000000,1.200000000000,108.000000000000,108,0.055555555556,7.200000000000,1.200000000000,0.166666666667,0.011111111111,4,3,3,0,4,3,"2,4,7","2,4,7",-,"1,2,4,7","2,4,7",0.296030714,0.097384850,0.189073396,23.188143,18.376956,no,yes
COMPARISON_RELAXED,16,6.000000000000,1.200000000000,115.200000000000,116,0.052083333333,7.200000000000,1.200000000000,0.166666666667,0.010416666667,4,3,3,0,4,3,"3,5,7","3,5,7",-,"1,3,5,7","3,5,7",0.308993188,0.079711392,0.202969272,23.188143,18.354496,no,yes
COMPARISON_RELAXED,17,6.000000000000,1.200000000000,122.400000000000,123,0.049019607843,7.200000000000,1.200000000000,0.166666666667,0.009803921569,8,7,7,0,8,7,"2,3,4,5,6,7,8","2,3,4,5,6,7,8",-,"1,2,3,4,5,6,7,8","2,3,4,5,6,7,8",0.250772360,0.074440691,0.167248344,23.188143,18.332151,no,yes
COMPARISON_RELAXED,18,6.000000000000,1.200000000000,129.600000000000,130,0.046296296296,7.200000000000,1.200000000000,0.166666666667,0.009259259259,3,2,2,0,3,2,"5,7","5,7",-,"1,5,7","5,7",0.167370837,0.128892702,0.148131770,23.188143,18.314576,no,yes
COMPARISON_RELAXED,19,6.000000000000,1.200000000000,136.800000000000,137,0.043859649123,7.200000000000,1.200000000000,0.166666666667,0.008771929825,9,7,7,0,9,7,"2,3,4,5,6,7,8","2,3,4,5,6,7,8",-,"1,2,3,4,5,6,7,8,9","2,3,4,5,6,7,8",0.248908948,0.073942906,0.151557255,23.188143,18.297073,no,yes
COMPARISON_RELAXED,20,6.000000000000,1.200000000000,144.000000000000,144,0.041666666667,7.200000000000,1.200000000000,0.166666666667,0.008333333333,4,3,3,0,4,2,"3,7,9","3,7,9",-,"1,3,7,9","3,7",0.208722382,0.116226950,0.162474666,23.188143,18.282946,no,yes
COMPARISON_RELAXED,21,6.000000000000,1.200000000000,151.200000000000,152,0.039682539683,7.200000000000,1.200000000000,0.166666666667,0.007936507937,6,3,3,0,6,3,"4,5,8","4,5,8",-,"1,2,4,5,8,10","4,5,8",0.192025774,0.085720180,0.143420924,23.188143,18.268865,no,yes
COMPARISON_RELAXED,22,6.000000000000,1.200000000000,158.400000000000,159,0.037878787879,7.200000000000,1.200000000000,0.166666666667,0.007575757576,5,4,4,0,5,4,"3,5,7,9","3,5,7,9",-,"1,3,5,7,9","3,5,7,9",0.208250782,0.083692787,0.124258890,23.188143,18.257262,no,yes
COMPARISON_RELAXED,23,6.000000000000,1.200000000000,165.600000000000,166,0.036231884058,7.200000000000,1.200000000000,0.166666666667,0.007246376812,11,8,8,0,11,7,"3,4,5,6,7,8,9,10","3,4,5,6,7,8,9,10",-,"1,2,3,4,5,6,7,8,9,10,11","3,4,5,6,7,8,9",0.179040700,0.079622640,0.118913332,23.188143,18.245690,no,yes
COMPARISON_RELAXED,24,6.000000000000,1.200000000000,172.800000000000,173,0.034722222222,7.200000000000,1.200000000000,0.166666666667,0.006944444444,4,3,3,0,4,2,"5,7,11","5,7,11",-,"1,5,7,11","5,7",0.132978081,0.106303266,0.119640673,23.188143,18.235991,no,yes
COMPARISON_RELAXED,25,6.000000000000,1.200000000000,180.000000000000,180,0.033333333333,7.200000000000,1.200000000000,0.166666666667,0.006666666667,10,7,7,0,10,6,"3,4,6,7,8,9,11","3,4,6,7,8,9,11",-,"1,2,3,4,6,7,8,9,11,12","3,4,6,7,8,9",0.178942658,0.065471235,0.110845179,23.188143,18.226312,no,yes
COMPARISON_RELAXED,26,6.000000000000,1.200000000000,187.200000000000,188,0.032051282051,7.200000000000,1.200000000000,0.166666666667,0.006410256410,6,5,5,0,6,4,"3,5,7,9,11","3,5,7,9,11",-,"1,3,5,7,9,11","3,5,7,9",0.156752918,0.056666120,0.102217165,23.188143,18.218083,no,yes
COMPARISON_RELAXED,27,6.000000000000,1.200000000000,194.400000000000,195,0.030864197531,7.200000000000,1.200000000000,0.166666666667,0.006172839506,9,6,6,0,9,6,"4,5,7,8,10,11","4,5,7,8,10,11",-,"1,2,4,5,7,8,10,11,13","4,5,7,8,10,11",0.142072784,0.062556999,0.081206534,23.188143,18.209869,no,yes
COMPARISON_RELAXED,28,6.000000000000,1.200000000000,201.600000000000,202,0.029761904762,7.200000000000,1.200000000000,0.166666666667,0.005952380952,6,5,5,0,6,3,"3,5,9,11,13","3,5,9,11,13",-,"1,3,5,9,11,13","5,9,11",0.156829708,0.063085803,0.096874575,23.188143,18.202799,no,yes
COMPARISON_RELAXED,29,6.000000000000,1.200000000000,208.800000000000,209,0.028735632184,7.200000000000,1.200000000000,0.166666666667,0.005747126437,14,11,11,0,14,8,"3,4,5,6,7,8,9,10,11,12,13","3,4,5,6,7,8,9,10,11,12,13",-,"1,2,3,4,5,6,7,8,9,10,11,12,13,14","4,5,6,7,8,9,10,11",0.139401251,0.053662016,0.087640141,23.188143,18.195740,no,yes
COMPARISON_RELAXED,30,6.000000000000,1.200000000000,216.000000000000,216,0.027777777778,7.200000000000,1.200000000000,0.166666666667,0.005555555556,4,3,3,0,4,1,"7,11,13","7,11,13",-,"1,7,11,13",7,0.058904145,0.058904145,0.058904145,23.188143,18.189600,no,yes
COMPARISON_RELAXED,31,6.000000000000,1.200000000000,223.200000000000,224,0.026881720430,7.200000000000,1.200000000000,0.166666666667,0.005376344086,15,11,11,0,15,7,"4,5,6,7,8,9,10,11,12,13,14","4,5,6,7,8,9,10,11,12,13,14",-,"1,2,3,4,5,6,7,8,9,10,11,12,13,14,15","4,5,6,7,8,9,10",0.139559893,0.051494977,0.088799838,23.188143,18.183470,no,yes
COMPARISON_RELAXED,32,6.000000000000,1.200000000000,230.400000000000,231,0.026041666667,7.200000000000,1.200000000000,0.166666666667,0.005208333333,8,6,6,0,8,4,"5,7,9,11,13,15","5,7,9,11,13,15",-,"1,3,5,7,9,11,13,15","7,9,11,13",0.125508932,0.054084258,0.078741507,23.188143,18.178088,no,yes
COMPARISON_RELAXED,33,6.000000000000,1.200000000000,237.600000000000,238,0.025252525253,7.200000000000,1.200000000000,0.166666666667,0.005050505051,10,7,7,0,10,3,"4,5,7,8,10,13,14","4,5,7,8,10,13,14",-,"1,2,4,5,7,8,10,13,14,16","8,10,13",0.112734068,0.053799372,0.074713087,23.188143,18.172714,no,yes
COMPARISON_RELAXED,34,6.000000000000,1.200000000000,244.800000000000,245,0.024509803922,7.200000000000,1.200000000000,0.166666666667,0.004901960784,8,6,6,0,8,3,"5,7,9,11,13,15","5,7,9,11,13,15",-,"1,3,5,7,9,11,13,15","5,7,11",0.125703436,0.055201792,0.089223740,23.188143,18.167958,no,yes
COMPARISON_RELAXED,35,6.000000000000,1.200000000000,252.000000000000,252,0.023809523810,7.200000000000,1.200000000000,0.166666666667,0.004761904762,12,8,8,0,12,3,"4,6,8,9,11,12,13,16","4,6,8,9,11,12,13,16",-,"1,2,3,4,6,8,9,11,12,13,16,17","6,9,12",0.114135010,0.066176222,0.095261253,23.188143,18.163208,no,yes
COMPARISON_RELAXED,36,6.000000000000,1.200000000000,259.200000000000,260,0.023148148148,7.200000000000,1.200000000000,0.166666666667,0.004629629630,6,4,4,0,6,1,"5,7,11,13","5,7,11,13",-,"1,5,7,11,13,17",7,0.079428453,0.079428453,0.079428453,23.188143,18.158975,no,yes
COMPARISON_RELAXED,37,6.000000000000,1.200000000000,266.400000000000,267,0.022522522523,7.200000000000,1.200000000000,0.166666666667,0.004504504505,18,14,14,0,18,3,"4,5,6,7,8,9,10,11,12,13,14,15,16,17","4,5,6,7,8,9,10,11,12,13,14,15,16,17",-,"1,2,3,4,5,6,7,8,9,10,11,12,13,14,15,16,17,18","6,9,12",0.114341834,0.059997363,0.091142875,23.188143,18.154747,no,yes
COMPARISON_RELAXED,38,6.000000000000,1.200000000000,273.600000000000,274,0.021929824561,7.200000000000,1.200000000000,0.166666666667,0.004385964912,9,7,7,0,9,2,"5,7,9,11,13,15,17","5,7,9,11,13,15,17",-,"1,3,5,7,9,11,13,15,17","11,13",0.104651488,0.058499031,0.081575259,23.188143,18.150955,no,yes
COMPARISON_RELAXED,39,6.000000000000,1.200000000000,280.800000000000,281,0.021367521368,7.200000000000,1.200000000000,0.166666666667,0.004273504274,12,9,9,0,12,3,"4,5,7,8,10,11,14,16,17","4,5,7,8,10,11,14,16,17",-,"1,2,4,5,7,8,10,11,14,16,17,19","8,10,11",0.093434514,0.057238751,0.074861204,23.188143,18.147167,no,yes
COMPARISON_RELAXED,40,6.000000000000,1.200000000000,288.000000000000,288,0.020833333333,7.200000000000,1.200000000000,0.166666666667,0.004166666667,8,5,5,0,8,1,"7,9,11,13,17","7,9,11,13,17",-,"1,3,7,9,11,13,17,19",13,0.104858412,0.104858412,0.104858412,23.188143,18.143750,no,yes
COMPARISON_RELAXED,41,6.000000000000,1.200000000000,295.200000000000,296,0.020325203252,7.200000000000,1.200000000000,0.166666666667,0.004065040650,20,15,15,0,20,4,"5,6,7,8,9,10,11,12,13,14,15,16,17,18,19","5,6,7,8,9,10,11,12,13,14,15,16,17,18,19",-,"1,2,3,4,5,6,7,8,9,10,11,12,13,14,15,16,17,18,19,20","7,8,10,14",0.096623178,0.054707812,0.077054092,23.188143,18.140337,no,yes
COMPARISON_RELAXED,42,6.000000000000,1.200000000000,302.400000000000,303,0.019841269841,7.200000000000,1.200000000000,0.166666666667,0.003968253968,6,5,5,0,6,0,"5,11,13,17,19","5,11,13,17,19",-,"1,5,11,13,17,19",-,0.000000000,0.000000000,0.000000000,23.188143,18.137243,no,no
COMPARISON_RELAXED,43,6.000000000000,1.200000000000,309.600000000000,310,0.019379844961,7.200000000000,1.200000000000,0.166666666667,0.003875968992,21,16,16,0,21,3,"5,6,7,8,9,10,11,12,13,14,15,16,17,18,19,20","5,6,7,8,9,10,11,12,13,14,15,16,17,18,19,20",-,"1,2,3,4,5,6,7,8,9,10,11,12,13,14,15,16,17,18,19,20,21","7,11,14",0.096823925,0.050383224,0.077023043,23.188143,18.134152,no,yes
COMPARISON_RELAXED,44,6.000000000000,1.200000000000,316.800000000000,317,0.018939393939,7.200000000000,1.200000000000,0.166666666667,0.003787878788,10,7,7,0,10,2,"5,7,9,13,15,17,19","5,7,9,13,15,17,19",-,"1,3,5,7,9,13,15,17,19,21","9,15",0.089738968,0.064369434,0.077054201,23.188143,18.131336,no,yes
COMPARISON_RELAXED,45,6.000000000000,1.200000000000,324.000000000000,324,0.018518518519,7.200000000000,1.200000000000,0.166666666667,0.003703703704,12,8,8,0,12,1,"7,8,11,13,14,16,17,19","7,8,11,13,14,16,17,19",-,"1,2,4,7,8,11,13,14,16,17,19,22",11,0.079775166,0.079775166,0.079775166,23.188143,18.128523,no,yes
COMPARISON_RELAXED,46,6.000000000000,1.200000000000,331.200000000000,332,0.018115942029,7.200000000000,1.200000000000,0.166666666667,0.003623188406,11,9,9,0,11,2,"5,7,9,11,13,15,17,19,21","5,7,9,11,13,15,17,19,21",-,"1,3,5,7,9,11,13,15,17,19,21","9,15",0.089930471,0.060209224,0.075069847,23.188143,18.125951,no,yes
COMPARISON_RELAXED,47,6.000000000000,1.200000000000,338.400000000000,339,0.017730496454,7.200000000000,1.200000000000,0.166666666667,0.003546099291,23,18,18,0,23,2,"5,6,7,8,9,10,11,12,13,14,15,16,17,18,19,20,21,22","5,6,7,8,9,10,11,12,13,14,15,16,17,18,19,20,21,22",-,"1,2,3,4,5,6,7,8,9,10,11,12,13,14,15,16,17,18,19,20,21,22,23","12,16",0.083770540,0.076068037,0.079919289,23.188143,18.123380,no,yes
COMPARISON_RELAXED,48,6.000000000000,1.200000000000,345.600000000000,346,0.017361111111,7.200000000000,1.200000000000,0.166666666667,0.003472222222,8,6,6,0,8,0,"5,7,11,13,17,19","5,7,11,13,17,19",-,"1,5,7,11,13,17,19,23",-,0.000000000,0.000000000,0.000000000,23.188143,18.121020,no,no
COMPARISON_RELAXED,49,6.000000000000,1.200000000000,352.800000000000,353,0.017006802721,7.200000000000,1.200000000000,0.166666666667,0.003401360544,21,15,15,0,21,3,"6,8,9,10,11,12,13,15,16,17,18,19,20,22,23","6,8,9,10,11,12,13,15,16,17,18,19,20,22,23",-,"1,2,3,4,5,6,8,9,10,11,12,13,15,16,17,18,19,20,22,23,24","10,12,16",0.083951495,0.057008379,0.071216639,23.188143,18.118662,no,yes
COMPARISON_RELAXED,50,6.000000000000,1.200000000000,360.000000000000,360,0.016666666667,7.200000000000,1.200000000000,0.166666666667,0.003333333333,10,8,8,0,10,1,"7,9,11,13,17,19,21,23","7,9,11,13,17,19,21,23",-,"1,3,7,9,11,13,17,19,21,23",17,0.078546544,0.078546544,0.078546544,23.188143,18.116490,no,yes
COMPARISON_RELAXED,5,6.000000000000,1.300000000000,39.000000000000,39,0.153846153846,7.800000000000,1.800000000000,0.230769230769,0.046153846154,2,2,2,0,2,2,"1,2","1,2",-,"1,2","1,2",4.109363531,1.711815969,2.910589750,23.880301,19.898228,no,yes
COMPARISON_RELAXED,6,6.000000000000,1.300000000000,46.800000000000,47,0.128205128205,7.800000000000,1.800000000000,0.230769230769,0.038461538462,1,1,1,0,1,1,1,1,-,1,1,2.939360676,2.939360676,2.939360676,23.880301,19.708814,no,yes
COMPARISON_RELAXED,7,6.000000000000,1.300000000000,54.600000000000,55,0.109890109890,7.800000000000,1.800000000000,0.230769230769,0.032967032967,3,3,3,0,3,3,"1,2,3","1,2,3",-,"1,2,3","1,2,3",2.185258617,0.734642972,1.462854973,23.880301,19.527317,no,yes
COMPARISON_RELAXED,8,6.000000000000,1.300000000000,62.400000000000,63,0.096153846154,7.800000000000,1.800000000000,0.230769230769,0.028846153846,2,2,2,0,2,2,"1,3","1,3",-,"1,3","1,3",1.680257932,0.864325104,1.272291518,23.880301,19.428443,no,yes
COMPARISON_RELAXED,9,6.000000000000,1.300000000000,70.200000000000,71,0.085470085470,7.800000000000,1.800000000000,0.230769230769,0.025641025641,3,3,3,0,3,3,"1,2,4","1,2,4",-,"1,2,4","1,2,4",1.328618617,0.407424184,0.876311601,23.880301,19.331770,no,yes
COMPARISON_RELAXED,10,6.000000000000,1.300000000000,78.000000000000,78,0.076923076923,7.800000000000,1.800000000000,0.230769230769,0.023076923077,2,1,1,0,2,1,3,3,-,"1,3",3,0.816909594,0.816909594,0.816909594,23.880301,19.271004,no,yes
COMPARISON_RELAXED,11,6.000000000000,1.300000000000,85.800000000000,86,0.069930069930,7.800000000000,1.800000000000,0.230769230769,0.020979020979,5,4,4,0,5,4,"2,3,4,5","2,3,4,5",-,"1,2,3,4,5","2,3,4,5",0.641280412,0.258759228,0.506869021,23.880301,19.211077,no,yes
COMPARISON_RELAXED,12,6.000000000000,1.300000000000,93.600000000000,94,0.064102564103,7.800000000000,1.800000000000,0.230769230769,0.019230769231,2,1,1,0,2,1,5,5,-,"1,5",5,0.260450542,0.260450542,0.260450542,23.880301,19.169940,no,yes
COMPARISON_RELAXED,13,6.000000000000,1.300000000000,101.400000000000,102,0.059171597633,7.800000000000,1.800000000000,0.230769230769,0.017751479290,6,5,5,0,6,5,"2,3,4,5,6","2,3,4,5,6",-,"1,2,3,4,5,6","2,3,4,5,6",0.562002146,0.178827588,0.379105847,23.880301,19.129189,no,yes
COMPARISON_RELAXED,14,6.000000000000,1.300000000000,109.200000000000,110,0.054945054945,7.800000000000,1.800000000000,0.230769230769,0.016483516484,3,2,2,0,3,2,"3,5","3,5",-,"1,3,5","3,5",0.433634986,0.392236373,0.412935679,23.880301,19.099490,no,yes
COMPARISON_RELAXED,15,6.000000000000,1.300000000000,117.000000000000,117,0.051282051282,7.800000000000,1.800000000000,0.230769230769,0.015384615385,4,3,3,0,4,3,"2,4,7","2,4,7",-,"1,2,4,7","2,4,7",0.409965976,0.130945775,0.260537656,23.880301,19.069993,no,yes
COMPARISON_RELAXED,16,6.000000000000,1.300000000000,124.800000000000,125,0.048076923077,7.800000000000,1.800000000000,0.230769230769,0.014423076923,4,3,3,0,4,3,"3,5,7","3,5,7",-,"1,3,5,7","3,5,7",0.427237171,0.110474601,0.280925236,23.880301,19.047544,no,yes
COMPARISON_RELAXED,17,6.000000000000,1.300000000000,132.600000000000,133,0.045248868778,7.800000000000,1.800000000000,0.230769230769,0.013574660633,8,7,7,0,8,7,"2,3,4,5,6,7,8","2,3,4,5,6,7,8",-,"1,2,3,4,5,6,7,8","2,3,4,5,6,7,8",0.347279298,0.100010042,0.231301028,23.880301,19.025210,no,yes
COMPARISON_RELAXED,18,6.000000000000,1.300000000000,140.400000000000,141,0.042735042735,7.800000000000,1.800000000000,0.230769230769,0.012820512821,3,2,2,0,3,2,"5,7","5,7",-,"1,5,7","5,7",0.231718600,0.178169874,0.204944237,23.880301,19.007644,no,yes
COMPARISON_RELAXED,19,6.000000000000,1.300000000000,148.200000000000,149,0.040485829960,7.800000000000,1.800000000000,0.230769230769,0.012145748988,9,7,7,0,9,7,"2,3,4,5,6,7,8","2,3,4,5,6,7,8",-,"1,2,3,4,5,6,7,8,9","2,3,4,5,6,7,8",0.344192682,0.102262030,0.209772234,23.880301,18.990149,no,yes
COMPARISON_RELAXED,20,6.000000000000,1.300000000000,156.000000000000,156,0.038461538462,7.800000000000,1.800000000000,0.230769230769,0.011538461538,4,3,3,0,4,3,"3,7,9","3,7,9",-,"1,3,7,9","3,7,9",0.289566105,0.056700733,0.169039235,23.880301,18.976029,no,yes
COMPARISON_RELAXED,21,6.000000000000,1.300000000000,163.800000000000,164,0.036630036630,7.800000000000,1.800000000000,0.230769230769,0.010989010989,6,3,3,0,6,3,"4,5,8","4,5,8",-,"1,2,4,5,8,10","4,5,8",0.265913178,0.118747840,0.198648256,23.880301,18.961955,no,yes
COMPARISON_RELAXED,22,6.000000000000,1.300000000000,171.600000000000,172,0.034965034965,7.800000000000,1.800000000000,0.230769230769,0.010489510490,5,4,4,0,5,4,"3,5,7,9","3,5,7,9",-,"1,3,5,7,9","3,5,7,9",0.287998209,0.116112862,0.172038832,23.880301,18.950358,no,yes
COMPARISON_RELAXED,23,6.000000000000,1.300000000000,179.400000000000,180,0.033444816054,7.800000000000,1.800000000000,0.230769230769,0.010033444816,11,8,8,0,11,8,"3,4,5,6,7,8,9,10","3,4,5,6,7,8,9,10",-,"1,2,3,4,5,6,7,8,9,10,11","3,4,5,6,7,8,9,10",0.248327053,0.064847173,0.152191147,23.880301,18.938792,no,yes
COMPARISON_RELAXED,24,6.000000000000,1.300000000000,187.200000000000,188,0.032051282051,7.800000000000,1.800000000000,0.230769230769,0.009615384615,4,3,3,0,4,2,"5,7,11","5,7,11",-,"1,5,7,11","5,7",0.184060710,0.147216271,0.165638491,23.880301,18.929097,no,yes
COMPARISON_RELAXED,25,6.000000000000,1.300000000000,195.000000000000,195,0.030769230769,7.800000000000,1.800000000000,0.230769230769,0.009230769231,10,7,7,0,10,6,"3,4,6,7,8,9,11","3,4,6,7,8,9,11",-,"1,2,3,4,6,7,8,9,11,12","3,4,6,7,8,9",0.247489098,0.090640540,0.153451083,23.880301,18.919423,no,yes
COMPARISON_RELAXED,26,6.000000000000,1.300000000000,202.800000000000,203,0.029585798817,7.800000000000,1.800000000000,0.230769230769,0.008875739645,6,5,5,0,6,5,"3,5,7,9,11","3,5,7,9,11",-,"1,3,5,7,9,11","3,5,7,9,11",0.217372202,0.063026055,0.125902754,23.880301,18.911198,no,yes
COMPARISON_RELAXED,27,6.000000000000,1.300000000000,210.600000000000,211,0.028490028490,7.800000000000,1.800000000000,0.230769230769,0.008547008547,9,6,6,0,9,6,"4,5,7,8,10,11","4,5,7,8,10,11",-,"1,2,4,5,7,8,10,11,13","4,5,7,8,10,11",0.196731386,0.086572980,0.112449240,23.880301,18.902988,no,yes
COMPARISON_RELAXED,28,6.000000000000,1.300000000000,218.400000000000,219,0.027472527473,7.800000000000,1.800000000000,0.230769230769,0.008241758242,6,5,5,0,6,4,"3,5,9,11,13","3,5,9,11,13",-,"1,3,5,9,11,13","3,5,9,11",0.216923000,0.066209917,0.117064086,23.880301,18.895921,no,yes
COMPARISON_RELAXED,29,6.000000000000,1.300000000000,226.200000000000,227,0.026525198939,7.800000000000,1.800000000000,0.230769230769,0.007957559682,14,11,11,0,14,9,"3,4,5,6,7,8,9,10,11,12,13","3,4,5,6,7,8,9,10,11,12,13",-,"1,2,3,4,5,6,7,8,9,10,11,12,13,14","3,4,5,6,7,8,9,10,11",0.193280296,0.057638966,0.114299877,23.880301,18.888866,no,yes
COMPARISON_RELAXED,30,6.000000000000,1.300000000000,234.000000000000,234,0.025641025641,7.800000000000,1.800000000000,0.230769230769,0.007692307692,4,3,3,0,4,2,"7,11,13","7,11,13",-,"1,7,11,13","7,11",0.081558471,0.064499369,0.073028920,23.880301,18.882729,no,yes
COMPARISON_RELAXED,31,6.000000000000,1.300000000000,241.800000000000,242,0.024813895782,7.800000000000,1.800000000000,0.230769230769,0.007444168734,15,11,11,0,15,9,"4,5,6,7,8,9,10,11,12,13,14","4,5,6,7,8,9,10,11,12,13,14",-,"1,2,3,4,5,6,7,8,9,10,11,12,13,14,15","4,5,6,7,8,9,10,11,12",0.193049669,0.050481623,0.107918247,23.880301,18.876601,no,yes
COMPARISON_RELAXED,32,6.000000000000,1.300000000000,249.600000000000,250,0.024038461538,7.800000000000,1.800000000000,0.230769230769,0.007211538462,8,6,6,0,8,5,"5,7,9,11,13,15","5,7,9,11,13,15",-,"1,3,5,7,9,11,13,15","5,7,9,11,13",0.173996410,0.060989741,0.099483843,23.880301,18.871223,no,yes
COMPARISON_RELAXED,33,6.000000000000,1.300000000000,257.400000000000,258,0.023310023310,7.800000000000,1.800000000000,0.230769230769,0.006993006993,10,7,7,0,10,6,"4,5,7,8,10,13,14","4,5,7,8,10,13,14",-,"1,2,4,5,7,8,10,13,14,16","4,5,7,8,10,13",0.156101780,0.056807838,0.082658640,23.880301,18.865851,no,yes
COMPARISON_RELAXED,34,6.000000000000,1.300000000000,265.200000000000,266,0.022624434389,7.800000000000,1.800000000000,0.230769230769,0.006787330317,8,6,6,0,8,4,"5,7,9,11,13,15","5,7,9,11,13,15",-,"1,3,5,7,9,11,13,15","5,7,9,11",0.173893440,0.063321881,0.108428890,23.880301,18.861097,no,yes
COMPARISON_RELAXED,35,6.000000000000,1.300000000000,273.000000000000,273,0.021978021978,7.800000000000,1.800000000000,0.230769230769,0.006593406593,12,8,8,0,12,7,"4,6,8,9,11,12,13,16","4,6,8,9,11,12,13,16",-,"1,2,3,4,6,8,9,11,12,13,16,17","4,6,8,9,11,12,13",0.158211673,0.050873018,0.089271026,23.880301,18.856350,no,yes
COMPARISON_RELAXED,36,6.000000000000,1.300000000000,280.800000000000,281,0.021367521368,7.800000000000,1.800000000000,0.230769230769,0.006410256410,6,4,4,0,6,4,"5,7,11,13","5,7,11,13",-,"1,5,7,11,13,17","5,7,11,13",0.110014894,0.050444585,0.071481809,23.880301,18.852119,no,yes
COMPARISON_RELAXED,37,6.000000000000,1.300000000000,288.600000000000,289,0.020790020790,7.800000000000,1.800000000000,0.230769230769,0.006237006237,18,14,14,0,18,9,"4,5,6,7,8,9,10,11,12,13,14,15,16,17","4,5,6,7,8,9,10,11,12,13,14,15,16,17",-,"1,2,3,4,5,6,7,8,9,10,11,12,13,14,15,16,17,18","6,7,8,9,10,11,12,14,15",0.158185151,0.050046453,0.080941977,23.880301,18.847892,no,yes
COMPARISON_RELAXED,38,6.000000000000,1.300000000000,296.400000000000,297,0.020242914980,7.800000000000,1.800000000000,0.230769230769,0.006072874494,9,7,7,0,9,5,"5,7,9,11,13,15,17","5,7,9,11,13,15,17",-,"1,3,5,7,9,11,13,15,17","7,9,11,13,15",0.145052823,0.050594778,0.079941179,23.880301,18.844102,no,yes
COMPARISON_RELAXED,39,6.000000000000,1.300000000000,304.200000000000,305,0.019723865878,7.800000000000,1.800000000000,0.230769230769,0.005917159763,12,9,9,0,12,5,"4,5,7,8,10,11,14,16,17","4,5,7,8,10,11,14,16,17",-,"1,2,4,5,7,8,10,11,14,16,17,19","5,7,8,10,11",0.129376026,0.052620173,0.083348305,23.880301,18.840316,no,yes
COMPARISON_RELAXED,40,6.000000000000,1.300000000000,312.000000000000,312,0.019230769231,7.800000000000,1.800000000000,0.230769230769,0.005769230769,8,5,5,0,8,3,"7,9,11,13,17","7,9,11,13,17",-,"1,3,7,9,11,13,17,19","9,11,13",0.145072688,0.056126346,0.088449067,23.880301,18.836901,no,yes
COMPARISON_RELAXED,41,6.000000000000,1.300000000000,319.800000000000,320,0.018761726079,7.800000000000,1.800000000000,0.230769230769,0.005628517824,20,15,15,0,20,6,"5,6,7,8,9,10,11,12,13,14,15,16,17,18,19","5,6,7,8,9,10,11,12,13,14,15,16,17,18,19",-,"1,2,3,4,5,6,7,8,9,10,11,12,13,14,15,16,17,18,19,20","6,7,8,9,10,14",0.133914887,0.060471644,0.091527445,23.880301,18.833490,no,yes
COMPARISON_RELAXED,42,6.000000000000,1.300000000000,327.600000000000,328,0.018315018315,7.800000000000,1.800000000000,0.230769230769,0.005494505495,6,5,5,0,6,1,"5,11,13,17,19","5,11,13,17,19",-,"1,5,11,13,17,19",17,0.055430142,0.055430142,0.055430142,23.880301,18.830397,no,yes
COMPARISON_RELAXED,43,6.000000000000,1.300000000000,335.400000000000,336,0.017889087657,7.800000000000,1.800000000000,0.230769230769,0.005366726297,21,16,16,0,21,6,"5,6,7,8,9,10,11,12,13,14,15,16,17,18,19,20","5,6,7,8,9,10,11,12,13,14,15,16,17,18,19,20",-,"1,2,3,4,5,6,7,8,9,10,11,12,13,14,15,16,17,18,19,20,21","6,7,11,13,14,17",0.133962912,0.052002024,0.080887792,23.880301,18.827307,no,yes
COMPARISON_RELAXED,44,6.000000000000,1.300000000000,343.200000000000,344,0.017482517483,7.800000000000,1.800000000000,0.230769230769,0.005244755245,10,7,7,0,10,2,"5,7,9,13,15,17,19","5,7,9,13,15,17,19",-,"1,3,5,7,9,13,15,17,19,21","9,15",0.124365489,0.089105738,0.106735613,23.880301,18.824493,no,yes
COMPARISON_RELAXED,45,6.000000000000,1.300000000000,351.000000000000,351,0.017094017094,7.800000000000,1.800000000000,0.230769230769,0.005128205128,12,8,8,0,12,2,"7,8,11,13,14,16,17,19","7,8,11,13,14,16,17,19",-,"1,2,4,7,8,11,13,14,16,17,19,22","11,13",0.110461295,0.066144269,0.088302782,23.880301,18.821682,no,yes
COMPARISON_RELAXED,46,6.000000000000,1.300000000000,358.800000000000,359,0.016722408027,7.800000000000,1.800000000000,0.230769230769,0.005016722408,11,9,9,0,11,3,"5,7,9,11,13,15,17,19,21","5,7,9,11,13,15,17,19,21",-,"1,3,5,7,9,11,13,15,17,19,21","9,13,15",0.124430341,0.064976621,0.090932035,23.880301,18.819110,no,yes
COMPARISON_RELAXED,47,6.000000000000,1.300000000000,366.600000000000,367,0.016366612111,7.800000000000,1.800000000000,0.230769230769,0.004909983633,23,18,18,0,23,3,"5,6,7,8,9,10,11,12,13,14,15,16,17,18,19,20,21,22","5,6,7,8,9,10,11,12,13,14,15,16,17,18,19,20,21,22",-,"1,2,3,4,5,6,7,8,9,10,11,12,13,14,15,16,17,18,19,20,21,22,23","8,12,16",0.116087392,0.064533194,0.095316175,23.880301,18.816541,no,yes
COMPARISON_RELAXED,48,6.000000000000,1.300000000000,374.400000000000,375,0.016025641026,7.800000000000,1.800000000000,0.230769230769,0.004807692308,8,6,6,0,8,2,"5,7,11,13,17,19","5,7,11,13,17,19",-,"1,5,7,11,13,17,19,23","7,19",0.051139979,0.050032787,0.050586383,23.880301,18.814182,no,yes
COMPARISON_RELAXED,49,6.000000000000,1.300000000000,382.200000000000,383,0.015698587127,7.800000000000,1.800000000000,0.230769230769,0.004709576138,21,15,15,0,21,4,"6,8,9,10,11,12,13,15,16,17,18,19,20,22,23","6,8,9,10,11,12,13,15,16,17,18,19,20,22,23",-,"1,2,3,4,5,6,8,9,10,11,12,13,15,16,17,18,19,20,22,23,24","8,10,12,16",0.116161889,0.060151078,0.088970185,23.880301,18.811825,no,yes
COMPARISON_RELAXED,50,6.000000000000,1.300000000000,390.000000000000,390,0.015384615385,7.800000000000,1.800000000000,0.230769230769,0.004615384615,10,8,8,0,10,1,"7,9,11,13,17,19,21,23","7,9,11,13,17,19,21,23",-,"1,3,7,9,11,13,17,19,21,23",17,0.108842561,0.108842561,0.108842561,23.880301,18.809654,no,yes
CURRENT_PLATFORM,5,3.000000000000,1.000000000000,15.000000000000,15,0.200000000000,3.000000000000,0.000000000000,0.000000000000,0.000000000000,2,2,2,0,2,0,"1,2","1,2",-,"1,2",-,0.000000000,0.000000000,0.000000000,15.682017,11.684683,yes,no
CURRENT_PLATFORM,6,3.000000000000,1.000000000000,18.000000000000,18,0.166666666667,3.000000000000,0.000000000000,0.000000000000,0.000000000000,1,1,1,0,1,0,1,1,-,1,-,0.000000000,0.000000000,0.000000000,15.682017,11.492063,yes,no
CURRENT_PLATFORM,7,3.000000000000,1.000000000000,21.000000000000,21,0.142857142857,3.000000000000,0.000000000000,0.000000000000,0.000000000000,3,3,3,0,3,0,"1,2,3","1,2,3",-,"1,2,3",-,0.000000000,0.000000000,0.000000000,15.682017,11.307624,yes,no
CURRENT_PLATFORM,8,3.000000000000,1.000000000000,24.000000000000,24,0.125000000000,3.000000000000,0.000000000000,0.000000000000,0.000000000000,2,2,2,0,2,0,"1,3","1,3",-,"1,3",-,0.000000000,0.000000000,0.000000000,15.682017,11.207085,yes,no
CURRENT_PLATFORM,9,3.000000000000,1.000000000000,27.000000000000,27,0.111111111111,3.000000000000,0.000000000000,0.000000000000,0.000000000000,3,2,2,0,3,0,"2,4","2,4",-,"1,2,4",-,0.000000000,0.000000000,0.000000000,15.682017,11.108821,yes,no
CURRENT_PLATFORM,10,3.000000000000,1.000000000000,30.000000000000,30,0.100000000000,3.000000000000,0.000000000000,0.000000000000,0.000000000000,2,1,1,0,2,0,3,3,-,"1,3",-,0.000000000,0.000000000,0.000000000,15.682017,11.047041,yes,no
CURRENT_PLATFORM,11,3.000000000000,1.000000000000,33.000000000000,33,0.090909090909,3.000000000000,0.000000000000,0.000000000000,0.000000000000,5,4,4,0,5,0,"2,3,4,5","2,3,4,5",-,"1,2,3,4,5",-,0.000000000,0.000000000,0.000000000,15.682017,10.986127,yes,no
CURRENT_PLATFORM,12,3.000000000000,1.000000000000,36.000000000000,36,0.083333333333,3.000000000000,0.000000000000,0.000000000000,0.000000000000,2,1,1,0,2,0,5,5,-,"1,5",-,0.000000000,0.000000000,0.000000000,15.682017,10.944309,yes,no
CURRENT_PLATFORM,13,3.000000000000,1.000000000000,39.000000000000,39,0.076923076923,3.000000000000,0.000000000000,0.000000000000,0.000000000000,6,4,4,0,6,0,"2,3,4,5","2,3,4,5",-,"1,2,3,4,5,6",-,0.000000000,0.000000000,0.000000000,15.682017,10.902890,yes,no
CURRENT_PLATFORM,14,3.000000000000,1.000000000000,42.000000000000,42,0.071428571429,3.000000000000,0.000000000000,0.000000000000,0.000000000000,3,2,2,0,3,0,"3,5","3,5",-,"1,3,5",-,0.000000000,0.000000000,0.000000000,15.682017,10.872703,yes,no
CURRENT_PLATFORM,15,3.000000000000,1.000000000000,45.000000000000,45,0.066666666667,3.000000000000,0.000000000000,0.000000000000,0.000000000000,4,2,2,0,4,0,"2,4","2,4",-,"1,2,4,7",-,0.000000000,0.000000000,0.000000000,15.682017,10.842724,yes,no
CURRENT_PLATFORM,16,3.000000000000,1.000000000000,48.000000000000,48,0.062500000000,3.000000000000,0.000000000000,0.000000000000,0.000000000000,4,3,3,0,4,0,"3,5,7","3,5,7",-,"1,3,5,7",-,0.000000000,0.000000000,0.000000000,15.682017,10.819908,yes,no
CURRENT_PLATFORM,17,3.000000000000,1.000000000000,51.000000000000,51,0.058823529412,3.000000000000,0.000000000000,0.000000000000,0.000000000000,8,6,6,0,8,0,"2,3,4,5,6,7","2,3,4,5,6,7",-,"1,2,3,4,5,6,7,8",-,0.000000000,0.000000000,0.000000000,15.682017,10.797211,yes,no
CURRENT_PLATFORM,18,3.000000000000,1.000000000000,54.000000000000,54,0.055555555556,3.000000000000,0.000000000000,0.000000000000,0.000000000000,3,2,2,0,3,0,"5,7","5,7",-,"1,5,7",-,0.000000000,0.000000000,0.000000000,15.682017,10.779360,yes,no
CURRENT_PLATFORM,19,3.000000000000,1.000000000000,57.000000000000,57,0.052631578947,3.000000000000,0.000000000000,0.000000000000,0.000000000000,9,6,6,0,9,0,"3,4,5,6,7,8","3,4,5,6,7,8",-,"1,2,3,4,5,6,7,8,9",-,0.000000000,0.000000000,0.000000000,15.682017,10.761581,yes,no
CURRENT_PLATFORM,20,3.000000000000,1.000000000000,60.000000000000,60,0.050000000000,3.000000000000,0.000000000000,0.000000000000,0.000000000000,4,3,3,0,4,0,"3,7,9","3,7,9",-,"1,3,7,9",-,0.000000000,0.000000000,0.000000000,15.682017,10.747233,yes,no
CURRENT_PLATFORM,21,3.000000000000,1.000000000000,63.000000000000,63,0.047619047619,3.000000000000,0.000000000000,0.000000000000,0.000000000000,6,3,3,0,6,0,"4,5,8","4,5,8",-,"1,2,4,5,8,10",-,0.000000000,0.000000000,0.000000000,15.682017,10.732932,yes,no
CURRENT_PLATFORM,22,3.000000000000,1.000000000000,66.000000000000,66,0.045454545455,3.000000000000,0.000000000000,0.000000000000,0.000000000000,5,4,4,0,5,0,"3,5,7,9","3,5,7,9",-,"1,3,5,7,9",-,0.000000000,0.000000000,0.000000000,15.682017,10.721147,yes,no
CURRENT_PLATFORM,23,3.000000000000,1.000000000000,69.000000000000,69,0.043478260870,3.000000000000,0.000000000000,0.000000000000,0.000000000000,11,8,8,0,11,0,"3,4,5,6,7,8,9,10","3,4,5,6,7,8,9,10",-,"1,2,3,4,5,6,7,8,9,10,11",-,0.000000000,0.000000000,0.000000000,15.682017,10.709395,yes,no
CURRENT_PLATFORM,24,3.000000000000,1.000000000000,72.000000000000,72,0.041666666667,3.000000000000,0.000000000000,0.000000000000,0.000000000000,4,2,2,0,4,0,"5,7","5,7",-,"1,5,7,11",-,0.000000000,0.000000000,0.000000000,15.682017,10.699544,yes,no
CURRENT_PLATFORM,25,3.000000000000,1.000000000000,75.000000000000,75,0.040000000000,3.000000000000,0.000000000000,0.000000000000,0.000000000000,10,7,7,0,10,0,"3,4,6,7,8,9,11","3,4,6,7,8,9,11",-,"1,2,3,4,6,7,8,9,11,12",-,0.000000000,0.000000000,0.000000000,15.682017,10.689715,yes,no
CURRENT_PLATFORM,26,3.000000000000,1.000000000000,78.000000000000,78,0.038461538462,3.000000000000,0.000000000000,0.000000000000,0.000000000000,6,5,5,0,6,0,"3,5,7,9,11","3,5,7,9,11",-,"1,3,5,7,9,11",-,0.000000000,0.000000000,0.000000000,15.682017,10.681358,yes,no
CURRENT_PLATFORM,27,3.000000000000,1.000000000000,81.000000000000,81,0.037037037037,3.000000000000,0.000000000000,0.000000000000,0.000000000000,9,6,6,0,9,0,"4,5,7,8,10,11","4,5,7,8,10,11",-,"1,2,4,5,7,8,10,11,13",-,0.000000000,0.000000000,0.000000000,15.682017,10.673016,yes,no
CURRENT_PLATFORM,28,3.000000000000,1.000000000000,84.000000000000,84,0.035714285714,3.000000000000,0.000000000000,0.000000000000,0.000000000000,6,3,3,0,6,0,"5,9,11","5,9,11",-,"1,3,5,9,11,13",-,0.000000000,0.000000000,0.000000000,15.682017,10.665837,yes,no
CURRENT_PLATFORM,29,3.000000000000,1.000000000000,87.000000000000,87,0.034482758621,3.000000000000,0.000000000000,0.000000000000,0.000000000000,14,10,10,0,14,0,"4,5,6,7,8,9,10,11,12,13","4,5,6,7,8,9,10,11,12,13",-,"1,2,3,4,5,6,7,8,9,10,11,12,13,14",-,0.000000000,0.000000000,0.000000000,15.682017,10.658669,yes,no
CURRENT_PLATFORM,30,3.000000000000,1.000000000000,90.000000000000,90,0.033333333333,3.000000000000,0.000000000000,0.000000000000,0.000000000000,4,3,3,0,4,0,"7,11,13","7,11,13",-,"1,7,11,13",-,0.000000000,0.000000000,0.000000000,15.682017,10.652434,yes,no
CURRENT_PLATFORM,31,3.000000000000,1.000000000000,93.000000000000,93,0.032258064516,3.000000000000,0.000000000000,0.000000000000,0.000000000000,15,11,11,0,15,0,"4,5,6,7,8,9,10,11,12,13,14","4,5,6,7,8,9,10,11,12,13,14",-,"1,2,3,4,5,6,7,8,9,10,11,12,13,14,15",-,0.000000000,0.000000000,0.000000000,15.682017,10.646209,yes,no
CURRENT_PLATFORM,32,3.000000000000,1.000000000000,96.000000000000,96,0.031250000000,3.000000000000,0.000000000000,0.000000000000,0.000000000000,8,5,5,0,8,0,"5,7,9,11,13","5,7,9,11,13",-,"1,3,5,7,9,11,13,15",-,0.000000000,0.000000000,0.000000000,15.682017,10.640744,yes,no
CURRENT_PLATFORM,33,3.000000000000,1.000000000000,99.000000000000,99,0.030303030303,3.000000000000,0.000000000000,0.000000000000,0.000000000000,10,7,7,0,10,0,"4,5,7,8,10,13,14","4,5,7,8,10,13,14",-,"1,2,4,5,7,8,10,13,14,16",-,0.000000000,0.000000000,0.000000000,15.682017,10.635287,yes,no
CURRENT_PLATFORM,34,3.000000000000,1.000000000000,102.000000000000,102,0.029411764706,3.000000000000,0.000000000000,0.000000000000,0.000000000000,8,6,6,0,8,0,"5,7,9,11,13,15","5,7,9,11,13,15",-,"1,3,5,7,9,11,13,15",-,0.000000000,0.000000000,0.000000000,15.682017,10.630458,yes,no
CURRENT_PLATFORM,35,3.000000000000,1.000000000000,105.000000000000,105,0.028571428571,3.000000000000,0.000000000000,0.000000000000,0.000000000000,12,8,8,0,12,0,"4,6,8,9,11,12,13,16","4,6,8,9,11,12,13,16",-,"1,2,3,4,6,8,9,11,12,13,16,17",-,0.000000000,0.000000000,0.000000000,15.682017,10.625635,yes,no
CURRENT_PLATFORM,36,3.000000000000,1.000000000000,108.000000000000,108,0.027777777778,3.000000000000,0.000000000000,0.000000000000,0.000000000000,6,4,4,0,6,0,"5,7,11,13","5,7,11,13",-,"1,5,7,11,13,17",-,0.000000000,0.000000000,0.000000000,15.682017,10.621337,yes,no
CURRENT_PLATFORM,37,3.000000000000,1.000000000000,111.000000000000,111,0.027027027027,3.000000000000,0.000000000000,0.000000000000,0.000000000000,18,12,12,0,18,0,"5,6,7,8,9,10,11,12,13,14,15,16","5,6,7,8,9,10,11,12,13,14,15,16",-,"1,2,3,4,5,6,7,8,9,10,11,12,13,14,15,16,17,18",-,0.000000000,0.000000000,0.000000000,15.682017,10.617043,yes,no
CURRENT_PLATFORM,38,3.000000000000,1.000000000000,114.000000000000,114,0.026315789474,3.000000000000,0.000000000000,0.000000000000,0.000000000000,9,7,7,0,9,0,"5,7,9,11,13,15,17","5,7,9,11,13,15,17",-,"1,3,5,7,9,11,13,15,17",-,0.000000000,0.000000000,0.000000000,15.682017,10.613193,yes,no
CURRENT_PLATFORM,39,3.000000000000,1.000000000000,117.000000000000,117,0.025641025641,3.000000000000,0.000000000000,0.000000000000,0.000000000000,12,8,8,0,12,0,"5,7,8,10,11,14,16,17","5,7,8,10,11,14,16,17",-,"1,2,4,5,7,8,10,11,14,16,17,19",-,0.000000000,0.000000000,0.000000000,15.682017,10.609347,yes,no
CURRENT_PLATFORM,40,3.000000000000,1.000000000000,120.000000000000,120,0.025000000000,3.000000000000,0.000000000000,0.000000000000,0.000000000000,8,5,5,0,8,0,"7,9,11,13,17","7,9,11,13,17",-,"1,3,7,9,11,13,17,19",-,0.000000000,0.000000000,0.000000000,15.682017,10.605878,yes,no
CURRENT_PLATFORM,41,3.000000000000,1.000000000000,123.000000000000,123,0.024390243902,3.000000000000,0.000000000000,0.000000000000,0.000000000000,20,14,14,0,20,0,"5,6,7,8,9,10,11,12,13,14,15,16,17,18","5,6,7,8,9,10,11,12,13,14,15,16,17,18",-,"1,2,3,4,5,6,7,8,9,10,11,12,13,14,15,16,17,18,19,20",-,0.000000000,0.000000000,0.000000000,15.682017,10.602413,yes,no
CURRENT_PLATFORM,42,3.000000000000,1.000000000000,126.000000000000,126,0.023809523810,3.000000000000,0.000000000000,0.000000000000,0.000000000000,6,5,5,0,6,0,"5,11,13,17,19","5,11,13,17,19",-,"1,5,11,13,17,19",-,0.000000000,0.000000000,0.000000000,15.682017,10.599271,yes,no
CURRENT_PLATFORM,43,3.000000000000,1.000000000000,129.000000000000,129,0.023255813953,3.000000000000,0.000000000000,0.000000000000,0.000000000000,21,15,15,0,21,0,"5,6,7,8,9,10,11,12,13,14,15,16,17,18,19","5,6,7,8,9,10,11,12,13,14,15,16,17,18,19",-,"1,2,3,4,5,6,7,8,9,10,11,12,13,14,15,16,17,18,19,20,21",-,0.000000000,0.000000000,0.000000000,15.682017,10.596132,yes,no
CURRENT_PLATFORM,44,3.000000000000,1.000000000000,132.000000000000,132,0.022727272727,3.000000000000,0.000000000000,0.000000000000,0.000000000000,10,7,7,0,10,0,"5,7,9,13,15,17,19","5,7,9,13,15,17,19",-,"1,3,5,7,9,13,15,17,19,21",-,0.000000000,0.000000000,0.000000000,15.682017,10.593274,yes,no
CURRENT_PLATFORM,45,3.000000000000,1.000000000000,135.000000000000,135,0.022222222222,3.000000000000,0.000000000000,0.000000000000,0.000000000000,12,8,8,0,12,0,"7,8,11,13,14,16,17,19","7,8,11,13,14,16,17,19",-,"1,2,4,7,8,11,13,14,16,17,19,22",-,0.000000000,0.000000000,0.000000000,15.682017,10.590418,yes,no
CURRENT_PLATFORM,46,3.000000000000,1.000000000000,138.000000000000,138,0.021739130435,3.000000000000,0.000000000000,0.000000000000,0.000000000000,11,8,8,0,11,0,"7,9,11,13,15,17,19,21","7,9,11,13,15,17,19,21",-,"1,3,5,7,9,11,13,15,17,19,21",-,0.000000000,0.000000000,0.000000000,15.682017,10.587806,yes,no
CURRENT_PLATFORM,47,3.000000000000,1.000000000000,141.000000000000,141,0.021276595745,3.000000000000,0.000000000000,0.000000000000,0.000000000000,23,16,16,0,23,0,"6,7,8,9,10,11,12,13,14,15,16,17,18,19,20,21","6,7,8,9,10,11,12,13,14,15,16,17,18,19,20,21",-,"1,2,3,4,5,6,7,8,9,10,11,12,13,14,15,16,17,18,19,20,21,22,23",-,0.000000000,0.000000000,0.000000000,15.682017,10.585196,yes,no
CURRENT_PLATFORM,48,3.000000000000,1.000000000000,144.000000000000,144,0.020833333333,3.000000000000,0.000000000000,0.000000000000,0.000000000000,8,5,5,0,8,0,"7,11,13,17,19","7,11,13,17,19",-,"1,5,7,11,13,17,19,23",-,0.000000000,0.000000000,0.000000000,15.682017,10.582800,yes,no
CURRENT_PLATFORM,49,3.000000000000,1.000000000000,147.000000000000,147,0.020408163265,3.000000000000,0.000000000000,0.000000000000,0.000000000000,21,14,14,0,21,0,"6,8,9,10,11,12,13,15,16,17,18,19,20,22","6,8,9,10,11,12,13,15,16,17,18,19,20,22",-,"1,2,3,4,5,6,8,9,10,11,12,13,15,16,17,18,19,20,22,23,24",-,0.000000000,0.000000000,0.000000000,15.682017,10.580406,yes,no
CURRENT_PLATFORM,50,3.000000000000,1.000000000000,150.000000000000,150,0.020000000000,3.000000000000,0.000000000000,0.000000000000,0.000000000000,10,7,7,0,10,0,"7,9,11,13,17,19,21","7,9,11,13,17,19,21",-,"1,3,7,9,11,13,17,19,21,23",-,0.000000000,0.000000000,0.000000000,15.682017,10.578201,yes,no
CURRENT_PLATFORM,5,3.000000000000,1.020000000000,15.300000000000,16,0.196078431373,3.060000000000,0.060000000000,0.019607843137,0.003921568627,2,2,2,0,2,2,"1,2","1,2",-,"1,2","1,2",0.365026567,0.150435200,0.257730884,15.849460,11.852817,no,yes
CURRENT_PLATFORM,6,3.000000000000,1.020000000000,18.360000000000,19,0.163398692810,3.060000000000,0.060000000000,0.019607843137,0.003267973856,1,1,1,0,1,1,1,1,-,1,1,0.265454655,0.265454655,0.265454655,15.849460,11.660342,no,yes
CURRENT_PLATFORM,7,3.000000000000,1.020000000000,21.420000000000,22,0.140056022409,3.060000000000,0.060000000000,0.019607843137,0.002801120448,3,3,3,0,3,2,"1,2,3","1,2,3",-,"1,2,3","1,2",0.199487181,0.125093932,0.162290557,15.849460,11.476036,no,yes
CURRENT_PLATFORM,8,3.000000000000,1.020000000000,24.480000000000,25,0.122549019608,3.060000000000,0.060000000000,0.019607843137,0.002450980392,2,2,2,0,2,1,"1,3","1,3",-,"1,3",1,0.154531039,0.154531039,0.154531039,15.849460,11.375573,no,yes
CURRENT_PLATFORM,9,3.000000000000,1.020000000000,27.540000000000,28,0.108932461874,3.060000000000,0.060000000000,0.019607843137,0.002178649237,3,2,2,0,3,0,"2,4","2,4",-,"1,2,4",-,0.000000000,0.000000000,0.000000000,15.849460,11.277381,no,no
CURRENT_PLATFORM,10,3.000000000000,1.020000000000,30.600000000000,31,0.098039215686,3.060000000000,0.060000000000,0.019607843137,0.001960784314,2,1,1,0,2,0,3,3,-,"1,3",-,0.000000000,0.000000000,0.000000000,15.849460,11.215646,no,no
CURRENT_PLATFORM,11,3.000000000000,1.020000000000,33.660000000000,34,0.089126559715,3.060000000000,0.060000000000,0.019607843137,0.001782531194,5,4,4,0,5,0,"2,3,4,5","2,3,4,5",-,"1,2,3,4,5",-,0.000000000,0.000000000,0.000000000,15.849460,11.154778,no,no
CURRENT_PLATFORM,12,3.000000000000,1.020000000000,36.720000000000,37,0.081699346405,3.060000000000,0.060000000000,0.019607843137,0.001633986928,2,1,1,0,2,0,5,5,-,"1,5",-,0.000000000,0.000000000,0.000000000,15.849460,11.112990,no,no
CURRENT_PLATFORM,13,3.000000000000,1.020000000000,39.780000000000,40,0.075414781297,3.060000000000,0.060000000000,0.019607843137,0.001508295626,6,4,4,0,6,0,"2,3,4,5","2,3,4,5",-,"1,2,3,4,5,6",-,0.000000000,0.000000000,0.000000000,15.849460,11.071601,no,no
CURRENT_PLATFORM,14,3.000000000000,1.020000000000,42.840000000000,43,0.070028011204,3.060000000000,0.060000000000,0.019607843137,0.001400560224,3,2,2,0,3,0,"3,5","3,5",-,"1,3,5",-,0.000000000,0.000000000,0.000000000,15.849460,11.041437,no,no
CURRENT_PLATFORM,15,3.000000000000,1.020000000000,45.900000000000,46,0.065359477124,3.060000000000,0.060000000000,0.019607843137,0.001307189542,4,2,2,0,4,0,"2,4","2,4",-,"1,2,4,7",-,0.000000000,0.000000000,0.000000000,15.849460,11.011480,no,no
CURRENT_PLATFORM,16,3.000000000000,1.020000000000,48.960000000000,49,0.061274509804,3.060000000000,0.060000000000,0.019607843137,0.001225490196,4,3,3,0,4,0,"3,5,7","3,5,7",-,"1,3,5,7",-,0.000000000,0.000000000,0.000000000,15.849460,10.988680,no,no
CURRENT_PLATFORM,17,3.000000000000,1.020000000000,52.020000000000,53,0.057670126874,3.060000000000,0.060000000000,0.019607843137,0.001153402537,8,6,6,0,8,0,"2,3,4,5,6,7","2,3,4,5,6,7",-,"1,2,3,4,5,6,7,8",-,0.000000000,0.000000000,0.000000000,15.849460,10.966000,no,no
CURRENT_PLATFORM,18,3.000000000000,1.020000000000,55.080000000000,56,0.054466230937,3.060000000000,0.060000000000,0.019607843137,0.001089324619,3,2,2,0,3,0,"5,7","5,7",-,"1,5,7",-,0.000000000,0.000000000,0.000000000,15.849460,10.948161,no,no
CURRENT_PLATFORM,19,3.000000000000,1.020000000000,58.140000000000,59,0.051599587203,3.060000000000,0.060000000000,0.019607843137,0.001031991744,9,6,6,0,9,0,"3,4,5,6,7,8","3,4,5,6,7,8",-,"1,2,3,4,5,6,7,8,9",-,0.000000000,0.000000000,0.000000000,15.849460,10.930395,no,no
CURRENT_PLATFORM,20,3.000000000000,1.020000000000,61.200000000000,62,0.049019607843,3.060000000000,0.060000000000,0.019607843137,0.000980392157,4,3,3,0,4,0,"3,7,9","3,7,9",-,"1,3,7,9",-,0.000000000,0.000000000,0.000000000,15.849460,10.916057,no,no
CURRENT_PLATFORM,21,3.000000000000,1.020000000000,64.260000000000,65,0.046685340803,3.060000000000,0.060000000000,0.019607843137,0.000933706816,6,3,3,0,6,0,"4,5,8","4,5,8",-,"1,2,4,5,8,10",-,0.000000000,0.000000000,0.000000000,15.849460,10.901767,no,no
CURRENT_PLATFORM,22,3.000000000000,1.020000000000,67.320000000000,68,0.044563279857,3.060000000000,0.060000000000,0.019607843137,0.000891265597,5,4,4,0,5,0,"3,5,7,9","3,5,7,9",-,"1,3,5,7,9",-,0.000000000,0.000000000,0.000000000,15.849460,10.889991,no,no
CURRENT_PLATFORM,23,3.000000000000,1.020000000000,70.380000000000,71,0.042625745951,3.060000000000,0.060000000000,0.019607843137,0.000852514919,11,8,8,0,11,0,"3,4,5,6,7,8,9,10","3,4,5,6,7,8,9,10",-,"1,2,3,4,5,6,7,8,9,10,11",-,0.000000000,0.000000000,0.000000000,15.849460,10.878247,no,no
CURRENT_PLATFORM,24,3.000000000000,1.020000000000,73.440000000000,74,0.040849673203,3.060000000000,0.060000000000,0.019607843137,0.000816993464,4,2,2,0,4,0,"5,7","5,7",-,"1,5,7,11",-,0.000000000,0.000000000,0.000000000,15.849460,10.868403,no,no
CURRENT_PLATFORM,25,3.000000000000,1.020000000000,76.500000000000,77,0.039215686275,3.060000000000,0.060000000000,0.019607843137,0.000784313725,10,7,7,0,10,0,"3,4,6,7,8,9,11","3,4,6,7,8,9,11",-,"1,2,3,4,6,7,8,9,11,12",-,0.000000000,0.000000000,0.000000000,15.849460,10.858581,no,no
CURRENT_PLATFORM,26,3.000000000000,1.020000000000,79.560000000000,80,0.037707390649,3.060000000000,0.060000000000,0.019607843137,0.000754147813,6,5,5,0,6,0,"3,5,7,9,11","3,5,7,9,11",-,"1,3,5,7,9,11",-,0.000000000,0.000000000,0.000000000,15.849460,10.850230,no,no
CURRENT_PLATFORM,27,3.000000000000,1.020000000000,82.620000000000,83,0.036310820625,3.060000000000,0.060000000000,0.019607843137,0.000726216412,9,6,6,0,9,0,"4,5,7,8,10,11","4,5,7,8,10,11",-,"1,2,4,5,7,8,10,11,13",-,0.000000000,0.000000000,0.000000000,15.849460,10.841894,no,no
CURRENT_PLATFORM,28,3.000000000000,1.020000000000,85.680000000000,86,0.035014005602,3.060000000000,0.060000000000,0.019607843137,0.000700280112,6,3,3,0,6,0,"5,9,11","5,9,11",-,"1,3,5,9,11,13",-,0.000000000,0.000000000,0.000000000,15.849460,10.834720,no,no
CURRENT_PLATFORM,29,3.000000000000,1.020000000000,88.740000000000,89,0.033806626099,3.060000000000,0.060000000000,0.019607843137,0.000676132522,14,10,10,0,14,0,"4,5,6,7,8,9,10,11,12,13","4,5,6,7,8,9,10,11,12,13",-,"1,2,3,4,5,6,7,8,9,10,11,12,13,14",-,0.000000000,0.000000000,0.000000000,15.849460,10.827557,no,no
CURRENT_PLATFORM,30,3.000000000000,1.020000000000,91.800000000000,92,0.032679738562,3.060000000000,0.060000000000,0.019607843137,0.000653594771,4,3,3,0,4,0,"7,11,13","7,11,13",-,"1,7,11,13",-,0.000000000,0.000000000,0.000000000,15.849460,10.821327,no,no
CURRENT_PLATFORM,31,3.000000000000,1.020000000000,94.860000000000,95,0.031625553447,3.060000000000,0.060000000000,0.019607843137,0.000632511069,15,11,11,0,15,0,"4,5,6,7,8,9,10,11,12,13,14","4,5,6,7,8,9,10,11,12,13,14",-,"1,2,3,4,5,6,7,8,9,10,11,12,13,14,15",-,0.000000000,0.000000000,0.000000000,15.849460,10.815106,no,no
CURRENT_PLATFORM,32,3.000000000000,1.020000000000,97.920000000000,98,0.030637254902,3.060000000000,0.060000000000,0.019607843137,0.000612745098,8,5,5,0,8,0,"5,7,9,11,13","5,7,9,11,13",-,"1,3,5,7,9,11,13,15",-,0.000000000,0.000000000,0.000000000,15.849460,10.809645,no,no
CURRENT_PLATFORM,33,3.000000000000,1.020000000000,100.980000000000,101,0.029708853238,3.060000000000,0.060000000000,0.019607843137,0.000594177065,10,7,7,0,10,0,"4,5,7,8,10,13,14","4,5,7,8,10,13,14",-,"1,2,4,5,7,8,10,13,14,16",-,0.000000000,0.000000000,0.000000000,15.849460,10.804192,no,no
CURRENT_PLATFORM,34,3.000000000000,1.020000000000,104.040000000000,105,0.028835063437,3.060000000000,0.060000000000,0.019607843137,0.000576701269,8,6,6,0,8,0,"5,7,9,11,13,15","5,7,9,11,13,15",-,"1,3,5,7,9,11,13,15",-,0.000000000,0.000000000,0.000000000,15.849460,10.799366,no,no
CURRENT_PLATFORM,35,3.000000000000,1.020000000000,107.100000000000,108,0.028011204482,3.060000000000,0.060000000000,0.019607843137,0.000560224090,12,8,8,0,12,0,"4,6,8,9,11,12,13,16","4,6,8,9,11,12,13,16",-,"1,2,3,4,6,8,9,11,12,13,16,17",-,0.000000000,0.000000000,0.000000000,15.849460,10.794546,no,no
CURRENT_PLATFORM,36,3.000000000000,1.020000000000,110.160000000000,111,0.027233115468,3.060000000000,0.060000000000,0.019607843137,0.000544662309,6,4,4,0,6,0,"5,7,11,13","5,7,11,13",-,"1,5,7,11,13,17",-,0.000000000,0.000000000,0.000000000,15.849460,10.790252,no,no
CURRENT_PLATFORM,37,3.000000000000,1.020000000000,113.220000000000,114,0.026497085321,3.060000000000,0.060000000000,0.019607843137,0.000529941706,18,12,12,0,18,0,"5,6,7,8,9,10,11,12,13,14,15,16","5,6,7,8,9,10,11,12,13,14,15,16",-,"1,2,3,4,5,6,7,8,9,10,11,12,13,14,15,16,17,18",-,0.000000000,0.000000000,0.000000000,15.849460,10.785961,no,no
CURRENT_PLATFORM,38,3.000000000000,1.020000000000,116.280000000000,117,0.025799793602,3.060000000000,0.060000000000,0.019607843137,0.000515995872,9,7,7,0,9,0,"5,7,9,11,13,15,17","5,7,9,11,13,15,17",-,"1,3,5,7,9,11,13,15,17",-,0.000000000,0.000000000,0.000000000,15.849460,10.782114,no,no
CURRENT_PLATFORM,39,3.000000000000,1.020000000000,119.340000000000,120,0.025138260432,3.060000000000,0.060000000000,0.019607843137,0.000502765209,12,8,8,0,12,0,"5,7,8,10,11,14,16,17","5,7,8,10,11,14,16,17",-,"1,2,4,5,7,8,10,11,14,16,17,19",-,0.000000000,0.000000000,0.000000000,15.849460,10.778270,no,no
CURRENT_PLATFORM,40,3.000000000000,1.020000000000,122.400000000000,123,0.024509803922,3.060000000000,0.060000000000,0.019607843137,0.000490196078,8,5,5,0,8,0,"7,9,11,13,17","7,9,11,13,17",-,"1,3,7,9,11,13,17,19",-,0.000000000,0.000000000,0.000000000,15.849460,10.774804,no,no
CURRENT_PLATFORM,41,3.000000000000,1.020000000000,125.460000000000,126,0.023912003826,3.060000000000,0.060000000000,0.019607843137,0.000478240077,20,14,14,0,20,0,"5,6,7,8,9,10,11,12,13,14,15,16,17,18","5,6,7,8,9,10,11,12,13,14,15,16,17,18",-,"1,2,3,4,5,6,7,8,9,10,11,12,13,14,15,16,17,18,19,20",-,0.000000000,0.000000000,0.000000000,15.849460,10.771341,no,no
CURRENT_PLATFORM,42,3.000000000000,1.020000000000,128.520000000000,129,0.023342670401,3.060000000000,0.060000000000,0.019607843137,0.000466853408,6,5,5,0,6,0,"5,11,13,17,19","5,11,13,17,19",-,"1,5,11,13,17,19",-,0.000000000,0.000000000,0.000000000,15.849460,10.768202,no,no
CURRENT_PLATFORM,43,3.000000000000,1.020000000000,131.580000000000,132,0.022799817601,3.060000000000,0.060000000000,0.019607843137,0.000455996352,21,15,15,0,21,0,"5,6,7,8,9,10,11,12,13,14,15,16,17,18,19","5,6,7,8,9,10,11,12,13,14,15,16,17,18,19",-,"1,2,3,4,5,6,7,8,9,10,11,12,13,14,15,16,17,18,19,20,21",-,0.000000000,0.000000000,0.000000000,15.849460,10.765065,no,no
CURRENT_PLATFORM,44,3.000000000000,1.020000000000,134.640000000000,135,0.022281639929,3.060000000000,0.060000000000,0.019607843137,0.000445632799,10,7,7,0,10,0,"5,7,9,13,15,17,19","5,7,9,13,15,17,19",-,"1,3,5,7,9,13,15,17,19,21",-,0.000000000,0.000000000,0.000000000,15.849460,10.762209,no,no
CURRENT_PLATFORM,45,3.000000000000,1.020000000000,137.700000000000,138,0.021786492375,3.060000000000,0.060000000000,0.019607843137,0.000435729847,12,8,8,0,12,0,"7,8,11,13,14,16,17,19","7,8,11,13,14,16,17,19",-,"1,2,4,7,8,11,13,14,16,17,19,22",-,0.000000000,0.000000000,0.000000000,15.849460,10.759354,no,no
CURRENT_PLATFORM,46,3.000000000000,1.020000000000,140.760000000000,141,0.021312872975,3.060000000000,0.060000000000,0.019607843137,0.000426257460,11,8,8,0,11,0,"7,9,11,13,15,17,19,21","7,9,11,13,15,17,19,21",-,"1,3,5,7,9,11,13,15,17,19,21",-,0.000000000,0.000000000,0.000000000,15.849460,10.756745,no,no
CURRENT_PLATFORM,47,3.000000000000,1.020000000000,143.820000000000,144,0.020859407593,3.060000000000,0.060000000000,0.019607843137,0.000417188152,23,16,16,0,23,0,"6,7,8,9,10,11,12,13,14,15,16,17,18,19,20,21","6,7,8,9,10,11,12,13,14,15,16,17,18,19,20,21",-,"1,2,3,4,5,6,7,8,9,10,11,12,13,14,15,16,17,18,19,20,21,22,23",-,0.000000000,0.000000000,0.000000000,15.849460,10.754136,no,no
CURRENT_PLATFORM,48,3.000000000000,1.020000000000,146.880000000000,147,0.020424836601,3.060000000000,0.060000000000,0.019607843137,0.000408496732,8,5,5,0,8,0,"7,11,13,17,19","7,11,13,17,19",-,"1,5,7,11,13,17,19,23",-,0.000000000,0.000000000,0.000000000,15.849460,10.751742,no,no
CURRENT_PLATFORM,49,3.000000000000,1.020000000000,149.940000000000,150,0.020008003201,3.060000000000,0.060000000000,0.019607843137,0.000400160064,21,14,14,0,21,0,"6,8,9,10,11,12,13,15,16,17,18,19,20,22","6,8,9,10,11,12,13,15,16,17,18,19,20,22",-,"1,2,3,4,5,6,8,9,10,11,12,13,15,16,17,18,19,20,22,23,24",-,0.000000000,0.000000000,0.000000000,15.849460,10.749350,no,no
CURRENT_PLATFORM,50,3.000000000000,1.020000000000,153.000000000000,153,0.019607843137,3.060000000000,0.060000000000,0.019607843137,0.000392156863,10,7,7,0,10,0,"7,9,11,13,17,19,21","7,9,11,13,17,19,21",-,"1,3,7,9,11,13,17,19,21,23",-,0.000000000,0.000000000,0.000000000,15.849460,10.747146,no,no
CURRENT_PLATFORM,5,3.000000000000,1.050000000000,15.750000000000,16,0.190476190476,3.150000000000,0.150000000000,0.047619047619,0.009523809524,2,2,2,0,2,2,"1,2","1,2",-,"1,2","1,2",0.882323124,0.363828339,0.623075731,16.094877,12.099197,no,yes
CURRENT_PLATFORM,6,3.000000000000,1.050000000000,18.900000000000,19,0.158730158730,3.150000000000,0.150000000000,0.047619047619,0.007936507937,1,1,1,0,1,1,1,1,-,1,1,0.640101588,0.640101588,0.640101588,16.094877,11.906924,no,yes
CURRENT_PLATFORM,7,3.000000000000,1.050000000000,22.050000000000,23,0.136054421769,3.150000000000,0.150000000000,0.047619047619,0.006802721088,3,3,3,0,3,3,"1,2,3","1,2,3",-,"1,2,3","1,2,3",0.480292302,0.160102447,0.314704903,16.094877,11.722805,no,yes
CURRENT_PLATFORM,8,3.000000000000,1.050000000000,25.200000000000,26,0.119047619048,3.150000000000,0.150000000000,0.047619047619,0.005952380952,2,2,2,0,2,2,"1,3","1,3",-,"1,3","1,3",0.371664086,0.176740986,0.274202536,16.094877,11.622446,no,yes
CURRENT_PLATFORM,9,3.000000000000,1.050000000000,28.350000000000,29,0.105820105820,3.150000000000,0.150000000000,0.047619047619,0.005291005291,3,2,2,0,3,1,"2,4","2,4",-,"1,2,4",2,0.184183826,0.184183826,0.184183826,16.094877,11.524355,no,yes
CURRENT_PLATFORM,10,3.000000000000,1.050000000000,31.500000000000,32,0.095238095238,3.150000000000,0.150000000000,0.047619047619,0.004761904762,2,1,1,0,2,1,3,3,-,"1,3",3,0.169219301,0.169219301,0.169219301,16.094877,11.462685,no,yes
CURRENT_PLATFORM,11,3.000000000000,1.050000000000,34.650000000000,35,0.086580086580,3.150000000000,0.150000000000,0.047619047619,0.004329004329,5,4,4,0,5,3,"2,3,4,5","2,3,4,5",-,"1,2,3,4,5","2,3,4",0.132238484,0.113423519,0.121240201,16.094877,11.401878,no,yes
CURRENT_PLATFORM,12,3.000000000000,1.050000000000,37.800000000000,38,0.079365079365,3.150000000000,0.150000000000,0.047619047619,0.003968253968,2,1,1,0,2,0,5,5,-,"1,5",-,0.000000000,0.000000000,0.000000000,16.094877,11.360134,no,no
CURRENT_PLATFORM,13,3.000000000000,1.050000000000,40.950000000000,41,0.073260073260,3.150000000000,0.150000000000,0.047619047619,0.003663003663,6,4,4,0,6,2,"2,3,4,5","2,3,4,5",-,"1,2,3,4,5,6","3,4",0.116445481,0.103150767,0.109798124,16.094877,11.318788,no,yes
CURRENT_PLATFORM,14,3.000000000000,1.050000000000,44.100000000000,45,0.068027210884,3.150000000000,0.150000000000,0.047619047619,0.003401360544,3,2,2,0,3,0,"3,5","3,5",-,"1,3,5",-,0.000000000,0.000000000,0.000000000,16.094877,11.288654,no,no
CURRENT_PLATFORM,15,3.000000000000,1.050000000000,47.250000000000,48,0.063492063492,3.150000000000,0.150000000000,0.047619047619,0.003174603175,4,2,2,0,4,0,"2,4","2,4",-,"1,2,4,7",-,0.000000000,0.000000000,0.000000000,16.094877,11.258727,no,no
CURRENT_PLATFORM,16,3.000000000000,1.050000000000,50.400000000000,51,0.059523809524,3.150000000000,0.150000000000,0.047619047619,0.002976190476,4,3,3,0,4,0,"3,5,7","3,5,7",-,"1,3,5,7",-,0.000000000,0.000000000,0.000000000,16.094877,11.235951,no,no
CURRENT_PLATFORM,17,3.000000000000,1.050000000000,53.550000000000,54,0.056022408964,3.150000000000,0.150000000000,0.047619047619,0.002801120448,8,6,6,0,8,0,"2,3,4,5,6,7","2,3,4,5,6,7",-,"1,2,3,4,5,6,7,8",-,0.000000000,0.000000000,0.000000000,16.094877,11.213293,no,no
CURRENT_PLATFORM,18,3.000000000000,1.050000000000,56.700000000000,57,0.052910052910,3.150000000000,0.150000000000,0.047619047619,0.002645502646,3,2,2,0,3,0,"5,7","5,7",-,"1,5,7",-,0.000000000,0.000000000,0.000000000,16.094877,11.195473,no,no
CURRENT_PLATFORM,19,3.000000000000,1.050000000000,59.850000000000,60,0.050125313283,3.150000000000,0.150000000000,0.047619047619,0.002506265664,9,6,6,0,9,0,"3,4,5,6,7,8","3,4,5,6,7,8",-,"1,2,3,4,5,6,7,8,9",-,0.000000000,0.000000000,0.000000000,16.094877,11.177725,no,no
CURRENT_PLATFORM,20,3.000000000000,1.050000000000,63.000000000000,63,0.047619047619,3.150000000000,0.150000000000,0.047619047619,0.002380952381,4,3,3,0,4,0,"3,7,9","3,7,9",-,"1,3,7,9",-,0.000000000,0.000000000,0.000000000,16.094877,11.163402,no,no
CURRENT_PLATFORM,21,3.000000000000,1.050000000000,66.150000000000,67,0.045351473923,3.150000000000,0.150000000000,0.047619047619,0.002267573696,6,3,3,0,6,0,"4,5,8","4,5,8",-,"1,2,4,5,8,10",-,0.000000000,0.000000000,0.000000000,16.094877,11.149125,no,no
CURRENT_PLATFORM,22,3.000000000000,1.050000000000,69.300000000000,70,0.043290043290,3.150000000000,0.150000000000,0.047619047619,0.002164502165,5,4,4,0,5,0,"3,5,7,9","3,5,7,9",-,"1,3,5,7,9",-,0.000000000,0.000000000,0.000000000,16.094877,11.137361,no,no
CURRENT_PLATFORM,23,3.000000000000,1.050000000000,72.450000000000,73,0.041407867495,3.150000000000,0.150000000000,0.047619047619,0.002070393375,11,8,8,0,11,0,"3,4,5,6,7,8,9,10","3,4,5,6,7,8,9,10",-,"1,2,3,4,5,6,7,8,9,10,11",-,0.000000000,0.000000000,0.000000000,16.094877,11.125629,no,no
CURRENT_PLATFORM,24,3.000000000000,1.050000000000,75.600000000000,76,0.039682539683,3.150000000000,0.150000000000,0.047619047619,0.001984126984,4,2,2,0,4,0,"5,7","5,7",-,"1,5,7,11",-,0.000000000,0.000000000,0.000000000,16.094877,11.115795,no,no
CURRENT_PLATFORM,25,3.000000000000,1.050000000000,78.750000000000,79,0.038095238095,3.150000000000,0.150000000000,0.047619047619,0.001904761905,10,7,7,0,10,0,"3,4,6,7,8,9,11","3,4,6,7,8,9,11",-,"1,2,3,4,6,7,8,9,11,12",-,0.000000000,0.000000000,0.000000000,16.094877,11.105983,no,no
CURRENT_PLATFORM,26,3.000000000000,1.050000000000,81.900000000000,82,0.036630036630,3.150000000000,0.150000000000,0.047619047619,0.001831501832,6,5,5,0,6,0,"3,5,7,9,11","3,5,7,9,11",-,"1,3,5,7,9,11",-,0.000000000,0.000000000,0.000000000,16.094877,11.097640,no,no
CURRENT_PLATFORM,27,3.000000000000,1.050000000000,85.050000000000,86,0.035273368607,3.150000000000,0.150000000000,0.047619047619,0.001763668430,9,6,6,0,9,0,"4,5,7,8,10,11","4,5,7,8,10,11",-,"1,2,4,5,7,8,10,11,13",-,0.000000000,0.000000000,0.000000000,16.094877,11.089313,no,no
CURRENT_PLATFORM,28,3.000000000000,1.050000000000,88.200000000000,89,0.034013605442,3.150000000000,0.150000000000,0.047619047619,0.001700680272,6,3,3,0,6,0,"5,9,11","5,9,11",-,"1,3,5,9,11,13",-,0.000000000,0.000000000,0.000000000,16.094877,11.082145,no,no
CURRENT_PLATFORM,29,3.000000000000,1.050000000000,91.350000000000,92,0.032840722496,3.150000000000,0.150000000000,0.047619047619,0.001642036125,14,10,10,0,14,0,"4,5,6,7,8,9,10,11,12,13","4,5,6,7,8,9,10,11,12,13",-,"1,2,3,4,5,6,7,8,9,10,11,12,13,14",-,0.000000000,0.000000000,0.000000000,16.094877,11.074990,no,no
CURRENT_PLATFORM,30,3.000000000000,1.050000000000,94.500000000000,95,0.031746031746,3.150000000000,0.150000000000,0.047619047619,0.001587301587,4,3,3,0,4,0,"7,11,13","7,11,13",-,"1,7,11,13",-,0.000000000,0.000000000,0.000000000,16.094877,11.068766,no,no
CURRENT_PLATFORM,31,3.000000000000,1.050000000000,97.650000000000,98,0.030721966206,3.150000000000,0.150000000000,0.047619047619,0.001536098310,15,11,11,0,15,0,"4,5,6,7,8,9,10,11,12,13,14","4,5,6,7,8,9,10,11,12,13,14",-,"1,2,3,4,5,6,7,8,9,10,11,12,13,14,15",-,0.000000000,0.000000000,0.000000000,16.094877,11.062551,no,no
CURRENT_PLATFORM,32,3.000000000000,1.050000000000,100.800000000000,101,0.029761904762,3.150000000000,0.150000000000,0.047619047619,0.001488095238,8,5,5,0,8,0,"5,7,9,11,13","5,7,9,11,13",-,"1,3,5,7,9,11,13,15",-,0.000000000,0.000000000,0.000000000,16.094877,11.057096,no,no
CURRENT_PLATFORM,33,3.000000000000,1.050000000000,103.950000000000,104,0.028860028860,3.150000000000,0.150000000000,0.047619047619,0.001443001443,10,7,7,0,10,0,"4,5,7,8,10,13,14","4,5,7,8,10,13,14",-,"1,2,4,5,7,8,10,13,14,16",-,0.000000000,0.000000000,0.000000000,16.094877,11.051647,no,no
CURRENT_PLATFORM,34,3.000000000000,1.050000000000,107.100000000000,108,0.028011204482,3.150000000000,0.150000000000,0.047619047619,0.001400560224,8,6,6,0,8,0,"5,7,9,11,13,15","5,7,9,11,13,15",-,"1,3,5,7,9,11,13,15",-,0.000000000,0.000000000,0.000000000,16.094877,11.046827,no,no
CURRENT_PLATFORM,35,3.000000000000,1.050000000000,110.250000000000,111,0.027210884354,3.150000000000,0.150000000000,0.047619047619,0.001360544218,12,8,8,0,12,0,"4,6,8,9,11,12,13,16","4,6,8,9,11,12,13,16",-,"1,2,3,4,6,8,9,11,12,13,16,17",-,0.000000000,0.000000000,0.000000000,16.094877,11.042012,no,no
CURRENT_PLATFORM,36,3.000000000000,1.050000000000,113.400000000000,114,0.026455026455,3.150000000000,0.150000000000,0.047619047619,0.001322751323,6,4,4,0,6,0,"5,7,11,13","5,7,11,13",-,"1,5,7,11,13,17",-,0.000000000,0.000000000,0.000000000,16.094877,11.037721,no,no
CURRENT_PLATFORM,37,3.000000000000,1.050000000000,116.550000000000,117,0.025740025740,3.150000000000,0.150000000000,0.047619047619,0.001287001287,18,12,12,0,18,0,"5,6,7,8,9,10,11,12,13,14,15,16","5,6,7,8,9,10,11,12,13,14,15,16",-,"1,2,3,4,5,6,7,8,9,10,11,12,13,14,15,16,17,18",-,0.000000000,0.000000000,0.000000000,16.094877,11.033435,no,no
CURRENT_PLATFORM,38,3.000000000000,1.050000000000,119.700000000000,120,0.025062656642,3.150000000000,0.150000000000,0.047619047619,0.001253132832,9,7,7,0,9,0,"5,7,9,11,13,15,17","5,7,9,11,13,15,17",-,"1,3,5,7,9,11,13,15,17",-,0.000000000,0.000000000,0.000000000,16.094877,11.029592,no,no
CURRENT_PLATFORM,39,3.000000000000,1.050000000000,122.850000000000,123,0.024420024420,3.150000000000,0.150000000000,0.047619047619,0.001221001221,12,8,8,0,12,0,"5,7,8,10,11,14,16,17","5,7,8,10,11,14,16,17",-,"1,2,4,5,7,8,10,11,14,16,17,19",-,0.000000000,0.000000000,0.000000000,16.094877,11.025752,no,no
CURRENT_PLATFORM,40,3.000000000000,1.050000000000,126.000000000000,126,0.023809523810,3.150000000000,0.150000000000,0.047619047619,0.001190476190,8,5,5,0,8,0,"7,9,11,13,17","7,9,11,13,17",-,"1,3,7,9,11,13,17,19",-,0.000000000,0.000000000,0.000000000,16.094877,11.022289,no,no
CURRENT_PLATFORM,41,3.000000000000,1.050000000000,129.150000000000,130,0.023228803717,3.150000000000,0.150000000000,0.047619047619,0.001161440186,20,14,14,0,20,0,"5,6,7,8,9,10,11,12,13,14,15,16,17,18","5,6,7,8,9,10,11,12,13,14,15,16,17,18",-,"1,2,3,4,5,6,7,8,9,10,11,12,13,14,15,16,17,18,19,20",-,0.000000000,0.000000000,0.000000000,16.094877,11.018829,no,no
CURRENT_PLATFORM,42,3.000000000000,1.050000000000,132.300000000000,133,0.022675736961,3.150000000000,0.150000000000,0.047619047619,0.001133786848,6,5,5,0,6,0,"5,11,13,17,19","5,11,13,17,19",-,"1,5,11,13,17,19",-,0.000000000,0.000000000,0.000000000,16.094877,11.015693,no,no
CURRENT_PLATFORM,43,3.000000000000,1.050000000000,135.450000000000,136,0.022148394241,3.150000000000,0.150000000000,0.047619047619,0.001107419712,21,15,15,0,21,0,"5,6,7,8,9,10,11,12,13,14,15,16,17,18,19","5,6,7,8,9,10,11,12,13,14,15,16,17,18,19",-,"1,2,3,4,5,6,7,8,9,10,11,12,13,14,15,16,17,18,19,20,21",-,0.000000000,0.000000000,0.000000000,16.094877,11.012559,no,no
CURRENT_PLATFORM,44,3.000000000000,1.050000000000,138.600000000000,139,0.021645021645,3.150000000000,0.150000000000,0.047619047619,0.001082251082,10,7,7,0,10,0,"5,7,9,13,15,17,19","5,7,9,13,15,17,19",-,"1,3,5,7,9,13,15,17,19,21",-,0.000000000,0.000000000,0.000000000,16.094877,11.009706,no,no
CURRENT_PLATFORM,45,3.000000000000,1.050000000000,141.750000000000,142,0.021164021164,3.150000000000,0.150000000000,0.047619047619,0.001058201058,12,8,8,0,12,0,"7,8,11,13,14,16,17,19","7,8,11,13,14,16,17,19",-,"1,2,4,7,8,11,13,14,16,17,19,22",-,0.000000000,0.000000000,0.000000000,16.094877,11.006854,no,no
CURRENT_PLATFORM,46,3.000000000000,1.050000000000,144.900000000000,145,0.020703933747,3.150000000000,0.150000000000,0.047619047619,0.001035196687,11,8,8,0,11,0,"7,9,11,13,15,17,19,21","7,9,11,13,15,17,19,21",-,"1,3,5,7,9,11,13,15,17,19,21",-,0.000000000,0.000000000,0.000000000,16.094877,11.004247,no,no
CURRENT_PLATFORM,47,3.000000000000,1.050000000000,148.050000000000,149,0.020263424519,3.150000000000,0.150000000000,0.047619047619,0.001013171226,23,16,16,0,23,0,"6,7,8,9,10,11,12,13,14,15,16,17,18,19,20,21","6,7,8,9,10,11,12,13,14,15,16,17,18,19,20,21",-,"1,2,3,4,5,6,7,8,9,10,11,12,13,14,15,16,17,18,19,20,21,22,23",-,0.000000000,0.000000000,0.000000000,16.094877,11.001642,no,no
CURRENT_PLATFORM,48,3.000000000000,1.050000000000,151.200000000000,152,0.019841269841,3.150000000000,0.150000000000,0.047619047619,0.000992063492,8,5,5,0,8,0,"7,11,13,17,19","7,11,13,17,19",-,"1,5,7,11,13,17,19,23",-,0.000000000,0.000000000,0.000000000,16.094877,10.999250,no,no
CURRENT_PLATFORM,49,3.000000000000,1.050000000000,154.350000000000,155,0.019436345967,3.150000000000,0.150000000000,0.047619047619,0.000971817298,21,14,14,0,21,0,"6,8,9,10,11,12,13,15,16,17,18,19,20,22","6,8,9,10,11,12,13,15,16,17,18,19,20,22",-,"1,2,3,4,5,6,8,9,10,11,12,13,15,16,17,18,19,20,22,23,24",-,0.000000000,0.000000000,0.000000000,16.094877,10.996859,no,no
CURRENT_PLATFORM,50,3.000000000000,1.050000000000,157.500000000000,158,0.019047619048,3.150000000000,0.150000000000,0.047619047619,0.000952380952,10,7,7,0,10,0,"7,9,11,13,17,19,21","7,9,11,13,17,19,21",-,"1,3,7,9,11,13,17,19,21,23",-,0.000000000,0.000000000,0.000000000,16.094877,10.994658,no,no
CURRENT_PLATFORM,5,3.000000000000,1.100000000000,16.500000000000,17,0.181818181818,3.300000000000,0.300000000000,0.090909090909,0.018181818182,2,2,2,0,2,2,"1,2","1,2",-,"1,2","1,2",1.671030702,0.690005476,1.180518089,16.489452,12.495207,no,yes
CURRENT_PLATFORM,6,3.000000000000,1.100000000000,19.800000000000,20,0.151515151515,3.300000000000,0.300000000000,0.090909090909,0.015151515152,1,1,1,0,1,1,1,1,-,1,1,1.207945321,1.207945321,1.207945321,16.489452,12.303237,no,yes
CURRENT_PLATFORM,7,3.000000000000,1.100000000000,23.100000000000,24,0.129870129870,3.300000000000,0.300000000000,0.090909090909,0.012987012987,3,3,3,0,3,3,"1,2,3","1,2,3",-,"1,2,3","1,2,3",0.904276598,0.301854362,0.595234494,16.489452,12.119394,no,yes
CURRENT_PLATFORM,8,3.000000000000,1.100000000000,26.400000000000,27,0.113636363636,3.300000000000,0.300000000000,0.090909090909,0.011363636364,2,2,2,0,2,2,"1,3","1,3",-,"1,3","1,3",0.698649045,0.338159916,0.518404480,16.489452,12.019193,no,yes
CURRENT_PLATFORM,9,3.000000000000,1.100000000000,29.700000000000,30,0.101010101010,3.300000000000,0.300000000000,0.090909090909,0.010101010101,3,2,2,0,3,2,"2,4","2,4",-,"1,2,4","2,4",0.351661512,0.168975661,0.260318587,16.489452,11.921251,no,yes
CURRENT_PLATFORM,10,3.000000000000,1.100000000000,33.000000000000,33,0.090909090909,3.300000000000,0.300000000000,0.090909090909,0.009090909091,2,1,1,0,2,1,3,3,-,"1,3",3,0.322772172,0.322772172,0.322772172,16.489452,11.859677,no,yes
CURRENT_PLATFORM,11,3.000000000000,1.100000000000,36.300000000000,37,0.082644628099,3.300000000000,0.300000000000,0.090909090909,0.008264462810,5,4,4,0,5,4,"2,3,4,5","2,3,4,5",-,"1,2,3,4,5","2,3,4,5",0.252499475,0.107900617,0.200713590,16.489452,11.798963,no,yes
CURRENT_PLATFORM,12,3.000000000000,1.100000000000,39.600000000000,40,0.075757575758,3.300000000000,0.300000000000,0.090909090909,0.007575757576,2,1,1,0,2,1,5,5,-,"1,5",5,0.102238801,0.102238801,0.102238801,16.489452,11.757283,no,yes
CURRENT_PLATFORM,13,3.000000000000,1.100000000000,42.900000000000,43,0.069930069930,3.300000000000,0.300000000000,0.090909090909,0.006993006993,6,4,4,0,6,4,"2,3,4,5","2,3,4,5",-,"1,2,3,4,5,6","2,3,4,5",0.222094444,0.118145808,0.169288340,16.489452,11.715999,no,yes
CURRENT_PLATFORM,14,3.000000000000,1.100000000000,46.200000000000,47,0.064935064935,3.300000000000,0.300000000000,0.090909090909,0.006493506494,3,2,2,0,3,2,"3,5","3,5",-,"1,3,5","3,5",0.169822457,0.154622886,0.162222671,16.489452,11.685912,no,yes
CURRENT_PLATFORM,15,3.000000000000,1.100000000000,49.500000000000,50,0.060606060606,3.300000000000,0.300000000000,0.090909090909,0.006060606061,4,2,2,0,4,1,"2,4","2,4",-,"1,2,4,7",4,0.161432908,0.161432908,0.161432908,16.489452,11.656031,no,yes
CURRENT_PLATFORM,16,3.000000000000,1.100000000000,52.800000000000,53,0.056818181818,3.300000000000,0.300000000000,0.090909090909,0.005681818182,4,3,3,0,4,2,"3,5,7","3,5,7",-,"1,3,5,7","3,5",0.168816687,0.120032052,0.144424369,16.489452,11.633289,no,yes
CURRENT_PLATFORM,17,3.000000000000,1.100000000000,56.100000000000,57,0.053475935829,3.300000000000,0.300000000000,0.090909090909,0.005347593583,8,6,6,0,8,2,"2,3,4,5,6,7","2,3,4,5,6,7",-,"1,2,3,4,5,6,7,8","4,6",0.136757214,0.136111016,0.136434115,16.489452,11.610665,no,yes
CURRENT_PLATFORM,18,3.000000000000,1.100000000000,59.400000000000,60,0.050505050505,3.300000000000,0.300000000000,0.090909090909,0.005050505051,3,2,2,0,3,0,"5,7","5,7",-,"1,5,7",-,0.000000000,0.000000000,0.000000000,16.489452,11.592872,no,no
CURRENT_PLATFORM,19,3.000000000000,1.100000000000,62.700000000000,63,0.047846889952,3.300000000000,0.300000000000,0.090909090909,0.004784688995,9,6,6,0,9,2,"3,4,5,6,7,8","3,4,5,6,7,8",-,"1,2,3,4,5,6,7,8,9","5,6",0.135975780,0.118619460,0.127297620,16.489452,11.575151,no,yes
CURRENT_PLATFORM,20,3.000000000000,1.100000000000,66.000000000000,66,0.045454545455,3.300000000000,0.300000000000,0.090909090909,0.004545454545,4,3,3,0,4,1,"3,7,9","3,7,9",-,"1,3,7,9",7,0.113583225,0.113583225,0.113583225,16.489452,11.560849,no,yes
CURRENT_PLATFORM,21,3.000000000000,1.100000000000,69.300000000000,70,0.043290043290,3.300000000000,0.300000000000,0.090909090909,0.004329004329,6,3,3,0,6,1,"4,5,8","4,5,8",-,"1,2,4,5,8,10",5,0.104725893,0.104725893,0.104725893,16.489452,11.546594,no,yes
CURRENT_PLATFORM,22,3.000000000000,1.100000000000,72.600000000000,73,0.041322314050,3.300000000000,0.300000000000,0.090909090909,0.004132231405,5,4,4,0,5,1,"3,5,7,9","3,5,7,9",-,"1,3,5,7,9",7,0.113752258,0.113752258,0.113752258,16.489452,11.534847,no,yes
CURRENT_PLATFORM,23,3.000000000000,1.100000000000,75.900000000000,76,0.039525691700,3.300000000000,0.300000000000,0.090909090909,0.003952569170,11,8,8,0,11,0,"3,4,5,6,7,8,9,10","3,4,5,6,7,8,9,10",-,"1,2,3,4,5,6,7,8,9,10,11",-,0.000000000,0.000000000,0.000000000,16.489452,11.523133,no,no
CURRENT_PLATFORM,24,3.000000000000,1.100000000000,79.200000000000,80,0.037878787879,3.300000000000,0.300000000000,0.090909090909,0.003787878788,4,2,2,0,4,0,"5,7","5,7",-,"1,5,7,11",-,0.000000000,0.000000000,0.000000000,16.489452,11.513313,no,no
CURRENT_PLATFORM,25,3.000000000000,1.100000000000,82.500000000000,83,0.036363636364,3.300000000000,0.300000000000,0.090909090909,0.003636363636,10,7,7,0,10,0,"3,4,6,7,8,9,11","3,4,6,7,8,9,11",-,"1,2,3,4,6,7,8,9,11,12",-,0.000000000,0.000000000,0.000000000,16.489452,11.503516,no,no
CURRENT_PLATFORM,26,3.000000000000,1.100000000000,85.800000000000,86,0.034965034965,3.300000000000,0.300000000000,0.090909090909,0.003496503497,6,5,5,0,6,0,"3,5,7,9,11","3,5,7,9,11",-,"1,3,5,7,9,11",-,0.000000000,0.000000000,0.000000000,16.489452,11.495185,no,no
CURRENT_PLATFORM,27,3.000000000000,1.100000000000,89.100000000000,90,0.033670033670,3.300000000000,0.300000000000,0.090909090909,0.003367003367,9,6,6,0,9,0,"4,5,7,8,10,11","4,5,7,8,10,11",-,"1,2,4,5,7,8,10,11,13",-,0.000000000,0.000000000,0.000000000,16.489452,11.486870,no,no
CURRENT_PLATFORM,28,3.000000000000,1.100000000000,92.400000000000,93,0.032467532468,3.300000000000,0.300000000000,0.090909090909,0.003246753247,6,3,3,0,6,0,"5,9,11","5,9,11",-,"1,3,5,9,11,13",-,0.000000000,0.000000000,0.000000000,16.489452,11.479714,no,no
CURRENT_PLATFORM,29,3.000000000000,1.100000000000,95.700000000000,96,0.031347962382,3.300000000000,0.300000000000,0.090909090909,0.003134796238,14,10,10,0,14,0,"4,5,6,7,8,9,10,11,12,13","4,5,6,7,8,9,10,11,12,13",-,"1,2,3,4,5,6,7,8,9,10,11,12,13,14",-,0.000000000,0.000000000,0.000000000,16.489452,11.472569,no,no
CURRENT_PLATFORM,30,3.000000000000,1.100000000000,99.000000000000,99,0.030303030303,3.300000000000,0.300000000000,0.090909090909,0.003030303030,4,3,3,0,4,0,"7,11,13","7,11,13",-,"1,7,11,13",-,0.000000000,0.000000000,0.000000000,16.489452,11.466354,no,no
CURRENT_PLATFORM,31,3.000000000000,1.100000000000,102.300000000000,103,0.029325513196,3.300000000000,0.300000000000,0.090909090909,0.002932551320,15,11,11,0,15,0,"4,5,6,7,8,9,10,11,12,13,14","4,5,6,7,8,9,10,11,12,13,14",-,"1,2,3,4,5,6,7,8,9,10,11,12,13,14,15",-,0.000000000,0.000000000,0.000000000,16.489452,11.460148,no,no
CURRENT_PLATFORM,32,3.000000000000,1.100000000000,105.600000000000,106,0.028409090909,3.300000000000,0.300000000000,0.090909090909,0.002840909091,8,5,5,0,8,0,"5,7,9,11,13","5,7,9,11,13",-,"1,3,5,7,9,11,13,15",-,0.000000000,0.000000000,0.000000000,16.489452,11.454701,no,no
CURRENT_PLATFORM,33,3.000000000000,1.100000000000,108.900000000000,109,0.027548209366,3.300000000000,0.300000000000,0.090909090909,0.002754820937,10,7,7,0,10,0,"4,5,7,8,10,13,14","4,5,7,8,10,13,14",-,"1,2,4,5,7,8,10,13,14,16",-,0.000000000,0.000000000,0.000000000,16.489452,11.449261,no,no
CURRENT_PLATFORM,34,3.000000000000,1.100000000000,112.200000000000,113,0.026737967914,3.300000000000,0.300000000000,0.090909090909,0.002673796791,8,6,6,0,8,0,"5,7,9,11,13,15","5,7,9,11,13,15",-,"1,3,5,7,9,11,13,15",-,0.000000000,0.000000000,0.000000000,16.489452,11.444448,no,no
CURRENT_PLATFORM,35,3.000000000000,1.100000000000,115.500000000000,116,0.025974025974,3.300000000000,0.300000000000,0.090909090909,0.002597402597,12,8,8,0,12,0,"4,6,8,9,11,12,13,16","4,6,8,9,11,12,13,16",-,"1,2,3,4,6,8,9,11,12,13,16,17",-,0.000000000,0.000000000,0.000000000,16.489452,11.439640,no,no
CURRENT_PLATFORM,36,3.000000000000,1.100000000000,118.800000000000,119,0.025252525253,3.300000000000,0.300000000000,0.090909090909,0.002525252525,6,4,4,0,6,0,"5,7,11,13","5,7,11,13",-,"1,5,7,11,13,17",-,0.000000000,0.000000000,0.000000000,16.489452,11.435355,no,no
CURRENT_PLATFORM,37,3.000000000000,1.100000000000,122.100000000000,123,0.024570024570,3.300000000000,0.300000000000,0.090909090909,0.002457002457,18,12,12,0,18,0,"5,6,7,8,9,10,11,12,13,14,15,16","5,6,7,8,9,10,11,12,13,14,15,16",-,"1,2,3,4,5,6,7,8,9,10,11,12,13,14,15,16,17,18",-,0.000000000,0.000000000,0.000000000,16.489452,11.431075,no,no
CURRENT_PLATFORM,38,3.000000000000,1.100000000000,125.400000000000,126,0.023923444976,3.300000000000,0.300000000000,0.090909090909,0.002392344498,9,7,7,0,9,0,"5,7,9,11,13,15,17","5,7,9,11,13,15,17",-,"1,3,5,7,9,11,13,15,17",-,0.000000000,0.000000000,0.000000000,16.489452,11.427238,no,no
CURRENT_PLATFORM,39,3.000000000000,1.100000000000,128.700000000000,129,0.023310023310,3.300000000000,0.300000000000,0.090909090909,0.002331002331,12,8,8,0,12,0,"5,7,8,10,11,14,16,17","5,7,8,10,11,14,16,17",-,"1,2,4,5,7,8,10,11,14,16,17,19",-,0.000000000,0.000000000,0.000000000,16.489452,11.423403,no,no
CURRENT_PLATFORM,40,3.000000000000,1.100000000000,132.000000000000,132,0.022727272727,3.300000000000,0.300000000000,0.090909090909,0.002272727273,8,5,5,0,8,0,"7,9,11,13,17","7,9,11,13,17",-,"1,3,7,9,11,13,17,19",-,0.000000000,0.000000000,0.000000000,16.489452,11.419946,no,no
CURRENT_PLATFORM,41,3.000000000000,1.100000000000,135.300000000000,136,0.022172949002,3.300000000000,0.300000000000,0.090909090909,0.002217294900,20,14,14,0,20,0,"5,6,7,8,9,10,11,12,13,14,15,16,17,18","5,6,7,8,9,10,11,12,13,14,15,16,17,18",-,"1,2,3,4,5,6,7,8,9,10,11,12,13,14,15,16,17,18,19,20",-,0.000000000,0.000000000,0.000000000,16.489452,11.416491,no,no
CURRENT_PLATFORM,42,3.000000000000,1.100000000000,138.600000000000,139,0.021645021645,3.300000000000,0.300000000000,0.090909090909,0.002164502165,6,5,5,0,6,0,"5,11,13,17,19","5,11,13,17,19",-,"1,5,11,13,17,19",-,0.000000000,0.000000000,0.000000000,16.489452,11.413359,no,no
CURRENT_PLATFORM,43,3.000000000000,1.100000000000,141.900000000000,142,0.021141649049,3.300000000000,0.300000000000,0.090909090909,0.002114164905,21,15,15,0,21,0,"5,6,7,8,9,10,11,12,13,14,15,16,17,18,19","5,6,7,8,9,10,11,12,13,14,15,16,17,18,19",-,"1,2,3,4,5,6,7,8,9,10,11,12,13,14,15,16,17,18,19,20,21",-,0.000000000,0.000000000,0.000000000,16.489452,11.410230,no,no
CURRENT_PLATFORM,44,3.000000000000,1.100000000000,145.200000000000,146,0.020661157025,3.300000000000,0.300000000000,0.090909090909,0.002066115702,10,7,7,0,10,0,"5,7,9,13,15,17,19","5,7,9,13,15,17,19",-,"1,3,5,7,9,13,15,17,19,21",-,0.000000000,0.000000000,0.000000000,16.489452,11.407381,no,no
CURRENT_PLATFORM,45,3.000000000000,1.100000000000,148.500000000000,149,0.020202020202,3.300000000000,0.300000000000,0.090909090909,0.002020202020,12,8,8,0,12,0,"7,8,11,13,14,16,17,19","7,8,11,13,14,16,17,19",-,"1,2,4,7,8,11,13,14,16,17,19,22",-,0.000000000,0.000000000,0.000000000,16.489452,11.404534,no,no
CURRENT_PLATFORM,46,3.000000000000,1.100000000000,151.800000000000,152,0.019762845850,3.300000000000,0.300000000000,0.090909090909,0.001976284585,11,8,8,0,11,0,"7,9,11,13,15,17,19,21","7,9,11,13,15,17,19,21",-,"1,3,5,7,9,11,13,15,17,19,21",-,0.000000000,0.000000000,0.000000000,16.489452,11.401931,no,no
CURRENT_PLATFORM,47,3.000000000000,1.100000000000,155.100000000000,156,0.019342359768,3.300000000000,0.300000000000,0.090909090909,0.001934235977,23,16,16,0,23,0,"6,7,8,9,10,11,12,13,14,15,16,17,18,19,20,21","6,7,8,9,10,11,12,13,14,15,16,17,18,19,20,21",-,"1,2,3,4,5,6,7,8,9,10,11,12,13,14,15,16,17,18,19,20,21,22,23",-,0.000000000,0.000000000,0.000000000,16.489452,11.399329,no,no
CURRENT_PLATFORM,48,3.000000000000,1.100000000000,158.400000000000,159,0.018939393939,3.300000000000,0.300000000000,0.090909090909,0.001893939394,8,5,5,0,8,0,"7,11,13,17,19","7,11,13,17,19",-,"1,5,7,11,13,17,19,23",-,0.000000000,0.000000000,0.000000000,16.489452,11.396940,no,no
CURRENT_PLATFORM,49,3.000000000000,1.100000000000,161.700000000000,162,0.018552875696,3.300000000000,0.300000000000,0.090909090909,0.001855287570,21,14,14,0,21,0,"6,8,9,10,11,12,13,15,16,17,18,19,20,22","6,8,9,10,11,12,13,15,16,17,18,19,20,22",-,"1,2,3,4,5,6,8,9,10,11,12,13,15,16,17,18,19,20,22,23,24",-,0.000000000,0.000000000,0.000000000,16.489452,11.394554,no,no
CURRENT_PLATFORM,50,3.000000000000,1.100000000000,165.000000000000,165,0.018181818182,3.300000000000,0.300000000000,0.090909090909,0.001818181818,10,7,7,0,10,0,"7,9,11,13,17,19,21","7,9,11,13,17,19,21",-,"1,3,7,9,11,13,17,19,21,23",-,0.000000000,0.000000000,0.000000000,16.489452,11.392355,no,no
CURRENT_PLATFORM,5,3.000000000000,1.150000000000,17.250000000000,18,0.173913043478,3.450000000000,0.450000000000,0.130434782609,0.026086956522,2,2,2,0,2,2,"1,2","1,2",-,"1,2","1,2",2.378353332,0.983851423,1.681102378,16.867256,12.874266,no,yes
CURRENT_PLATFORM,6,3.000000000000,1.150000000000,20.700000000000,21,0.144927536232,3.450000000000,0.450000000000,0.130434782609,0.021739130435,1,1,1,0,1,1,1,1,-,1,1,1.713857746,1.713857746,1.713857746,16.867256,12.682559,no,yes
CURRENT_PLATFORM,7,3.000000000000,1.150000000000,24.150000000000,25,0.124223602484,3.450000000000,0.450000000000,0.130434782609,0.018633540373,3,3,3,0,3,3,"1,2,3","1,2,3",-,"1,2,3","1,2,3",1.280394982,0.428087895,0.846558165,16.867256,12.498958,no,yes
CURRENT_PLATFORM,8,3.000000000000,1.150000000000,27.600000000000,28,0.108695652174,3.450000000000,0.450000000000,0.130434782609,0.016304347826,2,2,2,0,2,2,"1,3","1,3",-,"1,3","1,3",0.987852390,0.486148438,0.737000414,16.867256,12.398894,no,yes
CURRENT_PLATFORM,9,3.000000000000,1.150000000000,31.050000000000,32,0.096618357488,3.450000000000,0.450000000000,0.130434782609,0.014492753623,3,2,2,0,3,2,"2,4","2,4",-,"1,2,4","2,4",0.504600351,0.239021129,0.371810740,16.867256,12.301083,no,yes
CURRENT_PLATFORM,10,3.000000000000,1.150000000000,34.500000000000,35,0.086956521739,3.450000000000,0.450000000000,0.130434782609,0.013043478261,2,1,1,0,2,1,3,3,-,"1,3",3,0.462729004,0.462729004,0.462729004,16.867256,12.239592,no,yes
CURRENT_PLATFORM,11,3.000000000000,1.150000000000,37.950000000000,38,0.079051383399,3.450000000000,0.450000000000,0.130434782609,0.011857707510,5,4,4,0,5,4,"2,3,4,5","2,3,4,5",-,"1,2,3,4,5","2,3,4,5",0.362336695,0.152401533,0.287564111,16.867256,12.178960,no,yes
CURRENT_PLATFORM,12,3.000000000000,1.150000000000,41.400000000000,42,0.072463768116,3.450000000000,0.450000000000,0.130434782609,0.010869565217,2,1,1,0,2,1,5,5,-,"1,5",5,0.146838468,0.146838468,0.146838468,16.867256,12.137336,no,yes
CURRENT_PLATFORM,13,3.000000000000,1.150000000000,44.850000000000,45,0.066889632107,3.450000000000,0.450000000000,0.130434782609,0.010033444816,6,4,4,0,6,4,"2,3,4,5","2,3,4,5",-,"1,2,3,4,5,6","2,3,4,5",0.318377844,0.169374453,0.242805046,16.867256,12.096107,no,yes
CURRENT_PLATFORM,14,3.000000000000,1.150000000000,48.300000000000,49,0.062111801242,3.450000000000,0.450000000000,0.130434782609,0.009316770186,3,2,2,0,3,2,"3,5","3,5",-,"1,3,5","3,5",0.244068103,0.221808327,0.232938215,16.867256,12.066059,no,yes
CURRENT_PLATFORM,15,3.000000000000,1.150000000000,51.750000000000,52,0.057971014493,3.450000000000,0.450000000000,0.130434782609,0.008695652174,4,2,2,0,4,2,"2,4","2,4",-,"1,2,4,7","2,4",0.231650334,0.136005202,0.183827768,16.867256,12.036218,no,yes
CURRENT_PLATFORM,16,3.000000000000,1.150000000000,55.200000000000,56,0.054347826087,3.450000000000,0.450000000000,0.130434782609,0.008152173913,4,3,3,0,4,2,"3,5,7","3,5,7",-,"1,3,5,7","3,5",0.242010238,0.172279083,0.207144660,16.867256,12.013506,no,yes
CURRENT_PLATFORM,17,3.000000000000,1.150000000000,58.650000000000,59,0.051150895141,3.450000000000,0.450000000000,0.130434782609,0.007672634271,8,6,6,0,8,4,"2,3,4,5,6,7","2,3,4,5,6,7",-,"1,2,3,4,5,6,7,8","3,4,5,6",0.196237930,0.138817123,0.167855908,16.867256,11.990913,no,yes
CURRENT_PLATFORM,18,3.000000000000,1.150000000000,62.100000000000,63,0.048309178744,3.450000000000,0.450000000000,0.130434782609,0.007246376812,3,2,2,0,3,2,"5,7","5,7",-,"1,5,7","5,7",0.130993911,0.100967188,0.115980550,16.867256,11.973143,no,yes
CURRENT_PLATFORM,19,3.000000000000,1.150000000000,65.550000000000,66,0.045766590389,3.450000000000,0.450000000000,0.130434782609,0.006864988558,9,6,6,0,9,4,"3,4,5,6,7,8","3,4,5,6,7,8",-,"1,2,3,4,5,6,7,8,9","3,4,5,6",0.194941009,0.110089664,0.154251914,16.867256,11.955445,no,yes
CURRENT_PLATFORM,20,3.000000000000,1.150000000000,69.000000000000,69,0.043478260870,3.450000000000,0.450000000000,0.130434782609,0.006521739130,4,3,3,0,4,1,"3,7,9","3,7,9",-,"1,3,7,9",7,0.163166236,0.163166236,0.163166236,16.867256,11.941162,no,yes
CURRENT_PLATFORM,21,3.000000000000,1.150000000000,72.450000000000,73,0.041407867495,3.450000000000,0.450000000000,0.130434782609,0.006211180124,6,3,3,0,6,2,"4,5,8","4,5,8",-,"1,2,4,5,8,10","4,5",0.150270612,0.119326723,0.134798667,16.867256,11.926926,no,yes
CURRENT_PLATFORM,22,3.000000000000,1.150000000000,75.900000000000,76,0.039525691700,3.450000000000,0.450000000000,0.130434782609,0.005928853755,5,4,4,0,5,1,"3,5,7,9","3,5,7,9",-,"1,3,5,7,9",7,0.163089603,0.163089603,0.163089603,16.867256,11.915195,no,yes
CURRENT_PLATFORM,23,3.000000000000,1.150000000000,79.350000000000,80,0.037807183365,3.450000000000,0.450000000000,0.130434782609,0.005671077505,11,8,8,0,11,2,"3,4,5,6,7,8,9,10","3,4,5,6,7,8,9,10",-,"1,2,3,4,5,6,7,8,9,10,11","6,8",0.139982563,0.134510362,0.137246462,16.867256,11.903495,no,yes
CURRENT_PLATFORM,24,3.000000000000,1.150000000000,82.800000000000,83,0.036231884058,3.450000000000,0.450000000000,0.130434782609,0.005434782609,4,2,2,0,4,1,"5,7","5,7",-,"1,5,7,11",5,0.104089722,0.104089722,0.104089722,16.867256,11.893689,no,yes
CURRENT_PLATFORM,25,3.000000000000,1.150000000000,86.250000000000,87,0.034782608696,3.450000000000,0.450000000000,0.130434782609,0.005217391304,10,7,7,0,10,2,"3,4,6,7,8,9,11","3,4,6,7,8,9,11",-,"1,2,3,4,6,7,8,9,11,12","6,8",0.140130260,0.121739833,0.130935047,16.867256,11.883904,no,yes
CURRENT_PLATFORM,26,3.000000000000,1.150000000000,89.700000000000,90,0.033444816054,3.450000000000,0.450000000000,0.130434782609,0.005016722408,6,5,5,0,6,1,"3,5,7,9,11","3,5,7,9,11",-,"1,3,5,7,9,11",9,0.122570438,0.122570438,0.122570438,16.867256,11.875584,no,yes
CURRENT_PLATFORM,27,3.000000000000,1.150000000000,93.150000000000,94,0.032206119163,3.450000000000,0.450000000000,0.130434782609,0.004830917874,9,6,6,0,9,1,"4,5,7,8,10,11","4,5,7,8,10,11",-,"1,2,4,5,7,8,10,11,13",7,0.111182337,0.111182337,0.111182337,16.867256,11.867280,no,yes
CURRENT_PLATFORM,28,3.000000000000,1.150000000000,96.600000000000,97,0.031055900621,3.450000000000,0.450000000000,0.130434782609,0.004658385093,6,3,3,0,6,1,"5,9,11","5,9,11",-,"1,3,5,9,11,13",9,0.122808066,0.122808066,0.122808066,16.867256,11.860133,no,yes
CURRENT_PLATFORM,29,3.000000000000,1.150000000000,100.050000000000,101,0.029985007496,3.450000000000,0.450000000000,0.130434782609,0.004497751124,14,10,10,0,14,2,"4,5,6,7,8,9,10,11,12,13","4,5,6,7,8,9,10,11,12,13",-,"1,2,3,4,5,6,7,8,9,10,11,12,13,14","7,10",0.109012242,0.102308717,0.105660479,16.867256,11.852997,no,yes
CURRENT_PLATFORM,30,3.000000000000,1.150000000000,103.500000000000,104,0.028985507246,3.450000000000,0.450000000000,0.130434782609,0.004347826087,4,3,3,0,4,0,"7,11,13","7,11,13",-,"1,7,11,13",-,0.000000000,0.000000000,0.000000000,16.867256,11.846790,no,no
CURRENT_PLATFORM,31,3.000000000000,1.150000000000,106.950000000000,107,0.028050490884,3.450000000000,0.450000000000,0.130434782609,0.004207573633,15,11,11,0,15,1,"4,5,6,7,8,9,10,11,12,13,14","4,5,6,7,8,9,10,11,12,13,14",-,"1,2,3,4,5,6,7,8,9,10,11,12,13,14,15",10,0.109280288,0.109280288,0.109280288,16.867256,11.840593,no,yes
CURRENT_PLATFORM,32,3.000000000000,1.150000000000,110.400000000000,111,0.027173913043,3.450000000000,0.450000000000,0.130434782609,0.004076086957,8,5,5,0,8,0,"5,7,9,11,13","5,7,9,11,13",-,"1,3,5,7,9,11,13,15",-,0.000000000,0.000000000,0.000000000,16.867256,11.835153,no,no
CURRENT_PLATFORM,33,3.000000000000,1.150000000000,113.850000000000,114,0.026350461133,3.450000000000,0.450000000000,0.130434782609,0.003952569170,10,7,7,0,10,0,"4,5,7,8,10,13,14","4,5,7,8,10,13,14",-,"1,2,4,5,7,8,10,13,14,16",-,0.000000000,0.000000000,0.000000000,16.867256,11.829720,no,no
CURRENT_PLATFORM,34,3.000000000000,1.150000000000,117.300000000000,118,0.025575447570,3.450000000000,0.450000000000,0.130434782609,0.003836317136,8,6,6,0,8,0,"5,7,9,11,13,15","5,7,9,11,13,15",-,"1,3,5,7,9,11,13,15",-,0.000000000,0.000000000,0.000000000,16.867256,11.824912,no,no
CURRENT_PLATFORM,35,3.000000000000,1.150000000000,120.750000000000,121,0.024844720497,3.450000000000,0.450000000000,0.130434782609,0.003726708075,12,8,8,0,12,0,"4,6,8,9,11,12,13,16","4,6,8,9,11,12,13,16",-,"1,2,3,4,6,8,9,11,12,13,16,17",-,0.000000000,0.000000000,0.000000000,16.867256,11.820111,no,no
CURRENT_PLATFORM,36,3.000000000000,1.150000000000,124.200000000000,125,0.024154589372,3.450000000000,0.450000000000,0.130434782609,0.003623188406,6,4,4,0,6,0,"5,7,11,13","5,7,11,13",-,"1,5,7,11,13,17",-,0.000000000,0.000000000,0.000000000,16.867256,11.815832,no,no
CURRENT_PLATFORM,37,3.000000000000,1.150000000000,127.650000000000,128,0.023501762632,3.450000000000,0.450000000000,0.130434782609,0.003525264395,18,12,12,0,18,0,"5,6,7,8,9,10,11,12,13,14,15,16","5,6,7,8,9,10,11,12,13,14,15,16",-,"1,2,3,4,5,6,7,8,9,10,11,12,13,14,15,16,17,18",-,0.000000000,0.000000000,0.000000000,16.867256,11.811557,no,no
CURRENT_PLATFORM,38,3.000000000000,1.150000000000,131.100000000000,132,0.022883295195,3.450000000000,0.450000000000,0.130434782609,0.003432494279,9,7,7,0,9,0,"5,7,9,11,13,15,17","5,7,9,11,13,15,17",-,"1,3,5,7,9,11,13,15,17",-,0.000000000,0.000000000,0.000000000,16.867256,11.807725,no,no
CURRENT_PLATFORM,39,3.000000000000,1.150000000000,134.550000000000,135,0.022296544036,3.450000000000,0.450000000000,0.130434782609,0.003344481605,12,8,8,0,12,0,"5,7,8,10,11,14,16,17","5,7,8,10,11,14,16,17",-,"1,2,4,5,7,8,10,11,14,16,17,19",-,0.000000000,0.000000000,0.000000000,16.867256,11.803895,no,no
CURRENT_PLATFORM,40,3.000000000000,1.150000000000,138.000000000000,138,0.021739130435,3.450000000000,0.450000000000,0.130434782609,0.003260869565,8,5,5,0,8,0,"7,9,11,13,17","7,9,11,13,17",-,"1,3,7,9,11,13,17,19",-,0.000000000,0.000000000,0.000000000,16.867256,11.800442,no,no
CURRENT_PLATFORM,41,3.000000000000,1.150000000000,141.450000000000,142,0.021208907741,3.450000000000,0.450000000000,0.130434782609,0.003181336161,20,14,14,0,20,0,"5,6,7,8,9,10,11,12,13,14,15,16,17,18","5,6,7,8,9,10,11,12,13,14,15,16,17,18",-,"1,2,3,4,5,6,7,8,9,10,11,12,13,14,15,16,17,18,19,20",-,0.000000000,0.000000000,0.000000000,16.867256,11.796991,no,no
CURRENT_PLATFORM,42,3.000000000000,1.150000000000,144.900000000000,145,0.020703933747,3.450000000000,0.450000000000,0.130434782609,0.003105590062,6,5,5,0,6,0,"5,11,13,17,19","5,11,13,17,19",-,"1,5,11,13,17,19",-,0.000000000,0.000000000,0.000000000,16.867256,11.793864,no,no
CURRENT_PLATFORM,43,3.000000000000,1.150000000000,148.350000000000,149,0.020222446916,3.450000000000,0.450000000000,0.130434782609,0.003033367037,21,15,15,0,21,0,"5,6,7,8,9,10,11,12,13,14,15,16,17,18,19","5,6,7,8,9,10,11,12,13,14,15,16,17,18,19",-,"1,2,3,4,5,6,7,8,9,10,11,12,13,14,15,16,17,18,19,20,21",-,0.000000000,0.000000000,0.000000000,16.867256,11.790739,no,no
CURRENT_PLATFORM,44,3.000000000000,1.150000000000,151.800000000000,152,0.019762845850,3.450000000000,0.450000000000,0.130434782609,0.002964426877,10,7,7,0,10,0,"5,7,9,13,15,17,19","5,7,9,13,15,17,19",-,"1,3,5,7,9,13,15,17,19,21",-,0.000000000,0.000000000,0.000000000,16.867256,11.787894,no,no
CURRENT_PLATFORM,45,3.000000000000,1.150000000000,155.250000000000,156,0.019323671498,3.450000000000,0.450000000000,0.130434782609,0.002898550725,12,8,8,0,12,0,"7,8,11,13,14,16,17,19","7,8,11,13,14,16,17,19",-,"1,2,4,7,8,11,13,14,16,17,19,22",-,0.000000000,0.000000000,0.000000000,16.867256,11.785050,no,no
CURRENT_PLATFORM,46,3.000000000000,1.150000000000,158.700000000000,159,0.018903591682,3.450000000000,0.450000000000,0.130434782609,0.002835538752,11,8,8,0,11,0,"7,9,11,13,15,17,19,21","7,9,11,13,15,17,19,21",-,"1,3,5,7,9,11,13,15,17,19,21",-,0.000000000,0.000000000,0.000000000,16.867256,11.782450,no,no
CURRENT_PLATFORM,47,3.000000000000,1.150000000000,162.150000000000,163,0.018501387604,3.450000000000,0.450000000000,0.130434782609,0.002775208141,23,16,16,0,23,0,"6,7,8,9,10,11,12,13,14,15,16,17,18,19,20,21","6,7,8,9,10,11,12,13,14,15,16,17,18,19,20,21",-,"1,2,3,4,5,6,7,8,9,10,11,12,13,14,15,16,17,18,19,20,21,22,23",-,0.000000000,0.000000000,0.000000000,16.867256,11.779851,no,no
CURRENT_PLATFORM,48,3.000000000000,1.150000000000,165.600000000000,166,0.018115942029,3.450000000000,0.450000000000,0.130434782609,0.002717391304,8,5,5,0,8,0,"7,11,13,17,19","7,11,13,17,19",-,"1,5,7,11,13,17,19,23",-,0.000000000,0.000000000,0.000000000,16.867256,11.777466,no,no
CURRENT_PLATFORM,49,3.000000000000,1.150000000000,169.050000000000,170,0.017746228926,3.450000000000,0.450000000000,0.130434782609,0.002661934339,21,14,14,0,21,0,"6,8,9,10,11,12,13,15,16,17,18,19,20,22","6,8,9,10,11,12,13,15,16,17,18,19,20,22",-,"1,2,3,4,5,6,8,9,10,11,12,13,15,16,17,18,19,20,22,23,24",-,0.000000000,0.000000000,0.000000000,16.867256,11.775082,no,no
CURRENT_PLATFORM,50,3.000000000000,1.150000000000,172.500000000000,173,0.017391304348,3.450000000000,0.450000000000,0.130434782609,0.002608695652,10,7,7,0,10,0,"7,9,11,13,17,19,21","7,9,11,13,17,19,21",-,"1,3,7,9,11,13,17,19,21,23",-,0.000000000,0.000000000,0.000000000,16.867256,11.772887,no,no
CURRENT_PLATFORM,5,3.000000000000,1.200000000000,18.000000000000,18,0.166666666667,3.600000000000,0.600000000000,0.166666666667,0.033333333333,2,2,2,0,2,2,"1,2","1,2",-,"1,2","1,2",3.014761936,1.249762008,2.132261972,17.229628,13.237740,no,yes
CURRENT_PLATFORM,6,3.000000000000,1.200000000000,21.600000000000,22,0.138888888889,3.600000000000,0.600000000000,0.166666666667,0.027777777778,1,1,1,0,1,1,1,1,-,1,1,2.166450586,2.166450586,2.166450586,17.229628,13.046265,no,yes
CURRENT_PLATFORM,7,3.000000000000,1.200000000000,25.200000000000,26,0.119047619048,3.600000000000,0.600000000000,0.166666666667,0.023809523810,3,3,3,0,3,3,"1,2,3","1,2,3",-,"1,2,3","1,2,3",1.615593269,0.541099495,1.072767842,17.229628,12.862877,no,yes
CURRENT_PLATFORM,8,3.000000000000,1.200000000000,28.800000000000,29,0.104166666667,3.600000000000,0.600000000000,0.166666666667,0.020833333333,2,2,2,0,2,2,"1,3","1,3",-,"1,3","1,3",1.244903553,0.622302042,0.933602798,17.229628,12.762933,no,yes
CURRENT_PLATFORM,9,3.000000000000,1.200000000000,32.400000000000,33,0.092592592593,3.600000000000,0.600000000000,0.166666666667,0.018518518519,3,2,2,0,3,2,"2,4","2,4",-,"1,2,4","2,4",0.644809378,0.301394567,0.473101973,17.229628,12.665237,no,yes
CURRENT_PLATFORM,10,3.000000000000,1.200000000000,36.000000000000,36,0.083333333333,3.600000000000,0.600000000000,0.166666666667,0.016666666667,2,1,1,0,2,1,3,3,-,"1,3",3,0.590812111,0.590812111,0.590812111,17.229628,12.603819,no,yes
CURRENT_PLATFORM,11,3.000000000000,1.200000000000,39.600000000000,40,0.075757575758,3.600000000000,0.600000000000,0.166666666667,0.015151515152,5,4,4,0,5,4,"2,3,4,5","2,3,4,5",-,"1,2,3,4,5","2,3,4,5",0.463046747,0.191903929,0.366951382,17.229628,12.543258,no,yes
CURRENT_PLATFORM,12,3.000000000000,1.200000000000,43.200000000000,44,0.069444444444,3.600000000000,0.600000000000,0.166666666667,0.013888888889,2,1,1,0,2,1,5,5,-,"1,5",5,0.187799546,0.187799546,0.187799546,17.229628,12.501683,no,yes
CURRENT_PLATFORM,13,3.000000000000,1.200000000000,46.800000000000,47,0.064102564103,3.600000000000,0.600000000000,0.166666666667,0.012820512821,6,4,4,0,6,4,"2,3,4,5","2,3,4,5",-,"1,2,3,4,5,6","2,3,4,5",0.406485068,0.216259283,0.310147333,17.229628,12.460503,no,yes
CURRENT_PLATFORM,14,3.000000000000,1.200000000000,50.400000000000,51,0.059523809524,3.600000000000,0.600000000000,0.166666666667,0.011904761905,3,2,2,0,3,2,"3,5","3,5",-,"1,3,5","3,5",0.312342216,0.283371887,0.297857051,17.229628,12.430490,no,yes
CURRENT_PLATFORM,15,3.000000000000,1.200000000000,54.000000000000,54,0.055555555556,3.600000000000,0.600000000000,0.166666666667,0.011111111111,4,2,2,0,4,2,"2,4","2,4",-,"1,2,4,7","2,4",0.296030714,0.173804625,0.234917669,17.229628,12.400684,no,yes
CURRENT_PLATFORM,16,3.000000000000,1.200000000000,57.600000000000,58,0.052083333333,3.600000000000,0.600000000000,0.166666666667,0.010416666667,4,3,3,0,4,2,"3,5,7","3,5,7",-,"1,3,5,7","3,5",0.308993188,0.220203236,0.264598212,17.229628,12.377999,no,yes
CURRENT_PLATFORM,17,3.000000000000,1.200000000000,61.200000000000,62,0.049019607843,3.600000000000,0.600000000000,0.166666666667,0.009803921569,8,6,6,0,8,6,"2,3,4,5,6,7","2,3,4,5,6,7",-,"1,2,3,4,5,6,7,8","2,3,4,5,6,7",0.250772360,0.115513993,0.182716286,17.229628,12.355431,no,yes
CURRENT_PLATFORM,18,3.000000000000,1.200000000000,64.800000000000,65,0.046296296296,3.600000000000,0.600000000000,0.166666666667,0.009259259259,3,2,2,0,3,2,"5,7","5,7",-,"1,5,7","5,7",0.167370837,0.128892702,0.148131770,17.229628,12.337682,no,yes
CURRENT_PLATFORM,19,3.000000000000,1.200000000000,68.400000000000,69,0.043859649123,3.600000000000,0.600000000000,0.166666666667,0.008771929825,9,6,6,0,9,5,"3,4,5,6,7,8","3,4,5,6,7,8",-,"1,2,3,4,5,6,7,8,9","3,4,5,6,7",0.248908948,0.109343335,0.179517925,17.229628,12.320005,no,yes
CURRENT_PLATFORM,20,3.000000000000,1.200000000000,72.000000000000,72,0.041666666667,3.600000000000,0.600000000000,0.166666666667,0.008333333333,4,3,3,0,4,2,"3,7,9","3,7,9",-,"1,3,7,9","3,7",0.208722382,0.116226950,0.162474666,17.229628,12.305738,no,yes
CURRENT_PLATFORM,21,3.000000000000,1.200000000000,75.600000000000,76,0.039682539683,3.600000000000,0.600000000000,0.166666666667,0.007936507937,6,3,3,0,6,2,"4,5,8","4,5,8",-,"1,2,4,5,8,10","4,5",0.192025774,0.152516818,0.172271296,17.229628,12.291518,no,yes
CURRENT_PLATFORM,22,3.000000000000,1.200000000000,79.200000000000,80,0.037878787879,3.600000000000,0.600000000000,0.166666666667,0.007575757576,5,4,4,0,5,2,"3,5,7,9","3,5,7,9",-,"1,3,5,7,9","5,7",0.208250782,0.110727941,0.159489361,17.229628,12.279801,no,yes
CURRENT_PLATFORM,23,3.000000000000,1.200000000000,82.800000000000,83,0.036231884058,3.600000000000,0.600000000000,0.166666666667,0.007246376812,11,8,8,0,11,4,"3,4,5,6,7,8,9,10","3,4,5,6,7,8,9,10",-,"1,2,3,4,5,6,7,8,9,10,11","4,5,6,8",0.179040700,0.101734480,0.141614755,17.229628,12.268115,no,yes
CURRENT_PLATFORM,24,3.000000000000,1.200000000000,86.400000000000,87,0.034722222222,3.600000000000,0.600000000000,0.166666666667,0.006944444444,4,2,2,0,4,2,"5,7","5,7",-,"1,5,7,11","5,7",0.132978081,0.106303266,0.119640673,17.229628,12.258319,no,yes
CURRENT_PLATFORM,25,3.000000000000,1.200000000000,90.000000000000,90,0.033333333333,3.600000000000,0.600000000000,0.166666666667,0.006666666667,10,7,7,0,10,3,"3,4,6,7,8,9,11","3,4,6,7,8,9,11",-,"1,2,3,4,6,7,8,9,11,12","6,7,8",0.178942658,0.102012434,0.145506543,17.229628,12.248546,no,yes
CURRENT_PLATFORM,26,3.000000000000,1.200000000000,93.600000000000,94,0.032051282051,3.600000000000,0.600000000000,0.166666666667,0.006410256410,6,5,5,0,6,2,"3,5,7,9,11","3,5,7,9,11",-,"1,3,5,7,9,11","5,9",0.156752918,0.116699712,0.136726315,17.229628,12.240236,no,yes
CURRENT_PLATFORM,27,3.000000000000,1.200000000000,97.200000000000,98,0.030864197531,3.600000000000,0.600000000000,0.166666666667,0.006172839506,9,6,6,0,9,1,"4,5,7,8,10,11","4,5,7,8,10,11",-,"1,2,4,5,7,8,10,11,13",7,0.142072784,0.142072784,0.142072784,17.229628,12.231941,no,yes
CURRENT_PLATFORM,28,3.000000000000,1.200000000000,100.800000000000,101,0.029761904762,3.600000000000,0.600000000000,0.166666666667,0.005952380952,6,3,3,0,6,1,"5,9,11","5,9,11",-,"1,3,5,9,11,13",9,0.156829708,0.156829708,0.156829708,17.229628,12.224802,no,yes
CURRENT_PLATFORM,29,3.000000000000,1.200000000000,104.400000000000,105,0.028735632184,3.600000000000,0.600000000000,0.166666666667,0.005747126437,14,10,10,0,14,3,"4,5,6,7,8,9,10,11,12,13","4,5,6,7,8,9,10,11,12,13",-,"1,2,3,4,5,6,7,8,9,10,11,12,13,14","6,7,10",0.139401251,0.105022811,0.125052371,17.229628,12.217674,no,yes
CURRENT_PLATFORM,30,3.000000000000,1.200000000000,108.000000000000,108,0.027777777778,3.600000000000,0.600000000000,0.166666666667,0.005555555556,4,3,3,0,4,0,"7,11,13","7,11,13",-,"1,7,11,13",-,0.000000000,0.000000000,0.000000000,17.229628,12.211475,no,no
CURRENT_PLATFORM,31,3.000000000000,1.200000000000,111.600000000000,112,0.026881720430,3.600000000000,0.600000000000,0.166666666667,0.005376344086,15,11,11,0,15,2,"4,5,6,7,8,9,10,11,12,13,14","4,5,6,7,8,9,10,11,12,13,14",-,"1,2,3,4,5,6,7,8,9,10,11,12,13,14,15","8,10",0.139559893,0.121068681,0.130314287,17.229628,12.205284,no,yes
CURRENT_PLATFORM,32,3.000000000000,1.200000000000,115.200000000000,116,0.026041666667,3.600000000000,0.600000000000,0.166666666667,0.005208333333,8,5,5,0,8,1,"5,7,9,11,13","5,7,9,11,13",-,"1,3,5,7,9,11,13,15",11,0.125508932,0.125508932,0.125508932,17.229628,12.199850,no,yes
CURRENT_PLATFORM,33,3.000000000000,1.200000000000,118.800000000000,119,0.025252525253,3.600000000000,0.600000000000,0.166666666667,0.005050505051,10,7,7,0,10,1,"4,5,7,8,10,13,14","4,5,7,8,10,13,14",-,"1,2,4,5,7,8,10,13,14,16",8,0.112734068,0.112734068,0.112734068,17.229628,12.194423,no,yes
CURRENT_PLATFORM,34,3.000000000000,1.200000000000,122.400000000000,123,0.024509803922,3.600000000000,0.600000000000,0.166666666667,0.004901960784,8,6,6,0,8,1,"5,7,9,11,13,15","5,7,9,11,13,15",-,"1,3,5,7,9,11,13,15",11,0.125703436,0.125703436,0.125703436,17.229628,12.189621,no,yes
CURRENT_PLATFORM,35,3.000000000000,1.200000000000,126.000000000000,126,0.023809523810,3.600000000000,0.600000000000,0.166666666667,0.004761904762,12,8,8,0,12,2,"4,6,8,9,11,12,13,16","4,6,8,9,11,12,13,16",-,"1,2,3,4,6,8,9,11,12,13,16,17","9,12",0.114135010,0.105472528,0.109803769,17.229628,12.184825,no,yes
CURRENT_PLATFORM,36,3.000000000000,1.200000000000,129.600000000000,130,0.023148148148,3.600000000000,0.600000000000,0.166666666667,0.004629629630,6,4,4,0,6,0,"5,7,11,13","5,7,11,13",-,"1,5,7,11,13,17",-,0.000000000,0.000000000,0.000000000,17.229628,12.180551,no,no
CURRENT_PLATFORM,37,3.000000000000,1.200000000000,133.200000000000,134,0.022522522523,3.600000000000,0.600000000000,0.166666666667,0.004504504505,18,12,12,0,18,1,"5,6,7,8,9,10,11,12,13,14,15,16","5,6,7,8,9,10,11,12,13,14,15,16",-,"1,2,3,4,5,6,7,8,9,10,11,12,13,14,15,16,17,18",12,0.114341834,0.114341834,0.114341834,17.229628,12.176282,no,yes
CURRENT_PLATFORM,38,3.000000000000,1.200000000000,136.800000000000,137,0.021929824561,3.600000000000,0.600000000000,0.166666666667,0.004385964912,9,7,7,0,9,1,"5,7,9,11,13,15,17","5,7,9,11,13,15,17",-,"1,3,5,7,9,11,13,15,17",13,0.104651488,0.104651488,0.104651488,17.229628,12.172453,no,yes
CURRENT_PLATFORM,39,3.000000000000,1.200000000000,140.400000000000,141,0.021367521368,3.600000000000,0.600000000000,0.166666666667,0.004273504274,12,8,8,0,12,0,"5,7,8,10,11,14,16,17","5,7,8,10,11,14,16,17",-,"1,2,4,5,7,8,10,11,14,16,17,19",-,0.000000000,0.000000000,0.000000000,17.229628,12.168628,no,no
CURRENT_PLATFORM,40,3.000000000000,1.200000000000,144.000000000000,144,0.020833333333,3.600000000000,0.600000000000,0.166666666667,0.004166666667,8,5,5,0,8,1,"7,9,11,13,17","7,9,11,13,17",-,"1,3,7,9,11,13,17,19",13,0.104858412,0.104858412,0.104858412,17.229628,12.165179,no,yes
CURRENT_PLATFORM,41,3.000000000000,1.200000000000,147.600000000000,148,0.020325203252,3.600000000000,0.600000000000,0.166666666667,0.004065040650,20,14,14,0,20,0,"5,6,7,8,9,10,11,12,13,14,15,16,17,18","5,6,7,8,9,10,11,12,13,14,15,16,17,18",-,"1,2,3,4,5,6,7,8,9,10,11,12,13,14,15,16,17,18,19,20",-,0.000000000,0.000000000,0.000000000,17.229628,12.161732,no,no
CURRENT_PLATFORM,42,3.000000000000,1.200000000000,151.200000000000,152,0.019841269841,3.600000000000,0.600000000000,0.166666666667,0.003968253968,6,5,5,0,6,0,"5,11,13,17,19","5,11,13,17,19",-,"1,5,11,13,17,19",-,0.000000000,0.000000000,0.000000000,17.229628,12.158608,no,no
CURRENT_PLATFORM,43,3.000000000000,1.200000000000,154.800000000000,155,0.019379844961,3.600000000000,0.600000000000,0.166666666667,0.003875968992,21,15,15,0,21,0,"5,6,7,8,9,10,11,12,13,14,15,16,17,18,19","5,6,7,8,9,10,11,12,13,14,15,16,17,18,19",-,"1,2,3,4,5,6,7,8,9,10,11,12,13,14,15,16,17,18,19,20,21",-,0.000000000,0.000000000,0.000000000,17.229628,12.155487,no,no
CURRENT_PLATFORM,44,3.000000000000,1.200000000000,158.400000000000,159,0.018939393939,3.600000000000,0.600000000000,0.166666666667,0.003787878788,10,7,7,0,10,0,"5,7,9,13,15,17,19","5,7,9,13,15,17,19",-,"1,3,5,7,9,13,15,17,19,21",-,0.000000000,0.000000000,0.000000000,17.229628,12.152645,no,no
CURRENT_PLATFORM,45,3.000000000000,1.200000000000,162.000000000000,162,0.018518518519,3.600000000000,0.600000000000,0.166666666667,0.003703703704,12,8,8,0,12,0,"7,8,11,13,14,16,17,19","7,8,11,13,14,16,17,19",-,"1,2,4,7,8,11,13,14,16,17,19,22",-,0.000000000,0.000000000,0.000000000,17.229628,12.149804,no,no
CURRENT_PLATFORM,46,3.000000000000,1.200000000000,165.600000000000,166,0.018115942029,3.600000000000,0.600000000000,0.166666666667,0.003623188406,11,8,8,0,11,0,"7,9,11,13,15,17,19,21","7,9,11,13,15,17,19,21",-,"1,3,5,7,9,11,13,15,17,19,21",-,0.000000000,0.000000000,0.000000000,17.229628,12.147207,no,no
CURRENT_PLATFORM,47,3.000000000000,1.200000000000,169.200000000000,170,0.017730496454,3.600000000000,0.600000000000,0.166666666667,0.003546099291,23,16,16,0,23,0,"6,7,8,9,10,11,12,13,14,15,16,17,18,19,20,21","6,7,8,9,10,11,12,13,14,15,16,17,18,19,20,21",-,"1,2,3,4,5,6,7,8,9,10,11,12,13,14,15,16,17,18,19,20,21,22,23",-,0.000000000,0.000000000,0.000000000,17.229628,12.144612,no,no
CURRENT_PLATFORM,48,3.000000000000,1.200000000000,172.800000000000,173,0.017361111111,3.600000000000,0.600000000000,0.166666666667,0.003472222222,8,5,5,0,8,0,"7,11,13,17,19","7,11,13,17,19",-,"1,5,7,11,13,17,19,23",-,0.000000000,0.000000000,0.000000000,17.229628,12.142229,no,no
CURRENT_PLATFORM,49,3.000000000000,1.200000000000,176.400000000000,177,0.017006802721,3.600000000000,0.600000000000,0.166666666667,0.003401360544,21,14,14,0,21,0,"6,8,9,10,11,12,13,15,16,17,18,19,20,22","6,8,9,10,11,12,13,15,16,17,18,19,20,22",-,"1,2,3,4,5,6,8,9,10,11,12,13,15,16,17,18,19,20,22,23,24",-,0.000000000,0.000000000,0.000000000,17.229628,12.139848,no,no
CURRENT_PLATFORM,50,3.000000000000,1.200000000000,180.000000000000,180,0.016666666667,3.600000000000,0.600000000000,0.166666666667,0.003333333333,10,7,7,0,10,0,"7,9,11,13,17,19,21","7,9,11,13,17,19,21",-,"1,3,7,9,11,13,17,19,21,23",-,0.000000000,0.000000000,0.000000000,17.229628,12.137655,no,no
CURRENT_PLATFORM,5,3.000000000000,1.300000000000,19.500000000000,20,0.153846153846,3.900000000000,0.900000000000,0.230769230769,0.046153846154,2,2,2,0,2,2,"1,2","1,2",-,"1,2","1,2",4.109363531,1.711815969,2.910589750,17.912695,13.922644,no,yes
CURRENT_PLATFORM,6,3.000000000000,1.300000000000,23.400000000000,24,0.128205128205,3.900000000000,0.900000000000,0.230769230769,0.038461538462,1,1,1,0,1,1,1,1,-,1,1,2.939360676,2.939360676,2.939360676,17.912695,13.731555,no,yes
CURRENT_PLATFORM,7,3.000000000000,1.300000000000,27.300000000000,28,0.109890109890,3.900000000000,0.900000000000,0.230769230769,0.032967032967,3,3,3,0,3,3,"1,2,3","1,2,3",-,"1,2,3","1,2,3",2.185258617,0.734642972,1.462854973,17.912695,13.548521,no,yes
CURRENT_PLATFORM,8,3.000000000000,1.300000000000,31.200000000000,32,0.096153846154,3.900000000000,0.900000000000,0.230769230769,0.028846153846,2,2,2,0,2,2,"1,3","1,3",-,"1,3","1,3",1.680257932,0.864325104,1.272291518,17.912695,13.448778,no,yes
CURRENT_PLATFORM,9,3.000000000000,1.300000000000,35.100000000000,36,0.085470085470,3.900000000000,0.900000000000,0.230769230769,0.025641025641,3,2,2,0,3,2,"2,4","2,4",-,"1,2,4","2,4",0.892892003,0.407424184,0.650158093,17.912695,13.351274,no,yes
CURRENT_PLATFORM,10,3.000000000000,1.300000000000,39.000000000000,39,0.076923076923,3.900000000000,0.900000000000,0.230769230769,0.023076923077,2,1,1,0,2,1,3,3,-,"1,3",3,0.816909594,0.816909594,0.816909594,17.912695,13.289978,no,yes
CURRENT_PLATFORM,11,3.000000000000,1.300000000000,42.900000000000,43,0.069930069930,3.900000000000,0.900000000000,0.230769230769,0.020979020979,5,4,4,0,5,4,"2,3,4,5","2,3,4,5",-,"1,2,3,4,5","2,3,4,5",0.641280412,0.258759228,0.506869021,17.912695,13.229536,no,yes
CURRENT_PLATFORM,12,3.000000000000,1.300000000000,46.800000000000,47,0.064102564103,3.900000000000,0.900000000000,0.230769230769,0.019230769231,2,1,1,0,2,1,5,5,-,"1,5",5,0.260450542,0.260450542,0.260450542,17.912695,13.188043,no,yes
CURRENT_PLATFORM,13,3.000000000000,1.300000000000,50.700000000000,51,0.059171597633,3.900000000000,0.900000000000,0.230769230769,0.017751479290,6,4,4,0,6,4,"2,3,4,5","2,3,4,5",-,"1,2,3,4,5,6","2,3,4,5",0.562002146,0.299032806,0.429175412,17.912695,13.146943,no,yes
CURRENT_PLATFORM,14,3.000000000000,1.300000000000,54.600000000000,55,0.054945054945,3.900000000000,0.900000000000,0.230769230769,0.016483516484,3,2,2,0,3,2,"3,5","3,5",-,"1,3,5","3,5",0.433634986,0.392236373,0.412935679,17.912695,13.116990,no,yes
CURRENT_PLATFORM,15,3.000000000000,1.300000000000,58.500000000000,59,0.051282051282,3.900000000000,0.900000000000,0.230769230769,0.015384615385,4,2,2,0,4,2,"2,4","2,4",-,"1,2,4,7","2,4",0.409965976,0.240701218,0.325333597,17.912695,13.087241,no,yes
CURRENT_PLATFORM,16,3.000000000000,1.300000000000,62.400000000000,63,0.048076923077,3.900000000000,0.900000000000,0.230769230769,0.014423076923,4,3,3,0,4,3,"3,5,7","3,5,7",-,"1,3,5,7","3,5,7",0.427237171,0.110474601,0.280925236,17.912695,13.064600,no,yes
CURRENT_PLATFORM,17,3.000000000000,1.300000000000,66.300000000000,67,0.045248868778,3.900000000000,0.900000000000,0.230769230769,0.013574660633,8,6,6,0,8,6,"2,3,4,5,6,7","2,3,4,5,6,7",-,"1,2,3,4,5,6,7,8","2,3,4,5,6,7",0.347279298,0.160294589,0.253182860,17.912695,13.042077,no,yes
CURRENT_PLATFORM,18,3.000000000000,1.300000000000,70.200000000000,71,0.042735042735,3.900000000000,0.900000000000,0.230769230769,0.012820512821,3,2,2,0,3,2,"5,7","5,7",-,"1,5,7","5,7",0.231718600,0.178169874,0.204944237,17.912695,13.024361,no,yes
CURRENT_PLATFORM,19,3.000000000000,1.300000000000,74.100000000000,75,0.040485829960,3.900000000000,0.900000000000,0.230769230769,0.012145748988,9,6,6,0,9,6,"3,4,5,6,7,8","3,4,5,6,7,8",-,"1,2,3,4,5,6,7,8,9","3,4,5,6,7,8",0.344192682,0.102262030,0.224107818,17.912695,13.006718,no,yes
CURRENT_PLATFORM,20,3.000000000000,1.300000000000,78.000000000000,78,0.038461538462,3.900000000000,0.900000000000,0.230769230769,0.011538461538,4,3,3,0,4,2,"3,7,9","3,7,9",-,"1,3,7,9","3,7",0.289566105,0.160850866,0.225208485,17.912695,12.992479,no,yes
CURRENT_PLATFORM,21,3.000000000000,1.300000000000,81.900000000000,82,0.036630036630,3.900000000000,0.900000000000,0.230769230769,0.010989010989,6,3,3,0,6,3,"4,5,8","4,5,8",-,"1,2,4,5,8,10","4,5,8",0.265913178,0.118747840,0.198648256,17.912695,12.978287,no,yes
CURRENT_PLATFORM,22,3.000000000000,1.300000000000,85.800000000000,86,0.034965034965,3.900000000000,0.900000000000,0.230769230769,0.010489510490,5,4,4,0,5,4,"3,5,7,9","3,5,7,9",-,"1,3,5,7,9","3,5,7,9",0.287998209,0.116112862,0.172038832,17.912695,12.966592,no,yes
CURRENT_PLATFORM,23,3.000000000000,1.300000000000,89.700000000000,90,0.033444816054,3.900000000000,0.900000000000,0.230769230769,0.010033444816,11,8,8,0,11,7,"3,4,5,6,7,8,9,10","3,4,5,6,7,8,9,10",-,"1,2,3,4,5,6,7,8,9,10,11","3,4,5,6,7,8,9",0.248327053,0.110193668,0.164668858,17.912695,12.954928,no,yes
CURRENT_PLATFORM,24,3.000000000000,1.300000000000,93.600000000000,94,0.032051282051,3.900000000000,0.900000000000,0.230769230769,0.009615384615,4,2,2,0,4,2,"5,7","5,7",-,"1,5,7,11","5,7",0.184060710,0.147216271,0.165638491,17.912695,12.945152,no,yes
CURRENT_PLATFORM,25,3.000000000000,1.300000000000,97.500000000000,98,0.030769230769,3.900000000000,0.900000000000,0.230769230769,0.009230769231,10,7,7,0,10,4,"3,4,6,7,8,9,11","3,4,6,7,8,9,11",-,"1,2,3,4,6,7,8,9,11,12","4,6,7,8",0.247489098,0.134517647,0.184662818,17.912695,12.935397,no,yes
CURRENT_PLATFORM,26,3.000000000000,1.300000000000,101.400000000000,102,0.029585798817,3.900000000000,0.900000000000,0.230769230769,0.008875739645,6,5,5,0,6,3,"3,5,7,9,11","3,5,7,9,11",-,"1,3,5,7,9,11","5,7,9",0.217372202,0.109035671,0.162687674,17.912695,12.927103,no,yes
CURRENT_PLATFORM,27,3.000000000000,1.300000000000,105.300000000000,106,0.028490028490,3.900000000000,0.900000000000,0.230769230769,0.008547008547,9,6,6,0,9,3,"4,5,7,8,10,11","4,5,7,8,10,11",-,"1,2,4,5,7,8,10,11,13","4,7,8",0.196731386,0.102102002,0.134161235,17.912695,12.918824,no,yes
CURRENT_PLATFORM,28,3.000000000000,1.300000000000,109.200000000000,110,0.027472527473,3.900000000000,0.900000000000,0.230769230769,0.008241758242,6,3,3,0,6,1,"5,9,11","5,9,11",-,"1,3,5,9,11,13",9,0.216923000,0.216923000,0.216923000,17.912695,12.911698,no,yes
CURRENT_PLATFORM,29,3.000000000000,1.300000000000,113.100000000000,114,0.026525198939,3.900000000000,0.900000000000,0.230769230769,0.007957559682,14,10,10,0,14,4,"4,5,6,7,8,9,10,11,12,13","4,5,6,7,8,9,10,11,12,13",-,"1,2,3,4,5,6,7,8,9,10,11,12,13,14","5,6,7,10",0.193280296,0.115847709,0.158881540,17.912695,12.904584,no,yes
CURRENT_PLATFORM,30,3.000000000000,1.300000000000,117.000000000000,117,0.025641025641,3.900000000000,0.900000000000,0.230769230769,0.007692307692,4,3,3,0,4,0,"7,11,13","7,11,13",-,"1,7,11,13",-,0.000000000,0.000000000,0.000000000,17.912695,12.898396,no,no
CURRENT_PLATFORM,31,3.000000000000,1.300000000000,120.900000000000,121,0.024813895782,3.900000000000,0.900000000000,0.230769230769,0.007444168734,15,11,11,0,15,5,"4,5,6,7,8,9,10,11,12,13,14","4,5,6,7,8,9,10,11,12,13,14",-,"1,2,3,4,5,6,7,8,9,10,11,12,13,14,15","5,6,8,9,10",0.193049669,0.102730584,0.139770051,17.912695,12.892218,no,yes
CURRENT_PLATFORM,32,3.000000000000,1.300000000000,124.800000000000,125,0.024038461538,3.900000000000,0.900000000000,0.230769230769,0.007211538462,8,5,5,0,8,2,"5,7,9,11,13","5,7,9,11,13",-,"1,3,5,7,9,11,13,15","9,11",0.173996410,0.101531289,0.137763849,17.912695,12.886794,no,yes
CURRENT_PLATFORM,33,3.000000000000,1.300000000000,128.700000000000,129,0.023310023310,3.900000000000,0.900000000000,0.230769230769,0.006993006993,10,7,7,0,10,1,"4,5,7,8,10,13,14","4,5,7,8,10,13,14",-,"1,2,4,5,7,8,10,13,14,16",8,0.156101780,0.156101780,0.156101780,17.912695,12.881377,no,yes
CURRENT_PLATFORM,34,3.000000000000,1.300000000000,132.600000000000,133,0.022624434389,3.900000000000,0.900000000000,0.230769230769,0.006787330317,8,6,6,0,8,2,"5,7,9,11,13,15","5,7,9,11,13,15",-,"1,3,5,7,9,11,13,15","7,11",0.173893440,0.120103396,0.146998418,17.912695,12.876585,no,yes
CURRENT_PLATFORM,35,3.000000000000,1.300000000000,136.500000000000,137,0.021978021978,3.900000000000,0.900000000000,0.230769230769,0.006593406593,12,8,8,0,12,2,"4,6,8,9,11,12,13,16","4,6,8,9,11,12,13,16",-,"1,2,3,4,6,8,9,11,12,13,16,17","9,12",0.158211673,0.146045992,0.152128833,17.912695,12.871797,no,yes
CURRENT_PLATFORM,36,3.000000000000,1.300000000000,140.400000000000,141,0.021367521368,3.900000000000,0.900000000000,0.230769230769,0.006410256410,6,4,4,0,6,1,"5,7,11,13","5,7,11,13",-,"1,5,7,11,13,17",7,0.110014894,0.110014894,0.110014894,17.912695,12.867532,no,yes
CURRENT_PLATFORM,37,3.000000000000,1.300000000000,144.300000000000,145,0.020790020790,3.900000000000,0.900000000000,0.230769230769,0.006237006237,18,12,12,0,18,2,"5,6,7,8,9,10,11,12,13,14,15,16","5,6,7,8,9,10,11,12,13,14,15,16",-,"1,2,3,4,5,6,7,8,9,10,11,12,13,14,15,16,17,18","9,12",0.158185151,0.137206778,0.147695964,17.912695,12.863270,no,yes
CURRENT_PLATFORM,38,3.000000000000,1.300000000000,148.200000000000,149,0.020242914980,3.900000000000,0.900000000000,0.230769230769,0.006072874494,9,7,7,0,9,1,"5,7,9,11,13,15,17","5,7,9,11,13,15,17",-,"1,3,5,7,9,11,13,15,17",13,0.145052823,0.145052823,0.145052823,17.912695,12.859449,no,yes
CURRENT_PLATFORM,39,3.000000000000,1.300000000000,152.100000000000,153,0.019723865878,3.900000000000,0.900000000000,0.230769230769,0.005917159763,12,8,8,0,12,2,"5,7,8,10,11,14,16,17","5,7,8,10,11,14,16,17",-,"1,2,4,5,7,8,10,11,14,16,17,19","8,10",0.129376026,0.102310881,0.115843453,17.912695,12.855631,no,yes
CURRENT_PLATFORM,40,3.000000000000,1.300000000000,156.000000000000,156,0.019230769231,3.900000000000,0.900000000000,0.230769230769,0.005769230769,8,5,5,0,8,1,"7,9,11,13,17","7,9,11,13,17",-,"1,3,7,9,11,13,17,19",13,0.145072688,0.145072688,0.145072688,17.912695,12.852188,no,yes
CURRENT_PLATFORM,41,3.000000000000,1.300000000000,159.900000000000,160,0.018761726079,3.900000000000,0.900000000000,0.230769230769,0.005628517824,20,14,14,0,20,2,"5,6,7,8,9,10,11,12,13,14,15,16,17,18","5,6,7,8,9,10,11,12,13,14,15,16,17,18",-,"1,2,3,4,5,6,7,8,9,10,11,12,13,14,15,16,17,18,19,20","10,14",0.133914887,0.122390519,0.128152703,17.912695,12.848748,no,yes
CURRENT_PLATFORM,42,3.000000000000,1.300000000000,163.800000000000,164,0.018315018315,3.900000000000,0.900000000000,0.230769230769,0.005494505495,6,5,5,0,6,0,"5,11,13,17,19","5,11,13,17,19",-,"1,5,11,13,17,19",-,0.000000000,0.000000000,0.000000000,17.912695,12.845630,no,no
CURRENT_PLATFORM,43,3.000000000000,1.300000000000,167.700000000000,168,0.017889087657,3.900000000000,0.900000000000,0.230769230769,0.005366726297,21,15,15,0,21,2,"5,6,7,8,9,10,11,12,13,14,15,16,17,18,19","5,6,7,8,9,10,11,12,13,14,15,16,17,18,19",-,"1,2,3,4,5,6,7,8,9,10,11,12,13,14,15,16,17,18,19,20,21","11,14",0.133962912,0.116120451,0.125041682,17.912695,12.842515,no,yes
CURRENT_PLATFORM,44,3.000000000000,1.300000000000,171.600000000000,172,0.017482517483,3.900000000000,0.900000000000,0.230769230769,0.005244755245,10,7,7,0,10,1,"5,7,9,13,15,17,19","5,7,9,13,15,17,19",-,"1,3,5,7,9,13,15,17,19,21",15,0.124365489,0.124365489,0.124365489,17.912695,12.839678,no,yes
CURRENT_PLATFORM,45,3.000000000000,1.300000000000,175.500000000000,176,0.017094017094,3.900000000000,0.900000000000,0.230769230769,0.005128205128,12,8,8,0,12,1,"7,8,11,13,14,16,17,19","7,8,11,13,14,16,17,19",-,"1,2,4,7,8,11,13,14,16,17,19,22",11,0.110461295,0.110461295,0.110461295,17.912695,12.836843,no,yes
CURRENT_PLATFORM,46,3.000000000000,1.300000000000,179.400000000000,180,0.016722408027,3.900000000000,0.900000000000,0.230769230769,0.005016722408,11,8,8,0,11,1,"7,9,11,13,15,17,19,21","7,9,11,13,15,17,19,21",-,"1,3,5,7,9,11,13,15,17,19,21",15,0.124430341,0.124430341,0.124430341,17.912695,12.834250,no,yes
CURRENT_PLATFORM,47,3.000000000000,1.300000000000,183.300000000000,184,0.016366612111,3.900000000000,0.900000000000,0.230769230769,0.004909983633,23,16,16,0,23,2,"6,7,8,9,10,11,12,13,14,15,16,17,18,19,20,21","6,7,8,9,10,11,12,13,14,15,16,17,18,19,20,21",-,"1,2,3,4,5,6,7,8,9,10,11,12,13,14,15,16,17,18,19,20,21,22,23","12,16",0.116087392,0.105327938,0.110707665,17.912695,12.831660,no,yes
CURRENT_PLATFORM,48,3.000000000000,1.300000000000,187.200000000000,188,0.016025641026,3.900000000000,0.900000000000,0.230769230769,0.004807692308,8,5,5,0,8,0,"7,11,13,17,19","7,11,13,17,19",-,"1,5,7,11,13,17,19,23",-,0.000000000,0.000000000,0.000000000,17.912695,12.829282,no,no
CURRENT_PLATFORM,49,3.000000000000,1.300000000000,191.100000000000,192,0.015698587127,3.900000000000,0.900000000000,0.230769230769,0.004709576138,21,14,14,0,21,2,"6,8,9,10,11,12,13,15,16,17,18,19,20,22","6,8,9,10,11,12,13,15,16,17,18,19,20,22",-,"1,2,3,4,5,6,8,9,10,11,12,13,15,16,17,18,19,20,22,23,24","12,16",0.116161889,0.100650371,0.108406130,17.912695,12.826905,no,yes
CURRENT_PLATFORM,50,3.000000000000,1.300000000000,195.000000000000,195,0.015384615385,3.900000000000,0.900000000000,0.230769230769,0.004615384615,10,7,7,0,10,1,"7,9,11,13,17,19,21","7,9,11,13,17,19,21",-,"1,3,7,9,11,13,17,19,21,23",17,0.108842561,0.108842561,0.108842561,17.912695,12.824716,no,yes
CURRENT_PLATFORM,5,4.000000000000,1.000000000000,20.000000000000,20,0.200000000000,4.000000000000,0.000000000000,0.000000000000,0.000000000000,2,2,2,0,2,0,"1,2","1,2",-,"1,2",-,0.000000000,0.000000000,0.000000000,18.129134,14.139606,yes,no
CURRENT_PLATFORM,6,4.000000000000,1.000000000000,24.000000000000,24,0.166666666667,4.000000000000,0.000000000000,0.000000000000,0.000000000000,1,1,1,0,1,0,1,1,-,1,-,0.000000000,0.000000000,0.000000000,18.129134,13.948627,yes,no
CURRENT_PLATFORM,7,4.000000000000,1.000000000000,28.000000000000,28,0.142857142857,4.000000000000,0.000000000000,0.000000000000,0.000000000000,3,3,3,0,3,0,"1,2,3","1,2,3",-,"1,2,3",-,0.000000000,0.000000000,0.000000000,18.129134,13.765694,yes,no
CURRENT_PLATFORM,8,4.000000000000,1.000000000000,32.000000000000,32,0.125000000000,4.000000000000,0.000000000000,0.000000000000,0.000000000000,2,2,2,0,2,0,"1,3","1,3",-,"1,3",-,0.000000000,0.000000000,0.000000000,18.129134,13.666008,yes,no
CURRENT_PLATFORM,9,4.000000000000,1.000000000000,36.000000000000,36,0.111111111111,4.000000000000,0.000000000000,0.000000000000,0.000000000000,3,2,2,0,3,0,"2,4","2,4",-,"1,2,4",-,0.000000000,0.000000000,0.000000000,18.129134,13.568558,yes,no
CURRENT_PLATFORM,10,4.000000000000,1.000000000000,40.000000000000,40,0.100000000000,4.000000000000,0.000000000000,0.000000000000,0.000000000000,2,1,1,0,2,0,3,3,-,"1,3",-,0.000000000,0.000000000,0.000000000,18.129134,13.507297,yes,no
CURRENT_PLATFORM,11,4.000000000000,1.000000000000,44.000000000000,44,0.090909090909,4.000000000000,0.000000000000,0.000000000000,0.000000000000,5,4,4,0,5,0,"2,3,4,5","2,3,4,5",-,"1,2,3,4,5",-,0.000000000,0.000000000,0.000000000,18.129134,13.446889,yes,no
CURRENT_PLATFORM,12,4.000000000000,1.000000000000,48.000000000000,48,0.083333333333,4.000000000000,0.000000000000,0.000000000000,0.000000000000,2,1,1,0,2,0,5,5,-,"1,5",-,0.000000000,0.000000000,0.000000000,18.129134,13.405420,yes,no
CURRENT_PLATFORM,13,4.000000000000,1.000000000000,52.000000000000,52,0.076923076923,4.000000000000,0.000000000000,0.000000000000,0.000000000000,6,4,4,0,6,0,"2,3,4,5","2,3,4,5",-,"1,2,3,4,5,6",-,0.000000000,0.000000000,0.000000000,18.129134,13.364342,yes,no
CURRENT_PLATFORM,14,4.000000000000,1.000000000000,56.000000000000,56,0.071428571429,4.000000000000,0.000000000000,0.000000000000,0.000000000000,3,2,2,0,3,0,"3,5","3,5",-,"1,3,5",-,0.000000000,0.000000000,0.000000000,18.129134,13.334406,yes,no
CURRENT_PLATFORM,15,4.000000000000,1.000000000000,60.000000000000,60,0.066666666667,4.000000000000,0.000000000000,0.000000000000,0.000000000000,4,2,2,0,4,0,"2,4","2,4",-,"1,2,4,7",-,0.000000000,0.000000000,0.000000000,18.129134,13.304674,yes,no
CURRENT_PLATFORM,16,4.000000000000,1.000000000000,64.000000000000,64,0.062500000000,4.000000000000,0.000000000000,0.000000000000,0.000000000000,4,3,3,0,4,0,"3,5,7","3,5,7",-,"1,3,5,7",-,0.000000000,0.000000000,0.000000000,18.129134,13.282045,yes,no
CURRENT_PLATFORM,17,4.000000000000,1.000000000000,68.000000000000,68,0.058823529412,4.000000000000,0.000000000000,0.000000000000,0.000000000000,8,6,6,0,8,0,"2,3,4,5,6,7","2,3,4,5,6,7",-,"1,2,3,4,5,6,7,8",-,0.000000000,0.000000000,0.000000000,18.129134,13.259534,yes,no
CURRENT_PLATFORM,18,4.000000000000,1.000000000000,72.000000000000,72,0.055555555556,4.000000000000,0.000000000000,0.000000000000,0.000000000000,3,2,2,0,3,0,"5,7","5,7",-,"1,5,7",-,0.000000000,0.000000000,0.000000000,18.129134,13.241829,yes,no
CURRENT_PLATFORM,19,4.000000000000,1.000000000000,76.000000000000,76,0.052631578947,4.000000000000,0.000000000000,0.000000000000,0.000000000000,9,6,6,0,9,0,"3,4,5,6,7,8","3,4,5,6,7,8",-,"1,2,3,4,5,6,7,8,9",-,0.000000000,0.000000000,0.000000000,18.129134,13.224195,yes,no
CURRENT_PLATFORM,20,4.000000000000,1.000000000000,80.000000000000,80,0.050000000000,4.000000000000,0.000000000000,0.000000000000,0.000000000000,4,3,3,0,4,0,"3,7,9","3,7,9",-,"1,3,7,9",-,0.000000000,0.000000000,0.000000000,18.129134,13.209964,yes,no
CURRENT_PLATFORM,21,4.000000000000,1.000000000000,84.000000000000,84,0.047619047619,4.000000000000,0.000000000000,0.000000000000,0.000000000000,6,3,3,0,6,0,"4,5,8","4,5,8",-,"1,2,4,5,8,10",-,0.000000000,0.000000000,0.000000000,18.129134,13.195779,yes,no
CURRENT_PLATFORM,22,4.000000000000,1.000000000000,88.000000000000,88,0.045454545455,4.000000000000,0.000000000000,0.000000000000,0.000000000000,5,4,4,0,5,0,"3,5,7,9","3,5,7,9",-,"1,3,5,7,9",-,0.000000000,0.000000000,0.000000000,18.129134,13.184091,yes,no
CURRENT_PLATFORM,23,4.000000000000,1.000000000000,92.000000000000,92,0.043478260870,4.000000000000,0.000000000000,0.000000000000,0.000000000000,11,8,8,0,11,0,"3,4,5,6,7,8,9,10","3,4,5,6,7,8,9,10",-,"1,2,3,4,5,6,7,8,9,10,11",-,0.000000000,0.000000000,0.000000000,18.129134,13.172434,yes,no
CURRENT_PLATFORM,24,4.000000000000,1.000000000000,96.000000000000,96,0.041666666667,4.000000000000,0.000000000000,0.000000000000,0.000000000000,4,2,2,0,4,0,"5,7","5,7",-,"1,5,7,11",-,0.000000000,0.000000000,0.000000000,18.129134,13.162663,yes,no
CURRENT_PLATFORM,25,4.000000000000,1.000000000000,100.000000000000,100,0.040000000000,4.000000000000,0.000000000000,0.000000000000,0.000000000000,10,7,7,0,10,0,"3,4,6,7,8,9,11","3,4,6,7,8,9,11",-,"1,2,3,4,6,7,8,9,11,12",-,0.000000000,0.000000000,0.000000000,18.129134,13.152913,yes,no
CURRENT_PLATFORM,26,4.000000000000,1.000000000000,104.000000000000,104,0.038461538462,4.000000000000,0.000000000000,0.000000000000,0.000000000000,6,5,5,0,6,0,"3,5,7,9,11","3,5,7,9,11",-,"1,3,5,7,9,11",-,0.000000000,0.000000000,0.000000000,18.129134,13.144623,yes,no
CURRENT_PLATFORM,27,4.000000000000,1.000000000000,108.000000000000,108,0.037037037037,4.000000000000,0.000000000000,0.000000000000,0.000000000000,9,6,6,0,9,0,"4,5,7,8,10,11","4,5,7,8,10,11",-,"1,2,4,5,7,8,10,11,13",-,0.000000000,0.000000000,0.000000000,18.129134,13.136349,yes,no
CURRENT_PLATFORM,28,4.000000000000,1.000000000000,112.000000000000,112,0.035714285714,4.000000000000,0.000000000000,0.000000000000,0.000000000000,6,3,3,0,6,0,"5,9,11","5,9,11",-,"1,3,5,9,11,13",-,0.000000000,0.000000000,0.000000000,18.129134,13.129227,yes,no
CURRENT_PLATFORM,29,4.000000000000,1.000000000000,116.000000000000,116,0.034482758621,4.000000000000,0.000000000000,0.000000000000,0.000000000000,14,10,10,0,14,0,"4,5,6,7,8,9,10,11,12,13","4,5,6,7,8,9,10,11,12,13",-,"1,2,3,4,5,6,7,8,9,10,11,12,13,14",-,0.000000000,0.000000000,0.000000000,18.129134,13.122117,yes,no
CURRENT_PLATFORM,30,4.000000000000,1.000000000000,120.000000000000,120,0.033333333333,4.000000000000,0.000000000000,0.000000000000,0.000000000000,4,3,3,0,4,0,"7,11,13","7,11,13",-,"1,7,11,13",-,0.000000000,0.000000000,0.000000000,18.129134,13.115933,yes,no
CURRENT_PLATFORM,31,4.000000000000,1.000000000000,124.000000000000,124,0.032258064516,4.000000000000,0.000000000000,0.000000000000,0.000000000000,15,11,11,0,15,0,"4,5,6,7,8,9,10,11,12,13,14","4,5,6,7,8,9,10,11,12,13,14",-,"1,2,3,4,5,6,7,8,9,10,11,12,13,14,15",-,0.000000000,0.000000000,0.000000000,18.129134,13.109757,yes,no
CURRENT_PLATFORM,32,4.000000000000,1.000000000000,128.000000000000,128,0.031250000000,4.000000000000,0.000000000000,0.000000000000,0.000000000000,8,5,5,0,8,0,"5,7,9,11,13","5,7,9,11,13",-,"1,3,5,7,9,11,13,15",-,0.000000000,0.000000000,0.000000000,18.129134,13.104337,yes,no
CURRENT_PLATFORM,33,4.000000000000,1.000000000000,132.000000000000,132,0.030303030303,4.000000000000,0.000000000000,0.000000000000,0.000000000000,10,7,7,0,10,0,"4,5,7,8,10,13,14","4,5,7,8,10,13,14",-,"1,2,4,5,7,8,10,13,14,16",-,0.000000000,0.000000000,0.000000000,18.129134,13.098923,yes,no
CURRENT_PLATFORM,34,4.000000000000,1.000000000000,136.000000000000,136,0.029411764706,4.000000000000,0.000000000000,0.000000000000,0.000000000000,8,6,6,0,8,0,"5,7,9,11,13,15","5,7,9,11,13,15",-,"1,3,5,7,9,11,13,15",-,0.000000000,0.000000000,0.000000000,18.129134,13.094133,yes,no
CURRENT_PLATFORM,35,4.000000000000,1.000000000000,140.000000000000,140,0.028571428571,4.000000000000,0.000000000000,0.000000000000,0.000000000000,12,8,8,0,12,0,"4,6,8,9,11,12,13,16","4,6,8,9,11,12,13,16",-,"1,2,3,4,6,8,9,11,12,13,16,17",-,0.000000000,0.000000000,0.000000000,18.129134,13.089348,yes,no
CURRENT_PLATFORM,36,4.000000000000,1.000000000000,144.000000000000,144,0.027777777778,4.000000000000,0.000000000000,0.000000000000,0.000000000000,6,4,4,0,6,0,"5,7,11,13","5,7,11,13",-,"1,5,7,11,13,17",-,0.000000000,0.000000000,0.000000000,18.129134,13.085085,yes,no
CURRENT_PLATFORM,37,4.000000000000,1.000000000000,148.000000000000,148,0.027027027027,4.000000000000,0.000000000000,0.000000000000,0.000000000000,18,12,12,0,18,0,"5,6,7,8,9,10,11,12,13,14,15,16","5,6,7,8,9,10,11,12,13,14,15,16",-,"1,2,3,4,5,6,7,8,9,10,11,12,13,14,15,16,17,18",-,0.000000000,0.000000000,0.000000000,18.129134,13.080825,yes,no
CURRENT_PLATFORM,38,4.000000000000,1.000000000000,152.000000000000,152,0.026315789474,4.000000000000,0.000000000000,0.000000000000,0.000000000000,9,7,7,0,9,0,"5,7,9,11,13,15,17","5,7,9,11,13,15,17",-,"1,3,5,7,9,11,13,15,17",-,0.000000000,0.000000000,0.000000000,18.129134,13.077006,yes,no
CURRENT_PLATFORM,39,4.000000000000,1.000000000000,156.000000000000,156,0.025641025641,4.000000000000,0.000000000000,0.000000000000,0.000000000000,12,8,8,0,12,0,"5,7,8,10,11,14,16,17","5,7,8,10,11,14,16,17",-,"1,2,4,5,7,8,10,11,14,16,17,19",-,0.000000000,0.000000000,0.000000000,18.129134,13.073190,yes,no
CURRENT_PLATFORM,40,4.000000000000,1.000000000000,160.000000000000,160,0.025000000000,4.000000000000,0.000000000000,0.000000000000,0.000000000000,8,5,5,0,8,0,"7,9,11,13,17","7,9,11,13,17",-,"1,3,7,9,11,13,17,19",-,0.000000000,0.000000000,0.000000000,18.129134,13.069750,yes,no
CURRENT_PLATFORM,41,4.000000000000,1.000000000000,164.000000000000,164,0.024390243902,4.000000000000,0.000000000000,0.000000000000,0.000000000000,20,14,14,0,20,0,"5,6,7,8,9,10,11,12,13,14,15,16,17,18","5,6,7,8,9,10,11,12,13,14,15,16,17,18",-,"1,2,3,4,5,6,7,8,9,10,11,12,13,14,15,16,17,18,19,20",-,0.000000000,0.000000000,0.000000000,18.129134,13.066311,yes,no
CURRENT_PLATFORM,42,4.000000000000,1.000000000000,168.000000000000,168,0.023809523810,4.000000000000,0.000000000000,0.000000000000,0.000000000000,6,5,5,0,6,0,"5,11,13,17,19","5,11,13,17,19",-,"1,5,11,13,17,19",-,0.000000000,0.000000000,0.000000000,18.129134,13.063195,yes,no
CURRENT_PLATFORM,43,4.000000000000,1.000000000000,172.000000000000,172,0.023255813953,4.000000000000,0.000000000000,0.000000000000,0.000000000000,21,15,15,0,21,0,"5,6,7,8,9,10,11,12,13,14,15,16,17,18,19","5,6,7,8,9,10,11,12,13,14,15,16,17,18,19",-,"1,2,3,4,5,6,7,8,9,10,11,12,13,14,15,16,17,18,19,20,21",-,0.000000000,0.000000000,0.000000000,18.129134,13.060081,yes,no
CURRENT_PLATFORM,44,4.000000000000,1.000000000000,176.000000000000,176,0.022727272727,4.000000000000,0.000000000000,0.000000000000,0.000000000000,10,7,7,0,10,0,"5,7,9,13,15,17,19","5,7,9,13,15,17,19",-,"1,3,5,7,9,13,15,17,19,21",-,0.000000000,0.000000000,0.000000000,18.129134,13.057246,yes,no
CURRENT_PLATFORM,45,4.000000000000,1.000000000000,180.000000000000,180,0.022222222222,4.000000000000,0.000000000000,0.000000000000,0.000000000000,12,8,8,0,12,0,"7,8,11,13,14,16,17,19","7,8,11,13,14,16,17,19",-,"1,2,4,7,8,11,13,14,16,17,19,22",-,0.000000000,0.000000000,0.000000000,18.129134,13.054412,yes,no
CURRENT_PLATFORM,46,4.000000000000,1.000000000000,184.000000000000,184,0.021739130435,4.000000000000,0.000000000000,0.000000000000,0.000000000000,11,8,8,0,11,0,"7,9,11,13,15,17,19,21","7,9,11,13,15,17,19,21",-,"1,3,5,7,9,11,13,15,17,19,21",-,0.000000000,0.000000000,0.000000000,18.129134,13.051821,yes,no
CURRENT_PLATFORM,47,4.000000000000,1.000000000000,188.000000000000,188,0.021276595745,4.000000000000,0.000000000000,0.000000000000,0.000000000000,23,16,16,0,23,0,"6,7,8,9,10,11,12,13,14,15,16,17,18,19,20,21","6,7,8,9,10,11,12,13,14,15,16,17,18,19,20,21",-,"1,2,3,4,5,6,7,8,9,10,11,12,13,14,15,16,17,18,19,20,21,22,23",-,0.000000000,0.000000000,0.000000000,18.129134,13.049232,yes,no
CURRENT_PLATFORM,48,4.000000000000,1.000000000000,192.000000000000,192,0.020833333333,4.000000000000,0.000000000000,0.000000000000,0.000000000000,8,5,5,0,8,0,"7,11,13,17,19","7,11,13,17,19",-,"1,5,7,11,13,17,19,23",-,0.000000000,0.000000000,0.000000000,18.129134,13.046855,yes,no
CURRENT_PLATFORM,49,4.000000000000,1.000000000000,196.000000000000,196,0.020408163265,4.000000000000,0.000000000000,0.000000000000,0.000000000000,21,14,14,0,21,0,"6,8,9,10,11,12,13,15,16,17,18,19,20,22","6,8,9,10,11,12,13,15,16,17,18,19,20,22",-,"1,2,3,4,5,6,8,9,10,11,12,13,15,16,17,18,19,20,22,23,24",-,0.000000000,0.000000000,0.000000000,18.129134,13.044480,yes,no
CURRENT_PLATFORM,50,4.000000000000,1.000000000000,200.000000000000,200,0.020000000000,4.000000000000,0.000000000000,0.000000000000,0.000000000000,10,7,7,0,10,0,"7,9,11,13,17,19,21","7,9,11,13,17,19,21",-,"1,3,7,9,11,13,17,19,21,23",-,0.000000000,0.000000000,0.000000000,18.129134,13.042292,yes,no
CURRENT_PLATFORM,5,4.000000000000,1.020000000000,20.400000000000,21,0.196078431373,4.080000000000,0.080000000000,0.019607843137,0.003921568627,2,2,2,0,2,2,"1,2","1,2",-,"1,2","1,2",0.365026567,0.150435200,0.257730884,18.298542,14.309406,no,yes
CURRENT_PLATFORM,6,4.000000000000,1.020000000000,24.480000000000,25,0.163398692810,4.080000000000,0.080000000000,0.019607843137,0.003267973856,1,1,1,0,1,1,1,1,-,1,1,0.265454655,0.265454655,0.265454655,18.298542,14.118509,no,yes
CURRENT_PLATFORM,7,4.000000000000,1.020000000000,28.560000000000,29,0.140056022409,4.080000000000,0.080000000000,0.019607843137,0.002801120448,3,3,3,0,3,2,"1,2,3","1,2,3",-,"1,2,3","1,2",0.199487181,0.125093932,0.162290557,18.298542,13.935651,no,yes
CURRENT_PLATFORM,8,4.000000000000,1.020000000000,32.640000000000,33,0.122549019608,4.080000000000,0.080000000000,0.019607843137,0.002450980392,2,2,2,0,2,1,"1,3","1,3",-,"1,3",1,0.154531039,0.154531039,0.154531039,18.298542,13.836008,no,yes
CURRENT_PLATFORM,9,4.000000000000,1.020000000000,36.720000000000,37,0.108932461874,4.080000000000,0.080000000000,0.019607843137,0.002178649237,3,2,2,0,3,0,"2,4","2,4",-,"1,2,4",-,0.000000000,0.000000000,0.000000000,18.298542,13.738599,no,no
CURRENT_PLATFORM,10,4.000000000000,1.020000000000,40.800000000000,41,0.098039215686,4.080000000000,0.080000000000,0.019607843137,0.001960784314,2,1,1,0,2,0,3,3,-,"1,3",-,0.000000000,0.000000000,0.000000000,18.298542,13.677364,no,no
CURRENT_PLATFORM,11,4.000000000000,1.020000000000,44.880000000000,45,0.089126559715,4.080000000000,0.080000000000,0.019607843137,0.001782531194,5,4,4,0,5,0,"2,3,4,5","2,3,4,5",-,"1,2,3,4,5",-,0.000000000,0.000000000,0.000000000,18.298542,13.616981,no,no
CURRENT_PLATFORM,12,4.000000000000,1.020000000000,48.960000000000,49,0.081699346405,4.080000000000,0.080000000000,0.019607843137,0.001633986928,2,1,1,0,2,0,5,5,-,"1,5",-,0.000000000,0.000000000,0.000000000,18.298542,13.575529,no,no
CURRENT_PLATFORM,13,4.000000000000,1.020000000000,53.040000000000,54,0.075414781297,4.080000000000,0.080000000000,0.019607843137,0.001508295626,6,4,4,0,6,0,"2,3,4,5","2,3,4,5",-,"1,2,3,4,5,6",-,0.000000000,0.000000000,0.000000000,18.298542,13.534469,no,no
CURRENT_PLATFORM,14,4.000000000000,1.020000000000,57.120000000000,58,0.070028011204,4.080000000000,0.080000000000,0.019607843137,0.001400560224,3,2,2,0,3,0,"3,5","3,5",-,"1,3,5",-,0.000000000,0.000000000,0.000000000,18.298542,13.504545,no,no
CURRENT_PLATFORM,15,4.000000000000,1.020000000000,61.200000000000,62,0.065359477124,4.080000000000,0.080000000000,0.019607843137,0.001307189542,4,2,2,0,4,0,"2,4","2,4",-,"1,2,4,7",-,0.000000000,0.000000000,0.000000000,18.298542,13.474825,no,no
CURRENT_PLATFORM,16,4.000000000000,1.020000000000,65.280000000000,66,0.061274509804,4.080000000000,0.080000000000,0.019607843137,0.001225490196,4,3,3,0,4,0,"3,5,7","3,5,7",-,"1,3,5,7",-,0.000000000,0.000000000,0.000000000,18.298542,13.452206,no,no
CURRENT_PLATFORM,17,4.000000000000,1.020000000000,69.360000000000,70,0.057670126874,4.080000000000,0.080000000000,0.019607843137,0.001153402537,8,6,6,0,8,0,"2,3,4,5,6,7","2,3,4,5,6,7",-,"1,2,3,4,5,6,7,8",-,0.000000000,0.000000000,0.000000000,18.298542,13.429704,no,no
CURRENT_PLATFORM,18,4.000000000000,1.020000000000,73.440000000000,74,0.054466230937,4.080000000000,0.080000000000,0.019607843137,0.001089324619,3,2,2,0,3,0,"5,7","5,7",-,"1,5,7",-,0.000000000,0.000000000,0.000000000,18.298542,13.412006,no,no
CURRENT_PLATFORM,19,4.000000000000,1.020000000000,77.520000000000,78,0.051599587203,4.080000000000,0.080000000000,0.019607843137,0.001031991744,9,6,6,0,9,0,"3,4,5,6,7,8","3,4,5,6,7,8",-,"1,2,3,4,5,6,7,8,9",-,0.000000000,0.000000000,0.000000000,18.298542,13.394380,no,no
CURRENT_PLATFORM,20,4.000000000000,1.020000000000,81.600000000000,82,0.049019607843,4.080000000000,0.080000000000,0.019607843137,0.000980392157,4,3,3,0,4,0,"3,7,9","3,7,9",-,"1,3,7,9",-,0.000000000,0.000000000,0.000000000,18.298542,13.380155,no,no
CURRENT_PLATFORM,21,4.000000000000,1.020000000000,85.680000000000,86,0.046685340803,4.080000000000,0.080000000000,0.019607843137,0.000933706816,6,3,3,0,6,0,"4,5,8","4,5,8",-,"1,2,4,5,8,10",-,0.000000000,0.000000000,0.000000000,18.298542,13.365976,no,no
CURRENT_PLATFORM,22,4.000000000000,1.020000000000,89.760000000000,90,0.044563279857,4.080000000000,0.080000000000,0.019607843137,0.000891265597,5,4,4,0,5,0,"3,5,7,9","3,5,7,9",-,"1,3,5,7,9",-,0.000000000,0.000000000,0.000000000,18.298542,13.354292,no,no
CURRENT_PLATFORM,23,4.000000000000,1.020000000000,93.840000000000,94,0.042625745951,4.080000000000,0.080000000000,0.019607843137,0.000852514919,11,8,8,0,11,0,"3,4,5,6,7,8,9,10","3,4,5,6,7,8,9,10",-,"1,2,3,4,5,6,7,8,9,10,11",-,0.000000000,0.000000000,0.000000000,18.298542,13.342640,no,no
CURRENT_PLATFORM,24,4.000000000000,1.020000000000,97.920000000000,98,0.040849673203,4.080000000000,0.080000000000,0.019607843137,0.000816993464,4,2,2,0,4,0,"5,7","5,7",-,"1,5,7,11",-,0.000000000,0.000000000,0.000000000,18.298542,13.332873,no,no
CURRENT_PLATFORM,25,4.000000000000,1.020000000000,102.000000000000,102,0.039215686275,4.080000000000,0.080000000000,0.019607843137,0.000784313725,10,7,7,0,10,0,"3,4,6,7,8,9,11","3,4,6,7,8,9,11",-,"1,2,3,4,6,7,8,9,11,12",-,0.000000000,0.000000000,0.000000000,18.298542,13.323127,no,no
CURRENT_PLATFORM,26,4.000000000000,1.020000000000,106.080000000000,107,0.037707390649,4.080000000000,0.080000000000,0.019607843137,0.000754147813,6,5,5,0,6,0,"3,5,7,9,11","3,5,7,9,11",-,"1,3,5,7,9,11",-,0.000000000,0.000000000,0.000000000,18.298542,13.314841,no,no
CURRENT_PLATFORM,27,4.000000000000,1.020000000000,110.160000000000,111,0.036310820625,4.080000000000,0.080000000000,0.019607843137,0.000726216412,9,6,6,0,9,0,"4,5,7,8,10,11","4,5,7,8,10,11",-,"1,2,4,5,7,8,10,11,13",-,0.000000000,0.000000000,0.000000000,18.298542,13.306570,no,no
CURRENT_PLATFORM,28,4.000000000000,1.020000000000,114.240000000000,115,0.035014005602,4.080000000000,0.080000000000,0.019607843137,0.000700280112,6,3,3,0,6,0,"5,9,11","5,9,11",-,"1,3,5,9,11,13",-,0.000000000,0.000000000,0.000000000,18.298542,13.299451,no,no
CURRENT_PLATFORM,29,4.000000000000,1.020000000000,118.320000000000,119,0.033806626099,4.080000000000,0.080000000000,0.019607843137,0.000676132522,14,10,10,0,14,0,"4,5,6,7,8,9,10,11,12,13","4,5,6,7,8,9,10,11,12,13",-,"1,2,3,4,5,6,7,8,9,10,11,12,13,14",-,0.000000000,0.000000000,0.000000000,18.298542,13.292344,no,no
CURRENT_PLATFORM,30,4.000000000000,1.020000000000,122.400000000000,123,0.032679738562,4.080000000000,0.080000000000,0.019607843137,0.000653594771,4,3,3,0,4,0,"7,11,13","7,11,13",-,"1,7,11,13",-,0.000000000,0.000000000,0.000000000,18.298542,13.286162,no,no
CURRENT_PLATFORM,31,4.000000000000,1.020000000000,126.480000000000,127,0.031625553447,4.080000000000,0.080000000000,0.019607843137,0.000632511069,15,11,11,0,15,0,"4,5,6,7,8,9,10,11,12,13,14","4,5,6,7,8,9,10,11,12,13,14",-,"1,2,3,4,5,6,7,8,9,10,11,12,13,14,15",-,0.000000000,0.000000000,0.000000000,18.298542,13.279989,no,no
CURRENT_PLATFORM,32,4.000000000000,1.020000000000,130.560000000000,131,0.030637254902,4.080000000000,0.080000000000,0.019607843137,0.000612745098,8,5,5,0,8,0,"5,7,9,11,13","5,7,9,11,13",-,"1,3,5,7,9,11,13,15",-,0.000000000,0.000000000,0.000000000,18.298542,13.274570,no,no
CURRENT_PLATFORM,33,4.000000000000,1.020000000000,134.640000000000,135,0.029708853238,4.080000000000,0.080000000000,0.019607843137,0.000594177065,10,7,7,0,10,0,"4,5,7,8,10,13,14","4,5,7,8,10,13,14",-,"1,2,4,5,7,8,10,13,14,16",-,0.000000000,0.000000000,0.000000000,18.298542,13.269159,no,no
CURRENT_PLATFORM,34,4.000000000000,1.020000000000,138.720000000000,139,0.028835063437,4.080000000000,0.080000000000,0.019607843137,0.000576701269,8,6,6,0,8,0,"5,7,9,11,13,15","5,7,9,11,13,15",-,"1,3,5,7,9,11,13,15",-,0.000000000,0.000000000,0.000000000,18.298542,13.264371,no,no
CURRENT_PLATFORM,35,4.000000000000,1.020000000000,142.800000000000,143,0.028011204482,4.080000000000,0.080000000000,0.019607843137,0.000560224090,12,8,8,0,12,0,"4,6,8,9,11,12,13,16","4,6,8,9,11,12,13,16",-,"1,2,3,4,6,8,9,11,12,13,16,17",-,0.000000000,0.000000000,0.000000000,18.298542,13.259588,no,no
CURRENT_PLATFORM,36,4.000000000000,1.020000000000,146.880000000000,147,0.027233115468,4.080000000000,0.080000000000,0.019607843137,0.000544662309,6,4,4,0,6,0,"5,7,11,13","5,7,11,13",-,"1,5,7,11,13,17",-,0.000000000,0.000000000,0.000000000,18.298542,13.255326,no,no
CURRENT_PLATFORM,37,4.000000000000,1.020000000000,150.960000000000,151,0.026497085321,4.080000000000,0.080000000000,0.019607843137,0.000529941706,18,12,12,0,18,0,"5,6,7,8,9,10,11,12,13,14,15,16","5,6,7,8,9,10,11,12,13,14,15,16",-,"1,2,3,4,5,6,7,8,9,10,11,12,13,14,15,16,17,18",-,0.000000000,0.000000000,0.000000000,18.298542,13.251069,no,no
CURRENT_PLATFORM,38,4.000000000000,1.020000000000,155.040000000000,156,0.025799793602,4.080000000000,0.080000000000,0.019607843137,0.000515995872,9,7,7,0,9,0,"5,7,9,11,13,15,17","5,7,9,11,13,15,17",-,"1,3,5,7,9,11,13,15,17",-,0.000000000,0.000000000,0.000000000,18.298542,13.247251,no,no
CURRENT_PLATFORM,39,4.000000000000,1.020000000000,159.120000000000,160,0.025138260432,4.080000000000,0.080000000000,0.019607843137,0.000502765209,12,8,8,0,12,0,"5,7,8,10,11,14,16,17","5,7,8,10,11,14,16,17",-,"1,2,4,5,7,8,10,11,14,16,17,19",-,0.000000000,0.000000000,0.000000000,18.298542,13.243437,no,no
CURRENT_PLATFORM,40,4.000000000000,1.020000000000,163.200000000000,164,0.024509803922,4.080000000000,0.080000000000,0.019607843137,0.000490196078,8,5,5,0,8,0,"7,9,11,13,17","7,9,11,13,17",-,"1,3,7,9,11,13,17,19",-,0.000000000,0.000000000,0.000000000,18.298542,13.239997,no,no
CURRENT_PLATFORM,41,4.000000000000,1.020000000000,167.280000000000,168,0.023912003826,4.080000000000,0.080000000000,0.019607843137,0.000478240077,20,14,14,0,20,0,"5,6,7,8,9,10,11,12,13,14,15,16,17,18","5,6,7,8,9,10,11,12,13,14,15,16,17,18",-,"1,2,3,4,5,6,7,8,9,10,11,12,13,14,15,16,17,18,19,20",-,0.000000000,0.000000000,0.000000000,18.298542,13.236560,no,no
CURRENT_PLATFORM,42,4.000000000000,1.020000000000,171.360000000000,172,0.023342670401,4.080000000000,0.080000000000,0.019607843137,0.000466853408,6,5,5,0,6,0,"5,11,13,17,19","5,11,13,17,19",-,"1,5,11,13,17,19",-,0.000000000,0.000000000,0.000000000,18.298542,13.233445,no,no
CURRENT_PLATFORM,43,4.000000000000,1.020000000000,175.440000000000,176,0.022799817601,4.080000000000,0.080000000000,0.019607843137,0.000455996352,21,15,15,0,21,0,"5,6,7,8,9,10,11,12,13,14,15,16,17,18,19","5,6,7,8,9,10,11,12,13,14,15,16,17,18,19",-,"1,2,3,4,5,6,7,8,9,10,11,12,13,14,15,16,17,18,19,20,21",-,0.000000000,0.000000000,0.000000000,18.298542,13.230333,no,no
CURRENT_PLATFORM,44,4.000000000000,1.020000000000,179.520000000000,180,0.022281639929,4.080000000000,0.080000000000,0.019607843137,0.000445632799,10,7,7,0,10,0,"5,7,9,13,15,17,19","5,7,9,13,15,17,19",-,"1,3,5,7,9,13,15,17,19,21",-,0.000000000,0.000000000,0.000000000,18.298542,13.227499,no,no
CURRENT_PLATFORM,45,4.000000000000,1.020000000000,183.600000000000,184,0.021786492375,4.080000000000,0.080000000000,0.019607843137,0.000435729847,12,8,8,0,12,0,"7,8,11,13,14,16,17,19","7,8,11,13,14,16,17,19",-,"1,2,4,7,8,11,13,14,16,17,19,22",-,0.000000000,0.000000000,0.000000000,18.298542,13.224666,no,no
CURRENT_PLATFORM,46,4.000000000000,1.020000000000,187.680000000000,188,0.021312872975,4.080000000000,0.080000000000,0.019607843137,0.000426257460,11,8,8,0,11,0,"7,9,11,13,15,17,19,21","7,9,11,13,15,17,19,21",-,"1,3,5,7,9,11,13,15,17,19,21",-,0.000000000,0.000000000,0.000000000,18.298542,13.222076,no,no
CURRENT_PLATFORM,47,4.000000000000,1.020000000000,191.760000000000,192,0.020859407593,4.080000000000,0.080000000000,0.019607843137,0.000417188152,23,16,16,0,23,0,"6,7,8,9,10,11,12,13,14,15,16,17,18,19,20,21","6,7,8,9,10,11,12,13,14,15,16,17,18,19,20,21",-,"1,2,3,4,5,6,7,8,9,10,11,12,13,14,15,16,17,18,19,20,21,22,23",-,0.000000000,0.000000000,0.000000000,18.298542,13.219488,no,no
CURRENT_PLATFORM,48,4.000000000000,1.020000000000,195.840000000000,196,0.020424836601,4.080000000000,0.080000000000,0.019607843137,0.000408496732,8,5,5,0,8,0,"7,11,13,17,19","7,11,13,17,19",-,"1,5,7,11,13,17,19,23",-,0.000000000,0.000000000,0.000000000,18.298542,13.217112,no,no
CURRENT_PLATFORM,49,4.000000000000,1.020000000000,199.920000000000,200,0.020008003201,4.080000000000,0.080000000000,0.019607843137,0.000400160064,21,14,14,0,21,0,"6,8,9,10,11,12,13,15,16,17,18,19,20,22","6,8,9,10,11,12,13,15,16,17,18,19,20,22",-,"1,2,3,4,5,6,8,9,10,11,12,13,15,16,17,18,19,20,22,23,24",-,0.000000000,0.000000000,0.000000000,18.298542,13.214738,no,no
CURRENT_PLATFORM,50,4.000000000000,1.020000000000,204.000000000000,204,0.019607843137,4.080000000000,0.080000000000,0.019607843137,0.000392156863,10,7,7,0,10,0,"7,9,11,13,17,19,21","7,9,11,13,17,19,21",-,"1,3,7,9,11,13,17,19,21,23",-,0.000000000,0.000000000,0.000000000,18.298542,13.212551,no,no
CURRENT_PLATFORM,5,4.000000000000,1.050000000000,21.000000000000,21,0.190476190476,4.200000000000,0.200000000000,0.047619047619,0.009523809524,2,2,2,0,2,2,"1,2","1,2",-,"1,2","1,2",0.882323124,0.363828339,0.623075731,18.546703,14.558113,no,yes
CURRENT_PLATFORM,6,4.000000000000,1.050000000000,25.200000000000,26,0.158730158730,4.200000000000,0.200000000000,0.047619047619,0.007936507937,1,1,1,0,1,1,1,1,-,1,1,0.640101588,0.640101588,0.640101588,18.546703,14.367331,no,yes
CURRENT_PLATFORM,7,4.000000000000,1.050000000000,29.400000000000,30,0.136054421769,4.200000000000,0.200000000000,0.047619047619,0.006802721088,3,3,3,0,3,3,"1,2,3","1,2,3",-,"1,2,3","1,2,3",0.480292302,0.160102447,0.314704903,18.546703,14.184579,no,yes
CURRENT_PLATFORM,8,4.000000000000,1.050000000000,33.600000000000,34,0.119047619048,4.200000000000,0.200000000000,0.047619047619,0.005952380952,2,2,2,0,2,2,"1,3","1,3",-,"1,3","1,3",0.371664086,0.176740986,0.274202536,18.546703,14.084995,no,yes
CURRENT_PLATFORM,9,4.000000000000,1.050000000000,37.800000000000,38,0.105820105820,4.200000000000,0.200000000000,0.047619047619,0.005291005291,3,2,2,0,3,1,"2,4","2,4",-,"1,2,4",2,0.184183826,0.184183826,0.184183826,18.546703,13.987643,no,yes
CURRENT_PLATFORM,10,4.000000000000,1.050000000000,42.000000000000,42,0.095238095238,4.200000000000,0.200000000000,0.047619047619,0.004761904762,2,1,1,0,2,1,3,3,-,"1,3",3,0.169219301,0.169219301,0.169219301,18.546703,13.926444,no,yes
CURRENT_PLATFORM,11,4.000000000000,1.050000000000,46.200000000000,47,0.086580086580,4.200000000000,0.200000000000,0.047619047619,0.004329004329,5,4,4,0,5,3,"2,3,4,5","2,3,4,5",-,"1,2,3,4,5","2,3,4",0.132238484,0.113423519,0.121240201,18.546703,13.866096,no,yes
CURRENT_PLATFORM,12,4.000000000000,1.050000000000,50.400000000000,51,0.079365079365,4.200000000000,0.200000000000,0.047619047619,0.003968253968,2,1,1,0,2,0,5,5,-,"1,5",-,0.000000000,0.000000000,0.000000000,18.546703,13.824669,no,no
CURRENT_PLATFORM,13,4.000000000000,1.050000000000,54.600000000000,55,0.073260073260,4.200000000000,0.200000000000,0.047619047619,0.003663003663,6,4,4,0,6,2,"2,3,4,5","2,3,4,5",-,"1,2,3,4,5,6","3,4",0.116445481,0.103150767,0.109798124,18.546703,13.783633,no,yes
CURRENT_PLATFORM,14,4.000000000000,1.050000000000,58.800000000000,59,0.068027210884,4.200000000000,0.200000000000,0.047619047619,0.003401360544,3,2,2,0,3,0,"3,5","3,5",-,"1,3,5",-,0.000000000,0.000000000,0.000000000,18.546703,13.753726,no,no
CURRENT_PLATFORM,15,4.000000000000,1.050000000000,63.000000000000,63,0.063492063492,4.200000000000,0.200000000000,0.047619047619,0.003174603175,4,2,2,0,4,0,"2,4","2,4",-,"1,2,4,7",-,0.000000000,0.000000000,0.000000000,18.546703,13.724023,no,no
CURRENT_PLATFORM,16,4.000000000000,1.050000000000,67.200000000000,68,0.059523809524,4.200000000000,0.200000000000,0.047619047619,0.002976190476,4,3,3,0,4,0,"3,5,7","3,5,7",-,"1,3,5,7",-,0.000000000,0.000000000,0.000000000,18.546703,13.701418,no,no
CURRENT_PLATFORM,17,4.000000000000,1.050000000000,71.400000000000,72,0.056022408964,4.200000000000,0.200000000000,0.047619047619,0.002801120448,8,6,6,0,8,0,"2,3,4,5,6,7","2,3,4,5,6,7",-,"1,2,3,4,5,6,7,8",-,0.000000000,0.000000000,0.000000000,18.546703,13.678929,no,no
CURRENT_PLATFORM,18,4.000000000000,1.050000000000,75.600000000000,76,0.052910052910,4.200000000000,0.200000000000,0.047619047619,0.002645502646,3,2,2,0,3,0,"5,7","5,7",-,"1,5,7",-,0.000000000,0.000000000,0.000000000,18.546703,13.661241,no,no
CURRENT_PLATFORM,19,4.000000000000,1.050000000000,79.800000000000,80,0.050125313283,4.200000000000,0.200000000000,0.047619047619,0.002506265664,9,6,6,0,9,0,"3,4,5,6,7,8","3,4,5,6,7,8",-,"1,2,3,4,5,6,7,8,9",-,0.000000000,0.000000000,0.000000000,18.546703,13.643625,no,no
CURRENT_PLATFORM,20,4.000000000000,1.050000000000,84.000000000000,84,0.047619047619,4.200000000000,0.200000000000,0.047619047619,0.002380952381,4,3,3,0,4,0,"3,7,9","3,7,9",-,"1,3,7,9",-,0.000000000,0.000000000,0.000000000,18.546703,13.629408,no,no
CURRENT_PLATFORM,21,4.000000000000,1.050000000000,88.200000000000,89,0.045351473923,4.200000000000,0.200000000000,0.047619047619,0.002267573696,6,3,3,0,6,0,"4,5,8","4,5,8",-,"1,2,4,5,8,10",-,0.000000000,0.000000000,0.000000000,18.546703,13.615237,no,no
CURRENT_PLATFORM,22,4.000000000000,1.050000000000,92.400000000000,93,0.043290043290,4.200000000000,0.200000000000,0.047619047619,0.002164502165,5,4,4,0,5,0,"3,5,7,9","3,5,7,9",-,"1,3,5,7,9",-,0.000000000,0.000000000,0.000000000,18.546703,13.603560,no,no
CURRENT_PLATFORM,23,4.000000000000,1.050000000000,96.600000000000,97,0.041407867495,4.200000000000,0.200000000000,0.047619047619,0.002070393375,11,8,8,0,11,0,"3,4,5,6,7,8,9,10","3,4,5,6,7,8,9,10",-,"1,2,3,4,5,6,7,8,9,10,11",-,0.000000000,0.000000000,0.000000000,18.546703,13.591914,no,no
CURRENT_PLATFORM,24,4.000000000000,1.050000000000,100.800000000000,101,0.039682539683,4.200000000000,0.200000000000,0.047619047619,0.001984126984,4,2,2,0,4,0,"5,7","5,7",-,"1,5,7,11",-,0.000000000,0.000000000,0.000000000,18.546703,13.582153,no,no
CURRENT_PLATFORM,25,4.000000000000,1.050000000000,105.000000000000,105,0.038095238095,4.200000000000,0.200000000000,0.047619047619,0.001904761905,10,7,7,0,10,0,"3,4,6,7,8,9,11","3,4,6,7,8,9,11",-,"1,2,3,4,6,7,8,9,11,12",-,0.000000000,0.000000000,0.000000000,18.546703,13.572413,no,no
CURRENT_PLATFORM,26,4.000000000000,1.050000000000,109.200000000000,110,0.036630036630,4.200000000000,0.200000000000,0.047619047619,0.001831501832,6,5,5,0,6,0,"3,5,7,9,11","3,5,7,9,11",-,"1,3,5,7,9,11",-,0.000000000,0.000000000,0.000000000,18.546703,13.564131,no,no
CURRENT_PLATFORM,27,4.000000000000,1.050000000000,113.400000000000,114,0.035273368607,4.200000000000,0.200000000000,0.047619047619,0.001763668430,9,6,6,0,9,0,"4,5,7,8,10,11","4,5,7,8,10,11",-,"1,2,4,5,7,8,10,11,13",-,0.000000000,0.000000000,0.000000000,18.546703,13.555865,no,no
CURRENT_PLATFORM,28,4.000000000000,1.050000000000,117.600000000000,118,0.034013605442,4.200000000000,0.200000000000,0.047619047619,0.001700680272,6,3,3,0,6,0,"5,9,11","5,9,11",-,"1,3,5,9,11,13",-,0.000000000,0.000000000,0.000000000,18.546703,13.548750,no,no
CURRENT_PLATFORM,29,4.000000000000,1.050000000000,121.800000000000,122,0.032840722496,4.200000000000,0.200000000000,0.047619047619,0.001642036125,14,10,10,0,14,0,"4,5,6,7,8,9,10,11,12,13","4,5,6,7,8,9,10,11,12,13",-,"1,2,3,4,5,6,7,8,9,10,11,12,13,14",-,0.000000000,0.000000000,0.000000000,18.546703,13.541647,no,no
CURRENT_PLATFORM,30,4.000000000000,1.050000000000,126.000000000000,126,0.031746031746,4.200000000000,0.200000000000,0.047619047619,0.001587301587,4,3,3,0,4,0,"7,11,13","7,11,13",-,"1,7,11,13",-,0.000000000,0.000000000,0.000000000,18.546703,13.535468,no,no
CURRENT_PLATFORM,31,4.000000000000,1.050000000000,130.200000000000,131,0.030721966206,4.200000000000,0.200000000000,0.047619047619,0.001536098310,15,11,11,0,15,0,"4,5,6,7,8,9,10,11,12,13,14","4,5,6,7,8,9,10,11,12,13,14",-,"1,2,3,4,5,6,7,8,9,10,11,12,13,14,15",-,0.000000000,0.000000000,0.000000000,18.546703,13.529299,no,no
CURRENT_PLATFORM,32,4.000000000000,1.050000000000,134.400000000000,135,0.029761904762,4.200000000000,0.200000000000,0.047619047619,0.001488095238,8,5,5,0,8,0,"5,7,9,11,13","5,7,9,11,13",-,"1,3,5,7,9,11,13,15",-,0.000000000,0.000000000,0.000000000,18.546703,13.523883,no,no
CURRENT_PLATFORM,33,4.000000000000,1.050000000000,138.600000000000,139,0.028860028860,4.200000000000,0.200000000000,0.047619047619,0.001443001443,10,7,7,0,10,0,"4,5,7,8,10,13,14","4,5,7,8,10,13,14",-,"1,2,4,5,7,8,10,13,14,16",-,0.000000000,0.000000000,0.000000000,18.546703,13.518475,no,no
CURRENT_PLATFORM,34,4.000000000000,1.050000000000,142.800000000000,143,0.028011204482,4.200000000000,0.200000000000,0.047619047619,0.001400560224,8,6,6,0,8,0,"5,7,9,11,13,15","5,7,9,11,13,15",-,"1,3,5,7,9,11,13,15",-,0.000000000,0.000000000,0.000000000,18.546703,13.513690,no,no
CURRENT_PLATFORM,35,4.000000000000,1.050000000000,147.000000000000,147,0.027210884354,4.200000000000,0.200000000000,0.047619047619,0.001360544218,12,8,8,0,12,0,"4,6,8,9,11,12,13,16","4,6,8,9,11,12,13,16",-,"1,2,3,4,6,8,9,11,12,13,16,17",-,0.000000000,0.000000000,0.000000000,18.546703,13.508909,no,no
CURRENT_PLATFORM,36,4.000000000000,1.050000000000,151.200000000000,152,0.026455026455,4.200000000000,0.200000000000,0.047619047619,0.001322751323,6,4,4,0,6,0,"5,7,11,13","5,7,11,13",-,"1,5,7,11,13,17",-,0.000000000,0.000000000,0.000000000,18.546703,13.504650,no,no
CURRENT_PLATFORM,37,4.000000000000,1.050000000000,155.400000000000,156,0.025740025740,4.200000000000,0.200000000000,0.047619047619,0.001287001287,18,12,12,0,18,0,"5,6,7,8,9,10,11,12,13,14,15,16","5,6,7,8,9,10,11,12,13,14,15,16",-,"1,2,3,4,5,6,7,8,9,10,11,12,13,14,15,16,17,18",-,0.000000000,0.000000000,0.000000000,18.546703,13.500395,no,no
CURRENT_PLATFORM,38,4.000000000000,1.050000000000,159.600000000000,160,0.025062656642,4.200000000000,0.200000000000,0.047619047619,0.001253132832,9,7,7,0,9,0,"5,7,9,11,13,15,17","5,7,9,11,13,15,17",-,"1,3,5,7,9,11,13,15,17",-,0.000000000,0.000000000,0.000000000,18.546703,13.496580,no,no
CURRENT_PLATFORM,39,4.000000000000,1.050000000000,163.800000000000,164,0.024420024420,4.200000000000,0.200000000000,0.047619047619,0.001221001221,12,8,8,0,12,0,"5,7,8,10,11,14,16,17","5,7,8,10,11,14,16,17",-,"1,2,4,5,7,8,10,11,14,16,17,19",-,0.000000000,0.000000000,0.000000000,18.546703,13.492767,no,no
CURRENT_PLATFORM,40,4.000000000000,1.050000000000,168.000000000000,168,0.023809523810,4.200000000000,0.200000000000,0.047619047619,0.001190476190,8,5,5,0,8,0,"7,9,11,13,17","7,9,11,13,17",-,"1,3,7,9,11,13,17,19",-,0.000000000,0.000000000,0.000000000,18.546703,13.489330,no,no
CURRENT_PLATFORM,41,4.000000000000,1.050000000000,172.200000000000,173,0.023228803717,4.200000000000,0.200000000000,0.047619047619,0.001161440186,20,14,14,0,20,0,"5,6,7,8,9,10,11,12,13,14,15,16,17,18","5,6,7,8,9,10,11,12,13,14,15,16,17,18",-,"1,2,3,4,5,6,7,8,9,10,11,12,13,14,15,16,17,18,19,20",-,0.000000000,0.000000000,0.000000000,18.546703,13.485895,no,no
CURRENT_PLATFORM,42,4.000000000000,1.050000000000,176.400000000000,177,0.022675736961,4.200000000000,0.200000000000,0.047619047619,0.001133786848,6,5,5,0,6,0,"5,11,13,17,19","5,11,13,17,19",-,"1,5,11,13,17,19",-,0.000000000,0.000000000,0.000000000,18.546703,13.482782,no,no
CURRENT_PLATFORM,43,4.000000000000,1.050000000000,180.600000000000,181,0.022148394241,4.200000000000,0.200000000000,0.047619047619,0.001107419712,21,15,15,0,21,0,"5,6,7,8,9,10,11,12,13,14,15,16,17,18,19","5,6,7,8,9,10,11,12,13,14,15,16,17,18,19",-,"1,2,3,4,5,6,7,8,9,10,11,12,13,14,15,16,17,18,19,20,21",-,0.000000000,0.000000000,0.000000000,18.546703,13.479671,no,no
CURRENT_PLATFORM,44,4.000000000000,1.050000000000,184.800000000000,185,0.021645021645,4.200000000000,0.200000000000,0.047619047619,0.001082251082,10,7,7,0,10,0,"5,7,9,13,15,17,19","5,7,9,13,15,17,19",-,"1,3,5,7,9,13,15,17,19,21",-,0.000000000,0.000000000,0.000000000,18.546703,13.476838,no,no
CURRENT_PLATFORM,45,4.000000000000,1.050000000000,189.000000000000,189,0.021164021164,4.200000000000,0.200000000000,0.047619047619,0.001058201058,12,8,8,0,12,0,"7,8,11,13,14,16,17,19","7,8,11,13,14,16,17,19",-,"1,2,4,7,8,11,13,14,16,17,19,22",-,0.000000000,0.000000000,0.000000000,18.546703,13.474007,no,no
CURRENT_PLATFORM,46,4.000000000000,1.050000000000,193.200000000000,194,0.020703933747,4.200000000000,0.200000000000,0.047619047619,0.001035196687,11,8,8,0,11,0,"7,9,11,13,15,17,19,21","7,9,11,13,15,17,19,21",-,"1,3,5,7,9,11,13,15,17,19,21",-,0.000000000,0.000000000,0.000000000,18.546703,13.471419,no,no
CURRENT_PLATFORM,47,4.000000000000,1.050000000000,197.400000000000,198,0.020263424519,4.200000000000,0.200000000000,0.047619047619,0.001013171226,23,16,16,0,23,0,"6,7,8,9,10,11,12,13,14,15,16,17,18,19,20,21","6,7,8,9,10,11,12,13,14,15,16,17,18,19,20,21",-,"1,2,3,4,5,6,7,8,9,10,11,12,13,14,15,16,17,18,19,20,21,22,23",-,0.000000000,0.000000000,0.000000000,18.546703,13.468832,no,no
CURRENT_PLATFORM,48,4.000000000000,1.050000000000,201.600000000000,202,0.019841269841,4.200000000000,0.200000000000,0.047619047619,0.000992063492,8,5,5,0,8,0,"7,11,13,17,19","7,11,13,17,19",-,"1,5,7,11,13,17,19,23",-,0.000000000,0.000000000,0.000000000,18.546703,13.466458,no,no
CURRENT_PLATFORM,49,4.000000000000,1.050000000000,205.800000000000,206,0.019436345967,4.200000000000,0.200000000000,0.047619047619,0.000971817298,21,14,14,0,21,0,"6,8,9,10,11,12,13,15,16,17,18,19,20,22","6,8,9,10,11,12,13,15,16,17,18,19,20,22",-,"1,2,3,4,5,6,8,9,10,11,12,13,15,16,17,18,19,20,22,23,24",-,0.000000000,0.000000000,0.000000000,18.546703,13.464085,no,no
CURRENT_PLATFORM,50,4.000000000000,1.050000000000,210.000000000000,210,0.019047619048,4.200000000000,0.200000000000,0.047619047619,0.000952380952,10,7,7,0,10,0,"7,9,11,13,17,19,21","7,9,11,13,17,19,21",-,"1,3,7,9,11,13,17,19,21,23",-,0.000000000,0.000000000,0.000000000,18.546703,13.461899,no,no
CURRENT_PLATFORM,5,4.000000000000,1.100000000000,22.000000000000,22,0.181818181818,4.400000000000,0.400000000000,0.090909090909,0.018181818182,2,2,2,0,2,2,"1,2","1,2",-,"1,2","1,2",1.671030702,0.690005476,1.180518089,18.945376,14.957599,no,yes
CURRENT_PLATFORM,6,4.000000000000,1.100000000000,26.400000000000,27,0.151515151515,4.400000000000,0.400000000000,0.090909090909,0.015151515152,1,1,1,0,1,1,1,1,-,1,1,1.207945321,1.207945321,1.207945321,18.945376,14.766988,no,yes
CURRENT_PLATFORM,7,4.000000000000,1.100000000000,30.800000000000,31,0.129870129870,4.400000000000,0.400000000000,0.090909090909,0.012987012987,3,3,3,0,3,3,"1,2,3","1,2,3",-,"1,2,3","1,2,3",0.904276598,0.301854362,0.595234494,18.945376,14.584392,no,yes
CURRENT_PLATFORM,8,4.000000000000,1.100000000000,35.200000000000,36,0.113636363636,4.400000000000,0.400000000000,0.090909090909,0.011363636364,2,2,2,0,2,2,"1,3","1,3",-,"1,3","1,3",0.698649045,0.338159916,0.518404480,18.945376,14.484896,no,yes
CURRENT_PLATFORM,9,4.000000000000,1.100000000000,39.600000000000,40,0.101010101010,4.400000000000,0.400000000000,0.090909090909,0.010101010101,3,2,2,0,3,2,"2,4","2,4",-,"1,2,4","2,4",0.351661512,0.168975661,0.260318587,18.945376,14.387629,no,yes
CURRENT_PLATFORM,10,4.000000000000,1.100000000000,44.000000000000,44,0.090909090909,4.400000000000,0.400000000000,0.090909090909,0.009090909091,2,1,1,0,2,1,3,3,-,"1,3",3,0.322772172,0.322772172,0.322772172,18.945376,14.326485,no,yes
CURRENT_PLATFORM,11,4.000000000000,1.100000000000,48.400000000000,49,0.082644628099,4.400000000000,0.400000000000,0.090909090909,0.008264462810,5,4,4,0,5,4,"2,3,4,5","2,3,4,5",-,"1,2,3,4,5","2,3,4,5",0.252499475,0.107900617,0.200713590,18.945376,14.266189,no,yes
CURRENT_PLATFORM,12,4.000000000000,1.100000000000,52.800000000000,53,0.075757575758,4.400000000000,0.400000000000,0.090909090909,0.007575757576,2,1,1,0,2,1,5,5,-,"1,5",5,0.102238801,0.102238801,0.102238801,18.945376,14.224798,no,yes
CURRENT_PLATFORM,13,4.000000000000,1.100000000000,57.200000000000,58,0.069930069930,4.400000000000,0.400000000000,0.090909090909,0.006993006993,6,4,4,0,6,4,"2,3,4,5","2,3,4,5",-,"1,2,3,4,5,6","2,3,4,5",0.222094444,0.118145808,0.169288340,18.945376,14.183798,no,yes
CURRENT_PLATFORM,14,4.000000000000,1.100000000000,61.600000000000,62,0.064935064935,4.400000000000,0.400000000000,0.090909090909,0.006493506494,3,2,2,0,3,2,"3,5","3,5",-,"1,3,5","3,5",0.169822457,0.154622886,0.162222671,18.945376,14.153917,no,yes
CURRENT_PLATFORM,15,4.000000000000,1.100000000000,66.000000000000,66,0.060606060606,4.400000000000,0.400000000000,0.090909090909,0.006060606061,4,2,2,0,4,1,"2,4","2,4",-,"1,2,4,7",4,0.161432908,0.161432908,0.161432908,18.945376,14.124240,no,yes
CURRENT_PLATFORM,16,4.000000000000,1.100000000000,70.400000000000,71,0.056818181818,4.400000000000,0.400000000000,0.090909090909,0.005681818182,4,3,3,0,4,2,"3,5,7","3,5,7",-,"1,3,5,7","3,5",0.168816687,0.120032052,0.144424369,18.945376,14.101654,no,yes
CURRENT_PLATFORM,17,4.000000000000,1.100000000000,74.800000000000,75,0.053475935829,4.400000000000,0.400000000000,0.090909090909,0.005347593583,8,6,6,0,8,2,"2,3,4,5,6,7","2,3,4,5,6,7",-,"1,2,3,4,5,6,7,8","4,6",0.136757214,0.136111016,0.136434115,18.945376,14.079184,no,yes
CURRENT_PLATFORM,18,4.000000000000,1.100000000000,79.200000000000,80,0.050505050505,4.400000000000,0.400000000000,0.090909090909,0.005050505051,3,2,2,0,3,0,"5,7","5,7",-,"1,5,7",-,0.000000000,0.000000000,0.000000000,18.945376,14.061512,no,no
CURRENT_PLATFORM,19,4.000000000000,1.100000000000,83.600000000000,84,0.047846889952,4.400000000000,0.400000000000,0.090909090909,0.004784688995,9,6,6,0,9,2,"3,4,5,6,7,8","3,4,5,6,7,8",-,"1,2,3,4,5,6,7,8,9","5,6",0.135975780,0.118619460,0.127297620,18.945376,14.043911,no,yes
CURRENT_PLATFORM,20,4.000000000000,1.100000000000,88.000000000000,88,0.045454545455,4.400000000000,0.400000000000,0.090909090909,0.004545454545,4,3,3,0,4,1,"3,7,9","3,7,9",-,"1,3,7,9",7,0.113583225,0.113583225,0.113583225,18.945376,14.029706,no,yes
CURRENT_PLATFORM,21,4.000000000000,1.100000000000,92.400000000000,93,0.043290043290,4.400000000000,0.400000000000,0.090909090909,0.004329004329,6,3,3,0,6,1,"4,5,8","4,5,8",-,"1,2,4,5,8,10",5,0.104725893,0.104725893,0.104725893,18.945376,14.015547,no,yes
CURRENT_PLATFORM,22,4.000000000000,1.100000000000,96.800000000000,97,0.041322314050,4.400000000000,0.400000000000,0.090909090909,0.004132231405,5,4,4,0,5,1,"3,5,7,9","3,5,7,9",-,"1,3,5,7,9",7,0.113752258,0.113752258,0.113752258,18.945376,14.003880,no,yes
CURRENT_PLATFORM,23,4.000000000000,1.100000000000,101.200000000000,102,0.039525691700,4.400000000000,0.400000000000,0.090909090909,0.003952569170,11,8,8,0,11,0,"3,4,5,6,7,8,9,10","3,4,5,6,7,8,9,10",-,"1,2,3,4,5,6,7,8,9,10,11",-,0.000000000,0.000000000,0.000000000,18.945376,13.992244,no,no
CURRENT_PLATFORM,24,4.000000000000,1.100000000000,105.600000000000,106,0.037878787879,4.400000000000,0.400000000000,0.090909090909,0.003787878788,4,2,2,0,4,0,"5,7","5,7",-,"1,5,7,11",-,0.000000000,0.000000000,0.000000000,18.945376,13.982491,no,no
CURRENT_PLATFORM,25,4.000000000000,1.100000000000,110.000000000000,110,0.036363636364,4.400000000000,0.400000000000,0.090909090909,0.003636363636,10,7,7,0,10,0,"3,4,6,7,8,9,11","3,4,6,7,8,9,11",-,"1,2,3,4,6,7,8,9,11,12",-,0.000000000,0.000000000,0.000000000,18.945376,13.972759,no,no
CURRENT_PLATFORM,26,4.000000000000,1.100000000000,114.400000000000,115,0.034965034965,4.400000000000,0.400000000000,0.090909090909,0.003496503497,6,5,5,0,6,0,"3,5,7,9,11","3,5,7,9,11",-,"1,3,5,7,9,11",-,0.000000000,0.000000000,0.000000000,18.945376,13.964484,no,no
CURRENT_PLATFORM,27,4.000000000000,1.100000000000,118.800000000000,119,0.033670033670,4.400000000000,0.400000000000,0.090909090909,0.003367003367,9,6,6,0,9,0,"4,5,7,8,10,11","4,5,7,8,10,11",-,"1,2,4,5,7,8,10,11,13",-,0.000000000,0.000000000,0.000000000,18.945376,13.956225,no,no
CURRENT_PLATFORM,28,4.000000000000,1.100000000000,123.200000000000,124,0.032467532468,4.400000000000,0.400000000000,0.090909090909,0.003246753247,6,3,3,0,6,0,"5,9,11","5,9,11",-,"1,3,5,9,11,13",-,0.000000000,0.000000000,0.000000000,18.945376,13.949116,no,no
CURRENT_PLATFORM,29,4.000000000000,1.100000000000,127.600000000000,128,0.031347962382,4.400000000000,0.400000000000,0.090909090909,0.003134796238,14,10,10,0,14,0,"4,5,6,7,8,9,10,11,12,13","4,5,6,7,8,9,10,11,12,13",-,"1,2,3,4,5,6,7,8,9,10,11,12,13,14",-,0.000000000,0.000000000,0.000000000,18.945376,13.942019,no,no
CURRENT_PLATFORM,30,4.000000000000,1.100000000000,132.000000000000,132,0.030303030303,4.400000000000,0.400000000000,0.090909090909,0.003030303030,4,3,3,0,4,0,"7,11,13","7,11,13",-,"1,7,11,13",-,0.000000000,0.000000000,0.000000000,18.945376,13.935846,no,no
CURRENT_PLATFORM,31,4.000000000000,1.100000000000,136.400000000000,137,0.029325513196,4.400000000000,0.400000000000,0.090909090909,0.002932551320,15,11,11,0,15,0,"4,5,6,7,8,9,10,11,12,13,14","4,5,6,7,8,9,10,11,12,13,14",-,"1,2,3,4,5,6,7,8,9,10,11,12,13,14,15",-,0.000000000,0.000000000,0.000000000,18.945376,13.929682,no,no
CURRENT_PLATFORM,32,4.000000000000,1.100000000000,140.800000000000,141,0.028409090909,4.400000000000,0.400000000000,0.090909090909,0.002840909091,8,5,5,0,8,0,"5,7,9,11,13","5,7,9,11,13",-,"1,3,5,7,9,11,13,15",-,0.000000000,0.000000000,0.000000000,18.945376,13.924271,no,no
CURRENT_PLATFORM,33,4.000000000000,1.100000000000,145.200000000000,146,0.027548209366,4.400000000000,0.400000000000,0.090909090909,0.002754820937,10,7,7,0,10,0,"4,5,7,8,10,13,14","4,5,7,8,10,13,14",-,"1,2,4,5,7,8,10,13,14,16",-,0.000000000,0.000000000,0.000000000,18.945376,13.918867,no,no
CURRENT_PLATFORM,34,4.000000000000,1.100000000000,149.600000000000,150,0.026737967914,4.400000000000,0.400000000000,0.090909090909,0.002673796791,8,6,6,0,8,0,"5,7,9,11,13,15","5,7,9,11,13,15",-,"1,3,5,7,9,11,13,15",-,0.000000000,0.000000000,0.000000000,18.945376,13.914086,no,no
CURRENT_PLATFORM,35,4.000000000000,1.100000000000,154.000000000000,154,0.025974025974,4.400000000000,0.400000000000,0.090909090909,0.002597402597,12,8,8,0,12,0,"4,6,8,9,11,12,13,16","4,6,8,9,11,12,13,16",-,"1,2,3,4,6,8,9,11,12,13,16,17",-,0.000000000,0.000000000,0.000000000,18.945376,13.909310,no,no
CURRENT_PLATFORM,36,4.000000000000,1.100000000000,158.400000000000,159,0.025252525253,4.400000000000,0.400000000000,0.090909090909,0.002525252525,6,4,4,0,6,0,"5,7,11,13","5,7,11,13",-,"1,5,7,11,13,17",-,0.000000000,0.000000000,0.000000000,18.945376,13.905054,no,no
CURRENT_PLATFORM,37,4.000000000000,1.100000000000,162.800000000000,163,0.024570024570,4.400000000000,0.400000000000,0.090909090909,0.002457002457,18,12,12,0,18,0,"5,6,7,8,9,10,11,12,13,14,15,16","5,6,7,8,9,10,11,12,13,14,15,16",-,"1,2,3,4,5,6,7,8,9,10,11,12,13,14,15,16,17,18",-,0.000000000,0.000000000,0.000000000,18.945376,13.900802,no,no
CURRENT_PLATFORM,38,4.000000000000,1.100000000000,167.200000000000,168,0.023923444976,4.400000000000,0.400000000000,0.090909090909,0.002392344498,9,7,7,0,9,0,"5,7,9,11,13,15,17","5,7,9,11,13,15,17",-,"1,3,5,7,9,11,13,15,17",-,0.000000000,0.000000000,0.000000000,18.945376,13.896990,no,no
CURRENT_PLATFORM,39,4.000000000000,1.100000000000,171.600000000000,172,0.023310023310,4.400000000000,0.400000000000,0.090909090909,0.002331002331,12,8,8,0,12,0,"5,7,8,10,11,14,16,17","5,7,8,10,11,14,16,17",-,"1,2,4,5,7,8,10,11,14,16,17,19",-,0.000000000,0.000000000,0.000000000,18.945376,13.893181,no,no
CURRENT_PLATFORM,40,4.000000000000,1.100000000000,176.000000000000,176,0.022727272727,4.400000000000,0.400000000000,0.090909090909,0.002272727273,8,5,5,0,8,0,"7,9,11,13,17","7,9,11,13,17",-,"1,3,7,9,11,13,17,19",-,0.000000000,0.000000000,0.000000000,18.945376,13.889746,no,no
CURRENT_PLATFORM,41,4.000000000000,1.100000000000,180.400000000000,181,0.022172949002,4.400000000000,0.400000000000,0.090909090909,0.002217294900,20,14,14,0,20,0,"5,6,7,8,9,10,11,12,13,14,15,16,17,18","5,6,7,8,9,10,11,12,13,14,15,16,17,18",-,"1,2,3,4,5,6,7,8,9,10,11,12,13,14,15,16,17,18,19,20",-,0.000000000,0.000000000,0.000000000,18.945376,13.886314,no,no
CURRENT_PLATFORM,42,4.000000000000,1.100000000000,184.800000000000,185,0.021645021645,4.400000000000,0.400000000000,0.090909090909,0.002164502165,6,5,5,0,6,0,"5,11,13,17,19","5,11,13,17,19",-,"1,5,11,13,17,19",-,0.000000000,0.000000000,0.000000000,18.945376,13.883204,no,no
CURRENT_PLATFORM,43,4.000000000000,1.100000000000,189.200000000000,190,0.021141649049,4.400000000000,0.400000000000,0.090909090909,0.002114164905,21,15,15,0,21,0,"5,6,7,8,9,10,11,12,13,14,15,16,17,18,19","5,6,7,8,9,10,11,12,13,14,15,16,17,18,19",-,"1,2,3,4,5,6,7,8,9,10,11,12,13,14,15,16,17,18,19,20,21",-,0.000000000,0.000000000,0.000000000,18.945376,13.880095,no,no
CURRENT_PLATFORM,44,4.000000000000,1.100000000000,193.600000000000,194,0.020661157025,4.400000000000,0.400000000000,0.090909090909,0.002066115702,10,7,7,0,10,0,"5,7,9,13,15,17,19","5,7,9,13,15,17,19",-,"1,3,5,7,9,13,15,17,19,21",-,0.000000000,0.000000000,0.000000000,18.945376,13.877265,no,no
CURRENT_PLATFORM,45,4.000000000000,1.100000000000,198.000000000000,198,0.020202020202,4.400000000000,0.400000000000,0.090909090909,0.002020202020,12,8,8,0,12,0,"7,8,11,13,14,16,17,19","7,8,11,13,14,16,17,19",-,"1,2,4,7,8,11,13,14,16,17,19,22",-,0.000000000,0.000000000,0.000000000,18.945376,13.874437,no,no
CURRENT_PLATFORM,46,4.000000000000,1.100000000000,202.400000000000,203,0.019762845850,4.400000000000,0.400000000000,0.090909090909,0.001976284585,11,8,8,0,11,0,"7,9,11,13,15,17,19,21","7,9,11,13,15,17,19,21",-,"1,3,5,7,9,11,13,15,17,19,21",-,0.000000000,0.000000000,0.000000000,18.945376,13.871850,no,no
CURRENT_PLATFORM,47,4.000000000000,1.100000000000,206.800000000000,207,0.019342359768,4.400000000000,0.400000000000,0.090909090909,0.001934235977,23,16,16,0,23,0,"6,7,8,9,10,11,12,13,14,15,16,17,18,19,20,21","6,7,8,9,10,11,12,13,14,15,16,17,18,19,20,21",-,"1,2,3,4,5,6,7,8,9,10,11,12,13,14,15,16,17,18,19,20,21,22,23",-,0.000000000,0.000000000,0.000000000,18.945376,13.869266,no,no
CURRENT_PLATFORM,48,4.000000000000,1.100000000000,211.200000000000,212,0.018939393939,4.400000000000,0.400000000000,0.090909090909,0.001893939394,8,5,5,0,8,0,"7,11,13,17,19","7,11,13,17,19",-,"1,5,7,11,13,17,19,23",-,0.000000000,0.000000000,0.000000000,18.945376,13.866893,no,no
CURRENT_PLATFORM,49,4.000000000000,1.100000000000,215.600000000000,216,0.018552875696,4.400000000000,0.400000000000,0.090909090909,0.001855287570,21,14,14,0,21,0,"6,8,9,10,11,12,13,15,16,17,18,19,20,22","6,8,9,10,11,12,13,15,16,17,18,19,20,22",-,"1,2,3,4,5,6,8,9,10,11,12,13,15,16,17,18,19,20,22,23,24",-,0.000000000,0.000000000,0.000000000,18.945376,13.864522,no,no
CURRENT_PLATFORM,50,4.000000000000,1.100000000000,220.000000000000,220,0.018181818182,4.400000000000,0.400000000000,0.090909090909,0.001818181818,10,7,7,0,10,0,"7,9,11,13,17,19,21","7,9,11,13,17,19,21",-,"1,3,7,9,11,13,17,19,21,23",-,0.000000000,0.000000000,0.000000000,18.945376,13.862338,no,no
CURRENT_PLATFORM,5,4.000000000000,1.150000000000,23.000000000000,23,0.173913043478,4.600000000000,0.600000000000,0.130434782609,0.026086956522,2,2,2,0,2,2,"1,2","1,2",-,"1,2","1,2",2.378353332,0.983851423,1.681102378,19.326767,15.339699,no,yes
CURRENT_PLATFORM,6,4.000000000000,1.150000000000,27.600000000000,28,0.144927536232,4.600000000000,0.600000000000,0.130434782609,0.021739130435,1,1,1,0,1,1,1,1,-,1,1,1.713857746,1.713857746,1.713857746,19.326767,15.149237,no,yes
CURRENT_PLATFORM,7,4.000000000000,1.150000000000,32.200000000000,33,0.124223602484,4.600000000000,0.600000000000,0.130434782609,0.018633540373,3,3,3,0,3,3,"1,2,3","1,2,3",-,"1,2,3","1,2,3",1.280394982,0.428087895,0.846558165,19.326767,14.966778,no,yes
CURRENT_PLATFORM,8,4.000000000000,1.150000000000,36.800000000000,37,0.108695652174,4.600000000000,0.600000000000,0.130434782609,0.016304347826,2,2,2,0,2,2,"1,3","1,3",-,"1,3","1,3",0.987852390,0.486148438,0.737000414,19.326767,14.867360,no,yes
CURRENT_PLATFORM,9,4.000000000000,1.150000000000,41.400000000000,42,0.096618357488,4.600000000000,0.600000000000,0.130434782609,0.014492753623,3,2,2,0,3,2,"2,4","2,4",-,"1,2,4","2,4",0.504600351,0.239021129,0.371810740,19.326767,14.770167,no,yes
CURRENT_PLATFORM,10,4.000000000000,1.150000000000,46.000000000000,46,0.086956521739,4.600000000000,0.600000000000,0.130434782609,0.013043478261,2,1,1,0,2,1,3,3,-,"1,3",3,0.462729004,0.462729004,0.462729004,19.326767,14.709070,no,yes
CURRENT_PLATFORM,11,4.000000000000,1.150000000000,50.600000000000,51,0.079051383399,4.600000000000,0.600000000000,0.130434782609,0.011857707510,5,4,4,0,5,4,"2,3,4,5","2,3,4,5",-,"1,2,3,4,5","2,3,4,5",0.362336695,0.152401533,0.287564111,19.326767,14.648820,no,yes
CURRENT_PLATFORM,12,4.000000000000,1.150000000000,55.200000000000,56,0.072463768116,4.600000000000,0.600000000000,0.130434782609,0.010869565217,2,1,1,0,2,1,5,5,-,"1,5",5,0.146838468,0.146838468,0.146838468,19.326767,14.607461,no,yes
CURRENT_PLATFORM,13,4.000000000000,1.150000000000,59.800000000000,60,0.066889632107,4.600000000000,0.600000000000,0.130434782609,0.010033444816,6,4,4,0,6,4,"2,3,4,5","2,3,4,5",-,"1,2,3,4,5,6","2,3,4,5",0.318377844,0.169374453,0.242805046,19.326767,14.566491,no,yes
CURRENT_PLATFORM,14,4.000000000000,1.150000000000,64.400000000000,65,0.062111801242,4.600000000000,0.600000000000,0.130434782609,0.009316770186,3,2,2,0,3,2,"3,5","3,5",-,"1,3,5","3,5",0.244068103,0.221808327,0.232938215,19.326767,14.536633,no,yes
CURRENT_PLATFORM,15,4.000000000000,1.150000000000,69.000000000000,69,0.057971014493,4.600000000000,0.600000000000,0.130434782609,0.008695652174,4,2,2,0,4,2,"2,4","2,4",-,"1,2,4,7","2,4",0.231650334,0.136005202,0.183827768,19.326767,14.506979,no,yes
CURRENT_PLATFORM,16,4.000000000000,1.150000000000,73.600000000000,74,0.054347826087,4.600000000000,0.600000000000,0.130434782609,0.008152173913,4,3,3,0,4,2,"3,5,7","3,5,7",-,"1,3,5,7","3,5",0.242010238,0.172279083,0.207144660,19.326767,14.484409,no,yes
CURRENT_PLATFORM,17,4.000000000000,1.150000000000,78.200000000000,79,0.051150895141,4.600000000000,0.600000000000,0.130434782609,0.007672634271,8,6,6,0,8,4,"2,3,4,5,6,7","2,3,4,5,6,7",-,"1,2,3,4,5,6,7,8","3,4,5,6",0.196237930,0.138817123,0.167855908,19.326767,14.461957,no,yes
CURRENT_PLATFORM,18,4.000000000000,1.150000000000,82.800000000000,83,0.048309178744,4.600000000000,0.600000000000,0.130434782609,0.007246376812,3,2,2,0,3,2,"5,7","5,7",-,"1,5,7","5,7",0.130993911,0.100967188,0.115980550,19.326767,14.444298,no,yes
CURRENT_PLATFORM,19,4.000000000000,1.150000000000,87.400000000000,88,0.045766590389,4.600000000000,0.600000000000,0.130434782609,0.006864988558,9,6,6,0,9,4,"3,4,5,6,7,8","3,4,5,6,7,8",-,"1,2,3,4,5,6,7,8,9","3,4,5,6",0.194941009,0.110089664,0.154251914,19.326767,14.426710,no,yes
CURRENT_PLATFORM,20,4.000000000000,1.150000000000,92.000000000000,92,0.043478260870,4.600000000000,0.600000000000,0.130434782609,0.006521739130,4,3,3,0,4,1,"3,7,9","3,7,9",-,"1,3,7,9",7,0.163166236,0.163166236,0.163166236,19.326767,14.412515,no,yes
CURRENT_PLATFORM,21,4.000000000000,1.150000000000,96.600000000000,97,0.041407867495,4.600000000000,0.600000000000,0.130434782609,0.006211180124,6,3,3,0,6,2,"4,5,8","4,5,8",-,"1,2,4,5,8,10","4,5",0.150270612,0.119326723,0.134798667,19.326767,14.398367,no,yes
CURRENT_PLATFORM,22,4.000000000000,1.150000000000,101.200000000000,102,0.039525691700,4.600000000000,0.600000000000,0.130434782609,0.005928853755,5,4,4,0,5,1,"3,5,7,9","3,5,7,9",-,"1,3,5,7,9",7,0.163089603,0.163089603,0.163089603,19.326767,14.386709,no,yes
CURRENT_PLATFORM,23,4.000000000000,1.150000000000,105.800000000000,106,0.037807183365,4.600000000000,0.600000000000,0.130434782609,0.005671077505,11,8,8,0,11,2,"3,4,5,6,7,8,9,10","3,4,5,6,7,8,9,10",-,"1,2,3,4,5,6,7,8,9,10,11","6,8",0.139982563,0.134510362,0.137246462,19.326767,14.375082,no,yes
CURRENT_PLATFORM,24,4.000000000000,1.150000000000,110.400000000000,111,0.036231884058,4.600000000000,0.600000000000,0.130434782609,0.005434782609,4,2,2,0,4,1,"5,7","5,7",-,"1,5,7,11",5,0.104089722,0.104089722,0.104089722,19.326767,14.365336,no,yes
CURRENT_PLATFORM,25,4.000000000000,1.150000000000,115.000000000000,115,0.034782608696,4.600000000000,0.600000000000,0.130434782609,0.005217391304,10,7,7,0,10,2,"3,4,6,7,8,9,11","3,4,6,7,8,9,11",-,"1,2,3,4,6,7,8,9,11,12","6,8",0.140130260,0.121739833,0.130935047,19.326767,14.355611,no,yes
CURRENT_PLATFORM,26,4.000000000000,1.150000000000,119.600000000000,120,0.033444816054,4.600000000000,0.600000000000,0.130434782609,0.005016722408,6,5,5,0,6,1,"3,5,7,9,11","3,5,7,9,11",-,"1,3,5,7,9,11",9,0.122570438,0.122570438,0.122570438,19.326767,14.347343,no,yes
CURRENT_PLATFORM,27,4.000000000000,1.150000000000,124.200000000000,125,0.032206119163,4.600000000000,0.600000000000,0.130434782609,0.004830917874,9,6,6,0,9,1,"4,5,7,8,10,11","4,5,7,8,10,11",-,"1,2,4,5,7,8,10,11,13",7,0.111182337,0.111182337,0.111182337,19.326767,14.339090,no,yes
CURRENT_PLATFORM,28,4.000000000000,1.150000000000,128.800000000000,129,0.031055900621,4.600000000000,0.600000000000,0.130434782609,0.004658385093,6,3,3,0,6,1,"5,9,11","5,9,11",-,"1,3,5,9,11,13",9,0.122808066,0.122808066,0.122808066,19.326767,14.331986,no,yes
CURRENT_PLATFORM,29,4.000000000000,1.150000000000,133.400000000000,134,0.029985007496,4.600000000000,0.600000000000,0.130434782609,0.004497751124,14,10,10,0,14,2,"4,5,6,7,8,9,10,11,12,13","4,5,6,7,8,9,10,11,12,13",-,"1,2,3,4,5,6,7,8,9,10,11,12,13,14","7,10",0.109012242,0.102308717,0.105660479,19.326767,14.324894,no,yes
CURRENT_PLATFORM,30,4.000000000000,1.150000000000,138.000000000000,138,0.028985507246,4.600000000000,0.600000000000,0.130434782609,0.004347826087,4,3,3,0,4,0,"7,11,13","7,11,13",-,"1,7,11,13",-,0.000000000,0.000000000,0.000000000,19.326767,14.318725,no,no
CURRENT_PLATFORM,31,4.000000000000,1.150000000000,142.600000000000,143,0.028050490884,4.600000000000,0.600000000000,0.130434782609,0.004207573633,15,11,11,0,15,1,"4,5,6,7,8,9,10,11,12,13,14","4,5,6,7,8,9,10,11,12,13,14",-,"1,2,3,4,5,6,7,8,9,10,11,12,13,14,15",10,0.109280288,0.109280288,0.109280288,19.326767,14.312566,no,yes
CURRENT_PLATFORM,32,4.000000000000,1.150000000000,147.200000000000,148,0.027173913043,4.600000000000,0.600000000000,0.130434782609,0.004076086957,8,5,5,0,8,0,"5,7,9,11,13","5,7,9,11,13",-,"1,3,5,7,9,11,13,15",-,0.000000000,0.000000000,0.000000000,19.326767,14.307159,no,no
CURRENT_PLATFORM,33,4.000000000000,1.150000000000,151.800000000000,152,0.026350461133,4.600000000000,0.600000000000,0.130434782609,0.003952569170,10,7,7,0,10,0,"4,5,7,8,10,13,14","4,5,7,8,10,13,14",-,"1,2,4,5,7,8,10,13,14,16",-,0.000000000,0.000000000,0.000000000,19.326767,14.301759,no,no
CURRENT_PLATFORM,34,4.000000000000,1.150000000000,156.400000000000,157,0.025575447570,4.600000000000,0.600000000000,0.130434782609,0.003836317136,8,6,6,0,8,0,"5,7,9,11,13,15","5,7,9,11,13,15",-,"1,3,5,7,9,11,13,15",-,0.000000000,0.000000000,0.000000000,19.326767,14.296981,no,no
CURRENT_PLATFORM,35,4.000000000000,1.150000000000,161.000000000000,161,0.024844720497,4.600000000000,0.600000000000,0.130434782609,0.003726708075,12,8,8,0,12,0,"4,6,8,9,11,12,13,16","4,6,8,9,11,12,13,16",-,"1,2,3,4,6,8,9,11,12,13,16,17",-,0.000000000,0.000000000,0.000000000,19.326767,14.292209,no,no
CURRENT_PLATFORM,36,4.000000000000,1.150000000000,165.600000000000,166,0.024154589372,4.600000000000,0.600000000000,0.130434782609,0.003623188406,6,4,4,0,6,0,"5,7,11,13","5,7,11,13",-,"1,5,7,11,13,17",-,0.000000000,0.000000000,0.000000000,19.326767,14.287956,no,no
CURRENT_PLATFORM,37,4.000000000000,1.150000000000,170.200000000000,171,0.023501762632,4.600000000000,0.600000000000,0.130434782609,0.003525264395,18,12,12,0,18,0,"5,6,7,8,9,10,11,12,13,14,15,16","5,6,7,8,9,10,11,12,13,14,15,16",-,"1,2,3,4,5,6,7,8,9,10,11,12,13,14,15,16,17,18",-,0.000000000,0.000000000,0.000000000,19.326767,14.283707,no,no
CURRENT_PLATFORM,38,4.000000000000,1.150000000000,174.800000000000,175,0.022883295195,4.600000000000,0.600000000000,0.130434782609,0.003432494279,9,7,7,0,9,0,"5,7,9,11,13,15,17","5,7,9,11,13,15,17",-,"1,3,5,7,9,11,13,15,17",-,0.000000000,0.000000000,0.000000000,19.326767,14.279898,no,no
CURRENT_PLATFORM,39,4.000000000000,1.150000000000,179.400000000000,180,0.022296544036,4.600000000000,0.600000000000,0.130434782609,0.003344481605,12,8,8,0,12,0,"5,7,8,10,11,14,16,17","5,7,8,10,11,14,16,17",-,"1,2,4,5,7,8,10,11,14,16,17,19",-,0.000000000,0.000000000,0.000000000,19.326767,14.276092,no,no
CURRENT_PLATFORM,40,4.000000000000,1.150000000000,184.000000000000,184,0.021739130435,4.600000000000,0.600000000000,0.130434782609,0.003260869565,8,5,5,0,8,0,"7,9,11,13,17","7,9,11,13,17",-,"1,3,7,9,11,13,17,19",-,0.000000000,0.000000000,0.000000000,19.326767,14.272660,no,no
CURRENT_PLATFORM,41,4.000000000000,1.150000000000,188.600000000000,189,0.021208907741,4.600000000000,0.600000000000,0.130434782609,0.003181336161,20,14,14,0,20,0,"5,6,7,8,9,10,11,12,13,14,15,16,17,18","5,6,7,8,9,10,11,12,13,14,15,16,17,18",-,"1,2,3,4,5,6,7,8,9,10,11,12,13,14,15,16,17,18,19,20",-,0.000000000,0.000000000,0.000000000,19.326767,14.269230,no,no
CURRENT_PLATFORM,42,4.000000000000,1.150000000000,193.200000000000,194,0.020703933747,4.600000000000,0.600000000000,0.130434782609,0.003105590062,6,5,5,0,6,0,"5,11,13,17,19","5,11,13,17,19",-,"1,5,11,13,17,19",-,0.000000000,0.000000000,0.000000000,19.326767,14.266122,no,no
CURRENT_PLATFORM,43,4.000000000000,1.150000000000,197.800000000000,198,0.020222446916,4.600000000000,0.600000000000,0.130434782609,0.003033367037,21,15,15,0,21,0,"5,6,7,8,9,10,11,12,13,14,15,16,17,18,19","5,6,7,8,9,10,11,12,13,14,15,16,17,18,19",-,"1,2,3,4,5,6,7,8,9,10,11,12,13,14,15,16,17,18,19,20,21",-,0.000000000,0.000000000,0.000000000,19.326767,14.263016,no,no
CURRENT_PLATFORM,44,4.000000000000,1.150000000000,202.400000000000,203,0.019762845850,4.600000000000,0.600000000000,0.130434782609,0.002964426877,10,7,7,0,10,0,"5,7,9,13,15,17,19","5,7,9,13,15,17,19",-,"1,3,5,7,9,13,15,17,19,21",-,0.000000000,0.000000000,0.000000000,19.326767,14.260187,no,no
CURRENT_PLATFORM,45,4.000000000000,1.150000000000,207.000000000000,207,0.019323671498,4.600000000000,0.600000000000,0.130434782609,0.002898550725,12,8,8,0,12,0,"7,8,11,13,14,16,17,19","7,8,11,13,14,16,17,19",-,"1,2,4,7,8,11,13,14,16,17,19,22",-,0.000000000,0.000000000,0.000000000,19.326767,14.257361,no,no
CURRENT_PLATFORM,46,4.000000000000,1.150000000000,211.600000000000,212,0.018903591682,4.600000000000,0.600000000000,0.130434782609,0.002835538752,11,8,8,0,11,0,"7,9,11,13,15,17,19,21","7,9,11,13,15,17,19,21",-,"1,3,5,7,9,11,13,15,17,19,21",-,0.000000000,0.000000000,0.000000000,19.326767,14.254777,no,no
CURRENT_PLATFORM,47,4.000000000000,1.150000000000,216.200000000000,217,0.018501387604,4.600000000000,0.600000000000,0.130434782609,0.002775208141,23,16,16,0,23,0,"6,7,8,9,10,11,12,13,14,15,16,17,18,19,20,21","6,7,8,9,10,11,12,13,14,15,16,17,18,19,20,21",-,"1,2,3,4,5,6,7,8,9,10,11,12,13,14,15,16,17,18,19,20,21,22,23",-,0.000000000,0.000000000,0.000000000,19.326767,14.252194,no,no
CURRENT_PLATFORM,48,4.000000000000,1.150000000000,220.800000000000,221,0.018115942029,4.600000000000,0.600000000000,0.130434782609,0.002717391304,8,5,5,0,8,0,"7,11,13,17,19","7,11,13,17,19",-,"1,5,7,11,13,17,19,23",-,0.000000000,0.000000000,0.000000000,19.326767,14.249823,no,no
CURRENT_PLATFORM,49,4.000000000000,1.150000000000,225.400000000000,226,0.017746228926,4.600000000000,0.600000000000,0.130434782609,0.002661934339,21,14,14,0,21,0,"6,8,9,10,11,12,13,15,16,17,18,19,20,22","6,8,9,10,11,12,13,15,16,17,18,19,20,22",-,"1,2,3,4,5,6,8,9,10,11,12,13,15,16,17,18,19,20,22,23,24",-,0.000000000,0.000000000,0.000000000,19.326767,14.247454,no,no
CURRENT_PLATFORM,50,4.000000000000,1.150000000000,230.000000000000,230,0.017391304348,4.600000000000,0.600000000000,0.130434782609,0.002608695652,10,7,7,0,10,0,"7,9,11,13,17,19,21","7,9,11,13,17,19,21",-,"1,3,7,9,11,13,17,19,21,23",-,0.000000000,0.000000000,0.000000000,19.326767,14.245271,no,no
CURRENT_PLATFORM,5,4.000000000000,1.200000000000,24.000000000000,24,0.166666666667,4.800000000000,0.800000000000,0.166666666667,0.033333333333,2,2,2,0,2,2,"1,2","1,2",-,"1,2","1,2",3.014761936,1.249762008,2.132261972,19.692295,15.705851,no,yes
CURRENT_PLATFORM,6,4.000000000000,1.200000000000,28.800000000000,29,0.138888888889,4.800000000000,0.800000000000,0.166666666667,0.027777777778,1,1,1,0,1,1,1,1,-,1,1,2.166450586,2.166450586,2.166450586,19.692295,15.515520,no,yes
CURRENT_PLATFORM,7,4.000000000000,1.200000000000,33.600000000000,34,0.119047619048,4.800000000000,0.800000000000,0.166666666667,0.023809523810,3,3,3,0,3,3,"1,2,3","1,2,3",-,"1,2,3","1,2,3",1.615593269,0.541099495,1.072767842,19.692295,15.333181,no,yes
CURRENT_PLATFORM,8,4.000000000000,1.200000000000,38.400000000000,39,0.104166666667,4.800000000000,0.800000000000,0.166666666667,0.020833333333,2,2,2,0,2,2,"1,3","1,3",-,"1,3","1,3",1.244903553,0.622302042,0.933602798,19.692295,15.233831,no,yes
CURRENT_PLATFORM,9,4.000000000000,1.200000000000,43.200000000000,44,0.092592592593,4.800000000000,0.800000000000,0.166666666667,0.018518518519,3,2,2,0,3,2,"2,4","2,4",-,"1,2,4","2,4",0.644809378,0.301394567,0.473101973,19.692295,15.136703,no,yes
CURRENT_PLATFORM,10,4.000000000000,1.200000000000,48.000000000000,48,0.083333333333,4.800000000000,0.800000000000,0.166666666667,0.016666666667,2,1,1,0,2,1,3,3,-,"1,3",3,0.590812111,0.590812111,0.590812111,19.692295,15.075647,no,yes
CURRENT_PLATFORM,11,4.000000000000,1.200000000000,52.800000000000,53,0.075757575758,4.800000000000,0.800000000000,0.166666666667,0.015151515152,5,4,4,0,5,4,"2,3,4,5","2,3,4,5",-,"1,2,3,4,5","2,3,4,5",0.463046747,0.191903929,0.366951382,19.692295,15.015437,no,yes
CURRENT_PLATFORM,12,4.000000000000,1.200000000000,57.600000000000,58,0.069444444444,4.800000000000,0.800000000000,0.166666666667,0.013888888889,2,1,1,0,2,1,5,5,-,"1,5",5,0.187799546,0.187799546,0.187799546,19.692295,14.974106,no,yes
CURRENT_PLATFORM,13,4.000000000000,1.200000000000,62.400000000000,63,0.064102564103,4.800000000000,0.800000000000,0.166666666667,0.012820512821,6,4,4,0,6,4,"2,3,4,5","2,3,4,5",-,"1,2,3,4,5,6","2,3,4,5",0.406485068,0.216259283,0.310147333,19.692295,14.933164,no,yes
CURRENT_PLATFORM,14,4.000000000000,1.200000000000,67.200000000000,68,0.059523809524,4.800000000000,0.800000000000,0.166666666667,0.011904761905,3,2,2,0,3,2,"3,5","3,5",-,"1,3,5","3,5",0.312342216,0.283371887,0.297857051,19.692295,14.903325,no,yes
CURRENT_PLATFORM,15,4.000000000000,1.200000000000,72.000000000000,72,0.055555555556,4.800000000000,0.800000000000,0.166666666667,0.011111111111,4,2,2,0,4,2,"2,4","2,4",-,"1,2,4,7","2,4",0.296030714,0.173804625,0.234917669,19.692295,14.873691,no,yes
CURRENT_PLATFORM,16,4.000000000000,1.200000000000,76.800000000000,77,0.052083333333,4.800000000000,0.800000000000,0.166666666667,0.010416666667,4,3,3,0,4,2,"3,5,7","3,5,7",-,"1,3,5,7","3,5",0.308993188,0.220203236,0.264598212,19.692295,14.851136,no,yes
CURRENT_PLATFORM,17,4.000000000000,1.200000000000,81.600000000000,82,0.049019607843,4.800000000000,0.800000000000,0.166666666667,0.009803921569,8,6,6,0,8,6,"2,3,4,5,6,7","2,3,4,5,6,7",-,"1,2,3,4,5,6,7,8","2,3,4,5,6,7",0.250772360,0.115513993,0.182716286,19.692295,14.828699,no,yes
CURRENT_PLATFORM,18,4.000000000000,1.200000000000,86.400000000000,87,0.046296296296,4.800000000000,0.800000000000,0.166666666667,0.009259259259,3,2,2,0,3,2,"5,7","5,7",-,"1,5,7","5,7",0.167370837,0.128892702,0.148131770,19.692295,14.811051,no,yes
CURRENT_PLATFORM,19,4.000000000000,1.200000000000,91.200000000000,92,0.043859649123,4.800000000000,0.800000000000,0.166666666667,0.008771929825,9,6,6,0,9,5,"3,4,5,6,7,8","3,4,5,6,7,8",-,"1,2,3,4,5,6,7,8,9","3,4,5,6,7",0.248908948,0.109343335,0.179517925,19.692295,14.793475,no,yes
CURRENT_PLATFORM,20,4.000000000000,1.200000000000,96.000000000000,96,0.041666666667,4.800000000000,0.800000000000,0.166666666667,0.008333333333,4,3,3,0,4,2,"3,7,9","3,7,9",-,"1,3,7,9","3,7",0.208722382,0.116226950,0.162474666,19.692295,14.779290,no,yes
CURRENT_PLATFORM,21,4.000000000000,1.200000000000,100.800000000000,101,0.039682539683,4.800000000000,0.800000000000,0.166666666667,0.007936507937,6,3,3,0,6,2,"4,5,8","4,5,8",-,"1,2,4,5,8,10","4,5",0.192025774,0.152516818,0.172271296,19.692295,14.765151,no,yes
CURRENT_PLATFORM,22,4.000000000000,1.200000000000,105.600000000000,106,0.037878787879,4.800000000000,0.800000000000,0.166666666667,0.007575757576,5,4,4,0,5,2,"3,5,7,9","3,5,7,9",-,"1,3,5,7,9","5,7",0.208250782,0.110727941,0.159489361,19.692295,14.753500,no,yes
CURRENT_PLATFORM,23,4.000000000000,1.200000000000,110.400000000000,111,0.036231884058,4.800000000000,0.800000000000,0.166666666667,0.007246376812,11,8,8,0,11,4,"3,4,5,6,7,8,9,10","3,4,5,6,7,8,9,10",-,"1,2,3,4,5,6,7,8,9,10,11","4,5,6,8",0.179040700,0.101734480,0.141614755,19.692295,14.741881,no,yes
CURRENT_PLATFORM,24,4.000000000000,1.200000000000,115.200000000000,116,0.034722222222,4.800000000000,0.800000000000,0.166666666667,0.006944444444,4,2,2,0,4,2,"5,7","5,7",-,"1,5,7,11","5,7",0.132978081,0.106303266,0.119640673,19.692295,14.732141,no,yes
CURRENT_PLATFORM,25,4.000000000000,1.200000000000,120.000000000000,120,0.033333333333,4.800000000000,0.800000000000,0.166666666667,0.006666666667,10,7,7,0,10,3,"3,4,6,7,8,9,11","3,4,6,7,8,9,11",-,"1,2,3,4,6,7,8,9,11,12","6,7,8",0.178942658,0.102012434,0.145506543,19.692295,14.722423,no,yes
CURRENT_PLATFORM,26,4.000000000000,1.200000000000,124.800000000000,125,0.032051282051,4.800000000000,0.800000000000,0.166666666667,0.006410256410,6,5,5,0,6,2,"3,5,7,9,11","3,5,7,9,11",-,"1,3,5,7,9,11","5,9",0.156752918,0.116699712,0.136726315,19.692295,14.714160,no,yes
CURRENT_PLATFORM,27,4.000000000000,1.200000000000,129.600000000000,130,0.030864197531,4.800000000000,0.800000000000,0.166666666667,0.006172839506,9,6,6,0,9,1,"4,5,7,8,10,11","4,5,7,8,10,11",-,"1,2,4,5,7,8,10,11,13",7,0.142072784,0.142072784,0.142072784,19.692295,14.705912,no,yes
CURRENT_PLATFORM,28,4.000000000000,1.200000000000,134.400000000000,135,0.029761904762,4.800000000000,0.800000000000,0.166666666667,0.005952380952,6,3,3,0,6,1,"5,9,11","5,9,11",-,"1,3,5,9,11,13",9,0.156829708,0.156829708,0.156829708,19.692295,14.698813,no,yes
CURRENT_PLATFORM,29,4.000000000000,1.200000000000,139.200000000000,140,0.028735632184,4.800000000000,0.800000000000,0.166666666667,0.005747126437,14,10,10,0,14,3,"4,5,6,7,8,9,10,11,12,13","4,5,6,7,8,9,10,11,12,13",-,"1,2,3,4,5,6,7,8,9,10,11,12,13,14","6,7,10",0.139401251,0.105022811,0.125052371,19.692295,14.691726,no,yes
CURRENT_PLATFORM,30,4.000000000000,1.200000000000,144.000000000000,144,0.027777777778,4.800000000000,0.800000000000,0.166666666667,0.005555555556,4,3,3,0,4,0,"7,11,13","7,11,13",-,"1,7,11,13",-,0.000000000,0.000000000,0.000000000,19.692295,14.685561,no,no
CURRENT_PLATFORM,31,4.000000000000,1.200000000000,148.800000000000,149,0.026881720430,4.800000000000,0.800000000000,0.166666666667,0.005376344086,15,11,11,0,15,2,"4,5,6,7,8,9,10,11,12,13,14","4,5,6,7,8,9,10,11,12,13,14",-,"1,2,3,4,5,6,7,8,9,10,11,12,13,14,15","8,10",0.139559893,0.121068681,0.130314287,19.692295,14.679405,no,yes
CURRENT_PLATFORM,32,4.000000000000,1.200000000000,153.600000000000,154,0.026041666667,4.800000000000,0.800000000000,0.166666666667,0.005208333333,8,5,5,0,8,1,"5,7,9,11,13","5,7,9,11,13",-,"1,3,5,7,9,11,13,15",11,0.125508932,0.125508932,0.125508932,19.692295,14.674002,no,yes
CURRENT_PLATFORM,33,4.000000000000,1.200000000000,158.400000000000,159,0.025252525253,4.800000000000,0.800000000000,0.166666666667,0.005050505051,10,7,7,0,10,1,"4,5,7,8,10,13,14","4,5,7,8,10,13,14",-,"1,2,4,5,7,8,10,13,14,16",8,0.112734068,0.112734068,0.112734068,19.692295,14.668605,no,yes
CURRENT_PLATFORM,34,4.000000000000,1.200000000000,163.200000000000,164,0.024509803922,4.800000000000,0.800000000000,0.166666666667,0.004901960784,8,6,6,0,8,1,"5,7,9,11,13,15","5,7,9,11,13,15",-,"1,3,5,7,9,11,13,15",11,0.125703436,0.125703436,0.125703436,19.692295,14.663831,no,yes
CURRENT_PLATFORM,35,4.000000000000,1.200000000000,168.000000000000,168,0.023809523810,4.800000000000,0.800000000000,0.166666666667,0.004761904762,12,8,8,0,12,2,"4,6,8,9,11,12,13,16","4,6,8,9,11,12,13,16",-,"1,2,3,4,6,8,9,11,12,13,16,17","9,12",0.114135010,0.105472528,0.109803769,19.692295,14.659061,no,yes
CURRENT_PLATFORM,36,4.000000000000,1.200000000000,172.800000000000,173,0.023148148148,4.800000000000,0.800000000000,0.166666666667,0.004629629630,6,4,4,0,6,0,"5,7,11,13","5,7,11,13",-,"1,5,7,11,13,17",-,0.000000000,0.000000000,0.000000000,19.692295,14.654811,no,no
CURRENT_PLATFORM,37,4.000000000000,1.200000000000,177.600000000000,178,0.022522522523,4.800000000000,0.800000000000,0.166666666667,0.004504504505,18,12,12,0,18,1,"5,6,7,8,9,10,11,12,13,14,15,16","5,6,7,8,9,10,11,12,13,14,15,16",-,"1,2,3,4,5,6,7,8,9,10,11,12,13,14,15,16,17,18",12,0.114341834,0.114341834,0.114341834,19.692295,14.650566,no,yes
CURRENT_PLATFORM,38,4.000000000000,1.200000000000,182.400000000000,183,0.021929824561,4.800000000000,0.800000000000,0.166666666667,0.004385964912,9,7,7,0,9,1,"5,7,9,11,13,15,17","5,7,9,11,13,15,17",-,"1,3,5,7,9,11,13,15,17",13,0.104651488,0.104651488,0.104651488,19.692295,14.646759,no,yes
CURRENT_PLATFORM,39,4.000000000000,1.200000000000,187.200000000000,188,0.021367521368,4.800000000000,0.800000000000,0.166666666667,0.004273504274,12,8,8,0,12,0,"5,7,8,10,11,14,16,17","5,7,8,10,11,14,16,17",-,"1,2,4,5,7,8,10,11,14,16,17,19",-,0.000000000,0.000000000,0.000000000,19.692295,14.642955,no,no
CURRENT_PLATFORM,40,4.000000000000,1.200000000000,192.000000000000,192,0.020833333333,4.800000000000,0.800000000000,0.166666666667,0.004166666667,8,5,5,0,8,1,"7,9,11,13,17","7,9,11,13,17",-,"1,3,7,9,11,13,17,19",13,0.104858412,0.104858412,0.104858412,19.692295,14.639525,no,yes
CURRENT_PLATFORM,41,4.000000000000,1.200000000000,196.800000000000,197,0.020325203252,4.800000000000,0.800000000000,0.166666666667,0.004065040650,20,14,14,0,20,0,"5,6,7,8,9,10,11,12,13,14,15,16,17,18","5,6,7,8,9,10,11,12,13,14,15,16,17,18",-,"1,2,3,4,5,6,7,8,9,10,11,12,13,14,15,16,17,18,19,20",-,0.000000000,0.000000000,0.000000000,19.692295,14.636098,no,no
CURRENT_PLATFORM,42,4.000000000000,1.200000000000,201.600000000000,202,0.019841269841,4.800000000000,0.800000000000,0.166666666667,0.003968253968,6,5,5,0,6,0,"5,11,13,17,19","5,11,13,17,19",-,"1,5,11,13,17,19",-,0.000000000,0.000000000,0.000000000,19.692295,14.632991,no,no
CURRENT_PLATFORM,43,4.000000000000,1.200000000000,206.400000000000,207,0.019379844961,4.800000000000,0.800000000000,0.166666666667,0.003875968992,21,15,15,0,21,0,"5,6,7,8,9,10,11,12,13,14,15,16,17,18,19","5,6,7,8,9,10,11,12,13,14,15,16,17,18,19",-,"1,2,3,4,5,6,7,8,9,10,11,12,13,14,15,16,17,18,19,20,21",-,0.000000000,0.000000000,0.000000000,19.692295,14.629887,no,no
CURRENT_PLATFORM,44,4.000000000000,1.200000000000,211.200000000000,212,0.018939393939,4.800000000000,0.800000000000,0.166666666667,0.003787878788,10,7,7,0,10,0,"5,7,9,13,15,17,19","5,7,9,13,15,17,19",-,"1,3,5,7,9,13,15,17,19,21",-,0.000000000,0.000000000,0.000000000,19.692295,14.627061,no,no
CURRENT_PLATFORM,45,4.000000000000,1.200000000000,216.000000000000,216,0.018518518519,4.800000000000,0.800000000000,0.166666666667,0.003703703704,12,8,8,0,12,0,"7,8,11,13,14,16,17,19","7,8,11,13,14,16,17,19",-,"1,2,4,7,8,11,13,14,16,17,19,22",-,0.000000000,0.000000000,0.000000000,19.692295,14.624236,no,no
CURRENT_PLATFORM,46,4.000000000000,1.200000000000,220.800000000000,221,0.018115942029,4.800000000000,0.800000000000,0.166666666667,0.003623188406,11,8,8,0,11,0,"7,9,11,13,15,17,19,21","7,9,11,13,15,17,19,21",-,"1,3,5,7,9,11,13,15,17,19,21",-,0.000000000,0.000000000,0.000000000,19.692295,14.621653,no,no
CURRENT_PLATFORM,47,4.000000000000,1.200000000000,225.600000000000,226,0.017730496454,4.800000000000,0.800000000000,0.166666666667,0.003546099291,23,16,16,0,23,0,"6,7,8,9,10,11,12,13,14,15,16,17,18,19,20,21","6,7,8,9,10,11,12,13,14,15,16,17,18,19,20,21",-,"1,2,3,4,5,6,7,8,9,10,11,12,13,14,15,16,17,18,19,20,21,22,23",-,0.000000000,0.000000000,0.000000000,19.692295,14.619072,no,no
CURRENT_PLATFORM,48,4.000000000000,1.200000000000,230.400000000000,231,0.017361111111,4.800000000000,0.800000000000,0.166666666667,0.003472222222,8,5,5,0,8,0,"7,11,13,17,19","7,11,13,17,19",-,"1,5,7,11,13,17,19,23",-,0.000000000,0.000000000,0.000000000,19.692295,14.616703,no,no
CURRENT_PLATFORM,49,4.000000000000,1.200000000000,235.200000000000,236,0.017006802721,4.800000000000,0.800000000000,0.166666666667,0.003401360544,21,14,14,0,21,0,"6,8,9,10,11,12,13,15,16,17,18,19,20,22","6,8,9,10,11,12,13,15,16,17,18,19,20,22",-,"1,2,3,4,5,6,8,9,10,11,12,13,15,16,17,18,19,20,22,23,24",-,0.000000000,0.000000000,0.000000000,19.692295,14.614335,no,no
CURRENT_PLATFORM,50,4.000000000000,1.200000000000,240.000000000000,240,0.016666666667,4.800000000000,0.800000000000,0.166666666667,0.003333333333,10,7,7,0,10,0,"7,9,11,13,17,19,21","7,9,11,13,17,19,21",-,"1,3,7,9,11,13,17,19,21,23",-,0.000000000,0.000000000,0.000000000,19.692295,14.612154,no,no
CURRENT_PLATFORM,5,4.000000000000,1.300000000000,26.000000000000,26,0.153846153846,5.200000000000,1.200000000000,0.230769230769,0.046153846154,2,2,2,0,2,2,"1,2","1,2",-,"1,2","1,2",4.109363531,1.711815969,2.910589750,20.380635,16.395230,no,yes
CURRENT_PLATFORM,6,4.000000000000,1.300000000000,31.200000000000,32,0.128205128205,5.200000000000,1.200000000000,0.230769230769,0.038461538462,1,1,1,0,1,1,1,1,-,1,1,2.939360676,2.939360676,2.939360676,20.380635,16.205117,no,yes
CURRENT_PLATFORM,7,4.000000000000,1.300000000000,36.400000000000,37,0.109890109890,5.200000000000,1.200000000000,0.230769230769,0.032967032967,3,3,3,0,3,3,"1,2,3","1,2,3",-,"1,2,3","1,2,3",2.185258617,0.734642972,1.462854973,20.380635,16.022979,no,yes
CURRENT_PLATFORM,8,4.000000000000,1.300000000000,41.600000000000,42,0.096153846154,5.200000000000,1.200000000000,0.230769230769,0.028846153846,2,2,2,0,2,2,"1,3","1,3",-,"1,3","1,3",1.680257932,0.864325104,1.272291518,20.380635,15.923742,no,yes
CURRENT_PLATFORM,9,4.000000000000,1.300000000000,46.800000000000,47,0.085470085470,5.200000000000,1.200000000000,0.230769230769,0.025641025641,3,2,2,0,3,2,"2,4","2,4",-,"1,2,4","2,4",0.892892003,0.407424184,0.650158093,20.380635,15.826722,no,yes
CURRENT_PLATFORM,10,4.000000000000,1.300000000000,52.000000000000,52,0.076923076923,5.200000000000,1.200000000000,0.230769230769,0.023076923077,2,1,1,0,2,1,3,3,-,"1,3",3,0.816909594,0.816909594,0.816909594,20.380635,15.765735,no,yes
CURRENT_PLATFORM,11,4.000000000000,1.300000000000,57.200000000000,58,0.069930069930,5.200000000000,1.200000000000,0.230769230769,0.020979020979,5,4,4,0,5,4,"2,3,4,5","2,3,4,5",-,"1,2,3,4,5","2,3,4,5",0.641280412,0.258759228,0.506869021,20.380635,15.705593,no,yes
CURRENT_PLATFORM,12,4.000000000000,1.300000000000,62.400000000000,63,0.064102564103,5.200000000000,1.200000000000,0.230769230769,0.019230769231,2,1,1,0,2,1,5,5,-,"1,5",5,0.260450542,0.260450542,0.260450542,20.380635,15.664307,no,yes
CURRENT_PLATFORM,13,4.000000000000,1.300000000000,67.600000000000,68,0.059171597633,5.200000000000,1.200000000000,0.230769230769,0.017751479290,6,4,4,0,6,4,"2,3,4,5","2,3,4,5",-,"1,2,3,4,5,6","2,3,4,5",0.562002146,0.299032806,0.429175412,20.380635,15.623410,no,yes
CURRENT_PLATFORM,14,4.000000000000,1.300000000000,72.800000000000,73,0.054945054945,5.200000000000,1.200000000000,0.230769230769,0.016483516484,3,2,2,0,3,2,"3,5","3,5",-,"1,3,5","3,5",0.433634986,0.392236373,0.412935679,20.380635,15.593605,no,yes
CURRENT_PLATFORM,15,4.000000000000,1.300000000000,78.000000000000,78,0.051282051282,5.200000000000,1.200000000000,0.230769230769,0.015384615385,4,2,2,0,4,2,"2,4","2,4",-,"1,2,4,7","2,4",0.409965976,0.240701218,0.325333597,20.380635,15.564004,no,yes
CURRENT_PLATFORM,16,4.000000000000,1.300000000000,83.200000000000,84,0.048076923077,5.200000000000,1.200000000000,0.230769230769,0.014423076923,4,3,3,0,4,3,"3,5,7","3,5,7",-,"1,3,5,7","3,5,7",0.427237171,0.110474601,0.280925236,20.380635,15.541474,no,yes
CURRENT_PLATFORM,17,4.000000000000,1.300000000000,88.400000000000,89,0.045248868778,5.200000000000,1.200000000000,0.230769230769,0.013574660633,8,6,6,0,8,6,"2,3,4,5,6,7","2,3,4,5,6,7",-,"1,2,3,4,5,6,7,8","2,3,4,5,6,7",0.347279298,0.160294589,0.253182860,20.380635,15.519061,no,yes
CURRENT_PLATFORM,18,4.000000000000,1.300000000000,93.600000000000,94,0.042735042735,5.200000000000,1.200000000000,0.230769230769,0.012820512821,3,2,2,0,3,2,"5,7","5,7",-,"1,5,7","5,7",0.231718600,0.178169874,0.204944237,20.380635,15.501433,no,yes
CURRENT_PLATFORM,19,4.000000000000,1.300000000000,98.800000000000,99,0.040485829960,5.200000000000,1.200000000000,0.230769230769,0.012145748988,9,6,6,0,9,6,"3,4,5,6,7,8","3,4,5,6,7,8",-,"1,2,3,4,5,6,7,8,9","3,4,5,6,7,8",0.344192682,0.102262030,0.224107818,20.380635,15.483876,no,yes
CURRENT_PLATFORM,20,4.000000000000,1.300000000000,104.000000000000,104,0.038461538462,5.200000000000,1.200000000000,0.230769230769,0.011538461538,4,3,3,0,4,2,"3,7,9","3,7,9",-,"1,3,7,9","3,7",0.289566105,0.160850866,0.225208485,20.380635,15.469707,no,yes
CURRENT_PLATFORM,21,4.000000000000,1.300000000000,109.200000000000,110,0.036630036630,5.200000000000,1.200000000000,0.230769230769,0.010989010989,6,3,3,0,6,3,"4,5,8","4,5,8",-,"1,2,4,5,8,10","4,5,8",0.265913178,0.118747840,0.198648256,20.380635,15.455583,no,yes
CURRENT_PLATFORM,22,4.000000000000,1.300000000000,114.400000000000,115,0.034965034965,5.200000000000,1.200000000000,0.230769230769,0.010489510490,5,4,4,0,5,4,"3,5,7,9","3,5,7,9",-,"1,3,5,7,9","3,5,7,9",0.287998209,0.116112862,0.172038832,20.380635,15.443945,no,yes
CURRENT_PLATFORM,23,4.000000000000,1.300000000000,119.600000000000,120,0.033444816054,5.200000000000,1.200000000000,0.230769230769,0.010033444816,11,8,8,0,11,7,"3,4,5,6,7,8,9,10","3,4,5,6,7,8,9,10",-,"1,2,3,4,5,6,7,8,9,10,11","3,4,5,6,7,8,9",0.248327053,0.110193668,0.164668858,20.380635,15.432338,no,yes
CURRENT_PLATFORM,24,4.000000000000,1.300000000000,124.800000000000,125,0.032051282051,5.200000000000,1.200000000000,0.230769230769,0.009615384615,4,2,2,0,4,2,"5,7","5,7",-,"1,5,7,11","5,7",0.184060710,0.147216271,0.165638491,20.380635,15.422609,no,yes
CURRENT_PLATFORM,25,4.000000000000,1.300000000000,130.000000000000,130,0.030769230769,5.200000000000,1.200000000000,0.230769230769,0.009230769231,10,7,7,0,10,4,"3,4,6,7,8,9,11","3,4,6,7,8,9,11",-,"1,2,3,4,6,7,8,9,11,12","4,6,7,8",0.247489098,0.134517647,0.184662818,20.380635,15.412902,no,yes
CURRENT_PLATFORM,26,4.000000000000,1.300000000000,135.200000000000,136,0.029585798817,5.200000000000,1.200000000000,0.230769230769,0.008875739645,6,5,5,0,6,3,"3,5,7,9,11","3,5,7,9,11",-,"1,3,5,7,9,11","5,7,9",0.217372202,0.109035671,0.162687674,20.380635,15.404647,no,yes
CURRENT_PLATFORM,27,4.000000000000,1.300000000000,140.400000000000,141,0.028490028490,5.200000000000,1.200000000000,0.230769230769,0.008547008547,9,6,6,0,9,3,"4,5,7,8,10,11","4,5,7,8,10,11",-,"1,2,4,5,7,8,10,11,13","4,7,8",0.196731386,0.102102002,0.134161235,20.380635,15.396409,no,yes
CURRENT_PLATFORM,28,4.000000000000,1.300000000000,145.600000000000,146,0.027472527473,5.200000000000,1.200000000000,0.230769230769,0.008241758242,6,3,3,0,6,1,"5,9,11","5,9,11",-,"1,3,5,9,11,13",9,0.216923000,0.216923000,0.216923000,20.380635,15.389317,no,yes
CURRENT_PLATFORM,29,4.000000000000,1.300000000000,150.800000000000,151,0.026525198939,5.200000000000,1.200000000000,0.230769230769,0.007957559682,14,10,10,0,14,4,"4,5,6,7,8,9,10,11,12,13","4,5,6,7,8,9,10,11,12,13",-,"1,2,3,4,5,6,7,8,9,10,11,12,13,14","5,6,7,10",0.193280296,0.115847709,0.158881540,20.380635,15.382238,no,yes
CURRENT_PLATFORM,30,4.000000000000,1.300000000000,156.000000000000,156,0.025641025641,5.200000000000,1.200000000000,0.230769230769,0.007692307692,4,3,3,0,4,0,"7,11,13","7,11,13",-,"1,7,11,13",-,0.000000000,0.000000000,0.000000000,20.380635,15.376080,no,no
CURRENT_PLATFORM,31,4.000000000000,1.300000000000,161.200000000000,162,0.024813895782,5.200000000000,1.200000000000,0.230769230769,0.007444168734,15,11,11,0,15,5,"4,5,6,7,8,9,10,11,12,13,14","4,5,6,7,8,9,10,11,12,13,14",-,"1,2,3,4,5,6,7,8,9,10,11,12,13,14,15","5,6,8,9,10",0.193049669,0.102730584,0.139770051,20.380635,15.369930,no,yes
CURRENT_PLATFORM,32,4.000000000000,1.300000000000,166.400000000000,167,0.024038461538,5.200000000000,1.200000000000,0.230769230769,0.007211538462,8,5,5,0,8,2,"5,7,9,11,13","5,7,9,11,13",-,"1,3,5,7,9,11,13,15","9,11",0.173996410,0.101531289,0.137763849,20.380635,15.364533,no,yes
CURRENT_PLATFORM,33,4.000000000000,1.300000000000,171.600000000000,172,0.023310023310,5.200000000000,1.200000000000,0.230769230769,0.006993006993,10,7,7,0,10,1,"4,5,7,8,10,13,14","4,5,7,8,10,13,14",-,"1,2,4,5,7,8,10,13,14,16",8,0.156101780,0.156101780,0.156101780,20.380635,15.359142,no,yes
CURRENT_PLATFORM,34,4.000000000000,1.300000000000,176.800000000000,177,0.022624434389,5.200000000000,1.200000000000,0.230769230769,0.006787330317,8,6,6,0,8,2,"5,7,9,11,13,15","5,7,9,11,13,15",-,"1,3,5,7,9,11,13,15","7,11",0.173893440,0.120103396,0.146998418,20.380635,15.354373,no,yes
CURRENT_PLATFORM,35,4.000000000000,1.300000000000,182.000000000000,182,0.021978021978,5.200000000000,1.200000000000,0.230769230769,0.006593406593,12,8,8,0,12,2,"4,6,8,9,11,12,13,16","4,6,8,9,11,12,13,16",-,"1,2,3,4,6,8,9,11,12,13,16,17","9,12",0.158211673,0.146045992,0.152128833,20.380635,15.349608,no,yes
CURRENT_PLATFORM,36,4.000000000000,1.300000000000,187.200000000000,188,0.021367521368,5.200000000000,1.200000000000,0.230769230769,0.006410256410,6,4,4,0,6,1,"5,7,11,13","5,7,11,13",-,"1,5,7,11,13,17",7,0.110014894,0.110014894,0.110014894,20.380635,15.345363,no,yes
CURRENT_PLATFORM,37,4.000000000000,1.300000000000,192.400000000000,193,0.020790020790,5.200000000000,1.200000000000,0.230769230769,0.006237006237,18,12,12,0,18,2,"5,6,7,8,9,10,11,12,13,14,15,16","5,6,7,8,9,10,11,12,13,14,15,16",-,"1,2,3,4,5,6,7,8,9,10,11,12,13,14,15,16,17,18","9,12",0.158185151,0.137206778,0.147695964,20.380635,15.341122,no,yes
CURRENT_PLATFORM,38,4.000000000000,1.300000000000,197.600000000000,198,0.020242914980,5.200000000000,1.200000000000,0.230769230769,0.006072874494,9,7,7,0,9,1,"5,7,9,11,13,15,17","5,7,9,11,13,15,17",-,"1,3,5,7,9,11,13,15,17",13,0.145052823,0.145052823,0.145052823,20.380635,15.337319,no,yes
CURRENT_PLATFORM,39,4.000000000000,1.300000000000,202.800000000000,203,0.019723865878,5.200000000000,1.200000000000,0.230769230769,0.005917159763,12,8,8,0,12,2,"5,7,8,10,11,14,16,17","5,7,8,10,11,14,16,17",-,"1,2,4,5,7,8,10,11,14,16,17,19","8,10",0.129376026,0.102310881,0.115843453,20.380635,15.333519,no,yes
CURRENT_PLATFORM,40,4.000000000000,1.300000000000,208.000000000000,208,0.019230769231,5.200000000000,1.200000000000,0.230769230769,0.005769230769,8,5,5,0,8,1,"7,9,11,13,17","7,9,11,13,17",-,"1,3,7,9,11,13,17,19",13,0.145072688,0.145072688,0.145072688,20.380635,15.330093,no,yes
CURRENT_PLATFORM,41,4.000000000000,1.300000000000,213.200000000000,214,0.018761726079,5.200000000000,1.200000000000,0.230769230769,0.005628517824,20,14,14,0,20,2,"5,6,7,8,9,10,11,12,13,14,15,16,17,18","5,6,7,8,9,10,11,12,13,14,15,16,17,18",-,"1,2,3,4,5,6,7,8,9,10,11,12,13,14,15,16,17,18,19,20","10,14",0.133914887,0.122390519,0.128152703,20.380635,15.326669,no,yes
CURRENT_PLATFORM,42,4.000000000000,1.300000000000,218.400000000000,219,0.018315018315,5.200000000000,1.200000000000,0.230769230769,0.005494505495,6,5,5,0,6,0,"5,11,13,17,19","5,11,13,17,19",-,"1,5,11,13,17,19",-,0.000000000,0.000000000,0.000000000,20.380635,15.323566,no,no
CURRENT_PLATFORM,43,4.000000000000,1.300000000000,223.600000000000,224,0.017889087657,5.200000000000,1.200000000000,0.230769230769,0.005366726297,21,15,15,0,21,2,"5,6,7,8,9,10,11,12,13,14,15,16,17,18,19","5,6,7,8,9,10,11,12,13,14,15,16,17,18,19",-,"1,2,3,4,5,6,7,8,9,10,11,12,13,14,15,16,17,18,19,20,21","11,14",0.133962912,0.116120451,0.125041682,20.380635,15.320466,no,yes
CURRENT_PLATFORM,44,4.000000000000,1.300000000000,228.800000000000,229,0.017482517483,5.200000000000,1.200000000000,0.230769230769,0.005244755245,10,7,7,0,10,1,"5,7,9,13,15,17,19","5,7,9,13,15,17,19",-,"1,3,5,7,9,13,15,17,19,21",15,0.124365489,0.124365489,0.124365489,20.380635,15.317642,no,yes
CURRENT_PLATFORM,45,4.000000000000,1.300000000000,234.000000000000,234,0.017094017094,5.200000000000,1.200000000000,0.230769230769,0.005128205128,12,8,8,0,12,1,"7,8,11,13,14,16,17,19","7,8,11,13,14,16,17,19",-,"1,2,4,7,8,11,13,14,16,17,19,22",11,0.110461295,0.110461295,0.110461295,20.380635,15.314821,no,yes
CURRENT_PLATFORM,46,4.000000000000,1.300000000000,239.200000000000,240,0.016722408027,5.200000000000,1.200000000000,0.230769230769,0.005016722408,11,8,8,0,11,1,"7,9,11,13,15,17,19,21","7,9,11,13,15,17,19,21",-,"1,3,5,7,9,11,13,15,17,19,21",15,0.124430341,0.124430341,0.124430341,20.380635,15.312241,no,yes
CURRENT_PLATFORM,47,4.000000000000,1.300000000000,244.400000000000,245,0.016366612111,5.200000000000,1.200000000000,0.230769230769,0.004909983633,23,16,16,0,23,2,"6,7,8,9,10,11,12,13,14,15,16,17,18,19,20,21","6,7,8,9,10,11,12,13,14,15,16,17,18,19,20,21",-,"1,2,3,4,5,6,7,8,9,10,11,12,13,14,15,16,17,18,19,20,21,22,23","12,16",0.116087392,0.105327938,0.110707665,20.380635,15.309662,no,yes
CURRENT_PLATFORM,48,4.000000000000,1.300000000000,249.600000000000,250,0.016025641026,5.200000000000,1.200000000000,0.230769230769,0.004807692308,8,5,5,0,8,0,"7,11,13,17,19","7,11,13,17,19",-,"1,5,7,11,13,17,19,23",-,0.000000000,0.000000000,0.000000000,20.380635,15.307296,no,no
CURRENT_PLATFORM,49,4.000000000000,1.300000000000,254.800000000000,255,0.015698587127,5.200000000000,1.200000000000,0.230769230769,0.004709576138,21,14,14,0,21,2,"6,8,9,10,11,12,13,15,16,17,18,19,20,22","6,8,9,10,11,12,13,15,16,17,18,19,20,22",-,"1,2,3,4,5,6,8,9,10,11,12,13,15,16,17,18,19,20,22,23,24","12,16",0.116161889,0.100650371,0.108406130,20.380635,15.304930,no,yes
CURRENT_PLATFORM,50,4.000000000000,1.300000000000,260.000000000000,260,0.015384615385,5.200000000000,1.200000000000,0.230769230769,0.004615384615,10,7,7,0,10,1,"7,9,11,13,17,19,21","7,9,11,13,17,19,21",-,"1,3,7,9,11,13,17,19,21,23",17,0.108842561,0.108842561,0.108842561,20.380635,15.302752,no,yes
CURRENT_PLATFORM,5,5.000000000000,1.000000000000,25.000000000000,25,0.200000000000,5.000000000000,0.000000000000,0.000000000000,0.000000000000,2,2,2,0,2,0,"1,2","1,2",-,"1,2",-,0.000000000,0.000000000,0.000000000,20.043214,16.057320,yes,no
CURRENT_PLATFORM,6,5.000000000000,1.000000000000,30.000000000000,30,0.166666666667,5.000000000000,0.000000000000,0.000000000000,0.000000000000,1,1,1,0,1,0,1,1,-,1,-,0.000000000,0.000000000,0.000000000,20.043214,15.867105,yes,no
CURRENT_PLATFORM,7,5.000000000000,1.000000000000,35.000000000000,35,0.142857142857,5.000000000000,0.000000000000,0.000000000000,0.000000000000,3,3,3,0,3,0,"1,2,3","1,2,3",-,"1,2,3",-,0.000000000,0.000000000,0.000000000,20.043214,15.684872,yes,no
CURRENT_PLATFORM,8,5.000000000000,1.000000000000,40.000000000000,40,0.125000000000,5.000000000000,0.000000000000,0.000000000000,0.000000000000,2,2,2,0,2,0,"1,3","1,3",-,"1,3",-,0.000000000,0.000000000,0.000000000,20.043214,15.585582,yes,no
CURRENT_PLATFORM,9,5.000000000000,1.000000000000,45.000000000000,45,0.111111111111,5.000000000000,0.000000000000,0.000000000000,0.000000000000,3,2,2,0,3,0,"2,4","2,4",-,"1,2,4",-,0.000000000,0.000000000,0.000000000,20.043214,15.488511,yes,no
CURRENT_PLATFORM,10,5.000000000000,1.000000000000,50.000000000000,50,0.100000000000,5.000000000000,0.000000000000,0.000000000000,0.000000000000,2,1,1,0,2,0,3,3,-,"1,3",-,0.000000000,0.000000000,0.000000000,20.043214,15.427492,yes,no
CURRENT_PLATFORM,11,5.000000000000,1.000000000000,55.000000000000,55,0.090909090909,5.000000000000,0.000000000000,0.000000000000,0.000000000000,5,4,4,0,5,0,"2,3,4,5","2,3,4,5",-,"1,2,3,4,5",-,0.000000000,0.000000000,0.000000000,20.043214,15.367318,yes,no
CURRENT_PLATFORM,12,5.000000000000,1.000000000000,60.000000000000,60,0.083333333333,5.000000000000,0.000000000000,0.000000000000,0.000000000000,2,1,1,0,2,0,5,5,-,"1,5",-,0.000000000,0.000000000,0.000000000,20.043214,15.326011,yes,no
CURRENT_PLATFORM,13,5.000000000000,1.000000000000,65.000000000000,65,0.076923076923,5.000000000000,0.000000000000,0.000000000000,0.000000000000,6,4,4,0,6,0,"2,3,4,5","2,3,4,5",-,"1,2,3,4,5,6",-,0.000000000,0.000000000,0.000000000,20.043214,15.285093,yes,no
CURRENT_PLATFORM,14,5.000000000000,1.000000000000,70.000000000000,70,0.071428571429,5.000000000000,0.000000000000,0.000000000000,0.000000000000,3,2,2,0,3,0,"3,5","3,5",-,"1,3,5",-,0.000000000,0.000000000,0.000000000,20.043214,15.255272,yes,no
CURRENT_PLATFORM,15,5.000000000000,1.000000000000,75.000000000000,75,0.066666666667,5.000000000000,0.000000000000,0.000000000000,0.000000000000,4,2,2,0,4,0,"2,4","2,4",-,"1,2,4,7",-,0.000000000,0.000000000,0.000000000,20.043214,15.225655,yes,no
CURRENT_PLATFORM,16,5.000000000000,1.000000000000,80.000000000000,80,0.062500000000,5.000000000000,0.000000000000,0.000000000000,0.000000000000,4,3,3,0,4,0,"3,5,7","3,5,7",-,"1,3,5,7",-,0.000000000,0.000000000,0.000000000,20.043214,15.203114,yes,no
CURRENT_PLATFORM,17,5.000000000000,1.000000000000,85.000000000000,85,0.058823529412,5.000000000000,0.000000000000,0.000000000000,0.000000000000,8,6,6,0,8,0,"2,3,4,5,6,7","2,3,4,5,6,7",-,"1,2,3,4,5,6,7,8",-,0.000000000,0.000000000,0.000000000,20.043214,15.180689,yes,no
CURRENT_PLATFORM,18,5.000000000000,1.000000000000,90.000000000000,90,0.055555555556,5.000000000000,0.000000000000,0.000000000000,0.000000000000,3,2,2,0,3,0,"5,7","5,7",-,"1,5,7",-,0.000000000,0.000000000,0.000000000,20.043214,15.163052,yes,no
CURRENT_PLATFORM,19,5.000000000000,1.000000000000,95.000000000000,95,0.052631578947,5.000000000000,0.000000000000,0.000000000000,0.000000000000,9,6,6,0,9,0,"3,4,5,6,7,8","3,4,5,6,7,8",-,"1,2,3,4,5,6,7,8,9",-,0.000000000,0.000000000,0.000000000,20.043214,15.145486,yes,no
CURRENT_PLATFORM,20,5.000000000000,1.000000000000,100.000000000000,100,0.050000000000,5.000000000000,0.000000000000,0.000000000000,0.000000000000,4,3,3,0,4,0,"3,7,9","3,7,9",-,"1,3,7,9",-,0.000000000,0.000000000,0.000000000,20.043214,15.131309,yes,no
CURRENT_PLATFORM,21,5.000000000000,1.000000000000,105.000000000000,105,0.047619047619,5.000000000000,0.000000000000,0.000000000000,0.000000000000,6,3,3,0,6,0,"4,5,8","4,5,8",-,"1,2,4,5,8,10",-,0.000000000,0.000000000,0.000000000,20.043214,15.117178,yes,no
CURRENT_PLATFORM,22,5.000000000000,1.000000000000,110.000000000000,110,0.045454545455,5.000000000000,0.000000000000,0.000000000000,0.000000000000,5,4,4,0,5,0,"3,5,7,9","3,5,7,9",-,"1,3,5,7,9",-,0.000000000,0.000000000,0.000000000,20.043214,15.105534,yes,no
CURRENT_PLATFORM,23,5.000000000000,1.000000000000,115.000000000000,115,0.043478260870,5.000000000000,0.000000000000,0.000000000000,0.000000000000,11,8,8,0,11,0,"3,4,5,6,7,8,9,10","3,4,5,6,7,8,9,10",-,"1,2,3,4,5,6,7,8,9,10,11",-,0.000000000,0.000000000,0.000000000,20.043214,15.093921,yes,no
CURRENT_PLATFORM,24,5.000000000000,1.000000000000,120.000000000000,120,0.041666666667,5.000000000000,0.000000000000,0.000000000000,0.000000000000,4,2,2,0,4,0,"5,7","5,7",-,"1,5,7,11",-,0.000000000,0.000000000,0.000000000,20.043214,15.084187,yes,no
CURRENT_PLATFORM,25,5.000000000000,1.000000000000,125.000000000000,125,0.040000000000,5.000000000000,0.000000000000,0.000000000000,0.000000000000,10,7,7,0,10,0,"3,4,6,7,8,9,11","3,4,6,7,8,9,11",-,"1,2,3,4,6,7,8,9,11,12",-,0.000000000,0.000000000,0.000000000,20.043214,15.074475,yes,no
CURRENT_PLATFORM,26,5.000000000000,1.000000000000,130.000000000000,130,0.038461538462,5.000000000000,0.000000000000,0.000000000000,0.000000000000,6,5,5,0,6,0,"3,5,7,9,11","3,5,7,9,11",-,"1,3,5,7,9,11",-,0.000000000,0.000000000,0.000000000,20.043214,15.066216,yes,no
CURRENT_PLATFORM,27,5.000000000000,1.000000000000,135.000000000000,135,0.037037037037,5.000000000000,0.000000000000,0.000000000000,0.000000000000,9,6,6,0,9,0,"4,5,7,8,10,11","4,5,7,8,10,11",-,"1,2,4,5,7,8,10,11,13",-,0.000000000,0.000000000,0.000000000,20.043214,15.057973,yes,no
CURRENT_PLATFORM,28,5.000000000000,1.000000000000,140.000000000000,140,0.035714285714,5.000000000000,0.000000000000,0.000000000000,0.000000000000,6,3,3,0,6,0,"5,9,11","5,9,11",-,"1,3,5,9,11,13",-,0.000000000,0.000000000,0.000000000,20.043214,15.050878,yes,no
CURRENT_PLATFORM,29,5.000000000000,1.000000000000,145.000000000000,145,0.034482758621,5.000000000000,0.000000000000,0.000000000000,0.000000000000,14,10,10,0,14,0,"4,5,6,7,8,9,10,11,12,13","4,5,6,7,8,9,10,11,12,13",-,"1,2,3,4,5,6,7,8,9,10,11,12,13,14",-,0.000000000,0.000000000,0.000000000,20.043214,15.043795,yes,no
CURRENT_PLATFORM,30,5.000000000000,1.000000000000,150.000000000000,150,0.033333333333,5.000000000000,0.000000000000,0.000000000000,0.000000000000,4,3,3,0,4,0,"7,11,13","7,11,13",-,"1,7,11,13",-,0.000000000,0.000000000,0.000000000,20.043214,15.037634,yes,no
CURRENT_PLATFORM,31,5.000000000000,1.000000000000,155.000000000000,155,0.032258064516,5.000000000000,0.000000000000,0.000000000000,0.000000000000,15,11,11,0,15,0,"4,5,6,7,8,9,10,11,12,13,14","4,5,6,7,8,9,10,11,12,13,14",-,"1,2,3,4,5,6,7,8,9,10,11,12,13,14,15",-,0.000000000,0.000000000,0.000000000,20.043214,15.031482,yes,no
CURRENT_PLATFORM,32,5.000000000000,1.000000000000,160.000000000000,160,0.031250000000,5.000000000000,0.000000000000,0.000000000000,0.000000000000,8,5,5,0,8,0,"5,7,9,11,13","5,7,9,11,13",-,"1,3,5,7,9,11,13,15",-,0.000000000,0.000000000,0.000000000,20.043214,15.026082,yes,no
CURRENT_PLATFORM,33,5.000000000000,1.000000000000,165.000000000000,165,0.030303030303,5.000000000000,0.000000000000,0.000000000000,0.000000000000,10,7,7,0,10,0,"4,5,7,8,10,13,14","4,5,7,8,10,13,14",-,"1,2,4,5,7,8,10,13,14,16",-,0.000000000,0.000000000,0.000000000,20.043214,15.020688,yes,no
CURRENT_PLATFORM,34,5.000000000000,1.000000000000,170.000000000000,170,0.029411764706,5.000000000000,0.000000000000,0.000000000000,0.000000000000,8,6,6,0,8,0,"5,7,9,11,13,15","5,7,9,11,13,15",-,"1,3,5,7,9,11,13,15",-,0.000000000,0.000000000,0.000000000,20.043214,15.015916,yes,no
CURRENT_PLATFORM,35,5.000000000000,1.000000000000,175.000000000000,175,0.028571428571,5.000000000000,0.000000000000,0.000000000000,0.000000000000,12,8,8,0,12,0,"4,6,8,9,11,12,13,16","4,6,8,9,11,12,13,16",-,"1,2,3,4,6,8,9,11,12,13,16,17",-,0.000000000,0.000000000,0.000000000,20.043214,15.011149,yes,no
CURRENT_PLATFORM,36,5.000000000000,1.000000000000,180.000000000000,180,0.027777777778,5.000000000000,0.000000000000,0.000000000000,0.000000000000,6,4,4,0,6,0,"5,7,11,13","5,7,11,13",-,"1,5,7,11,13,17",-,0.000000000,0.000000000,0.000000000,20.043214,15.006902,yes,no
CURRENT_PLATFORM,37,5.000000000000,1.000000000000,185.000000000000,185,0.027027027027,5.000000000000,0.000000000000,0.000000000000,0.000000000000,18,12,12,0,18,0,"5,6,7,8,9,10,11,12,13,14,15,16","5,6,7,8,9,10,11,12,13,14,15,16",-,"1,2,3,4,5,6,7,8,9,10,11,12,13,14,15,16,17,18",-,0.000000000,0.000000000,0.000000000,20.043214,15.002659,yes,no
CURRENT_PLATFORM,38,5.000000000000,1.000000000000,190.000000000000,190,0.026315789474,5.000000000000,0.000000000000,0.000000000000,0.000000000000,9,7,7,0,9,0,"5,7,9,11,13,15,17","5,7,9,11,13,15,17",-,"1,3,5,7,9,11,13,15,17",-,0.000000000,0.000000000,0.000000000,20.043214,14.998854,yes,no
CURRENT_PLATFORM,39,5.000000000000,1.000000000000,195.000000000000,195,0.025641025641,5.000000000000,0.000000000000,0.000000000000,0.000000000000,12,8,8,0,12,0,"5,7,8,10,11,14,16,17","5,7,8,10,11,14,16,17",-,"1,2,4,5,7,8,10,11,14,16,17,19",-,0.000000000,0.000000000,0.000000000,20.043214,14.995052,yes,no
CURRENT_PLATFORM,40,5.000000000000,1.000000000000,200.000000000000,200,0.025000000000,5.000000000000,0.000000000000,0.000000000000,0.000000000000,8,5,5,0,8,0,"7,9,11,13,17","7,9,11,13,17",-,"1,3,7,9,11,13,17,19",-,0.000000000,0.000000000,0.000000000,20.043214,14.991624,yes,no
CURRENT_PLATFORM,41,5.000000000000,1.000000000000,205.000000000000,205,0.024390243902,5.000000000000,0.000000000000,0.000000000000,0.000000000000,20,14,14,0,20,0,"5,6,7,8,9,10,11,12,13,14,15,16,17,18","5,6,7,8,9,10,11,12,13,14,15,16,17,18",-,"1,2,3,4,5,6,7,8,9,10,11,12,13,14,15,16,17,18,19,20",-,0.000000000,0.000000000,0.000000000,20.043214,14.988199,yes,no
CURRENT_PLATFORM,42,5.000000000000,1.000000000000,210.000000000000,210,0.023809523810,5.000000000000,0.000000000000,0.000000000000,0.000000000000,6,5,5,0,6,0,"5,11,13,17,19","5,11,13,17,19",-,"1,5,11,13,17,19",-,0.000000000,0.000000000,0.000000000,20.043214,14.985094,yes,no
CURRENT_PLATFORM,43,5.000000000000,1.000000000000,215.000000000000,215,0.023255813953,5.000000000000,0.000000000000,0.000000000000,0.000000000000,21,15,15,0,21,0,"5,6,7,8,9,10,11,12,13,14,15,16,17,18,19","5,6,7,8,9,10,11,12,13,14,15,16,17,18,19",-,"1,2,3,4,5,6,7,8,9,10,11,12,13,14,15,16,17,18,19,20,21",-,0.000000000,0.000000000,0.000000000,20.043214,14.981992,yes,no
CURRENT_PLATFORM,44,5.000000000000,1.000000000000,220.000000000000,220,0.022727272727,5.000000000000,0.000000000000,0.000000000000,0.000000000000,10,7,7,0,10,0,"5,7,9,13,15,17,19","5,7,9,13,15,17,19",-,"1,3,5,7,9,13,15,17,19,21",-,0.000000000,0.000000000,0.000000000,20.043214,14.979167,yes,no
CURRENT_PLATFORM,45,5.000000000000,1.000000000000,225.000000000000,225,0.022222222222,5.000000000000,0.000000000000,0.000000000000,0.000000000000,12,8,8,0,12,0,"7,8,11,13,14,16,17,19","7,8,11,13,14,16,17,19",-,"1,2,4,7,8,11,13,14,16,17,19,22",-,0.000000000,0.000000000,0.000000000,20.043214,14.976344,yes,no
CURRENT_PLATFORM,46,5.000000000000,1.000000000000,230.000000000000,230,0.021739130435,5.000000000000,0.000000000000,0.000000000000,0.000000000000,11,8,8,0,11,0,"7,9,11,13,15,17,19,21","7,9,11,13,15,17,19,21",-,"1,3,5,7,9,11,13,15,17,19,21",-,0.000000000,0.000000000,0.000000000,20.043214,14.973763,yes,no
CURRENT_PLATFORM,47,5.000000000000,1.000000000000,235.000000000000,235,0.021276595745,5.000000000000,0.000000000000,0.000000000000,0.000000000000,23,16,16,0,23,0,"6,7,8,9,10,11,12,13,14,15,16,17,18,19,20,21","6,7,8,9,10,11,12,13,14,15,16,17,18,19,20,21",-,"1,2,3,4,5,6,7,8,9,10,11,12,13,14,15,16,17,18,19,20,21,22,23",-,0.000000000,0.000000000,0.000000000,20.043214,14.971183,yes,no
CURRENT_PLATFORM,48,5.000000000000,1.000000000000,240.000000000000,240,0.020833333333,5.000000000000,0.000000000000,0.000000000000,0.000000000000,8,5,5,0,8,0,"7,11,13,17,19","7,11,13,17,19",-,"1,5,7,11,13,17,19,23",-,0.000000000,0.000000000,0.000000000,20.043214,14.968815,yes,no
CURRENT_PLATFORM,49,5.000000000000,1.000000000000,245.000000000000,245,0.020408163265,5.000000000000,0.000000000000,0.000000000000,0.000000000000,21,14,14,0,21,0,"6,8,9,10,11,12,13,15,16,17,18,19,20,22","6,8,9,10,11,12,13,15,16,17,18,19,20,22",-,"1,2,3,4,5,6,8,9,10,11,12,13,15,16,17,18,19,20,22,23,24",-,0.000000000,0.000000000,0.000000000,20.043214,14.966449,yes,no
CURRENT_PLATFORM,50,5.000000000000,1.000000000000,250.000000000000,250,0.020000000000,5.000000000000,0.000000000000,0.000000000000,0.000000000000,10,7,7,0,10,0,"7,9,11,13,17,19,21","7,9,11,13,17,19,21",-,"1,3,7,9,11,13,17,19,21,23",-,0.000000000,0.000000000,0.000000000,20.043214,14.964269,yes,no
CURRENT_PLATFORM,5,5.000000000000,1.020000000000,25.500000000000,26,0.196078431373,5.100000000000,0.100000000000,0.019607843137,0.003921568627,2,2,2,0,2,2,"1,2","1,2",-,"1,2","1,2",0.365026567,0.150435200,0.257730884,20.213547,16.227905,no,yes
CURRENT_PLATFORM,6,5.000000000000,1.020000000000,30.600000000000,31,0.163398692810,5.100000000000,0.100000000000,0.019607843137,0.003267973856,1,1,1,0,1,1,1,1,-,1,1,0.265454655,0.265454655,0.265454655,20.213547,16.037742,no,yes
CURRENT_PLATFORM,7,5.000000000000,1.020000000000,35.700000000000,36,0.140056022409,5.100000000000,0.100000000000,0.019607843137,0.002801120448,3,3,3,0,3,2,"1,2,3","1,2,3",-,"1,2,3","1,2",0.199487181,0.125093932,0.162290557,20.213547,15.855558,no,yes
CURRENT_PLATFORM,8,5.000000000000,1.020000000000,40.800000000000,41,0.122549019608,5.100000000000,0.100000000000,0.019607843137,0.002450980392,2,2,2,0,2,1,"1,3","1,3",-,"1,3",1,0.154531039,0.154531039,0.154531039,20.213547,15.756295,no,yes
CURRENT_PLATFORM,9,5.000000000000,1.020000000000,45.900000000000,46,0.108932461874,5.100000000000,0.100000000000,0.019607843137,0.002178649237,3,2,2,0,3,0,"2,4","2,4",-,"1,2,4",-,0.000000000,0.000000000,0.000000000,20.213547,15.659251,no,no
CURRENT_PLATFORM,10,5.000000000000,1.020000000000,51.000000000000,51,0.098039215686,5.100000000000,0.100000000000,0.019607843137,0.001960784314,2,1,1,0,2,0,3,3,-,"1,3",-,0.000000000,0.000000000,0.000000000,20.213547,15.598248,no,no
CURRENT_PLATFORM,11,5.000000000000,1.020000000000,56.100000000000,57,0.089126559715,5.100000000000,0.100000000000,0.019607843137,0.001782531194,5,4,4,0,5,0,"2,3,4,5","2,3,4,5",-,"1,2,3,4,5",-,0.000000000,0.000000000,0.000000000,20.213547,15.538090,no,no
CURRENT_PLATFORM,12,5.000000000000,1.020000000000,61.200000000000,62,0.081699346405,5.100000000000,0.100000000000,0.019607843137,0.001633986928,2,1,1,0,2,0,5,5,-,"1,5",-,0.000000000,0.000000000,0.000000000,20.213547,15.496794,no,no
CURRENT_PLATFORM,13,5.000000000000,1.020000000000,66.300000000000,67,0.075414781297,5.100000000000,0.100000000000,0.019607843137,0.001508295626,6,4,4,0,6,0,"2,3,4,5","2,3,4,5",-,"1,2,3,4,5,6",-,0.000000000,0.000000000,0.000000000,20.213547,15.455887,no,no
CURRENT_PLATFORM,14,5.000000000000,1.020000000000,71.400000000000,72,0.070028011204,5.100000000000,0.100000000000,0.019607843137,0.001400560224,3,2,2,0,3,0,"3,5","3,5",-,"1,3,5",-,0.000000000,0.000000000,0.000000000,20.213547,15.426075,no,no
CURRENT_PLATFORM,15,5.000000000000,1.020000000000,76.500000000000,77,0.065359477124,5.100000000000,0.100000000000,0.019607843137,0.001307189542,4,2,2,0,4,0,"2,4","2,4",-,"1,2,4,7",-,0.000000000,0.000000000,0.000000000,20.213547,15.396465,no,no
CURRENT_PLATFORM,16,5.000000000000,1.020000000000,81.600000000000,82,0.061274509804,5.100000000000,0.100000000000,0.019607843137,0.001225490196,4,3,3,0,4,0,"3,5,7","3,5,7",-,"1,3,5,7",-,0.000000000,0.000000000,0.000000000,20.213547,15.373930,no,no
CURRENT_PLATFORM,17,5.000000000000,1.020000000000,86.700000000000,87,0.057670126874,5.100000000000,0.100000000000,0.019607843137,0.001153402537,8,6,6,0,8,0,"2,3,4,5,6,7","2,3,4,5,6,7",-,"1,2,3,4,5,6,7,8",-,0.000000000,0.000000000,0.000000000,20.213547,15.351512,no,no
CURRENT_PLATFORM,18,5.000000000000,1.020000000000,91.800000000000,92,0.054466230937,5.100000000000,0.100000000000,0.019607843137,0.001089324619,3,2,2,0,3,0,"5,7","5,7",-,"1,5,7",-,0.000000000,0.000000000,0.000000000,20.213547,15.333879,no,no
CURRENT_PLATFORM,19,5.000000000000,1.020000000000,96.900000000000,97,0.051599587203,5.100000000000,0.100000000000,0.019607843137,0.001031991744,9,6,6,0,9,0,"3,4,5,6,7,8","3,4,5,6,7,8",-,"1,2,3,4,5,6,7,8,9",-,0.000000000,0.000000000,0.000000000,20.213547,15.316318,no,no
CURRENT_PLATFORM,20,5.000000000000,1.020000000000,102.000000000000,102,0.049019607843,5.100000000000,0.100000000000,0.019607843137,0.000980392157,4,3,3,0,4,0,"3,7,9","3,7,9",-,"1,3,7,9",-,0.000000000,0.000000000,0.000000000,20.213547,15.302145,no,no
CURRENT_PLATFORM,21,5.000000000000,1.020000000000,107.100000000000,108,0.046685340803,5.100000000000,0.100000000000,0.019607843137,0.000933706816,6,3,3,0,6,0,"4,5,8","4,5,8",-,"1,2,4,5,8,10",-,0.000000000,0.000000000,0.000000000,20.213547,15.288018,no,no
CURRENT_PLATFORM,22,5.000000000000,1.020000000000,112.200000000000,113,0.044563279857,5.100000000000,0.100000000000,0.019607843137,0.000891265597,5,4,4,0,5,0,"3,5,7,9","3,5,7,9",-,"1,3,5,7,9",-,0.000000000,0.000000000,0.000000000,20.213547,15.276377,no,no
CURRENT_PLATFORM,23,5.000000000000,1.020000000000,117.300000000000,118,0.042625745951,5.100000000000,0.100000000000,0.019607843137,0.000852514919,11,8,8,0,11,0,"3,4,5,6,7,8,9,10","3,4,5,6,7,8,9,10",-,"1,2,3,4,5,6,7,8,9,10,11",-,0.000000000,0.000000000,0.000000000,20.213547,15.264767,no,no
CURRENT_PLATFORM,24,5.000000000000,1.020000000000,122.400000000000,123,0.040849673203,5.100000000000,0.100000000000,0.019607843137,0.000816993464,4,2,2,0,4,0,"5,7","5,7",-,"1,5,7,11",-,0.000000000,0.000000000,0.000000000,20.213547,15.255036,no,no
CURRENT_PLATFORM,25,5.000000000000,1.020000000000,127.500000000000,128,0.039215686275,5.100000000000,0.100000000000,0.019607843137,0.000784313725,10,7,7,0,10,0,"3,4,6,7,8,9,11","3,4,6,7,8,9,11",-,"1,2,3,4,6,7,8,9,11,12",-,0.000000000,0.000000000,0.000000000,20.213547,15.245326,no,no
CURRENT_PLATFORM,26,5.000000000000,1.020000000000,132.600000000000,133,0.037707390649,5.100000000000,0.100000000000,0.019607843137,0.000754147813,6,5,5,0,6,0,"3,5,7,9,11","3,5,7,9,11",-,"1,3,5,7,9,11",-,0.000000000,0.000000000,0.000000000,20.213547,15.237069,no,no
CURRENT_PLATFORM,27,5.000000000000,1.020000000000,137.700000000000,138,0.036310820625,5.100000000000,0.100000000000,0.019607843137,0.000726216412,9,6,6,0,9,0,"4,5,7,8,10,11","4,5,7,8,10,11",-,"1,2,4,5,7,8,10,11,13",-,0.000000000,0.000000000,0.000000000,20.213547,15.228829,no,no
CURRENT_PLATFORM,28,5.000000000000,1.020000000000,142.800000000000,143,0.035014005602,5.100000000000,0.100000000000,0.019607843137,0.000700280112,6,3,3,0,6,0,"5,9,11","5,9,11",-,"1,3,5,9,11,13",-,0.000000000,0.000000000,0.000000000,20.213547,15.221735,no,no
CURRENT_PLATFORM,29,5.000000000000,1.020000000000,147.900000000000,148,0.033806626099,5.100000000000,0.100000000000,0.019607843137,0.000676132522,14,10,10,0,14,0,"4,5,6,7,8,9,10,11,12,13","4,5,6,7,8,9,10,11,12,13",-,"1,2,3,4,5,6,7,8,9,10,11,12,13,14",-,0.000000000,0.000000000,0.000000000,20.213547,15.214654,no,no
CURRENT_PLATFORM,30,5.000000000000,1.020000000000,153.000000000000,153,0.032679738562,5.100000000000,0.100000000000,0.019607843137,0.000653594771,4,3,3,0,4,0,"7,11,13","7,11,13",-,"1,7,11,13",-,0.000000000,0.000000000,0.000000000,20.213547,15.208494,no,no
CURRENT_PLATFORM,31,5.000000000000,1.020000000000,158.100000000000,159,0.031625553447,5.100000000000,0.100000000000,0.019607843137,0.000632511069,15,11,11,0,15,0,"4,5,6,7,8,9,10,11,12,13,14","4,5,6,7,8,9,10,11,12,13,14",-,"1,2,3,4,5,6,7,8,9,10,11,12,13,14,15",-,0.000000000,0.000000000,0.000000000,20.213547,15.202344,no,no
CURRENT_PLATFORM,32,5.000000000000,1.020000000000,163.200000000000,164,0.030637254902,5.100000000000,0.100000000000,0.019607843137,0.000612745098,8,5,5,0,8,0,"5,7,9,11,13","5,7,9,11,13",-,"1,3,5,7,9,11,13,15",-,0.000000000,0.000000000,0.000000000,20.213547,15.196945,no,no
CURRENT_PLATFORM,33,5.000000000000,1.020000000000,168.300000000000,169,0.029708853238,5.100000000000,0.100000000000,0.019607843137,0.000594177065,10,7,7,0,10,0,"4,5,7,8,10,13,14","4,5,7,8,10,13,14",-,"1,2,4,5,7,8,10,13,14,16",-,0.000000000,0.000000000,0.000000000,20.213547,15.191553,no,no
CURRENT_PLATFORM,34,5.000000000000,1.020000000000,173.400000000000,174,0.028835063437,5.100000000000,0.100000000000,0.019607843137,0.000576701269,8,6,6,0,8,0,"5,7,9,11,13,15","5,7,9,11,13,15",-,"1,3,5,7,9,11,13,15",-,0.000000000,0.000000000,0.000000000,20.213547,15.186782,no,no
CURRENT_PLATFORM,35,5.000000000000,1.020000000000,178.500000000000,179,0.028011204482,5.100000000000,0.100000000000,0.019607843137,0.000560224090,12,8,8,0,12,0,"4,6,8,9,11,12,13,16","4,6,8,9,11,12,13,16",-,"1,2,3,4,6,8,9,11,12,13,16,17",-,0.000000000,0.000000000,0.000000000,20.213547,15.182017,no,no
CURRENT_PLATFORM,36,5.000000000000,1.020000000000,183.600000000000,184,0.027233115468,5.100000000000,0.100000000000,0.019607843137,0.000544662309,6,4,4,0,6,0,"5,7,11,13","5,7,11,13",-,"1,5,7,11,13,17",-,0.000000000,0.000000000,0.000000000,20.213547,15.177770,no,no
CURRENT_PLATFORM,37,5.000000000000,1.020000000000,188.700000000000,189,0.026497085321,5.100000000000,0.100000000000,0.019607843137,0.000529941706,18,12,12,0,18,0,"5,6,7,8,9,10,11,12,13,14,15,16","5,6,7,8,9,10,11,12,13,14,15,16",-,"1,2,3,4,5,6,7,8,9,10,11,12,13,14,15,16,17,18",-,0.000000000,0.000000000,0.000000000,20.213547,15.173528,no,no
CURRENT_PLATFORM,38,5.000000000000,1.020000000000,193.800000000000,194,0.025799793602,5.100000000000,0.100000000000,0.019607843137,0.000515995872,9,7,7,0,9,0,"5,7,9,11,13,15,17","5,7,9,11,13,15,17",-,"1,3,5,7,9,11,13,15,17",-,0.000000000,0.000000000,0.000000000,20.213547,15.169724,no,no
CURRENT_PLATFORM,39,5.000000000000,1.020000000000,198.900000000000,199,0.025138260432,5.100000000000,0.100000000000,0.019607843137,0.000502765209,12,8,8,0,12,0,"5,7,8,10,11,14,16,17","5,7,8,10,11,14,16,17",-,"1,2,4,5,7,8,10,11,14,16,17,19",-,0.000000000,0.000000000,0.000000000,20.213547,15.165924,no,no
CURRENT_PLATFORM,40,5.000000000000,1.020000000000,204.000000000000,204,0.024509803922,5.100000000000,0.100000000000,0.019607843137,0.000490196078,8,5,5,0,8,0,"7,9,11,13,17","7,9,11,13,17",-,"1,3,7,9,11,13,17,19",-,0.000000000,0.000000000,0.000000000,20.213547,15.162497,no,no
CURRENT_PLATFORM,41,5.000000000000,1.020000000000,209.100000000000,210,0.023912003826,5.100000000000,0.100000000000,0.019607843137,0.000478240077,20,14,14,0,20,0,"5,6,7,8,9,10,11,12,13,14,15,16,17,18","5,6,7,8,9,10,11,12,13,14,15,16,17,18",-,"1,2,3,4,5,6,7,8,9,10,11,12,13,14,15,16,17,18,19,20",-,0.000000000,0.000000000,0.000000000,20.213547,15.159072,no,no
CURRENT_PLATFORM,42,5.000000000000,1.020000000000,214.200000000000,215,0.023342670401,5.100000000000,0.100000000000,0.019607843137,0.000466853408,6,5,5,0,6,0,"5,11,13,17,19","5,11,13,17,19",-,"1,5,11,13,17,19",-,0.000000000,0.000000000,0.000000000,20.213547,15.155968,no,no
CURRENT_PLATFORM,43,5.000000000000,1.020000000000,219.300000000000,220,0.022799817601,5.100000000000,0.100000000000,0.019607843137,0.000455996352,21,15,15,0,21,0,"5,6,7,8,9,10,11,12,13,14,15,16,17,18,19","5,6,7,8,9,10,11,12,13,14,15,16,17,18,19",-,"1,2,3,4,5,6,7,8,9,10,11,12,13,14,15,16,17,18,19,20,21",-,0.000000000,0.000000000,0.000000000,20.213547,15.152867,no,no
CURRENT_PLATFORM,44,5.000000000000,1.020000000000,224.400000000000,225,0.022281639929,5.100000000000,0.100000000000,0.019607843137,0.000445632799,10,7,7,0,10,0,"5,7,9,13,15,17,19","5,7,9,13,15,17,19",-,"1,3,5,7,9,13,15,17,19,21",-,0.000000000,0.000000000,0.000000000,20.213547,15.150043,no,no
CURRENT_PLATFORM,45,5.000000000000,1.020000000000,229.500000000000,230,0.021786492375,5.100000000000,0.100000000000,0.019607843137,0.000435729847,12,8,8,0,12,0,"7,8,11,13,14,16,17,19","7,8,11,13,14,16,17,19",-,"1,2,4,7,8,11,13,14,16,17,19,22",-,0.000000000,0.000000000,0.000000000,20.213547,15.147220,no,no
CURRENT_PLATFORM,46,5.000000000000,1.020000000000,234.600000000000,235,0.021312872975,5.100000000000,0.100000000000,0.019607843137,0.000426257460,11,8,8,0,11,0,"7,9,11,13,15,17,19,21","7,9,11,13,15,17,19,21",-,"1,3,5,7,9,11,13,15,17,19,21",-,0.000000000,0.000000000,0.000000000,20.213547,15.144640,no,no
CURRENT_PLATFORM,47,5.000000000000,1.020000000000,239.700000000000,240,0.020859407593,5.100000000000,0.100000000000,0.019607843137,0.000417188152,23,16,16,0,23,0,"6,7,8,9,10,11,12,13,14,15,16,17,18,19,20,21","6,7,8,9,10,11,12,13,14,15,16,17,18,19,20,21",-,"1,2,3,4,5,6,7,8,9,10,11,12,13,14,15,16,17,18,19,20,21,22,23",-,0.000000000,0.000000000,0.000000000,20.213547,15.142061,no,no
CURRENT_PLATFORM,48,5.000000000000,1.020000000000,244.800000000000,245,0.020424836601,5.100000000000,0.100000000000,0.019607843137,0.000408496732,8,5,5,0,8,0,"7,11,13,17,19","7,11,13,17,19",-,"1,5,7,11,13,17,19,23",-,0.000000000,0.000000000,0.000000000,20.213547,15.139694,no,no
CURRENT_PLATFORM,49,5.000000000000,1.020000000000,249.900000000000,250,0.020008003201,5.100000000000,0.100000000000,0.019607843137,0.000400160064,21,14,14,0,21,0,"6,8,9,10,11,12,13,15,16,17,18,19,20,22","6,8,9,10,11,12,13,15,16,17,18,19,20,22",-,"1,2,3,4,5,6,8,9,10,11,12,13,15,16,17,18,19,20,22,23,24",-,0.000000000,0.000000000,0.000000000,20.213547,15.137328,no,no
CURRENT_PLATFORM,50,5.000000000000,1.020000000000,255.000000000000,255,0.019607843137,5.100000000000,0.100000000000,0.019607843137,0.000392156863,10,7,7,0,10,0,"7,9,11,13,17,19,21","7,9,11,13,17,19,21",-,"1,3,7,9,11,13,17,19,21,23",-,0.000000000,0.000000000,0.000000000,20.213547,15.135148,no,no
CURRENT_PLATFORM,5,5.000000000000,1.050000000000,26.250000000000,27,0.190476190476,5.250000000000,0.250000000000,0.047619047619,0.009523809524,2,2,2,0,2,2,"1,2","1,2",-,"1,2","1,2",0.882323124,0.363828339,0.623075731,20.463000,16.477709,no,yes
CURRENT_PLATFORM,6,5.000000000000,1.050000000000,31.500000000000,32,0.158730158730,5.250000000000,0.250000000000,0.047619047619,0.007936507937,1,1,1,0,1,1,1,1,-,1,1,0.640101588,0.640101588,0.640101588,20.463000,16.287619,no,yes
CURRENT_PLATFORM,7,5.000000000000,1.050000000000,36.750000000000,37,0.136054421769,5.250000000000,0.250000000000,0.047619047619,0.006802721088,3,3,3,0,3,3,"1,2,3","1,2,3",-,"1,2,3","1,2,3",0.480292302,0.160102447,0.314704903,20.463000,16.105503,no,yes
CURRENT_PLATFORM,8,5.000000000000,1.050000000000,42.000000000000,42,0.119047619048,5.250000000000,0.250000000000,0.047619047619,0.005952380952,2,2,2,0,2,2,"1,3","1,3",-,"1,3","1,3",0.371664086,0.176740986,0.274202536,20.463000,16.006278,no,yes
CURRENT_PLATFORM,9,5.000000000000,1.050000000000,47.250000000000,48,0.105820105820,5.250000000000,0.250000000000,0.047619047619,0.005291005291,3,2,2,0,3,1,"2,4","2,4",-,"1,2,4",2,0.184183826,0.184183826,0.184183826,20.463000,15.909270,no,yes
CURRENT_PLATFORM,10,5.000000000000,1.050000000000,52.500000000000,53,0.095238095238,5.250000000000,0.250000000000,0.047619047619,0.004761904762,2,1,1,0,2,1,3,3,-,"1,3",3,0.169219301,0.169219301,0.169219301,20.463000,15.848291,no,yes
CURRENT_PLATFORM,11,5.000000000000,1.050000000000,57.750000000000,58,0.086580086580,5.250000000000,0.250000000000,0.047619047619,0.004329004329,5,4,4,0,5,3,"2,3,4,5","2,3,4,5",-,"1,2,3,4,5","2,3,4",0.132238484,0.113423519,0.121240201,20.463000,15.788156,no,yes
CURRENT_PLATFORM,12,5.000000000000,1.050000000000,63.000000000000,63,0.079365079365,5.250000000000,0.250000000000,0.047619047619,0.003968253968,2,1,1,0,2,0,5,5,-,"1,5",-,0.000000000,0.000000000,0.000000000,20.463000,15.746875,no,no
CURRENT_PLATFORM,13,5.000000000000,1.050000000000,68.250000000000,69,0.073260073260,5.250000000000,0.250000000000,0.047619047619,0.003663003663,6,4,4,0,6,2,"2,3,4,5","2,3,4,5",-,"1,2,3,4,5,6","3,4",0.116445481,0.103150767,0.109798124,20.463000,15.705984,no,yes
CURRENT_PLATFORM,14,5.000000000000,1.050000000000,73.500000000000,74,0.068027210884,5.250000000000,0.250000000000,0.047619047619,0.003401360544,3,2,2,0,3,0,"3,5","3,5",-,"1,3,5",-,0.000000000,0.000000000,0.000000000,20.463000,15.676182,no,no
CURRENT_PLATFORM,15,5.000000000000,1.050000000000,78.750000000000,79,0.063492063492,5.250000000000,0.250000000000,0.047619047619,0.003174603175,4,2,2,0,4,0,"2,4","2,4",-,"1,2,4,7",-,0.000000000,0.000000000,0.000000000,20.463000,15.646584,no,no
CURRENT_PLATFORM,16,5.000000000000,1.050000000000,84.000000000000,84,0.059523809524,5.250000000000,0.250000000000,0.047619047619,0.002976190476,4,3,3,0,4,0,"3,5,7","3,5,7",-,"1,3,5,7",-,0.000000000,0.000000000,0.000000000,20.463000,15.624057,no,no
CURRENT_PLATFORM,17,5.000000000000,1.050000000000,89.250000000000,90,0.056022408964,5.250000000000,0.250000000000,0.047619047619,0.002801120448,8,6,6,0,8,0,"2,3,4,5,6,7","2,3,4,5,6,7",-,"1,2,3,4,5,6,7,8",-,0.000000000,0.000000000,0.000000000,20.463000,15.601647,no,no
CURRENT_PLATFORM,18,5.000000000000,1.050000000000,94.500000000000,95,0.052910052910,5.250000000000,0.250000000000,0.047619047619,0.002645502646,3,2,2,0,3,0,"5,7","5,7",-,"1,5,7",-,0.000000000,0.000000000,0.000000000,20.463000,15.584021,no,no
CURRENT_PLATFORM,19,5.000000000000,1.050000000000,99.750000000000,100,0.050125313283,5.250000000000,0.250000000000,0.047619047619,0.002506265664,9,6,6,0,9,0,"3,4,5,6,7,8","3,4,5,6,7,8",-,"1,2,3,4,5,6,7,8,9",-,0.000000000,0.000000000,0.000000000,20.463000,15.566466,no,no
CURRENT_PLATFORM,20,5.000000000000,1.050000000000,105.000000000000,105,0.047619047619,5.250000000000,0.250000000000,0.047619047619,0.002380952381,4,3,3,0,4,0,"3,7,9","3,7,9",-,"1,3,7,9",-,0.000000000,0.000000000,0.000000000,20.463000,15.552298,no,no
CURRENT_PLATFORM,21,5.000000000000,1.050000000000,110.250000000000,111,0.045351473923,5.250000000000,0.250000000000,0.047619047619,0.002267573696,6,3,3,0,6,0,"4,5,8","4,5,8",-,"1,2,4,5,8,10",-,0.000000000,0.000000000,0.000000000,20.463000,15.538176,no,no
CURRENT_PLATFORM,22,5.000000000000,1.050000000000,115.500000000000,116,0.043290043290,5.250000000000,0.250000000000,0.047619047619,0.002164502165,5,4,4,0,5,0,"3,5,7,9","3,5,7,9",-,"1,3,5,7,9",-,0.000000000,0.000000000,0.000000000,20.463000,15.526540,no,no
CURRENT_PLATFORM,23,5.000000000000,1.050000000000,120.750000000000,121,0.041407867495,5.250000000000,0.250000000000,0.047619047619,0.002070393375,11,8,8,0,11,0,"3,4,5,6,7,8,9,10","3,4,5,6,7,8,9,10",-,"1,2,3,4,5,6,7,8,9,10,11",-,0.000000000,0.000000000,0.000000000,20.463000,15.514934,no,no
CURRENT_PLATFORM,24,5.000000000000,1.050000000000,126.000000000000,126,0.039682539683,5.250000000000,0.250000000000,0.047619047619,0.001984126984,4,2,2,0,4,0,"5,7","5,7",-,"1,5,7,11",-,0.000000000,0.000000000,0.000000000,20.463000,15.505207,no,no
CURRENT_PLATFORM,25,5.000000000000,1.050000000000,131.250000000000,132,0.038095238095,5.250000000000,0.250000000000,0.047619047619,0.001904761905,10,7,7,0,10,0,"3,4,6,7,8,9,11","3,4,6,7,8,9,11",-,"1,2,3,4,6,7,8,9,11,12",-,0.000000000,0.000000000,0.000000000,20.463000,15.495500,no,no
CURRENT_PLATFORM,26,5.000000000000,1.050000000000,136.500000000000,137,0.036630036630,5.250000000000,0.250000000000,0.047619047619,0.001831501832,6,5,5,0,6,0,"3,5,7,9,11","3,5,7,9,11",-,"1,3,5,7,9,11",-,0.000000000,0.000000000,0.000000000,20.463000,15.487247,no,no
CURRENT_PLATFORM,27,5.000000000000,1.050000000000,141.750000000000,142,0.035273368607,5.250000000000,0.250000000000,0.047619047619,0.001763668430,9,6,6,0,9,0,"4,5,7,8,10,11","4,5,7,8,10,11",-,"1,2,4,5,7,8,10,11,13",-,0.000000000,0.000000000,0.000000000,20.463000,15.479009,no,no
CURRENT_PLATFORM,28,5.000000000000,1.050000000000,147.000000000000,147,0.034013605442,5.250000000000,0.250000000000,0.047619047619,0.001700680272,6,3,3,0,6,0,"5,9,11","5,9,11",-,"1,3,5,9,11,13",-,0.000000000,0.000000000,0.000000000,20.463000,15.471919,no,no
CURRENT_PLATFORM,29,5.000000000000,1.050000000000,152.250000000000,153,0.032840722496,5.250000000000,0.250000000000,0.047619047619,0.001642036125,14,10,10,0,14,0,"4,5,6,7,8,9,10,11,12,13","4,5,6,7,8,9,10,11,12,13",-,"1,2,3,4,5,6,7,8,9,10,11,12,13,14",-,0.000000000,0.000000000,0.000000000,20.463000,15.464840,no,no
CURRENT_PLATFORM,30,5.000000000000,1.050000000000,157.500000000000,158,0.031746031746,5.250000000000,0.250000000000,0.047619047619,0.001587301587,4,3,3,0,4,0,"7,11,13","7,11,13",-,"1,7,11,13",-,0.000000000,0.000000000,0.000000000,20.463000,15.458683,no,no
CURRENT_PLATFORM,31,5.000000000000,1.050000000000,162.750000000000,163,0.030721966206,5.250000000000,0.250000000000,0.047619047619,0.001536098310,15,11,11,0,15,0,"4,5,6,7,8,9,10,11,12,13,14","4,5,6,7,8,9,10,11,12,13,14",-,"1,2,3,4,5,6,7,8,9,10,11,12,13,14,15",-,0.000000000,0.000000000,0.000000000,20.463000,15.452534,no,no
CURRENT_PLATFORM,32,5.000000000000,1.050000000000,168.000000000000,168,0.029761904762,5.250000000000,0.250000000000,0.047619047619,0.001488095238,8,5,5,0,8,0,"5,7,9,11,13","5,7,9,11,13",-,"1,3,5,7,9,11,13,15",-,0.000000000,0.000000000,0.000000000,20.463000,15.447137,no,no
CURRENT_PLATFORM,33,5.000000000000,1.050000000000,173.250000000000,174,0.028860028860,5.250000000000,0.250000000000,0.047619047619,0.001443001443,10,7,7,0,10,0,"4,5,7,8,10,13,14","4,5,7,8,10,13,14",-,"1,2,4,5,7,8,10,13,14,16",-,0.000000000,0.000000000,0.000000000,20.463000,15.441747,no,no
CURRENT_PLATFORM,34,5.000000000000,1.050000000000,178.500000000000,179,0.028011204482,5.250000000000,0.250000000000,0.047619047619,0.001400560224,8,6,6,0,8,0,"5,7,9,11,13,15","5,7,9,11,13,15",-,"1,3,5,7,9,11,13,15",-,0.000000000,0.000000000,0.000000000,20.463000,15.436978,no,no
CURRENT_PLATFORM,35,5.000000000000,1.050000000000,183.750000000000,184,0.027210884354,5.250000000000,0.250000000000,0.047619047619,0.001360544218,12,8,8,0,12,0,"4,6,8,9,11,12,13,16","4,6,8,9,11,12,13,16",-,"1,2,3,4,6,8,9,11,12,13,16,17",-,0.000000000,0.000000000,0.000000000,20.463000,15.432214,no,no
CURRENT_PLATFORM,36,5.000000000000,1.050000000000,189.000000000000,189,0.026455026455,5.250000000000,0.250000000000,0.047619047619,0.001322751323,6,4,4,0,6,0,"5,7,11,13","5,7,11,13",-,"1,5,7,11,13,17",-,0.000000000,0.000000000,0.000000000,20.463000,15.427970,no,no
CURRENT_PLATFORM,37,5.000000000000,1.050000000000,194.250000000000,195,0.025740025740,5.250000000000,0.250000000000,0.047619047619,0.001287001287,18,12,12,0,18,0,"5,6,7,8,9,10,11,12,13,14,15,16","5,6,7,8,9,10,11,12,13,14,15,16",-,"1,2,3,4,5,6,7,8,9,10,11,12,13,14,15,16,17,18",-,0.000000000,0.000000000,0.000000000,20.463000,15.423729,no,no
CURRENT_PLATFORM,38,5.000000000000,1.050000000000,199.500000000000,200,0.025062656642,5.250000000000,0.250000000000,0.047619047619,0.001253132832,9,7,7,0,9,0,"5,7,9,11,13,15,17","5,7,9,11,13,15,17",-,"1,3,5,7,9,11,13,15,17",-,0.000000000,0.000000000,0.000000000,20.463000,15.419926,no,no
CURRENT_PLATFORM,39,5.000000000000,1.050000000000,204.750000000000,205,0.024420024420,5.250000000000,0.250000000000,0.047619047619,0.001221001221,12,8,8,0,12,0,"5,7,8,10,11,14,16,17","5,7,8,10,11,14,16,17",-,"1,2,4,5,7,8,10,11,14,16,17,19",-,0.000000000,0.000000000,0.000000000,20.463000,15.416127,no,no
CURRENT_PLATFORM,40,5.000000000000,1.050000000000,210.000000000000,210,0.023809523810,5.250000000000,0.250000000000,0.047619047619,0.001190476190,8,5,5,0,8,0,"7,9,11,13,17","7,9,11,13,17",-,"1,3,7,9,11,13,17,19",-,0.000000000,0.000000000,0.000000000,20.463000,15.412701,no,no
CURRENT_PLATFORM,41,5.000000000000,1.050000000000,215.250000000000,216,0.023228803717,5.250000000000,0.250000000000,0.047619047619,0.001161440186,20,14,14,0,20,0,"5,6,7,8,9,10,11,12,13,14,15,16,17,18","5,6,7,8,9,10,11,12,13,14,15,16,17,18",-,"1,2,3,4,5,6,7,8,9,10,11,12,13,14,15,16,17,18,19,20",-,0.000000000,0.000000000,0.000000000,20.463000,15.409278,no,no
CURRENT_PLATFORM,42,5.000000000000,1.050000000000,220.500000000000,221,0.022675736961,5.250000000000,0.250000000000,0.047619047619,0.001133786848,6,5,5,0,6,0,"5,11,13,17,19","5,11,13,17,19",-,"1,5,11,13,17,19",-,0.000000000,0.000000000,0.000000000,20.463000,15.406175,no,no
CURRENT_PLATFORM,43,5.000000000000,1.050000000000,225.750000000000,226,0.022148394241,5.250000000000,0.250000000000,0.047619047619,0.001107419712,21,15,15,0,21,0,"5,6,7,8,9,10,11,12,13,14,15,16,17,18,19","5,6,7,8,9,10,11,12,13,14,15,16,17,18,19",-,"1,2,3,4,5,6,7,8,9,10,11,12,13,14,15,16,17,18,19,20,21",-,0.000000000,0.000000000,0.000000000,20.463000,15.403075,no,no
CURRENT_PLATFORM,44,5.000000000000,1.050000000000,231.000000000000,231,0.021645021645,5.250000000000,0.250000000000,0.047619047619,0.001082251082,10,7,7,0,10,0,"5,7,9,13,15,17,19","5,7,9,13,15,17,19",-,"1,3,5,7,9,13,15,17,19,21",-,0.000000000,0.000000000,0.000000000,20.463000,15.400252,no,no
CURRENT_PLATFORM,45,5.000000000000,1.050000000000,236.250000000000,237,0.021164021164,5.250000000000,0.250000000000,0.047619047619,0.001058201058,12,8,8,0,12,0,"7,8,11,13,14,16,17,19","7,8,11,13,14,16,17,19",-,"1,2,4,7,8,11,13,14,16,17,19,22",-,0.000000000,0.000000000,0.000000000,20.463000,15.397431,no,no
CURRENT_PLATFORM,46,5.000000000000,1.050000000000,241.500000000000,242,0.020703933747,5.250000000000,0.250000000000,0.047619047619,0.001035196687,11,8,8,0,11,0,"7,9,11,13,15,17,19,21","7,9,11,13,15,17,19,21",-,"1,3,5,7,9,11,13,15,17,19,21",-,0.000000000,0.000000000,0.000000000,20.463000,15.394851,no,no
CURRENT_PLATFORM,47,5.000000000000,1.050000000000,246.750000000000,247,0.020263424519,5.250000000000,0.250000000000,0.047619047619,0.001013171226,23,16,16,0,23,0,"6,7,8,9,10,11,12,13,14,15,16,17,18,19,20,21","6,7,8,9,10,11,12,13,14,15,16,17,18,19,20,21",-,"1,2,3,4,5,6,7,8,9,10,11,12,13,14,15,16,17,18,19,20,21,22,23",-,0.000000000,0.000000000,0.000000000,20.463000,15.392273,no,no
CURRENT_PLATFORM,48,5.000000000000,1.050000000000,252.000000000000,252,0.019841269841,5.250000000000,0.250000000000,0.047619047619,0.000992063492,8,5,5,0,8,0,"7,11,13,17,19","7,11,13,17,19",-,"1,5,7,11,13,17,19,23",-,0.000000000,0.000000000,0.000000000,20.463000,15.389907,no,no
CURRENT_PLATFORM,49,5.000000000000,1.050000000000,257.250000000000,258,0.019436345967,5.250000000000,0.250000000000,0.047619047619,0.000971817298,21,14,14,0,21,0,"6,8,9,10,11,12,13,15,16,17,18,19,20,22","6,8,9,10,11,12,13,15,16,17,18,19,20,22",-,"1,2,3,4,5,6,8,9,10,11,12,13,15,16,17,18,19,20,22,23,24",-,0.000000000,0.000000000,0.000000000,20.463000,15.387542,no,no
CURRENT_PLATFORM,50,5.000000000000,1.050000000000,262.500000000000,263,0.019047619048,5.250000000000,0.250000000000,0.047619047619,0.000952380952,10,7,7,0,10,0,"7,9,11,13,17,19,21","7,9,11,13,17,19,21",-,"1,3,7,9,11,13,17,19,21,23",-,0.000000000,0.000000000,0.000000000,20.463000,15.385363,no,no
CURRENT_PLATFORM,5,5.000000000000,1.100000000000,27.500000000000,28,0.181818181818,5.500000000000,0.500000000000,0.090909090909,0.018181818182,2,2,2,0,2,2,"1,2","1,2",-,"1,2","1,2",1.671030702,0.690005476,1.180518089,20.863598,16.878829,no,yes
CURRENT_PLATFORM,6,5.000000000000,1.100000000000,33.000000000000,33,0.151515151515,5.500000000000,0.500000000000,0.090909090909,0.015151515152,1,1,1,0,1,1,1,1,-,1,1,1.207945321,1.207945321,1.207945321,20.863598,16.688849,no,yes
CURRENT_PLATFORM,7,5.000000000000,1.100000000000,38.500000000000,39,0.129870129870,5.500000000000,0.500000000000,0.090909090909,0.012987012987,3,3,3,0,3,3,"1,2,3","1,2,3",-,"1,2,3","1,2,3",0.904276598,0.301854362,0.595234494,20.863598,16.506833,no,yes
CURRENT_PLATFORM,8,5.000000000000,1.100000000000,44.000000000000,44,0.113636363636,5.500000000000,0.500000000000,0.090909090909,0.011363636364,2,2,2,0,2,2,"1,3","1,3",-,"1,3","1,3",0.698649045,0.338159916,0.518404480,20.863598,16.407665,no,yes
CURRENT_PLATFORM,9,5.000000000000,1.100000000000,49.500000000000,50,0.101010101010,5.500000000000,0.500000000000,0.090909090909,0.010101010101,3,2,2,0,3,2,"2,4","2,4",-,"1,2,4","2,4",0.351661512,0.168975661,0.260318587,20.863598,16.310712,no,yes
CURRENT_PLATFORM,10,5.000000000000,1.100000000000,55.000000000000,55,0.090909090909,5.500000000000,0.500000000000,0.090909090909,0.009090909091,2,1,1,0,2,1,3,3,-,"1,3",3,0.322772172,0.322772172,0.322772172,20.863598,16.249767,no,yes
CURRENT_PLATFORM,11,5.000000000000,1.100000000000,60.500000000000,61,0.082644628099,5.500000000000,0.500000000000,0.090909090909,0.008264462810,5,4,4,0,5,4,"2,3,4,5","2,3,4,5",-,"1,2,3,4,5","2,3,4,5",0.252499475,0.107900617,0.200713590,20.863598,16.189666,no,yes
CURRENT_PLATFORM,12,5.000000000000,1.100000000000,66.000000000000,66,0.075757575758,5.500000000000,0.500000000000,0.090909090909,0.007575757576,2,1,1,0,2,1,5,5,-,"1,5",5,0.102238801,0.102238801,0.102238801,20.863598,16.148408,no,yes
CURRENT_PLATFORM,13,5.000000000000,1.100000000000,71.500000000000,72,0.069930069930,5.500000000000,0.500000000000,0.090909090909,0.006993006993,6,4,4,0,6,4,"2,3,4,5","2,3,4,5",-,"1,2,3,4,5,6","2,3,4,5",0.222094444,0.118145808,0.169288340,20.863598,16.107540,no,yes
CURRENT_PLATFORM,14,5.000000000000,1.100000000000,77.000000000000,77,0.064935064935,5.500000000000,0.500000000000,0.090909090909,0.006493506494,3,2,2,0,3,2,"3,5","3,5",-,"1,3,5","3,5",0.169822457,0.154622886,0.162222671,20.863598,16.077755,no,yes
CURRENT_PLATFORM,15,5.000000000000,1.100000000000,82.500000000000,83,0.060606060606,5.500000000000,0.500000000000,0.090909090909,0.006060606061,4,2,2,0,4,1,"2,4","2,4",-,"1,2,4,7",4,0.161432908,0.161432908,0.161432908,20.863598,16.048173,no,yes
CURRENT_PLATFORM,16,5.000000000000,1.100000000000,88.000000000000,88,0.056818181818,5.500000000000,0.500000000000,0.090909090909,0.005681818182,4,3,3,0,4,2,"3,5,7","3,5,7",-,"1,3,5,7","3,5",0.168816687,0.120032052,0.144424369,20.863598,16.025659,no,yes
CURRENT_PLATFORM,17,5.000000000000,1.100000000000,93.500000000000,94,0.053475935829,5.500000000000,0.500000000000,0.090909090909,0.005347593583,8,6,6,0,8,2,"2,3,4,5,6,7","2,3,4,5,6,7",-,"1,2,3,4,5,6,7,8","4,6",0.136757214,0.136111016,0.136434115,20.863598,16.003261,no,yes
CURRENT_PLATFORM,18,5.000000000000,1.100000000000,99.000000000000,99,0.050505050505,5.500000000000,0.500000000000,0.090909090909,0.005050505051,3,2,2,0,3,0,"5,7","5,7",-,"1,5,7",-,0.000000000,0.000000000,0.000000000,20.863598,15.985645,no,no
CURRENT_PLATFORM,19,5.000000000000,1.100000000000,104.500000000000,105,0.047846889952,5.500000000000,0.500000000000,0.090909090909,0.004784688995,9,6,6,0,9,2,"3,4,5,6,7,8","3,4,5,6,7,8",-,"1,2,3,4,5,6,7,8,9","5,6",0.135975780,0.118619460,0.127297620,20.863598,15.968100,no,yes
CURRENT_PLATFORM,20,5.000000000000,1.100000000000,110.000000000000,110,0.045454545455,5.500000000000,0.500000000000,0.090909090909,0.004545454545,4,3,3,0,4,1,"3,7,9","3,7,9",-,"1,3,7,9",7,0.113583225,0.113583225,0.113583225,20.863598,15.953940,no,yes
CURRENT_PLATFORM,21,5.000000000000,1.100000000000,115.500000000000,116,0.043290043290,5.500000000000,0.500000000000,0.090909090909,0.004329004329,6,3,3,0,6,1,"4,5,8","4,5,8",-,"1,2,4,5,8,10",5,0.104725893,0.104725893,0.104725893,20.863598,15.939826,no,yes
CURRENT_PLATFORM,22,5.000000000000,1.100000000000,121.000000000000,121,0.041322314050,5.500000000000,0.500000000000,0.090909090909,0.004132231405,5,4,4,0,5,1,"3,5,7,9","3,5,7,9",-,"1,3,5,7,9",7,0.113752258,0.113752258,0.113752258,20.863598,15.928195,no,yes
CURRENT_PLATFORM,23,5.000000000000,1.100000000000,126.500000000000,127,0.039525691700,5.500000000000,0.500000000000,0.090909090909,0.003952569170,11,8,8,0,11,0,"3,4,5,6,7,8,9,10","3,4,5,6,7,8,9,10",-,"1,2,3,4,5,6,7,8,9,10,11",-,0.000000000,0.000000000,0.000000000,20.863598,15.916596,no,no
CURRENT_PLATFORM,24,5.000000000000,1.100000000000,132.000000000000,132,0.037878787879,5.500000000000,0.500000000000,0.090909090909,0.003787878788,4,2,2,0,4,0,"5,7","5,7",-,"1,5,7,11",-,0.000000000,0.000000000,0.000000000,20.863598,15.906874,no,no
CURRENT_PLATFORM,25,5.000000000000,1.100000000000,137.500000000000,138,0.036363636364,5.500000000000,0.500000000000,0.090909090909,0.003636363636,10,7,7,0,10,0,"3,4,6,7,8,9,11","3,4,6,7,8,9,11",-,"1,2,3,4,6,7,8,9,11,12",-,0.000000000,0.000000000,0.000000000,20.863598,15.897173,no,no
CURRENT_PLATFORM,26,5.000000000000,1.100000000000,143.000000000000,143,0.034965034965,5.500000000000,0.500000000000,0.090909090909,0.003496503497,6,5,5,0,6,0,"3,5,7,9,11","3,5,7,9,11",-,"1,3,5,7,9,11",-,0.000000000,0.000000000,0.000000000,20.863598,15.888924,no,no
CURRENT_PLATFORM,27,5.000000000000,1.100000000000,148.500000000000,149,0.033670033670,5.500000000000,0.500000000000,0.090909090909,0.003367003367,9,6,6,0,9,0,"4,5,7,8,10,11","4,5,7,8,10,11",-,"1,2,4,5,7,8,10,11,13",-,0.000000000,0.000000000,0.000000000,20.863598,15.880691,no,no
CURRENT_PLATFORM,28,5.000000000000,1.100000000000,154.000000000000,154,0.032467532468,5.500000000000,0.500000000000,0.090909090909,0.003246753247,6,3,3,0,6,0,"5,9,11","5,9,11",-,"1,3,5,9,11,13",-,0.000000000,0.000000000,0.000000000,20.863598,15.873604,no,no
CURRENT_PLATFORM,29,5.000000000000,1.100000000000,159.500000000000,160,0.031347962382,5.500000000000,0.500000000000,0.090909090909,0.003134796238,14,10,10,0,14,0,"4,5,6,7,8,9,10,11,12,13","4,5,6,7,8,9,10,11,12,13",-,"1,2,3,4,5,6,7,8,9,10,11,12,13,14",-,0.000000000,0.000000000,0.000000000,20.863598,15.866529,no,no
CURRENT_PLATFORM,30,5.000000000000,1.100000000000,165.000000000000,165,0.030303030303,5.500000000000,0.500000000000,0.090909090909,0.003030303030,4,3,3,0,4,0,"7,11,13","7,11,13",-,"1,7,11,13",-,0.000000000,0.000000000,0.000000000,20.863598,15.860375,no,no
CURRENT_PLATFORM,31,5.000000000000,1.100000000000,170.500000000000,171,0.029325513196,5.500000000000,0.500000000000,0.090909090909,0.002932551320,15,11,11,0,15,0,"4,5,6,7,8,9,10,11,12,13,14","4,5,6,7,8,9,10,11,12,13,14",-,"1,2,3,4,5,6,7,8,9,10,11,12,13,14,15",-,0.000000000,0.000000000,0.000000000,20.863598,15.854230,no,no
CURRENT_PLATFORM,32,5.000000000000,1.100000000000,176.000000000000,176,0.028409090909,5.500000000000,0.500000000000,0.090909090909,0.002840909091,8,5,5,0,8,0,"5,7,9,11,13","5,7,9,11,13",-,"1,3,5,7,9,11,13,15",-,0.000000000,0.000000000,0.000000000,20.863598,15.848836,no,no
CURRENT_PLATFORM,33,5.000000000000,1.100000000000,181.500000000000,182,0.027548209366,5.500000000000,0.500000000000,0.090909090909,0.002754820937,10,7,7,0,10,0,"4,5,7,8,10,13,14","4,5,7,8,10,13,14",-,"1,2,4,5,7,8,10,13,14,16",-,0.000000000,0.000000000,0.000000000,20.863598,15.843449,no,no
CURRENT_PLATFORM,34,5.000000000000,1.100000000000,187.000000000000,187,0.026737967914,5.500000000000,0.500000000000,0.090909090909,0.002673796791,8,6,6,0,8,0,"5,7,9,11,13,15","5,7,9,11,13,15",-,"1,3,5,7,9,11,13,15",-,0.000000000,0.000000000,0.000000000,20.863598,15.838682,no,no
CURRENT_PLATFORM,35,5.000000000000,1.100000000000,192.500000000000,193,0.025974025974,5.500000000000,0.500000000000,0.090909090909,0.002597402597,12,8,8,0,12,0,"4,6,8,9,11,12,13,16","4,6,8,9,11,12,13,16",-,"1,2,3,4,6,8,9,11,12,13,16,17",-,0.000000000,0.000000000,0.000000000,20.863598,15.833921,no,no
CURRENT_PLATFORM,36,5.000000000000,1.100000000000,198.000000000000,198,0.025252525253,5.500000000000,0.500000000000,0.090909090909,0.002525252525,6,4,4,0,6,0,"5,7,11,13","5,7,11,13",-,"1,5,7,11,13,17",-,0.000000000,0.000000000,0.000000000,20.863598,15.829679,no,no
CURRENT_PLATFORM,37,5.000000000000,1.100000000000,203.500000000000,204,0.024570024570,5.500000000000,0.500000000000,0.090909090909,0.002457002457,18,12,12,0,18,0,"5,6,7,8,9,10,11,12,13,14,15,16","5,6,7,8,9,10,11,12,13,14,15,16",-,"1,2,3,4,5,6,7,8,9,10,11,12,13,14,15,16,17,18",-,0.000000000,0.000000000,0.000000000,20.863598,15.825440,no,no
CURRENT_PLATFORM,38,5.000000000000,1.100000000000,209.000000000000,209,0.023923444976,5.500000000000,0.500000000000,0.090909090909,0.002392344498,9,7,7,0,9,0,"5,7,9,11,13,15,17","5,7,9,11,13,15,17",-,"1,3,5,7,9,11,13,15,17",-,0.000000000,0.000000000,0.000000000,20.863598,15.821640,no,no
CURRENT_PLATFORM,39,5.000000000000,1.100000000000,214.500000000000,215,0.023310023310,5.500000000000,0.500000000000,0.090909090909,0.002331002331,12,8,8,0,12,0,"5,7,8,10,11,14,16,17","5,7,8,10,11,14,16,17",-,"1,2,4,5,7,8,10,11,14,16,17,19",-,0.000000000,0.000000000,0.000000000,20.863598,15.817843,no,no
CURRENT_PLATFORM,40,5.000000000000,1.100000000000,220.000000000000,220,0.022727272727,5.500000000000,0.500000000000,0.090909090909,0.002272727273,8,5,5,0,8,0,"7,9,11,13,17","7,9,11,13,17",-,"1,3,7,9,11,13,17,19",-,0.000000000,0.000000000,0.000000000,20.863598,15.814419,no,no
CURRENT_PLATFORM,41,5.000000000000,1.100000000000,225.500000000000,226,0.022172949002,5.500000000000,0.500000000000,0.090909090909,0.002217294900,20,14,14,0,20,0,"5,6,7,8,9,10,11,12,13,14,15,16,17,18","5,6,7,8,9,10,11,12,13,14,15,16,17,18",-,"1,2,3,4,5,6,7,8,9,10,11,12,13,14,15,16,17,18,19,20",-,0.000000000,0.000000000,0.000000000,20.863598,15.810997,no,no
CURRENT_PLATFORM,42,5.000000000000,1.100000000000,231.000000000000,231,0.021645021645,5.500000000000,0.500000000000,0.090909090909,0.002164502165,6,5,5,0,6,0,"5,11,13,17,19","5,11,13,17,19",-,"1,5,11,13,17,19",-,0.000000000,0.000000000,0.000000000,20.863598,15.807896,no,no
CURRENT_PLATFORM,43,5.000000000000,1.100000000000,236.500000000000,237,0.021141649049,5.500000000000,0.500000000000,0.090909090909,0.002114164905,21,15,15,0,21,0,"5,6,7,8,9,10,11,12,13,14,15,16,17,18,19","5,6,7,8,9,10,11,12,13,14,15,16,17,18,19",-,"1,2,3,4,5,6,7,8,9,10,11,12,13,14,15,16,17,18,19,20,21",-,0.000000000,0.000000000,0.000000000,20.863598,15.804798,no,no
CURRENT_PLATFORM,44,5.000000000000,1.100000000000,242.000000000000,242,0.020661157025,5.500000000000,0.500000000000,0.090909090909,0.002066115702,10,7,7,0,10,0,"5,7,9,13,15,17,19","5,7,9,13,15,17,19",-,"1,3,5,7,9,13,15,17,19,21",-,0.000000000,0.000000000,0.000000000,20.863598,15.801976,no,no
CURRENT_PLATFORM,45,5.000000000000,1.100000000000,247.500000000000,248,0.020202020202,5.500000000000,0.500000000000,0.090909090909,0.002020202020,12,8,8,0,12,0,"7,8,11,13,14,16,17,19","7,8,11,13,14,16,17,19",-,"1,2,4,7,8,11,13,14,16,17,19,22",-,0.000000000,0.000000000,0.000000000,20.863598,15.799156,no,no
CURRENT_PLATFORM,46,5.000000000000,1.100000000000,253.000000000000,253,0.019762845850,5.500000000000,0.500000000000,0.090909090909,0.001976284585,11,8,8,0,11,0,"7,9,11,13,15,17,19,21","7,9,11,13,15,17,19,21",-,"1,3,5,7,9,11,13,15,17,19,21",-,0.000000000,0.000000000,0.000000000,20.863598,15.796578,no,no
CURRENT_PLATFORM,47,5.000000000000,1.100000000000,258.500000000000,259,0.019342359768,5.500000000000,0.500000000000,0.090909090909,0.001934235977,23,16,16,0,23,0,"6,7,8,9,10,11,12,13,14,15,16,17,18,19,20,21","6,7,8,9,10,11,12,13,14,15,16,17,18,19,20,21",-,"1,2,3,4,5,6,7,8,9,10,11,12,13,14,15,16,17,18,19,20,21,22,23",-,0.000000000,0.000000000,0.000000000,20.863598,15.794001,no,no
CURRENT_PLATFORM,48,5.000000000000,1.100000000000,264.000000000000,264,0.018939393939,5.500000000000,0.500000000000,0.090909090909,0.001893939394,8,5,5,0,8,0,"7,11,13,17,19","7,11,13,17,19",-,"1,5,7,11,13,17,19,23",-,0.000000000,0.000000000,0.000000000,20.863598,15.791636,no,no
CURRENT_PLATFORM,49,5.000000000000,1.100000000000,269.500000000000,270,0.018552875696,5.500000000000,0.500000000000,0.090909090909,0.001855287570,21,14,14,0,21,0,"6,8,9,10,11,12,13,15,16,17,18,19,20,22","6,8,9,10,11,12,13,15,16,17,18,19,20,22",-,"1,2,3,4,5,6,8,9,10,11,12,13,15,16,17,18,19,20,22,23,24",-,0.000000000,0.000000000,0.000000000,20.863598,15.789272,no,no
CURRENT_PLATFORM,50,5.000000000000,1.100000000000,275.000000000000,275,0.018181818182,5.500000000000,0.500000000000,0.090909090909,0.001818181818,10,7,7,0,10,0,"7,9,11,13,17,19,21","7,9,11,13,17,19,21",-,"1,3,7,9,11,13,17,19,21,23",-,0.000000000,0.000000000,0.000000000,20.863598,15.787095,no,no
CURRENT_PLATFORM,5,5.000000000000,1.150000000000,28.750000000000,29,0.173913043478,5.750000000000,0.750000000000,0.130434782609,0.026086956522,2,2,2,0,2,2,"1,2","1,2",-,"1,2","1,2",2.378353332,0.983851423,1.681102378,21.246672,17.262358,no,yes
CURRENT_PLATFORM,6,5.000000000000,1.150000000000,34.500000000000,35,0.144927536232,5.750000000000,0.750000000000,0.130434782609,0.021739130435,1,1,1,0,1,1,1,1,-,1,1,1.713857746,1.713857746,1.713857746,21.246672,17.072474,no,yes
CURRENT_PLATFORM,7,5.000000000000,1.150000000000,40.250000000000,41,0.124223602484,5.750000000000,0.750000000000,0.130434782609,0.018633540373,3,3,3,0,3,3,"1,2,3","1,2,3",-,"1,2,3","1,2,3",1.280394982,0.428087895,0.846558165,21.246672,16.890546,no,yes
CURRENT_PLATFORM,8,5.000000000000,1.150000000000,46.000000000000,46,0.108695652174,5.750000000000,0.750000000000,0.130434782609,0.016304347826,2,2,2,0,2,2,"1,3","1,3",-,"1,3","1,3",0.987852390,0.486148438,0.737000414,21.246672,16.791428,no,yes
CURRENT_PLATFORM,9,5.000000000000,1.150000000000,51.750000000000,52,0.096618357488,5.750000000000,0.750000000000,0.130434782609,0.014492753623,3,2,2,0,3,2,"2,4","2,4",-,"1,2,4","2,4",0.504600351,0.239021129,0.371810740,21.246672,16.694522,no,yes
CURRENT_PLATFORM,10,5.000000000000,1.150000000000,57.500000000000,58,0.086956521739,5.750000000000,0.750000000000,0.130434782609,0.013043478261,2,1,1,0,2,1,3,3,-,"1,3",3,0.462729004,0.462729004,0.462729004,21.246672,16.633607,no,yes
CURRENT_PLATFORM,11,5.000000000000,1.150000000000,63.250000000000,64,0.079051383399,5.750000000000,0.750000000000,0.130434782609,0.011857707510,5,4,4,0,5,4,"2,3,4,5","2,3,4,5",-,"1,2,3,4,5","2,3,4,5",0.362336695,0.152401533,0.287564111,21.246672,16.573535,no,yes
CURRENT_PLATFORM,12,5.000000000000,1.150000000000,69.000000000000,69,0.072463768116,5.750000000000,0.750000000000,0.130434782609,0.010869565217,2,1,1,0,2,1,5,5,-,"1,5",5,0.146838468,0.146838468,0.146838468,21.246672,16.532298,no,yes
CURRENT_PLATFORM,13,5.000000000000,1.150000000000,74.750000000000,75,0.066889632107,5.750000000000,0.750000000000,0.130434782609,0.010033444816,6,4,4,0,6,4,"2,3,4,5","2,3,4,5",-,"1,2,3,4,5,6","2,3,4,5",0.318377844,0.169374453,0.242805046,21.246672,16.491450,no,yes
CURRENT_PLATFORM,14,5.000000000000,1.150000000000,80.500000000000,81,0.062111801242,5.750000000000,0.750000000000,0.130434782609,0.009316770186,3,2,2,0,3,2,"3,5","3,5",-,"1,3,5","3,5",0.244068103,0.221808327,0.232938215,21.246672,16.461679,no,yes
CURRENT_PLATFORM,15,5.000000000000,1.150000000000,86.250000000000,87,0.057971014493,5.750000000000,0.750000000000,0.130434782609,0.008695652174,4,2,2,0,4,2,"2,4","2,4",-,"1,2,4,7","2,4",0.231650334,0.136005202,0.183827768,21.246672,16.432112,no,yes
CURRENT_PLATFORM,16,5.000000000000,1.150000000000,92.000000000000,92,0.054347826087,5.750000000000,0.750000000000,0.130434782609,0.008152173913,4,3,3,0,4,2,"3,5,7","3,5,7",-,"1,3,5,7","3,5",0.242010238,0.172279083,0.207144660,21.246672,16.409609,no,yes
CURRENT_PLATFORM,17,5.000000000000,1.150000000000,97.750000000000,98,0.051150895141,5.750000000000,0.750000000000,0.130434782609,0.007672634271,8,6,6,0,8,4,"2,3,4,5,6,7","2,3,4,5,6,7",-,"1,2,3,4,5,6,7,8","3,4,5,6",0.196237930,0.138817123,0.167855908,21.246672,16.387222,no,yes
CURRENT_PLATFORM,18,5.000000000000,1.150000000000,103.500000000000,104,0.048309178744,5.750000000000,0.750000000000,0.130434782609,0.007246376812,3,2,2,0,3,2,"5,7","5,7",-,"1,5,7","5,7",0.130993911,0.100967188,0.115980550,21.246672,16.369614,no,yes
CURRENT_PLATFORM,19,5.000000000000,1.150000000000,109.250000000000,110,0.045766590389,5.750000000000,0.750000000000,0.130434782609,0.006864988558,9,6,6,0,9,4,"3,4,5,6,7,8","3,4,5,6,7,8",-,"1,2,3,4,5,6,7,8,9","3,4,5,6",0.194941009,0.110089664,0.154251914,21.246672,16.352077,no,yes
CURRENT_PLATFORM,20,5.000000000000,1.150000000000,115.000000000000,115,0.043478260870,5.750000000000,0.750000000000,0.130434782609,0.006521739130,4,3,3,0,4,1,"3,7,9","3,7,9",-,"1,3,7,9",7,0.163166236,0.163166236,0.163166236,21.246672,16.337924,no,yes
CURRENT_PLATFORM,21,5.000000000000,1.150000000000,120.750000000000,121,0.041407867495,5.750000000000,0.750000000000,0.130434782609,0.006211180124,6,3,3,0,6,2,"4,5,8","4,5,8",-,"1,2,4,5,8,10","4,5",0.150270612,0.119326723,0.134798667,21.246672,16.323817,no,yes
CURRENT_PLATFORM,22,5.000000000000,1.150000000000,126.500000000000,127,0.039525691700,5.750000000000,0.750000000000,0.130434782609,0.005928853755,5,4,4,0,5,1,"3,5,7,9","3,5,7,9",-,"1,3,5,7,9",7,0.163089603,0.163089603,0.163089603,21.246672,16.312192,no,yes
CURRENT_PLATFORM,23,5.000000000000,1.150000000000,132.250000000000,133,0.037807183365,5.750000000000,0.750000000000,0.130434782609,0.005671077505,11,8,8,0,11,2,"3,4,5,6,7,8,9,10","3,4,5,6,7,8,9,10",-,"1,2,3,4,5,6,7,8,9,10,11","6,8",0.139982563,0.134510362,0.137246462,21.246672,16.300599,no,yes
CURRENT_PLATFORM,24,5.000000000000,1.150000000000,138.000000000000,138,0.036231884058,5.750000000000,0.750000000000,0.130434782609,0.005434782609,4,2,2,0,4,1,"5,7","5,7",-,"1,5,7,11",5,0.104089722,0.104089722,0.104089722,21.246672,16.290881,no,yes
CURRENT_PLATFORM,25,5.000000000000,1.150000000000,143.750000000000,144,0.034782608696,5.750000000000,0.750000000000,0.130434782609,0.005217391304,10,7,7,0,10,2,"3,4,6,7,8,9,11","3,4,6,7,8,9,11",-,"1,2,3,4,6,7,8,9,11,12","6,8",0.140130260,0.121739833,0.130935047,21.246672,16.281184,no,yes
CURRENT_PLATFORM,26,5.000000000000,1.150000000000,149.500000000000,150,0.033444816054,5.750000000000,0.750000000000,0.130434782609,0.005016722408,6,5,5,0,6,1,"3,5,7,9,11","3,5,7,9,11",-,"1,3,5,7,9,11",9,0.122570438,0.122570438,0.122570438,21.246672,16.272939,no,yes
CURRENT_PLATFORM,27,5.000000000000,1.150000000000,155.250000000000,156,0.032206119163,5.750000000000,0.750000000000,0.130434782609,0.004830917874,9,6,6,0,9,1,"4,5,7,8,10,11","4,5,7,8,10,11",-,"1,2,4,5,7,8,10,11,13",7,0.111182337,0.111182337,0.111182337,21.246672,16.264710,no,yes
CURRENT_PLATFORM,28,5.000000000000,1.150000000000,161.000000000000,161,0.031055900621,5.750000000000,0.750000000000,0.130434782609,0.004658385093,6,3,3,0,6,1,"5,9,11","5,9,11",-,"1,3,5,9,11,13",9,0.122808066,0.122808066,0.122808066,21.246672,16.257627,no,yes
CURRENT_PLATFORM,29,5.000000000000,1.150000000000,166.750000000000,167,0.029985007496,5.750000000000,0.750000000000,0.130434782609,0.004497751124,14,10,10,0,14,2,"4,5,6,7,8,9,10,11,12,13","4,5,6,7,8,9,10,11,12,13",-,"1,2,3,4,5,6,7,8,9,10,11,12,13,14","7,10",0.109012242,0.102308717,0.105660479,21.246672,16.250555,no,yes
CURRENT_PLATFORM,30,5.000000000000,1.150000000000,172.500000000000,173,0.028985507246,5.750000000000,0.750000000000,0.130434782609,0.004347826087,4,3,3,0,4,0,"7,11,13","7,11,13",-,"1,7,11,13",-,0.000000000,0.000000000,0.000000000,21.246672,16.244404,no,no
CURRENT_PLATFORM,31,5.000000000000,1.150000000000,178.250000000000,179,0.028050490884,5.750000000000,0.750000000000,0.130434782609,0.004207573633,15,11,11,0,15,1,"4,5,6,7,8,9,10,11,12,13,14","4,5,6,7,8,9,10,11,12,13,14",-,"1,2,3,4,5,6,7,8,9,10,11,12,13,14,15",10,0.109280288,0.109280288,0.109280288,21.246672,16.238262,no,yes
CURRENT_PLATFORM,32,5.000000000000,1.150000000000,184.000000000000,184,0.027173913043,5.750000000000,0.750000000000,0.130434782609,0.004076086957,8,5,5,0,8,0,"5,7,9,11,13","5,7,9,11,13",-,"1,3,5,7,9,11,13,15",-,0.000000000,0.000000000,0.000000000,21.246672,16.232871,no,no
CURRENT_PLATFORM,33,5.000000000000,1.150000000000,189.750000000000,190,0.026350461133,5.750000000000,0.750000000000,0.130434782609,0.003952569170,10,7,7,0,10,0,"4,5,7,8,10,13,14","4,5,7,8,10,13,14",-,"1,2,4,5,7,8,10,13,14,16",-,0.000000000,0.000000000,0.000000000,21.246672,16.227486,no,no
CURRENT_PLATFORM,34,5.000000000000,1.150000000000,195.500000000000,196,0.025575447570,5.750000000000,0.750000000000,0.130434782609,0.003836317136,8,6,6,0,8,0,"5,7,9,11,13,15","5,7,9,11,13,15",-,"1,3,5,7,9,11,13,15",-,0.000000000,0.000000000,0.000000000,21.246672,16.222722,no,no
CURRENT_PLATFORM,35,5.000000000000,1.150000000000,201.250000000000,202,0.024844720497,5.750000000000,0.750000000000,0.130434782609,0.003726708075,12,8,8,0,12,0,"4,6,8,9,11,12,13,16","4,6,8,9,11,12,13,16",-,"1,2,3,4,6,8,9,11,12,13,16,17",-,0.000000000,0.000000000,0.000000000,21.246672,16.217963,no,no
CURRENT_PLATFORM,36,5.000000000000,1.150000000000,207.000000000000,207,0.024154589372,5.750000000000,0.750000000000,0.130434782609,0.003623188406,6,4,4,0,6,0,"5,7,11,13","5,7,11,13",-,"1,5,7,11,13,17",-,0.000000000,0.000000000,0.000000000,21.246672,16.213722,no,no
CURRENT_PLATFORM,37,5.000000000000,1.150000000000,212.750000000000,213,0.023501762632,5.750000000000,0.750000000000,0.130434782609,0.003525264395,18,12,12,0,18,0,"5,6,7,8,9,10,11,12,13,14,15,16","5,6,7,8,9,10,11,12,13,14,15,16",-,"1,2,3,4,5,6,7,8,9,10,11,12,13,14,15,16,17,18",-,0.000000000,0.000000000,0.000000000,21.246672,16.209486,no,no
CURRENT_PLATFORM,38,5.000000000000,1.150000000000,218.500000000000,219,0.022883295195,5.750000000000,0.750000000000,0.130434782609,0.003432494279,9,7,7,0,9,0,"5,7,9,11,13,15,17","5,7,9,11,13,15,17",-,"1,3,5,7,9,11,13,15,17",-,0.000000000,0.000000000,0.000000000,21.246672,16.205687,no,no
CURRENT_PLATFORM,39,5.000000000000,1.150000000000,224.250000000000,225,0.022296544036,5.750000000000,0.750000000000,0.130434782609,0.003344481605,12,8,8,0,12,0,"5,7,8,10,11,14,16,17","5,7,8,10,11,14,16,17",-,"1,2,4,5,7,8,10,11,14,16,17,19",-,0.000000000,0.000000000,0.000000000,21.246672,16.201892,no,no
CURRENT_PLATFORM,40,5.000000000000,1.150000000000,230.000000000000,230,0.021739130435,5.750000000000,0.750000000000,0.130434782609,0.003260869565,8,5,5,0,8,0,"7,9,11,13,17","7,9,11,13,17",-,"1,3,7,9,11,13,17,19",-,0.000000000,0.000000000,0.000000000,21.246672,16.198469,no,no
CURRENT_PLATFORM,41,5.000000000000,1.150000000000,235.750000000000,236,0.021208907741,5.750000000000,0.750000000000,0.130434782609,0.003181336161,20,14,14,0,20,0,"5,6,7,8,9,10,11,12,13,14,15,16,17,18","5,6,7,8,9,10,11,12,13,14,15,16,17,18",-,"1,2,3,4,5,6,7,8,9,10,11,12,13,14,15,16,17,18,19,20",-,0.000000000,0.000000000,0.000000000,21.246672,16.195050,no,no
CURRENT_PLATFORM,42,5.000000000000,1.150000000000,241.500000000000,242,0.020703933747,5.750000000000,0.750000000000,0.130434782609,0.003105590062,6,5,5,0,6,0,"5,11,13,17,19","5,11,13,17,19",-,"1,5,11,13,17,19",-,0.000000000,0.000000000,0.000000000,21.246672,16.191950,no,no
CURRENT_PLATFORM,43,5.000000000000,1.150000000000,247.250000000000,248,0.020222446916,5.750000000000,0.750000000000,0.130434782609,0.003033367037,21,15,15,0,21,0,"5,6,7,8,9,10,11,12,13,14,15,16,17,18,19","5,6,7,8,9,10,11,12,13,14,15,16,17,18,19",-,"1,2,3,4,5,6,7,8,9,10,11,12,13,14,15,16,17,18,19,20,21",-,0.000000000,0.000000000,0.000000000,21.246672,16.188853,no,no
CURRENT_PLATFORM,44,5.000000000000,1.150000000000,253.000000000000,253,0.019762845850,5.750000000000,0.750000000000,0.130434782609,0.002964426877,10,7,7,0,10,0,"5,7,9,13,15,17,19","5,7,9,13,15,17,19",-,"1,3,5,7,9,13,15,17,19,21",-,0.000000000,0.000000000,0.000000000,21.246672,16.186033,no,no
CURRENT_PLATFORM,45,5.000000000000,1.150000000000,258.750000000000,259,0.019323671498,5.750000000000,0.750000000000,0.130434782609,0.002898550725,12,8,8,0,12,0,"7,8,11,13,14,16,17,19","7,8,11,13,14,16,17,19",-,"1,2,4,7,8,11,13,14,16,17,19,22",-,0.000000000,0.000000000,0.000000000,21.246672,16.183214,no,no
CURRENT_PLATFORM,46,5.000000000000,1.150000000000,264.500000000000,265,0.018903591682,5.750000000000,0.750000000000,0.130434782609,0.002835538752,11,8,8,0,11,0,"7,9,11,13,15,17,19,21","7,9,11,13,15,17,19,21",-,"1,3,5,7,9,11,13,15,17,19,21",-,0.000000000,0.000000000,0.000000000,21.246672,16.180637,no,no
CURRENT_PLATFORM,47,5.000000000000,1.150000000000,270.250000000000,271,0.018501387604,5.750000000000,0.750000000000,0.130434782609,0.002775208141,23,16,16,0,23,0,"6,7,8,9,10,11,12,13,14,15,16,17,18,19,20,21","6,7,8,9,10,11,12,13,14,15,16,17,18,19,20,21",-,"1,2,3,4,5,6,7,8,9,10,11,12,13,14,15,16,17,18,19,20,21,22,23",-,0.000000000,0.000000000,0.000000000,21.246672,16.178062,no,no
CURRENT_PLATFORM,48,5.000000000000,1.150000000000,276.000000000000,276,0.018115942029,5.750000000000,0.750000000000,0.130434782609,0.002717391304,8,5,5,0,8,0,"7,11,13,17,19","7,11,13,17,19",-,"1,5,7,11,13,17,19,23",-,0.000000000,0.000000000,0.000000000,21.246672,16.175698,no,no
CURRENT_PLATFORM,49,5.000000000000,1.150000000000,281.750000000000,282,0.017746228926,5.750000000000,0.750000000000,0.130434782609,0.002661934339,21,14,14,0,21,0,"6,8,9,10,11,12,13,15,16,17,18,19,20,22","6,8,9,10,11,12,13,15,16,17,18,19,20,22",-,"1,2,3,4,5,6,8,9,10,11,12,13,15,16,17,18,19,20,22,23,24",-,0.000000000,0.000000000,0.000000000,21.246672,16.173335,no,no
CURRENT_PLATFORM,50,5.000000000000,1.150000000000,287.500000000000,288,0.017391304348,5.750000000000,0.750000000000,0.130434782609,0.002608695652,10,7,7,0,10,0,"7,9,11,13,17,19,21","7,9,11,13,17,19,21",-,"1,3,7,9,11,13,17,19,21,23",-,0.000000000,0.000000000,0.000000000,21.246672,16.171159,no,no
CURRENT_PLATFORM,5,5.000000000000,1.200000000000,30.000000000000,30,0.166666666667,6.000000000000,1.000000000000,0.166666666667,0.033333333333,2,2,2,0,2,2,"1,2","1,2",-,"1,2","1,2",3.014761936,1.249762008,2.132261972,21.613680,17.629766,no,yes
CURRENT_PLATFORM,6,5.000000000000,1.200000000000,36.000000000000,36,0.138888888889,6.000000000000,1.000000000000,0.166666666667,0.027777777778,1,1,1,0,1,1,1,1,-,1,1,2.166450586,2.166450586,2.166450586,21.613680,17.439966,no,yes
CURRENT_PLATFORM,7,5.000000000000,1.200000000000,42.000000000000,42,0.119047619048,6.000000000000,1.000000000000,0.166666666667,0.023809523810,3,3,3,0,3,3,"1,2,3","1,2,3",-,"1,2,3","1,2,3",1.615593269,0.541099495,1.072767842,21.613680,17.258115,no,yes
CURRENT_PLATFORM,8,5.000000000000,1.200000000000,48.000000000000,48,0.104166666667,6.000000000000,1.000000000000,0.166666666667,0.020833333333,2,2,2,0,2,2,"1,3","1,3",-,"1,3","1,3",1.244903553,0.622302042,0.933602798,21.613680,17.159040,no,yes
CURRENT_PLATFORM,9,5.000000000000,1.200000000000,54.000000000000,54,0.092592592593,6.000000000000,1.000000000000,0.166666666667,0.018518518519,3,2,2,0,3,2,"2,4","2,4",-,"1,2,4","2,4",0.644809378,0.301394567,0.473101973,21.613680,17.062176,no,yes
CURRENT_PLATFORM,10,5.000000000000,1.200000000000,60.000000000000,60,0.083333333333,6.000000000000,1.000000000000,0.166666666667,0.016666666667,2,1,1,0,2,1,3,3,-,"1,3",3,0.590812111,0.590812111,0.590812111,21.613680,17.001288,no,yes
CURRENT_PLATFORM,11,5.000000000000,1.200000000000,66.000000000000,66,0.075757575758,6.000000000000,1.000000000000,0.166666666667,0.015151515152,5,4,4,0,5,4,"2,3,4,5","2,3,4,5",-,"1,2,3,4,5","2,3,4,5",0.463046747,0.191903929,0.366951382,21.613680,16.941242,no,yes
CURRENT_PLATFORM,12,5.000000000000,1.200000000000,72.000000000000,72,0.069444444444,6.000000000000,1.000000000000,0.166666666667,0.013888888889,2,1,1,0,2,1,5,5,-,"1,5",5,0.187799546,0.187799546,0.187799546,21.613680,16.900023,no,yes
CURRENT_PLATFORM,13,5.000000000000,1.200000000000,78.000000000000,78,0.064102564103,6.000000000000,1.000000000000,0.166666666667,0.012820512821,6,4,4,0,6,4,"2,3,4,5","2,3,4,5",-,"1,2,3,4,5,6","2,3,4,5",0.406485068,0.216259283,0.310147333,21.613680,16.859191,no,yes
CURRENT_PLATFORM,14,5.000000000000,1.200000000000,84.000000000000,84,0.059523809524,6.000000000000,1.000000000000,0.166666666667,0.011904761905,3,2,2,0,3,2,"3,5","3,5",-,"1,3,5","3,5",0.312342216,0.283371887,0.297857051,21.613680,16.829434,no,yes
CURRENT_PLATFORM,15,5.000000000000,1.200000000000,90.000000000000,90,0.055555555556,6.000000000000,1.000000000000,0.166666666667,0.011111111111,4,2,2,0,4,2,"2,4","2,4",-,"1,2,4,7","2,4",0.296030714,0.173804625,0.234917669,21.613680,16.799879,no,yes
CURRENT_PLATFORM,16,5.000000000000,1.200000000000,96.000000000000,96,0.052083333333,6.000000000000,1.000000000000,0.166666666667,0.010416666667,4,3,3,0,4,2,"3,5,7","3,5,7",-,"1,3,5,7","3,5",0.308993188,0.220203236,0.264598212,21.613680,16.777386,no,yes
CURRENT_PLATFORM,17,5.000000000000,1.200000000000,102.000000000000,102,0.049019607843,6.000000000000,1.000000000000,0.166666666667,0.009803921569,8,6,6,0,8,6,"2,3,4,5,6,7","2,3,4,5,6,7",-,"1,2,3,4,5,6,7,8","2,3,4,5,6,7",0.250772360,0.115513993,0.182716286,21.613680,16.755008,no,yes
CURRENT_PLATFORM,18,5.000000000000,1.200000000000,108.000000000000,108,0.046296296296,6.000000000000,1.000000000000,0.166666666667,0.009259259259,3,2,2,0,3,2,"5,7","5,7",-,"1,5,7","5,7",0.167370837,0.128892702,0.148131770,21.613680,16.737408,no,yes
CURRENT_PLATFORM,19,5.000000000000,1.200000000000,114.000000000000,114,0.043859649123,6.000000000000,1.000000000000,0.166666666667,0.008771929825,9,6,6,0,9,5,"3,4,5,6,7,8","3,4,5,6,7,8",-,"1,2,3,4,5,6,7,8,9","3,4,5,6,7",0.248908948,0.109343335,0.179517925,21.613680,16.719878,no,yes
CURRENT_PLATFORM,20,5.000000000000,1.200000000000,120.000000000000,120,0.041666666667,6.000000000000,1.000000000000,0.166666666667,0.008333333333,4,3,3,0,4,2,"3,7,9","3,7,9",-,"1,3,7,9","3,7",0.208722382,0.116226950,0.162474666,21.613680,16.705731,no,yes
CURRENT_PLATFORM,21,5.000000000000,1.200000000000,126.000000000000,126,0.039682539683,6.000000000000,1.000000000000,0.166666666667,0.007936507937,6,3,3,0,6,2,"4,5,8","4,5,8",-,"1,2,4,5,8,10","4,5",0.192025774,0.152516818,0.172271296,21.613680,16.691630,no,yes
CURRENT_PLATFORM,22,5.000000000000,1.200000000000,132.000000000000,132,0.037878787879,6.000000000000,1.000000000000,0.166666666667,0.007575757576,5,4,4,0,5,2,"3,5,7,9","3,5,7,9",-,"1,3,5,7,9","5,7",0.208250782,0.110727941,0.159489361,21.613680,16.680010,no,yes
CURRENT_PLATFORM,23,5.000000000000,1.200000000000,138.000000000000,138,0.036231884058,6.000000000000,1.000000000000,0.166666666667,0.007246376812,11,8,8,0,11,4,"3,4,5,6,7,8,9,10","3,4,5,6,7,8,9,10",-,"1,2,3,4,5,6,7,8,9,10,11","4,5,6,8",0.179040700,0.101734480,0.141614755,21.613680,16.668422,no,yes
CURRENT_PLATFORM,24,5.000000000000,1.200000000000,144.000000000000,144,0.034722222222,6.000000000000,1.000000000000,0.166666666667,0.006944444444,4,2,2,0,4,2,"5,7","5,7",-,"1,5,7,11","5,7",0.132978081,0.106303266,0.119640673,21.613680,16.658708,no,yes
CURRENT_PLATFORM,25,5.000000000000,1.200000000000,150.000000000000,150,0.033333333333,6.000000000000,1.000000000000,0.166666666667,0.006666666667,10,7,7,0,10,3,"3,4,6,7,8,9,11","3,4,6,7,8,9,11",-,"1,2,3,4,6,7,8,9,11,12","6,7,8",0.178942658,0.102012434,0.145506543,21.613680,16.649015,no,yes
CURRENT_PLATFORM,26,5.000000000000,1.200000000000,156.000000000000,156,0.032051282051,6.000000000000,1.000000000000,0.166666666667,0.006410256410,6,5,5,0,6,2,"3,5,7,9,11","3,5,7,9,11",-,"1,3,5,7,9,11","5,9",0.156752918,0.116699712,0.136726315,21.613680,16.640774,no,yes
CURRENT_PLATFORM,27,5.000000000000,1.200000000000,162.000000000000,162,0.030864197531,6.000000000000,1.000000000000,0.166666666667,0.006172839506,9,6,6,0,9,1,"4,5,7,8,10,11","4,5,7,8,10,11",-,"1,2,4,5,7,8,10,11,13",7,0.142072784,0.142072784,0.142072784,21.613680,16.632548,no,yes
CURRENT_PLATFORM,28,5.000000000000,1.200000000000,168.000000000000,168,0.029761904762,6.000000000000,1.000000000000,0.166666666667,0.005952380952,6,3,3,0,6,1,"5,9,11","5,9,11",-,"1,3,5,9,11,13",9,0.156829708,0.156829708,0.156829708,21.613680,16.625468,no,yes
CURRENT_PLATFORM,29,5.000000000000,1.200000000000,174.000000000000,174,0.028735632184,6.000000000000,1.000000000000,0.166666666667,0.005747126437,14,10,10,0,14,3,"4,5,6,7,8,9,10,11,12,13","4,5,6,7,8,9,10,11,12,13",-,"1,2,3,4,5,6,7,8,9,10,11,12,13,14","6,7,10",0.139401251,0.105022811,0.125052371,21.613680,16.618399,no,yes
CURRENT_PLATFORM,30,5.000000000000,1.200000000000,180.000000000000,180,0.027777777778,6.000000000000,1.000000000000,0.166666666667,0.005555555556,4,3,3,0,4,0,"7,11,13","7,11,13",-,"1,7,11,13",-,0.000000000,0.000000000,0.000000000,21.613680,16.612251,no,no
CURRENT_PLATFORM,31,5.000000000000,1.200000000000,186.000000000000,186,0.026881720430,6.000000000000,1.000000000000,0.166666666667,0.005376344086,15,11,11,0,15,2,"4,5,6,7,8,9,10,11,12,13,14","4,5,6,7,8,9,10,11,12,13,14",-,"1,2,3,4,5,6,7,8,9,10,11,12,13,14,15","8,10",0.139559893,0.121068681,0.130314287,21.613680,16.606111,no,yes
CURRENT_PLATFORM,32,5.000000000000,1.200000000000,192.000000000000,192,0.026041666667,6.000000000000,1.000000000000,0.166666666667,0.005208333333,8,5,5,0,8,1,"5,7,9,11,13","5,7,9,11,13",-,"1,3,5,7,9,11,13,15",11,0.125508932,0.125508932,0.125508932,21.613680,16.600722,no,yes
CURRENT_PLATFORM,33,5.000000000000,1.200000000000,198.000000000000,198,0.025252525253,6.000000000000,1.000000000000,0.166666666667,0.005050505051,10,7,7,0,10,1,"4,5,7,8,10,13,14","4,5,7,8,10,13,14",-,"1,2,4,5,7,8,10,13,14,16",8,0.112734068,0.112734068,0.112734068,21.613680,16.595340,no,yes
CURRENT_PLATFORM,34,5.000000000000,1.200000000000,204.000000000000,204,0.024509803922,6.000000000000,1.000000000000,0.166666666667,0.004901960784,8,6,6,0,8,1,"5,7,9,11,13,15","5,7,9,11,13,15",-,"1,3,5,7,9,11,13,15",11,0.125703436,0.125703436,0.125703436,21.613680,16.590577,no,yes
CURRENT_PLATFORM,35,5.000000000000,1.200000000000,210.000000000000,210,0.023809523810,6.000000000000,1.000000000000,0.166666666667,0.004761904762,12,8,8,0,12,2,"4,6,8,9,11,12,13,16","4,6,8,9,11,12,13,16",-,"1,2,3,4,6,8,9,11,12,13,16,17","9,12",0.114135010,0.105472528,0.109803769,21.613680,16.585820,no,yes
CURRENT_PLATFORM,36,5.000000000000,1.200000000000,216.000000000000,216,0.023148148148,6.000000000000,1.000000000000,0.166666666667,0.004629629630,6,4,4,0,6,0,"5,7,11,13","5,7,11,13",-,"1,5,7,11,13,17",-,0.000000000,0.000000000,0.000000000,21.613680,16.581582,no,no
CURRENT_PLATFORM,37,5.000000000000,1.200000000000,222.000000000000,222,0.022522522523,6.000000000000,1.000000000000,0.166666666667,0.004504504505,18,12,12,0,18,1,"5,6,7,8,9,10,11,12,13,14,15,16","5,6,7,8,9,10,11,12,13,14,15,16",-,"1,2,3,4,5,6,7,8,9,10,11,12,13,14,15,16,17,18",12,0.114341834,0.114341834,0.114341834,21.613680,16.577347,no,yes
CURRENT_PLATFORM,38,5.000000000000,1.200000000000,228.000000000000,228,0.021929824561,6.000000000000,1.000000000000,0.166666666667,0.004385964912,9,7,7,0,9,1,"5,7,9,11,13,15,17","5,7,9,11,13,15,17",-,"1,3,5,7,9,11,13,15,17",13,0.104651488,0.104651488,0.104651488,21.613680,16.573550,no,yes
CURRENT_PLATFORM,39,5.000000000000,1.200000000000,234.000000000000,234,0.021367521368,6.000000000000,1.000000000000,0.166666666667,0.004273504274,12,8,8,0,12,0,"5,7,8,10,11,14,16,17","5,7,8,10,11,14,16,17",-,"1,2,4,5,7,8,10,11,14,16,17,19",-,0.000000000,0.000000000,0.000000000,21.613680,16.569756,no,no
CURRENT_PLATFORM,40,5.000000000000,1.200000000000,240.000000000000,240,0.020833333333,6.000000000000,1.000000000000,0.166666666667,0.004166666667,8,5,5,0,8,1,"7,9,11,13,17","7,9,11,13,17",-,"1,3,7,9,11,13,17,19",13,0.104858412,0.104858412,0.104858412,21.613680,16.566335,no,yes
CURRENT_PLATFORM,41,5.000000000000,1.200000000000,246.000000000000,246,0.020325203252,6.000000000000,1.000000000000,0.166666666667,0.004065040650,20,14,14,0,20,0,"5,6,7,8,9,10,11,12,13,14,15,16,17,18","5,6,7,8,9,10,11,12,13,14,15,16,17,18",-,"1,2,3,4,5,6,7,8,9,10,11,12,13,14,15,16,17,18,19,20",-,0.000000000,0.000000000,0.000000000,21.613680,16.562917,no,no
CURRENT_PLATFORM,42,5.000000000000,1.200000000000,252.000000000000,252,0.019841269841,6.000000000000,1.000000000000,0.166666666667,0.003968253968,6,5,5,0,6,0,"5,11,13,17,19","5,11,13,17,19",-,"1,5,11,13,17,19",-,0.000000000,0.000000000,0.000000000,21.613680,16.559818,no,no
CURRENT_PLATFORM,43,5.000000000000,1.200000000000,258.000000000000,258,0.019379844961,6.000000000000,1.000000000000,0.166666666667,0.003875968992,21,15,15,0,21,0,"5,6,7,8,9,10,11,12,13,14,15,16,17,18,19","5,6,7,8,9,10,11,12,13,14,15,16,17,18,19",-,"1,2,3,4,5,6,7,8,9,10,11,12,13,14,15,16,17,18,19,20,21",-,0.000000000,0.000000000,0.000000000,21.613680,16.556722,no,no
CURRENT_PLATFORM,44,5.000000000000,1.200000000000,264.000000000000,264,0.018939393939,6.000000000000,1.000000000000,0.166666666667,0.003787878788,10,7,7,0,10,0,"5,7,9,13,15,17,19","5,7,9,13,15,17,19",-,"1,3,5,7,9,13,15,17,19,21",-,0.000000000,0.000000000,0.000000000,21.613680,16.553903,no,no
CURRENT_PLATFORM,45,5.000000000000,1.200000000000,270.000000000000,270,0.018518518519,6.000000000000,1.000000000000,0.166666666667,0.003703703704,12,8,8,0,12,0,"7,8,11,13,14,16,17,19","7,8,11,13,14,16,17,19",-,"1,2,4,7,8,11,13,14,16,17,19,22",-,0.000000000,0.000000000,0.000000000,21.613680,16.551086,no,no
CURRENT_PLATFORM,46,5.000000000000,1.200000000000,276.000000000000,276,0.018115942029,6.000000000000,1.000000000000,0.166666666667,0.003623188406,11,8,8,0,11,0,"7,9,11,13,15,17,19,21","7,9,11,13,15,17,19,21",-,"1,3,5,7,9,11,13,15,17,19,21",-,0.000000000,0.000000000,0.000000000,21.613680,16.548510,no,no
CURRENT_PLATFORM,47,5.000000000000,1.200000000000,282.000000000000,282,0.017730496454,6.000000000000,1.000000000000,0.166666666667,0.003546099291,23,16,16,0,23,0,"6,7,8,9,10,11,12,13,14,15,16,17,18,19,20,21","6,7,8,9,10,11,12,13,14,15,16,17,18,19,20,21",-,"1,2,3,4,5,6,7,8,9,10,11,12,13,14,15,16,17,18,19,20,21,22,23",-,0.000000000,0.000000000,0.000000000,21.613680,16.545936,no,no
CURRENT_PLATFORM,48,5.000000000000,1.200000000000,288.000000000000,288,0.017361111111,6.000000000000,1.000000000000,0.166666666667,0.003472222222,8,5,5,0,8,0,"7,11,13,17,19","7,11,13,17,19",-,"1,5,7,11,13,17,19,23",-,0.000000000,0.000000000,0.000000000,21.613680,16.543573,no,no
CURRENT_PLATFORM,49,5.000000000000,1.200000000000,294.000000000000,294,0.017006802721,6.000000000000,1.000000000000,0.166666666667,0.003401360544,21,14,14,0,21,0,"6,8,9,10,11,12,13,15,16,17,18,19,20,22","6,8,9,10,11,12,13,15,16,17,18,19,20,22",-,"1,2,3,4,5,6,8,9,10,11,12,13,15,16,17,18,19,20,22,23,24",-,0.000000000,0.000000000,0.000000000,21.613680,16.541211,no,no
CURRENT_PLATFORM,50,5.000000000000,1.200000000000,300.000000000000,300,0.016666666667,6.000000000000,1.000000000000,0.166666666667,0.003333333333,10,7,7,0,10,0,"7,9,11,13,17,19,21","7,9,11,13,17,19,21",-,"1,3,7,9,11,13,17,19,21,23",-,0.000000000,0.000000000,0.000000000,21.613680,16.539036,no,no
CURRENT_PLATFORM,5,5.000000000000,1.300000000000,32.500000000000,33,0.153846153846,6.500000000000,1.500000000000,0.230769230769,0.046153846154,2,2,2,0,2,2,"1,2","1,2",-,"1,2","1,2",4.109363531,1.711815969,2.910589750,22.304489,18.321242,no,yes
CURRENT_PLATFORM,6,5.000000000000,1.300000000000,39.000000000000,39,0.128205128205,6.500000000000,1.500000000000,0.230769230769,0.038461538462,1,1,1,0,1,1,1,1,-,1,1,2.939360676,2.939360676,2.939360676,22.304489,18.131582,no,yes
CURRENT_PLATFORM,7,5.000000000000,1.300000000000,45.500000000000,46,0.109890109890,6.500000000000,1.500000000000,0.230769230769,0.032967032967,3,3,3,0,3,3,"1,2,3","1,2,3",-,"1,2,3","1,2,3",2.185258617,0.734642972,1.462854973,22.304489,17.949859,no,yes
CURRENT_PLATFORM,8,5.000000000000,1.300000000000,52.000000000000,52,0.096153846154,6.500000000000,1.500000000000,0.230769230769,0.028846153846,2,2,2,0,2,2,"1,3","1,3",-,"1,3","1,3",1.680257932,0.864325104,1.272291518,22.304489,17.850857,no,yes
CURRENT_PLATFORM,9,5.000000000000,1.300000000000,58.500000000000,59,0.085470085470,6.500000000000,1.500000000000,0.230769230769,0.025641025641,3,2,2,0,3,2,"2,4","2,4",-,"1,2,4","2,4",0.892892003,0.407424184,0.650158093,22.304489,17.754061,no,yes
CURRENT_PLATFORM,10,5.000000000000,1.300000000000,65.000000000000,65,0.076923076923,6.500000000000,1.500000000000,0.230769230769,0.023076923077,2,1,1,0,2,1,3,3,-,"1,3",3,0.816909594,0.816909594,0.816909594,22.304489,17.693218,no,yes
CURRENT_PLATFORM,11,5.000000000000,1.300000000000,71.500000000000,72,0.069930069930,6.500000000000,1.500000000000,0.230769230769,0.020979020979,5,4,4,0,5,4,"2,3,4,5","2,3,4,5",-,"1,2,3,4,5","2,3,4,5",0.641280412,0.258759228,0.506869021,22.304489,17.633215,no,yes
CURRENT_PLATFORM,12,5.000000000000,1.300000000000,78.000000000000,78,0.064102564103,6.500000000000,1.500000000000,0.230769230769,0.019230769231,2,1,1,0,2,1,5,5,-,"1,5",5,0.260450542,0.260450542,0.260450542,22.304489,17.592026,no,yes
CURRENT_PLATFORM,13,5.000000000000,1.300000000000,84.500000000000,85,0.059171597633,6.500000000000,1.500000000000,0.230769230769,0.017751479290,6,4,4,0,6,4,"2,3,4,5","2,3,4,5",-,"1,2,3,4,5,6","2,3,4,5",0.562002146,0.299032806,0.429175412,22.304489,17.551223,no,yes
CURRENT_PLATFORM,14,5.000000000000,1.300000000000,91.000000000000,91,0.054945054945,6.500000000000,1.500000000000,0.230769230769,0.016483516484,3,2,2,0,3,2,"3,5","3,5",-,"1,3,5","3,5",0.433634986,0.392236373,0.412935679,22.304489,17.521487,no,yes
CURRENT_PLATFORM,15,5.000000000000,1.300000000000,97.500000000000,98,0.051282051282,6.500000000000,1.500000000000,0.230769230769,0.015384615385,4,2,2,0,4,2,"2,4","2,4",-,"1,2,4,7","2,4",0.409965976,0.240701218,0.325333597,22.304489,17.491953,no,yes
CURRENT_PLATFORM,16,5.000000000000,1.300000000000,104.000000000000,104,0.048076923077,6.500000000000,1.500000000000,0.230769230769,0.014423076923,4,3,3,0,4,3,"3,5,7","3,5,7",-,"1,3,5,7","3,5,7",0.427237171,0.110474601,0.280925236,22.304489,17.469476,no,yes
CURRENT_PLATFORM,17,5.000000000000,1.300000000000,110.500000000000,111,0.045248868778,6.500000000000,1.500000000000,0.230769230769,0.013574660633,8,6,6,0,8,6,"2,3,4,5,6,7","2,3,4,5,6,7",-,"1,2,3,4,5,6,7,8","2,3,4,5,6,7",0.347279298,0.160294589,0.253182860,22.304489,17.447114,no,yes
CURRENT_PLATFORM,18,5.000000000000,1.300000000000,117.000000000000,117,0.042735042735,6.500000000000,1.500000000000,0.230769230769,0.012820512821,3,2,2,0,3,2,"5,7","5,7",-,"1,5,7","5,7",0.231718600,0.178169874,0.204944237,22.304489,17.429526,no,yes
CURRENT_PLATFORM,19,5.000000000000,1.300000000000,123.500000000000,124,0.040485829960,6.500000000000,1.500000000000,0.230769230769,0.012145748988,9,6,6,0,9,6,"3,4,5,6,7,8","3,4,5,6,7,8",-,"1,2,3,4,5,6,7,8,9","3,4,5,6,7,8",0.344192682,0.102262030,0.224107818,22.304489,17.412009,no,yes
CURRENT_PLATFORM,20,5.000000000000,1.300000000000,130.000000000000,130,0.038461538462,6.500000000000,1.500000000000,0.230769230769,0.011538461538,4,3,3,0,4,2,"3,7,9","3,7,9",-,"1,3,7,9","3,7",0.289566105,0.160850866,0.225208485,22.304489,17.397872,no,yes
CURRENT_PLATFORM,21,5.000000000000,1.300000000000,136.500000000000,137,0.036630036630,6.500000000000,1.500000000000,0.230769230769,0.010989010989,6,3,3,0,6,3,"4,5,8","4,5,8",-,"1,2,4,5,8,10","4,5,8",0.265913178,0.118747840,0.198648256,22.304489,17.383781,no,yes
CURRENT_PLATFORM,22,5.000000000000,1.300000000000,143.000000000000,143,0.034965034965,6.500000000000,1.500000000000,0.230769230769,0.010489510490,5,4,4,0,5,4,"3,5,7,9","3,5,7,9",-,"1,3,5,7,9","3,5,7,9",0.287998209,0.116112862,0.172038832,22.304489,17.372169,no,yes
CURRENT_PLATFORM,23,5.000000000000,1.300000000000,149.500000000000,150,0.033444816054,6.500000000000,1.500000000000,0.230769230769,0.010033444816,11,8,8,0,11,7,"3,4,5,6,7,8,9,10","3,4,5,6,7,8,9,10",-,"1,2,3,4,5,6,7,8,9,10,11","3,4,5,6,7,8,9",0.248327053,0.110193668,0.164668858,22.304489,17.360589,no,yes
CURRENT_PLATFORM,24,5.000000000000,1.300000000000,156.000000000000,156,0.032051282051,6.500000000000,1.500000000000,0.230769230769,0.009615384615,4,2,2,0,4,2,"5,7","5,7",-,"1,5,7,11","5,7",0.184060710,0.147216271,0.165638491,22.304489,17.350881,no,yes
CURRENT_PLATFORM,25,5.000000000000,1.300000000000,162.500000000000,163,0.030769230769,6.500000000000,1.500000000000,0.230769230769,0.009230769231,10,7,7,0,10,4,"3,4,6,7,8,9,11","3,4,6,7,8,9,11",-,"1,2,3,4,6,7,8,9,11,12","4,6,7,8",0.247489098,0.134517647,0.184662818,22.304489,17.341196,no,yes
CURRENT_PLATFORM,26,5.000000000000,1.300000000000,169.000000000000,169,0.029585798817,6.500000000000,1.500000000000,0.230769230769,0.008875739645,6,5,5,0,6,3,"3,5,7,9,11","3,5,7,9,11",-,"1,3,5,7,9,11","5,7,9",0.217372202,0.109035671,0.162687674,22.304489,17.332960,no,yes
CURRENT_PLATFORM,27,5.000000000000,1.300000000000,175.500000000000,176,0.028490028490,6.500000000000,1.500000000000,0.230769230769,0.008547008547,9,6,6,0,9,3,"4,5,7,8,10,11","4,5,7,8,10,11",-,"1,2,4,5,7,8,10,11,13","4,7,8",0.196731386,0.102102002,0.134161235,22.304489,17.324740,no,yes
CURRENT_PLATFORM,28,5.000000000000,1.300000000000,182.000000000000,182,0.027472527473,6.500000000000,1.500000000000,0.230769230769,0.008241758242,6,3,3,0,6,1,"5,9,11","5,9,11",-,"1,3,5,9,11,13",9,0.216923000,0.216923000,0.216923000,22.304489,17.317665,no,yes
CURRENT_PLATFORM,29,5.000000000000,1.300000000000,188.500000000000,189,0.026525198939,6.500000000000,1.500000000000,0.230769230769,0.007957559682,14,10,10,0,14,4,"4,5,6,7,8,9,10,11,12,13","4,5,6,7,8,9,10,11,12,13",-,"1,2,3,4,5,6,7,8,9,10,11,12,13,14","5,6,7,10",0.193280296,0.115847709,0.158881540,22.304489,17.310601,no,yes
CURRENT_PLATFORM,30,5.000000000000,1.300000000000,195.000000000000,195,0.025641025641,6.500000000000,1.500000000000,0.230769230769,0.007692307692,4,3,3,0,4,0,"7,11,13","7,11,13",-,"1,7,11,13",-,0.000000000,0.000000000,0.000000000,22.304489,17.304457,no,no
CURRENT_PLATFORM,31,5.000000000000,1.300000000000,201.500000000000,202,0.024813895782,6.500000000000,1.500000000000,0.230769230769,0.007444168734,15,11,11,0,15,5,"4,5,6,7,8,9,10,11,12,13,14","4,5,6,7,8,9,10,11,12,13,14",-,"1,2,3,4,5,6,7,8,9,10,11,12,13,14,15","5,6,8,9,10",0.193049669,0.102730584,0.139770051,22.304489,17.298321,no,yes
CURRENT_PLATFORM,32,5.000000000000,1.300000000000,208.000000000000,208,0.024038461538,6.500000000000,1.500000000000,0.230769230769,0.007211538462,8,5,5,0,8,2,"5,7,9,11,13","5,7,9,11,13",-,"1,3,5,7,9,11,13,15","9,11",0.173996410,0.101531289,0.137763849,22.304489,17.292936,no,yes
CURRENT_PLATFORM,33,5.000000000000,1.300000000000,214.500000000000,215,0.023310023310,6.500000000000,1.500000000000,0.230769230769,0.006993006993,10,7,7,0,10,1,"4,5,7,8,10,13,14","4,5,7,8,10,13,14",-,"1,2,4,5,7,8,10,13,14,16",8,0.156101780,0.156101780,0.156101780,22.304489,17.287557,no,yes
CURRENT_PLATFORM,34,5.000000000000,1.300000000000,221.000000000000,221,0.022624434389,6.500000000000,1.500000000000,0.230769230769,0.006787330317,8,6,6,0,8,2,"5,7,9,11,13,15","5,7,9,11,13,15",-,"1,3,5,7,9,11,13,15","7,11",0.173893440,0.120103396,0.146998418,22.304489,17.282798,no,yes
CURRENT_PLATFORM,35,5.000000000000,1.300000000000,227.500000000000,228,0.021978021978,6.500000000000,1.500000000000,0.230769230769,0.006593406593,12,8,8,0,12,2,"4,6,8,9,11,12,13,16","4,6,8,9,11,12,13,16",-,"1,2,3,4,6,8,9,11,12,13,16,17","9,12",0.158211673,0.146045992,0.152128833,22.304489,17.278045,no,yes
CURRENT_PLATFORM,36,5.000000000000,1.300000000000,234.000000000000,234,0.021367521368,6.500000000000,1.500000000000,0.230769230769,0.006410256410,6,4,4,0,6,1,"5,7,11,13","5,7,11,13",-,"1,5,7,11,13,17",7,0.110014894,0.110014894,0.110014894,22.304489,17.273809,no,yes
CURRENT_PLATFORM,37,5.000000000000,1.300000000000,240.500000000000,241,0.020790020790,6.500000000000,1.500000000000,0.230769230769,0.006237006237,18,12,12,0,18,2,"5,6,7,8,9,10,11,12,13,14,15,16","5,6,7,8,9,10,11,12,13,14,15,16",-,"1,2,3,4,5,6,7,8,9,10,11,12,13,14,15,16,17,18","9,12",0.158185151,0.137206778,0.147695964,22.304489,17.269577,no,yes
CURRENT_PLATFORM,38,5.000000000000,1.300000000000,247.000000000000,247,0.020242914980,6.500000000000,1.500000000000,0.230769230769,0.006072874494,9,7,7,0,9,1,"5,7,9,11,13,15,17","5,7,9,11,13,15,17",-,"1,3,5,7,9,11,13,15,17",13,0.145052823,0.145052823,0.145052823,22.304489,17.265783,no,yes
CURRENT_PLATFORM,39,5.000000000000,1.300000000000,253.500000000000,254,0.019723865878,6.500000000000,1.500000000000,0.230769230769,0.005917159763,12,8,8,0,12,2,"5,7,8,10,11,14,16,17","5,7,8,10,11,14,16,17",-,"1,2,4,5,7,8,10,11,14,16,17,19","8,10",0.129376026,0.102310881,0.115843453,22.304489,17.261992,no,yes
CURRENT_PLATFORM,40,5.000000000000,1.300000000000,260.000000000000,260,0.019230769231,6.500000000000,1.500000000000,0.230769230769,0.005769230769,8,5,5,0,8,1,"7,9,11,13,17","7,9,11,13,17",-,"1,3,7,9,11,13,17,19",13,0.145072688,0.145072688,0.145072688,22.304489,17.258573,no,yes
CURRENT_PLATFORM,41,5.000000000000,1.300000000000,266.500000000000,267,0.018761726079,6.500000000000,1.500000000000,0.230769230769,0.005628517824,20,14,14,0,20,2,"5,6,7,8,9,10,11,12,13,14,15,16,17,18","5,6,7,8,9,10,11,12,13,14,15,16,17,18",-,"1,2,3,4,5,6,7,8,9,10,11,12,13,14,15,16,17,18,19,20","10,14",0.133914887,0.122390519,0.128152703,22.304489,17.255157,no,yes
CURRENT_PLATFORM,42,5.000000000000,1.300000000000,273.000000000000,273,0.018315018315,6.500000000000,1.500000000000,0.230769230769,0.005494505495,6,5,5,0,6,0,"5,11,13,17,19","5,11,13,17,19",-,"1,5,11,13,17,19",-,0.000000000,0.000000000,0.000000000,22.304489,17.252061,no,no
CURRENT_PLATFORM,43,5.000000000000,1.300000000000,279.500000000000,280,0.017889087657,6.500000000000,1.500000000000,0.230769230769,0.005366726297,21,15,15,0,21,2,"5,6,7,8,9,10,11,12,13,14,15,16,17,18,19","5,6,7,8,9,10,11,12,13,14,15,16,17,18,19",-,"1,2,3,4,5,6,7,8,9,10,11,12,13,14,15,16,17,18,19,20,21","11,14",0.133962912,0.116120451,0.125041682,22.304489,17.248967,no,yes
CURRENT_PLATFORM,44,5.000000000000,1.300000000000,286.000000000000,286,0.017482517483,6.500000000000,1.500000000000,0.230769230769,0.005244755245,10,7,7,0,10,1,"5,7,9,13,15,17,19","5,7,9,13,15,17,19",-,"1,3,5,7,9,13,15,17,19,21",15,0.124365489,0.124365489,0.124365489,22.304489,17.246150,no,yes
CURRENT_PLATFORM,45,5.000000000000,1.300000000000,292.500000000000,293,0.017094017094,6.500000000000,1.500000000000,0.230769230769,0.005128205128,12,8,8,0,12,1,"7,8,11,13,14,16,17,19","7,8,11,13,14,16,17,19",-,"1,2,4,7,8,11,13,14,16,17,19,22",11,0.110461295,0.110461295,0.110461295,22.304489,17.243335,no,yes
CURRENT_PLATFORM,46,5.000000000000,1.300000000000,299.000000000000,299,0.016722408027,6.500000000000,1.500000000000,0.230769230769,0.005016722408,11,8,8,0,11,1,"7,9,11,13,15,17,19,21","7,9,11,13,15,17,19,21",-,"1,3,5,7,9,11,13,15,17,19,21",15,0.124430341,0.124430341,0.124430341,22.304489,17.240760,no,yes
CURRENT_PLATFORM,47,5.000000000000,1.300000000000,305.500000000000,306,0.016366612111,6.500000000000,1.500000000000,0.230769230769,0.004909983633,23,16,16,0,23,2,"6,7,8,9,10,11,12,13,14,15,16,17,18,19,20,21","6,7,8,9,10,11,12,13,14,15,16,17,18,19,20,21",-,"1,2,3,4,5,6,7,8,9,10,11,12,13,14,15,16,17,18,19,20,21,22,23","12,16",0.116087392,0.105327938,0.110707665,22.304489,17.238188,no,yes
CURRENT_PLATFORM,48,5.000000000000,1.300000000000,312.000000000000,312,0.016025641026,6.500000000000,1.500000000000,0.230769230769,0.004807692308,8,5,5,0,8,0,"7,11,13,17,19","7,11,13,17,19",-,"1,5,7,11,13,17,19,23",-,0.000000000,0.000000000,0.000000000,22.304489,17.235826,no,no
CURRENT_PLATFORM,49,5.000000000000,1.300000000000,318.500000000000,319,0.015698587127,6.500000000000,1.500000000000,0.230769230769,0.004709576138,21,14,14,0,21,2,"6,8,9,10,11,12,13,15,16,17,18,19,20,22","6,8,9,10,11,12,13,15,16,17,18,19,20,22",-,"1,2,3,4,5,6,8,9,10,11,12,13,15,16,17,18,19,20,22,23,24","12,16",0.116161889,0.100650371,0.108406130,22.304489,17.233466,no,yes
CURRENT_PLATFORM,50,5.000000000000,1.300000000000,325.000000000000,325,0.015384615385,6.500000000000,1.500000000000,0.230769230769,0.004615384615,10,7,7,0,10,1,"7,9,11,13,17,19,21","7,9,11,13,17,19,21",-,"1,3,7,9,11,13,17,19,21,23",17,0.108842561,0.108842561,0.108842561,22.304489,17.231292,no,yes
CURRENT_PLATFORM,5,6.000000000000,1.000000000000,30.000000000000,30,0.200000000000,6.000000000000,0.000000000000,0.000000000000,0.000000000000,2,2,2,0,2,0,"1,2","1,2",-,"1,2",-,0.000000000,0.000000000,0.000000000,21.613680,17.629766,yes,no
CURRENT_PLATFORM,6,6.000000000000,1.000000000000,36.000000000000,36,0.166666666667,6.000000000000,0.000000000000,0.000000000000,0.000000000000,1,1,1,0,1,0,1,1,-,1,-,0.000000000,0.000000000,0.000000000,21.613680,17.439966,yes,no
CURRENT_PLATFORM,7,6.000000000000,1.000000000000,42.000000000000,42,0.142857142857,6.000000000000,0.000000000000,0.000000000000,0.000000000000,3,3,3,0,3,0,"1,2,3","1,2,3",-,"1,2,3",-,0.000000000,0.000000000,0.000000000,21.613680,17.258115,yes,no
CURRENT_PLATFORM,8,6.000000000000,1.000000000000,48.000000000000,48,0.125000000000,6.000000000000,0.000000000000,0.000000000000,0.000000000000,2,2,2,0,2,0,"1,3","1,3",-,"1,3",-,0.000000000,0.000000000,0.000000000,21.613680,17.159040,yes,no
CURRENT_PLATFORM,9,6.000000000000,1.000000000000,54.000000000000,54,0.111111111111,6.000000000000,0.000000000000,0.000000000000,0.000000000000,3,2,2,0,3,0,"2,4","2,4",-,"1,2,4",-,0.000000000,0.000000000,0.000000000,21.613680,17.062176,yes,no
CURRENT_PLATFORM,10,6.000000000000,1.000000000000,60.000000000000,60,0.100000000000,6.000000000000,0.000000000000,0.000000000000,0.000000000000,2,1,1,0,2,0,3,3,-,"1,3",-,0.000000000,0.000000000,0.000000000,21.613680,17.001288,yes,no
CURRENT_PLATFORM,11,6.000000000000,1.000000000000,66.000000000000,66,0.090909090909,6.000000000000,0.000000000000,0.000000000000,0.000000000000,5,4,4,0,5,0,"2,3,4,5","2,3,4,5",-,"1,2,3,4,5",-,0.000000000,0.000000000,0.000000000,21.613680,16.941242,yes,no
CURRENT_PLATFORM,12,6.000000000000,1.000000000000,72.000000000000,72,0.083333333333,6.000000000000,0.000000000000,0.000000000000,0.000000000000,2,1,1,0,2,0,5,5,-,"1,5",-,0.000000000,0.000000000,0.000000000,21.613680,16.900023,yes,no
CURRENT_PLATFORM,13,6.000000000000,1.000000000000,78.000000000000,78,0.076923076923,6.000000000000,0.000000000000,0.000000000000,0.000000000000,6,4,4,0,6,0,"2,3,4,5","2,3,4,5",-,"1,2,3,4,5,6",-,0.000000000,0.000000000,0.000000000,21.613680,16.859191,yes,no
CURRENT_PLATFORM,14,6.000000000000,1.000000000000,84.000000000000,84,0.071428571429,6.000000000000,0.000000000000,0.000000000000,0.000000000000,3,2,2,0,3,0,"3,5","3,5",-,"1,3,5",-,0.000000000,0.000000000,0.000000000,21.613680,16.829434,yes,no
CURRENT_PLATFORM,15,6.000000000000,1.000000000000,90.000000000000,90,0.066666666667,6.000000000000,0.000000000000,0.000000000000,0.000000000000,4,2,2,0,4,0,"2,4","2,4",-,"1,2,4,7",-,0.000000000,0.000000000,0.000000000,21.613680,16.799879,yes,no
CURRENT_PLATFORM,16,6.000000000000,1.000000000000,96.000000000000,96,0.062500000000,6.000000000000,0.000000000000,0.000000000000,0.000000000000,4,3,3,0,4,0,"3,5,7","3,5,7",-,"1,3,5,7",-,0.000000000,0.000000000,0.000000000,21.613680,16.777386,yes,no
CURRENT_PLATFORM,17,6.000000000000,1.000000000000,102.000000000000,102,0.058823529412,6.000000000000,0.000000000000,0.000000000000,0.000000000000,8,6,6,0,8,0,"2,3,4,5,6,7","2,3,4,5,6,7",-,"1,2,3,4,5,6,7,8",-,0.000000000,0.000000000,0.000000000,21.613680,16.755008,yes,no
CURRENT_PLATFORM,18,6.000000000000,1.000000000000,108.000000000000,108,0.055555555556,6.000000000000,0.000000000000,0.000000000000,0.000000000000,3,2,2,0,3,0,"5,7","5,7",-,"1,5,7",-,0.000000000,0.000000000,0.000000000,21.613680,16.737408,yes,no
CURRENT_PLATFORM,19,6.000000000000,1.000000000000,114.000000000000,114,0.052631578947,6.000000000000,0.000000000000,0.000000000000,0.000000000000,9,6,6,0,9,0,"3,4,5,6,7,8","3,4,5,6,7,8",-,"1,2,3,4,5,6,7,8,9",-,0.000000000,0.000000000,0.000000000,21.613680,16.719878,yes,no
CURRENT_PLATFORM,20,6.000000000000,1.000000000000,120.000000000000,120,0.050000000000,6.000000000000,0.000000000000,0.000000000000,0.000000000000,4,3,3,0,4,0,"3,7,9","3,7,9",-,"1,3,7,9",-,0.000000000,0.000000000,0.000000000,21.613680,16.705731,yes,no
CURRENT_PLATFORM,21,6.000000000000,1.000000000000,126.000000000000,126,0.047619047619,6.000000000000,0.000000000000,0.000000000000,0.000000000000,6,3,3,0,6,0,"4,5,8","4,5,8",-,"1,2,4,5,8,10",-,0.000000000,0.000000000,0.000000000,21.613680,16.691630,yes,no
CURRENT_PLATFORM,22,6.000000000000,1.000000000000,132.000000000000,132,0.045454545455,6.000000000000,0.000000000000,0.000000000000,0.000000000000,5,4,4,0,5,0,"3,5,7,9","3,5,7,9",-,"1,3,5,7,9",-,0.000000000,0.000000000,0.000000000,21.613680,16.680010,yes,no
CURRENT_PLATFORM,23,6.000000000000,1.000000000000,138.000000000000,138,0.043478260870,6.000000000000,0.000000000000,0.000000000000,0.000000000000,11,8,8,0,11,0,"3,4,5,6,7,8,9,10","3,4,5,6,7,8,9,10",-,"1,2,3,4,5,6,7,8,9,10,11",-,0.000000000,0.000000000,0.000000000,21.613680,16.668422,yes,no
CURRENT_PLATFORM,24,6.000000000000,1.000000000000,144.000000000000,144,0.041666666667,6.000000000000,0.000000000000,0.000000000000,0.000000000000,4,2,2,0,4,0,"5,7","5,7",-,"1,5,7,11",-,0.000000000,0.000000000,0.000000000,21.613680,16.658708,yes,no
CURRENT_PLATFORM,25,6.000000000000,1.000000000000,150.000000000000,150,0.040000000000,6.000000000000,0.000000000000,0.000000000000,0.000000000000,10,7,7,0,10,0,"3,4,6,7,8,9,11","3,4,6,7,8,9,11",-,"1,2,3,4,6,7,8,9,11,12",-,0.000000000,0.000000000,0.000000000,21.613680,16.649015,yes,no
CURRENT_PLATFORM,26,6.000000000000,1.000000000000,156.000000000000,156,0.038461538462,6.000000000000,0.000000000000,0.000000000000,0.000000000000,6,5,5,0,6,0,"3,5,7,9,11","3,5,7,9,11",-,"1,3,5,7,9,11",-,0.000000000,0.000000000,0.000000000,21.613680,16.640774,yes,no
CURRENT_PLATFORM,27,6.000000000000,1.000000000000,162.000000000000,162,0.037037037037,6.000000000000,0.000000000000,0.000000000000,0.000000000000,9,6,6,0,9,0,"4,5,7,8,10,11","4,5,7,8,10,11",-,"1,2,4,5,7,8,10,11,13",-,0.000000000,0.000000000,0.000000000,21.613680,16.632548,yes,no
CURRENT_PLATFORM,28,6.000000000000,1.000000000000,168.000000000000,168,0.035714285714,6.000000000000,0.000000000000,0.000000000000,0.000000000000,6,3,3,0,6,0,"5,9,11","5,9,11",-,"1,3,5,9,11,13",-,0.000000000,0.000000000,0.000000000,21.613680,16.625468,yes,no
CURRENT_PLATFORM,29,6.000000000000,1.000000000000,174.000000000000,174,0.034482758621,6.000000000000,0.000000000000,0.000000000000,0.000000000000,14,10,10,0,14,0,"4,5,6,7,8,9,10,11,12,13","4,5,6,7,8,9,10,11,12,13",-,"1,2,3,4,5,6,7,8,9,10,11,12,13,14",-,0.000000000,0.000000000,0.000000000,21.613680,16.618399,yes,no
CURRENT_PLATFORM,30,6.000000000000,1.000000000000,180.000000000000,180,0.033333333333,6.000000000000,0.000000000000,0.000000000000,0.000000000000,4,3,3,0,4,0,"7,11,13","7,11,13",-,"1,7,11,13",-,0.000000000,0.000000000,0.000000000,21.613680,16.612251,yes,no
CURRENT_PLATFORM,31,6.000000000000,1.000000000000,186.000000000000,186,0.032258064516,6.000000000000,0.000000000000,0.000000000000,0.000000000000,15,11,11,0,15,0,"4,5,6,7,8,9,10,11,12,13,14","4,5,6,7,8,9,10,11,12,13,14",-,"1,2,3,4,5,6,7,8,9,10,11,12,13,14,15",-,0.000000000,0.000000000,0.000000000,21.613680,16.606111,yes,no
CURRENT_PLATFORM,32,6.000000000000,1.000000000000,192.000000000000,192,0.031250000000,6.000000000000,0.000000000000,0.000000000000,0.000000000000,8,5,5,0,8,0,"5,7,9,11,13","5,7,9,11,13",-,"1,3,5,7,9,11,13,15",-,0.000000000,0.000000000,0.000000000,21.613680,16.600722,yes,no
CURRENT_PLATFORM,33,6.000000000000,1.000000000000,198.000000000000,198,0.030303030303,6.000000000000,0.000000000000,0.000000000000,0.000000000000,10,7,7,0,10,0,"4,5,7,8,10,13,14","4,5,7,8,10,13,14",-,"1,2,4,5,7,8,10,13,14,16",-,0.000000000,0.000000000,0.000000000,21.613680,16.595340,yes,no
CURRENT_PLATFORM,34,6.000000000000,1.000000000000,204.000000000000,204,0.029411764706,6.000000000000,0.000000000000,0.000000000000,0.000000000000,8,6,6,0,8,0,"5,7,9,11,13,15","5,7,9,11,13,15",-,"1,3,5,7,9,11,13,15",-,0.000000000,0.000000000,0.000000000,21.613680,16.590577,yes,no
CURRENT_PLATFORM,35,6.000000000000,1.000000000000,210.000000000000,210,0.028571428571,6.000000000000,0.000000000000,0.000000000000,0.000000000000,12,8,8,0,12,0,"4,6,8,9,11,12,13,16","4,6,8,9,11,12,13,16",-,"1,2,3,4,6,8,9,11,12,13,16,17",-,0.000000000,0.000000000,0.000000000,21.613680,16.585820,yes,no
CURRENT_PLATFORM,36,6.000000000000,1.000000000000,216.000000000000,216,0.027777777778,6.000000000000,0.000000000000,0.000000000000,0.000000000000,6,4,4,0,6,0,"5,7,11,13","5,7,11,13",-,"1,5,7,11,13,17",-,0.000000000,0.000000000,0.000000000,21.613680,16.581582,yes,no
CURRENT_PLATFORM,37,6.000000000000,1.000000000000,222.000000000000,222,0.027027027027,6.000000000000,0.000000000000,0.000000000000,0.000000000000,18,12,12,0,18,0,"5,6,7,8,9,10,11,12,13,14,15,16","5,6,7,8,9,10,11,12,13,14,15,16",-,"1,2,3,4,5,6,7,8,9,10,11,12,13,14,15,16,17,18",-,0.000000000,0.000000000,0.000000000,21.613680,16.577347,yes,no
CURRENT_PLATFORM,38,6.000000000000,1.000000000000,228.000000000000,228,0.026315789474,6.000000000000,0.000000000000,0.000000000000,0.000000000000,9,7,7,0,9,0,"5,7,9,11,13,15,17","5,7,9,11,13,15,17",-,"1,3,5,7,9,11,13,15,17",-,0.000000000,0.000000000,0.000000000,21.613680,16.573550,yes,no
CURRENT_PLATFORM,39,6.000000000000,1.000000000000,234.000000000000,234,0.025641025641,6.000000000000,0.000000000000,0.000000000000,0.000000000000,12,8,8,0,12,0,"5,7,8,10,11,14,16,17","5,7,8,10,11,14,16,17",-,"1,2,4,5,7,8,10,11,14,16,17,19",-,0.000000000,0.000000000,0.000000000,21.613680,16.569756,yes,no
CURRENT_PLATFORM,40,6.000000000000,1.000000000000,240.000000000000,240,0.025000000000,6.000000000000,0.000000000000,0.000000000000,0.000000000000,8,5,5,0,8,0,"7,9,11,13,17","7,9,11,13,17",-,"1,3,7,9,11,13,17,19",-,0.000000000,0.000000000,0.000000000,21.613680,16.566335,yes,no
CURRENT_PLATFORM,41,6.000000000000,1.000000000000,246.000000000000,246,0.024390243902,6.000000000000,0.000000000000,0.000000000000,0.000000000000,20,14,14,0,20,0,"5,6,7,8,9,10,11,12,13,14,15,16,17,18","5,6,7,8,9,10,11,12,13,14,15,16,17,18",-,"1,2,3,4,5,6,7,8,9,10,11,12,13,14,15,16,17,18,19,20",-,0.000000000,0.000000000,0.000000000,21.613680,16.562917,yes,no
CURRENT_PLATFORM,42,6.000000000000,1.000000000000,252.000000000000,252,0.023809523810,6.000000000000,0.000000000000,0.000000000000,0.000000000000,6,5,5,0,6,0,"5,11,13,17,19","5,11,13,17,19",-,"1,5,11,13,17,19",-,0.000000000,0.000000000,0.000000000,21.613680,16.559818,yes,no
CURRENT_PLATFORM,43,6.000000000000,1.000000000000,258.000000000000,258,0.023255813953,6.000000000000,0.000000000000,0.000000000000,0.000000000000,21,15,15,0,21,0,"5,6,7,8,9,10,11,12,13,14,15,16,17,18,19","5,6,7,8,9,10,11,12,13,14,15,16,17,18,19",-,"1,2,3,4,5,6,7,8,9,10,11,12,13,14,15,16,17,18,19,20,21",-,0.000000000,0.000000000,0.000000000,21.613680,16.556722,yes,no
CURRENT_PLATFORM,44,6.000000000000,1.000000000000,264.000000000000,264,0.022727272727,6.000000000000,0.000000000000,0.000000000000,0.000000000000,10,7,7,0,10,0,"5,7,9,13,15,17,19","5,7,9,13,15,17,19",-,"1,3,5,7,9,13,15,17,19,21",-,0.000000000,0.000000000,0.000000000,21.613680,16.553903,yes,no
CURRENT_PLATFORM,45,6.000000000000,1.000000000000,270.000000000000,270,0.022222222222,6.000000000000,0.000000000000,0.000000000000,0.000000000000,12,8,8,0,12,0,"7,8,11,13,14,16,17,19","7,8,11,13,14,16,17,19",-,"1,2,4,7,8,11,13,14,16,17,19,22",-,0.000000000,0.000000000,0.000000000,21.613680,16.551086,yes,no
CURRENT_PLATFORM,46,6.000000000000,1.000000000000,276.000000000000,276,0.021739130435,6.000000000000,0.000000000000,0.000000000000,0.000000000000,11,8,8,0,11,0,"7,9,11,13,15,17,19,21","7,9,11,13,15,17,19,21",-,"1,3,5,7,9,11,13,15,17,19,21",-,0.000000000,0.000000000,0.000000000,21.613680,16.548510,yes,no
CURRENT_PLATFORM,47,6.000000000000,1.000000000000,282.000000000000,282,0.021276595745,6.000000000000,0.000000000000,0.000000000000,0.000000000000,23,16,16,0,23,0,"6,7,8,9,10,11,12,13,14,15,16,17,18,19,20,21","6,7,8,9,10,11,12,13,14,15,16,17,18,19,20,21",-,"1,2,3,4,5,6,7,8,9,10,11,12,13,14,15,16,17,18,19,20,21,22,23",-,0.000000000,0.000000000,0.000000000,21.613680,16.545936,yes,no
CURRENT_PLATFORM,48,6.000000000000,1.000000000000,288.000000000000,288,0.020833333333,6.000000000000,0.000000000000,0.000000000000,0.000000000000,8,5,5,0,8,0,"7,11,13,17,19","7,11,13,17,19",-,"1,5,7,11,13,17,19,23",-,0.000000000,0.000000000,0.000000000,21.613680,16.543573,yes,no
CURRENT_PLATFORM,49,6.000000000000,1.000000000000,294.000000000000,294,0.020408163265,6.000000000000,0.000000000000,0.000000000000,0.000000000000,21,14,14,0,21,0,"6,8,9,10,11,12,13,15,16,17,18,19,20,22","6,8,9,10,11,12,13,15,16,17,18,19,20,22",-,"1,2,3,4,5,6,8,9,10,11,12,13,15,16,17,18,19,20,22,23,24",-,0.000000000,0.000000000,0.000000000,21.613680,16.541211,yes,no
CURRENT_PLATFORM,50,6.000000000000,1.000000000000,300.000000000000,300,0.020000000000,6.000000000000,0.000000000000,0.000000000000,0.000000000000,10,7,7,0,10,0,"7,9,11,13,17,19,21","7,9,11,13,17,19,21",-,"1,3,7,9,11,13,17,19,21,23",-,0.000000000,0.000000000,0.000000000,21.613680,16.539036,yes,no
CURRENT_PLATFORM,5,6.000000000000,1.020000000000,30.600000000000,31,0.196078431373,6.120000000000,0.120000000000,0.019607843137,0.003921568627,2,2,2,0,2,2,"1,2","1,2",-,"1,2","1,2",0.365026567,0.150435200,0.257730884,21.784520,17.800781,no,yes
CURRENT_PLATFORM,6,6.000000000000,1.020000000000,36.720000000000,37,0.163398692810,6.120000000000,0.120000000000,0.019607843137,0.003267973856,1,1,1,0,1,1,1,1,-,1,1,0.265454655,0.265454655,0.265454655,21.784520,17.611018,no,yes
CURRENT_PLATFORM,7,6.000000000000,1.020000000000,42.840000000000,43,0.140056022409,6.120000000000,0.120000000000,0.019607843137,0.002801120448,3,3,3,0,3,2,"1,2,3","1,2,3",-,"1,2,3","1,2",0.199487181,0.125093932,0.162290557,21.784520,17.429200,no,yes
CURRENT_PLATFORM,8,6.000000000000,1.020000000000,48.960000000000,49,0.122549019608,6.120000000000,0.120000000000,0.019607843137,0.002450980392,2,2,2,0,2,1,"1,3","1,3",-,"1,3",1,0.154531039,0.154531039,0.154531039,21.784520,17.330145,no,yes
CURRENT_PLATFORM,9,6.000000000000,1.020000000000,55.080000000000,56,0.108932461874,6.120000000000,0.120000000000,0.019607843137,0.002178649237,3,2,2,0,3,0,"2,4","2,4",-,"1,2,4",-,0.000000000,0.000000000,0.000000000,21.784520,17.233298,no,no
CURRENT_PLATFORM,10,6.000000000000,1.020000000000,61.200000000000,62,0.098039215686,6.120000000000,0.120000000000,0.019607843137,0.001960784314,2,1,1,0,2,0,3,3,-,"1,3",-,0.000000000,0.000000000,0.000000000,21.784520,17.172422,no,no
CURRENT_PLATFORM,11,6.000000000000,1.020000000000,67.320000000000,68,0.089126559715,6.120000000000,0.120000000000,0.019607843137,0.001782531194,5,4,4,0,5,0,"2,3,4,5","2,3,4,5",-,"1,2,3,4,5",-,0.000000000,0.000000000,0.000000000,21.784520,17.112387,no,no
CURRENT_PLATFORM,12,6.000000000000,1.020000000000,73.440000000000,74,0.081699346405,6.120000000000,0.120000000000,0.019607843137,0.001633986928,2,1,1,0,2,0,5,5,-,"1,5",-,0.000000000,0.000000000,0.000000000,21.784520,17.071176,no,no
CURRENT_PLATFORM,13,6.000000000000,1.020000000000,79.560000000000,80,0.075414781297,6.120000000000,0.120000000000,0.019607843137,0.001508295626,6,4,4,0,6,0,"2,3,4,5","2,3,4,5",-,"1,2,3,4,5,6",-,0.000000000,0.000000000,0.000000000,21.784520,17.030352,no,no
CURRENT_PLATFORM,14,6.000000000000,1.020000000000,85.680000000000,86,0.070028011204,6.120000000000,0.120000000000,0.019607843137,0.001400560224,3,2,2,0,3,0,"3,5","3,5",-,"1,3,5",-,0.000000000,0.000000000,0.000000000,21.784520,17.000601,no,no
CURRENT_PLATFORM,15,6.000000000000,1.020000000000,91.800000000000,92,0.065359477124,6.120000000000,0.120000000000,0.019607843137,0.001307189542,4,2,2,0,4,0,"2,4","2,4",-,"1,2,4,7",-,0.000000000,0.000000000,0.000000000,21.784520,16.971051,no,no
CURRENT_PLATFORM,16,6.000000000000,1.020000000000,97.920000000000,98,0.061274509804,6.120000000000,0.120000000000,0.019607843137,0.001225490196,4,3,3,0,4,0,"3,5,7","3,5,7",-,"1,3,5,7",-,0.000000000,0.000000000,0.000000000,21.784520,16.948562,no,no
CURRENT_PLATFORM,17,6.000000000000,1.020000000000,104.040000000000,105,0.057670126874,6.120000000000,0.120000000000,0.019607843137,0.001153402537,8,6,6,0,8,0,"2,3,4,5,6,7","2,3,4,5,6,7",-,"1,2,3,4,5,6,7,8",-,0.000000000,0.000000000,0.000000000,21.784520,16.926189,no,no
CURRENT_PLATFORM,18,6.000000000000,1.020000000000,110.160000000000,111,0.054466230937,6.120000000000,0.120000000000,0.019607843137,0.001089324619,3,2,2,0,3,0,"5,7","5,7",-,"1,5,7",-,0.000000000,0.000000000,0.000000000,21.784520,16.908592,no,no
CURRENT_PLATFORM,19,6.000000000000,1.020000000000,116.280000000000,117,0.051599587203,6.120000000000,0.120000000000,0.019607843137,0.001031991744,9,6,6,0,9,0,"3,4,5,6,7,8","3,4,5,6,7,8",-,"1,2,3,4,5,6,7,8,9",-,0.000000000,0.000000000,0.000000000,21.784520,16.891065,no,no
CURRENT_PLATFORM,20,6.000000000000,1.020000000000,122.400000000000,123,0.049019607843,6.120000000000,0.120000000000,0.019607843137,0.000980392157,4,3,3,0,4,0,"3,7,9","3,7,9",-,"1,3,7,9",-,0.000000000,0.000000000,0.000000000,21.784520,16.876921,no,no
CURRENT_PLATFORM,21,6.000000000000,1.020000000000,128.520000000000,129,0.046685340803,6.120000000000,0.120000000000,0.019607843137,0.000933706816,6,3,3,0,6,0,"4,5,8","4,5,8",-,"1,2,4,5,8,10",-,0.000000000,0.000000000,0.000000000,21.784520,16.862822,no,no
CURRENT_PLATFORM,22,6.000000000000,1.020000000000,134.640000000000,135,0.044563279857,6.120000000000,0.120000000000,0.019607843137,0.000891265597,5,4,4,0,5,0,"3,5,7,9","3,5,7,9",-,"1,3,5,7,9",-,0.000000000,0.000000000,0.000000000,21.784520,16.851205,no,no
CURRENT_PLATFORM,23,6.000000000000,1.020000000000,140.760000000000,141,0.042625745951,6.120000000000,0.120000000000,0.019607843137,0.000852514919,11,8,8,0,11,0,"3,4,5,6,7,8,9,10","3,4,5,6,7,8,9,10",-,"1,2,3,4,5,6,7,8,9,10,11",-,0.000000000,0.000000000,0.000000000,21.784520,16.839618,no,no
CURRENT_PLATFORM,24,6.000000000000,1.020000000000,146.880000000000,147,0.040849673203,6.120000000000,0.120000000000,0.019607843137,0.000816993464,4,2,2,0,4,0,"5,7","5,7",-,"1,5,7,11",-,0.000000000,0.000000000,0.000000000,21.784520,16.829906,no,no
CURRENT_PLATFORM,25,6.000000000000,1.020000000000,153.000000000000,153,0.039215686275,6.120000000000,0.120000000000,0.019607843137,0.000784313725,10,7,7,0,10,0,"3,4,6,7,8,9,11","3,4,6,7,8,9,11",-,"1,2,3,4,6,7,8,9,11,12",-,0.000000000,0.000000000,0.000000000,21.784520,16.820216,no,no
CURRENT_PLATFORM,26,6.000000000000,1.020000000000,159.120000000000,160,0.037707390649,6.120000000000,0.120000000000,0.019607843137,0.000754147813,6,5,5,0,6,0,"3,5,7,9,11","3,5,7,9,11",-,"1,3,5,7,9,11",-,0.000000000,0.000000000,0.000000000,21.784520,16.811976,no,no
CURRENT_PLATFORM,27,6.000000000000,1.020000000000,165.240000000000,166,0.036310820625,6.120000000000,0.120000000000,0.019607843137,0.000726216412,9,6,6,0,9,0,"4,5,7,8,10,11","4,5,7,8,10,11",-,"1,2,4,5,7,8,10,11,13",-,0.000000000,0.000000000,0.000000000,21.784520,16.803751,no,no
CURRENT_PLATFORM,28,6.000000000000,1.020000000000,171.360000000000,172,0.035014005602,6.120000000000,0.120000000000,0.019607843137,0.000700280112,6,3,3,0,6,0,"5,9,11","5,9,11",-,"1,3,5,9,11,13",-,0.000000000,0.000000000,0.000000000,21.784520,16.796672,no,no
CURRENT_PLATFORM,29,6.000000000000,1.020000000000,177.480000000000,178,0.033806626099,6.120000000000,0.120000000000,0.019607843137,0.000676132522,14,10,10,0,14,0,"4,5,6,7,8,9,10,11,12,13","4,5,6,7,8,9,10,11,12,13",-,"1,2,3,4,5,6,7,8,9,10,11,12,13,14",-,0.000000000,0.000000000,0.000000000,21.784520,16.789605,no,no
CURRENT_PLATFORM,30,6.000000000000,1.020000000000,183.600000000000,184,0.032679738562,6.120000000000,0.120000000000,0.019607843137,0.000653594771,4,3,3,0,4,0,"7,11,13","7,11,13",-,"1,7,11,13",-,0.000000000,0.000000000,0.000000000,21.784520,16.783457,no,no
CURRENT_PLATFORM,31,6.000000000000,1.020000000000,189.720000000000,190,0.031625553447,6.120000000000,0.120000000000,0.019607843137,0.000632511069,15,11,11,0,15,0,"4,5,6,7,8,9,10,11,12,13,14","4,5,6,7,8,9,10,11,12,13,14",-,"1,2,3,4,5,6,7,8,9,10,11,12,13,14,15",-,0.000000000,0.000000000,0.000000000,21.784520,16.777319,no,no
CURRENT_PLATFORM,32,6.000000000000,1.020000000000,195.840000000000,196,0.030637254902,6.120000000000,0.120000000000,0.019607843137,0.000612745098,8,5,5,0,8,0,"5,7,9,11,13","5,7,9,11,13",-,"1,3,5,7,9,11,13,15",-,0.000000000,0.000000000,0.000000000,21.784520,16.771931,no,no
CURRENT_PLATFORM,33,6.000000000000,1.020000000000,201.960000000000,202,0.029708853238,6.120000000000,0.120000000000,0.019607843137,0.000594177065,10,7,7,0,10,0,"4,5,7,8,10,13,14","4,5,7,8,10,13,14",-,"1,2,4,5,7,8,10,13,14,16",-,0.000000000,0.000000000,0.000000000,21.784520,16.766549,no,no
CURRENT_PLATFORM,34,6.000000000000,1.020000000000,208.080000000000,209,0.028835063437,6.120000000000,0.120000000000,0.019607843137,0.000576701269,8,6,6,0,8,0,"5,7,9,11,13,15","5,7,9,11,13,15",-,"1,3,5,7,9,11,13,15",-,0.000000000,0.000000000,0.000000000,21.784520,16.761788,no,no
CURRENT_PLATFORM,35,6.000000000000,1.020000000000,214.200000000000,215,0.028011204482,6.120000000000,0.120000000000,0.019607843137,0.000560224090,12,8,8,0,12,0,"4,6,8,9,11,12,13,16","4,6,8,9,11,12,13,16",-,"1,2,3,4,6,8,9,11,12,13,16,17",-,0.000000000,0.000000000,0.000000000,21.784520,16.757032,no,no
CURRENT_PLATFORM,36,6.000000000000,1.020000000000,220.320000000000,221,0.027233115468,6.120000000000,0.120000000000,0.019607843137,0.000544662309,6,4,4,0,6,0,"5,7,11,13","5,7,11,13",-,"1,5,7,11,13,17",-,0.000000000,0.000000000,0.000000000,21.784520,16.752794,no,no
CURRENT_PLATFORM,37,6.000000000000,1.020000000000,226.440000000000,227,0.026497085321,6.120000000000,0.120000000000,0.019607843137,0.000529941706,18,12,12,0,18,0,"5,6,7,8,9,10,11,12,13,14,15,16","5,6,7,8,9,10,11,12,13,14,15,16",-,"1,2,3,4,5,6,7,8,9,10,11,12,13,14,15,16,17,18",-,0.000000000,0.000000000,0.000000000,21.784520,16.748560,no,no
CURRENT_PLATFORM,38,6.000000000000,1.020000000000,232.560000000000,233,0.025799793602,6.120000000000,0.120000000000,0.019607843137,0.000515995872,9,7,7,0,9,0,"5,7,9,11,13,15,17","5,7,9,11,13,15,17",-,"1,3,5,7,9,11,13,15,17",-,0.000000000,0.000000000,0.000000000,21.784520,16.744764,no,no
CURRENT_PLATFORM,39,6.000000000000,1.020000000000,238.680000000000,239,0.025138260432,6.120000000000,0.120000000000,0.019607843137,0.000502765209,12,8,8,0,12,0,"5,7,8,10,11,14,16,17","5,7,8,10,11,14,16,17",-,"1,2,4,5,7,8,10,11,14,16,17,19",-,0.000000000,0.000000000,0.000000000,21.784520,16.740971,no,no
CURRENT_PLATFORM,40,6.000000000000,1.020000000000,244.800000000000,245,0.024509803922,6.120000000000,0.120000000000,0.019607843137,0.000490196078,8,5,5,0,8,0,"7,9,11,13,17","7,9,11,13,17",-,"1,3,7,9,11,13,17,19",-,0.000000000,0.000000000,0.000000000,21.784520,16.737550,no,no
CURRENT_PLATFORM,41,6.000000000000,1.020000000000,250.920000000000,251,0.023912003826,6.120000000000,0.120000000000,0.019607843137,0.000478240077,20,14,14,0,20,0,"5,6,7,8,9,10,11,12,13,14,15,16,17,18","5,6,7,8,9,10,11,12,13,14,15,16,17,18",-,"1,2,3,4,5,6,7,8,9,10,11,12,13,14,15,16,17,18,19,20",-,0.000000000,0.000000000,0.000000000,21.784520,16.734132,no,no
CURRENT_PLATFORM,42,6.000000000000,1.020000000000,257.040000000000,258,0.023342670401,6.120000000000,0.120000000000,0.019607843137,0.000466853408,6,5,5,0,6,0,"5,11,13,17,19","5,11,13,17,19",-,"1,5,11,13,17,19",-,0.000000000,0.000000000,0.000000000,21.784520,16.731035,no,no
CURRENT_PLATFORM,43,6.000000000000,1.020000000000,263.160000000000,264,0.022799817601,6.120000000000,0.120000000000,0.019607843137,0.000455996352,21,15,15,0,21,0,"5,6,7,8,9,10,11,12,13,14,15,16,17,18,19","5,6,7,8,9,10,11,12,13,14,15,16,17,18,19",-,"1,2,3,4,5,6,7,8,9,10,11,12,13,14,15,16,17,18,19,20,21",-,0.000000000,0.000000000,0.000000000,21.784520,16.727939,no,no
CURRENT_PLATFORM,44,6.000000000000,1.020000000000,269.280000000000,270,0.022281639929,6.120000000000,0.120000000000,0.019607843137,0.000445632799,10,7,7,0,10,0,"5,7,9,13,15,17,19","5,7,9,13,15,17,19",-,"1,3,5,7,9,13,15,17,19,21",-,0.000000000,0.000000000,0.000000000,21.784520,16.725121,no,no
CURRENT_PLATFORM,45,6.000000000000,1.020000000000,275.400000000000,276,0.021786492375,6.120000000000,0.120000000000,0.019607843137,0.000435729847,12,8,8,0,12,0,"7,8,11,13,14,16,17,19","7,8,11,13,14,16,17,19",-,"1,2,4,7,8,11,13,14,16,17,19,22",-,0.000000000,0.000000000,0.000000000,21.784520,16.722304,no,no
CURRENT_PLATFORM,46,6.000000000000,1.020000000000,281.520000000000,282,0.021312872975,6.120000000000,0.120000000000,0.019607843137,0.000426257460,11,8,8,0,11,0,"7,9,11,13,15,17,19,21","7,9,11,13,15,17,19,21",-,"1,3,5,7,9,11,13,15,17,19,21",-,0.000000000,0.000000000,0.000000000,21.784520,16.719729,no,no
CURRENT_PLATFORM,47,6.000000000000,1.020000000000,287.640000000000,288,0.020859407593,6.120000000000,0.120000000000,0.019607843137,0.000417188152,23,16,16,0,23,0,"6,7,8,9,10,11,12,13,14,15,16,17,18,19,20,21","6,7,8,9,10,11,12,13,14,15,16,17,18,19,20,21",-,"1,2,3,4,5,6,7,8,9,10,11,12,13,14,15,16,17,18,19,20,21,22,23",-,0.000000000,0.000000000,0.000000000,21.784520,16.717155,no,no
CURRENT_PLATFORM,48,6.000000000000,1.020000000000,293.760000000000,294,0.020424836601,6.120000000000,0.120000000000,0.019607843137,0.000408496732,8,5,5,0,8,0,"7,11,13,17,19","7,11,13,17,19",-,"1,5,7,11,13,17,19,23",-,0.000000000,0.000000000,0.000000000,21.784520,16.714792,no,no
CURRENT_PLATFORM,49,6.000000000000,1.020000000000,299.880000000000,300,0.020008003201,6.120000000000,0.120000000000,0.019607843137,0.000400160064,21,14,14,0,21,0,"6,8,9,10,11,12,13,15,16,17,18,19,20,22","6,8,9,10,11,12,13,15,16,17,18,19,20,22",-,"1,2,3,4,5,6,8,9,10,11,12,13,15,16,17,18,19,20,22,23,24",-,0.000000000,0.000000000,0.000000000,21.784520,16.712431,no,no
CURRENT_PLATFORM,50,6.000000000000,1.020000000000,306.000000000000,306,0.019607843137,6.120000000000,0.120000000000,0.019607843137,0.000392156863,10,7,7,0,10,0,"7,9,11,13,17,19,21","7,9,11,13,17,19,21",-,"1,3,7,9,11,13,17,19,21,23",-,0.000000000,0.000000000,0.000000000,21.784520,16.710256,no,no
CURRENT_PLATFORM,5,6.000000000000,1.050000000000,31.500000000000,32,0.190476190476,6.300000000000,0.300000000000,0.047619047619,0.009523809524,2,2,2,0,2,2,"1,2","1,2",-,"1,2","1,2",0.882323124,0.363828339,0.623075731,22.034681,18.051186,no,yes
CURRENT_PLATFORM,6,6.000000000000,1.050000000000,37.800000000000,38,0.158730158730,6.300000000000,0.300000000000,0.047619047619,0.007936507937,1,1,1,0,1,1,1,1,-,1,1,0.640101588,0.640101588,0.640101588,22.034681,17.861473,no,yes
CURRENT_PLATFORM,7,6.000000000000,1.050000000000,44.100000000000,45,0.136054421769,6.300000000000,0.300000000000,0.047619047619,0.006802721088,3,3,3,0,3,3,"1,2,3","1,2,3",-,"1,2,3","1,2,3",0.480292302,0.160102447,0.314704903,22.034681,17.679703,no,yes
CURRENT_PLATFORM,8,6.000000000000,1.050000000000,50.400000000000,51,0.119047619048,6.300000000000,0.300000000000,0.047619047619,0.005952380952,2,2,2,0,2,2,"1,3","1,3",-,"1,3","1,3",0.371664086,0.176740986,0.274202536,22.034681,17.580674,no,yes
CURRENT_PLATFORM,9,6.000000000000,1.050000000000,56.700000000000,57,0.105820105820,6.300000000000,0.300000000000,0.047619047619,0.005291005291,3,2,2,0,3,1,"2,4","2,4",-,"1,2,4",2,0.184183826,0.184183826,0.184183826,22.034681,17.483853,no,yes
CURRENT_PLATFORM,10,6.000000000000,1.050000000000,63.000000000000,63,0.095238095238,6.300000000000,0.300000000000,0.047619047619,0.004761904762,2,1,1,0,2,1,3,3,-,"1,3",3,0.169219301,0.169219301,0.169219301,22.034681,17.422993,no,yes
CURRENT_PLATFORM,11,6.000000000000,1.050000000000,69.300000000000,70,0.086580086580,6.300000000000,0.300000000000,0.047619047619,0.004329004329,5,4,4,0,5,3,"2,3,4,5","2,3,4,5",-,"1,2,3,4,5","2,3,4",0.132238484,0.113423519,0.121240201,22.034681,17.362974,no,yes
CURRENT_PLATFORM,12,6.000000000000,1.050000000000,75.600000000000,76,0.079365079365,6.300000000000,0.300000000000,0.047619047619,0.003968253968,2,1,1,0,2,0,5,5,-,"1,5",-,0.000000000,0.000000000,0.000000000,22.034681,17.321773,no,no
CURRENT_PLATFORM,13,6.000000000000,1.050000000000,81.900000000000,82,0.073260073260,6.300000000000,0.300000000000,0.047619047619,0.003663003663,6,4,4,0,6,2,"2,3,4,5","2,3,4,5",-,"1,2,3,4,5,6","3,4",0.116445481,0.103150767,0.109798124,22.034681,17.280960,no,yes
CURRENT_PLATFORM,14,6.000000000000,1.050000000000,88.200000000000,89,0.068027210884,6.300000000000,0.300000000000,0.047619047619,0.003401360544,3,2,2,0,3,0,"3,5","3,5",-,"1,3,5",-,0.000000000,0.000000000,0.000000000,22.034681,17.251216,no,no
CURRENT_PLATFORM,15,6.000000000000,1.050000000000,94.500000000000,95,0.063492063492,6.300000000000,0.300000000000,0.047619047619,0.003174603175,4,2,2,0,4,0,"2,4","2,4",-,"1,2,4,7",-,0.000000000,0.000000000,0.000000000,22.034681,17.221675,no,no
CURRENT_PLATFORM,16,6.000000000000,1.050000000000,100.800000000000,101,0.059523809524,6.300000000000,0.300000000000,0.047619047619,0.002976190476,4,3,3,0,4,0,"3,5,7","3,5,7",-,"1,3,5,7",-,0.000000000,0.000000000,0.000000000,22.034681,17.199191,no,no
CURRENT_PLATFORM,17,6.000000000000,1.050000000000,107.100000000000,108,0.056022408964,6.300000000000,0.300000000000,0.047619047619,0.002801120448,8,6,6,0,8,0,"2,3,4,5,6,7","2,3,4,5,6,7",-,"1,2,3,4,5,6,7,8",-,0.000000000,0.000000000,0.000000000,22.034681,17.176823,no,no
CURRENT_PLATFORM,18,6.000000000000,1.050000000000,113.400000000000,114,0.052910052910,6.300000000000,0.300000000000,0.047619047619,0.002645502646,3,2,2,0,3,0,"5,7","5,7",-,"1,5,7",-,0.000000000,0.000000000,0.000000000,22.034681,17.159231,no,no
CURRENT_PLATFORM,19,6.000000000000,1.050000000000,119.700000000000,120,0.050125313283,6.300000000000,0.300000000000,0.047619047619,0.002506265664,9,6,6,0,9,0,"3,4,5,6,7,8","3,4,5,6,7,8",-,"1,2,3,4,5,6,7,8,9",-,0.000000000,0.000000000,0.000000000,22.034681,17.141709,no,no
CURRENT_PLATFORM,20,6.000000000000,1.050000000000,126.000000000000,126,0.047619047619,6.300000000000,0.300000000000,0.047619047619,0.002380952381,4,3,3,0,4,0,"3,7,9","3,7,9",-,"1,3,7,9",-,0.000000000,0.000000000,0.000000000,22.034681,17.127568,no,no
CURRENT_PLATFORM,21,6.000000000000,1.050000000000,132.300000000000,133,0.045351473923,6.300000000000,0.300000000000,0.047619047619,0.002267573696,6,3,3,0,6,0,"4,5,8","4,5,8",-,"1,2,4,5,8,10",-,0.000000000,0.000000000,0.000000000,22.034681,17.113473,no,no
CURRENT_PLATFORM,22,6.000000000000,1.050000000000,138.600000000000,139,0.043290043290,6.300000000000,0.300000000000,0.047619047619,0.002164502165,5,4,4,0,5,0,"3,5,7,9","3,5,7,9",-,"1,3,5,7,9",-,0.000000000,0.000000000,0.000000000,22.034681,17.101859,no,no
CURRENT_PLATFORM,23,6.000000000000,1.050000000000,144.900000000000,145,0.041407867495,6.300000000000,0.300000000000,0.047619047619,0.002070393375,11,8,8,0,11,0,"3,4,5,6,7,8,9,10","3,4,5,6,7,8,9,10",-,"1,2,3,4,5,6,7,8,9,10,11",-,0.000000000,0.000000000,0.000000000,22.034681,17.090275,no,no
CURRENT_PLATFORM,24,6.000000000000,1.050000000000,151.200000000000,152,0.039682539683,6.300000000000,0.300000000000,0.047619047619,0.001984126984,4,2,2,0,4,0,"5,7","5,7",-,"1,5,7,11",-,0.000000000,0.000000000,0.000000000,22.034681,17.080566,no,no
CURRENT_PLATFORM,25,6.000000000000,1.050000000000,157.500000000000,158,0.038095238095,6.300000000000,0.300000000000,0.047619047619,0.001904761905,10,7,7,0,10,0,"3,4,6,7,8,9,11","3,4,6,7,8,9,11",-,"1,2,3,4,6,7,8,9,11,12",-,0.000000000,0.000000000,0.000000000,22.034681,17.070878,no,no
CURRENT_PLATFORM,26,6.000000000000,1.050000000000,163.800000000000,164,0.036630036630,6.300000000000,0.300000000000,0.047619047619,0.001831501832,6,5,5,0,6,0,"3,5,7,9,11","3,5,7,9,11",-,"1,3,5,7,9,11",-,0.000000000,0.000000000,0.000000000,22.034681,17.062640,no,no
CURRENT_PLATFORM,27,6.000000000000,1.050000000000,170.100000000000,171,0.035273368607,6.300000000000,0.300000000000,0.047619047619,0.001763668430,9,6,6,0,9,0,"4,5,7,8,10,11","4,5,7,8,10,11",-,"1,2,4,5,7,8,10,11,13",-,0.000000000,0.000000000,0.000000000,22.034681,17.054417,no,no
CURRENT_PLATFORM,28,6.000000000000,1.050000000000,176.400000000000,177,0.034013605442,6.300000000000,0.300000000000,0.047619047619,0.001700680272,6,3,3,0,6,0,"5,9,11","5,9,11",-,"1,3,5,9,11,13",-,0.000000000,0.000000000,0.000000000,22.034681,17.047340,no,no
CURRENT_PLATFORM,29,6.000000000000,1.050000000000,182.700000000000,183,0.032840722496,6.300000000000,0.300000000000,0.047619047619,0.001642036125,14,10,10,0,14,0,"4,5,6,7,8,9,10,11,12,13","4,5,6,7,8,9,10,11,12,13",-,"1,2,3,4,5,6,7,8,9,10,11,12,13,14",-,0.000000000,0.000000000,0.000000000,22.034681,17.040275,no,no
CURRENT_PLATFORM,30,6.000000000000,1.050000000000,189.000000000000,189,0.031746031746,6.300000000000,0.300000000000,0.047619047619,0.001587301587,4,3,3,0,4,0,"7,11,13","7,11,13",-,"1,7,11,13",-,0.000000000,0.000000000,0.000000000,22.034681,17.034129,no,no
CURRENT_PLATFORM,31,6.000000000000,1.050000000000,195.300000000000,196,0.030721966206,6.300000000000,0.300000000000,0.047619047619,0.001536098310,15,11,11,0,15,0,"4,5,6,7,8,9,10,11,12,13,14","4,5,6,7,8,9,10,11,12,13,14",-,"1,2,3,4,5,6,7,8,9,10,11,12,13,14,15",-,0.000000000,0.000000000,0.000000000,22.034681,17.027992,no,no
CURRENT_PLATFORM,32,6.000000000000,1.050000000000,201.600000000000,202,0.029761904762,6.300000000000,0.300000000000,0.047619047619,0.001488095238,8,5,5,0,8,0,"5,7,9,11,13","5,7,9,11,13",-,"1,3,5,7,9,11,13,15",-,0.000000000,0.000000000,0.000000000,22.034681,17.022605,no,no
CURRENT_PLATFORM,33,6.000000000000,1.050000000000,207.900000000000,208,0.028860028860,6.300000000000,0.300000000000,0.047619047619,0.001443001443,10,7,7,0,10,0,"4,5,7,8,10,13,14","4,5,7,8,10,13,14",-,"1,2,4,5,7,8,10,13,14,16",-,0.000000000,0.000000000,0.000000000,22.034681,17.017225,no,no
CURRENT_PLATFORM,34,6.000000000000,1.050000000000,214.200000000000,215,0.028011204482,6.300000000000,0.300000000000,0.047619047619,0.001400560224,8,6,6,0,8,0,"5,7,9,11,13,15","5,7,9,11,13,15",-,"1,3,5,7,9,11,13,15",-,0.000000000,0.000000000,0.000000000,22.034681,17.012465,no,no
CURRENT_PLATFORM,35,6.000000000000,1.050000000000,220.500000000000,221,0.027210884354,6.300000000000,0.300000000000,0.047619047619,0.001360544218,12,8,8,0,12,0,"4,6,8,9,11,12,13,16","4,6,8,9,11,12,13,16",-,"1,2,3,4,6,8,9,11,12,13,16,17",-,0.000000000,0.000000000,0.000000000,22.034681,17.007710,no,no
CURRENT_PLATFORM,36,6.000000000000,1.050000000000,226.800000000000,227,0.026455026455,6.300000000000,0.300000000000,0.047619047619,0.001322751323,6,4,4,0,6,0,"5,7,11,13","5,7,11,13",-,"1,5,7,11,13,17",-,0.000000000,0.000000000,0.000000000,22.034681,17.003473,no,no
CURRENT_PLATFORM,37,6.000000000000,1.050000000000,233.100000000000,234,0.025740025740,6.300000000000,0.300000000000,0.047619047619,0.001287001287,18,12,12,0,18,0,"5,6,7,8,9,10,11,12,13,14,15,16","5,6,7,8,9,10,11,12,13,14,15,16",-,"1,2,3,4,5,6,7,8,9,10,11,12,13,14,15,16,17,18",-,0.000000000,0.000000000,0.000000000,22.034681,16.999240,no,no
CURRENT_PLATFORM,38,6.000000000000,1.050000000000,239.400000000000,240,0.025062656642,6.300000000000,0.300000000000,0.047619047619,0.001253132832,9,7,7,0,9,0,"5,7,9,11,13,15,17","5,7,9,11,13,15,17",-,"1,3,5,7,9,11,13,15,17",-,0.000000000,0.000000000,0.000000000,22.034681,16.995445,no,no
CURRENT_PLATFORM,39,6.000000000000,1.050000000000,245.700000000000,246,0.024420024420,6.300000000000,0.300000000000,0.047619047619,0.001221001221,12,8,8,0,12,0,"5,7,8,10,11,14,16,17","5,7,8,10,11,14,16,17",-,"1,2,4,5,7,8,10,11,14,16,17,19",-,0.000000000,0.000000000,0.000000000,22.034681,16.991653,no,no
CURRENT_PLATFORM,40,6.000000000000,1.050000000000,252.000000000000,252,0.023809523810,6.300000000000,0.300000000000,0.047619047619,0.001190476190,8,5,5,0,8,0,"7,9,11,13,17","7,9,11,13,17",-,"1,3,7,9,11,13,17,19",-,0.000000000,0.000000000,0.000000000,22.034681,16.988233,no,no
CURRENT_PLATFORM,41,6.000000000000,1.050000000000,258.300000000000,259,0.023228803717,6.300000000000,0.300000000000,0.047619047619,0.001161440186,20,14,14,0,20,0,"5,6,7,8,9,10,11,12,13,14,15,16,17,18","5,6,7,8,9,10,11,12,13,14,15,16,17,18",-,"1,2,3,4,5,6,7,8,9,10,11,12,13,14,15,16,17,18,19,20",-,0.000000000,0.000000000,0.000000000,22.034681,16.984816,no,no
CURRENT_PLATFORM,42,6.000000000000,1.050000000000,264.600000000000,265,0.022675736961,6.300000000000,0.300000000000,0.047619047619,0.001133786848,6,5,5,0,6,0,"5,11,13,17,19","5,11,13,17,19",-,"1,5,11,13,17,19",-,0.000000000,0.000000000,0.000000000,22.034681,16.981720,no,no
CURRENT_PLATFORM,43,6.000000000000,1.050000000000,270.900000000000,271,0.022148394241,6.300000000000,0.300000000000,0.047619047619,0.001107419712,21,15,15,0,21,0,"5,6,7,8,9,10,11,12,13,14,15,16,17,18,19","5,6,7,8,9,10,11,12,13,14,15,16,17,18,19",-,"1,2,3,4,5,6,7,8,9,10,11,12,13,14,15,16,17,18,19,20,21",-,0.000000000,0.000000000,0.000000000,22.034681,16.978625,no,no
CURRENT_PLATFORM,44,6.000000000000,1.050000000000,277.200000000000,278,0.021645021645,6.300000000000,0.300000000000,0.047619047619,0.001082251082,10,7,7,0,10,0,"5,7,9,13,15,17,19","5,7,9,13,15,17,19",-,"1,3,5,7,9,13,15,17,19,21",-,0.000000000,0.000000000,0.000000000,22.034681,16.975807,no,no
CURRENT_PLATFORM,45,6.000000000000,1.050000000000,283.500000000000,284,0.021164021164,6.300000000000,0.300000000000,0.047619047619,0.001058201058,12,8,8,0,12,0,"7,8,11,13,14,16,17,19","7,8,11,13,14,16,17,19",-,"1,2,4,7,8,11,13,14,16,17,19,22",-,0.000000000,0.000000000,0.000000000,22.034681,16.972991,no,no
CURRENT_PLATFORM,46,6.000000000000,1.050000000000,289.800000000000,290,0.020703933747,6.300000000000,0.300000000000,0.047619047619,0.001035196687,11,8,8,0,11,0,"7,9,11,13,15,17,19,21","7,9,11,13,15,17,19,21",-,"1,3,5,7,9,11,13,15,17,19,21",-,0.000000000,0.000000000,0.000000000,22.034681,16.970416,no,no
CURRENT_PLATFORM,47,6.000000000000,1.050000000000,296.100000000000,297,0.020263424519,6.300000000000,0.300000000000,0.047619047619,0.001013171226,23,16,16,0,23,0,"6,7,8,9,10,11,12,13,14,15,16,17,18,19,20,21","6,7,8,9,10,11,12,13,14,15,16,17,18,19,20,21",-,"1,2,3,4,5,6,7,8,9,10,11,12,13,14,15,16,17,18,19,20,21,22,23",-,0.000000000,0.000000000,0.000000000,22.034681,16.967843,no,no
CURRENT_PLATFORM,48,6.000000000000,1.050000000000,302.400000000000,303,0.019841269841,6.300000000000,0.300000000000,0.047619047619,0.000992063492,8,5,5,0,8,0,"7,11,13,17,19","7,11,13,17,19",-,"1,5,7,11,13,17,19,23",-,0.000000000,0.000000000,0.000000000,22.034681,16.965481,no,no
CURRENT_PLATFORM,49,6.000000000000,1.050000000000,308.700000000000,309,0.019436345967,6.300000000000,0.300000000000,0.047619047619,0.000971817298,21,14,14,0,21,0,"6,8,9,10,11,12,13,15,16,17,18,19,20,22","6,8,9,10,11,12,13,15,16,17,18,19,20,22",-,"1,2,3,4,5,6,8,9,10,11,12,13,15,16,17,18,19,20,22,23,24",-,0.000000000,0.000000000,0.000000000,22.034681,16.963120,no,no
CURRENT_PLATFORM,50,6.000000000000,1.050000000000,315.000000000000,315,0.019047619048,6.300000000000,0.300000000000,0.047619047619,0.000952380952,10,7,7,0,10,0,"7,9,11,13,17,19,21","7,9,11,13,17,19,21",-,"1,3,7,9,11,13,17,19,21,23",-,0.000000000,0.000000000,0.000000000,22.034681,16.960946,no,no
CURRENT_PLATFORM,5,6.000000000000,1.100000000000,33.000000000000,33,0.181818181818,6.600000000000,0.600000000000,0.090909090909,0.018181818182,2,2,2,0,2,2,"1,2","1,2",-,"1,2","1,2",1.671030702,0.690005476,1.180518089,22.436332,18.453201,no,yes
CURRENT_PLATFORM,6,6.000000000000,1.100000000000,39.600000000000,40,0.151515151515,6.600000000000,0.600000000000,0.090909090909,0.015151515152,1,1,1,0,1,1,1,1,-,1,1,1.207945321,1.207945321,1.207945321,22.436332,18.263565,no,yes
CURRENT_PLATFORM,7,6.000000000000,1.100000000000,46.200000000000,47,0.129870129870,6.600000000000,0.600000000000,0.090909090909,0.012987012987,3,3,3,0,3,3,"1,2,3","1,2,3",-,"1,2,3","1,2,3",0.904276598,0.301854362,0.595234494,22.436332,18.081864,no,yes
CURRENT_PLATFORM,8,6.000000000000,1.100000000000,52.800000000000,53,0.113636363636,6.600000000000,0.600000000000,0.090909090909,0.011363636364,2,2,2,0,2,2,"1,3","1,3",-,"1,3","1,3",0.698649045,0.338159916,0.518404480,22.436332,17.982874,no,yes
CURRENT_PLATFORM,9,6.000000000000,1.100000000000,59.400000000000,60,0.101010101010,6.600000000000,0.600000000000,0.090909090909,0.010101010101,3,2,2,0,3,2,"2,4","2,4",-,"1,2,4","2,4",0.351661512,0.168975661,0.260318587,22.436332,17.886091,no,yes
CURRENT_PLATFORM,10,6.000000000000,1.100000000000,66.000000000000,66,0.090909090909,6.600000000000,0.600000000000,0.090909090909,0.009090909091,2,1,1,0,2,1,3,3,-,"1,3",3,0.322772172,0.322772172,0.322772172,22.436332,17.825255,no,yes
CURRENT_PLATFORM,11,6.000000000000,1.100000000000,72.600000000000,73,0.082644628099,6.600000000000,0.600000000000,0.090909090909,0.008264462810,5,4,4,0,5,4,"2,3,4,5","2,3,4,5",-,"1,2,3,4,5","2,3,4,5",0.252499475,0.107900617,0.200713590,22.436332,17.765260,no,yes
CURRENT_PLATFORM,12,6.000000000000,1.100000000000,79.200000000000,80,0.075757575758,6.600000000000,0.600000000000,0.090909090909,0.007575757576,2,1,1,0,2,1,5,5,-,"1,5",5,0.102238801,0.102238801,0.102238801,22.436332,17.724076,no,yes
CURRENT_PLATFORM,13,6.000000000000,1.100000000000,85.800000000000,86,0.069930069930,6.600000000000,0.600000000000,0.090909090909,0.006993006993,6,4,4,0,6,4,"2,3,4,5","2,3,4,5",-,"1,2,3,4,5,6","2,3,4,5",0.222094444,0.118145808,0.169288340,22.436332,17.683278,no,yes
CURRENT_PLATFORM,14,6.000000000000,1.100000000000,92.400000000000,93,0.064935064935,6.600000000000,0.600000000000,0.090909090909,0.006493506494,3,2,2,0,3,2,"3,5","3,5",-,"1,3,5","3,5",0.169822457,0.154622886,0.162222671,22.436332,17.653546,no,yes
CURRENT_PLATFORM,15,6.000000000000,1.100000000000,99.000000000000,99,0.060606060606,6.600000000000,0.600000000000,0.090909090909,0.006060606061,4,2,2,0,4,1,"2,4","2,4",-,"1,2,4,7",4,0.161432908,0.161432908,0.161432908,22.436332,17.624016,no,yes
CURRENT_PLATFORM,16,6.000000000000,1.100000000000,105.600000000000,106,0.056818181818,6.600000000000,0.600000000000,0.090909090909,0.005681818182,4,3,3,0,4,2,"3,5,7","3,5,7",-,"1,3,5,7","3,5",0.168816687,0.120032052,0.144424369,22.436332,17.601541,no,yes
CURRENT_PLATFORM,17,6.000000000000,1.100000000000,112.200000000000,113,0.053475935829,6.600000000000,0.600000000000,0.090909090909,0.005347593583,8,6,6,0,8,2,"2,3,4,5,6,7","2,3,4,5,6,7",-,"1,2,3,4,5,6,7,8","4,6",0.136757214,0.136111016,0.136434115,22.436332,17.579182,no,yes
CURRENT_PLATFORM,18,6.000000000000,1.100000000000,118.800000000000,119,0.050505050505,6.600000000000,0.600000000000,0.090909090909,0.005050505051,3,2,2,0,3,0,"5,7","5,7",-,"1,5,7",-,0.000000000,0.000000000,0.000000000,22.436332,17.561596,no,no
CURRENT_PLATFORM,19,6.000000000000,1.100000000000,125.400000000000,126,0.047846889952,6.600000000000,0.600000000000,0.090909090909,0.004784688995,9,6,6,0,9,2,"3,4,5,6,7,8","3,4,5,6,7,8",-,"1,2,3,4,5,6,7,8,9","5,6",0.135975780,0.118619460,0.127297620,22.436332,17.544081,no,yes
CURRENT_PLATFORM,20,6.000000000000,1.100000000000,132.000000000000,132,0.045454545455,6.600000000000,0.600000000000,0.090909090909,0.004545454545,4,3,3,0,4,1,"3,7,9","3,7,9",-,"1,3,7,9",7,0.113583225,0.113583225,0.113583225,22.436332,17.529946,no,yes
CURRENT_PLATFORM,21,6.000000000000,1.100000000000,138.600000000000,139,0.043290043290,6.600000000000,0.600000000000,0.090909090909,0.004329004329,6,3,3,0,6,1,"4,5,8","4,5,8",-,"1,2,4,5,8,10",5,0.104725893,0.104725893,0.104725893,22.436332,17.515856,no,yes
CURRENT_PLATFORM,22,6.000000000000,1.100000000000,145.200000000000,146,0.041322314050,6.600000000000,0.600000000000,0.090909090909,0.004132231405,5,4,4,0,5,1,"3,5,7,9","3,5,7,9",-,"1,3,5,7,9",7,0.113752258,0.113752258,0.113752258,22.436332,17.504246,no,yes
CURRENT_PLATFORM,23,6.000000000000,1.100000000000,151.800000000000,152,0.039525691700,6.600000000000,0.600000000000,0.090909090909,0.003952569170,11,8,8,0,11,0,"3,4,5,6,7,8,9,10","3,4,5,6,7,8,9,10",-,"1,2,3,4,5,6,7,8,9,10,11",-,0.000000000,0.000000000,0.000000000,22.436332,17.492667,no,no
CURRENT_PLATFORM,24,6.000000000000,1.100000000000,158.400000000000,159,0.037878787879,6.600000000000,0.600000000000,0.090909090909,0.003787878788,4,2,2,0,4,0,"5,7","5,7",-,"1,5,7,11",-,0.000000000,0.000000000,0.000000000,22.436332,17.482961,no,no
CURRENT_PLATFORM,25,6.000000000000,1.100000000000,165.000000000000,165,0.036363636364,6.600000000000,0.600000000000,0.090909090909,0.003636363636,10,7,7,0,10,0,"3,4,6,7,8,9,11","3,4,6,7,8,9,11",-,"1,2,3,4,6,7,8,9,11,12",-,0.000000000,0.000000000,0.000000000,22.436332,17.473277,no,no
CURRENT_PLATFORM,26,6.000000000000,1.100000000000,171.600000000000,172,0.034965034965,6.600000000000,0.600000000000,0.090909090909,0.003496503497,6,5,5,0,6,0,"3,5,7,9,11","3,5,7,9,11",-,"1,3,5,7,9,11",-,0.000000000,0.000000000,0.000000000,22.436332,17.465042,no,no
CURRENT_PLATFORM,27,6.000000000000,1.100000000000,178.200000000000,179,0.033670033670,6.600000000000,0.600000000000,0.090909090909,0.003367003367,9,6,6,0,9,0,"4,5,7,8,10,11","4,5,7,8,10,11",-,"1,2,4,5,7,8,10,11,13",-,0.000000000,0.000000000,0.000000000,22.436332,17.456823,no,no
CURRENT_PLATFORM,28,6.000000000000,1.100000000000,184.800000000000,185,0.032467532468,6.600000000000,0.600000000000,0.090909090909,0.003246753247,6,3,3,0,6,0,"5,9,11","5,9,11",-,"1,3,5,9,11,13",-,0.000000000,0.000000000,0.000000000,22.436332,17.449748,no,no
CURRENT_PLATFORM,29,6.000000000000,1.100000000000,191.400000000000,192,0.031347962382,6.600000000000,0.600000000000,0.090909090909,0.003134796238,14,10,10,0,14,0,"4,5,6,7,8,9,10,11,12,13","4,5,6,7,8,9,10,11,12,13",-,"1,2,3,4,5,6,7,8,9,10,11,12,13,14",-,0.000000000,0.000000000,0.000000000,22.436332,17.442685,no,no
CURRENT_PLATFORM,30,6.000000000000,1.100000000000,198.000000000000,198,0.030303030303,6.600000000000,0.600000000000,0.090909090909,0.003030303030,4,3,3,0,4,0,"7,11,13","7,11,13",-,"1,7,11,13",-,0.000000000,0.000000000,0.000000000,22.436332,17.436542,no,no
CURRENT_PLATFORM,31,6.000000000000,1.100000000000,204.600000000000,205,0.029325513196,6.600000000000,0.600000000000,0.090909090909,0.002932551320,15,11,11,0,15,0,"4,5,6,7,8,9,10,11,12,13,14","4,5,6,7,8,9,10,11,12,13,14",-,"1,2,3,4,5,6,7,8,9,10,11,12,13,14,15",-,0.000000000,0.000000000,0.000000000,22.436332,17.430407,no,no
CURRENT_PLATFORM,32,6.000000000000,1.100000000000,211.200000000000,212,0.028409090909,6.600000000000,0.600000000000,0.090909090909,0.002840909091,8,5,5,0,8,0,"5,7,9,11,13","5,7,9,11,13",-,"1,3,5,7,9,11,13,15",-,0.000000000,0.000000000,0.000000000,22.436332,17.425023,no,no
CURRENT_PLATFORM,33,6.000000000000,1.100000000000,217.800000000000,218,0.027548209366,6.600000000000,0.600000000000,0.090909090909,0.002754820937,10,7,7,0,10,0,"4,5,7,8,10,13,14","4,5,7,8,10,13,14",-,"1,2,4,5,7,8,10,13,14,16",-,0.000000000,0.000000000,0.000000000,22.436332,17.419645,no,no
CURRENT_PLATFORM,34,6.000000000000,1.100000000000,224.400000000000,225,0.026737967914,6.600000000000,0.600000000000,0.090909090909,0.002673796791,8,6,6,0,8,0,"5,7,9,11,13,15","5,7,9,11,13,15",-,"1,3,5,7,9,11,13,15",-,0.000000000,0.000000000,0.000000000,22.436332,17.414886,no,no
CURRENT_PLATFORM,35,6.000000000000,1.100000000000,231.000000000000,231,0.025974025974,6.600000000000,0.600000000000,0.090909090909,0.002597402597,12,8,8,0,12,0,"4,6,8,9,11,12,13,16","4,6,8,9,11,12,13,16",-,"1,2,3,4,6,8,9,11,12,13,16,17",-,0.000000000,0.000000000,0.000000000,22.436332,17.410133,no,no
CURRENT_PLATFORM,36,6.000000000000,1.100000000000,237.600000000000,238,0.025252525253,6.600000000000,0.600000000000,0.090909090909,0.002525252525,6,4,4,0,6,0,"5,7,11,13","5,7,11,13",-,"1,5,7,11,13,17",-,0.000000000,0.000000000,0.000000000,22.436332,17.405898,no,no
CURRENT_PLATFORM,37,6.000000000000,1.100000000000,244.200000000000,245,0.024570024570,6.600000000000,0.600000000000,0.090909090909,0.002457002457,18,12,12,0,18,0,"5,6,7,8,9,10,11,12,13,14,15,16","5,6,7,8,9,10,11,12,13,14,15,16",-,"1,2,3,4,5,6,7,8,9,10,11,12,13,14,15,16,17,18",-,0.000000000,0.000000000,0.000000000,22.436332,17.401667,no,no
CURRENT_PLATFORM,38,6.000000000000,1.100000000000,250.800000000000,251,0.023923444976,6.600000000000,0.600000000000,0.090909090909,0.002392344498,9,7,7,0,9,0,"5,7,9,11,13,15,17","5,7,9,11,13,15,17",-,"1,3,5,7,9,11,13,15,17",-,0.000000000,0.000000000,0.000000000,22.436332,17.397873,no,no
CURRENT_PLATFORM,39,6.000000000000,1.100000000000,257.400000000000,258,0.023310023310,6.600000000000,0.600000000000,0.090909090909,0.002331002331,12,8,8,0,12,0,"5,7,8,10,11,14,16,17","5,7,8,10,11,14,16,17",-,"1,2,4,5,7,8,10,11,14,16,17,19",-,0.000000000,0.000000000,0.000000000,22.436332,17.394082,no,no
CURRENT_PLATFORM,40,6.000000000000,1.100000000000,264.000000000000,264,0.022727272727,6.600000000000,0.600000000000,0.090909090909,0.002272727273,8,5,5,0,8,0,"7,9,11,13,17","7,9,11,13,17",-,"1,3,7,9,11,13,17,19",-,0.000000000,0.000000000,0.000000000,22.436332,17.390664,no,no
CURRENT_PLATFORM,41,6.000000000000,1.100000000000,270.600000000000,271,0.022172949002,6.600000000000,0.600000000000,0.090909090909,0.002217294900,20,14,14,0,20,0,"5,6,7,8,9,10,11,12,13,14,15,16,17,18","5,6,7,8,9,10,11,12,13,14,15,16,17,18",-,"1,2,3,4,5,6,7,8,9,10,11,12,13,14,15,16,17,18,19,20",-,0.000000000,0.000000000,0.000000000,22.436332,17.387248,no,no
CURRENT_PLATFORM,42,6.000000000000,1.100000000000,277.200000000000,278,0.021645021645,6.600000000000,0.600000000000,0.090909090909,0.002164502165,6,5,5,0,6,0,"5,11,13,17,19","5,11,13,17,19",-,"1,5,11,13,17,19",-,0.000000000,0.000000000,0.000000000,22.436332,17.384152,no,no
CURRENT_PLATFORM,43,6.000000000000,1.100000000000,283.800000000000,284,0.021141649049,6.600000000000,0.600000000000,0.090909090909,0.002114164905,21,15,15,0,21,0,"5,6,7,8,9,10,11,12,13,14,15,16,17,18,19","5,6,7,8,9,10,11,12,13,14,15,16,17,18,19",-,"1,2,3,4,5,6,7,8,9,10,11,12,13,14,15,16,17,18,19,20,21",-,0.000000000,0.000000000,0.000000000,22.436332,17.381059,no,no
CURRENT_PLATFORM,44,6.000000000000,1.100000000000,290.400000000000,291,0.020661157025,6.600000000000,0.600000000000,0.090909090909,0.002066115702,10,7,7,0,10,0,"5,7,9,13,15,17,19","5,7,9,13,15,17,19",-,"1,3,5,7,9,13,15,17,19,21",-,0.000000000,0.000000000,0.000000000,22.436332,17.378242,no,no
CURRENT_PLATFORM,45,6.000000000000,1.100000000000,297.000000000000,297,0.020202020202,6.600000000000,0.600000000000,0.090909090909,0.002020202020,12,8,8,0,12,0,"7,8,11,13,14,16,17,19","7,8,11,13,14,16,17,19",-,"1,2,4,7,8,11,13,14,16,17,19,22",-,0.000000000,0.000000000,0.000000000,22.436332,17.375427,no,no
CURRENT_PLATFORM,46,6.000000000000,1.100000000000,303.600000000000,304,0.019762845850,6.600000000000,0.600000000000,0.090909090909,0.001976284585,11,8,8,0,11,0,"7,9,11,13,15,17,19,21","7,9,11,13,15,17,19,21",-,"1,3,5,7,9,11,13,15,17,19,21",-,0.000000000,0.000000000,0.000000000,22.436332,17.372853,no,no
CURRENT_PLATFORM,47,6.000000000000,1.100000000000,310.200000000000,311,0.019342359768,6.600000000000,0.600000000000,0.090909090909,0.001934235977,23,16,16,0,23,0,"6,7,8,9,10,11,12,13,14,15,16,17,18,19,20,21","6,7,8,9,10,11,12,13,14,15,16,17,18,19,20,21",-,"1,2,3,4,5,6,7,8,9,10,11,12,13,14,15,16,17,18,19,20,21,22,23",-,0.000000000,0.000000000,0.000000000,22.436332,17.370281,no,no
CURRENT_PLATFORM,48,6.000000000000,1.100000000000,316.800000000000,317,0.018939393939,6.600000000000,0.600000000000,0.090909090909,0.001893939394,8,5,5,0,8,0,"7,11,13,17,19","7,11,13,17,19",-,"1,5,7,11,13,17,19,23",-,0.000000000,0.000000000,0.000000000,22.436332,17.367920,no,no
CURRENT_PLATFORM,49,6.000000000000,1.100000000000,323.400000000000,324,0.018552875696,6.600000000000,0.600000000000,0.090909090909,0.001855287570,21,14,14,0,21,0,"6,8,9,10,11,12,13,15,16,17,18,19,20,22","6,8,9,10,11,12,13,15,16,17,18,19,20,22",-,"1,2,3,4,5,6,8,9,10,11,12,13,15,16,17,18,19,20,22,23,24",-,0.000000000,0.000000000,0.000000000,22.436332,17.365560,no,no
CURRENT_PLATFORM,50,6.000000000000,1.100000000000,330.000000000000,330,0.018181818182,6.600000000000,0.600000000000,0.090909090909,0.001818181818,10,7,7,0,10,0,"7,9,11,13,17,19,21","7,9,11,13,17,19,21",-,"1,3,7,9,11,13,17,19,21,23",-,0.000000000,0.000000000,0.000000000,22.436332,17.363386,no,no
CURRENT_PLATFORM,5,6.000000000000,1.150000000000,34.500000000000,35,0.173913043478,6.900000000000,0.900000000000,0.130434782609,0.026086956522,2,2,2,0,2,2,"1,2","1,2",-,"1,2","1,2",2.378353332,0.983851423,1.681102378,22.820327,18.837512,no,yes
CURRENT_PLATFORM,6,6.000000000000,1.150000000000,41.400000000000,42,0.144927536232,6.900000000000,0.900000000000,0.130434782609,0.021739130435,1,1,1,0,1,1,1,1,-,1,1,1.713857746,1.713857746,1.713857746,22.820327,18.647942,no,yes
CURRENT_PLATFORM,7,6.000000000000,1.150000000000,48.300000000000,49,0.124223602484,6.900000000000,0.900000000000,0.130434782609,0.018633540373,3,3,3,0,3,3,"1,2,3","1,2,3",-,"1,2,3","1,2,3",1.280394982,0.428087895,0.846558165,22.820327,18.466303,no,yes
CURRENT_PLATFORM,8,6.000000000000,1.150000000000,55.200000000000,56,0.108695652174,6.900000000000,0.900000000000,0.130434782609,0.016304347826,2,2,2,0,2,2,"1,3","1,3",-,"1,3","1,3",0.987852390,0.486148438,0.737000414,22.820327,18.367348,no,yes
CURRENT_PLATFORM,9,6.000000000000,1.150000000000,62.100000000000,63,0.096618357488,6.900000000000,0.900000000000,0.130434782609,0.014492753623,3,2,2,0,3,2,"2,4","2,4",-,"1,2,4","2,4",0.504600351,0.239021129,0.371810740,22.820327,18.270598,no,yes
CURRENT_PLATFORM,10,6.000000000000,1.150000000000,69.000000000000,69,0.086956521739,6.900000000000,0.900000000000,0.130434782609,0.013043478261,2,1,1,0,2,1,3,3,-,"1,3",3,0.462729004,0.462729004,0.462729004,22.820327,18.209783,no,yes
CURRENT_PLATFORM,11,6.000000000000,1.150000000000,75.900000000000,76,0.079051383399,6.900000000000,0.900000000000,0.130434782609,0.011857707510,5,4,4,0,5,4,"2,3,4,5","2,3,4,5",-,"1,2,3,4,5","2,3,4,5",0.362336695,0.152401533,0.287564111,22.820327,18.149808,no,yes
CURRENT_PLATFORM,12,6.000000000000,1.150000000000,82.800000000000,83,0.072463768116,6.900000000000,0.900000000000,0.130434782609,0.010869565217,2,1,1,0,2,1,5,5,-,"1,5",5,0.146838468,0.146838468,0.146838468,22.820327,18.108638,no,yes
CURRENT_PLATFORM,13,6.000000000000,1.150000000000,89.700000000000,90,0.066889632107,6.900000000000,0.900000000000,0.130434782609,0.010033444816,6,4,4,0,6,4,"2,3,4,5","2,3,4,5",-,"1,2,3,4,5,6","2,3,4,5",0.318377844,0.169374453,0.242805046,22.820327,18.067854,no,yes
CURRENT_PLATFORM,14,6.000000000000,1.150000000000,96.600000000000,97,0.062111801242,6.900000000000,0.900000000000,0.130434782609,0.009316770186,3,2,2,0,3,2,"3,5","3,5",-,"1,3,5","3,5",0.244068103,0.221808327,0.232938215,22.820327,18.038132,no,yes
CURRENT_PLATFORM,15,6.000000000000,1.150000000000,103.500000000000,104,0.057971014493,6.900000000000,0.900000000000,0.130434782609,0.008695652174,4,2,2,0,4,2,"2,4","2,4",-,"1,2,4,7","2,4",0.231650334,0.136005202,0.183827768,22.820327,18.008612,no,yes
CURRENT_PLATFORM,16,6.000000000000,1.150000000000,110.400000000000,111,0.054347826087,6.900000000000,0.900000000000,0.130434782609,0.008152173913,4,3,3,0,4,2,"3,5,7","3,5,7",-,"1,3,5,7","3,5",0.242010238,0.172279083,0.207144660,22.820327,17.986144,no,yes
CURRENT_PLATFORM,17,6.000000000000,1.150000000000,117.300000000000,118,0.051150895141,6.900000000000,0.900000000000,0.130434782609,0.007672634271,8,6,6,0,8,4,"2,3,4,5,6,7","2,3,4,5,6,7",-,"1,2,3,4,5,6,7,8","3,4,5,6",0.196237930,0.138817123,0.167855908,22.820327,17.963793,no,yes
CURRENT_PLATFORM,18,6.000000000000,1.150000000000,124.200000000000,125,0.048309178744,6.900000000000,0.900000000000,0.130434782609,0.007246376812,3,2,2,0,3,2,"5,7","5,7",-,"1,5,7","5,7",0.130993911,0.100967188,0.115980550,22.820327,17.946213,no,yes
CURRENT_PLATFORM,19,6.000000000000,1.150000000000,131.100000000000,132,0.045766590389,6.900000000000,0.900000000000,0.130434782609,0.006864988558,9,6,6,0,9,4,"3,4,5,6,7,8","3,4,5,6,7,8",-,"1,2,3,4,5,6,7,8,9","3,4,5,6",0.194941009,0.110089664,0.154251914,22.820327,17.928704,no,yes
CURRENT_PLATFORM,20,6.000000000000,1.150000000000,138.000000000000,138,0.043478260870,6.900000000000,0.900000000000,0.130434782609,0.006521739130,4,3,3,0,4,1,"3,7,9","3,7,9",-,"1,3,7,9",7,0.163166236,0.163166236,0.163166236,22.820327,17.914574,no,yes
CURRENT_PLATFORM,21,6.000000000000,1.150000000000,144.900000000000,145,0.041407867495,6.900000000000,0.900000000000,0.130434782609,0.006211180124,6,3,3,0,6,2,"4,5,8","4,5,8",-,"1,2,4,5,8,10","4,5",0.150270612,0.119326723,0.134798667,22.820327,17.900489,no,yes
CURRENT_PLATFORM,22,6.000000000000,1.150000000000,151.800000000000,152,0.039525691700,6.900000000000,0.900000000000,0.130434782609,0.005928853755,5,4,4,0,5,1,"3,5,7,9","3,5,7,9",-,"1,3,5,7,9",7,0.163089603,0.163089603,0.163089603,22.820327,17.888882,no,yes
CURRENT_PLATFORM,23,6.000000000000,1.150000000000,158.700000000000,159,0.037807183365,6.900000000000,0.900000000000,0.130434782609,0.005671077505,11,8,8,0,11,2,"3,4,5,6,7,8,9,10","3,4,5,6,7,8,9,10",-,"1,2,3,4,5,6,7,8,9,10,11","6,8",0.139982563,0.134510362,0.137246462,22.820327,17.877307,no,yes
CURRENT_PLATFORM,24,6.000000000000,1.150000000000,165.600000000000,166,0.036231884058,6.900000000000,0.900000000000,0.130434782609,0.005434782609,4,2,2,0,4,1,"5,7","5,7",-,"1,5,7,11",5,0.104089722,0.104089722,0.104089722,22.820327,17.867604,no,yes
CURRENT_PLATFORM,25,6.000000000000,1.150000000000,172.500000000000,173,0.034782608696,6.900000000000,0.900000000000,0.130434782609,0.005217391304,10,7,7,0,10,2,"3,4,6,7,8,9,11","3,4,6,7,8,9,11",-,"1,2,3,4,6,7,8,9,11,12","6,8",0.140130260,0.121739833,0.130935047,22.820327,17.857923,no,yes
CURRENT_PLATFORM,26,6.000000000000,1.150000000000,179.400000000000,180,0.033444816054,6.900000000000,0.900000000000,0.130434782609,0.005016722408,6,5,5,0,6,1,"3,5,7,9,11","3,5,7,9,11",-,"1,3,5,7,9,11",9,0.122570438,0.122570438,0.122570438,22.820327,17.849691,no,yes
CURRENT_PLATFORM,27,6.000000000000,1.150000000000,186.300000000000,187,0.032206119163,6.900000000000,0.900000000000,0.130434782609,0.004830917874,9,6,6,0,9,1,"4,5,7,8,10,11","4,5,7,8,10,11",-,"1,2,4,5,7,8,10,11,13",7,0.111182337,0.111182337,0.111182337,22.820327,17.841475,no,yes
CURRENT_PLATFORM,28,6.000000000000,1.150000000000,193.200000000000,194,0.031055900621,6.900000000000,0.900000000000,0.130434782609,0.004658385093,6,3,3,0,6,1,"5,9,11","5,9,11",-,"1,3,5,9,11,13",9,0.122808066,0.122808066,0.122808066,22.820327,17.834403,no,yes
CURRENT_PLATFORM,29,6.000000000000,1.150000000000,200.100000000000,201,0.029985007496,6.900000000000,0.900000000000,0.130434782609,0.004497751124,14,10,10,0,14,2,"4,5,6,7,8,9,10,11,12,13","4,5,6,7,8,9,10,11,12,13",-,"1,2,3,4,5,6,7,8,9,10,11,12,13,14","7,10",0.109012242,0.102308717,0.105660479,22.820327,17.827342,no,yes
CURRENT_PLATFORM,30,6.000000000000,1.150000000000,207.000000000000,207,0.028985507246,6.900000000000,0.900000000000,0.130434782609,0.004347826087,4,3,3,0,4,0,"7,11,13","7,11,13",-,"1,7,11,13",-,0.000000000,0.000000000,0.000000000,22.820327,17.821201,no,no
CURRENT_PLATFORM,31,6.000000000000,1.150000000000,213.900000000000,214,0.028050490884,6.900000000000,0.900000000000,0.130434782609,0.004207573633,15,11,11,0,15,1,"4,5,6,7,8,9,10,11,12,13,14","4,5,6,7,8,9,10,11,12,13,14",-,"1,2,3,4,5,6,7,8,9,10,11,12,13,14,15",10,0.109280288,0.109280288,0.109280288,22.820327,17.815068,no,yes
CURRENT_PLATFORM,32,6.000000000000,1.150000000000,220.800000000000,221,0.027173913043,6.900000000000,0.900000000000,0.130434782609,0.004076086957,8,5,5,0,8,0,"5,7,9,11,13","5,7,9,11,13",-,"1,3,5,7,9,11,13,15",-,0.000000000,0.000000000,0.000000000,22.820327,17.809685,no,no
CURRENT_PLATFORM,33,6.000000000000,1.150000000000,227.700000000000,228,0.026350461133,6.900000000000,0.900000000000,0.130434782609,0.003952569170,10,7,7,0,10,0,"4,5,7,8,10,13,14","4,5,7,8,10,13,14",-,"1,2,4,5,7,8,10,13,14,16",-,0.000000000,0.000000000,0.000000000,22.820327,17.804309,no,no
CURRENT_PLATFORM,34,6.000000000000,1.150000000000,234.600000000000,235,0.025575447570,6.900000000000,0.900000000000,0.130434782609,0.003836317136,8,6,6,0,8,0,"5,7,9,11,13,15","5,7,9,11,13,15",-,"1,3,5,7,9,11,13,15",-,0.000000000,0.000000000,0.000000000,22.820327,17.799552,no,no
CURRENT_PLATFORM,35,6.000000000000,1.150000000000,241.500000000000,242,0.024844720497,6.900000000000,0.900000000000,0.130434782609,0.003726708075,12,8,8,0,12,0,"4,6,8,9,11,12,13,16","4,6,8,9,11,12,13,16",-,"1,2,3,4,6,8,9,11,12,13,16,17",-,0.000000000,0.000000000,0.000000000,22.820327,17.794801,no,no
CURRENT_PLATFORM,36,6.000000000000,1.150000000000,248.400000000000,249,0.024154589372,6.900000000000,0.900000000000,0.130434782609,0.003623188406,6,4,4,0,6,0,"5,7,11,13","5,7,11,13",-,"1,5,7,11,13,17",-,0.000000000,0.000000000,0.000000000,22.820327,17.790567,no,no
CURRENT_PLATFORM,37,6.000000000000,1.150000000000,255.300000000000,256,0.023501762632,6.900000000000,0.900000000000,0.130434782609,0.003525264395,18,12,12,0,18,0,"5,6,7,8,9,10,11,12,13,14,15,16","5,6,7,8,9,10,11,12,13,14,15,16",-,"1,2,3,4,5,6,7,8,9,10,11,12,13,14,15,16,17,18",-,0.000000000,0.000000000,0.000000000,22.820327,17.786337,no,no
CURRENT_PLATFORM,38,6.000000000000,1.150000000000,262.200000000000,263,0.022883295195,6.900000000000,0.900000000000,0.130434782609,0.003432494279,9,7,7,0,9,0,"5,7,9,11,13,15,17","5,7,9,11,13,15,17",-,"1,3,5,7,9,11,13,15,17",-,0.000000000,0.000000000,0.000000000,22.820327,17.782544,no,no
CURRENT_PLATFORM,39,6.000000000000,1.150000000000,269.100000000000,270,0.022296544036,6.900000000000,0.900000000000,0.130434782609,0.003344481605,12,8,8,0,12,0,"5,7,8,10,11,14,16,17","5,7,8,10,11,14,16,17",-,"1,2,4,5,7,8,10,11,14,16,17,19",-,0.000000000,0.000000000,0.000000000,22.820327,17.778755,no,no
CURRENT_PLATFORM,40,6.000000000000,1.150000000000,276.000000000000,276,0.021739130435,6.900000000000,0.900000000000,0.130434782609,0.003260869565,8,5,5,0,8,0,"7,9,11,13,17","7,9,11,13,17",-,"1,3,7,9,11,13,17,19",-,0.000000000,0.000000000,0.000000000,22.820327,17.775337,no,no
CURRENT_PLATFORM,41,6.000000000000,1.150000000000,282.900000000000,283,0.021208907741,6.900000000000,0.900000000000,0.130434782609,0.003181336161,20,14,14,0,20,0,"5,6,7,8,9,10,11,12,13,14,15,16,17,18","5,6,7,8,9,10,11,12,13,14,15,16,17,18",-,"1,2,3,4,5,6,7,8,9,10,11,12,13,14,15,16,17,18,19,20",-,0.000000000,0.000000000,0.000000000,22.820327,17.771923,no,no
CURRENT_PLATFORM,42,6.000000000000,1.150000000000,289.800000000000,290,0.020703933747,6.900000000000,0.900000000000,0.130434782609,0.003105590062,6,5,5,0,6,0,"5,11,13,17,19","5,11,13,17,19",-,"1,5,11,13,17,19",-,0.000000000,0.000000000,0.000000000,22.820327,17.768828,no,no
CURRENT_PLATFORM,43,6.000000000000,1.150000000000,296.700000000000,297,0.020222446916,6.900000000000,0.900000000000,0.130434782609,0.003033367037,21,15,15,0,21,0,"5,6,7,8,9,10,11,12,13,14,15,16,17,18,19","5,6,7,8,9,10,11,12,13,14,15,16,17,18,19",-,"1,2,3,4,5,6,7,8,9,10,11,12,13,14,15,16,17,18,19,20,21",-,0.000000000,0.000000000,0.000000000,22.820327,17.765736,no,no
CURRENT_PLATFORM,44,6.000000000000,1.150000000000,303.600000000000,304,0.019762845850,6.900000000000,0.900000000000,0.130434782609,0.002964426877,10,7,7,0,10,0,"5,7,9,13,15,17,19","5,7,9,13,15,17,19",-,"1,3,5,7,9,13,15,17,19,21",-,0.000000000,0.000000000,0.000000000,22.820327,17.762920,no,no
CURRENT_PLATFORM,45,6.000000000000,1.150000000000,310.500000000000,311,0.019323671498,6.900000000000,0.900000000000,0.130434782609,0.002898550725,12,8,8,0,12,0,"7,8,11,13,14,16,17,19","7,8,11,13,14,16,17,19",-,"1,2,4,7,8,11,13,14,16,17,19,22",-,0.000000000,0.000000000,0.000000000,22.820327,17.760106,no,no
CURRENT_PLATFORM,46,6.000000000000,1.150000000000,317.400000000000,318,0.018903591682,6.900000000000,0.900000000000,0.130434782609,0.002835538752,11,8,8,0,11,0,"7,9,11,13,15,17,19,21","7,9,11,13,15,17,19,21",-,"1,3,5,7,9,11,13,15,17,19,21",-,0.000000000,0.000000000,0.000000000,22.820327,17.757533,no,no
CURRENT_PLATFORM,47,6.000000000000,1.150000000000,324.300000000000,325,0.018501387604,6.900000000000,0.900000000000,0.130434782609,0.002775208141,23,16,16,0,23,0,"6,7,8,9,10,11,12,13,14,15,16,17,18,19,20,21","6,7,8,9,10,11,12,13,14,15,16,17,18,19,20,21",-,"1,2,3,4,5,6,7,8,9,10,11,12,13,14,15,16,17,18,19,20,21,22,23",-,0.000000000,0.000000000,0.000000000,22.820327,17.754961,no,no
CURRENT_PLATFORM,48,6.000000000000,1.150000000000,331.200000000000,332,0.018115942029,6.900000000000,0.900000000000,0.130434782609,0.002717391304,8,5,5,0,8,0,"7,11,13,17,19","7,11,13,17,19",-,"1,5,7,11,13,17,19,23",-,0.000000000,0.000000000,0.000000000,22.820327,17.752601,no,no
CURRENT_PLATFORM,49,6.000000000000,1.150000000000,338.100000000000,339,0.017746228926,6.900000000000,0.900000000000,0.130434782609,0.002661934339,21,14,14,0,21,0,"6,8,9,10,11,12,13,15,16,17,18,19,20,22","6,8,9,10,11,12,13,15,16,17,18,19,20,22",-,"1,2,3,4,5,6,8,9,10,11,12,13,15,16,17,18,19,20,22,23,24",-,0.000000000,0.000000000,0.000000000,22.820327,17.750242,no,no
CURRENT_PLATFORM,50,6.000000000000,1.150000000000,345.000000000000,345,0.017391304348,6.900000000000,0.900000000000,0.130434782609,0.002608695652,10,7,7,0,10,0,"7,9,11,13,17,19,21","7,9,11,13,17,19,21",-,"1,3,7,9,11,13,17,19,21,23",-,0.000000000,0.000000000,0.000000000,22.820327,17.748069,no,no
CURRENT_PLATFORM,5,6.000000000000,1.200000000000,36.000000000000,36,0.166666666667,7.200000000000,1.200000000000,0.166666666667,0.033333333333,2,2,2,0,2,2,"1,2","1,2",-,"1,2","1,2",3.014761936,1.249762008,2.132261972,23.188143,19.205607,no,yes
CURRENT_PLATFORM,6,6.000000000000,1.200000000000,43.200000000000,44,0.138888888889,7.200000000000,1.200000000000,0.166666666667,0.027777777778,1,1,1,0,1,1,1,1,-,1,1,2.166450586,2.166450586,2.166450586,23.188143,19.016096,no,yes
CURRENT_PLATFORM,7,6.000000000000,1.200000000000,50.400000000000,51,0.119047619048,7.200000000000,1.200000000000,0.166666666667,0.023809523810,3,3,3,0,3,3,"1,2,3","1,2,3",-,"1,2,3","1,2,3",1.615593269,0.541099495,1.072767842,23.188143,18.834509,no,yes
CURRENT_PLATFORM,8,6.000000000000,1.200000000000,57.600000000000,58,0.104166666667,7.200000000000,1.200000000000,0.166666666667,0.020833333333,2,2,2,0,2,2,"1,3","1,3",-,"1,3","1,3",1.244903553,0.622302042,0.933602798,23.188143,18.735585,no,yes
CURRENT_PLATFORM,9,6.000000000000,1.200000000000,64.800000000000,65,0.092592592593,7.200000000000,1.200000000000,0.166666666667,0.018518518519,3,2,2,0,3,2,"2,4","2,4",-,"1,2,4","2,4",0.644809378,0.301394567,0.473101973,23.188143,18.638864,no,yes
CURRENT_PLATFORM,10,6.000000000000,1.200000000000,72.000000000000,72,0.083333333333,7.200000000000,1.200000000000,0.166666666667,0.016666666667,2,1,1,0,2,1,3,3,-,"1,3",3,0.590812111,0.590812111,0.590812111,23.188143,18.578067,no,yes
CURRENT_PLATFORM,11,6.000000000000,1.200000000000,79.200000000000,80,0.075757575758,7.200000000000,1.200000000000,0.166666666667,0.015151515152,5,4,4,0,5,4,"2,3,4,5","2,3,4,5",-,"1,2,3,4,5","2,3,4,5",0.463046747,0.191903929,0.366951382,23.188143,18.518110,no,yes
CURRENT_PLATFORM,12,6.000000000000,1.200000000000,86.400000000000,87,0.069444444444,7.200000000000,1.200000000000,0.166666666667,0.013888888889,2,1,1,0,2,1,5,5,-,"1,5",5,0.187799546,0.187799546,0.187799546,23.188143,18.476952,no,yes
CURRENT_PLATFORM,13,6.000000000000,1.200000000000,93.600000000000,94,0.064102564103,7.200000000000,1.200000000000,0.166666666667,0.012820512821,6,4,4,0,6,4,"2,3,4,5","2,3,4,5",-,"1,2,3,4,5,6","2,3,4,5",0.406485068,0.216259283,0.310147333,23.188143,18.436181,no,yes
CURRENT_PLATFORM,14,6.000000000000,1.200000000000,100.800000000000,101,0.059523809524,7.200000000000,1.200000000000,0.166666666667,0.011904761905,3,2,2,0,3,2,"3,5","3,5",-,"1,3,5","3,5",0.312342216,0.283371887,0.297857051,23.188143,18.406468,no,yes
CURRENT_PLATFORM,15,6.000000000000,1.200000000000,108.000000000000,108,0.055555555556,7.200000000000,1.200000000000,0.166666666667,0.011111111111,4,2,2,0,4,2,"2,4","2,4",-,"1,2,4,7","2,4",0.296030714,0.173804625,0.234917669,23.188143,18.376956,no,yes
CURRENT_PLATFORM,16,6.000000000000,1.200000000000,115.200000000000,116,0.052083333333,7.200000000000,1.200000000000,0.166666666667,0.010416666667,4,3,3,0,4,2,"3,5,7","3,5,7",-,"1,3,5,7","3,5",0.308993188,0.220203236,0.264598212,23.188143,18.354496,no,yes
CURRENT_PLATFORM,17,6.000000000000,1.200000000000,122.400000000000,123,0.049019607843,7.200000000000,1.200000000000,0.166666666667,0.009803921569,8,6,6,0,8,6,"2,3,4,5,6,7","2,3,4,5,6,7",-,"1,2,3,4,5,6,7,8","2,3,4,5,6,7",0.250772360,0.115513993,0.182716286,23.188143,18.332151,no,yes
CURRENT_PLATFORM,18,6.000000000000,1.200000000000,129.600000000000,130,0.046296296296,7.200000000000,1.200000000000,0.166666666667,0.009259259259,3,2,2,0,3,2,"5,7","5,7",-,"1,5,7","5,7",0.167370837,0.128892702,0.148131770,23.188143,18.314576,no,yes
CURRENT_PLATFORM,19,6.000000000000,1.200000000000,136.800000000000,137,0.043859649123,7.200000000000,1.200000000000,0.166666666667,0.008771929825,9,6,6,0,9,5,"3,4,5,6,7,8","3,4,5,6,7,8",-,"1,2,3,4,5,6,7,8,9","3,4,5,6,7",0.248908948,0.109343335,0.179517925,23.188143,18.297073,no,yes
CURRENT_PLATFORM,20,6.000000000000,1.200000000000,144.000000000000,144,0.041666666667,7.200000000000,1.200000000000,0.166666666667,0.008333333333,4,3,3,0,4,2,"3,7,9","3,7,9",-,"1,3,7,9","3,7",0.208722382,0.116226950,0.162474666,23.188143,18.282946,no,yes
CURRENT_PLATFORM,21,6.000000000000,1.200000000000,151.200000000000,152,0.039682539683,7.200000000000,1.200000000000,0.166666666667,0.007936507937,6,3,3,0,6,2,"4,5,8","4,5,8",-,"1,2,4,5,8,10","4,5",0.192025774,0.152516818,0.172271296,23.188143,18.268865,no,yes
CURRENT_PLATFORM,22,6.000000000000,1.200000000000,158.400000000000,159,0.037878787879,7.200000000000,1.200000000000,0.166666666667,0.007575757576,5,4,4,0,5,2,"3,5,7,9","3,5,7,9",-,"1,3,5,7,9","5,7",0.208250782,0.110727941,0.159489361,23.188143,18.257262,no,yes
CURRENT_PLATFORM,23,6.000000000000,1.200000000000,165.600000000000,166,0.036231884058,7.200000000000,1.200000000000,0.166666666667,0.007246376812,11,8,8,0,11,4,"3,4,5,6,7,8,9,10","3,4,5,6,7,8,9,10",-,"1,2,3,4,5,6,7,8,9,10,11","4,5,6,8",0.179040700,0.101734480,0.141614755,23.188143,18.245690,no,yes
CURRENT_PLATFORM,24,6.000000000000,1.200000000000,172.800000000000,173,0.034722222222,7.200000000000,1.200000000000,0.166666666667,0.006944444444,4,2,2,0,4,2,"5,7","5,7",-,"1,5,7,11","5,7",0.132978081,0.106303266,0.119640673,23.188143,18.235991,no,yes
CURRENT_PLATFORM,25,6.000000000000,1.200000000000,180.000000000000,180,0.033333333333,7.200000000000,1.200000000000,0.166666666667,0.006666666667,10,7,7,0,10,3,"3,4,6,7,8,9,11","3,4,6,7,8,9,11",-,"1,2,3,4,6,7,8,9,11,12","6,7,8",0.178942658,0.102012434,0.145506543,23.188143,18.226312,no,yes
CURRENT_PLATFORM,26,6.000000000000,1.200000000000,187.200000000000,188,0.032051282051,7.200000000000,1.200000000000,0.166666666667,0.006410256410,6,5,5,0,6,2,"3,5,7,9,11","3,5,7,9,11",-,"1,3,5,7,9,11","5,9",0.156752918,0.116699712,0.136726315,23.188143,18.218083,no,yes
CURRENT_PLATFORM,27,6.000000000000,1.200000000000,194.400000000000,195,0.030864197531,7.200000000000,1.200000000000,0.166666666667,0.006172839506,9,6,6,0,9,1,"4,5,7,8,10,11","4,5,7,8,10,11",-,"1,2,4,5,7,8,10,11,13",7,0.142072784,0.142072784,0.142072784,23.188143,18.209869,no,yes
CURRENT_PLATFORM,28,6.000000000000,1.200000000000,201.600000000000,202,0.029761904762,7.200000000000,1.200000000000,0.166666666667,0.005952380952,6,3,3,0,6,1,"5,9,11","5,9,11",-,"1,3,5,9,11,13",9,0.156829708,0.156829708,0.156829708,23.188143,18.202799,no,yes
CURRENT_PLATFORM,29,6.000000000000,1.200000000000,208.800000000000,209,0.028735632184,7.200000000000,1.200000000000,0.166666666667,0.005747126437,14,10,10,0,14,3,"4,5,6,7,8,9,10,11,12,13","4,5,6,7,8,9,10,11,12,13",-,"1,2,3,4,5,6,7,8,9,10,11,12,13,14","6,7,10",0.139401251,0.105022811,0.125052371,23.188143,18.195740,no,yes
CURRENT_PLATFORM,30,6.000000000000,1.200000000000,216.000000000000,216,0.027777777778,7.200000000000,1.200000000000,0.166666666667,0.005555555556,4,3,3,0,4,0,"7,11,13","7,11,13",-,"1,7,11,13",-,0.000000000,0.000000000,0.000000000,23.188143,18.189600,no,no
CURRENT_PLATFORM,31,6.000000000000,1.200000000000,223.200000000000,224,0.026881720430,7.200000000000,1.200000000000,0.166666666667,0.005376344086,15,11,11,0,15,2,"4,5,6,7,8,9,10,11,12,13,14","4,5,6,7,8,9,10,11,12,13,14",-,"1,2,3,4,5,6,7,8,9,10,11,12,13,14,15","8,10",0.139559893,0.121068681,0.130314287,23.188143,18.183470,no,yes
CURRENT_PLATFORM,32,6.000000000000,1.200000000000,230.400000000000,231,0.026041666667,7.200000000000,1.200000000000,0.166666666667,0.005208333333,8,5,5,0,8,1,"5,7,9,11,13","5,7,9,11,13",-,"1,3,5,7,9,11,13,15",11,0.125508932,0.125508932,0.125508932,23.188143,18.178088,no,yes
CURRENT_PLATFORM,33,6.000000000000,1.200000000000,237.600000000000,238,0.025252525253,7.200000000000,1.200000000000,0.166666666667,0.005050505051,10,7,7,0,10,1,"4,5,7,8,10,13,14","4,5,7,8,10,13,14",-,"1,2,4,5,7,8,10,13,14,16",8,0.112734068,0.112734068,0.112734068,23.188143,18.172714,no,yes
CURRENT_PLATFORM,34,6.000000000000,1.200000000000,244.800000000000,245,0.024509803922,7.200000000000,1.200000000000,0.166666666667,0.004901960784,8,6,6,0,8,1,"5,7,9,11,13,15","5,7,9,11,13,15",-,"1,3,5,7,9,11,13,15",11,0.125703436,0.125703436,0.125703436,23.188143,18.167958,no,yes
CURRENT_PLATFORM,35,6.000000000000,1.200000000000,252.000000000000,252,0.023809523810,7.200000000000,1.200000000000,0.166666666667,0.004761904762,12,8,8,0,12,2,"4,6,8,9,11,12,13,16","4,6,8,9,11,12,13,16",-,"1,2,3,4,6,8,9,11,12,13,16,17","9,12",0.114135010,0.105472528,0.109803769,23.188143,18.163208,no,yes
CURRENT_PLATFORM,36,6.000000000000,1.200000000000,259.200000000000,260,0.023148148148,7.200000000000,1.200000000000,0.166666666667,0.004629629630,6,4,4,0,6,0,"5,7,11,13","5,7,11,13",-,"1,5,7,11,13,17",-,0.000000000,0.000000000,0.000000000,23.188143,18.158975,no,no
CURRENT_PLATFORM,37,6.000000000000,1.200000000000,266.400000000000,267,0.022522522523,7.200000000000,1.200000000000,0.166666666667,0.004504504505,18,12,12,0,18,1,"5,6,7,8,9,10,11,12,13,14,15,16","5,6,7,8,9,10,11,12,13,14,15,16",-,"1,2,3,4,5,6,7,8,9,10,11,12,13,14,15,16,17,18",12,0.114341834,0.114341834,0.114341834,23.188143,18.154747,no,yes
CURRENT_PLATFORM,38,6.000000000000,1.200000000000,273.600000000000,274,0.021929824561,7.200000000000,1.200000000000,0.166666666667,0.004385964912,9,7,7,0,9,1,"5,7,9,11,13,15,17","5,7,9,11,13,15,17",-,"1,3,5,7,9,11,13,15,17",13,0.104651488,0.104651488,0.104651488,23.188143,18.150955,no,yes
CURRENT_PLATFORM,39,6.000000000000,1.200000000000,280.800000000000,281,0.021367521368,7.200000000000,1.200000000000,0.166666666667,0.004273504274,12,8,8,0,12,0,"5,7,8,10,11,14,16,17","5,7,8,10,11,14,16,17",-,"1,2,4,5,7,8,10,11,14,16,17,19",-,0.000000000,0.000000000,0.000000000,23.188143,18.147167,no,no
CURRENT_PLATFORM,40,6.000000000000,1.200000000000,288.000000000000,288,0.020833333333,7.200000000000,1.200000000000,0.166666666667,0.004166666667,8,5,5,0,8,1,"7,9,11,13,17","7,9,11,13,17",-,"1,3,7,9,11,13,17,19",13,0.104858412,0.104858412,0.104858412,23.188143,18.143750,no,yes
CURRENT_PLATFORM,41,6.000000000000,1.200000000000,295.200000000000,296,0.020325203252,7.200000000000,1.200000000000,0.166666666667,0.004065040650,20,14,14,0,20,0,"5,6,7,8,9,10,11,12,13,14,15,16,17,18","5,6,7,8,9,10,11,12,13,14,15,16,17,18",-,"1,2,3,4,5,6,7,8,9,10,11,12,13,14,15,16,17,18,19,20",-,0.000000000,0.000000000,0.000000000,23.188143,18.140337,no,no
CURRENT_PLATFORM,42,6.000000000000,1.200000000000,302.400000000000,303,0.019841269841,7.200000000000,1.200000000000,0.166666666667,0.003968253968,6,5,5,0,6,0,"5,11,13,17,19","5,11,13,17,19",-,"1,5,11,13,17,19",-,0.000000000,0.000000000,0.000000000,23.188143,18.137243,no,no
CURRENT_PLATFORM,43,6.000000000000,1.200000000000,309.600000000000,310,0.019379844961,7.200000000000,1.200000000000,0.166666666667,0.003875968992,21,15,15,0,21,0,"5,6,7,8,9,10,11,12,13,14,15,16,17,18,19","5,6,7,8,9,10,11,12,13,14,15,16,17,18,19",-,"1,2,3,4,5,6,7,8,9,10,11,12,13,14,15,16,17,18,19,20,21",-,0.000000000,0.000000000,0.000000000,23.188143,18.134152,no,no
CURRENT_PLATFORM,44,6.000000000000,1.200000000000,316.800000000000,317,0.018939393939,7.200000000000,1.200000000000,0.166666666667,0.003787878788,10,7,7,0,10,0,"5,7,9,13,15,17,19","5,7,9,13,15,17,19",-,"1,3,5,7,9,13,15,17,19,21",-,0.000000000,0.000000000,0.000000000,23.188143,18.131336,no,no
CURRENT_PLATFORM,45,6.000000000000,1.200000000000,324.000000000000,324,0.018518518519,7.200000000000,1.200000000000,0.166666666667,0.003703703704,12,8,8,0,12,0,"7,8,11,13,14,16,17,19","7,8,11,13,14,16,17,19",-,"1,2,4,7,8,11,13,14,16,17,19,22",-,0.000000000,0.000000000,0.000000000,23.188143,18.128523,no,no
CURRENT_PLATFORM,46,6.000000000000,1.200000000000,331.200000000000,332,0.018115942029,7.200000000000,1.200000000000,0.166666666667,0.003623188406,11,8,8,0,11,0,"7,9,11,13,15,17,19,21","7,9,11,13,15,17,19,21",-,"1,3,5,7,9,11,13,15,17,19,21",-,0.000000000,0.000000000,0.000000000,23.188143,18.125951,no,no
CURRENT_PLATFORM,47,6.000000000000,1.200000000000,338.400000000000,339,0.017730496454,7.200000000000,1.200000000000,0.166666666667,0.003546099291,23,16,16,0,23,0,"6,7,8,9,10,11,12,13,14,15,16,17,18,19,20,21","6,7,8,9,10,11,12,13,14,15,16,17,18,19,20,21",-,"1,2,3,4,5,6,7,8,9,10,11,12,13,14,15,16,17,18,19,20,21,22,23",-,0.000000000,0.000000000,0.000000000,23.188143,18.123380,no,no
CURRENT_PLATFORM,48,6.000000000000,1.200000000000,345.600000000000,346,0.017361111111,7.200000000000,1.200000000000,0.166666666667,0.003472222222,8,5,5,0,8,0,"7,11,13,17,19","7,11,13,17,19",-,"1,5,7,11,13,17,19,23",-,0.000000000,0.000000000,0.000000000,23.188143,18.121020,no,no
CURRENT_PLATFORM,49,6.000000000000,1.200000000000,352.800000000000,353,0.017006802721,7.200000000000,1.200000000000,0.166666666667,0.003401360544,21,14,14,0,21,0,"6,8,9,10,11,12,13,15,16,17,18,19,20,22","6,8,9,10,11,12,13,15,16,17,18,19,20,22",-,"1,2,3,4,5,6,8,9,10,11,12,13,15,16,17,18,19,20,22,23,24",-,0.000000000,0.000000000,0.000000000,23.188143,18.118662,no,no
CURRENT_PLATFORM,50,6.000000000000,1.200000000000,360.000000000000,360,0.016666666667,7.200000000000,1.200000000000,0.166666666667,0.003333333333,10,7,7,0,10,0,"7,9,11,13,17,19,21","7,9,11,13,17,19,21",-,"1,3,7,9,11,13,17,19,21,23",-,0.000000000,0.000000000,0.000000000,23.188143,18.116490,no,no
CURRENT_PLATFORM,5,6.000000000000,1.300000000000,39.000000000000,39,0.153846153846,7.800000000000,1.800000000000,0.230769230769,0.046153846154,2,2,2,0,2,2,"1,2","1,2",-,"1,2","1,2",4.109363531,1.711815969,2.910589750,23.880301,19.898228,no,yes
CURRENT_PLATFORM,6,6.000000000000,1.300000000000,46.800000000000,47,0.128205128205,7.800000000000,1.800000000000,0.230769230769,0.038461538462,1,1,1,0,1,1,1,1,-,1,1,2.939360676,2.939360676,2.939360676,23.880301,19.708814,no,yes
CURRENT_PLATFORM,7,6.000000000000,1.300000000000,54.600000000000,55,0.109890109890,7.800000000000,1.800000000000,0.230769230769,0.032967032967,3,3,3,0,3,3,"1,2,3","1,2,3",-,"1,2,3","1,2,3",2.185258617,0.734642972,1.462854973,23.880301,19.527317,no,yes
CURRENT_PLATFORM,8,6.000000000000,1.300000000000,62.400000000000,63,0.096153846154,7.800000000000,1.800000000000,0.230769230769,0.028846153846,2,2,2,0,2,2,"1,3","1,3",-,"1,3","1,3",1.680257932,0.864325104,1.272291518,23.880301,19.428443,no,yes
CURRENT_PLATFORM,9,6.000000000000,1.300000000000,70.200000000000,71,0.085470085470,7.800000000000,1.800000000000,0.230769230769,0.025641025641,3,2,2,0,3,2,"2,4","2,4",-,"1,2,4","2,4",0.892892003,0.407424184,0.650158093,23.880301,19.331770,no,yes
CURRENT_PLATFORM,10,6.000000000000,1.300000000000,78.000000000000,78,0.076923076923,7.800000000000,1.800000000000,0.230769230769,0.023076923077,2,1,1,0,2,1,3,3,-,"1,3",3,0.816909594,0.816909594,0.816909594,23.880301,19.271004,no,yes
CURRENT_PLATFORM,11,6.000000000000,1.300000000000,85.800000000000,86,0.069930069930,7.800000000000,1.800000000000,0.230769230769,0.020979020979,5,4,4,0,5,4,"2,3,4,5","2,3,4,5",-,"1,2,3,4,5","2,3,4,5",0.641280412,0.258759228,0.506869021,23.880301,19.211077,no,yes
CURRENT_PLATFORM,12,6.000000000000,1.300000000000,93.600000000000,94,0.064102564103,7.800000000000,1.800000000000,0.230769230769,0.019230769231,2,1,1,0,2,1,5,5,-,"1,5",5,0.260450542,0.260450542,0.260450542,23.880301,19.169940,no,yes
CURRENT_PLATFORM,13,6.000000000000,1.300000000000,101.400000000000,102,0.059171597633,7.800000000000,1.800000000000,0.230769230769,0.017751479290,6,4,4,0,6,4,"2,3,4,5","2,3,4,5",-,"1,2,3,4,5,6","2,3,4,5",0.562002146,0.299032806,0.429175412,23.880301,19.129189,no,yes
CURRENT_PLATFORM,14,6.000000000000,1.300000000000,109.200000000000,110,0.054945054945,7.800000000000,1.800000000000,0.230769230769,0.016483516484,3,2,2,0,3,2,"3,5","3,5",-,"1,3,5","3,5",0.433634986,0.392236373,0.412935679,23.880301,19.099490,no,yes
CURRENT_PLATFORM,15,6.000000000000,1.300000000000,117.000000000000,117,0.051282051282,7.800000000000,1.800000000000,0.230769230769,0.015384615385,4,2,2,0,4,2,"2,4","2,4",-,"1,2,4,7","2,4",0.409965976,0.240701218,0.325333597,23.880301,19.069993,no,yes
CURRENT_PLATFORM,16,6.000000000000,1.300000000000,124.800000000000,125,0.048076923077,7.800000000000,1.800000000000,0.230769230769,0.014423076923,4,3,3,0,4,3,"3,5,7","3,5,7",-,"1,3,5,7","3,5,7",0.427237171,0.110474601,0.280925236,23.880301,19.047544,no,yes
CURRENT_PLATFORM,17,6.000000000000,1.300000000000,132.600000000000,133,0.045248868778,7.800000000000,1.800000000000,0.230769230769,0.013574660633,8,6,6,0,8,6,"2,3,4,5,6,7","2,3,4,5,6,7",-,"1,2,3,4,5,6,7,8","2,3,4,5,6,7",0.347279298,0.160294589,0.253182860,23.880301,19.025210,no,yes
CURRENT_PLATFORM,18,6.000000000000,1.300000000000,140.400000000000,141,0.042735042735,7.800000000000,1.800000000000,0.230769230769,0.012820512821,3,2,2,0,3,2,"5,7","5,7",-,"1,5,7","5,7",0.231718600,0.178169874,0.204944237,23.880301,19.007644,no,yes
CURRENT_PLATFORM,19,6.000000000000,1.300000000000,148.200000000000,149,0.040485829960,7.800000000000,1.800000000000,0.230769230769,0.012145748988,9,6,6,0,9,6,"3,4,5,6,7,8","3,4,5,6,7,8",-,"1,2,3,4,5,6,7,8,9","3,4,5,6,7,8",0.344192682,0.102262030,0.224107818,23.880301,18.990149,no,yes
CURRENT_PLATFORM,20,6.000000000000,1.300000000000,156.000000000000,156,0.038461538462,7.800000000000,1.800000000000,0.230769230769,0.011538461538,4,3,3,0,4,2,"3,7,9","3,7,9",-,"1,3,7,9","3,7",0.289566105,0.160850866,0.225208485,23.880301,18.976029,no,yes
CURRENT_PLATFORM,21,6.000000000000,1.300000000000,163.800000000000,164,0.036630036630,7.800000000000,1.800000000000,0.230769230769,0.010989010989,6,3,3,0,6,3,"4,5,8","4,5,8",-,"1,2,4,5,8,10","4,5,8",0.265913178,0.118747840,0.198648256,23.880301,18.961955,no,yes
CURRENT_PLATFORM,22,6.000000000000,1.300000000000,171.600000000000,172,0.034965034965,7.800000000000,1.800000000000,0.230769230769,0.010489510490,5,4,4,0,5,4,"3,5,7,9","3,5,7,9",-,"1,3,5,7,9","3,5,7,9",0.287998209,0.116112862,0.172038832,23.880301,18.950358,no,yes
CURRENT_PLATFORM,23,6.000000000000,1.300000000000,179.400000000000,180,0.033444816054,7.800000000000,1.800000000000,0.230769230769,0.010033444816,11,8,8,0,11,7,"3,4,5,6,7,8,9,10","3,4,5,6,7,8,9,10",-,"1,2,3,4,5,6,7,8,9,10,11","3,4,5,6,7,8,9",0.248327053,0.110193668,0.164668858,23.880301,18.938792,no,yes
CURRENT_PLATFORM,24,6.000000000000,1.300000000000,187.200000000000,188,0.032051282051,7.800000000000,1.800000000000,0.230769230769,0.009615384615,4,2,2,0,4,2,"5,7","5,7",-,"1,5,7,11","5,7",0.184060710,0.147216271,0.165638491,23.880301,18.929097,no,yes
CURRENT_PLATFORM,25,6.000000000000,1.300000000000,195.000000000000,195,0.030769230769,7.800000000000,1.800000000000,0.230769230769,0.009230769231,10,7,7,0,10,4,"3,4,6,7,8,9,11","3,4,6,7,8,9,11",-,"1,2,3,4,6,7,8,9,11,12","4,6,7,8",0.247489098,0.134517647,0.184662818,23.880301,18.919423,no,yes
CURRENT_PLATFORM,26,6.000000000000,1.300000000000,202.800000000000,203,0.029585798817,7.800000000000,1.800000000000,0.230769230769,0.008875739645,6,5,5,0,6,3,"3,5,7,9,11","3,5,7,9,11",-,"1,3,5,7,9,11","5,7,9",0.217372202,0.109035671,0.162687674,23.880301,18.911198,no,yes
CURRENT_PLATFORM,27,6.000000000000,1.300000000000,210.600000000000,211,0.028490028490,7.800000000000,1.800000000000,0.230769230769,0.008547008547,9,6,6,0,9,3,"4,5,7,8,10,11","4,5,7,8,10,11",-,"1,2,4,5,7,8,10,11,13","4,7,8",0.196731386,0.102102002,0.134161235,23.880301,18.902988,no,yes
CURRENT_PLATFORM,28,6.000000000000,1.300000000000,218.400000000000,219,0.027472527473,7.800000000000,1.800000000000,0.230769230769,0.008241758242,6,3,3,0,6,1,"5,9,11","5,9,11",-,"1,3,5,9,11,13",9,0.216923000,0.216923000,0.216923000,23.880301,18.895921,no,yes
CURRENT_PLATFORM,29,6.000000000000,1.300000000000,226.200000000000,227,0.026525198939,7.800000000000,1.800000000000,0.230769230769,0.007957559682,14,10,10,0,14,4,"4,5,6,7,8,9,10,11,12,13","4,5,6,7,8,9,10,11,12,13",-,"1,2,3,4,5,6,7,8,9,10,11,12,13,14","5,6,7,10",0.193280296,0.115847709,0.158881540,23.880301,18.888866,no,yes
CURRENT_PLATFORM,30,6.000000000000,1.300000000000,234.000000000000,234,0.025641025641,7.800000000000,1.800000000000,0.230769230769,0.007692307692,4,3,3,0,4,0,"7,11,13","7,11,13",-,"1,7,11,13",-,0.000000000,0.000000000,0.000000000,23.880301,18.882729,no,no
CURRENT_PLATFORM,31,6.000000000000,1.300000000000,241.800000000000,242,0.024813895782,7.800000000000,1.800000000000,0.230769230769,0.007444168734,15,11,11,0,15,5,"4,5,6,7,8,9,10,11,12,13,14","4,5,6,7,8,9,10,11,12,13,14",-,"1,2,3,4,5,6,7,8,9,10,11,12,13,14,15","5,6,8,9,10",0.193049669,0.102730584,0.139770051,23.880301,18.876601,no,yes
CURRENT_PLATFORM,32,6.000000000000,1.300000000000,249.600000000000,250,0.024038461538,7.800000000000,1.800000000000,0.230769230769,0.007211538462,8,5,5,0,8,2,"5,7,9,11,13","5,7,9,11,13",-,"1,3,5,7,9,11,13,15","9,11",0.173996410,0.101531289,0.137763849,23.880301,18.871223,no,yes
CURRENT_PLATFORM,33,6.000000000000,1.300000000000,257.400000000000,258,0.023310023310,7.800000000000,1.800000000000,0.230769230769,0.006993006993,10,7,7,0,10,1,"4,5,7,8,10,13,14","4,5,7,8,10,13,14",-,"1,2,4,5,7,8,10,13,14,16",8,0.156101780,0.156101780,0.156101780,23.880301,18.865851,no,yes
CURRENT_PLATFORM,34,6.000000000000,1.300000000000,265.200000000000,266,0.022624434389,7.800000000000,1.800000000000,0.230769230769,0.006787330317,8,6,6,0,8,2,"5,7,9,11,13,15","5,7,9,11,13,15",-,"1,3,5,7,9,11,13,15","7,11",0.173893440,0.120103396,0.146998418,23.880301,18.861097,no,yes
CURRENT_PLATFORM,35,6.000000000000,1.300000000000,273.000000000000,273,0.021978021978,7.800000000000,1.800000000000,0.230769230769,0.006593406593,12,8,8,0,12,2,"4,6,8,9,11,12,13,16","4,6,8,9,11,12,13,16",-,"1,2,3,4,6,8,9,11,12,13,16,17","9,12",0.158211673,0.146045992,0.152128833,23.880301,18.856350,no,yes
CURRENT_PLATFORM,36,6.000000000000,1.300000000000,280.800000000000,281,0.021367521368,7.800000000000,1.800000000000,0.230769230769,0.006410256410,6,4,4,0,6,1,"5,7,11,13","5,7,11,13",-,"1,5,7,11,13,17",7,0.110014894,0.110014894,0.110014894,23.880301,18.852119,no,yes
CURRENT_PLATFORM,37,6.000000000000,1.300000000000,288.600000000000,289,0.020790020790,7.800000000000,1.800000000000,0.230769230769,0.006237006237,18,12,12,0,18,2,"5,6,7,8,9,10,11,12,13,14,15,16","5,6,7,8,9,10,11,12,13,14,15,16",-,"1,2,3,4,5,6,7,8,9,10,11,12,13,14,15,16,17,18","9,12",0.158185151,0.137206778,0.147695964,23.880301,18.847892,no,yes
CURRENT_PLATFORM,38,6.000000000000,1.300000000000,296.400000000000,297,0.020242914980,7.800000000000,1.800000000000,0.230769230769,0.006072874494,9,7,7,0,9,1,"5,7,9,11,13,15,17","5,7,9,11,13,15,17",-,"1,3,5,7,9,11,13,15,17",13,0.145052823,0.145052823,0.145052823,23.880301,18.844102,no,yes
CURRENT_PLATFORM,39,6.000000000000,1.300000000000,304.200000000000,305,0.019723865878,7.800000000000,1.800000000000,0.230769230769,0.005917159763,12,8,8,0,12,2,"5,7,8,10,11,14,16,17","5,7,8,10,11,14,16,17",-,"1,2,4,5,7,8,10,11,14,16,17,19","8,10",0.129376026,0.102310881,0.115843453,23.880301,18.840316,no,yes
CURRENT_PLATFORM,40,6.000000000000,1.300000000000,312.000000000000,312,0.019230769231,7.800000000000,1.800000000000,0.230769230769,0.005769230769,8,5,5,0,8,1,"7,9,11,13,17","7,9,11,13,17",-,"1,3,7,9,11,13,17,19",13,0.145072688,0.145072688,0.145072688,23.880301,18.836901,no,yes
CURRENT_PLATFORM,41,6.000000000000,1.300000000000,319.800000000000,320,0.018761726079,7.800000000000,1.800000000000,0.230769230769,0.005628517824,20,14,14,0,20,2,"5,6,7,8,9,10,11,12,13,14,15,16,17,18","5,6,7,8,9,10,11,12,13,14,15,16,17,18",-,"1,2,3,4,5,6,7,8,9,10,11,12,13,14,15,16,17,18,19,20","10,14",0.133914887,0.122390519,0.128152703,23.880301,18.833490,no,yes
CURRENT_PLATFORM,42,6.000000000000,1.300000000000,327.600000000000,328,0.018315018315,7.800000000000,1.800000000000,0.230769230769,0.005494505495,6,5,5,0,6,0,"5,11,13,17,19","5,11,13,17,19",-,"1,5,11,13,17,19",-,0.000000000,0.000000000,0.000000000,23.880301,18.830397,no,no
CURRENT_PLATFORM,43,6.000000000000,1.300000000000,335.400000000000,336,0.017889087657,7.800000000000,1.800000000000,0.230769230769,0.005366726297,21,15,15,0,21,2,"5,6,7,8,9,10,11,12,13,14,15,16,17,18,19","5,6,7,8,9,10,11,12,13,14,15,16,17,18,19",-,"1,2,3,4,5,6,7,8,9,10,11,12,13,14,15,16,17,18,19,20,21","11,14",0.133962912,0.116120451,0.125041682,23.880301,18.827307,no,yes
CURRENT_PLATFORM,44,6.000000000000,1.300000000000,343.200000000000,344,0.017482517483,7.800000000000,1.800000000000,0.230769230769,0.005244755245,10,7,7,0,10,1,"5,7,9,13,15,17,19","5,7,9,13,15,17,19",-,"1,3,5,7,9,13,15,17,19,21",15,0.124365489,0.124365489,0.124365489,23.880301,18.824493,no,yes
CURRENT_PLATFORM,45,6.000000000000,1.300000000000,351.000000000000,351,0.017094017094,7.800000000000,1.800000000000,0.230769230769,0.005128205128,12,8,8,0,12,1,"7,8,11,13,14,16,17,19","7,8,11,13,14,16,17,19",-,"1,2,4,7,8,11,13,14,16,17,19,22",11,0.110461295,0.110461295,0.110461295,23.880301,18.821682,no,yes
CURRENT_PLATFORM,46,6.000000000000,1.300000000000,358.800000000000,359,0.016722408027,7.800000000000,1.800000000000,0.230769230769,0.005016722408,11,8,8,0,11,1,"7,9,11,13,15,17,19,21","7,9,11,13,15,17,19,21",-,"1,3,5,7,9,11,13,15,17,19,21",15,0.124430341,0.124430341,0.124430341,23.880301,18.819110,no,yes
CURRENT_PLATFORM,47,6.000000000000,1.300000000000,366.600000000000,367,0.016366612111,7.800000000000,1.800000000000,0.230769230769,0.004909983633,23,16,16,0,23,2,"6,7,8,9,10,11,12,13,14,15,16,17,18,19,20,21","6,7,8,9,10,11,12,13,14,15,16,17,18,19,20,21",-,"1,2,3,4,5,6,7,8,9,10,11,12,13,14,15,16,17,18,19,20,21,22,23","12,16",0.116087392,0.105327938,0.110707665,23.880301,18.816541,no,yes
CURRENT_PLATFORM,48,6.000000000000,1.300000000000,374.400000000000,375,0.016025641026,7.800000000000,1.800000000000,0.230769230769,0.004807692308,8,5,5,0,8,0,"7,11,13,17,19","7,11,13,17,19",-,"1,5,7,11,13,17,19,23",-,0.000000000,0.000000000,0.000000000,23.880301,18.814182,no,no
CURRENT_PLATFORM,49,6.000000000000,1.300000000000,382.200000000000,383,0.015698587127,7.800000000000,1.800000000000,0.230769230769,0.004709576138,21,14,14,0,21,2,"6,8,9,10,11,12,13,15,16,17,18,19,20,22","6,8,9,10,11,12,13,15,16,17,18,19,20,22",-,"1,2,3,4,5,6,8,9,10,11,12,13,15,16,17,18,19,20,22,23,24","12,16",0.116161889,0.100650371,0.108406130,23.880301,18.811825,no,yes
CURRENT_PLATFORM,50,6.000000000000,1.300000000000,390.000000000000,390,0.015384615385,7.800000000000,1.800000000000,0.230769230769,0.004615384615,10,7,7,0,10,1,"7,9,11,13,17,19,21","7,9,11,13,17,19,21",-,"1,3,7,9,11,13,17,19,21,23",17,0.108842561,0.108842561,0.108842561,23.880301,18.809654,no,yes
