scenario,finesse,tau0,vacuum_wavelength_nm,refractive_index,medium_wavelength_nm,w0_experimental_min_um,w0_comfortable_min_um,N,m,k_star,lr_star,L_mm,zR_mm,w0_um,w_curved_um,g2,lr_edge_margin,hemispherical_gap_mm,delta,tau_eff,tau_margin,rho,peak_headroom_ratio,platform_height_margin,platform_exists,platform_width_k,platform_width_lr,platform_width_L_mm,pairwise_er_db,conservative_er_db,w0_band,geometry_warning,geometry_warning_reasons,geometry_screen_status,geometry_pass,geometry_fail_reasons,quality_pass,quality_fail_reasons,final_engineering_pass,rho_design,finesse_ceiling,peak_headroom_ratio_formula,platform_height_margin_formula,rho_is_boundary,scenario_family
CURRENT_PLATFORM,27.000000000000,3.000000000000,795.000000,1.453371000000,547.004172,47.000000,50.000000,9,1,0.111111111111,0.116977778441,2.924444461,8.034845121,37.403233,39.803689,0.883022221559,0.116977778441,22.075555539,0.111111111111,3.000000000000,0.000000000000,1.000000000000,0.000000000000,0.000000000000,no,0.000000000000,0.000000000000,0.000000000,15.682017,11.108821,high_risk,no,w0_high_risk,hard_fail,no,short_cavity,no,below_tau_threshold;platform_too_narrow,no,1.000000000000,27,0.000000000000,0.000000000000,yes,CURRENT_PLATFORM
CURRENT_PLATFORM,27.000000000000,3.000000000000,795.000000,1.453371000000,547.004172,47.000000,50.000000,9,2,0.222222222222,0.413175911167,10.329397779,12.310096913,46.296815,60.436200,0.586824088833,0.413175911167,14.670602221,0.111111111111,3.000000000000,0.000000000000,1.000000000000,0.000000000000,0.000000000000,no,0.000000000000,0.000000000000,0.000000000,15.682017,11.108821,high_risk,yes,w0_high_risk,warning,yes,pass,no,below_tau_threshold;platform_too_narrow,no,1.000000000000,27,0.000000000000,0.000000000000,yes,CURRENT_PLATFORM
CURRENT_PLATFORM,27.000000000000,3.000000000000,795.000000,1.453371000000,547.004172,47.000000,50.000000,9,4,0.444444444444,0.969846310393,24.246157760,4.275251792,27.283572,157.119830,0.030153689607,0.030153689607,0.753842240,0.111111111111,3.000000000000,0.000000000000,1.000000000000,0.000000000000,0.000000000000,no,0.000000000000,0.000000000000,0.000000000,15.682017,11.108821,high_risk,yes,w0_high_risk,warning,yes,pass,no,below_tau_threshold;platform_too_narrow,no,1.000000000000,27,0.000000000000,0.000000000000,yes,CURRENT_PLATFORM
CURRENT_PLATFORM,36.000000000000,3.000000000000,795.000000,1.453371000000,547.004172,47.000000,50.000000,12,1,0.083333333333,0.066987298108,1.674682453,6.250000000,32.988335,34.152037,0.933012701892,0.066987298108,23.325317547,0.083333333333,3.000000000000,0.000000000000,1.000000000000,0.000000000000,0.000000000000,no,0.000000000000,0.000000000000,0.000000000,15.682017,10.944309,high_risk,no,w0_high_risk,hard_fail,no,short_cavity,no,below_tau_threshold;platform_too_narrow,no,1.000000000000,36,0.000000000000,0.000000000000,yes,CURRENT_PLATFORM
CURRENT_PLATFORM,36.000000000000,3.000000000000,795.000000,1.453371000000,547.004172,47.000000,50.000000,12,5,0.416666666667,0.933012701892,23.325317547,6.250000000,32.988335,127.457138,0.066987298108,0.066987298108,1.674682453,0.083333333333,3.000000000000,0.000000000000,1.000000000000,0.000000000000,0.000000000000,no,0.000000000000,0.000000000000,0.000000000,15.682017,10.944309,high_risk,yes,w0_high_risk,warning,yes,pass,no,below_tau_threshold;platform_too_narrow,no,1.000000000000,36,0.000000000000,0.000000000000,yes,CURRENT_PLATFORM
CURRENT_PLATFORM,90.000000000000,3.000000000000,795.000000,1.453371000000,547.004172,47.000000,50.000000,30,1,0.033333333333,0.010926199633,0.273154991,2.598896135,21.272319,21.389493,0.989073800367,0.010926199633,24.726845009,0.033333333333,3.000000000000,0.000000000000,1.000000000000,0.000000000000,0.000000000000,no,0.000000000000,0.000000000000,0.000000000,15.682017,10.652434,high_risk,no,w0_high_risk,hard_fail,no,short_cavity,no,below_tau_threshold;platform_too_narrow,no,1.000000000000,90,0.000000000000,0.000000000000,yes,CURRENT_PLATFORM
CURRENT_PLATFORM,90.000000000000,3.000000000000,795.000000,1.453371000000,547.004172,47.000000,50.000000,30,7,0.233333333333,0.447735768366,11.193394209,12.431523692,46.524591,62.605012,0.552264231634,0.447735768366,13.806605791,0.033333333333,3.000000000000,0.000000000000,1.000000000000,0.000000000000,0.000000000000,no,0.000000000000,0.000000000000,0.000000000,15.682017,10.652434,high_risk,yes,w0_high_risk,warning,yes,pass,no,below_tau_threshold;platform_too_narrow,no,1.000000000000,90,0.000000000000,0.000000000000,yes,CURRENT_PLATFORM
CURRENT_PLATFORM,90.000000000000,3.000000000000,795.000000,1.453371000000,547.004172,47.000000,50.000000,30,11,0.366666666667,0.834565303179,20.864132579,9.289310318,40.217227,98.877805,0.165434696821,0.165434696821,4.135867421,0.033333333333,3.000000000000,0.000000000000,1.000000000000,0.000000000000,0.000000000000,no,0.000000000000,0.000000000000,0.000000000,15.682017,10.652434,high_risk,yes,w0_high_risk,warning,yes,pass,no,below_tau_threshold;platform_too_narrow,no,1.000000000000,90,0.000000000000,0.000000000000,yes,CURRENT_PLATFORM
CURRENT_PLATFORM,90.000000000000,3.000000000000,795.000000,1.453371000000,547.004172,47.000000,50.000000,30,13,0.433333333333,0.956772728821,23.919318221,5.084208038,29.753087,143.104447,0.043227271179,0.043227271179,1.080681779,0.033333333333,3.000000000000,0.000000000000,1.000000000000,0.000000000000,0.000000000000,no,0.000000000000,0.000000000000,0.000000000,15.682017,10.652434,high_risk,yes,w0_high_risk,warning,yes,pass,no,below_tau_threshold;platform_too_narrow,no,1.000000000000,90,0.000000000000,0.000000000000,yes,CURRENT_PLATFORM
CURRENT_PLATFORM,150.000000000000,3.000000000000,795.000000,1.453371000000,547.004172,47.000000,50.000000,50,1,0.020000000000,0.003942649343,0.098566234,1.566665420,16.516138,16.548794,0.996057350657,0.003942649343,24.901433766,0.020000000000,3.000000000000,0.000000000000,1.000000000000,0.000000000000,0.000000000000,no,0.000000000000,0.000000000000,0.000000000,15.682017,10.578201,high_risk,no,w0_high_risk,hard_fail,no,short_cavity,no,below_tau_threshold;platform_too_narrow,no,1.000000000000,150,0.000000000000,0.000000000000,yes,CURRENT_PLATFORM
CURRENT_PLATFORM,150.000000000000,3.000000000000,795.000000,1.453371000000,547.004172,47.000000,50.000000,50,3,0.060000000000,0.035111757056,0.877793926,4.601556909,28.305627,28.816038,0.964888242944,0.035111757056,24.122206074,0.020000000000,3.000000000000,0.000000000000,1.000000000000,0.000000000000,0.000000000000,no,0.000000000000,0.000000000000,0.000000000,15.682017,10.578201,high_risk,no,w0_high_risk,hard_fail,no,short_cavity,no,below_tau_threshold;platform_too_narrow,no,1.000000000000,150,0.000000000000,0.000000000000,yes,CURRENT_PLATFORM
CURRENT_PLATFORM,150.000000000000,3.000000000000,795.000000,1.453371000000,547.004172,47.000000,50.000000,50,7,0.140000000000,0.181288005126,4.532200128,9.631415535,40.951088,45.258470,0.818711994874,0.181288005126,20.467799872,0.020000000000,3.000000000000,0.000000000000,1.000000000000,0.000000000000,0.000000000000,no,0.000000000000,0.000000000000,0.000000000,15.682017,10.578201,high_risk,yes,w0_high_risk,warning,yes,pass,no,below_tau_threshold;platform_too_narrow,no,1.000000000000,150,0.000000000000,0.000000000000,yes,CURRENT_PLATFORM
CURRENT_PLATFORM,150.000000000000,3.000000000000,795.000000,1.453371000000,547.004172,47.000000,50.000000,50,9,0.180000000000,0.287110354217,7.177758855,11.310338156,44.377024,52.558992,0.712889645783,0.287110354217,17.822241145,0.020000000000,3.000000000000,0.000000000000,1.000000000000,0.000000000000,0.000000000000,no,0.000000000000,0.000000000000,0.000000000,15.682017,10.578201,high_risk,yes,w0_high_risk,warning,yes,pass,no,below_tau_threshold;platform_too_narrow,no,1.000000000000,150,0.000000000000,0.000000000000,yes,CURRENT_PLATFORM
CURRENT_PLATFORM,150.000000000000,3.000000000000,795.000000,1.453371000000,547.004172,47.000000,50.000000,50,11,0.220000000000,0.406309342707,10.157733568,12.278590634,46.237532,60.008744,0.593690657293,0.406309342707,14.842266432,0.020000000000,3.000000000000,0.000000000000,1.000000000000,0.000000000000,0.000000000000,no,0.000000000000,0.000000000000,0.000000000,15.682017,10.578201,high_risk,yes,w0_high_risk,warning,yes,pass,no,below_tau_threshold;platform_too_narrow,no,1.000000000000,150,0.000000000000,0.000000000000,yes,CURRENT_PLATFORM
CURRENT_PLATFORM,150.000000000000,3.000000000000,795.000000,1.453371000000,547.004172,47.000000,50.000000,50,13,0.260000000000,0.531395259765,13.284881494,12.475334105,46.606498,68.083698,0.468604740235,0.468604740235,11.715118506,0.020000000000,3.000000000000,0.000000000000,1.000000000000,0.000000000000,0.000000000000,no,0.000000000000,0.000000000000,0.000000000,15.682017,10.578201,high_risk,yes,w0_high_risk,warning,yes,pass,no,below_tau_threshold;platform_too_narrow,no,1.000000000000,150,0.000000000000,0.000000000000,yes,CURRENT_PLATFORM
CURRENT_PLATFORM,150.000000000000,3.000000000000,795.000000,1.453371000000,547.004172,47.000000,50.000000,50,17,0.340000000000,0.767913397489,19.197834937,10.554099069,42.867777,88.982772,0.232086602511,0.232086602511,5.802165063,0.020000000000,3.000000000000,0.000000000000,1.000000000000,0.000000000000,0.000000000000,no,0.000000000000,0.000000000000,0.000000000,15.682017,10.578201,high_risk,yes,w0_high_risk,warning,yes,pass,no,below_tau_threshold;platform_too_narrow,no,1.000000000000,150,0.000000000000,0.000000000000,yes,CURRENT_PLATFORM
CURRENT_PLATFORM,150.000000000000,3.000000000000,795.000000,1.453371000000,547.004172,47.000000,50.000000,50,19,0.380000000000,0.864484313711,21.612107843,8.556838824,38.599089,104.853341,0.135515686289,0.135515686289,3.387892157,0.020000000000,3.000000000000,0.000000000000,1.000000000000,0.000000000000,0.000000000000,no,0.000000000000,0.000000000000,0.000000000,15.682017,10.578201,high_risk,yes,w0_high_risk,warning,yes,pass,no,below_tau_threshold;platform_too_narrow,no,1.000000000000,150,0.000000000000,0.000000000000,yes,CURRENT_PLATFORM
CURRENT_PLATFORM,150.000000000000,3.000000000000,795.000000,1.453371000000,547.004172,47.000000,50.000000,50,21,0.420000000000,0.938153340022,23.453833501,6.021920926,32.380825,130.205636,0.061846659978,0.061846659978,1.546166499,0.020000000000,3.000000000000,0.000000000000,1.000000000000,0.000000000000,0.000000000000,no,0.000000000000,0.000000000000,0.000000000,15.682017,10.578201,high_risk,yes,w0_high_risk,warning,yes,pass,no,below_tau_threshold;platform_too_narrow,no,1.000000000000,150,0.000000000000,0.000000000000,yes,CURRENT_PLATFORM
CURRENT_PLATFORM,150.000000000000,3.000000000000,795.000000,1.453371000000,547.004172,47.000000,50.000000,50,23,0.460000000000,0.984291580564,24.607289514,3.108623590,23.265075,185.625744,0.015708419436,0.015708419436,0.392710486,0.020000000000,3.000000000000,0.000000000000,1.000000000000,0.000000000000,0.000000000000,no,0.000000000000,0.000000000000,0.000000000,15.682017,10.578201,high_risk,no,w0_high_risk,hard_fail,no,large_curved_mirror_spot,no,below_tau_threshold;platform_too_narrow,no,1.000000000000,150,0.000000000000,0.000000000000,yes,CURRENT_PLATFORM
CURRENT_PLATFORM,27.540000000000,3.000000000000,795.000000,1.453371000000,547.004172,47.000000,50.000000,9,1,0.111111111111,0.116977778441,2.924444461,8.034845121,37.403233,39.803689,0.883022221559,0.116977778441,22.075555539,0.108932461874,3.060000000000,0.060000000000,1.020000000000,0.019607843137,0.002178649237,yes,0.002450980392,0.004913990365,0.122849759,15.849460,11.277381,high_risk,no,w0_high_risk,hard_fail,no,short_cavity,yes,pass,no,1.020000000000,28,0.019607843137,0.002178649237,no,CURRENT_PLATFORM
CURRENT_PLATFORM,27.540000000000,3.000000000000,795.000000,1.453371000000,547.004172,47.000000,50.000000,9,2,0.222222222222,0.413175911167,10.329397779,12.310096913,46.296815,60.436200,0.586824088833,0.413175911167,14.670602221,0.108932461874,3.060000000000,0.060000000000,1.020000000000,0.019607843137,0.002178649237,yes,0.000980392157,0.003033378845,0.075834471,15.849460,11.277381,high_risk,yes,w0_high_risk,warning,yes,pass,no,platform_too_narrow,no,1.020000000000,28,0.019607843137,0.002178649237,no,CURRENT_PLATFORM
CURRENT_PLATFORM,27.540000000000,3.000000000000,795.000000,1.453371000000,547.004172,47.000000,50.000000,9,4,0.444444444444,0.969846310393,24.246157760,4.275251792,27.283572,157.119830,0.030153689607,0.030153689607,0.753842240,0.108932461874,3.060000000000,0.060000000000,1.020000000000,0.019607843137,0.002178649237,yes,0.001400560224,0.001494768934,0.037369223,15.849460,11.277381,high_risk,yes,w0_high_risk,warning,yes,pass,no,platform_too_narrow,no,1.020000000000,28,0.019607843137,0.002178649237,no,CURRENT_PLATFORM
CURRENT_PLATFORM,36.720000000000,3.000000000000,795.000000,1.453371000000,547.004172,47.000000,50.000000,12,1,0.083333333333,0.066987298108,1.674682453,6.250000000,32.988335,34.152037,0.933012701892,0.066987298108,23.325317547,0.081699346405,3.060000000000,0.060000000000,1.020000000000,0.019607843137,0.001633986928,yes,0.001782531194,0.002777316505,0.069432913,15.849460,11.112990,high_risk,no,w0_high_risk,hard_fail,no,short_cavity,no,platform_too_narrow,no,1.020000000000,37,0.019607843137,0.001633986928,no,CURRENT_PLATFORM
CURRENT_PLATFORM,36.720000000000,3.000000000000,795.000000,1.453371000000,547.004172,47.000000,50.000000,12,5,0.416666666667,0.933012701892,23.325317547,6.250000000,32.988335,127.457138,0.066987298108,0.066987298108,1.674682453,0.081699346405,3.060000000000,0.060000000000,1.020000000000,0.019607843137,0.001633986928,yes,0.000560224090,0.000880444548,0.022011114,15.849460,11.112990,high_risk,yes,w0_high_risk,warning,yes,pass,no,platform_too_narrow,no,1.020000000000,37,0.019607843137,0.001633986928,no,CURRENT_PLATFORM
CURRENT_PLATFORM,91.800000000000,3.000000000000,795.000000,1.453371000000,547.004172,47.000000,50.000000,30,1,0.033333333333,0.010926199633,0.273154991,2.598896135,21.272319,21.389493,0.989073800367,0.010926199633,24.726845009,0.032679738562,3.060000000000,0.060000000000,1.020000000000,0.019607843137,0.000653594771,yes,0.000676132522,0.000437511761,0.010937794,15.849460,10.821327,high_risk,no,w0_high_risk,hard_fail,no,short_cavity,no,platform_too_narrow,no,1.020000000000,92,0.019607843137,0.000653594771,no,CURRENT_PLATFORM
CURRENT_PLATFORM,91.800000000000,3.000000000000,795.000000,1.453371000000,547.004172,47.000000,50.000000,30,7,0.233333333333,0.447735768366,11.193394209,12.431523692,46.524591,62.605012,0.552264231634,0.447735768366,13.806605791,0.032679738562,3.060000000000,0.060000000000,1.020000000000,0.019607843137,0.000653594771,yes,0.000088723272,0.000277204368,0.006930109,15.849460,10.821327,high_risk,yes,w0_high_risk,warning,yes,pass,no,platform_too_narrow,no,1.020000000000,92,0.019607843137,0.000653594771,no,CURRENT_PLATFORM
CURRENT_PLATFORM,91.800000000000,3.000000000000,795.000000,1.453371000000,547.004172,47.000000,50.000000,30,11,0.366666666667,0.834565303179,20.864132579,9.289310318,40.217227,98.877805,0.165434696821,0.165434696821,4.135867421,0.032679738562,3.060000000000,0.060000000000,1.020000000000,0.019607843137,0.000653594771,yes,0.000093817431,0.000219047144,0.005476179,15.849460,10.821327,high_risk,yes,w0_high_risk,warning,yes,pass,no,platform_too_narrow,no,1.020000000000,92,0.019607843137,0.000653594771,no,CURRENT_PLATFORM
CURRENT_PLATFORM,91.800000000000,3.000000000000,795.000000,1.453371000000,547.004172,47.000000,50.000000,30,13,0.433333333333,0.956772728821,23.919318221,5.084208038,29.753087,143.104447,0.043227271179,0.043227271179,1.080681779,0.032679738562,3.060000000000,0.060000000000,1.020000000000,0.019607843137,0.000653594771,yes,0.000121787846,0.000155691930,0.003892298,15.849460,10.821327,high_risk,yes,w0_high_risk,warning,yes,pass,no,platform_too_narrow,no,1.020000000000,92,0.019607843137,0.000653594771,no,CURRENT_PLATFORM
CURRENT_PLATFORM,153.000000000000,3.000000000000,795.000000,1.453371000000,547.004172,47.000000,50.000000,50,1,0.020000000000,0.003942649343,0.098566234,1.566665420,16.516138,16.548794,0.996057350657,0.003942649343,24.901433766,0.019607843137,3.060000000000,0.060000000000,1.020000000000,0.019607843137,0.000392156863,yes,0.000400160064,0.000156056034,0.003901401,15.849460,10.747146,high_risk,no,w0_high_risk,hard_fail,no,short_cavity,no,platform_too_narrow,no,1.020000000000,153,0.019607843137,0.000392156863,no,CURRENT_PLATFORM
CURRENT_PLATFORM,153.000000000000,3.000000000000,795.000000,1.453371000000,547.004172,47.000000,50.000000,50,3,0.060000000000,0.035111757056,0.877793926,4.601556909,28.305627,28.816038,0.964888242944,0.035111757056,24.122206074,0.019607843137,3.060000000000,0.060000000000,1.020000000000,0.019607843137,0.000392156863,yes,0.000034951592,0.000040417838,0.001010446,15.849460,10.747146,high_risk,no,w0_high_risk,hard_fail,no,short_cavity,no,platform_too_narrow,no,1.020000000000,153,0.019607843137,0.000392156863,no,CURRENT_PLATFORM
CURRENT_PLATFORM,153.000000000000,3.000000000000,795.000000,1.453371000000,547.004172,47.000000,50.000000,50,7,0.140000000000,0.181288005126,4.532200128,9.631415535,40.951088,45.258470,0.818711994874,0.181288005126,20.467799872,0.019607843137,3.060000000000,0.060000000000,1.020000000000,0.019607843137,0.000392156863,yes,0.000065142336,0.000157705281,0.003942632,15.849460,10.747146,high_risk,yes,w0_high_risk,warning,yes,pass,no,platform_too_narrow,no,1.020000000000,153,0.019607843137,0.000392156863,no,CURRENT_PLATFORM
CURRENT_PLATFORM,153.000000000000,3.000000000000,795.000000,1.453371000000,547.004172,47.000000,50.000000,50,9,0.180000000000,0.287110354217,7.177758855,11.310338156,44.377024,52.558992,0.712889645783,0.287110354217,17.822241145,0.019607843137,3.060000000000,0.060000000000,1.020000000000,0.019607843137,0.000392156863,yes,0.000045705928,0.000129928496,0.003248212,15.849460,10.747146,high_risk,yes,w0_high_risk,warning,yes,pass,no,platform_too_narrow,no,1.020000000000,153,0.019607843137,0.000392156863,no,CURRENT_PLATFORM
CURRENT_PLATFORM,153.000000000000,3.000000000000,795.000000,1.453371000000,547.004172,47.000000,50.000000,50,11,0.220000000000,0.406309342707,10.157733568,12.278590634,46.237532,60.008744,0.593690657293,0.406309342707,14.842266432,0.019607843137,3.060000000000,0.060000000000,1.020000000000,0.019607843137,0.000392156863,yes,0.000053137786,0.000163983701,0.004099593,15.849460,10.747146,high_risk,yes,w0_high_risk,warning,yes,pass,no,platform_too_narrow,no,1.020000000000,153,0.019607843137,0.000392156863,no,CURRENT_PLATFORM
CURRENT_PLATFORM,153.000000000000,3.000000000000,795.000000,1.453371000000,547.004172,47.000000,50.000000,50,13,0.260000000000,0.531395259765,13.284881494,12.475334105,46.606498,68.083698,0.468604740235,0.468604740235,11.715118506,0.019607843137,3.060000000000,0.060000000000,1.020000000000,0.019607843137,0.000392156863,yes,0.000031574627,0.000098998828,0.002474971,15.849460,10.747146,high_risk,yes,w0_high_risk,warning,yes,pass,no,platform_too_narrow,no,1.020000000000,153,0.019607843137,0.000392156863,no,CURRENT_PLATFORM
CURRENT_PLATFORM,153.000000000000,3.000000000000,795.000000,1.453371000000,547.004172,47.000000,50.000000,50,17,0.340000000000,0.767913397489,19.197834937,10.554099069,42.867777,88.982772,0.232086602511,0.232086602511,5.802165063,0.019607843137,3.060000000000,0.060000000000,1.020000000000,0.019607843137,0.000392156863,yes,0.000139062717,0.000368958601,0.009223965,15.849460,10.747146,high_risk,yes,w0_high_risk,warning,yes,pass,no,platform_too_narrow,no,1.020000000000,153,0.019607843137,0.000392156863,no,CURRENT_PLATFORM
CURRENT_PLATFORM,153.000000000000,3.000000000000,795.000000,1.453371000000,547.004172,47.000000,50.000000,50,19,0.380000000000,0.864484313711,21.612107843,8.556838824,38.599089,104.853341,0.135515686289,0.135515686289,3.387892157,0.019607843137,3.060000000000,0.060000000000,1.020000000000,0.019607843137,0.000392156863,yes,0.000032196787,0.000069240191,0.001731005,15.849460,10.747146,high_risk,yes,w0_high_risk,warning,yes,pass,no,platform_too_narrow,no,1.020000000000,153,0.019607843137,0.000392156863,no,CURRENT_PLATFORM
CURRENT_PLATFORM,153.000000000000,3.000000000000,795.000000,1.453371000000,547.004172,47.000000,50.000000,50,21,0.420000000000,0.938153340022,23.453833501,6.021920926,32.380825,130.205636,0.061846659978,0.061846659978,1.546166499,0.019607843137,3.060000000000,0.060000000000,1.020000000000,0.019607843137,0.000392156863,yes,0.000033290056,0.000050381328,0.001259533,15.849460,10.747146,high_risk,yes,w0_high_risk,warning,yes,pass,no,platform_too_narrow,no,1.020000000000,153,0.019607843137,0.000392156863,no,CURRENT_PLATFORM
CURRENT_PLATFORM,153.000000000000,3.000000000000,795.000000,1.453371000000,547.004172,47.000000,50.000000,50,23,0.460000000000,0.984291580564,24.607289514,3.108623590,23.265075,185.625744,0.015708419436,0.015708419436,0.392710486,0.019607843137,3.060000000000,0.060000000000,1.020000000000,0.019607843137,0.000392156863,yes,0.000040764747,0.000031841151,0.000796029,15.849460,10.747146,high_risk,no,w0_high_risk,hard_fail,no,large_curved_mirror_spot,no,platform_too_narrow,no,1.020000000000,153,0.019607843137,0.000392156863,no,CURRENT_PLATFORM
CURRENT_PLATFORM,28.350000000000,3.000000000000,795.000000,1.453371000000,547.004172,47.000000,50.000000,9,1,0.111111111111,0.116977778441,2.924444461,8.034845121,37.403233,39.803689,0.883022221559,0.116977778441,22.075555539,0.105820105820,3.150000000000,0.150000000000,1.050000000000,0.047619047619,0.005291005291,yes,0.005952380952,0.011809799232,0.295244981,16.094877,11.524355,high_risk,no,w0_high_risk,hard_fail,no,short_cavity,yes,pass,no,1.050000000000,29,0.047619047619,0.005291005291,no,CURRENT_PLATFORM
CURRENT_PLATFORM,28.350000000000,3.000000000000,795.000000,1.453371000000,547.004172,47.000000,50.000000,9,2,0.222222222222,0.413175911167,10.329397779,12.310096913,46.296815,60.436200,0.586824088833,0.413175911167,14.670602221,0.105820105820,3.150000000000,0.150000000000,1.050000000000,0.047619047619,0.005291005291,yes,0.002380952381,0.007367353037,0.184183826,16.094877,11.524355,high_risk,yes,w0_high_risk,warning,yes,pass,yes,pass,yes,1.050000000000,29,0.047619047619,0.005291005291,no,CURRENT_PLATFORM
CURRENT_PLATFORM,28.350000000000,3.000000000000,795.000000,1.453371000000,547.004172,47.000000,50.000000,9,4,0.444444444444,0.969846310393,24.246157760,4.275251792,27.283572,157.119830,0.030153689607,0.030153689607,0.753842240,0.105820105820,3.150000000000,0.150000000000,1.050000000000,0.047619047619,0.005291005291,yes,0.003401360544,0.003594978620,0.089874465,16.094877,11.524355,high_risk,yes,w0_high_risk,warning,yes,pass,no,platform_too_narrow,no,1.050000000000,29,0.047619047619,0.005291005291,no,CURRENT_PLATFORM
CURRENT_PLATFORM,37.800000000000,3.000000000000,795.000000,1.453371000000,547.004172,47.000000,50.000000,12,1,0.083333333333,0.066987298108,1.674682453,6.250000000,32.988335,34.152037,0.933012701892,0.066987298108,23.325317547,0.079365079365,3.150000000000,0.150000000000,1.050000000000,0.047619047619,0.003968253968,yes,0.004329004329,0.006665862005,0.166646550,16.094877,11.360134,high_risk,no,w0_high_risk,hard_fail,no,short_cavity,yes,pass,no,1.050000000000,38,0.047619047619,0.003968253968,no,CURRENT_PLATFORM
CURRENT_PLATFORM,37.800000000000,3.000000000000,795.000000,1.453371000000,547.004172,47.000000,50.000000,12,5,0.416666666667,0.933012701892,23.325317547,6.250000000,32.988335,127.457138,0.066987298108,0.066987298108,1.674682453,0.079365079365,3.150000000000,0.150000000000,1.050000000000,0.047619047619,0.003968253968,yes,0.001360544218,0.002139767767,0.053494194,16.094877,11.360134,high_risk,yes,w0_high_risk,warning,yes,pass,no,platform_too_narrow,no,1.050000000000,38,0.047619047619,0.003968253968,no,CURRENT_PLATFORM
CURRENT_PLATFORM,94.500000000000,3.000000000000,795.000000,1.453371000000,547.004172,47.000000,50.000000,30,1,0.033333333333,0.010926199633,0.273154991,2.598896135,21.272319,21.389493,0.989073800367,0.010926199633,24.726845009,0.031746031746,3.150000000000,0.150000000000,1.050000000000,0.047619047619,0.001587301587,yes,0.001642036125,0.001048223647,0.026205591,16.094877,11.068766,high_risk,no,w0_high_risk,hard_fail,no,short_cavity,no,platform_too_narrow,no,1.050000000000,95,0.047619047619,0.001587301587,no,CURRENT_PLATFORM
CURRENT_PLATFORM,94.500000000000,3.000000000000,795.000000,1.453371000000,547.004172,47.000000,50.000000,30,7,0.233333333333,0.447735768366,11.193394209,12.431523692,46.524591,62.605012,0.552264231634,0.447735768366,13.806605791,0.031746031746,3.150000000000,0.150000000000,1.050000000000,0.047619047619,0.001587301587,yes,0.000215470804,0.000673206807,0.016830170,16.094877,11.068766,high_risk,yes,w0_high_risk,warning,yes,pass,no,platform_too_narrow,no,1.050000000000,95,0.047619047619,0.001587301587,no,CURRENT_PLATFORM
CURRENT_PLATFORM,94.500000000000,3.000000000000,795.000000,1.453371000000,547.004172,47.000000,50.000000,30,11,0.366666666667,0.834565303179,20.864132579,9.289310318,40.217227,98.877805,0.165434696821,0.165434696821,4.135867421,0.031746031746,3.150000000000,0.150000000000,1.050000000000,0.047619047619,0.001587301587,yes,0.000227842333,0.000532025366,0.013300634,16.094877,11.068766,high_risk,yes,w0_high_risk,warning,yes,pass,no,platform_too_narrow,no,1.050000000000,95,0.047619047619,0.001587301587,no,CURRENT_PLATFORM
CURRENT_PLATFORM,94.500000000000,3.000000000000,795.000000,1.453371000000,547.004172,47.000000,50.000000,30,13,0.433333333333,0.956772728821,23.919318221,5.084208038,29.753087,143.104447,0.043227271179,0.043227271179,1.080681779,0.031746031746,3.150000000000,0.150000000000,1.050000000000,0.047619047619,0.001587301587,yes,0.000295770482,0.000378356339,0.009458908,16.094877,11.068766,high_risk,yes,w0_high_risk,warning,yes,pass,no,platform_too_narrow,no,1.050000000000,95,0.047619047619,0.001587301587,no,CURRENT_PLATFORM
CURRENT_PLATFORM,157.500000000000,3.000000000000,795.000000,1.453371000000,547.004172,47.000000,50.000000,50,1,0.020000000000,0.003942649343,0.098566234,1.566665420,16.516138,16.548794,0.996057350657,0.003942649343,24.901433766,0.019047619048,3.150000000000,0.150000000000,1.050000000000,0.047619047619,0.000952380952,yes,0.000971817298,0.000373769196,0.009344230,16.094877,10.994658,high_risk,no,w0_high_risk,hard_fail,no,short_cavity,no,platform_too_narrow,no,1.050000000000,158,0.047619047619,0.000952380952,no,CURRENT_PLATFORM
CURRENT_PLATFORM,157.500000000000,3.000000000000,795.000000,1.453371000000,547.004172,47.000000,50.000000,50,3,0.060000000000,0.035111757056,0.877793926,4.601556909,28.305627,28.816038,0.964888242944,0.035111757056,24.122206074,0.019047619048,3.150000000000,0.150000000000,1.050000000000,0.047619047619,0.000952380952,yes,0.000084882438,0.000098145159,0.002453629,16.094877,10.994658,high_risk,no,w0_high_risk,hard_fail,no,short_cavity,no,platform_too_narrow,no,1.050000000000,158,0.047619047619,0.000952380952,no,CURRENT_PLATFORM
CURRENT_PLATFORM,157.500000000000,3.000000000000,795.000000,1.453371000000,547.004172,47.000000,50.000000,50,7,0.140000000000,0.181288005126,4.532200128,9.631415535,40.951088,45.258470,0.818711994874,0.181288005126,20.467799872,0.019047619048,3.150000000000,0.150000000000,1.050000000000,0.047619047619,0.000952380952,yes,0.000158202816,0.000383065193,0.009576630,16.094877,10.994658,high_risk,yes,w0_high_risk,warning,yes,pass,no,platform_too_narrow,no,1.050000000000,158,0.047619047619,0.000952380952,no,CURRENT_PLATFORM
CURRENT_PLATFORM,157.500000000000,3.000000000000,795.000000,1.453371000000,547.004172,47.000000,50.000000,50,9,0.180000000000,0.287110354217,7.177758855,11.310338156,44.377024,52.558992,0.712889645783,0.287110354217,17.822241145,0.019047619048,3.150000000000,0.150000000000,1.050000000000,0.047619047619,0.000952380952,yes,0.000111000111,0.000315557678,0.007888942,16.094877,10.994658,high_risk,yes,w0_high_risk,warning,yes,pass,no,platform_too_narrow,no,1.050000000000,158,0.047619047619,0.000952380952,no,CURRENT_PLATFORM
CURRENT_PLATFORM,157.500000000000,3.000000000000,795.000000,1.453371000000,547.004172,47.000000,50.000000,50,11,0.220000000000,0.406309342707,10.157733568,12.278590634,46.237532,60.008744,0.593690657293,0.406309342707,14.842266432,0.019047619048,3.150000000000,0.150000000000,1.050000000000,0.047619047619,0.000952380952,yes,0.000129048910,0.000398257706,0.009956443,16.094877,10.994658,high_risk,yes,w0_high_risk,warning,yes,pass,no,platform_too_narrow,no,1.050000000000,158,0.047619047619,0.000952380952,no,CURRENT_PLATFORM
CURRENT_PLATFORM,157.500000000000,3.000000000000,795.000000,1.453371000000,547.004172,47.000000,50.000000,50,13,0.260000000000,0.531395259765,13.284881494,12.475334105,46.606498,68.083698,0.468604740235,0.468604740235,11.715118506,0.019047619048,3.150000000000,0.150000000000,1.050000000000,0.047619047619,0.000952380952,yes,0.000076681236,0.000240425551,0.006010639,16.094877,10.994658,high_risk,yes,w0_high_risk,warning,yes,pass,no,platform_too_narrow,no,1.050000000000,158,0.047619047619,0.000952380952,no,CURRENT_PLATFORM
CURRENT_PLATFORM,157.500000000000,3.000000000000,795.000000,1.453371000000,547.004172,47.000000,50.000000,50,17,0.340000000000,0.767913397489,19.197834937,10.554099069,42.867777,88.982772,0.232086602511,0.232086602511,5.802165063,0.019047619048,3.150000000000,0.150000000000,1.050000000000,0.047619047619,0.000952380952,yes,0.000337723742,0.000896354086,0.022408852,16.094877,10.994658,high_risk,yes,w0_high_risk,warning,yes,pass,no,platform_too_narrow,no,1.050000000000,158,0.047619047619,0.000952380952,no,CURRENT_PLATFORM
CURRENT_PLATFORM,157.500000000000,3.000000000000,795.000000,1.453371000000,547.004172,47.000000,50.000000,50,19,0.380000000000,0.864484313711,21.612107843,8.556838824,38.599089,104.853341,0.135515686289,0.135515686289,3.387892157,0.019047619048,3.150000000000,0.150000000000,1.050000000000,0.047619047619,0.000952380952,yes,0.000078192196,0.000168150608,0.004203765,16.094877,10.994658,high_risk,yes,w0_high_risk,warning,yes,pass,no,platform_too_narrow,no,1.050000000000,158,0.047619047619,0.000952380952,no,CURRENT_PLATFORM
CURRENT_PLATFORM,157.500000000000,3.000000000000,795.000000,1.453371000000,547.004172,47.000000,50.000000,50,21,0.420000000000,0.938153340022,23.453833501,6.021920926,32.380825,130.205636,0.061846659978,0.061846659978,1.546166499,0.019047619048,3.150000000000,0.150000000000,1.050000000000,0.047619047619,0.000952380952,yes,0.000080847279,0.000122346671,0.003058667,16.094877,10.994658,high_risk,yes,w0_high_risk,warning,yes,pass,no,platform_too_narrow,no,1.050000000000,158,0.047619047619,0.000952380952,no,CURRENT_PLATFORM
CURRENT_PLATFORM,157.500000000000,3.000000000000,795.000000,1.453371000000,547.004172,47.000000,50.000000,50,23,0.460000000000,0.984291580564,24.607289514,3.108623590,23.265075,185.625744,0.015708419436,0.015708419436,0.392710486,0.019047619048,3.150000000000,0.150000000000,1.050000000000,0.047619047619,0.000952380952,yes,0.000099000099,0.000077302052,0.001932551,16.094877,10.994658,high_risk,no,w0_high_risk,hard_fail,no,large_curved_mirror_spot,no,platform_too_narrow,no,1.050000000000,158,0.047619047619,0.000952380952,no,CURRENT_PLATFORM
CURRENT_PLATFORM,29.700000000000,3.000000000000,795.000000,1.453371000000,547.004172,47.000000,50.000000,9,1,0.111111111111,0.116977778441,2.924444461,8.034845121,37.403233,39.803689,0.883022221559,0.116977778441,22.075555539,0.101010101010,3.300000000000,0.300000000000,1.100000000000,0.090909090909,0.010101010101,yes,0.011363636364,0.022174651848,0.554366296,16.489452,11.921251,high_risk,no,w0_high_risk,hard_fail,no,short_cavity,yes,pass,no,1.100000000000,30,0.090909090909,0.010101010101,no,CURRENT_PLATFORM
CURRENT_PLATFORM,29.700000000000,3.000000000000,795.000000,1.453371000000,547.004172,47.000000,50.000000,9,2,0.222222222222,0.413175911167,10.329397779,12.310096913,46.296815,60.436200,0.586824088833,0.413175911167,14.670602221,0.101010101010,3.300000000000,0.300000000000,1.100000000000,0.090909090909,0.010101010101,yes,0.004545454545,0.014066460479,0.351661512,16.489452,11.921251,high_risk,yes,w0_high_risk,warning,yes,pass,yes,pass,yes,1.100000000000,30,0.090909090909,0.010101010101,no,CURRENT_PLATFORM
CURRENT_PLATFORM,29.700000000000,3.000000000000,795.000000,1.453371000000,547.004172,47.000000,50.000000,9,4,0.444444444444,0.969846310393,24.246157760,4.275251792,27.283572,157.119830,0.030153689607,0.030153689607,0.753842240,0.101010101010,3.300000000000,0.300000000000,1.100000000000,0.090909090909,0.010101010101,yes,0.006493506494,0.006759026430,0.168975661,16.489452,11.921251,high_risk,yes,w0_high_risk,warning,yes,pass,yes,pass,yes,1.100000000000,30,0.090909090909,0.010101010101,no,CURRENT_PLATFORM
CURRENT_PLATFORM,39.600000000000,3.000000000000,795.000000,1.453371000000,547.004172,47.000000,50.000000,12,1,0.083333333333,0.066987298108,1.674682453,6.250000000,32.988335,34.152037,0.933012701892,0.066987298108,23.325317547,0.075757575758,3.300000000000,0.300000000000,1.100000000000,0.090909090909,0.007575757576,yes,0.008264462810,0.012490888830,0.312272221,16.489452,11.757283,high_risk,no,w0_high_risk,hard_fail,no,short_cavity,yes,pass,no,1.100000000000,40,0.090909090909,0.007575757576,no,CURRENT_PLATFORM
CURRENT_PLATFORM,39.600000000000,3.000000000000,795.000000,1.453371000000,547.004172,47.000000,50.000000,12,5,0.416666666667,0.933012701892,23.325317547,6.250000000,32.988335,127.457138,0.066987298108,0.066987298108,1.674682453,0.075757575758,3.300000000000,0.300000000000,1.100000000000,0.090909090909,0.007575757576,yes,0.002597402597,0.004089552057,0.102238801,16.489452,11.757283,high_risk,yes,w0_high_risk,warning,yes,pass,yes,pass,yes,1.100000000000,40,0.090909090909,0.007575757576,no,CURRENT_PLATFORM
CURRENT_PLATFORM,99.000000000000,3.000000000000,795.000000,1.453371000000,547.004172,47.000000,50.000000,30,1,0.033333333333,0.010926199633,0.273154991,2.598896135,21.272319,21.389493,0.989073800367,0.010926199633,24.726845009,0.030303030303,3.300000000000,0.300000000000,1.100000000000,0.090909090909,0.003030303030,yes,0.003134796238,0.001958905899,0.048972647,16.489452,11.466354,high_risk,no,w0_high_risk,hard_fail,no,short_cavity,no,platform_too_narrow,no,1.100000000000,99,0.090909090909,0.003030303030,no,CURRENT_PLATFORM
CURRENT_PLATFORM,99.000000000000,3.000000000000,795.000000,1.453371000000,547.004172,47.000000,50.000000,30,7,0.233333333333,0.447735768366,11.193394209,12.431523692,46.524591,62.605012,0.552264231634,0.447735768366,13.806605791,0.030303030303,3.300000000000,0.300000000000,1.100000000000,0.090909090909,0.003030303030,yes,0.000411353353,0.001285201638,0.032130041,16.489452,11.466354,high_risk,yes,w0_high_risk,warning,yes,pass,no,platform_too_narrow,no,1.100000000000,99,0.090909090909,0.003030303030,no,CURRENT_PLATFORM
CURRENT_PLATFORM,99.000000000000,3.000000000000,795.000000,1.453371000000,547.004172,47.000000,50.000000,30,11,0.366666666667,0.834565303179,20.864132579,9.289310318,40.217227,98.877805,0.165434696821,0.165434696821,4.135867421,0.030303030303,3.300000000000,0.300000000000,1.100000000000,0.090909090909,0.003030303030,yes,0.000434971727,0.001015843177,0.025396079,16.489452,11.466354,high_risk,yes,w0_high_risk,warning,yes,pass,no,platform_too_narrow,no,1.100000000000,99,0.090909090909,0.003030303030,no,CURRENT_PLATFORM
CURRENT_PLATFORM,99.000000000000,3.000000000000,795.000000,1.453371000000,547.004172,47.000000,50.000000,30,13,0.433333333333,0.956772728821,23.919318221,5.084208038,29.753087,143.104447,0.043227271179,0.043227271179,1.080681779,0.030303030303,3.300000000000,0.300000000000,1.100000000000,0.090909090909,0.003030303030,yes,0.000564652739,0.000723046221,0.018076156,16.489452,11.466354,high_risk,yes,w0_high_risk,warning,yes,pass,no,platform_too_narrow,no,1.100000000000,99,0.090909090909,0.003030303030,no,CURRENT_PLATFORM
CURRENT_PLATFORM,165.000000000000,3.000000000000,795.000000,1.453371000000,547.004172,47.000000,50.000000,50,1,0.020000000000,0.003942649343,0.098566234,1.566665420,16.516138,16.548794,0.996057350657,0.003942649343,24.901433766,0.018181818182,3.300000000000,0.300000000000,1.100000000000,0.090909090909,0.001818181818,yes,0.001855287570,0.000698140739,0.017453518,16.489452,11.392355,high_risk,no,w0_high_risk,hard_fail,no,short_cavity,no,platform_too_narrow,no,1.100000000000,165,0.090909090909,0.001818181818,no,CURRENT_PLATFORM
CURRENT_PLATFORM,165.000000000000,3.000000000000,795.000000,1.453371000000,547.004172,47.000000,50.000000,50,3,0.060000000000,0.035111757056,0.877793926,4.601556909,28.305627,28.816038,0.964888242944,0.035111757056,24.122206074,0.018181818182,3.300000000000,0.300000000000,1.100000000000,0.090909090909,0.001818181818,yes,0.000162048290,0.000187331303,0.004683283,16.489452,11.392355,high_risk,no,w0_high_risk,hard_fail,no,short_cavity,no,platform_too_narrow,no,1.100000000000,165,0.090909090909,0.001818181818,no,CURRENT_PLATFORM
CURRENT_PLATFORM,165.000000000000,3.000000000000,795.000000,1.453371000000,547.004172,47.000000,50.000000,50,7,0.140000000000,0.181288005126,4.532200128,9.631415535,40.951088,45.258470,0.818711994874,0.181288005126,20.467799872,0.018181818182,3.300000000000,0.300000000000,1.100000000000,0.090909090909,0.001818181818,yes,0.000302023558,0.000731502828,0.018287571,16.489452,11.392355,high_risk,yes,w0_high_risk,warning,yes,pass,no,platform_too_narrow,no,1.100000000000,165,0.090909090909,0.001818181818,no,CURRENT_PLATFORM
CURRENT_PLATFORM,165.000000000000,3.000000000000,795.000000,1.453371000000,547.004172,47.000000,50.000000,50,9,0.180000000000,0.287110354217,7.177758855,11.310338156,44.377024,52.558992,0.712889645783,0.287110354217,17.822241145,0.018181818182,3.300000000000,0.300000000000,1.100000000000,0.090909090909,0.001818181818,yes,0.000211909303,0.000602478553,0.015061964,16.489452,11.392355,high_risk,yes,w0_high_risk,warning,yes,pass,no,platform_too_narrow,no,1.100000000000,165,0.090909090909,0.001818181818,no,CURRENT_PLATFORM
CURRENT_PLATFORM,165.000000000000,3.000000000000,795.000000,1.453371000000,547.004172,47.000000,50.000000,50,11,0.220000000000,0.406309342707,10.157733568,12.278590634,46.237532,60.008744,0.593690657293,0.406309342707,14.842266432,0.018181818182,3.300000000000,0.300000000000,1.100000000000,0.090909090909,0.001818181818,yes,0.000246366100,0.000760344253,0.019008606,16.489452,11.392355,high_risk,yes,w0_high_risk,warning,yes,pass,no,platform_too_narrow,no,1.100000000000,165,0.090909090909,0.001818181818,no,CURRENT_PLATFORM
CURRENT_PLATFORM,165.000000000000,3.000000000000,795.000000,1.453371000000,547.004172,47.000000,50.000000,50,13,0.260000000000,0.531395259765,13.284881494,12.475334105,46.606498,68.083698,0.468604740235,0.468604740235,11.715118506,0.018181818182,3.300000000000,0.300000000000,1.100000000000,0.090909090909,0.001818181818,yes,0.000146391451,0.000458993715,0.011474843,16.489452,11.392355,high_risk,yes,w0_high_risk,warning,yes,pass,no,platform_too_narrow,no,1.100000000000,165,0.090909090909,0.001818181818,no,CURRENT_PLATFORM
CURRENT_PLATFORM,165.000000000000,3.000000000000,795.000000,1.453371000000,547.004172,47.000000,50.000000,50,17,0.340000000000,0.767913397489,19.197834937,10.554099069,42.867777,88.982772,0.232086602511,0.232086602511,5.802165063,0.018181818182,3.300000000000,0.300000000000,1.100000000000,0.090909090909,0.001818181818,yes,0.000644745326,0.001712139837,0.042803496,16.489452,11.392355,high_risk,yes,w0_high_risk,warning,yes,pass,no,platform_too_narrow,no,1.100000000000,165,0.090909090909,0.001818181818,no,CURRENT_PLATFORM
CURRENT_PLATFORM,165.000000000000,3.000000000000,795.000000,1.453371000000,547.004172,47.000000,50.000000,50,19,0.380000000000,0.864484313711,21.612107843,8.556838824,38.599089,104.853341,0.135515686289,0.135515686289,3.387892157,0.018181818182,3.300000000000,0.300000000000,1.100000000000,0.090909090909,0.001818181818,yes,0.000149276011,0.000321002573,0.008025064,16.489452,11.392355,high_risk,yes,w0_high_risk,warning,yes,pass,no,platform_too_narrow,no,1.100000000000,165,0.090909090909,0.001818181818,no,CURRENT_PLATFORM
CURRENT_PLATFORM,165.000000000000,3.000000000000,795.000000,1.453371000000,547.004172,47.000000,50.000000,50,21,0.420000000000,0.938153340022,23.453833501,6.021920926,32.380825,130.205636,0.061846659978,0.061846659978,1.546166499,0.018181818182,3.300000000000,0.300000000000,1.100000000000,0.090909090909,0.001818181818,yes,0.000154344806,0.000233547362,0.005838684,16.489452,11.392355,high_risk,yes,w0_high_risk,warning,yes,pass,no,platform_too_narrow,no,1.100000000000,165,0.090909090909,0.001818181818,no,CURRENT_PLATFORM
CURRENT_PLATFORM,165.000000000000,3.000000000000,795.000000,1.453371000000,547.004172,47.000000,50.000000,50,23,0.460000000000,0.984291580564,24.607289514,3.108623590,23.265075,185.625744,0.015708419436,0.015708419436,0.392710486,0.018181818182,3.300000000000,0.300000000000,1.100000000000,0.090909090909,0.001818181818,yes,0.000189000189,0.000147498583,0.003687465,16.489452,11.392355,high_risk,no,w0_high_risk,hard_fail,no,large_curved_mirror_spot,no,platform_too_narrow,no,1.100000000000,165,0.090909090909,0.001818181818,no,CURRENT_PLATFORM
CURRENT_PLATFORM,31.050000000000,3.000000000000,795.000000,1.453371000000,547.004172,47.000000,50.000000,9,1,0.111111111111,0.116977778441,2.924444461,8.034845121,37.403233,39.803689,0.883022221559,0.116977778441,22.075555539,0.096618357488,3.450000000000,0.450000000000,1.150000000000,0.130434782609,0.014492753623,yes,0.016304347826,0.031322004899,0.783050122,16.867256,12.301083,high_risk,no,w0_high_risk,hard_fail,no,short_cavity,yes,pass,no,1.150000000000,32,0.130434782609,0.014492753623,no,CURRENT_PLATFORM
CURRENT_PLATFORM,31.050000000000,3.000000000000,795.000000,1.453371000000,547.004172,47.000000,50.000000,9,2,0.222222222222,0.413175911167,10.329397779,12.310096913,46.296815,60.436200,0.586824088833,0.413175911167,14.670602221,0.096618357488,3.450000000000,0.450000000000,1.150000000000,0.130434782609,0.014492753623,yes,0.006521739130,0.020184014053,0.504600351,16.867256,12.301083,high_risk,yes,w0_high_risk,warning,yes,pass,yes,pass,yes,1.150000000000,32,0.130434782609,0.014492753623,no,CURRENT_PLATFORM
CURRENT_PLATFORM,31.050000000000,3.000000000000,795.000000,1.453371000000,547.004172,47.000000,50.000000,9,4,0.444444444444,0.969846310393,24.246157760,4.275251792,27.283572,157.119830,0.030153689607,0.030153689607,0.753842240,0.096618357488,3.450000000000,0.450000000000,1.150000000000,0.130434782609,0.014492753623,yes,0.009316770186,0.009560845174,0.239021129,16.867256,12.301083,high_risk,yes,w0_high_risk,warning,yes,pass,yes,pass,yes,1.150000000000,32,0.130434782609,0.014492753623,no,CURRENT_PLATFORM
CURRENT_PLATFORM,41.400000000000,3.000000000000,795.000000,1.453371000000,547.004172,47.000000,50.000000,12,1,0.083333333333,0.066987298108,1.674682453,6.250000000,32.988335,34.152037,0.933012701892,0.066987298108,23.325317547,0.072463768116,3.450000000000,0.450000000000,1.150000000000,0.130434782609,0.010869565217,yes,0.011857707510,0.017611656901,0.440291423,16.867256,12.137336,high_risk,no,w0_high_risk,hard_fail,no,short_cavity,yes,pass,no,1.150000000000,42,0.130434782609,0.010869565217,no,CURRENT_PLATFORM
CURRENT_PLATFORM,41.400000000000,3.000000000000,795.000000,1.453371000000,547.004172,47.000000,50.000000,12,5,0.416666666667,0.933012701892,23.325317547,6.250000000,32.988335,127.457138,0.066987298108,0.066987298108,1.674682453,0.072463768116,3.450000000000,0.450000000000,1.150000000000,0.130434782609,0.010869565217,yes,0.003726708075,0.005873538730,0.146838468,16.867256,12.137336,high_risk,yes,w0_high_risk,warning,yes,pass,yes,pass,yes,1.150000000000,42,0.130434782609,0.010869565217,no,CURRENT_PLATFORM
CURRENT_PLATFORM,103.500000000000,3.000000000000,795.000000,1.453371000000,547.004172,47.000000,50.000000,30,1,0.033333333333,0.010926199633,0.273154991,2.598896135,21.272319,21.389493,0.989073800367,0.010926199633,24.726845009,0.028985507246,3.450000000000,0.450000000000,1.150000000000,0.130434782609,0.004347826087,yes,0.004497751124,0.002755194544,0.068879864,16.867256,11.846790,high_risk,no,w0_high_risk,hard_fail,no,short_cavity,no,platform_too_narrow,no,1.150000000000,104,0.130434782609,0.004347826087,no,CURRENT_PLATFORM
CURRENT_PLATFORM,103.500000000000,3.000000000000,795.000000,1.453371000000,547.004172,47.000000,50.000000,30,7,0.233333333333,0.447735768366,11.193394209,12.431523692,46.524591,62.605012,0.552264231634,0.447735768366,13.806605791,0.028985507246,3.450000000000,0.450000000000,1.150000000000,0.130434782609,0.004347826087,yes,0.000590202636,0.001843969866,0.046099247,16.867256,11.846790,high_risk,yes,w0_high_risk,warning,yes,pass,no,platform_too_narrow,no,1.150000000000,104,0.130434782609,0.004347826087,no,CURRENT_PLATFORM
CURRENT_PLATFORM,103.500000000000,3.000000000000,795.000000,1.453371000000,547.004172,47.000000,50.000000,30,11,0.366666666667,0.834565303179,20.864132579,9.289310318,40.217227,98.877805,0.165434696821,0.165434696821,4.135867421,0.028985507246,3.450000000000,0.450000000000,1.150000000000,0.130434782609,0.004347826087,yes,0.000624089869,0.001457721395,0.036443035,16.867256,11.846790,high_risk,yes,w0_high_risk,warning,yes,pass,no,platform_too_narrow,no,1.150000000000,104,0.130434782609,0.004347826087,no,CURRENT_PLATFORM
CURRENT_PLATFORM,103.500000000000,3.000000000000,795.000000,1.453371000000,547.004172,47.000000,50.000000,30,13,0.433333333333,0.956772728821,23.919318221,5.084208038,29.753087,143.104447,0.043227271179,0.043227271179,1.080681779,0.028985507246,3.450000000000,0.450000000000,1.150000000000,0.130434782609,0.004347826087,yes,0.000810153929,0.001038369498,0.025959237,16.867256,11.846790,high_risk,yes,w0_high_risk,warning,yes,pass,no,platform_too_narrow,no,1.150000000000,104,0.130434782609,0.004347826087,no,CURRENT_PLATFORM
CURRENT_PLATFORM,172.500000000000,3.000000000000,795.000000,1.453371000000,547.004172,47.000000,50.000000,50,1,0.020000000000,0.003942649343,0.098566234,1.566665420,16.516138,16.548794,0.996057350657,0.003942649343,24.901433766,0.017391304348,3.450000000000,0.450000000000,1.150000000000,0.130434782609,0.002608695652,yes,0.002661934339,0.000981473230,0.024536831,16.867256,11.772887,high_risk,no,w0_high_risk,hard_fail,no,short_cavity,no,platform_too_narrow,no,1.150000000000,173,0.130434782609,0.002608695652,no,CURRENT_PLATFORM
CURRENT_PLATFORM,172.500000000000,3.000000000000,795.000000,1.453371000000,547.004172,47.000000,50.000000,50,3,0.060000000000,0.035111757056,0.877793926,4.601556909,28.305627,28.816038,0.964888242944,0.035111757056,24.122206074,0.017391304348,3.450000000000,0.450000000000,1.150000000000,0.130434782609,0.002608695652,yes,0.000232504069,0.000268731576,0.006718289,16.867256,11.772887,high_risk,no,w0_high_risk,hard_fail,no,short_cavity,no,platform_too_narrow,no,1.150000000000,173,0.130434782609,0.002608695652,no,CURRENT_PLATFORM
CURRENT_PLATFORM,172.500000000000,3.000000000000,795.000000,1.453371000000,547.004172,47.000000,50.000000,50,7,0.140000000000,0.181288005126,4.532200128,9.631415535,40.951088,45.258470,0.818711994874,0.181288005126,20.467799872,0.017391304348,3.450000000000,0.450000000000,1.150000000000,0.130434782609,0.002608695652,yes,0.000433338148,0.001049804861,0.026245122,16.867256,11.772887,high_risk,yes,w0_high_risk,warning,yes,pass,no,platform_too_narrow,no,1.150000000000,173,0.130434782609,0.002608695652,no,CURRENT_PLATFORM
CURRENT_PLATFORM,172.500000000000,3.000000000000,795.000000,1.453371000000,547.004172,47.000000,50.000000,50,9,0.180000000000,0.287110354217,7.177758855,11.310338156,44.377024,52.558992,0.712889645783,0.287110354217,17.822241145,0.017391304348,3.450000000000,0.450000000000,1.150000000000,0.130434782609,0.002608695652,yes,0.000304043782,0.000864491541,0.021612289,16.867256,11.772887,high_risk,yes,w0_high_risk,warning,yes,pass,no,platform_too_narrow,no,1.150000000000,173,0.130434782609,0.002608695652,no,CURRENT_PLATFORM
CURRENT_PLATFORM,172.500000000000,3.000000000000,795.000000,1.453371000000,547.004172,47.000000,50.000000,50,11,0.220000000000,0.406309342707,10.157733568,12.278590634,46.237532,60.008744,0.593690657293,0.406309342707,14.842266432,0.017391304348,3.450000000000,0.450000000000,1.150000000000,0.130434782609,0.002608695652,yes,0.000353481796,0.001090973269,0.027274332,16.867256,11.772887,high_risk,yes,w0_high_risk,warning,yes,pass,no,platform_too_narrow,no,1.150000000000,173,0.130434782609,0.002608695652,no,CURRENT_PLATFORM
CURRENT_PLATFORM,172.500000000000,3.000000000000,795.000000,1.453371000000,547.004172,47.000000,50.000000,50,13,0.260000000000,0.531395259765,13.284881494,12.475334105,46.606498,68.083698,0.468604740235,0.468604740235,11.715118506,0.017391304348,3.450000000000,0.450000000000,1.150000000000,0.130434782609,0.002608695652,yes,0.000210039908,0.000658555512,0.016463888,16.867256,11.772887,high_risk,yes,w0_high_risk,warning,yes,pass,no,platform_too_narrow,no,1.150000000000,173,0.130434782609,0.002608695652,no,CURRENT_PLATFORM
CURRENT_PLATFORM,172.500000000000,3.000000000000,795.000000,1.453371000000,547.004172,47.000000,50.000000,50,17,0.340000000000,0.767913397489,19.197834937,10.554099069,42.867777,88.982772,0.232086602511,0.232086602511,5.802165063,0.017391304348,3.450000000000,0.450000000000,1.150000000000,0.130434782609,0.002608695652,yes,0.000925069380,0.002457749369,0.061443734,16.867256,11.772887,high_risk,yes,w0_high_risk,warning,yes,pass,no,platform_too_narrow,no,1.150000000000,173,0.130434782609,0.002608695652,no,CURRENT_PLATFORM
CURRENT_PLATFORM,172.500000000000,3.000000000000,795.000000,1.453371000000,547.004172,47.000000,50.000000,50,19,0.380000000000,0.864484313711,21.612107843,8.556838824,38.599089,104.853341,0.135515686289,0.135515686289,3.387892157,0.017391304348,3.450000000000,0.450000000000,1.150000000000,0.130434782609,0.002608695652,yes,0.000214178625,0.000460552888,0.011513822,16.867256,11.772887,high_risk,yes,w0_high_risk,warning,yes,pass,no,platform_too_narrow,no,1.150000000000,173,0.130434782609,0.002608695652,no,CURRENT_PLATFORM
CURRENT_PLATFORM,172.500000000000,3.000000000000,795.000000,1.453371000000,547.004172,47.000000,50.000000,50,21,0.420000000000,0.938153340022,23.453833501,6.021920926,32.380825,130.205636,0.061846659978,0.061846659978,1.546166499,0.017391304348,3.450000000000,0.450000000000,1.150000000000,0.130434782609,0.002608695652,yes,0.000221451244,0.000335058830,0.008376471,16.867256,11.772887,high_risk,yes,w0_high_risk,warning,yes,pass,no,platform_too_narrow,no,1.150000000000,173,0.130434782609,0.002608695652,no,CURRENT_PLATFORM
CURRENT_PLATFORM,172.500000000000,3.000000000000,795.000000,1.453371000000,547.004172,47.000000,50.000000,50,23,0.460000000000,0.984291580564,24.607289514,3.108623590,23.265075,185.625744,0.015708419436,0.015708419436,0.392710486,0.017391304348,3.450000000000,0.450000000000,1.150000000000,0.130434782609,0.002608695652,yes,0.000271174184,0.000211526130,0.005288153,16.867256,11.772887,high_risk,no,w0_high_risk,hard_fail,no,large_curved_mirror_spot,no,platform_too_narrow,no,1.150000000000,173,0.130434782609,0.002608695652,no,CURRENT_PLATFORM
CURRENT_PLATFORM,32.400000000000,3.000000000000,795.000000,1.453371000000,547.004172,47.000000,50.000000,9,1,0.111111111111,0.116977778441,2.924444461,8.034845121,37.403233,39.803689,0.883022221559,0.116977778441,22.075555539,0.092592592593,3.600000000000,0.600000000000,1.200000000000,0.166666666667,0.018518518519,yes,0.020833333333,0.039436514273,0.985912857,17.229628,12.665237,high_risk,no,w0_high_risk,hard_fail,no,short_cavity,yes,pass,no,1.200000000000,33,0.166666666667,0.018518518519,no,CURRENT_PLATFORM
CURRENT_PLATFORM,32.400000000000,3.000000000000,795.000000,1.453371000000,547.004172,47.000000,50.000000,9,2,0.222222222222,0.413175911167,10.329397779,12.310096913,46.296815,60.436200,0.586824088833,0.413175911167,14.670602221,0.092592592593,3.600000000000,0.600000000000,1.200000000000,0.166666666667,0.018518518519,yes,0.008333333333,0.025792375113,0.644809378,17.229628,12.665237,high_risk,yes,w0_high_risk,warning,yes,pass,yes,pass,yes,1.200000000000,33,0.166666666667,0.018518518519,no,CURRENT_PLATFORM
CURRENT_PLATFORM,32.400000000000,3.000000000000,795.000000,1.453371000000,547.004172,47.000000,50.000000,9,4,0.444444444444,0.969846310393,24.246157760,4.275251792,27.283572,157.119830,0.030153689607,0.030153689607,0.753842240,0.092592592593,3.600000000000,0.600000000000,1.200000000000,0.166666666667,0.018518518519,yes,0.011904761905,0.012055782698,0.301394567,17.229628,12.665237,high_risk,yes,w0_high_risk,warning,yes,pass,yes,pass,yes,1.200000000000,33,0.166666666667,0.018518518519,no,CURRENT_PLATFORM
CURRENT_PLATFORM,43.200000000000,3.000000000000,795.000000,1.453371000000,547.004172,47.000000,50.000000,12,1,0.083333333333,0.066987298108,1.674682453,6.250000000,32.988335,34.152037,0.933012701892,0.066987298108,23.325317547,0.069444444444,3.600000000000,0.600000000000,1.200000000000,0.166666666667,0.013888888889,yes,0.015151515152,0.022138125811,0.553453145,17.229628,12.501683,high_risk,no,w0_high_risk,hard_fail,no,short_cavity,yes,pass,no,1.200000000000,44,0.166666666667,0.013888888889,no,CURRENT_PLATFORM
CURRENT_PLATFORM,43.200000000000,3.000000000000,795.000000,1.453371000000,547.004172,47.000000,50.000000,12,5,0.416666666667,0.933012701892,23.325317547,6.250000000,32.988335,127.457138,0.066987298108,0.066987298108,1.674682453,0.069444444444,3.600000000000,0.600000000000,1.200000000000,0.166666666667,0.013888888889,yes,0.004761904762,0.007511981847,0.187799546,17.229628,12.501683,high_risk,yes,w0_high_risk,warning,yes,pass,yes,pass,yes,1.200000000000,44,0.166666666667,0.013888888889,no,CURRENT_PLATFORM
CURRENT_PLATFORM,108.000000000000,3.000000000000,795.000000,1.453371000000,547.004172,47.000000,50.000000,30,1,0.033333333333,0.010926199633,0.273154991,2.598896135,21.272319,21.389493,0.989073800367,0.010926199633,24.726845009,0.027777777778,3.600000000000,0.600000000000,1.200000000000,0.166666666667,0.005555555556,yes,0.005747126437,0.003455559491,0.086388987,17.229628,12.211475,high_risk,no,w0_high_risk,hard_fail,no,short_cavity,no,platform_too_narrow,no,1.200000000000,108,0.166666666667,0.005555555556,no,CURRENT_PLATFORM
CURRENT_PLATFORM,108.000000000000,3.000000000000,795.000000,1.453371000000,547.004172,47.000000,50.000000,30,7,0.233333333333,0.447735768366,11.193394209,12.431523692,46.524591,62.605012,0.552264231634,0.447735768366,13.806605791,0.027777777778,3.600000000000,0.600000000000,1.200000000000,0.166666666667,0.005555555556,yes,0.000754147813,0.002356165811,0.058904145,17.229628,12.211475,high_risk,yes,w0_high_risk,warning,yes,pass,no,platform_too_narrow,no,1.200000000000,108,0.166666666667,0.005555555556,no,CURRENT_PLATFORM
CURRENT_PLATFORM,108.000000000000,3.000000000000,795.000000,1.453371000000,547.004172,47.000000,50.000000,30,11,0.366666666667,0.834565303179,20.864132579,9.289310318,40.217227,98.877805,0.165434696821,0.165434696821,4.135867421,0.027777777778,3.600000000000,0.600000000000,1.200000000000,0.166666666667,0.005555555556,yes,0.000797448166,0.001862886547,0.046572164,17.229628,12.211475,high_risk,yes,w0_high_risk,warning,yes,pass,no,platform_too_narrow,no,1.200000000000,108,0.166666666667,0.005555555556,no,CURRENT_PLATFORM
CURRENT_PLATFORM,108.000000000000,3.000000000000,795.000000,1.453371000000,547.004172,47.000000,50.000000,30,13,0.433333333333,0.956772728821,23.919318221,5.084208038,29.753087,143.104447,0.043227271179,0.043227271179,1.080681779,0.027777777778,3.600000000000,0.600000000000,1.200000000000,0.166666666667,0.005555555556,yes,0.001035196687,0.001327924043,0.033198101,17.229628,12.211475,high_risk,yes,w0_high_risk,warning,yes,pass,no,platform_too_narrow,no,1.200000000000,108,0.166666666667,0.005555555556,no,CURRENT_PLATFORM
CURRENT_PLATFORM,180.000000000000,3.000000000000,795.000000,1.453371000000,547.004172,47.000000,50.000000,50,1,0.020000000000,0.003942649343,0.098566234,1.566665420,16.516138,16.548794,0.996057350657,0.003942649343,24.901433766,0.016666666667,3.600000000000,0.600000000000,1.200000000000,0.166666666667,0.003333333333,yes,0.003401360544,0.001230427779,0.030760694,17.229628,12.137655,high_risk,no,w0_high_risk,hard_fail,no,short_cavity,no,platform_too_narrow,no,1.200000000000,180,0.166666666667,0.003333333333,no,CURRENT_PLATFORM
CURRENT_PLATFORM,180.000000000000,3.000000000000,795.000000,1.453371000000,547.004172,47.000000,50.000000,50,3,0.060000000000,0.035111757056,0.877793926,4.601556909,28.305627,28.816038,0.964888242944,0.035111757056,24.122206074,0.016666666667,3.600000000000,0.600000000000,1.200000000000,0.166666666667,0.003333333333,yes,0.000297088532,0.000343322868,0.008583072,17.229628,12.137655,high_risk,no,w0_high_risk,hard_fail,no,short_cavity,no,platform_too_narrow,no,1.200000000000,180,0.166666666667,0.003333333333,no,CURRENT_PLATFORM
CURRENT_PLATFORM,180.000000000000,3.000000000000,795.000000,1.453371000000,547.004172,47.000000,50.000000,50,7,0.140000000000,0.181288005126,4.532200128,9.631415535,40.951088,45.258470,0.818711994874,0.181288005126,20.467799872,0.016666666667,3.600000000000,0.600000000000,1.200000000000,0.166666666667,0.003333333333,yes,0.000553709856,0.001341718555,0.033542964,17.229628,12.137655,high_risk,yes,w0_high_risk,warning,yes,pass,no,platform_too_narrow,no,1.200000000000,180,0.166666666667,0.003333333333,no,CURRENT_PLATFORM
CURRENT_PLATFORM,180.000000000000,3.000000000000,795.000000,1.453371000000,547.004172,47.000000,50.000000,50,9,0.180000000000,0.287110354217,7.177758855,11.310338156,44.377024,52.558992,0.712889645783,0.287110354217,17.822241145,0.016666666667,3.600000000000,0.600000000000,1.200000000000,0.166666666667,0.003333333333,yes,0.000388500389,0.001104705089,0.027617627,17.229628,12.137655,high_risk,yes,w0_high_risk,warning,yes,pass,no,platform_too_narrow,no,1.200000000000,180,0.166666666667,0.003333333333,no,CURRENT_PLATFORM
CURRENT_PLATFORM,180.000000000000,3.000000000000,795.000000,1.453371000000,547.004172,47.000000,50.000000,50,11,0.220000000000,0.406309342707,10.157733568,12.278590634,46.237532,60.008744,0.593690657293,0.406309342707,14.842266432,0.016666666667,3.600000000000,0.600000000000,1.200000000000,0.166666666667,0.003333333333,yes,0.000451671183,0.001394073488,0.034851837,17.229628,12.137655,high_risk,yes,w0_high_risk,warning,yes,pass,no,platform_too_narrow,no,1.200000000000,180,0.166666666667,0.003333333333,no,CURRENT_PLATFORM
CURRENT_PLATFORM,180.000000000000,3.000000000000,795.000000,1.453371000000,547.004172,47.000000,50.000000,50,13,0.260000000000,0.531395259765,13.284881494,12.475334105,46.606498,68.083698,0.468604740235,0.468604740235,11.715118506,0.016666666667,3.600000000000,0.600000000000,1.200000000000,0.166666666667,0.003333333333,yes,0.000268384326,0.000841486783,0.021037170,17.229628,12.137655,high_risk,yes,w0_high_risk,warning,yes,pass,no,platform_too_narrow,no,1.200000000000,180,0.166666666667,0.003333333333,no,CURRENT_PLATFORM
CURRENT_PLATFORM,180.000000000000,3.000000000000,795.000000,1.453371000000,547.004172,47.000000,50.000000,50,17,0.340000000000,0.767913397489,19.197834937,10.554099069,42.867777,88.982772,0.232086602511,0.232086602511,5.802165063,0.016666666667,3.600000000000,0.600000000000,1.200000000000,0.166666666667,0.003333333333,yes,0.001182033097,0.003141861774,0.078546544,17.229628,12.137655,high_risk,yes,w0_high_risk,warning,yes,pass,no,platform_too_narrow,no,1.200000000000,180,0.166666666667,0.003333333333,no,CURRENT_PLATFORM
CURRENT_PLATFORM,180.000000000000,3.000000000000,795.000000,1.453371000000,547.004172,47.000000,50.000000,50,19,0.380000000000,0.864484313711,21.612107843,8.556838824,38.599089,104.853341,0.135515686289,0.135515686289,3.387892157,0.016666666667,3.600000000000,0.600000000000,1.200000000000,0.166666666667,0.003333333333,yes,0.000273672687,0.000588465473,0.014711637,17.229628,12.137655,high_risk,yes,w0_high_risk,warning,yes,pass,no,platform_too_narrow,no,1.200000000000,180,0.166666666667,0.003333333333,no,CURRENT_PLATFORM
CURRENT_PLATFORM,180.000000000000,3.000000000000,795.000000,1.453371000000,547.004172,47.000000,50.000000,50,21,0.420000000000,0.938153340022,23.453833501,6.021920926,32.380825,130.205636,0.061846659978,0.061846659978,1.546166499,0.016666666667,3.600000000000,0.600000000000,1.200000000000,0.166666666667,0.003333333333,yes,0.000282965478,0.000428094571,0.010702364,17.229628,12.137655,high_risk,yes,w0_high_risk,warning,yes,pass,no,platform_too_narrow,no,1.200000000000,180,0.166666666667,0.003333333333,no,CURRENT_PLATFORM
CURRENT_PLATFORM,180.000000000000,3.000000000000,795.000000,1.453371000000,547.004172,47.000000,50.000000,50,23,0.460000000000,0.984291580564,24.607289514,3.108623590,23.265075,185.625744,0.015708419436,0.015708419436,0.392710486,0.016666666667,3.600000000000,0.600000000000,1.200000000000,0.166666666667,0.003333333333,yes,0.000346500347,0.000270163589,0.006754090,17.229628,12.137655,high_risk,no,w0_high_risk,hard_fail,no,large_curved_mirror_spot,no,platform_too_narrow,no,1.200000000000,180,0.166666666667,0.003333333333,no,CURRENT_PLATFORM
CURRENT_PLATFORM,35.100000000000,3.000000000000,795.000000,1.453371000000,547.004172,47.000000,50.000000,9,1,0.111111111111,0.116977778441,2.924444461,8.034845121,37.403233,39.803689,0.883022221559,0.116977778441,22.075555539,0.085470085470,3.900000000000,0.900000000000,1.300000000000,0.230769230769,0.025641025641,yes,0.028846153846,0.053144744694,1.328618617,17.912695,13.351274,high_risk,no,w0_high_risk,hard_fail,no,short_cavity,yes,pass,no,1.300000000000,36,0.230769230769,0.025641025641,no,CURRENT_PLATFORM
CURRENT_PLATFORM,35.100000000000,3.000000000000,795.000000,1.453371000000,547.004172,47.000000,50.000000,9,2,0.222222222222,0.413175911167,10.329397779,12.310096913,46.296815,60.436200,0.586824088833,0.413175911167,14.670602221,0.085470085470,3.900000000000,0.900000000000,1.300000000000,0.230769230769,0.025641025641,yes,0.011538461538,0.035715680110,0.892892003,17.912695,13.351274,high_risk,yes,w0_high_risk,warning,yes,pass,yes,pass,yes,1.300000000000,36,0.230769230769,0.025641025641,no,CURRENT_PLATFORM
CURRENT_PLATFORM,35.100000000000,3.000000000000,795.000000,1.453371000000,547.004172,47.000000,50.000000,9,4,0.444444444444,0.969846310393,24.246157760,4.275251792,27.283572,157.119830,0.030153689607,0.030153689607,0.753842240,0.085470085470,3.900000000000,0.900000000000,1.300000000000,0.230769230769,0.025641025641,yes,0.016483516484,0.016296967361,0.407424184,17.912695,13.351274,high_risk,yes,w0_high_risk,warning,yes,pass,yes,pass,yes,1.300000000000,36,0.230769230769,0.025641025641,no,CURRENT_PLATFORM
CURRENT_PLATFORM,46.800000000000,3.000000000000,795.000000,1.453371000000,547.004172,47.000000,50.000000,12,1,0.083333333333,0.066987298108,1.674682453,6.250000000,32.988335,34.152037,0.933012701892,0.066987298108,23.325317547,0.064102564103,3.900000000000,0.900000000000,1.300000000000,0.230769230769,0.019230769231,yes,0.020979020979,0.029749235792,0.743730895,17.912695,13.188043,high_risk,no,w0_high_risk,hard_fail,no,short_cavity,yes,pass,no,1.300000000000,47,0.230769230769,0.019230769231,no,CURRENT_PLATFORM
CURRENT_PLATFORM,46.800000000000,3.000000000000,795.000000,1.453371000000,547.004172,47.000000,50.000000,12,5,0.416666666667,0.933012701892,23.325317547,6.250000000,32.988335,127.457138,0.066987298108,0.066987298108,1.674682453,0.064102564103,3.900000000000,0.900000000000,1.300000000000,0.230769230769,0.019230769231,yes,0.006593406593,0.010418021665,0.260450542,17.912695,13.188043,high_risk,yes,w0_high_risk,warning,yes,pass,yes,pass,yes,1.300000000000,47,0.230769230769,0.019230769231,no,CURRENT_PLATFORM
CURRENT_PLATFORM,117.000000000000,3.000000000000,795.000000,1.453371000000,547.004172,47.000000,50.000000,30,1,0.033333333333,0.010926199633,0.273154991,2.598896135,21.272319,21.389493,0.989073800367,0.010926199633,24.726845009,0.025641025641,3.900000000000,0.900000000000,1.300000000000,0.230769230769,0.007692307692,yes,0.007957559682,0.004625265769,0.115631644,17.912695,12.898396,high_risk,no,w0_high_risk,hard_fail,no,short_cavity,yes,pass,no,1.300000000000,117,0.230769230769,0.007692307692,no,CURRENT_PLATFORM
CURRENT_PLATFORM,117.000000000000,3.000000000000,795.000000,1.453371000000,547.004172,47.000000,50.000000,30,7,0.233333333333,0.447735768366,11.193394209,12.431523692,46.524591,62.605012,0.552264231634,0.447735768366,13.806605791,0.025641025641,3.900000000000,0.900000000000,1.300000000000,0.230769230769,0.007692307692,yes,0.001044204664,0.003262338820,0.081558471,17.912695,12.898396,high_risk,yes,w0_high_risk,warning,yes,pass,no,platform_too_narrow,no,1.300000000000,117,0.230769230769,0.007692307692,no,CURRENT_PLATFORM
CURRENT_PLATFORM,117.000000000000,3.000000000000,795.000000,1.453371000000,547.004172,47.000000,50.000000,30,11,0.366666666667,0.834565303179,20.864132579,9.289310318,40.217227,98.877805,0.165434696821,0.165434696821,4.135867421,0.025641025641,3.900000000000,0.900000000000,1.300000000000,0.230769230769,0.007692307692,yes,0.001104158999,0.002579974773,0.064499369,17.912695,12.898396,high_risk,yes,w0_high_risk,warning,yes,pass,no,platform_too_narrow,no,1.300000000000,117,0.230769230769,0.007692307692,no,CURRENT_PLATFORM
CURRENT_PLATFORM,117.000000000000,3.000000000000,795.000000,1.453371000000,547.004172,47.000000,50.000000,30,13,0.433333333333,0.956772728821,23.919318221,5.084208038,29.753087,143.104447,0.043227271179,0.043227271179,1.080681779,0.025641025641,3.900000000000,0.900000000000,1.300000000000,0.230769230769,0.007692307692,yes,0.001433349259,0.001841402836,0.046035071,17.912695,12.898396,high_risk,yes,w0_high_risk,warning,yes,pass,no,platform_too_narrow,no,1.300000000000,117,0.230769230769,0.007692307692,no,CURRENT_PLATFORM
CURRENT_PLATFORM,195.000000000000,3.000000000000,795.000000,1.453371000000,547.004172,47.000000,50.000000,50,1,0.020000000000,0.003942649343,0.098566234,1.566665420,16.516138,16.548794,0.996057350657,0.003942649343,24.901433766,0.015384615385,3.900000000000,0.900000000000,1.300000000000,0.230769230769,0.004615384615,yes,0.004709576138,0.001645641105,0.041141028,17.912695,12.824716,high_risk,no,w0_high_risk,hard_fail,no,short_cavity,no,platform_too_narrow,no,1.300000000000,195,0.230769230769,0.004615384615,no,CURRENT_PLATFORM
CURRENT_PLATFORM,195.000000000000,3.000000000000,795.000000,1.453371000000,547.004172,47.000000,50.000000,50,3,0.060000000000,0.035111757056,0.877793926,4.601556909,28.305627,28.816038,0.964888242944,0.035111757056,24.122206074,0.015384615385,3.900000000000,0.900000000000,1.300000000000,0.230769230769,0.004615384615,yes,0.000411353353,0.000475232018,0.011880800,17.912695,12.824716,high_risk,no,w0_high_risk,hard_fail,no,short_cavity,no,platform_too_narrow,no,1.300000000000,195,0.230769230769,0.004615384615,no,CURRENT_PLATFORM
CURRENT_PLATFORM,195.000000000000,3.000000000000,795.000000,1.453371000000,547.004172,47.000000,50.000000,50,7,0.140000000000,0.181288005126,4.532200128,9.631415535,40.951088,45.258470,0.818711994874,0.181288005126,20.467799872,0.015384615385,3.900000000000,0.900000000000,1.300000000000,0.230769230769,0.004615384615,yes,0.000766675185,0.001858501530,0.046462538,17.912695,12.824716,high_risk,yes,w0_high_risk,warning,yes,pass,no,platform_too_narrow,no,1.300000000000,195,0.230769230769,0.004615384615,no,CURRENT_PLATFORM
CURRENT_PLATFORM,195.000000000000,3.000000000000,795.000000,1.453371000000,547.004172,47.000000,50.000000,50,9,0.180000000000,0.287110354217,7.177758855,11.310338156,44.377024,52.558992,0.712889645783,0.287110354217,17.822241145,0.015384615385,3.900000000000,0.900000000000,1.300000000000,0.230769230769,0.004615384615,yes,0.000537923615,0.001529780137,0.038244503,17.912695,12.824716,high_risk,yes,w0_high_risk,warning,yes,pass,no,platform_too_narrow,no,1.300000000000,195,0.230769230769,0.004615384615,no,CURRENT_PLATFORM
CURRENT_PLATFORM,195.000000000000,3.000000000000,795.000000,1.453371000000,547.004172,47.000000,50.000000,50,11,0.220000000000,0.406309342707,10.157733568,12.278590634,46.237532,60.008744,0.593690657293,0.406309342707,14.842266432,0.015384615385,3.900000000000,0.900000000000,1.300000000000,0.230769230769,0.004615384615,yes,0.000625390869,0.001930382864,0.048259572,17.912695,12.824716,high_risk,yes,w0_high_risk,warning,yes,pass,no,platform_too_narrow,no,1.300000000000,195,0.230769230769,0.004615384615,no,CURRENT_PLATFORM
CURRENT_PLATFORM,195.000000000000,3.000000000000,795.000000,1.453371000000,547.004172,47.000000,50.000000,50,13,0.260000000000,0.531395259765,13.284881494,12.475334105,46.606498,68.083698,0.468604740235,0.468604740235,11.715118506,0.015384615385,3.900000000000,0.900000000000,1.300000000000,0.230769230769,0.004615384615,yes,0.000371609067,0.001165133515,0.029128338,17.912695,12.824716,high_risk,yes,w0_high_risk,warning,yes,pass,no,platform_too_narrow,no,1.300000000000,195,0.230769230769,0.004615384615,no,CURRENT_PLATFORM
CURRENT_PLATFORM,195.000000000000,3.000000000000,795.000000,1.453371000000,547.004172,47.000000,50.000000,50,17,0.340000000000,0.767913397489,19.197834937,10.554099069,42.867777,88.982772,0.232086602511,0.232086602511,5.802165063,0.015384615385,3.900000000000,0.900000000000,1.300000000000,0.230769230769,0.004615384615,yes,0.001636661211,0.004353702434,0.108842561,17.912695,12.824716,high_risk,yes,w0_high_risk,warning,yes,pass,yes,pass,yes,1.300000000000,195,0.230769230769,0.004615384615,no,CURRENT_PLATFORM
CURRENT_PLATFORM,195.000000000000,3.000000000000,795.000000,1.453371000000,547.004172,47.000000,50.000000,50,19,0.380000000000,0.864484313711,21.612107843,8.556838824,38.599089,104.853341,0.135515686289,0.135515686289,3.387892157,0.015384615385,3.900000000000,0.900000000000,1.300000000000,0.230769230769,0.004615384615,yes,0.000378931413,0.000814752334,0.020368808,17.912695,12.824716,high_risk,yes,w0_high_risk,warning,yes,pass,no,platform_too_narrow,no,1.300000000000,195,0.230769230769,0.004615384615,no,CURRENT_PLATFORM
CURRENT_PLATFORM,195.000000000000,3.000000000000,795.000000,1.453371000000,547.004172,47.000000,50.000000,50,21,0.420000000000,0.938153340022,23.453833501,6.021920926,32.380825,130.205636,0.061846659978,0.061846659978,1.546166499,0.015384615385,3.900000000000,0.900000000000,1.300000000000,0.230769230769,0.004615384615,yes,0.000391798354,0.000592657736,0.014816443,17.912695,12.824716,high_risk,yes,w0_high_risk,warning,yes,pass,no,platform_too_narrow,no,1.300000000000,195,0.230769230769,0.004615384615,no,CURRENT_PLATFORM
CURRENT_PLATFORM,195.000000000000,3.000000000000,795.000000,1.453371000000,547.004172,47.000000,50.000000,50,23,0.460000000000,0.984291580564,24.607289514,3.108623590,23.265075,185.625744,0.015708419436,0.015708419436,0.392710486,0.015384615385,3.900000000000,0.900000000000,1.300000000000,0.230769230769,0.004615384615,yes,0.000479769711,0.000373779161,0.009344479,17.912695,12.824716,high_risk,no,w0_high_risk,hard_fail,no,large_curved_mirror_spot,no,platform_too_narrow,no,1.300000000000,195,0.230769230769,0.004615384615,no,CURRENT_PLATFORM
CURRENT_PLATFORM,36.000000000000,4.000000000000,795.000000,1.453371000000,547.004172,47.000000,50.000000,9,1,0.111111111111,0.116977778441,2.924444461,8.034845121,37.403233,39.803689,0.883022221559,0.116977778441,22.075555539,0.111111111111,4.000000000000,0.000000000000,1.000000000000,0.000000000000,0.000000000000,no,0.000000000000,0.000000000000,0.000000000,18.129134,13.568558,high_risk,no,w0_high_risk,hard_fail,no,short_cavity,no,below_tau_threshold;platform_too_narrow,no,1.000000000000,36,0.000000000000,0.000000000000,yes,CURRENT_PLATFORM
CURRENT_PLATFORM,36.000000000000,4.000000000000,795.000000,1.453371000000,547.004172,47.000000,50.000000,9,2,0.222222222222,0.413175911167,10.329397779,12.310096913,46.296815,60.436200,0.586824088833,0.413175911167,14.670602221,0.111111111111,4.000000000000,0.000000000000,1.000000000000,0.000000000000,0.000000000000,no,0.000000000000,0.000000000000,0.000000000,18.129134,13.568558,high_risk,yes,w0_high_risk,warning,yes,pass,no,below_tau_threshold;platform_too_narrow,no,1.000000000000,36,0.000000000000,0.000000000000,yes,CURRENT_PLATFORM
CURRENT_PLATFORM,36.000000000000,4.000000000000,795.000000,1.453371000000,547.004172,47.000000,50.000000,9,4,0.444444444444,0.969846310393,24.246157760,4.275251792,27.283572,157.119830,0.030153689607,0.030153689607,0.753842240,0.111111111111,4.000000000000,0.000000000000,1.000000000000,0.000000000000,0.000000000000,no,0.000000000000,0.000000000000,0.000000000,18.129134,13.568558,high_risk,yes,w0_high_risk,warning,yes,pass,no,below_tau_threshold;platform_too_narrow,no,1.000000000000,36,0.000000000000,0.000000000000,yes,CURRENT_PLATFORM
CURRENT_PLATFORM,48.000000000000,4.000000000000,795.000000,1.453371000000,547.004172,47.000000,50.000000,12,1,0.083333333333,0.066987298108,1.674682453,6.250000000,32.988335,34.152037,0.933012701892,0.066987298108,23.325317547,0.083333333333,4.000000000000,0.000000000000,1.000000000000,0.000000000000,0.000000000000,no,0.000000000000,0.000000000000,0.000000000,18.129134,13.405420,high_risk,no,w0_high_risk,hard_fail,no,short_cavity,no,below_tau_threshold;platform_too_narrow,no,1.000000000000,48,0.000000000000,0.000000000000,yes,CURRENT_PLATFORM
CURRENT_PLATFORM,48.000000000000,4.000000000000,795.000000,1.453371000000,547.004172,47.000000,50.000000,12,5,0.416666666667,0.933012701892,23.325317547,6.250000000,32.988335,127.457138,0.066987298108,0.066987298108,1.674682453,0.083333333333,4.000000000000,0.000000000000,1.000000000000,0.000000000000,0.000000000000,no,0.000000000000,0.000000000000,0.000000000,18.129134,13.405420,high_risk,yes,w0_high_risk,warning,yes,pass,no,below_tau_threshold;platform_too_narrow,no,1.000000000000,48,0.000000000000,0.000000000000,yes,CURRENT_PLATFORM
CURRENT_PLATFORM,120.000000000000,4.000000000000,795.000000,1.453371000000,547.004172,47.000000,50.000000,30,1,0.033333333333,0.010926199633,0.273154991,2.598896135,21.272319,21.389493,0.989073800367,0.010926199633,24.726845009,0.033333333333,4.000000000000,0.000000000000,1.000000000000,0.000000000000,0.000000000000,no,0.000000000000,0.000000000000,0.000000000,18.129134,13.115933,high_risk,no,w0_high_risk,hard_fail,no,short_cavity,no,below_tau_threshold;platform_too_narrow,no,1.000000000000,120,0.000000000000,0.000000000000,yes,CURRENT_PLATFORM
CURRENT_PLATFORM,120.000000000000,4.000000000000,795.000000,1.453371000000,547.004172,47.000000,50.000000,30,7,0.233333333333,0.447735768366,11.193394209,12.431523692,46.524591,62.605012,0.552264231634,0.447735768366,13.806605791,0.033333333333,4.000000000000,0.000000000000,1.000000000000,0.000000000000,0.000000000000,no,0.000000000000,0.000000000000,0.000000000,18.129134,13.115933,high_risk,yes,w0_high_risk,warning,yes,pass,no,below_tau_threshold;platform_too_narrow,no,1.000000000000,120,0.000000000000,0.000000000000,yes,CURRENT_PLATFORM
CURRENT_PLATFORM,120.000000000000,4.000000000000,795.000000,1.453371000000,547.004172,47.000000,50.000000,30,11,0.366666666667,0.834565303179,20.864132579,9.289310318,40.217227,98.877805,0.165434696821,0.165434696821,4.135867421,0.033333333333,4.000000000000,0.000000000000,1.000000000000,0.000000000000,0.000000000000,no,0.000000000000,0.000000000000,0.000000000,18.129134,13.115933,high_risk,yes,w0_high_risk,warning,yes,pass,no,below_tau_threshold;platform_too_narrow,no,1.000000000000,120,0.000000000000,0.000000000000,yes,CURRENT_PLATFORM
CURRENT_PLATFORM,120.000000000000,4.000000000000,795.000000,1.453371000000,547.004172,47.000000,50.000000,30,13,0.433333333333,0.956772728821,23.919318221,5.084208038,29.753087,143.104447,0.043227271179,0.043227271179,1.080681779,0.033333333333,4.000000000000,0.000000000000,1.000000000000,0.000000000000,0.000000000000,no,0.000000000000,0.000000000000,0.000000000,18.129134,13.115933,high_risk,yes,w0_high_risk,warning,yes,pass,no,below_tau_threshold;platform_too_narrow,no,1.000000000000,120,0.000000000000,0.000000000000,yes,CURRENT_PLATFORM
CURRENT_PLATFORM,200.000000000000,4.000000000000,795.000000,1.453371000000,547.004172,47.000000,50.000000,50,1,0.020000000000,0.003942649343,0.098566234,1.566665420,16.516138,16.548794,0.996057350657,0.003942649343,24.901433766,0.020000000000,4.000000000000,0.000000000000,1.000000000000,0.000000000000,0.000000000000,no,0.000000000000,0.000000000000,0.000000000,18.129134,13.042292,high_risk,no,w0_high_risk,hard_fail,no,short_cavity,no,below_tau_threshold;platform_too_narrow,no,1.000000000000,200,0.000000000000,0.000000000000,yes,CURRENT_PLATFORM
CURRENT_PLATFORM,200.000000000000,4.000000000000,795.000000,1.453371000000,547.004172,47.000000,50.000000,50,3,0.060000000000,0.035111757056,0.877793926,4.601556909,28.305627,28.816038,0.964888242944,0.035111757056,24.122206074,0.020000000000,4.000000000000,0.000000000000,1.000000000000,0.000000000000,0.000000000000,no,0.000000000000,0.000000000000,0.000000000,18.129134,13.042292,high_risk,no,w0_high_risk,hard_fail,no,short_cavity,no,below_tau_threshold;platform_too_narrow,no,1.000000000000,200,0.000000000000,0.000000000000,yes,CURRENT_PLATFORM
CURRENT_PLATFORM,200.000000000000,4.000000000000,795.000000,1.453371000000,547.004172,47.000000,50.000000,50,7,0.140000000000,0.181288005126,4.532200128,9.631415535,40.951088,45.258470,0.818711994874,0.181288005126,20.467799872,0.020000000000,4.000000000000,0.000000000000,1.000000000000,0.000000000000,0.000000000000,no,0.000000000000,0.000000000000,0.000000000,18.129134,13.042292,high_risk,yes,w0_high_risk,warning,yes,pass,no,below_tau_threshold;platform_too_narrow,no,1.000000000000,200,0.000000000000,0.000000000000,yes,CURRENT_PLATFORM
CURRENT_PLATFORM,200.000000000000,4.000000000000,795.000000,1.453371000000,547.004172,47.000000,50.000000,50,9,0.180000000000,0.287110354217,7.177758855,11.310338156,44.377024,52.558992,0.712889645783,0.287110354217,17.822241145,0.020000000000,4.000000000000,0.000000000000,1.000000000000,0.000000000000,0.000000000000,no,0.000000000000,0.000000000000,0.000000000,18.129134,13.042292,high_risk,yes,w0_high_risk,warning,yes,pass,no,below_tau_threshold;platform_too_narrow,no,1.000000000000,200,0.000000000000,0.000000000000,yes,CURRENT_PLATFORM
CURRENT_PLATFORM,200.000000000000,4.000000000000,795.000000,1.453371000000,547.004172,47.000000,50.000000,50,11,0.220000000000,0.406309342707,10.157733568,12.278590634,46.237532,60.008744,0.593690657293,0.406309342707,14.842266432,0.020000000000,4.000000000000,0.000000000000,1.000000000000,0.000000000000,0.000000000000,no,0.000000000000,0.000000000000,0.000000000,18.129134,13.042292,high_risk,yes,w0_high_risk,warning,yes,pass,no,below_tau_threshold;platform_too_narrow,no,1.000000000000,200,0.000000000000,0.000000000000,yes,CURRENT_PLATFORM
CURRENT_PLATFORM,200.000000000000,4.000000000000,795.000000,1.453371000000,547.004172,47.000000,50.000000,50,13,0.260000000000,0.531395259765,13.284881494,12.475334105,46.606498,68.083698,0.468604740235,0.468604740235,11.715118506,0.020000000000,4.000000000000,0.000000000000,1.000000000000,0.000000000000,0.000000000000,no,0.000000000000,0.000000000000,0.000000000,18.129134,13.042292,high_risk,yes,w0_high_risk,warning,yes,pass,no,below_tau_threshold;platform_too_narrow,no,1.000000000000,200,0.000000000000,0.000000000000,yes,CURRENT_PLATFORM
CURRENT_PLATFORM,200.000000000000,4.000000000000,795.000000,1.453371000000,547.004172,47.000000,50.000000,50,17,0.340000000000,0.767913397489,19.197834937,10.554099069,42.867777,88.982772,0.232086602511,0.232086602511,5.802165063,0.020000000000,4.000000000000,0.000000000000,1.000000000000,0.000000000000,0.000000000000,no,0.000000000000,0.000000000000,0.000000000,18.129134,13.042292,high_risk,yes,w0_high_risk,warning,yes,pass,no,below_tau_threshold;platform_too_narrow,no,1.000000000000,200,0.000000000000,0.000000000000,yes,CURRENT_PLATFORM
CURRENT_PLATFORM,200.000000000000,4.000000000000,795.000000,1.453371000000,547.004172,47.000000,50.000000,50,19,0.380000000000,0.864484313711,21.612107843,8.556838824,38.599089,104.853341,0.135515686289,0.135515686289,3.387892157,0.020000000000,4.000000000000,0.000000000000,1.000000000000,0.000000000000,0.000000000000,no,0.000000000000,0.000000000000,0.000000000,18.129134,13.042292,high_risk,yes,w0_high_risk,warning,yes,pass,no,below_tau_threshold;platform_too_narrow,no,1.000000000000,200,0.000000000000,0.000000000000,yes,CURRENT_PLATFORM
CURRENT_PLATFORM,200.000000000000,4.000000000000,795.000000,1.453371000000,547.004172,47.000000,50.000000,50,21,0.420000000000,0.938153340022,23.453833501,6.021920926,32.380825,130.205636,0.061846659978,0.061846659978,1.546166499,0.020000000000,4.000000000000,0.000000000000,1.000000000000,0.000000000000,0.000000000000,no,0.000000000000,0.000000000000,0.000000000,18.129134,13.042292,high_risk,yes,w0_high_risk,warning,yes,pass,no,below_tau_threshold;platform_too_narrow,no,1.000000000000,200,0.000000000000,0.000000000000,yes,CURRENT_PLATFORM
CURRENT_PLATFORM,200.000000000000,4.000000000000,795.000000,1.453371000000,547.004172,47.000000,50.000000,50,23,0.460000000000,0.984291580564,24.607289514,3.108623590,23.265075,185.625744,0.015708419436,0.015708419436,0.392710486,0.020000000000,4.000000000000,0.000000000000,1.000000000000,0.000000000000,0.000000000000,no,0.000000000000,0.000000000000,0.000000000,18.129134,13.042292,high_risk,no,w0_high_risk,hard_fail,no,large_curved_mirror_spot,no,below_tau_threshold;platform_too_narrow,no,1.000000000000,200,0.000000000000,0.000000000000,yes,CURRENT_PLATFORM
CURRENT_PLATFORM,36.720000000000,4.000000000000,795.000000,1.453371000000,547.004172,47.000000,50.000000,9,1,0.111111111111,0.116977778441,2.924444461,8.034845121,37.403233,39.803689,0.883022221559,0.116977778441,22.075555539,0.108932461874,4.080000000000,0.080000000000,1.020000000000,0.019607843137,0.002178649237,yes,0.002450980392,0.004913990365,0.122849759,18.298542,13.738599,high_risk,no,w0_high_risk,hard_fail,no,short_cavity,yes,pass,no,1.020000000000,37,0.019607843137,0.002178649237,no,CURRENT_PLATFORM
CURRENT_PLATFORM,36.720000000000,4.000000000000,795.000000,1.453371000000,547.004172,47.000000,50.000000,9,2,0.222222222222,0.413175911167,10.329397779,12.310096913,46.296815,60.436200,0.586824088833,0.413175911167,14.670602221,0.108932461874,4.080000000000,0.080000000000,1.020000000000,0.019607843137,0.002178649237,yes,0.000980392157,0.003033378845,0.075834471,18.298542,13.738599,high_risk,yes,w0_high_risk,warning,yes,pass,no,platform_too_narrow,no,1.020000000000,37,0.019607843137,0.002178649237,no,CURRENT_PLATFORM
CURRENT_PLATFORM,36.720000000000,4.000000000000,795.000000,1.453371000000,547.004172,47.000000,50.000000,9,4,0.444444444444,0.969846310393,24.246157760,4.275251792,27.283572,157.119830,0.030153689607,0.030153689607,0.753842240,0.108932461874,4.080000000000,0.080000000000,1.020000000000,0.019607843137,0.002178649237,yes,0.001400560224,0.001494768934,0.037369223,18.298542,13.738599,high_risk,yes,w0_high_risk,warning,yes,pass,no,platform_too_narrow,no,1.020000000000,37,0.019607843137,0.002178649237,no,CURRENT_PLATFORM
CURRENT_PLATFORM,48.960000000000,4.000000000000,795.000000,1.453371000000,547.004172,47.000000,50.000000,12,1,0.083333333333,0.066987298108,1.674682453,6.250000000,32.988335,34.152037,0.933012701892,0.066987298108,23.325317547,0.081699346405,4.080000000000,0.080000000000,1.020000000000,0.019607843137,0.001633986928,yes,0.001782531194,0.002777316505,0.069432913,18.298542,13.575529,high_risk,no,w0_high_risk,hard_fail,no,short_cavity,no,platform_too_narrow,no,1.020000000000,49,0.019607843137,0.001633986928,no,CURRENT_PLATFORM
CURRENT_PLATFORM,48.960000000000,4.000000000000,795.000000,1.453371000000,547.004172,47.000000,50.000000,12,5,0.416666666667,0.933012701892,23.325317547,6.250000000,32.988335,127.457138,0.066987298108,0.066987298108,1.674682453,0.081699346405,4.080000000000,0.080000000000,1.020000000000,0.019607843137,0.001633986928,yes,0.000560224090,0.000880444548,0.022011114,18.298542,13.575529,high_risk,yes,w0_high_risk,warning,yes,pass,no,platform_too_narrow,no,1.020000000000,49,0.019607843137,0.001633986928,no,CURRENT_PLATFORM
CURRENT_PLATFORM,122.400000000000,4.000000000000,795.000000,1.453371000000,547.004172,47.000000,50.000000,30,1,0.033333333333,0.010926199633,0.273154991,2.598896135,21.272319,21.389493,0.989073800367,0.010926199633,24.726845009,0.032679738562,4.080000000000,0.080000000000,1.020000000000,0.019607843137,0.000653594771,yes,0.000676132522,0.000437511761,0.010937794,18.298542,13.286162,high_risk,no,w0_high_risk,hard_fail,no,short_cavity,no,platform_too_narrow,no,1.020000000000,123,0.019607843137,0.000653594771,no,CURRENT_PLATFORM
CURRENT_PLATFORM,122.400000000000,4.000000000000,795.000000,1.453371000000,547.004172,47.000000,50.000000,30,7,0.233333333333,0.447735768366,11.193394209,12.431523692,46.524591,62.605012,0.552264231634,0.447735768366,13.806605791,0.032679738562,4.080000000000,0.080000000000,1.020000000000,0.019607843137,0.000653594771,yes,0.000088723272,0.000277204368,0.006930109,18.298542,13.286162,high_risk,yes,w0_high_risk,warning,yes,pass,no,platform_too_narrow,no,1.020000000000,123,0.019607843137,0.000653594771,no,CURRENT_PLATFORM
CURRENT_PLATFORM,122.400000000000,4.000000000000,795.000000,1.453371000000,547.004172,47.000000,50.000000,30,11,0.366666666667,0.834565303179,20.864132579,9.289310318,40.217227,98.877805,0.165434696821,0.165434696821,4.135867421,0.032679738562,4.080000000000,0.080000000000,1.020000000000,0.019607843137,0.000653594771,yes,0.000093817431,0.000219047144,0.005476179,18.298542,13.286162,high_risk,yes,w0_high_risk,warning,yes,pass,no,platform_too_narrow,no,1.020000000000,123,0.019607843137,0.000653594771,no,CURRENT_PLATFORM
CURRENT_PLATFORM,122.400000000000,4.000000000000,795.000000,1.453371000000,547.004172,47.000000,50.000000,30,13,0.433333333333,0.956772728821,23.919318221,5.084208038,29.753087,143.104447,0.043227271179,0.043227271179,1.080681779,0.032679738562,4.080000000000,0.080000000000,1.020000000000,0.019607843137,0.000653594771,yes,0.000121787846,0.000155691930,0.003892298,18.298542,13.286162,high_risk,yes,w0_high_risk,warning,yes,pass,no,platform_too_narrow,no,1.020000000000,123,0.019607843137,0.000653594771,no,CURRENT_PLATFORM
CURRENT_PLATFORM,204.000000000000,4.000000000000,795.000000,1.453371000000,547.004172,47.000000,50.000000,50,1,0.020000000000,0.003942649343,0.098566234,1.566665420,16.516138,16.548794,0.996057350657,0.003942649343,24.901433766,0.019607843137,4.080000000000,0.080000000000,1.020000000000,0.019607843137,0.000392156863,yes,0.000400160064,0.000156056034,0.003901401,18.298542,13.212551,high_risk,no,w0_high_risk,hard_fail,no,short_cavity,no,platform_too_narrow,no,1.020000000000,204,0.019607843137,0.000392156863,no,CURRENT_PLATFORM
CURRENT_PLATFORM,204.000000000000,4.000000000000,795.000000,1.453371000000,547.004172,47.000000,50.000000,50,3,0.060000000000,0.035111757056,0.877793926,4.601556909,28.305627,28.816038,0.964888242944,0.035111757056,24.122206074,0.019607843137,4.080000000000,0.080000000000,1.020000000000,0.019607843137,0.000392156863,yes,0.000034951592,0.000040417838,0.001010446,18.298542,13.212551,high_risk,no,w0_high_risk,hard_fail,no,short_cavity,no,platform_too_narrow,no,1.020000000000,204,0.019607843137,0.000392156863,no,CURRENT_PLATFORM
CURRENT_PLATFORM,204.000000000000,4.000000000000,795.000000,1.453371000000,547.004172,47.000000,50.000000,50,7,0.140000000000,0.181288005126,4.532200128,9.631415535,40.951088,45.258470,0.818711994874,0.181288005126,20.467799872,0.019607843137,4.080000000000,0.080000000000,1.020000000000,0.019607843137,0.000392156863,yes,0.000065142336,0.000157705281,0.003942632,18.298542,13.212551,high_risk,yes,w0_high_risk,warning,yes,pass,no,platform_too_narrow,no,1.020000000000,204,0.019607843137,0.000392156863,no,CURRENT_PLATFORM
CURRENT_PLATFORM,204.000000000000,4.000000000000,795.000000,1.453371000000,547.004172,47.000000,50.000000,50,9,0.180000000000,0.287110354217,7.177758855,11.310338156,44.377024,52.558992,0.712889645783,0.287110354217,17.822241145,0.019607843137,4.080000000000,0.080000000000,1.020000000000,0.019607843137,0.000392156863,yes,0.000045705928,0.000129928496,0.003248212,18.298542,13.212551,high_risk,yes,w0_high_risk,warning,yes,pass,no,platform_too_narrow,no,1.020000000000,204,0.019607843137,0.000392156863,no,CURRENT_PLATFORM
CURRENT_PLATFORM,204.000000000000,4.000000000000,795.000000,1.453371000000,547.004172,47.000000,50.000000,50,11,0.220000000000,0.406309342707,10.157733568,12.278590634,46.237532,60.008744,0.593690657293,0.406309342707,14.842266432,0.019607843137,4.080000000000,0.080000000000,1.020000000000,0.019607843137,0.000392156863,yes,0.000053137786,0.000163983701,0.004099593,18.298542,13.212551,high_risk,yes,w0_high_risk,warning,yes,pass,no,platform_too_narrow,no,1.020000000000,204,0.019607843137,0.000392156863,no,CURRENT_PLATFORM
CURRENT_PLATFORM,204.000000000000,4.000000000000,795.000000,1.453371000000,547.004172,47.000000,50.000000,50,13,0.260000000000,0.531395259765,13.284881494,12.475334105,46.606498,68.083698,0.468604740235,0.468604740235,11.715118506,0.019607843137,4.080000000000,0.080000000000,1.020000000000,0.019607843137,0.000392156863,yes,0.000031574627,0.000098998828,0.002474971,18.298542,13.212551,high_risk,yes,w0_high_risk,warning,yes,pass,no,platform_too_narrow,no,1.020000000000,204,0.019607843137,0.000392156863,no,CURRENT_PLATFORM
CURRENT_PLATFORM,204.000000000000,4.000000000000,795.000000,1.453371000000,547.004172,47.000000,50.000000,50,17,0.340000000000,0.767913397489,19.197834937,10.554099069,42.867777,88.982772,0.232086602511,0.232086602511,5.802165063,0.019607843137,4.080000000000,0.080000000000,1.020000000000,0.019607843137,0.000392156863,yes,0.000139062717,0.000368958601,0.009223965,18.298542,13.212551,high_risk,yes,w0_high_risk,warning,yes,pass,no,platform_too_narrow,no,1.020000000000,204,0.019607843137,0.000392156863,no,CURRENT_PLATFORM
CURRENT_PLATFORM,204.000000000000,4.000000000000,795.000000,1.453371000000,547.004172,47.000000,50.000000,50,19,0.380000000000,0.864484313711,21.612107843,8.556838824,38.599089,104.853341,0.135515686289,0.135515686289,3.387892157,0.019607843137,4.080000000000,0.080000000000,1.020000000000,0.019607843137,0.000392156863,yes,0.000032196787,0.000069240191,0.001731005,18.298542,13.212551,high_risk,yes,w0_high_risk,warning,yes,pass,no,platform_too_narrow,no,1.020000000000,204,0.019607843137,0.000392156863,no,CURRENT_PLATFORM
CURRENT_PLATFORM,204.000000000000,4.000000000000,795.000000,1.453371000000,547.004172,47.000000,50.000000,50,21,0.420000000000,0.938153340022,23.453833501,6.021920926,32.380825,130.205636,0.061846659978,0.061846659978,1.546166499,0.019607843137,4.080000000000,0.080000000000,1.020000000000,0.019607843137,0.000392156863,yes,0.000033290056,0.000050381328,0.001259533,18.298542,13.212551,high_risk,yes,w0_high_risk,warning,yes,pass,no,platform_too_narrow,no,1.020000000000,204,0.019607843137,0.000392156863,no,CURRENT_PLATFORM
CURRENT_PLATFORM,204.000000000000,4.000000000000,795.000000,1.453371000000,547.004172,47.000000,50.000000,50,23,0.460000000000,0.984291580564,24.607289514,3.108623590,23.265075,185.625744,0.015708419436,0.015708419436,0.392710486,0.019607843137,4.080000000000,0.080000000000,1.020000000000,0.019607843137,0.000392156863,yes,0.000040764747,0.000031841151,0.000796029,18.298542,13.212551,high_risk,no,w0_high_risk,hard_fail,no,large_curved_mirror_spot,no,platform_too_narrow,no,1.020000000000,204,0.019607843137,0.000392156863,no,CURRENT_PLATFORM
CURRENT_PLATFORM,37.800000000000,4.000000000000,795.000000,1.453371000000,547.004172,47.000000,50.000000,9,1,0.111111111111,0.116977778441,2.924444461,8.034845121,37.403233,39.803689,0.883022221559,0.116977778441,22.075555539,0.105820105820,4.200000000000,0.200000000000,1.050000000000,0.047619047619,0.005291005291,yes,0.005952380952,0.011809799232,0.295244981,18.546703,13.987643,high_risk,no,w0_high_risk,hard_fail,no,short_cavity,yes,pass,no,1.050000000000,38,0.047619047619,0.005291005291,no,CURRENT_PLATFORM
CURRENT_PLATFORM,37.800000000000,4.000000000000,795.000000,1.453371000000,547.004172,47.000000,50.000000,9,2,0.222222222222,0.413175911167,10.329397779,12.310096913,46.296815,60.436200,0.586824088833,0.413175911167,14.670602221,0.105820105820,4.200000000000,0.200000000000,1.050000000000,0.047619047619,0.005291005291,yes,0.002380952381,0.007367353037,0.184183826,18.546703,13.987643,high_risk,yes,w0_high_risk,warning,yes,pass,yes,pass,yes,1.050000000000,38,0.047619047619,0.005291005291,no,CURRENT_PLATFORM
CURRENT_PLATFORM,37.800000000000,4.000000000000,795.000000,1.453371000000,547.004172,47.000000,50.000000,9,4,0.444444444444,0.969846310393,24.246157760,4.275251792,27.283572,157.119830,0.030153689607,0.030153689607,0.753842240,0.105820105820,4.200000000000,0.200000000000,1.050000000000,0.047619047619,0.005291005291,yes,0.003401360544,0.003594978620,0.089874465,18.546703,13.987643,high_risk,yes,w0_high_risk,warning,yes,pass,no,platform_too_narrow,no,1.050000000000,38,0.047619047619,0.005291005291,no,CURRENT_PLATFORM
CURRENT_PLATFORM,50.400000000000,4.000000000000,795.000000,1.453371000000,547.004172,47.000000,50.000000,12,1,0.083333333333,0.066987298108,1.674682453,6.250000000,32.988335,34.152037,0.933012701892,0.066987298108,23.325317547,0.079365079365,4.200000000000,0.200000000000,1.050000000000,0.047619047619,0.003968253968,yes,0.004329004329,0.006665862005,0.166646550,18.546703,13.824669,high_risk,no,w0_high_risk,hard_fail,no,short_cavity,yes,pass,no,1.050000000000,51,0.047619047619,0.003968253968,no,CURRENT_PLATFORM
CURRENT_PLATFORM,50.400000000000,4.000000000000,795.000000,1.453371000000,547.004172,47.000000,50.000000,12,5,0.416666666667,0.933012701892,23.325317547,6.250000000,32.988335,127.457138,0.066987298108,0.066987298108,1.674682453,0.079365079365,4.200000000000,0.200000000000,1.050000000000,0.047619047619,0.003968253968,yes,0.001360544218,0.002139767767,0.053494194,18.546703,13.824669,high_risk,yes,w0_high_risk,warning,yes,pass,no,platform_too_narrow,no,1.050000000000,51,0.047619047619,0.003968253968,no,CURRENT_PLATFORM
CURRENT_PLATFORM,126.000000000000,4.000000000000,795.000000,1.453371000000,547.004172,47.000000,50.000000,30,1,0.033333333333,0.010926199633,0.273154991,2.598896135,21.272319,21.389493,0.989073800367,0.010926199633,24.726845009,0.031746031746,4.200000000000,0.200000000000,1.050000000000,0.047619047619,0.001587301587,yes,0.001642036125,0.001048223647,0.026205591,18.546703,13.535468,high_risk,no,w0_high_risk,hard_fail,no,short_cavity,no,platform_too_narrow,no,1.050000000000,126,0.047619047619,0.001587301587,no,CURRENT_PLATFORM
CURRENT_PLATFORM,126.000000000000,4.000000000000,795.000000,1.453371000000,547.004172,47.000000,50.000000,30,7,0.233333333333,0.447735768366,11.193394209,12.431523692,46.524591,62.605012,0.552264231634,0.447735768366,13.806605791,0.031746031746,4.200000000000,0.200000000000,1.050000000000,0.047619047619,0.001587301587,yes,0.000215470804,0.000673206807,0.016830170,18.546703,13.535468,high_risk,yes,w0_high_risk,warning,yes,pass,no,platform_too_narrow,no,1.050000000000,126,0.047619047619,0.001587301587,no,CURRENT_PLATFORM
CURRENT_PLATFORM,126.000000000000,4.000000000000,795.000000,1.453371000000,547.004172,47.000000,50.000000,30,11,0.366666666667,0.834565303179,20.864132579,9.289310318,40.217227,98.877805,0.165434696821,0.165434696821,4.135867421,0.031746031746,4.200000000000,0.200000000000,1.050000000000,0.047619047619,0.001587301587,yes,0.000227842333,0.000532025366,0.013300634,18.546703,13.535468,high_risk,yes,w0_high_risk,warning,yes,pass,no,platform_too_narrow,no,1.050000000000,126,0.047619047619,0.001587301587,no,CURRENT_PLATFORM
CURRENT_PLATFORM,126.000000000000,4.000000000000,795.000000,1.453371000000,547.004172,47.000000,50.000000,30,13,0.433333333333,0.956772728821,23.919318221,5.084208038,29.753087,143.104447,0.043227271179,0.043227271179,1.080681779,0.031746031746,4.200000000000,0.200000000000,1.050000000000,0.047619047619,0.001587301587,yes,0.000295770482,0.000378356339,0.009458908,18.546703,13.535468,high_risk,yes,w0_high_risk,warning,yes,pass,no,platform_too_narrow,no,1.050000000000,126,0.047619047619,0.001587301587,no,CURRENT_PLATFORM
CURRENT_PLATFORM,210.000000000000,4.000000000000,795.000000,1.453371000000,547.004172,47.000000,50.000000,50,1,0.020000000000,0.003942649343,0.098566234,1.566665420,16.516138,16.548794,0.996057350657,0.003942649343,24.901433766,0.019047619048,4.200000000000,0.200000000000,1.050000000000,0.047619047619,0.000952380952,yes,0.000971817298,0.000373769196,0.009344230,18.546703,13.461899,high_risk,no,w0_high_risk,hard_fail,no,short_cavity,no,platform_too_narrow,no,1.050000000000,210,0.047619047619,0.000952380952,no,CURRENT_PLATFORM
CURRENT_PLATFORM,210.000000000000,4.000000000000,795.000000,1.453371000000,547.004172,47.000000,50.000000,50,3,0.060000000000,0.035111757056,0.877793926,4.601556909,28.305627,28.816038,0.964888242944,0.035111757056,24.122206074,0.019047619048,4.200000000000,0.200000000000,1.050000000000,0.047619047619,0.000952380952,yes,0.000084882438,0.000098145159,0.002453629,18.546703,13.461899,high_risk,no,w0_high_risk,hard_fail,no,short_cavity,no,platform_too_narrow,no,1.050000000000,210,0.047619047619,0.000952380952,no,CURRENT_PLATFORM
CURRENT_PLATFORM,210.000000000000,4.000000000000,795.000000,1.453371000000,547.004172,47.000000,50.000000,50,7,0.140000000000,0.181288005126,4.532200128,9.631415535,40.951088,45.258470,0.818711994874,0.181288005126,20.467799872,0.019047619048,4.200000000000,0.200000000000,1.050000000000,0.047619047619,0.000952380952,yes,0.000158202816,0.000383065193,0.009576630,18.546703,13.461899,high_risk,yes,w0_high_risk,warning,yes,pass,no,platform_too_narrow,no,1.050000000000,210,0.047619047619,0.000952380952,no,CURRENT_PLATFORM
CURRENT_PLATFORM,210.000000000000,4.000000000000,795.000000,1.453371000000,547.004172,47.000000,50.000000,50,9,0.180000000000,0.287110354217,7.177758855,11.310338156,44.377024,52.558992,0.712889645783,0.287110354217,17.822241145,0.019047619048,4.200000000000,0.200000000000,1.050000000000,0.047619047619,0.000952380952,yes,0.000111000111,0.000315557678,0.007888942,18.546703,13.461899,high_risk,yes,w0_high_risk,warning,yes,pass,no,platform_too_narrow,no,1.050000000000,210,0.047619047619,0.000952380952,no,CURRENT_PLATFORM
CURRENT_PLATFORM,210.000000000000,4.000000000000,795.000000,1.453371000000,547.004172,47.000000,50.000000,50,11,0.220000000000,0.406309342707,10.157733568,12.278590634,46.237532,60.008744,0.593690657293,0.406309342707,14.842266432,0.019047619048,4.200000000000,0.200000000000,1.050000000000,0.047619047619,0.000952380952,yes,0.000129048910,0.000398257706,0.009956443,18.546703,13.461899,high_risk,yes,w0_high_risk,warning,yes,pass,no,platform_too_narrow,no,1.050000000000,210,0.047619047619,0.000952380952,no,CURRENT_PLATFORM
CURRENT_PLATFORM,210.000000000000,4.000000000000,795.000000,1.453371000000,547.004172,47.000000,50.000000,50,13,0.260000000000,0.531395259765,13.284881494,12.475334105,46.606498,68.083698,0.468604740235,0.468604740235,11.715118506,0.019047619048,4.200000000000,0.200000000000,1.050000000000,0.047619047619,0.000952380952,yes,0.000076681236,0.000240425551,0.006010639,18.546703,13.461899,high_risk,yes,w0_high_risk,warning,yes,pass,no,platform_too_narrow,no,1.050000000000,210,0.047619047619,0.000952380952,no,CURRENT_PLATFORM
CURRENT_PLATFORM,210.000000000000,4.000000000000,795.000000,1.453371000000,547.004172,47.000000,50.000000,50,17,0.340000000000,0.767913397489,19.197834937,10.554099069,42.867777,88.982772,0.232086602511,0.232086602511,5.802165063,0.019047619048,4.200000000000,0.200000000000,1.050000000000,0.047619047619,0.000952380952,yes,0.000337723742,0.000896354086,0.022408852,18.546703,13.461899,high_risk,yes,w0_high_risk,warning,yes,pass,no,platform_too_narrow,no,1.050000000000,210,0.047619047619,0.000952380952,no,CURRENT_PLATFORM
CURRENT_PLATFORM,210.000000000000,4.000000000000,795.000000,1.453371000000,547.004172,47.000000,50.000000,50,19,0.380000000000,0.864484313711,21.612107843,8.556838824,38.599089,104.853341,0.135515686289,0.135515686289,3.387892157,0.019047619048,4.200000000000,0.200000000000,1.050000000000,0.047619047619,0.000952380952,yes,0.000078192196,0.000168150608,0.004203765,18.546703,13.461899,high_risk,yes,w0_high_risk,warning,yes,pass,no,platform_too_narrow,no,1.050000000000,210,0.047619047619,0.000952380952,no,CURRENT_PLATFORM
CURRENT_PLATFORM,210.000000000000,4.000000000000,795.000000,1.453371000000,547.004172,47.000000,50.000000,50,21,0.420000000000,0.938153340022,23.453833501,6.021920926,32.380825,130.205636,0.061846659978,0.061846659978,1.546166499,0.019047619048,4.200000000000,0.200000000000,1.050000000000,0.047619047619,0.000952380952,yes,0.000080847279,0.000122346671,0.003058667,18.546703,13.461899,high_risk,yes,w0_high_risk,warning,yes,pass,no,platform_too_narrow,no,1.050000000000,210,0.047619047619,0.000952380952,no,CURRENT_PLATFORM
CURRENT_PLATFORM,210.000000000000,4.000000000000,795.000000,1.453371000000,547.004172,47.000000,50.000000,50,23,0.460000000000,0.984291580564,24.607289514,3.108623590,23.265075,185.625744,0.015708419436,0.015708419436,0.392710486,0.019047619048,4.200000000000,0.200000000000,1.050000000000,0.047619047619,0.000952380952,yes,0.000099000099,0.000077302052,0.001932551,18.546703,13.461899,high_risk,no,w0_high_risk,hard_fail,no,large_curved_mirror_spot,no,platform_too_narrow,no,1.050000000000,210,0.047619047619,0.000952380952,no,CURRENT_PLATFORM
CURRENT_PLATFORM,39.600000000000,4.000000000000,795.000000,1.453371000000,547.004172,47.000000,50.000000,9,1,0.111111111111,0.116977778441,2.924444461,8.034845121,37.403233,39.803689,0.883022221559,0.116977778441,22.075555539,0.101010101010,4.400000000000,0.400000000000,1.100000000000,0.090909090909,0.010101010101,yes,0.011363636364,0.022174651848,0.554366296,18.945376,14.387629,high_risk,no,w0_high_risk,hard_fail,no,short_cavity,yes,pass,no,1.100000000000,40,0.090909090909,0.010101010101,no,CURRENT_PLATFORM
CURRENT_PLATFORM,39.600000000000,4.000000000000,795.000000,1.453371000000,547.004172,47.000000,50.000000,9,2,0.222222222222,0.413175911167,10.329397779,12.310096913,46.296815,60.436200,0.586824088833,0.413175911167,14.670602221,0.101010101010,4.400000000000,0.400000000000,1.100000000000,0.090909090909,0.010101010101,yes,0.004545454545,0.014066460479,0.351661512,18.945376,14.387629,high_risk,yes,w0_high_risk,warning,yes,pass,yes,pass,yes,1.100000000000,40,0.090909090909,0.010101010101,no,CURRENT_PLATFORM
CURRENT_PLATFORM,39.600000000000,4.000000000000,795.000000,1.453371000000,547.004172,47.000000,50.000000,9,4,0.444444444444,0.969846310393,24.246157760,4.275251792,27.283572,157.119830,0.030153689607,0.030153689607,0.753842240,0.101010101010,4.400000000000,0.400000000000,1.100000000000,0.090909090909,0.010101010101,yes,0.006493506494,0.006759026430,0.168975661,18.945376,14.387629,high_risk,yes,w0_high_risk,warning,yes,pass,yes,pass,yes,1.100000000000,40,0.090909090909,0.010101010101,no,CURRENT_PLATFORM
CURRENT_PLATFORM,52.800000000000,4.000000000000,795.000000,1.453371000000,547.004172,47.000000,50.000000,12,1,0.083333333333,0.066987298108,1.674682453,6.250000000,32.988335,34.152037,0.933012701892,0.066987298108,23.325317547,0.075757575758,4.400000000000,0.400000000000,1.100000000000,0.090909090909,0.007575757576,yes,0.008264462810,0.012490888830,0.312272221,18.945376,14.224798,high_risk,no,w0_high_risk,hard_fail,no,short_cavity,yes,pass,no,1.100000000000,53,0.090909090909,0.007575757576,no,CURRENT_PLATFORM
CURRENT_PLATFORM,52.800000000000,4.000000000000,795.000000,1.453371000000,547.004172,47.000000,50.000000,12,5,0.416666666667,0.933012701892,23.325317547,6.250000000,32.988335,127.457138,0.066987298108,0.066987298108,1.674682453,0.075757575758,4.400000000000,0.400000000000,1.100000000000,0.090909090909,0.007575757576,yes,0.002597402597,0.004089552057,0.102238801,18.945376,14.224798,high_risk,yes,w0_high_risk,warning,yes,pass,yes,pass,yes,1.100000000000,53,0.090909090909,0.007575757576,no,CURRENT_PLATFORM
CURRENT_PLATFORM,132.000000000000,4.000000000000,795.000000,1.453371000000,547.004172,47.000000,50.000000,30,1,0.033333333333,0.010926199633,0.273154991,2.598896135,21.272319,21.389493,0.989073800367,0.010926199633,24.726845009,0.030303030303,4.400000000000,0.400000000000,1.100000000000,0.090909090909,0.003030303030,yes,0.003134796238,0.001958905899,0.048972647,18.945376,13.935846,high_risk,no,w0_high_risk,hard_fail,no,short_cavity,no,platform_too_narrow,no,1.100000000000,132,0.090909090909,0.003030303030,no,CURRENT_PLATFORM
CURRENT_PLATFORM,132.000000000000,4.000000000000,795.000000,1.453371000000,547.004172,47.000000,50.000000,30,7,0.233333333333,0.447735768366,11.193394209,12.431523692,46.524591,62.605012,0.552264231634,0.447735768366,13.806605791,0.030303030303,4.400000000000,0.400000000000,1.100000000000,0.090909090909,0.003030303030,yes,0.000411353353,0.001285201638,0.032130041,18.945376,13.935846,high_risk,yes,w0_high_risk,warning,yes,pass,no,platform_too_narrow,no,1.100000000000,132,0.090909090909,0.003030303030,no,CURRENT_PLATFORM
CURRENT_PLATFORM,132.000000000000,4.000000000000,795.000000,1.453371000000,547.004172,47.000000,50.000000,30,11,0.366666666667,0.834565303179,20.864132579,9.289310318,40.217227,98.877805,0.165434696821,0.165434696821,4.135867421,0.030303030303,4.400000000000,0.400000000000,1.100000000000,0.090909090909,0.003030303030,yes,0.000434971727,0.001015843177,0.025396079,18.945376,13.935846,high_risk,yes,w0_high_risk,warning,yes,pass,no,platform_too_narrow,no,1.100000000000,132,0.090909090909,0.003030303030,no,CURRENT_PLATFORM
CURRENT_PLATFORM,132.000000000000,4.000000000000,795.000000,1.453371000000,547.004172,47.000000,50.000000,30,13,0.433333333333,0.956772728821,23.919318221,5.084208038,29.753087,143.104447,0.043227271179,0.043227271179,1.080681779,0.030303030303,4.400000000000,0.400000000000,1.100000000000,0.090909090909,0.003030303030,yes,0.000564652739,0.000723046221,0.018076156,18.945376,13.935846,high_risk,yes,w0_high_risk,warning,yes,pass,no,platform_too_narrow,no,1.100000000000,132,0.090909090909,0.003030303030,no,CURRENT_PLATFORM
CURRENT_PLATFORM,220.000000000000,4.000000000000,795.000000,1.453371000000,547.004172,47.000000,50.000000,50,1,0.020000000000,0.003942649343,0.098566234,1.566665420,16.516138,16.548794,0.996057350657,0.003942649343,24.901433766,0.018181818182,4.400000000000,0.400000000000,1.100000000000,0.090909090909,0.001818181818,yes,0.001855287570,0.000698140739,0.017453518,18.945376,13.862338,high_risk,no,w0_high_risk,hard_fail,no,short_cavity,no,platform_too_narrow,no,1.100000000000,220,0.090909090909,0.001818181818,no,CURRENT_PLATFORM
CURRENT_PLATFORM,220.000000000000,4.000000000000,795.000000,1.453371000000,547.004172,47.000000,50.000000,50,3,0.060000000000,0.035111757056,0.877793926,4.601556909,28.305627,28.816038,0.964888242944,0.035111757056,24.122206074,0.018181818182,4.400000000000,0.400000000000,1.100000000000,0.090909090909,0.001818181818,yes,0.000162048290,0.000187331303,0.004683283,18.945376,13.862338,high_risk,no,w0_high_risk,hard_fail,no,short_cavity,no,platform_too_narrow,no,1.100000000000,220,0.090909090909,0.001818181818,no,CURRENT_PLATFORM
CURRENT_PLATFORM,220.000000000000,4.000000000000,795.000000,1.453371000000,547.004172,47.000000,50.000000,50,7,0.140000000000,0.181288005126,4.532200128,9.631415535,40.951088,45.258470,0.818711994874,0.181288005126,20.467799872,0.018181818182,4.400000000000,0.400000000000,1.100000000000,0.090909090909,0.001818181818,yes,0.000302023558,0.000731502828,0.018287571,18.945376,13.862338,high_risk,yes,w0_high_risk,warning,yes,pass,no,platform_too_narrow,no,1.100000000000,220,0.090909090909,0.001818181818,no,CURRENT_PLATFORM
CURRENT_PLATFORM,220.000000000000,4.000000000000,795.000000,1.453371000000,547.004172,47.000000,50.000000,50,9,0.180000000000,0.287110354217,7.177758855,11.310338156,44.377024,52.558992,0.712889645783,0.287110354217,17.822241145,0.018181818182,4.400000000000,0.400000000000,1.100000000000,0.090909090909,0.001818181818,yes,0.000211909303,0.000602478553,0.015061964,18.945376,13.862338,high_risk,yes,w0_high_risk,warning,yes,pass,no,platform_too_narrow,no,1.100000000000,220,0.090909090909,0.001818181818,no,CURRENT_PLATFORM
CURRENT_PLATFORM,220.000000000000,4.000000000000,795.000000,1.453371000000,547.004172,47.000000,50.000000,50,11,0.220000000000,0.406309342707,10.157733568,12.278590634,46.237532,60.008744,0.593690657293,0.406309342707,14.842266432,0.018181818182,4.400000000000,0.400000000000,1.100000000000,0.090909090909,0.001818181818,yes,0.000246366100,0.000760344253,0.019008606,18.945376,13.862338,high_risk,yes,w0_high_risk,warning,yes,pass,no,platform_too_narrow,no,1.100000000000,220,0.090909090909,0.001818181818,no,CURRENT_PLATFORM
CURRENT_PLATFORM,220.000000000000,4.000000000000,795.000000,1.453371000000,547.004172,47.000000,50.000000,50,13,0.260000000000,0.531395259765,13.284881494,12.475334105,46.606498,68.083698,0.468604740235,0.468604740235,11.715118506,0.018181818182,4.400000000000,0.400000000000,1.100000000000,0.090909090909,0.001818181818,yes,0.000146391451,0.000458993715,0.011474843,18.945376,13.862338,high_risk,yes,w0_high_risk,warning,yes,pass,no,platform_too_narrow,no,1.100000000000,220,0.090909090909,0.001818181818,no,CURRENT_PLATFORM
CURRENT_PLATFORM,220.000000000000,4.000000000000,795.000000,1.453371000000,547.004172,47.000000,50.000000,50,17,0.340000000000,0.767913397489,19.197834937,10.554099069,42.867777,88.982772,0.232086602511,0.232086602511,5.802165063,0.018181818182,4.400000000000,0.400000000000,1.100000000000,0.090909090909,0.001818181818,yes,0.000644745326,0.001712139837,0.042803496,18.945376,13.862338,high_risk,yes,w0_high_risk,warning,yes,pass,no,platform_too_narrow,no,1.100000000000,220,0.090909090909,0.001818181818,no,CURRENT_PLATFORM
CURRENT_PLATFORM,220.000000000000,4.000000000000,795.000000,1.453371000000,547.004172,47.000000,50.000000,50,19,0.380000000000,0.864484313711,21.612107843,8.556838824,38.599089,104.853341,0.135515686289,0.135515686289,3.387892157,0.018181818182,4.400000000000,0.400000000000,1.100000000000,0.090909090909,0.001818181818,yes,0.000149276011,0.000321002573,0.008025064,18.945376,13.862338,high_risk,yes,w0_high_risk,warning,yes,pass,no,platform_too_narrow,no,1.100000000000,220,0.090909090909,0.001818181818,no,CURRENT_PLATFORM
CURRENT_PLATFORM,220.000000000000,4.000000000000,795.000000,1.453371000000,547.004172,47.000000,50.000000,50,21,0.420000000000,0.938153340022,23.453833501,6.021920926,32.380825,130.205636,0.061846659978,0.061846659978,1.546166499,0.018181818182,4.400000000000,0.400000000000,1.100000000000,0.090909090909,0.001818181818,yes,0.000154344806,0.000233547362,0.005838684,18.945376,13.862338,high_risk,yes,w0_high_risk,warning,yes,pass,no,platform_too_narrow,no,1.100000000000,220,0.090909090909,0.001818181818,no,CURRENT_PLATFORM
CURRENT_PLATFORM,220.000000000000,4.000000000000,795.000000,1.453371000000,547.004172,47.000000,50.000000,50,23,0.460000000000,0.984291580564,24.607289514,3.108623590,23.265075,185.625744,0.015708419436,0.015708419436,0.392710486,0.018181818182,4.400000000000,0.400000000000,1.100000000000,0.090909090909,0.001818181818,yes,0.000189000189,0.000147498583,0.003687465,18.945376,13.862338,high_risk,no,w0_high_risk,hard_fail,no,large_curved_mirror_spot,no,platform_too_narrow,no,1.100000000000,220,0.090909090909,0.001818181818,no,CURRENT_PLATFORM
CURRENT_PLATFORM,41.400000000000,4.000000000000,795.000000,1.453371000000,547.004172,47.000000,50.000000,9,1,0.111111111111,0.116977778441,2.924444461,8.034845121,37.403233,39.803689,0.883022221559,0.116977778441,22.075555539,0.096618357488,4.600000000000,0.600000000000,1.150000000000,0.130434782609,0.014492753623,yes,0.016304347826,0.031322004899,0.783050122,19.326767,14.770167,high_risk,no,w0_high_risk,hard_fail,no,short_cavity,yes,pass,no,1.150000000000,42,0.130434782609,0.014492753623,no,CURRENT_PLATFORM
CURRENT_PLATFORM,41.400000000000,4.000000000000,795.000000,1.453371000000,547.004172,47.000000,50.000000,9,2,0.222222222222,0.413175911167,10.329397779,12.310096913,46.296815,60.436200,0.586824088833,0.413175911167,14.670602221,0.096618357488,4.600000000000,0.600000000000,1.150000000000,0.130434782609,0.014492753623,yes,0.006521739130,0.020184014053,0.504600351,19.326767,14.770167,high_risk,yes,w0_high_risk,warning,yes,pass,yes,pass,yes,1.150000000000,42,0.130434782609,0.014492753623,no,CURRENT_PLATFORM
CURRENT_PLATFORM,41.400000000000,4.000000000000,795.000000,1.453371000000,547.004172,47.000000,50.000000,9,4,0.444444444444,0.969846310393,24.246157760,4.275251792,27.283572,157.119830,0.030153689607,0.030153689607,0.753842240,0.096618357488,4.600000000000,0.600000000000,1.150000000000,0.130434782609,0.014492753623,yes,0.009316770186,0.009560845174,0.239021129,19.326767,14.770167,high_risk,yes,w0_high_risk,warning,yes,pass,yes,pass,yes,1.150000000000,42,0.130434782609,0.014492753623,no,CURRENT_PLATFORM
CURRENT_PLATFORM,55.200000000000,4.000000000000,795.000000,1.453371000000,547.004172,47.000000,50.000000,12,1,0.083333333333,0.066987298108,1.674682453,6.250000000,32.988335,34.152037,0.933012701892,0.066987298108,23.325317547,0.072463768116,4.600000000000,0.600000000000,1.150000000000,0.130434782609,0.010869565217,yes,0.011857707510,0.017611656901,0.440291423,19.326767,14.607461,high_risk,no,w0_high_risk,hard_fail,no,short_cavity,yes,pass,no,1.150000000000,56,0.130434782609,0.010869565217,no,CURRENT_PLATFORM
CURRENT_PLATFORM,55.200000000000,4.000000000000,795.000000,1.453371000000,547.004172,47.000000,50.000000,12,5,0.416666666667,0.933012701892,23.325317547,6.250000000,32.988335,127.457138,0.066987298108,0.066987298108,1.674682453,0.072463768116,4.600000000000,0.600000000000,1.150000000000,0.130434782609,0.010869565217,yes,0.003726708075,0.005873538730,0.146838468,19.326767,14.607461,high_risk,yes,w0_high_risk,warning,yes,pass,yes,pass,yes,1.150000000000,56,0.130434782609,0.010869565217,no,CURRENT_PLATFORM
CURRENT_PLATFORM,138.000000000000,4.000000000000,795.000000,1.453371000000,547.004172,47.000000,50.000000,30,1,0.033333333333,0.010926199633,0.273154991,2.598896135,21.272319,21.389493,0.989073800367,0.010926199633,24.726845009,0.028985507246,4.600000000000,0.600000000000,1.150000000000,0.130434782609,0.004347826087,yes,0.004497751124,0.002755194544,0.068879864,19.326767,14.318725,high_risk,no,w0_high_risk,hard_fail,no,short_cavity,no,platform_too_narrow,no,1.150000000000,138,0.130434782609,0.004347826087,no,CURRENT_PLATFORM
CURRENT_PLATFORM,138.000000000000,4.000000000000,795.000000,1.453371000000,547.004172,47.000000,50.000000,30,7,0.233333333333,0.447735768366,11.193394209,12.431523692,46.524591,62.605012,0.552264231634,0.447735768366,13.806605791,0.028985507246,4.600000000000,0.600000000000,1.150000000000,0.130434782609,0.004347826087,yes,0.000590202636,0.001843969866,0.046099247,19.326767,14.318725,high_risk,yes,w0_high_risk,warning,yes,pass,no,platform_too_narrow,no,1.150000000000,138,0.130434782609,0.004347826087,no,CURRENT_PLATFORM
CURRENT_PLATFORM,138.000000000000,4.000000000000,795.000000,1.453371000000,547.004172,47.000000,50.000000,30,11,0.366666666667,0.834565303179,20.864132579,9.289310318,40.217227,98.877805,0.165434696821,0.165434696821,4.135867421,0.028985507246,4.600000000000,0.600000000000,1.150000000000,0.130434782609,0.004347826087,yes,0.000624089869,0.001457721395,0.036443035,19.326767,14.318725,high_risk,yes,w0_high_risk,warning,yes,pass,no,platform_too_narrow,no,1.150000000000,138,0.130434782609,0.004347826087,no,CURRENT_PLATFORM
CURRENT_PLATFORM,138.000000000000,4.000000000000,795.000000,1.453371000000,547.004172,47.000000,50.000000,30,13,0.433333333333,0.956772728821,23.919318221,5.084208038,29.753087,143.104447,0.043227271179,0.043227271179,1.080681779,0.028985507246,4.600000000000,0.600000000000,1.150000000000,0.130434782609,0.004347826087,yes,0.000810153929,0.001038369498,0.025959237,19.326767,14.318725,high_risk,yes,w0_high_risk,warning,yes,pass,no,platform_too_narrow,no,1.150000000000,138,0.130434782609,0.004347826087,no,CURRENT_PLATFORM
CURRENT_PLATFORM,230.000000000000,4.000000000000,795.000000,1.453371000000,547.004172,47.000000,50.000000,50,1,0.020000000000,0.003942649343,0.098566234,1.566665420,16.516138,16.548794,0.996057350657,0.003942649343,24.901433766,0.017391304348,4.600000000000,0.600000000000,1.150000000000,0.130434782609,0.002608695652,yes,0.002661934339,0.000981473230,0.024536831,19.326767,14.245271,high_risk,no,w0_high_risk,hard_fail,no,short_cavity,no,platform_too_narrow,no,1.150000000000,230,0.130434782609,0.002608695652,no,CURRENT_PLATFORM
CURRENT_PLATFORM,230.000000000000,4.000000000000,795.000000,1.453371000000,547.004172,47.000000,50.000000,50,3,0.060000000000,0.035111757056,0.877793926,4.601556909,28.305627,28.816038,0.964888242944,0.035111757056,24.122206074,0.017391304348,4.600000000000,0.600000000000,1.150000000000,0.130434782609,0.002608695652,yes,0.000232504069,0.000268731576,0.006718289,19.326767,14.245271,high_risk,no,w0_high_risk,hard_fail,no,short_cavity,no,platform_too_narrow,no,1.150000000000,230,0.130434782609,0.002608695652,no,CURRENT_PLATFORM
CURRENT_PLATFORM,230.000000000000,4.000000000000,795.000000,1.453371000000,547.004172,47.000000,50.000000,50,7,0.140000000000,0.181288005126,4.532200128,9.631415535,40.951088,45.258470,0.818711994874,0.181288005126,20.467799872,0.017391304348,4.600000000000,0.600000000000,1.150000000000,0.130434782609,0.002608695652,yes,0.000433338148,0.001049804861,0.026245122,19.326767,14.245271,high_risk,yes,w0_high_risk,warning,yes,pass,no,platform_too_narrow,no,1.150000000000,230,0.130434782609,0.002608695652,no,CURRENT_PLATFORM
CURRENT_PLATFORM,230.000000000000,4.000000000000,795.000000,1.453371000000,547.004172,47.000000,50.000000,50,9,0.180000000000,0.287110354217,7.177758855,11.310338156,44.377024,52.558992,0.712889645783,0.287110354217,17.822241145,0.017391304348,4.600000000000,0.600000000000,1.150000000000,0.130434782609,0.002608695652,yes,0.000304043782,0.000864491541,0.021612289,19.326767,14.245271,high_risk,yes,w0_high_risk,warning,yes,pass,no,platform_too_narrow,no,1.150000000000,230,0.130434782609,0.002608695652,no,CURRENT_PLATFORM
CURRENT_PLATFORM,230.000000000000,4.000000000000,795.000000,1.453371000000,547.004172,47.000000,50.000000,50,11,0.220000000000,0.406309342707,10.157733568,12.278590634,46.237532,60.008744,0.593690657293,0.406309342707,14.842266432,0.017391304348,4.600000000000,0.600000000000,1.150000000000,0.130434782609,0.002608695652,yes,0.000353481796,0.001090973269,0.027274332,19.326767,14.245271,high_risk,yes,w0_high_risk,warning,yes,pass,no,platform_too_narrow,no,1.150000000000,230,0.130434782609,0.002608695652,no,CURRENT_PLATFORM
CURRENT_PLATFORM,230.000000000000,4.000000000000,795.000000,1.453371000000,547.004172,47.000000,50.000000,50,13,0.260000000000,0.531395259765,13.284881494,12.475334105,46.606498,68.083698,0.468604740235,0.468604740235,11.715118506,0.017391304348,4.600000000000,0.600000000000,1.150000000000,0.130434782609,0.002608695652,yes,0.000210039908,0.000658555512,0.016463888,19.326767,14.245271,high_risk,yes,w0_high_risk,warning,yes,pass,no,platform_too_narrow,no,1.150000000000,230,0.130434782609,0.002608695652,no,CURRENT_PLATFORM
CURRENT_PLATFORM,230.000000000000,4.000000000000,795.000000,1.453371000000,547.004172,47.000000,50.000000,50,17,0.340000000000,0.767913397489,19.197834937,10.554099069,42.867777,88.982772,0.232086602511,0.232086602511,5.802165063,0.017391304348,4.600000000000,0.600000000000,1.150000000000,0.130434782609,0.002608695652,yes,0.000925069380,0.002457749369,0.061443734,19.326767,14.245271,high_risk,yes,w0_high_risk,warning,yes,pass,no,platform_too_narrow,no,1.150000000000,230,0.130434782609,0.002608695652,no,CURRENT_PLATFORM
CURRENT_PLATFORM,230.000000000000,4.000000000000,795.000000,1.453371000000,547.004172,47.000000,50.000000,50,19,0.380000000000,0.864484313711,21.612107843,8.556838824,38.599089,104.853341,0.135515686289,0.135515686289,3.387892157,0.017391304348,4.600000000000,0.600000000000,1.150000000000,0.130434782609,0.002608695652,yes,0.000214178625,0.000460552888,0.011513822,19.326767,14.245271,high_risk,yes,w0_high_risk,warning,yes,pass,no,platform_too_narrow,no,1.150000000000,230,0.130434782609,0.002608695652,no,CURRENT_PLATFORM
CURRENT_PLATFORM,230.000000000000,4.000000000000,795.000000,1.453371000000,547.004172,47.000000,50.000000,50,21,0.420000000000,0.938153340022,23.453833501,6.021920926,32.380825,130.205636,0.061846659978,0.061846659978,1.546166499,0.017391304348,4.600000000000,0.600000000000,1.150000000000,0.130434782609,0.002608695652,yes,0.000221451244,0.000335058830,0.008376471,19.326767,14.245271,high_risk,yes,w0_high_risk,warning,yes,pass,no,platform_too_narrow,no,1.150000000000,230,0.130434782609,0.002608695652,no,CURRENT_PLATFORM
CURRENT_PLATFORM,230.000000000000,4.000000000000,795.000000,1.453371000000,547.004172,47.000000,50.000000,50,23,0.460000000000,0.984291580564,24.607289514,3.108623590,23.265075,185.625744,0.015708419436,0.015708419436,0.392710486,0.017391304348,4.600000000000,0.600000000000,1.150000000000,0.130434782609,0.002608695652,yes,0.000271174184,0.000211526130,0.005288153,19.326767,14.245271,high_risk,no,w0_high_risk,hard_fail,no,large_curved_mirror_spot,no,platform_too_narrow,no,1.150000000000,230,0.130434782609,0.002608695652,no,CURRENT_PLATFORM
CURRENT_PLATFORM,43.200000000000,4.000000000000,795.000000,1.453371000000,547.004172,47.000000,50.000000,9,1,0.111111111111,0.116977778441,2.924444461,8.034845121,37.403233,39.803689,0.883022221559,0.116977778441,22.075555539,0.092592592593,4.800000000000,0.800000000000,1.200000000000,0.166666666667,0.018518518519,yes,0.020833333333,0.039436514273,0.985912857,19.692295,15.136703,high_risk,no,w0_high_risk,hard_fail,no,short_cavity,yes,pass,no,1.200000000000,44,0.166666666667,0.018518518519,no,CURRENT_PLATFORM
CURRENT_PLATFORM,43.200000000000,4.000000000000,795.000000,1.453371000000,547.004172,47.000000,50.000000,9,2,0.222222222222,0.413175911167,10.329397779,12.310096913,46.296815,60.436200,0.586824088833,0.413175911167,14.670602221,0.092592592593,4.800000000000,0.800000000000,1.200000000000,0.166666666667,0.018518518519,yes,0.008333333333,0.025792375113,0.644809378,19.692295,15.136703,high_risk,yes,w0_high_risk,warning,yes,pass,yes,pass,yes,1.200000000000,44,0.166666666667,0.018518518519,no,CURRENT_PLATFORM
CURRENT_PLATFORM,43.200000000000,4.000000000000,795.000000,1.453371000000,547.004172,47.000000,50.000000,9,4,0.444444444444,0.969846310393,24.246157760,4.275251792,27.283572,157.119830,0.030153689607,0.030153689607,0.753842240,0.092592592593,4.800000000000,0.800000000000,1.200000000000,0.166666666667,0.018518518519,yes,0.011904761905,0.012055782698,0.301394567,19.692295,15.136703,high_risk,yes,w0_high_risk,warning,yes,pass,yes,pass,yes,1.200000000000,44,0.166666666667,0.018518518519,no,CURRENT_PLATFORM
CURRENT_PLATFORM,57.600000000000,4.000000000000,795.000000,1.453371000000,547.004172,47.000000,50.000000,12,1,0.083333333333,0.066987298108,1.674682453,6.250000000,32.988335,34.152037,0.933012701892,0.066987298108,23.325317547,0.069444444444,4.800000000000,0.800000000000,1.200000000000,0.166666666667,0.013888888889,yes,0.015151515152,0.022138125811,0.553453145,19.692295,14.974106,high_risk,no,w0_high_risk,hard_fail,no,short_cavity,yes,pass,no,1.200000000000,58,0.166666666667,0.013888888889,no,CURRENT_PLATFORM
CURRENT_PLATFORM,57.600000000000,4.000000000000,795.000000,1.453371000000,547.004172,47.000000,50.000000,12,5,0.416666666667,0.933012701892,23.325317547,6.250000000,32.988335,127.457138,0.066987298108,0.066987298108,1.674682453,0.069444444444,4.800000000000,0.800000000000,1.200000000000,0.166666666667,0.013888888889,yes,0.004761904762,0.007511981847,0.187799546,19.692295,14.974106,high_risk,yes,w0_high_risk,warning,yes,pass,yes,pass,yes,1.200000000000,58,0.166666666667,0.013888888889,no,CURRENT_PLATFORM
CURRENT_PLATFORM,144.000000000000,4.000000000000,795.000000,1.453371000000,547.004172,47.000000,50.000000,30,1,0.033333333333,0.010926199633,0.273154991,2.598896135,21.272319,21.389493,0.989073800367,0.010926199633,24.726845009,0.027777777778,4.800000000000,0.800000000000,1.200000000000,0.166666666667,0.005555555556,yes,0.005747126437,0.003455559491,0.086388987,19.692295,14.685561,high_risk,no,w0_high_risk,hard_fail,no,short_cavity,no,platform_too_narrow,no,1.200000000000,144,0.166666666667,0.005555555556,no,CURRENT_PLATFORM
CURRENT_PLATFORM,144.000000000000,4.000000000000,795.000000,1.453371000000,547.004172,47.000000,50.000000,30,7,0.233333333333,0.447735768366,11.193394209,12.431523692,46.524591,62.605012,0.552264231634,0.447735768366,13.806605791,0.027777777778,4.800000000000,0.800000000000,1.200000000000,0.166666666667,0.005555555556,yes,0.000754147813,0.002356165811,0.058904145,19.692295,14.685561,high_risk,yes,w0_high_risk,warning,yes,pass,no,platform_too_narrow,no,1.200000000000,144,0.166666666667,0.005555555556,no,CURRENT_PLATFORM
CURRENT_PLATFORM,144.000000000000,4.000000000000,795.000000,1.453371000000,547.004172,47.000000,50.000000,30,11,0.366666666667,0.834565303179,20.864132579,9.289310318,40.217227,98.877805,0.165434696821,0.165434696821,4.135867421,0.027777777778,4.800000000000,0.800000000000,1.200000000000,0.166666666667,0.005555555556,yes,0.000797448166,0.001862886547,0.046572164,19.692295,14.685561,high_risk,yes,w0_high_risk,warning,yes,pass,no,platform_too_narrow,no,1.200000000000,144,0.166666666667,0.005555555556,no,CURRENT_PLATFORM
CURRENT_PLATFORM,144.000000000000,4.000000000000,795.000000,1.453371000000,547.004172,47.000000,50.000000,30,13,0.433333333333,0.956772728821,23.919318221,5.084208038,29.753087,143.104447,0.043227271179,0.043227271179,1.080681779,0.027777777778,4.800000000000,0.800000000000,1.200000000000,0.166666666667,0.005555555556,yes,0.001035196687,0.001327924043,0.033198101,19.692295,14.685561,high_risk,yes,w0_high_risk,warning,yes,pass,no,platform_too_narrow,no,1.200000000000,144,0.166666666667,0.005555555556,no,CURRENT_PLATFORM
CURRENT_PLATFORM,240.000000000000,4.000000000000,795.000000,1.453371000000,547.004172,47.000000,50.000000,50,1,0.020000000000,0.003942649343,0.098566234,1.566665420,16.516138,16.548794,0.996057350657,0.003942649343,24.901433766,0.016666666667,4.800000000000,0.800000000000,1.200000000000,0.166666666667,0.003333333333,yes,0.003401360544,0.001230427779,0.030760694,19.692295,14.612154,high_risk,no,w0_high_risk,hard_fail,no,short_cavity,no,platform_too_narrow,no,1.200000000000,240,0.166666666667,0.003333333333,no,CURRENT_PLATFORM
CURRENT_PLATFORM,240.000000000000,4.000000000000,795.000000,1.453371000000,547.004172,47.000000,50.000000,50,3,0.060000000000,0.035111757056,0.877793926,4.601556909,28.305627,28.816038,0.964888242944,0.035111757056,24.122206074,0.016666666667,4.800000000000,0.800000000000,1.200000000000,0.166666666667,0.003333333333,yes,0.000297088532,0.000343322868,0.008583072,19.692295,14.612154,high_risk,no,w0_high_risk,hard_fail,no,short_cavity,no,platform_too_narrow,no,1.200000000000,240,0.166666666667,0.003333333333,no,CURRENT_PLATFORM
CURRENT_PLATFORM,240.000000000000,4.000000000000,795.000000,1.453371000000,547.004172,47.000000,50.000000,50,7,0.140000000000,0.181288005126,4.532200128,9.631415535,40.951088,45.258470,0.818711994874,0.181288005126,20.467799872,0.016666666667,4.800000000000,0.800000000000,1.200000000000,0.166666666667,0.003333333333,yes,0.000553709856,0.001341718555,0.033542964,19.692295,14.612154,high_risk,yes,w0_high_risk,warning,yes,pass,no,platform_too_narrow,no,1.200000000000,240,0.166666666667,0.003333333333,no,CURRENT_PLATFORM
CURRENT_PLATFORM,240.000000000000,4.000000000000,795.000000,1.453371000000,547.004172,47.000000,50.000000,50,9,0.180000000000,0.287110354217,7.177758855,11.310338156,44.377024,52.558992,0.712889645783,0.287110354217,17.822241145,0.016666666667,4.800000000000,0.800000000000,1.200000000000,0.166666666667,0.003333333333,yes,0.000388500389,0.001104705089,0.027617627,19.692295,14.612154,high_risk,yes,w0_high_risk,warning,yes,pass,no,platform_too_narrow,no,1.200000000000,240,0.166666666667,0.003333333333,no,CURRENT_PLATFORM
CURRENT_PLATFORM,240.000000000000,4.000000000000,795.000000,1.453371000000,547.004172,47.000000,50.000000,50,11,0.220000000000,0.406309342707,10.157733568,12.278590634,46.237532,60.008744,0.593690657293,0.406309342707,14.842266432,0.016666666667,4.800000000000,0.800000000000,1.200000000000,0.166666666667,0.003333333333,yes,0.000451671183,0.001394073488,0.034851837,19.692295,14.612154,high_risk,yes,w0_high_risk,warning,yes,pass,no,platform_too_narrow,no,1.200000000000,240,0.166666666667,0.003333333333,no,CURRENT_PLATFORM
CURRENT_PLATFORM,240.000000000000,4.000000000000,795.000000,1.453371000000,547.004172,47.000000,50.000000,50,13,0.260000000000,0.531395259765,13.284881494,12.475334105,46.606498,68.083698,0.468604740235,0.468604740235,11.715118506,0.016666666667,4.800000000000,0.800000000000,1.200000000000,0.166666666667,0.003333333333,yes,0.000268384326,0.000841486783,0.021037170,19.692295,14.612154,high_risk,yes,w0_high_risk,warning,yes,pass,no,platform_too_narrow,no,1.200000000000,240,0.166666666667,0.003333333333,no,CURRENT_PLATFORM
CURRENT_PLATFORM,240.000000000000,4.000000000000,795.000000,1.453371000000,547.004172,47.000000,50.000000,50,17,0.340000000000,0.767913397489,19.197834937,10.554099069,42.867777,88.982772,0.232086602511,0.232086602511,5.802165063,0.016666666667,4.800000000000,0.800000000000,1.200000000000,0.166666666667,0.003333333333,yes,0.001182033097,0.003141861774,0.078546544,19.692295,14.612154,high_risk,yes,w0_high_risk,warning,yes,pass,no,platform_too_narrow,no,1.200000000000,240,0.166666666667,0.003333333333,no,CURRENT_PLATFORM
CURRENT_PLATFORM,240.000000000000,4.000000000000,795.000000,1.453371000000,547.004172,47.000000,50.000000,50,19,0.380000000000,0.864484313711,21.612107843,8.556838824,38.599089,104.853341,0.135515686289,0.135515686289,3.387892157,0.016666666667,4.800000000000,0.800000000000,1.200000000000,0.166666666667,0.003333333333,yes,0.000273672687,0.000588465473,0.014711637,19.692295,14.612154,high_risk,yes,w0_high_risk,warning,yes,pass,no,platform_too_narrow,no,1.200000000000,240,0.166666666667,0.003333333333,no,CURRENT_PLATFORM
CURRENT_PLATFORM,240.000000000000,4.000000000000,795.000000,1.453371000000,547.004172,47.000000,50.000000,50,21,0.420000000000,0.938153340022,23.453833501,6.021920926,32.380825,130.205636,0.061846659978,0.061846659978,1.546166499,0.016666666667,4.800000000000,0.800000000000,1.200000000000,0.166666666667,0.003333333333,yes,0.000282965478,0.000428094571,0.010702364,19.692295,14.612154,high_risk,yes,w0_high_risk,warning,yes,pass,no,platform_too_narrow,no,1.200000000000,240,0.166666666667,0.003333333333,no,CURRENT_PLATFORM
CURRENT_PLATFORM,240.000000000000,4.000000000000,795.000000,1.453371000000,547.004172,47.000000,50.000000,50,23,0.460000000000,0.984291580564,24.607289514,3.108623590,23.265075,185.625744,0.015708419436,0.015708419436,0.392710486,0.016666666667,4.800000000000,0.800000000000,1.200000000000,0.166666666667,0.003333333333,yes,0.000346500347,0.000270163589,0.006754090,19.692295,14.612154,high_risk,no,w0_high_risk,hard_fail,no,large_curved_mirror_spot,no,platform_too_narrow,no,1.200000000000,240,0.166666666667,0.003333333333,no,CURRENT_PLATFORM
CURRENT_PLATFORM,46.800000000000,4.000000000000,795.000000,1.453371000000,547.004172,47.000000,50.000000,9,1,0.111111111111,0.116977778441,2.924444461,8.034845121,37.403233,39.803689,0.883022221559,0.116977778441,22.075555539,0.085470085470,5.200000000000,1.200000000000,1.300000000000,0.230769230769,0.025641025641,yes,0.028846153846,0.053144744694,1.328618617,20.380635,15.826722,high_risk,no,w0_high_risk,hard_fail,no,short_cavity,yes,pass,no,1.300000000000,47,0.230769230769,0.025641025641,no,CURRENT_PLATFORM
CURRENT_PLATFORM,46.800000000000,4.000000000000,795.000000,1.453371000000,547.004172,47.000000,50.000000,9,2,0.222222222222,0.413175911167,10.329397779,12.310096913,46.296815,60.436200,0.586824088833,0.413175911167,14.670602221,0.085470085470,5.200000000000,1.200000000000,1.300000000000,0.230769230769,0.025641025641,yes,0.011538461538,0.035715680110,0.892892003,20.380635,15.826722,high_risk,yes,w0_high_risk,warning,yes,pass,yes,pass,yes,1.300000000000,47,0.230769230769,0.025641025641,no,CURRENT_PLATFORM
CURRENT_PLATFORM,46.800000000000,4.000000000000,795.000000,1.453371000000,547.004172,47.000000,50.000000,9,4,0.444444444444,0.969846310393,24.246157760,4.275251792,27.283572,157.119830,0.030153689607,0.030153689607,0.753842240,0.085470085470,5.200000000000,1.200000000000,1.300000000000,0.230769230769,0.025641025641,yes,0.016483516484,0.016296967361,0.407424184,20.380635,15.826722,high_risk,yes,w0_high_risk,warning,yes,pass,yes,pass,yes,1.300000000000,47,0.230769230769,0.025641025641,no,CURRENT_PLATFORM
CURRENT_PLATFORM,62.400000000000,4.000000000000,795.000000,1.453371000000,547.004172,47.000000,50.000000,12,1,0.083333333333,0.066987298108,1.674682453,6.250000000,32.988335,34.152037,0.933012701892,0.066987298108,23.325317547,0.064102564103,5.200000000000,1.200000000000,1.300000000000,0.230769230769,0.019230769231,yes,0.020979020979,0.029749235792,0.743730895,20.380635,15.664307,high_risk,no,w0_high_risk,hard_fail,no,short_cavity,yes,pass,no,1.300000000000,63,0.230769230769,0.019230769231,no,CURRENT_PLATFORM
CURRENT_PLATFORM,62.400000000000,4.000000000000,795.000000,1.453371000000,547.004172,47.000000,50.000000,12,5,0.416666666667,0.933012701892,23.325317547,6.250000000,32.988335,127.457138,0.066987298108,0.066987298108,1.674682453,0.064102564103,5.200000000000,1.200000000000,1.300000000000,0.230769230769,0.019230769231,yes,0.006593406593,0.010418021665,0.260450542,20.380635,15.664307,high_risk,yes,w0_high_risk,warning,yes,pass,yes,pass,yes,1.300000000000,63,0.230769230769,0.019230769231,no,CURRENT_PLATFORM
CURRENT_PLATFORM,156.000000000000,4.000000000000,795.000000,1.453371000000,547.004172,47.000000,50.000000,30,1,0.033333333333,0.010926199633,0.273154991,2.598896135,21.272319,21.389493,0.989073800367,0.010926199633,24.726845009,0.025641025641,5.200000000000,1.200000000000,1.300000000000,0.230769230769,0.007692307692,yes,0.007957559682,0.004625265769,0.115631644,20.380635,15.376080,high_risk,no,w0_high_risk,hard_fail,no,short_cavity,yes,pass,no,1.300000000000,156,0.230769230769,0.007692307692,no,CURRENT_PLATFORM
CURRENT_PLATFORM,156.000000000000,4.000000000000,795.000000,1.453371000000,547.004172,47.000000,50.000000,30,7,0.233333333333,0.447735768366,11.193394209,12.431523692,46.524591,62.605012,0.552264231634,0.447735768366,13.806605791,0.025641025641,5.200000000000,1.200000000000,1.300000000000,0.230769230769,0.007692307692,yes,0.001044204664,0.003262338820,0.081558471,20.380635,15.376080,high_risk,yes,w0_high_risk,warning,yes,pass,no,platform_too_narrow,no,1.300000000000,156,0.230769230769,0.007692307692,no,CURRENT_PLATFORM
CURRENT_PLATFORM,156.000000000000,4.000000000000,795.000000,1.453371000000,547.004172,47.000000,50.000000,30,11,0.366666666667,0.834565303179,20.864132579,9.289310318,40.217227,98.877805,0.165434696821,0.165434696821,4.135867421,0.025641025641,5.200000000000,1.200000000000,1.300000000000,0.230769230769,0.007692307692,yes,0.001104158999,0.002579974773,0.064499369,20.380635,15.376080,high_risk,yes,w0_high_risk,warning,yes,pass,no,platform_too_narrow,no,1.300000000000,156,0.230769230769,0.007692307692,no,CURRENT_PLATFORM
CURRENT_PLATFORM,156.000000000000,4.000000000000,795.000000,1.453371000000,547.004172,47.000000,50.000000,30,13,0.433333333333,0.956772728821,23.919318221,5.084208038,29.753087,143.104447,0.043227271179,0.043227271179,1.080681779,0.025641025641,5.200000000000,1.200000000000,1.300000000000,0.230769230769,0.007692307692,yes,0.001433349259,0.001841402836,0.046035071,20.380635,15.376080,high_risk,yes,w0_high_risk,warning,yes,pass,no,platform_too_narrow,no,1.300000000000,156,0.230769230769,0.007692307692,no,CURRENT_PLATFORM
CURRENT_PLATFORM,260.000000000000,4.000000000000,795.000000,1.453371000000,547.004172,47.000000,50.000000,50,1,0.020000000000,0.003942649343,0.098566234,1.566665420,16.516138,16.548794,0.996057350657,0.003942649343,24.901433766,0.015384615385,5.200000000000,1.200000000000,1.300000000000,0.230769230769,0.004615384615,yes,0.004709576138,0.001645641105,0.041141028,20.380635,15.302752,high_risk,no,w0_high_risk,hard_fail,no,short_cavity,no,platform_too_narrow,no,1.300000000000,260,0.230769230769,0.004615384615,no,CURRENT_PLATFORM
CURRENT_PLATFORM,260.000000000000,4.000000000000,795.000000,1.453371000000,547.004172,47.000000,50.000000,50,3,0.060000000000,0.035111757056,0.877793926,4.601556909,28.305627,28.816038,0.964888242944,0.035111757056,24.122206074,0.015384615385,5.200000000000,1.200000000000,1.300000000000,0.230769230769,0.004615384615,yes,0.000411353353,0.000475232018,0.011880800,20.380635,15.302752,high_risk,no,w0_high_risk,hard_fail,no,short_cavity,no,platform_too_narrow,no,1.300000000000,260,0.230769230769,0.004615384615,no,CURRENT_PLATFORM
CURRENT_PLATFORM,260.000000000000,4.000000000000,795.000000,1.453371000000,547.004172,47.000000,50.000000,50,7,0.140000000000,0.181288005126,4.532200128,9.631415535,40.951088,45.258470,0.818711994874,0.181288005126,20.467799872,0.015384615385,5.200000000000,1.200000000000,1.300000000000,0.230769230769,0.004615384615,yes,0.000766675185,0.001858501530,0.046462538,20.380635,15.302752,high_risk,yes,w0_high_risk,warning,yes,pass,no,platform_too_narrow,no,1.300000000000,260,0.230769230769,0.004615384615,no,CURRENT_PLATFORM
CURRENT_PLATFORM,260.000000000000,4.000000000000,795.000000,1.453371000000,547.004172,47.000000,50.000000,50,9,0.180000000000,0.287110354217,7.177758855,11.310338156,44.377024,52.558992,0.712889645783,0.287110354217,17.822241145,0.015384615385,5.200000000000,1.200000000000,1.300000000000,0.230769230769,0.004615384615,yes,0.000537923615,0.001529780137,0.038244503,20.380635,15.302752,high_risk,yes,w0_high_risk,warning,yes,pass,no,platform_too_narrow,no,1.300000000000,260,0.230769230769,0.004615384615,no,CURRENT_PLATFORM
CURRENT_PLATFORM,260.000000000000,4.000000000000,795.000000,1.453371000000,547.004172,47.000000,50.000000,50,11,0.220000000000,0.406309342707,10.157733568,12.278590634,46.237532,60.008744,0.593690657293,0.406309342707,14.842266432,0.015384615385,5.200000000000,1.200000000000,1.300000000000,0.230769230769,0.004615384615,yes,0.000625390869,0.001930382864,0.048259572,20.380635,15.302752,high_risk,yes,w0_high_risk,warning,yes,pass,no,platform_too_narrow,no,1.300000000000,260,0.230769230769,0.004615384615,no,CURRENT_PLATFORM
CURRENT_PLATFORM,260.000000000000,4.000000000000,795.000000,1.453371000000,547.004172,47.000000,50.000000,50,13,0.260000000000,0.531395259765,13.284881494,12.475334105,46.606498,68.083698,0.468604740235,0.468604740235,11.715118506,0.015384615385,5.200000000000,1.200000000000,1.300000000000,0.230769230769,0.004615384615,yes,0.000371609067,0.001165133515,0.029128338,20.380635,15.302752,high_risk,yes,w0_high_risk,warning,yes,pass,no,platform_too_narrow,no,1.300000000000,260,0.230769230769,0.004615384615,no,CURRENT_PLATFORM
CURRENT_PLATFORM,260.000000000000,4.000000000000,795.000000,1.453371000000,547.004172,47.000000,50.000000,50,17,0.340000000000,0.767913397489,19.197834937,10.554099069,42.867777,88.982772,0.232086602511,0.232086602511,5.802165063,0.015384615385,5.200000000000,1.200000000000,1.300000000000,0.230769230769,0.004615384615,yes,0.001636661211,0.004353702434,0.108842561,20.380635,15.302752,high_risk,yes,w0_high_risk,warning,yes,pass,yes,pass,yes,1.300000000000,260,0.230769230769,0.004615384615,no,CURRENT_PLATFORM
CURRENT_PLATFORM,260.000000000000,4.000000000000,795.000000,1.453371000000,547.004172,47.000000,50.000000,50,19,0.380000000000,0.864484313711,21.612107843,8.556838824,38.599089,104.853341,0.135515686289,0.135515686289,3.387892157,0.015384615385,5.200000000000,1.200000000000,1.300000000000,0.230769230769,0.004615384615,yes,0.000378931413,0.000814752334,0.020368808,20.380635,15.302752,high_risk,yes,w0_high_risk,warning,yes,pass,no,platform_too_narrow,no,1.300000000000,260,0.230769230769,0.004615384615,no,CURRENT_PLATFORM
CURRENT_PLATFORM,260.000000000000,4.000000000000,795.000000,1.453371000000,547.004172,47.000000,50.000000,50,21,0.420000000000,0.938153340022,23.453833501,6.021920926,32.380825,130.205636,0.061846659978,0.061846659978,1.546166499,0.015384615385,5.200000000000,1.200000000000,1.300000000000,0.230769230769,0.004615384615,yes,0.000391798354,0.000592657736,0.014816443,20.380635,15.302752,high_risk,yes,w0_high_risk,warning,yes,pass,no,platform_too_narrow,no,1.300000000000,260,0.230769230769,0.004615384615,no,CURRENT_PLATFORM
CURRENT_PLATFORM,260.000000000000,4.000000000000,795.000000,1.453371000000,547.004172,47.000000,50.000000,50,23,0.460000000000,0.984291580564,24.607289514,3.108623590,23.265075,185.625744,0.015708419436,0.015708419436,0.392710486,0.015384615385,5.200000000000,1.200000000000,1.300000000000,0.230769230769,0.004615384615,yes,0.000479769711,0.000373779161,0.009344479,20.380635,15.302752,high_risk,no,w0_high_risk,hard_fail,no,large_curved_mirror_spot,no,platform_too_narrow,no,1.300000000000,260,0.230769230769,0.004615384615,no,CURRENT_PLATFORM
CURRENT_PLATFORM,45.000000000000,5.000000000000,795.000000,1.453371000000,547.004172,47.000000,50.000000,9,1,0.111111111111,0.116977778441,2.924444461,8.034845121,37.403233,39.803689,0.883022221559,0.116977778441,22.075555539,0.111111111111,5.000000000000,0.000000000000,1.000000000000,0.000000000000,0.000000000000,no,0.000000000000,0.000000000000,0.000000000,20.043214,15.488511,high_risk,no,w0_high_risk,hard_fail,no,short_cavity,no,below_tau_threshold;platform_too_narrow,no,1.000000000000,45,0.000000000000,0.000000000000,yes,CURRENT_PLATFORM
CURRENT_PLATFORM,45.000000000000,5.000000000000,795.000000,1.453371000000,547.004172,47.000000,50.000000,9,2,0.222222222222,0.413175911167,10.329397779,12.310096913,46.296815,60.436200,0.586824088833,0.413175911167,14.670602221,0.111111111111,5.000000000000,0.000000000000,1.000000000000,0.000000000000,0.000000000000,no,0.000000000000,0.000000000000,0.000000000,20.043214,15.488511,high_risk,yes,w0_high_risk,warning,yes,pass,no,below_tau_threshold;platform_too_narrow,no,1.000000000000,45,0.000000000000,0.000000000000,yes,CURRENT_PLATFORM
CURRENT_PLATFORM,45.000000000000,5.000000000000,795.000000,1.453371000000,547.004172,47.000000,50.000000,9,4,0.444444444444,0.969846310393,24.246157760,4.275251792,27.283572,157.119830,0.030153689607,0.030153689607,0.753842240,0.111111111111,5.000000000000,0.000000000000,1.000000000000,0.000000000000,0.000000000000,no,0.000000000000,0.000000000000,0.000000000,20.043214,15.488511,high_risk,yes,w0_high_risk,warning,yes,pass,no,below_tau_threshold;platform_too_narrow,no,1.000000000000,45,0.000000000000,0.000000000000,yes,CURRENT_PLATFORM
CURRENT_PLATFORM,60.000000000000,5.000000000000,795.000000,1.453371000000,547.004172,47.000000,50.000000,12,1,0.083333333333,0.066987298108,1.674682453,6.250000000,32.988335,34.152037,0.933012701892,0.066987298108,23.325317547,0.083333333333,5.000000000000,0.000000000000,1.000000000000,0.000000000000,0.000000000000,no,0.000000000000,0.000000000000,0.000000000,20.043214,15.326011,high_risk,no,w0_high_risk,hard_fail,no,short_cavity,no,below_tau_threshold;platform_too_narrow,no,1.000000000000,60,0.000000000000,0.000000000000,yes,CURRENT_PLATFORM
CURRENT_PLATFORM,60.000000000000,5.000000000000,795.000000,1.453371000000,547.004172,47.000000,50.000000,12,5,0.416666666667,0.933012701892,23.325317547,6.250000000,32.988335,127.457138,0.066987298108,0.066987298108,1.674682453,0.083333333333,5.000000000000,0.000000000000,1.000000000000,0.000000000000,0.000000000000,no,0.000000000000,0.000000000000,0.000000000,20.043214,15.326011,high_risk,yes,w0_high_risk,warning,yes,pass,no,below_tau_threshold;platform_too_narrow,no,1.000000000000,60,0.000000000000,0.000000000000,yes,CURRENT_PLATFORM
CURRENT_PLATFORM,150.000000000000,5.000000000000,795.000000,1.453371000000,547.004172,47.000000,50.000000,30,1,0.033333333333,0.010926199633,0.273154991,2.598896135,21.272319,21.389493,0.989073800367,0.010926199633,24.726845009,0.033333333333,5.000000000000,0.000000000000,1.000000000000,0.000000000000,0.000000000000,no,0.000000000000,0.000000000000,0.000000000,20.043214,15.037634,high_risk,no,w0_high_risk,hard_fail,no,short_cavity,no,below_tau_threshold;platform_too_narrow,no,1.000000000000,150,0.000000000000,0.000000000000,yes,CURRENT_PLATFORM
CURRENT_PLATFORM,150.000000000000,5.000000000000,795.000000,1.453371000000,547.004172,47.000000,50.000000,30,7,0.233333333333,0.447735768366,11.193394209,12.431523692,46.524591,62.605012,0.552264231634,0.447735768366,13.806605791,0.033333333333,5.000000000000,0.000000000000,1.000000000000,0.000000000000,0.000000000000,no,0.000000000000,0.000000000000,0.000000000,20.043214,15.037634,high_risk,yes,w0_high_risk,warning,yes,pass,no,below_tau_threshold;platform_too_narrow,no,1.000000000000,150,0.000000000000,0.000000000000,yes,CURRENT_PLATFORM
CURRENT_PLATFORM,150.000000000000,5.000000000000,795.000000,1.453371000000,547.004172,47.000000,50.000000,30,11,0.366666666667,0.834565303179,20.864132579,9.289310318,40.217227,98.877805,0.165434696821,0.165434696821,4.135867421,0.033333333333,5.000000000000,0.000000000000,1.000000000000,0.000000000000,0.000000000000,no,0.000000000000,0.000000000000,0.000000000,20.043214,15.037634,high_risk,yes,w0_high_risk,warning,yes,pass,no,below_tau_threshold;platform_too_narrow,no,1.000000000000,150,0.000000000000,0.000000000000,yes,CURRENT_PLATFORM
CURRENT_PLATFORM,150.000000000000,5.000000000000,795.000000,1.453371000000,547.004172,47.000000,50.000000,30,13,0.433333333333,0.956772728821,23.919318221,5.084208038,29.753087,143.104447,0.043227271179,0.043227271179,1.080681779,0.033333333333,5.000000000000,0.000000000000,1.000000000000,0.000000000000,0.000000000000,no,0.000000000000,0.000000000000,0.000000000,20.043214,15.037634,high_risk,yes,w0_high_risk,warning,yes,pass,no,below_tau_threshold;platform_too_narrow,no,1.000000000000,150,0.000000000000,0.000000000000,yes,CURRENT_PLATFORM
CURRENT_PLATFORM,250.000000000000,5.000000000000,795.000000,1.453371000000,547.004172,47.000000,50.000000,50,1,0.020000000000,0.003942649343,0.098566234,1.566665420,16.516138,16.548794,0.996057350657,0.003942649343,24.901433766,0.020000000000,5.000000000000,0.000000000000,1.000000000000,0.000000000000,0.000000000000,no,0.000000000000,0.000000000000,0.000000000,20.043214,14.964269,high_risk,no,w0_high_risk,hard_fail,no,short_cavity,no,below_tau_threshold;platform_too_narrow,no,1.000000000000,250,0.000000000000,0.000000000000,yes,CURRENT_PLATFORM
CURRENT_PLATFORM,250.000000000000,5.000000000000,795.000000,1.453371000000,547.004172,47.000000,50.000000,50,3,0.060000000000,0.035111757056,0.877793926,4.601556909,28.305627,28.816038,0.964888242944,0.035111757056,24.122206074,0.020000000000,5.000000000000,0.000000000000,1.000000000000,0.000000000000,0.000000000000,no,0.000000000000,0.000000000000,0.000000000,20.043214,14.964269,high_risk,no,w0_high_risk,hard_fail,no,short_cavity,no,below_tau_threshold;platform_too_narrow,no,1.000000000000,250,0.000000000000,0.000000000000,yes,CURRENT_PLATFORM
CURRENT_PLATFORM,250.000000000000,5.000000000000,795.000000,1.453371000000,547.004172,47.000000,50.000000,50,7,0.140000000000,0.181288005126,4.532200128,9.631415535,40.951088,45.258470,0.818711994874,0.181288005126,20.467799872,0.020000000000,5.000000000000,0.000000000000,1.000000000000,0.000000000000,0.000000000000,no,0.000000000000,0.000000000000,0.000000000,20.043214,14.964269,high_risk,yes,w0_high_risk,warning,yes,pass,no,below_tau_threshold;platform_too_narrow,no,1.000000000000,250,0.000000000000,0.000000000000,yes,CURRENT_PLATFORM
CURRENT_PLATFORM,250.000000000000,5.000000000000,795.000000,1.453371000000,547.004172,47.000000,50.000000,50,9,0.180000000000,0.287110354217,7.177758855,11.310338156,44.377024,52.558992,0.712889645783,0.287110354217,17.822241145,0.020000000000,5.000000000000,0.000000000000,1.000000000000,0.000000000000,0.000000000000,no,0.000000000000,0.000000000000,0.000000000,20.043214,14.964269,high_risk,yes,w0_high_risk,warning,yes,pass,no,below_tau_threshold;platform_too_narrow,no,1.000000000000,250,0.000000000000,0.000000000000,yes,CURRENT_PLATFORM
CURRENT_PLATFORM,250.000000000000,5.000000000000,795.000000,1.453371000000,547.004172,47.000000,50.000000,50,11,0.220000000000,0.406309342707,10.157733568,12.278590634,46.237532,60.008744,0.593690657293,0.406309342707,14.842266432,0.020000000000,5.000000000000,0.000000000000,1.000000000000,0.000000000000,0.000000000000,no,0.000000000000,0.000000000000,0.000000000,20.043214,14.964269,high_risk,yes,w0_high_risk,warning,yes,pass,no,below_tau_threshold;platform_too_narrow,no,1.000000000000,250,0.000000000000,0.000000000000,yes,CURRENT_PLATFORM
CURRENT_PLATFORM,250.000000000000,5.000000000000,795.000000,1.453371000000,547.004172,47.000000,50.000000,50,13,0.260000000000,0.531395259765,13.284881494,12.475334105,46.606498,68.083698,0.468604740235,0.468604740235,11.715118506,0.020000000000,5.000000000000,0.000000000000,1.000000000000,0.000000000000,0.000000000000,no,0.000000000000,0.000000000000,0.000000000,20.043214,14.964269,high_risk,yes,w0_high_risk,warning,yes,pass,no,below_tau_threshold;platform_too_narrow,no,1.000000000000,250,0.000000000000,0.000000000000,yes,CURRENT_PLATFORM
CURRENT_PLATFORM,250.000000000000,5.000000000000,795.000000,1.453371000000,547.004172,47.000000,50.000000,50,17,0.340000000000,0.767913397489,19.197834937,10.554099069,42.867777,88.982772,0.232086602511,0.232086602511,5.802165063,0.020000000000,5.000000000000,0.000000000000,1.000000000000,0.000000000000,0.000000000000,no,0.000000000000,0.000000000000,0.000000000,20.043214,14.964269,high_risk,yes,w0_high_risk,warning,yes,pass,no,below_tau_threshold;platform_too_narrow,no,1.000000000000,250,0.000000000000,0.000000000000,yes,CURRENT_PLATFORM
CURRENT_PLATFORM,250.000000000000,5.000000000000,795.000000,1.453371000000,547.004172,47.000000,50.000000,50,19,0.380000000000,0.864484313711,21.612107843,8.556838824,38.599089,104.853341,0.135515686289,0.135515686289,3.387892157,0.020000000000,5.000000000000,0.000000000000,1.000000000000,0.000000000000,0.000000000000,no,0.000000000000,0.000000000000,0.000000000,20.043214,14.964269,high_risk,yes,w0_high_risk,warning,yes,pass,no,below_tau_threshold;platform_too_narrow,no,1.000000000000,250,0.000000000000,0.000000000000,yes,CURRENT_PLATFORM
CURRENT_PLATFORM,250.000000000000,5.000000000000,795.000000,1.453371000000,547.004172,47.000000,50.000000,50,21,0.420000000000,0.938153340022,23.453833501,6.021920926,32.380825,130.205636,0.061846659978,0.061846659978,1.546166499,0.020000000000,5.000000000000,0.000000000000,1.000000000000,0.000000000000,0.000000000000,no,0.000000000000,0.000000000000,0.000000000,20.043214,14.964269,high_risk,yes,w0_high_risk,warning,yes,pass,no,below_tau_threshold;platform_too_narrow,no,1.000000000000,250,0.000000000000,0.000000000000,yes,CURRENT_PLATFORM
CURRENT_PLATFORM,250.000000000000,5.000000000000,795.000000,1.453371000000,547.004172,47.000000,50.000000,50,23,0.460000000000,0.984291580564,24.607289514,3.108623590,23.265075,185.625744,0.015708419436,0.015708419436,0.392710486,0.020000000000,5.000000000000,0.000000000000,1.000000000000,0.000000000000,0.000000000000,no,0.000000000000,0.000000000000,0.000000000,20.043214,14.964269,high_risk,no,w0_high_risk,hard_fail,no,large_curved_mirror_spot,no,below_tau_threshold;platform_too_narrow,no,1.000000000000,250,0.000000000000,0.000000000000,yes,CURRENT_PLATFORM
CURRENT_PLATFORM,45.900000000000,5.000000000000,795.000000,1.453371000000,547.004172,47.000000,50.000000,9,1,0.111111111111,0.116977778441,2.924444461,8.034845121,37.403233,39.803689,0.883022221559,0.116977778441,22.075555539,0.108932461874,5.100000000000,0.100000000000,1.020000000000,0.019607843137,0.002178649237,yes,0.002450980392,0.004913990365,0.122849759,20.213547,15.659251,high_risk,no,w0_high_risk,hard_fail,no,short_cavity,yes,pass,no,1.020000000000,46,0.019607843137,0.002178649237,no,CURRENT_PLATFORM
CURRENT_PLATFORM,45.900000000000,5.000000000000,795.000000,1.453371000000,547.004172,47.000000,50.000000,9,2,0.222222222222,0.413175911167,10.329397779,12.310096913,46.296815,60.436200,0.586824088833,0.413175911167,14.670602221,0.108932461874,5.100000000000,0.100000000000,1.020000000000,0.019607843137,0.002178649237,yes,0.000980392157,0.003033378845,0.075834471,20.213547,15.659251,high_risk,yes,w0_high_risk,warning,yes,pass,no,platform_too_narrow,no,1.020000000000,46,0.019607843137,0.002178649237,no,CURRENT_PLATFORM
CURRENT_PLATFORM,45.900000000000,5.000000000000,795.000000,1.453371000000,547.004172,47.000000,50.000000,9,4,0.444444444444,0.969846310393,24.246157760,4.275251792,27.283572,157.119830,0.030153689607,0.030153689607,0.753842240,0.108932461874,5.100000000000,0.100000000000,1.020000000000,0.019607843137,0.002178649237,yes,0.001400560224,0.001494768934,0.037369223,20.213547,15.659251,high_risk,yes,w0_high_risk,warning,yes,pass,no,platform_too_narrow,no,1.020000000000,46,0.019607843137,0.002178649237,no,CURRENT_PLATFORM
CURRENT_PLATFORM,61.200000000000,5.000000000000,795.000000,1.453371000000,547.004172,47.000000,50.000000,12,1,0.083333333333,0.066987298108,1.674682453,6.250000000,32.988335,34.152037,0.933012701892,0.066987298108,23.325317547,0.081699346405,5.100000000000,0.100000000000,1.020000000000,0.019607843137,0.001633986928,yes,0.001782531194,0.002777316505,0.069432913,20.213547,15.496794,high_risk,no,w0_high_risk,hard_fail,no,short_cavity,no,platform_too_narrow,no,1.020000000000,62,0.019607843137,0.001633986928,no,CURRENT_PLATFORM
CURRENT_PLATFORM,61.200000000000,5.000000000000,795.000000,1.453371000000,547.004172,47.000000,50.000000,12,5,0.416666666667,0.933012701892,23.325317547,6.250000000,32.988335,127.457138,0.066987298108,0.066987298108,1.674682453,0.081699346405,5.100000000000,0.100000000000,1.020000000000,0.019607843137,0.001633986928,yes,0.000560224090,0.000880444548,0.022011114,20.213547,15.496794,high_risk,yes,w0_high_risk,warning,yes,pass,no,platform_too_narrow,no,1.020000000000,62,0.019607843137,0.001633986928,no,CURRENT_PLATFORM
CURRENT_PLATFORM,153.000000000000,5.000000000000,795.000000,1.453371000000,547.004172,47.000000,50.000000,30,1,0.033333333333,0.010926199633,0.273154991,2.598896135,21.272319,21.389493,0.989073800367,0.010926199633,24.726845009,0.032679738562,5.100000000000,0.100000000000,1.020000000000,0.019607843137,0.000653594771,yes,0.000676132522,0.000437511761,0.010937794,20.213547,15.208494,high_risk,no,w0_high_risk,hard_fail,no,short_cavity,no,platform_too_narrow,no,1.020000000000,153,0.019607843137,0.000653594771,no,CURRENT_PLATFORM
CURRENT_PLATFORM,153.000000000000,5.000000000000,795.000000,1.453371000000,547.004172,47.000000,50.000000,30,7,0.233333333333,0.447735768366,11.193394209,12.431523692,46.524591,62.605012,0.552264231634,0.447735768366,13.806605791,0.032679738562,5.100000000000,0.100000000000,1.020000000000,0.019607843137,0.000653594771,yes,0.000088723272,0.000277204368,0.006930109,20.213547,15.208494,high_risk,yes,w0_high_risk,warning,yes,pass,no,platform_too_narrow,no,1.020000000000,153,0.019607843137,0.000653594771,no,CURRENT_PLATFORM
CURRENT_PLATFORM,153.000000000000,5.000000000000,795.000000,1.453371000000,547.004172,47.000000,50.000000,30,11,0.366666666667,0.834565303179,20.864132579,9.289310318,40.217227,98.877805,0.165434696821,0.165434696821,4.135867421,0.032679738562,5.100000000000,0.100000000000,1.020000000000,0.019607843137,0.000653594771,yes,0.000093817431,0.000219047144,0.005476179,20.213547,15.208494,high_risk,yes,w0_high_risk,warning,yes,pass,no,platform_too_narrow,no,1.020000000000,153,0.019607843137,0.000653594771,no,CURRENT_PLATFORM
CURRENT_PLATFORM,153.000000000000,5.000000000000,795.000000,1.453371000000,547.004172,47.000000,50.000000,30,13,0.433333333333,0.956772728821,23.919318221,5.084208038,29.753087,143.104447,0.043227271179,0.043227271179,1.080681779,0.032679738562,5.100000000000,0.100000000000,1.020000000000,0.019607843137,0.000653594771,yes,0.000121787846,0.000155691930,0.003892298,20.213547,15.208494,high_risk,yes,w0_high_risk,warning,yes,pass,no,platform_too_narrow,no,1.020000000000,153,0.019607843137,0.000653594771,no,CURRENT_PLATFORM
CURRENT_PLATFORM,255.000000000000,5.000000000000,795.000000,1.453371000000,547.004172,47.000000,50.000000,50,1,0.020000000000,0.003942649343,0.098566234,1.566665420,16.516138,16.548794,0.996057350657,0.003942649343,24.901433766,0.019607843137,5.100000000000,0.100000000000,1.020000000000,0.019607843137,0.000392156863,yes,0.000400160064,0.000156056034,0.003901401,20.213547,15.135148,high_risk,no,w0_high_risk,hard_fail,no,short_cavity,no,platform_too_narrow,no,1.020000000000,255,0.019607843137,0.000392156863,no,CURRENT_PLATFORM
CURRENT_PLATFORM,255.000000000000,5.000000000000,795.000000,1.453371000000,547.004172,47.000000,50.000000,50,3,0.060000000000,0.035111757056,0.877793926,4.601556909,28.305627,28.816038,0.964888242944,0.035111757056,24.122206074,0.019607843137,5.100000000000,0.100000000000,1.020000000000,0.019607843137,0.000392156863,yes,0.000034951592,0.000040417838,0.001010446,20.213547,15.135148,high_risk,no,w0_high_risk,hard_fail,no,short_cavity,no,platform_too_narrow,no,1.020000000000,255,0.019607843137,0.000392156863,no,CURRENT_PLATFORM
CURRENT_PLATFORM,255.000000000000,5.000000000000,795.000000,1.453371000000,547.004172,47.000000,50.000000,50,7,0.140000000000,0.181288005126,4.532200128,9.631415535,40.951088,45.258470,0.818711994874,0.181288005126,20.467799872,0.019607843137,5.100000000000,0.100000000000,1.020000000000,0.019607843137,0.000392156863,yes,0.000065142336,0.000157705281,0.003942632,20.213547,15.135148,high_risk,yes,w0_high_risk,warning,yes,pass,no,platform_too_narrow,no,1.020000000000,255,0.019607843137,0.000392156863,no,CURRENT_PLATFORM
CURRENT_PLATFORM,255.000000000000,5.000000000000,795.000000,1.453371000000,547.004172,47.000000,50.000000,50,9,0.180000000000,0.287110354217,7.177758855,11.310338156,44.377024,52.558992,0.712889645783,0.287110354217,17.822241145,0.019607843137,5.100000000000,0.100000000000,1.020000000000,0.019607843137,0.000392156863,yes,0.000045705928,0.000129928496,0.003248212,20.213547,15.135148,high_risk,yes,w0_high_risk,warning,yes,pass,no,platform_too_narrow,no,1.020000000000,255,0.019607843137,0.000392156863,no,CURRENT_PLATFORM
CURRENT_PLATFORM,255.000000000000,5.000000000000,795.000000,1.453371000000,547.004172,47.000000,50.000000,50,11,0.220000000000,0.406309342707,10.157733568,12.278590634,46.237532,60.008744,0.593690657293,0.406309342707,14.842266432,0.019607843137,5.100000000000,0.100000000000,1.020000000000,0.019607843137,0.000392156863,yes,0.000053137786,0.000163983701,0.004099593,20.213547,15.135148,high_risk,yes,w0_high_risk,warning,yes,pass,no,platform_too_narrow,no,1.020000000000,255,0.019607843137,0.000392156863,no,CURRENT_PLATFORM
CURRENT_PLATFORM,255.000000000000,5.000000000000,795.000000,1.453371000000,547.004172,47.000000,50.000000,50,13,0.260000000000,0.531395259765,13.284881494,12.475334105,46.606498,68.083698,0.468604740235,0.468604740235,11.715118506,0.019607843137,5.100000000000,0.100000000000,1.020000000000,0.019607843137,0.000392156863,yes,0.000031574627,0.000098998828,0.002474971,20.213547,15.135148,high_risk,yes,w0_high_risk,warning,yes,pass,no,platform_too_narrow,no,1.020000000000,255,0.019607843137,0.000392156863,no,CURRENT_PLATFORM
CURRENT_PLATFORM,255.000000000000,5.000000000000,795.000000,1.453371000000,547.004172,47.000000,50.000000,50,17,0.340000000000,0.767913397489,19.197834937,10.554099069,42.867777,88.982772,0.232086602511,0.232086602511,5.802165063,0.019607843137,5.100000000000,0.100000000000,1.020000000000,0.019607843137,0.000392156863,yes,0.000139062717,0.000368958601,0.009223965,20.213547,15.135148,high_risk,yes,w0_high_risk,warning,yes,pass,no,platform_too_narrow,no,1.020000000000,255,0.019607843137,0.000392156863,no,CURRENT_PLATFORM
CURRENT_PLATFORM,255.000000000000,5.000000000000,795.000000,1.453371000000,547.004172,47.000000,50.000000,50,19,0.380000000000,0.864484313711,21.612107843,8.556838824,38.599089,104.853341,0.135515686289,0.135515686289,3.387892157,0.019607843137,5.100000000000,0.100000000000,1.020000000000,0.019607843137,0.000392156863,yes,0.000032196787,0.000069240191,0.001731005,20.213547,15.135148,high_risk,yes,w0_high_risk,warning,yes,pass,no,platform_too_narrow,no,1.020000000000,255,0.019607843137,0.000392156863,no,CURRENT_PLATFORM
CURRENT_PLATFORM,255.000000000000,5.000000000000,795.000000,1.453371000000,547.004172,47.000000,50.000000,50,21,0.420000000000,0.938153340022,23.453833501,6.021920926,32.380825,130.205636,0.061846659978,0.061846659978,1.546166499,0.019607843137,5.100000000000,0.100000000000,1.020000000000,0.019607843137,0.000392156863,yes,0.000033290056,0.000050381328,0.001259533,20.213547,15.135148,high_risk,yes,w0_high_risk,warning,yes,pass,no,platform_too_narrow,no,1.020000000000,255,0.019607843137,0.000392156863,no,CURRENT_PLATFORM
CURRENT_PLATFORM,255.000000000000,5.000000000000,795.000000,1.453371000000,547.004172,47.000000,50.000000,50,23,0.460000000000,0.984291580564,24.607289514,3.108623590,23.265075,185.625744,0.015708419436,0.015708419436,0.392710486,0.019607843137,5.100000000000,0.100000000000,1.020000000000,0.019607843137,0.000392156863,yes,0.000040764747,0.000031841151,0.000796029,20.213547,15.135148,high_risk,no,w0_high_risk,hard_fail,no,large_curved_mirror_spot,no,platform_too_narrow,no,1.020000000000,255,0.019607843137,0.000392156863,no,CURRENT_PLATFORM
CURRENT_PLATFORM,47.250000000000,5.000000000000,795.000000,1.453371000000,547.004172,47.000000,50.000000,9,1,0.111111111111,0.116977778441,2.924444461,8.034845121,37.403233,39.803689,0.883022221559,0.116977778441,22.075555539,0.105820105820,5.250000000000,0.250000000000,1.050000000000,0.047619047619,0.005291005291,yes,0.005952380952,0.011809799232,0.295244981,20.463000,15.909270,high_risk,no,w0_high_risk,hard_fail,no,short_cavity,yes,pass,no,1.050000000000,48,0.047619047619,0.005291005291,no,CURRENT_PLATFORM
CURRENT_PLATFORM,47.250000000000,5.000000000000,795.000000,1.453371000000,547.004172,47.000000,50.000000,9,2,0.222222222222,0.413175911167,10.329397779,12.310096913,46.296815,60.436200,0.586824088833,0.413175911167,14.670602221,0.105820105820,5.250000000000,0.250000000000,1.050000000000,0.047619047619,0.005291005291,yes,0.002380952381,0.007367353037,0.184183826,20.463000,15.909270,high_risk,yes,w0_high_risk,warning,yes,pass,yes,pass,yes,1.050000000000,48,0.047619047619,0.005291005291,no,CURRENT_PLATFORM
CURRENT_PLATFORM,47.250000000000,5.000000000000,795.000000,1.453371000000,547.004172,47.000000,50.000000,9,4,0.444444444444,0.969846310393,24.246157760,4.275251792,27.283572,157.119830,0.030153689607,0.030153689607,0.753842240,0.105820105820,5.250000000000,0.250000000000,1.050000000000,0.047619047619,0.005291005291,yes,0.003401360544,0.003594978620,0.089874465,20.463000,15.909270,high_risk,yes,w0_high_risk,warning,yes,pass,no,platform_too_narrow,no,1.050000000000,48,0.047619047619,0.005291005291,no,CURRENT_PLATFORM
CURRENT_PLATFORM,63.000000000000,5.000000000000,795.000000,1.453371000000,547.004172,47.000000,50.000000,12,1,0.083333333333,0.066987298108,1.674682453,6.250000000,32.988335,34.152037,0.933012701892,0.066987298108,23.325317547,0.079365079365,5.250000000000,0.250000000000,1.050000000000,0.047619047619,0.003968253968,yes,0.004329004329,0.006665862005,0.166646550,20.463000,15.746875,high_risk,no,w0_high_risk,hard_fail,no,short_cavity,yes,pass,no,1.050000000000,63,0.047619047619,0.003968253968,no,CURRENT_PLATFORM
CURRENT_PLATFORM,63.000000000000,5.000000000000,795.000000,1.453371000000,547.004172,47.000000,50.000000,12,5,0.416666666667,0.933012701892,23.325317547,6.250000000,32.988335,127.457138,0.066987298108,0.066987298108,1.674682453,0.079365079365,5.250000000000,0.250000000000,1.050000000000,0.047619047619,0.003968253968,yes,0.001360544218,0.002139767767,0.053494194,20.463000,15.746875,high_risk,yes,w0_high_risk,warning,yes,pass,no,platform_too_narrow,no,1.050000000000,63,0.047619047619,0.003968253968,no,CURRENT_PLATFORM
CURRENT_PLATFORM,157.500000000000,5.000000000000,795.000000,1.453371000000,547.004172,47.000000,50.000000,30,1,0.033333333333,0.010926199633,0.273154991,2.598896135,21.272319,21.389493,0.989073800367,0.010926199633,24.726845009,0.031746031746,5.250000000000,0.250000000000,1.050000000000,0.047619047619,0.001587301587,yes,0.001642036125,0.001048223647,0.026205591,20.463000,15.458683,high_risk,no,w0_high_risk,hard_fail,no,short_cavity,no,platform_too_narrow,no,1.050000000000,158,0.047619047619,0.001587301587,no,CURRENT_PLATFORM
CURRENT_PLATFORM,157.500000000000,5.000000000000,795.000000,1.453371000000,547.004172,47.000000,50.000000,30,7,0.233333333333,0.447735768366,11.193394209,12.431523692,46.524591,62.605012,0.552264231634,0.447735768366,13.806605791,0.031746031746,5.250000000000,0.250000000000,1.050000000000,0.047619047619,0.001587301587,yes,0.000215470804,0.000673206807,0.016830170,20.463000,15.458683,high_risk,yes,w0_high_risk,warning,yes,pass,no,platform_too_narrow,no,1.050000000000,158,0.047619047619,0.001587301587,no,CURRENT_PLATFORM
CURRENT_PLATFORM,157.500000000000,5.000000000000,795.000000,1.453371000000,547.004172,47.000000,50.000000,30,11,0.366666666667,0.834565303179,20.864132579,9.289310318,40.217227,98.877805,0.165434696821,0.165434696821,4.135867421,0.031746031746,5.250000000000,0.250000000000,1.050000000000,0.047619047619,0.001587301587,yes,0.000227842333,0.000532025366,0.013300634,20.463000,15.458683,high_risk,yes,w0_high_risk,warning,yes,pass,no,platform_too_narrow,no,1.050000000000,158,0.047619047619,0.001587301587,no,CURRENT_PLATFORM
CURRENT_PLATFORM,157.500000000000,5.000000000000,795.000000,1.453371000000,547.004172,47.000000,50.000000,30,13,0.433333333333,0.956772728821,23.919318221,5.084208038,29.753087,143.104447,0.043227271179,0.043227271179,1.080681779,0.031746031746,5.250000000000,0.250000000000,1.050000000000,0.047619047619,0.001587301587,yes,0.000295770482,0.000378356339,0.009458908,20.463000,15.458683,high_risk,yes,w0_high_risk,warning,yes,pass,no,platform_too_narrow,no,1.050000000000,158,0.047619047619,0.001587301587,no,CURRENT_PLATFORM
CURRENT_PLATFORM,262.500000000000,5.000000000000,795.000000,1.453371000000,547.004172,47.000000,50.000000,50,1,0.020000000000,0.003942649343,0.098566234,1.566665420,16.516138,16.548794,0.996057350657,0.003942649343,24.901433766,0.019047619048,5.250000000000,0.250000000000,1.050000000000,0.047619047619,0.000952380952,yes,0.000971817298,0.000373769196,0.009344230,20.463000,15.385363,high_risk,no,w0_high_risk,hard_fail,no,short_cavity,no,platform_too_narrow,no,1.050000000000,263,0.047619047619,0.000952380952,no,CURRENT_PLATFORM
CURRENT_PLATFORM,262.500000000000,5.000000000000,795.000000,1.453371000000,547.004172,47.000000,50.000000,50,3,0.060000000000,0.035111757056,0.877793926,4.601556909,28.305627,28.816038,0.964888242944,0.035111757056,24.122206074,0.019047619048,5.250000000000,0.250000000000,1.050000000000,0.047619047619,0.000952380952,yes,0.000084882438,0.000098145159,0.002453629,20.463000,15.385363,high_risk,no,w0_high_risk,hard_fail,no,short_cavity,no,platform_too_narrow,no,1.050000000000,263,0.047619047619,0.000952380952,no,CURRENT_PLATFORM
CURRENT_PLATFORM,262.500000000000,5.000000000000,795.000000,1.453371000000,547.004172,47.000000,50.000000,50,7,0.140000000000,0.181288005126,4.532200128,9.631415535,40.951088,45.258470,0.818711994874,0.181288005126,20.467799872,0.019047619048,5.250000000000,0.250000000000,1.050000000000,0.047619047619,0.000952380952,yes,0.000158202816,0.000383065193,0.009576630,20.463000,15.385363,high_risk,yes,w0_high_risk,warning,yes,pass,no,platform_too_narrow,no,1.050000000000,263,0.047619047619,0.000952380952,no,CURRENT_PLATFORM
CURRENT_PLATFORM,262.500000000000,5.000000000000,795.000000,1.453371000000,547.004172,47.000000,50.000000,50,9,0.180000000000,0.287110354217,7.177758855,11.310338156,44.377024,52.558992,0.712889645783,0.287110354217,17.822241145,0.019047619048,5.250000000000,0.250000000000,1.050000000000,0.047619047619,0.000952380952,yes,0.000111000111,0.000315557678,0.007888942,20.463000,15.385363,high_risk,yes,w0_high_risk,warning,yes,pass,no,platform_too_narrow,no,1.050000000000,263,0.047619047619,0.000952380952,no,CURRENT_PLATFORM
CURRENT_PLATFORM,262.500000000000,5.000000000000,795.000000,1.453371000000,547.004172,47.000000,50.000000,50,11,0.220000000000,0.406309342707,10.157733568,12.278590634,46.237532,60.008744,0.593690657293,0.406309342707,14.842266432,0.019047619048,5.250000000000,0.250000000000,1.050000000000,0.047619047619,0.000952380952,yes,0.000129048910,0.000398257706,0.009956443,20.463000,15.385363,high_risk,yes,w0_high_risk,warning,yes,pass,no,platform_too_narrow,no,1.050000000000,263,0.047619047619,0.000952380952,no,CURRENT_PLATFORM
CURRENT_PLATFORM,262.500000000000,5.000000000000,795.000000,1.453371000000,547.004172,47.000000,50.000000,50,13,0.260000000000,0.531395259765,13.284881494,12.475334105,46.606498,68.083698,0.468604740235,0.468604740235,11.715118506,0.019047619048,5.250000000000,0.250000000000,1.050000000000,0.047619047619,0.000952380952,yes,0.000076681236,0.000240425551,0.006010639,20.463000,15.385363,high_risk,yes,w0_high_risk,warning,yes,pass,no,platform_too_narrow,no,1.050000000000,263,0.047619047619,0.000952380952,no,CURRENT_PLATFORM
CURRENT_PLATFORM,262.500000000000,5.000000000000,795.000000,1.453371000000,547.004172,47.000000,50.000000,50,17,0.340000000000,0.767913397489,19.197834937,10.554099069,42.867777,88.982772,0.232086602511,0.232086602511,5.802165063,0.019047619048,5.250000000000,0.250000000000,1.050000000000,0.047619047619,0.000952380952,yes,0.000337723742,0.000896354086,0.022408852,20.463000,15.385363,high_risk,yes,w0_high_risk,warning,yes,pass,no,platform_too_narrow,no,1.050000000000,263,0.047619047619,0.000952380952,no,CURRENT_PLATFORM
CURRENT_PLATFORM,262.500000000000,5.000000000000,795.000000,1.453371000000,547.004172,47.000000,50.000000,50,19,0.380000000000,0.864484313711,21.612107843,8.556838824,38.599089,104.853341,0.135515686289,0.135515686289,3.387892157,0.019047619048,5.250000000000,0.250000000000,1.050000000000,0.047619047619,0.000952380952,yes,0.000078192196,0.000168150608,0.004203765,20.463000,15.385363,high_risk,yes,w0_high_risk,warning,yes,pass,no,platform_too_narrow,no,1.050000000000,263,0.047619047619,0.000952380952,no,CURRENT_PLATFORM
CURRENT_PLATFORM,262.500000000000,5.000000000000,795.000000,1.453371000000,547.004172,47.000000,50.000000,50,21,0.420000000000,0.938153340022,23.453833501,6.021920926,32.380825,130.205636,0.061846659978,0.061846659978,1.546166499,0.019047619048,5.250000000000,0.250000000000,1.050000000000,0.047619047619,0.000952380952,yes,0.000080847279,0.000122346671,0.003058667,20.463000,15.385363,high_risk,yes,w0_high_risk,warning,yes,pass,no,platform_too_narrow,no,1.050000000000,263,0.047619047619,0.000952380952,no,CURRENT_PLATFORM
CURRENT_PLATFORM,262.500000000000,5.000000000000,795.000000,1.453371000000,547.004172,47.000000,50.000000,50,23,0.460000000000,0.984291580564,24.607289514,3.108623590,23.265075,185.625744,0.015708419436,0.015708419436,0.392710486,0.019047619048,5.250000000000,0.250000000000,1.050000000000,0.047619047619,0.000952380952,yes,0.000099000099,0.000077302052,0.001932551,20.463000,15.385363,high_risk,no,w0_high_risk,hard_fail,no,large_curved_mirror_spot,no,platform_too_narrow,no,1.050000000000,263,0.047619047619,0.000952380952,no,CURRENT_PLATFORM
CURRENT_PLATFORM,49.500000000000,5.000000000000,795.000000,1.453371000000,547.004172,47.000000,50.000000,9,1,0.111111111111,0.116977778441,2.924444461,8.034845121,37.403233,39.803689,0.883022221559,0.116977778441,22.075555539,0.101010101010,5.500000000000,0.500000000000,1.100000000000,0.090909090909,0.010101010101,yes,0.011363636364,0.022174651848,0.554366296,20.863598,16.310712,high_risk,no,w0_high_risk,hard_fail,no,short_cavity,yes,pass,no,1.100000000000,50,0.090909090909,0.010101010101,no,CURRENT_PLATFORM
CURRENT_PLATFORM,49.500000000000,5.000000000000,795.000000,1.453371000000,547.004172,47.000000,50.000000,9,2,0.222222222222,0.413175911167,10.329397779,12.310096913,46.296815,60.436200,0.586824088833,0.413175911167,14.670602221,0.101010101010,5.500000000000,0.500000000000,1.100000000000,0.090909090909,0.010101010101,yes,0.004545454545,0.014066460479,0.351661512,20.863598,16.310712,high_risk,yes,w0_high_risk,warning,yes,pass,yes,pass,yes,1.100000000000,50,0.090909090909,0.010101010101,no,CURRENT_PLATFORM
CURRENT_PLATFORM,49.500000000000,5.000000000000,795.000000,1.453371000000,547.004172,47.000000,50.000000,9,4,0.444444444444,0.969846310393,24.246157760,4.275251792,27.283572,157.119830,0.030153689607,0.030153689607,0.753842240,0.101010101010,5.500000000000,0.500000000000,1.100000000000,0.090909090909,0.010101010101,yes,0.006493506494,0.006759026430,0.168975661,20.863598,16.310712,high_risk,yes,w0_high_risk,warning,yes,pass,yes,pass,yes,1.100000000000,50,0.090909090909,0.010101010101,no,CURRENT_PLATFORM
CURRENT_PLATFORM,66.000000000000,5.000000000000,795.000000,1.453371000000,547.004172,47.000000,50.000000,12,1,0.083333333333,0.066987298108,1.674682453,6.250000000,32.988335,34.152037,0.933012701892,0.066987298108,23.325317547,0.075757575758,5.500000000000,0.500000000000,1.100000000000,0.090909090909,0.007575757576,yes,0.008264462810,0.012490888830,0.312272221,20.863598,16.148408,high_risk,no,w0_high_risk,hard_fail,no,short_cavity,yes,pass,no,1.100000000000,66,0.090909090909,0.007575757576,no,CURRENT_PLATFORM
CURRENT_PLATFORM,66.000000000000,5.000000000000,795.000000,1.453371000000,547.004172,47.000000,50.000000,12,5,0.416666666667,0.933012701892,23.325317547,6.250000000,32.988335,127.457138,0.066987298108,0.066987298108,1.674682453,0.075757575758,5.500000000000,0.500000000000,1.100000000000,0.090909090909,0.007575757576,yes,0.002597402597,0.004089552057,0.102238801,20.863598,16.148408,high_risk,yes,w0_high_risk,warning,yes,pass,yes,pass,yes,1.100000000000,66,0.090909090909,0.007575757576,no,CURRENT_PLATFORM
CURRENT_PLATFORM,165.000000000000,5.000000000000,795.000000,1.453371000000,547.004172,47.000000,50.000000,30,1,0.033333333333,0.010926199633,0.273154991,2.598896135,21.272319,21.389493,0.989073800367,0.010926199633,24.726845009,0.030303030303,5.500000000000,0.500000000000,1.100000000000,0.090909090909,0.003030303030,yes,0.003134796238,0.001958905899,0.048972647,20.863598,15.860375,high_risk,no,w0_high_risk,hard_fail,no,short_cavity,no,platform_too_narrow,no,1.100000000000,165,0.090909090909,0.003030303030,no,CURRENT_PLATFORM
CURRENT_PLATFORM,165.000000000000,5.000000000000,795.000000,1.453371000000,547.004172,47.000000,50.000000,30,7,0.233333333333,0.447735768366,11.193394209,12.431523692,46.524591,62.605012,0.552264231634,0.447735768366,13.806605791,0.030303030303,5.500000000000,0.500000000000,1.100000000000,0.090909090909,0.003030303030,yes,0.000411353353,0.001285201638,0.032130041,20.863598,15.860375,high_risk,yes,w0_high_risk,warning,yes,pass,no,platform_too_narrow,no,1.100000000000,165,0.090909090909,0.003030303030,no,CURRENT_PLATFORM
CURRENT_PLATFORM,165.000000000000,5.000000000000,795.000000,1.453371000000,547.004172,47.000000,50.000000,30,11,0.366666666667,0.834565303179,20.864132579,9.289310318,40.217227,98.877805,0.165434696821,0.165434696821,4.135867421,0.030303030303,5.500000000000,0.500000000000,1.100000000000,0.090909090909,0.003030303030,yes,0.000434971727,0.001015843177,0.025396079,20.863598,15.860375,high_risk,yes,w0_high_risk,warning,yes,pass,no,platform_too_narrow,no,1.100000000000,165,0.090909090909,0.003030303030,no,CURRENT_PLATFORM
CURRENT_PLATFORM,165.000000000000,5.000000000000,795.000000,1.453371000000,547.004172,47.000000,50.000000,30,13,0.433333333333,0.956772728821,23.919318221,5.084208038,29.753087,143.104447,0.043227271179,0.043227271179,1.080681779,0.030303030303,5.500000000000,0.500000000000,1.100000000000,0.090909090909,0.003030303030,yes,0.000564652739,0.000723046221,0.018076156,20.863598,15.860375,high_risk,yes,w0_high_risk,warning,yes,pass,no,platform_too_narrow,no,1.100000000000,165,0.090909090909,0.003030303030,no,CURRENT_PLATFORM
CURRENT_PLATFORM,275.000000000000,5.000000000000,795.000000,1.453371000000,547.004172,47.000000,50.000000,50,1,0.020000000000,0.003942649343,0.098566234,1.566665420,16.516138,16.548794,0.996057350657,0.003942649343,24.901433766,0.018181818182,5.500000000000,0.500000000000,1.100000000000,0.090909090909,0.001818181818,yes,0.001855287570,0.000698140739,0.017453518,20.863598,15.787095,high_risk,no,w0_high_risk,hard_fail,no,short_cavity,no,platform_too_narrow,no,1.100000000000,275,0.090909090909,0.001818181818,no,CURRENT_PLATFORM
CURRENT_PLATFORM,275.000000000000,5.000000000000,795.000000,1.453371000000,547.004172,47.000000,50.000000,50,3,0.060000000000,0.035111757056,0.877793926,4.601556909,28.305627,28.816038,0.964888242944,0.035111757056,24.122206074,0.018181818182,5.500000000000,0.500000000000,1.100000000000,0.090909090909,0.001818181818,yes,0.000162048290,0.000187331303,0.004683283,20.863598,15.787095,high_risk,no,w0_high_risk,hard_fail,no,short_cavity,no,platform_too_narrow,no,1.100000000000,275,0.090909090909,0.001818181818,no,CURRENT_PLATFORM
CURRENT_PLATFORM,275.000000000000,5.000000000000,795.000000,1.453371000000,547.004172,47.000000,50.000000,50,7,0.140000000000,0.181288005126,4.532200128,9.631415535,40.951088,45.258470,0.818711994874,0.181288005126,20.467799872,0.018181818182,5.500000000000,0.500000000000,1.100000000000,0.090909090909,0.001818181818,yes,0.000302023558,0.000731502828,0.018287571,20.863598,15.787095,high_risk,yes,w0_high_risk,warning,yes,pass,no,platform_too_narrow,no,1.100000000000,275,0.090909090909,0.001818181818,no,CURRENT_PLATFORM
CURRENT_PLATFORM,275.000000000000,5.000000000000,795.000000,1.453371000000,547.004172,47.000000,50.000000,50,9,0.180000000000,0.287110354217,7.177758855,11.310338156,44.377024,52.558992,0.712889645783,0.287110354217,17.822241145,0.018181818182,5.500000000000,0.500000000000,1.100000000000,0.090909090909,0.001818181818,yes,0.000211909303,0.000602478553,0.015061964,20.863598,15.787095,high_risk,yes,w0_high_risk,warning,yes,pass,no,platform_too_narrow,no,1.100000000000,275,0.090909090909,0.001818181818,no,CURRENT_PLATFORM
CURRENT_PLATFORM,275.000000000000,5.000000000000,795.000000,1.453371000000,547.004172,47.000000,50.000000,50,11,0.220000000000,0.406309342707,10.157733568,12.278590634,46.237532,60.008744,0.593690657293,0.406309342707,14.842266432,0.018181818182,5.500000000000,0.500000000000,1.100000000000,0.090909090909,0.001818181818,yes,0.000246366100,0.000760344253,0.019008606,20.863598,15.787095,high_risk,yes,w0_high_risk,warning,yes,pass,no,platform_too_narrow,no,1.100000000000,275,0.090909090909,0.001818181818,no,CURRENT_PLATFORM
CURRENT_PLATFORM,275.000000000000,5.000000000000,795.000000,1.453371000000,547.004172,47.000000,50.000000,50,13,0.260000000000,0.531395259765,13.284881494,12.475334105,46.606498,68.083698,0.468604740235,0.468604740235,11.715118506,0.018181818182,5.500000000000,0.500000000000,1.100000000000,0.090909090909,0.001818181818,yes,0.000146391451,0.000458993715,0.011474843,20.863598,15.787095,high_risk,yes,w0_high_risk,warning,yes,pass,no,platform_too_narrow,no,1.100000000000,275,0.090909090909,0.001818181818,no,CURRENT_PLATFORM
CURRENT_PLATFORM,275.000000000000,5.000000000000,795.000000,1.453371000000,547.004172,47.000000,50.000000,50,17,0.340000000000,0.767913397489,19.197834937,10.554099069,42.867777,88.982772,0.232086602511,0.232086602511,5.802165063,0.018181818182,5.500000000000,0.500000000000,1.100000000000,0.090909090909,0.001818181818,yes,0.000644745326,0.001712139837,0.042803496,20.863598,15.787095,high_risk,yes,w0_high_risk,warning,yes,pass,no,platform_too_narrow,no,1.100000000000,275,0.090909090909,0.001818181818,no,CURRENT_PLATFORM
CURRENT_PLATFORM,275.000000000000,5.000000000000,795.000000,1.453371000000,547.004172,47.000000,50.000000,50,19,0.380000000000,0.864484313711,21.612107843,8.556838824,38.599089,104.853341,0.135515686289,0.135515686289,3.387892157,0.018181818182,5.500000000000,0.500000000000,1.100000000000,0.090909090909,0.001818181818,yes,0.000149276011,0.000321002573,0.008025064,20.863598,15.787095,high_risk,yes,w0_high_risk,warning,yes,pass,no,platform_too_narrow,no,1.100000000000,275,0.090909090909,0.001818181818,no,CURRENT_PLATFORM
CURRENT_PLATFORM,275.000000000000,5.000000000000,795.000000,1.453371000000,547.004172,47.000000,50.000000,50,21,0.420000000000,0.938153340022,23.453833501,6.021920926,32.380825,130.205636,0.061846659978,0.061846659978,1.546166499,0.018181818182,5.500000000000,0.500000000000,1.100000000000,0.090909090909,0.001818181818,yes,0.000154344806,0.000233547362,0.005838684,20.863598,15.787095,high_risk,yes,w0_high_risk,warning,yes,pass,no,platform_too_narrow,no,1.100000000000,275,0.090909090909,0.001818181818,no,CURRENT_PLATFORM
CURRENT_PLATFORM,275.000000000000,5.000000000000,795.000000,1.453371000000,547.004172,47.000000,50.000000,50,23,0.460000000000,0.984291580564,24.607289514,3.108623590,23.265075,185.625744,0.015708419436,0.015708419436,0.392710486,0.018181818182,5.500000000000,0.500000000000,1.100000000000,0.090909090909,0.001818181818,yes,0.000189000189,0.000147498583,0.003687465,20.863598,15.787095,high_risk,no,w0_high_risk,hard_fail,no,large_curved_mirror_spot,no,platform_too_narrow,no,1.100000000000,275,0.090909090909,0.001818181818,no,CURRENT_PLATFORM
CURRENT_PLATFORM,51.750000000000,5.000000000000,795.000000,1.453371000000,547.004172,47.000000,50.000000,9,1,0.111111111111,0.116977778441,2.924444461,8.034845121,37.403233,39.803689,0.883022221559,0.116977778441,22.075555539,0.096618357488,5.750000000000,0.750000000000,1.150000000000,0.130434782609,0.014492753623,yes,0.016304347826,0.031322004899,0.783050122,21.246672,16.694522,high_risk,no,w0_high_risk,hard_fail,no,short_cavity,yes,pass,no,1.150000000000,52,0.130434782609,0.014492753623,no,CURRENT_PLATFORM
CURRENT_PLATFORM,51.750000000000,5.000000000000,795.000000,1.453371000000,547.004172,47.000000,50.000000,9,2,0.222222222222,0.413175911167,10.329397779,12.310096913,46.296815,60.436200,0.586824088833,0.413175911167,14.670602221,0.096618357488,5.750000000000,0.750000000000,1.150000000000,0.130434782609,0.014492753623,yes,0.006521739130,0.020184014053,0.504600351,21.246672,16.694522,high_risk,yes,w0_high_risk,warning,yes,pass,yes,pass,yes,1.150000000000,52,0.130434782609,0.014492753623,no,CURRENT_PLATFORM
CURRENT_PLATFORM,51.750000000000,5.000000000000,795.000000,1.453371000000,547.004172,47.000000,50.000000,9,4,0.444444444444,0.969846310393,24.246157760,4.275251792,27.283572,157.119830,0.030153689607,0.030153689607,0.753842240,0.096618357488,5.750000000000,0.750000000000,1.150000000000,0.130434782609,0.014492753623,yes,0.009316770186,0.009560845174,0.239021129,21.246672,16.694522,high_risk,yes,w0_high_risk,warning,yes,pass,yes,pass,yes,1.150000000000,52,0.130434782609,0.014492753623,no,CURRENT_PLATFORM
CURRENT_PLATFORM,69.000000000000,5.000000000000,795.000000,1.453371000000,547.004172,47.000000,50.000000,12,1,0.083333333333,0.066987298108,1.674682453,6.250000000,32.988335,34.152037,0.933012701892,0.066987298108,23.325317547,0.072463768116,5.750000000000,0.750000000000,1.150000000000,0.130434782609,0.010869565217,yes,0.011857707510,0.017611656901,0.440291423,21.246672,16.532298,high_risk,no,w0_high_risk,hard_fail,no,short_cavity,yes,pass,no,1.150000000000,69,0.130434782609,0.010869565217,no,CURRENT_PLATFORM
CURRENT_PLATFORM,69.000000000000,5.000000000000,795.000000,1.453371000000,547.004172,47.000000,50.000000,12,5,0.416666666667,0.933012701892,23.325317547,6.250000000,32.988335,127.457138,0.066987298108,0.066987298108,1.674682453,0.072463768116,5.750000000000,0.750000000000,1.150000000000,0.130434782609,0.010869565217,yes,0.003726708075,0.005873538730,0.146838468,21.246672,16.532298,high_risk,yes,w0_high_risk,warning,yes,pass,yes,pass,yes,1.150000000000,69,0.130434782609,0.010869565217,no,CURRENT_PLATFORM
CURRENT_PLATFORM,172.500000000000,5.000000000000,795.000000,1.453371000000,547.004172,47.000000,50.000000,30,1,0.033333333333,0.010926199633,0.273154991,2.598896135,21.272319,21.389493,0.989073800367,0.010926199633,24.726845009,0.028985507246,5.750000000000,0.750000000000,1.150000000000,0.130434782609,0.004347826087,yes,0.004497751124,0.002755194544,0.068879864,21.246672,16.244404,high_risk,no,w0_high_risk,hard_fail,no,short_cavity,no,platform_too_narrow,no,1.150000000000,173,0.130434782609,0.004347826087,no,CURRENT_PLATFORM
CURRENT_PLATFORM,172.500000000000,5.000000000000,795.000000,1.453371000000,547.004172,47.000000,50.000000,30,7,0.233333333333,0.447735768366,11.193394209,12.431523692,46.524591,62.605012,0.552264231634,0.447735768366,13.806605791,0.028985507246,5.750000000000,0.750000000000,1.150000000000,0.130434782609,0.004347826087,yes,0.000590202636,0.001843969866,0.046099247,21.246672,16.244404,high_risk,yes,w0_high_risk,warning,yes,pass,no,platform_too_narrow,no,1.150000000000,173,0.130434782609,0.004347826087,no,CURRENT_PLATFORM
CURRENT_PLATFORM,172.500000000000,5.000000000000,795.000000,1.453371000000,547.004172,47.000000,50.000000,30,11,0.366666666667,0.834565303179,20.864132579,9.289310318,40.217227,98.877805,0.165434696821,0.165434696821,4.135867421,0.028985507246,5.750000000000,0.750000000000,1.150000000000,0.130434782609,0.004347826087,yes,0.000624089869,0.001457721395,0.036443035,21.246672,16.244404,high_risk,yes,w0_high_risk,warning,yes,pass,no,platform_too_narrow,no,1.150000000000,173,0.130434782609,0.004347826087,no,CURRENT_PLATFORM
CURRENT_PLATFORM,172.500000000000,5.000000000000,795.000000,1.453371000000,547.004172,47.000000,50.000000,30,13,0.433333333333,0.956772728821,23.919318221,5.084208038,29.753087,143.104447,0.043227271179,0.043227271179,1.080681779,0.028985507246,5.750000000000,0.750000000000,1.150000000000,0.130434782609,0.004347826087,yes,0.000810153929,0.001038369498,0.025959237,21.246672,16.244404,high_risk,yes,w0_high_risk,warning,yes,pass,no,platform_too_narrow,no,1.150000000000,173,0.130434782609,0.004347826087,no,CURRENT_PLATFORM
CURRENT_PLATFORM,287.500000000000,5.000000000000,795.000000,1.453371000000,547.004172,47.000000,50.000000,50,1,0.020000000000,0.003942649343,0.098566234,1.566665420,16.516138,16.548794,0.996057350657,0.003942649343,24.901433766,0.017391304348,5.750000000000,0.750000000000,1.150000000000,0.130434782609,0.002608695652,yes,0.002661934339,0.000981473230,0.024536831,21.246672,16.171159,high_risk,no,w0_high_risk,hard_fail,no,short_cavity,no,platform_too_narrow,no,1.150000000000,288,0.130434782609,0.002608695652,no,CURRENT_PLATFORM
CURRENT_PLATFORM,287.500000000000,5.000000000000,795.000000,1.453371000000,547.004172,47.000000,50.000000,50,3,0.060000000000,0.035111757056,0.877793926,4.601556909,28.305627,28.816038,0.964888242944,0.035111757056,24.122206074,0.017391304348,5.750000000000,0.750000000000,1.150000000000,0.130434782609,0.002608695652,yes,0.000232504069,0.000268731576,0.006718289,21.246672,16.171159,high_risk,no,w0_high_risk,hard_fail,no,short_cavity,no,platform_too_narrow,no,1.150000000000,288,0.130434782609,0.002608695652,no,CURRENT_PLATFORM
CURRENT_PLATFORM,287.500000000000,5.000000000000,795.000000,1.453371000000,547.004172,47.000000,50.000000,50,7,0.140000000000,0.181288005126,4.532200128,9.631415535,40.951088,45.258470,0.818711994874,0.181288005126,20.467799872,0.017391304348,5.750000000000,0.750000000000,1.150000000000,0.130434782609,0.002608695652,yes,0.000433338148,0.001049804861,0.026245122,21.246672,16.171159,high_risk,yes,w0_high_risk,warning,yes,pass,no,platform_too_narrow,no,1.150000000000,288,0.130434782609,0.002608695652,no,CURRENT_PLATFORM
CURRENT_PLATFORM,287.500000000000,5.000000000000,795.000000,1.453371000000,547.004172,47.000000,50.000000,50,9,0.180000000000,0.287110354217,7.177758855,11.310338156,44.377024,52.558992,0.712889645783,0.287110354217,17.822241145,0.017391304348,5.750000000000,0.750000000000,1.150000000000,0.130434782609,0.002608695652,yes,0.000304043782,0.000864491541,0.021612289,21.246672,16.171159,high_risk,yes,w0_high_risk,warning,yes,pass,no,platform_too_narrow,no,1.150000000000,288,0.130434782609,0.002608695652,no,CURRENT_PLATFORM
CURRENT_PLATFORM,287.500000000000,5.000000000000,795.000000,1.453371000000,547.004172,47.000000,50.000000,50,11,0.220000000000,0.406309342707,10.157733568,12.278590634,46.237532,60.008744,0.593690657293,0.406309342707,14.842266432,0.017391304348,5.750000000000,0.750000000000,1.150000000000,0.130434782609,0.002608695652,yes,0.000353481796,0.001090973269,0.027274332,21.246672,16.171159,high_risk,yes,w0_high_risk,warning,yes,pass,no,platform_too_narrow,no,1.150000000000,288,0.130434782609,0.002608695652,no,CURRENT_PLATFORM
CURRENT_PLATFORM,287.500000000000,5.000000000000,795.000000,1.453371000000,547.004172,47.000000,50.000000,50,13,0.260000000000,0.531395259765,13.284881494,12.475334105,46.606498,68.083698,0.468604740235,0.468604740235,11.715118506,0.017391304348,5.750000000000,0.750000000000,1.150000000000,0.130434782609,0.002608695652,yes,0.000210039908,0.000658555512,0.016463888,21.246672,16.171159,high_risk,yes,w0_high_risk,warning,yes,pass,no,platform_too_narrow,no,1.150000000000,288,0.130434782609,0.002608695652,no,CURRENT_PLATFORM
CURRENT_PLATFORM,287.500000000000,5.000000000000,795.000000,1.453371000000,547.004172,47.000000,50.000000,50,17,0.340000000000,0.767913397489,19.197834937,10.554099069,42.867777,88.982772,0.232086602511,0.232086602511,5.802165063,0.017391304348,5.750000000000,0.750000000000,1.150000000000,0.130434782609,0.002608695652,yes,0.000925069380,0.002457749369,0.061443734,21.246672,16.171159,high_risk,yes,w0_high_risk,warning,yes,pass,no,platform_too_narrow,no,1.150000000000,288,0.130434782609,0.002608695652,no,CURRENT_PLATFORM
CURRENT_PLATFORM,287.500000000000,5.000000000000,795.000000,1.453371000000,547.004172,47.000000,50.000000,50,19,0.380000000000,0.864484313711,21.612107843,8.556838824,38.599089,104.853341,0.135515686289,0.135515686289,3.387892157,0.017391304348,5.750000000000,0.750000000000,1.150000000000,0.130434782609,0.002608695652,yes,0.000214178625,0.000460552888,0.011513822,21.246672,16.171159,high_risk,yes,w0_high_risk,warning,yes,pass,no,platform_too_narrow,no,1.150000000000,288,0.130434782609,0.002608695652,no,CURRENT_PLATFORM
CURRENT_PLATFORM,287.500000000000,5.000000000000,795.000000,1.453371000000,547.004172,47.000000,50.000000,50,21,0.420000000000,0.938153340022,23.453833501,6.021920926,32.380825,130.205636,0.061846659978,0.061846659978,1.546166499,0.017391304348,5.750000000000,0.750000000000,1.150000000000,0.130434782609,0.002608695652,yes,0.000221451244,0.000335058830,0.008376471,21.246672,16.171159,high_risk,yes,w0_high_risk,warning,yes,pass,no,platform_too_narrow,no,1.150000000000,288,0.130434782609,0.002608695652,no,CURRENT_PLATFORM
CURRENT_PLATFORM,287.500000000000,5.000000000000,795.000000,1.453371000000,547.004172,47.000000,50.000000,50,23,0.460000000000,0.984291580564,24.607289514,3.108623590,23.265075,185.625744,0.015708419436,0.015708419436,0.392710486,0.017391304348,5.750000000000,0.750000000000,1.150000000000,0.130434782609,0.002608695652,yes,0.000271174184,0.000211526130,0.005288153,21.246672,16.171159,high_risk,no,w0_high_risk,hard_fail,no,large_curved_mirror_spot,no,platform_too_narrow,no,1.150000000000,288,0.130434782609,0.002608695652,no,CURRENT_PLATFORM
CURRENT_PLATFORM,54.000000000000,5.000000000000,795.000000,1.453371000000,547.004172,47.000000,50.000000,9,1,0.111111111111,0.116977778441,2.924444461,8.034845121,37.403233,39.803689,0.883022221559,0.116977778441,22.075555539,0.092592592593,6.000000000000,1.000000000000,1.200000000000,0.166666666667,0.018518518519,yes,0.020833333333,0.039436514273,0.985912857,21.613680,17.062176,high_risk,no,w0_high_risk,hard_fail,no,short_cavity,yes,pass,no,1.200000000000,54,0.166666666667,0.018518518519,no,CURRENT_PLATFORM
CURRENT_PLATFORM,54.000000000000,5.000000000000,795.000000,1.453371000000,547.004172,47.000000,50.000000,9,2,0.222222222222,0.413175911167,10.329397779,12.310096913,46.296815,60.436200,0.586824088833,0.413175911167,14.670602221,0.092592592593,6.000000000000,1.000000000000,1.200000000000,0.166666666667,0.018518518519,yes,0.008333333333,0.025792375113,0.644809378,21.613680,17.062176,high_risk,yes,w0_high_risk,warning,yes,pass,yes,pass,yes,1.200000000000,54,0.166666666667,0.018518518519,no,CURRENT_PLATFORM
CURRENT_PLATFORM,54.000000000000,5.000000000000,795.000000,1.453371000000,547.004172,47.000000,50.000000,9,4,0.444444444444,0.969846310393,24.246157760,4.275251792,27.283572,157.119830,0.030153689607,0.030153689607,0.753842240,0.092592592593,6.000000000000,1.000000000000,1.200000000000,0.166666666667,0.018518518519,yes,0.011904761905,0.012055782698,0.301394567,21.613680,17.062176,high_risk,yes,w0_high_risk,warning,yes,pass,yes,pass,yes,1.200000000000,54,0.166666666667,0.018518518519,no,CURRENT_PLATFORM
CURRENT_PLATFORM,72.000000000000,5.000000000000,795.000000,1.453371000000,547.004172,47.000000,50.000000,12,1,0.083333333333,0.066987298108,1.674682453,6.250000000,32.988335,34.152037,0.933012701892,0.066987298108,23.325317547,0.069444444444,6.000000000000,1.000000000000,1.200000000000,0.166666666667,0.013888888889,yes,0.015151515152,0.022138125811,0.553453145,21.613680,16.900023,high_risk,no,w0_high_risk,hard_fail,no,short_cavity,yes,pass,no,1.200000000000,72,0.166666666667,0.013888888889,no,CURRENT_PLATFORM
CURRENT_PLATFORM,72.000000000000,5.000000000000,795.000000,1.453371000000,547.004172,47.000000,50.000000,12,5,0.416666666667,0.933012701892,23.325317547,6.250000000,32.988335,127.457138,0.066987298108,0.066987298108,1.674682453,0.069444444444,6.000000000000,1.000000000000,1.200000000000,0.166666666667,0.013888888889,yes,0.004761904762,0.007511981847,0.187799546,21.613680,16.900023,high_risk,yes,w0_high_risk,warning,yes,pass,yes,pass,yes,1.200000000000,72,0.166666666667,0.013888888889,no,CURRENT_PLATFORM
CURRENT_PLATFORM,180.000000000000,5.000000000000,795.000000,1.453371000000,547.004172,47.000000,50.000000,30,1,0.033333333333,0.010926199633,0.273154991,2.598896135,21.272319,21.389493,0.989073800367,0.010926199633,24.726845009,0.027777777778,6.000000000000,1.000000000000,1.200000000000,0.166666666667,0.005555555556,yes,0.005747126437,0.003455559491,0.086388987,21.613680,16.612251,high_risk,no,w0_high_risk,hard_fail,no,short_cavity,no,platform_too_narrow,no,1.200000000000,180,0.166666666667,0.005555555556,no,CURRENT_PLATFORM
CURRENT_PLATFORM,180.000000000000,5.000000000000,795.000000,1.453371000000,547.004172,47.000000,50.000000,30,7,0.233333333333,0.447735768366,11.193394209,12.431523692,46.524591,62.605012,0.552264231634,0.447735768366,13.806605791,0.027777777778,6.000000000000,1.000000000000,1.200000000000,0.166666666667,0.005555555556,yes,0.000754147813,0.002356165811,0.058904145,21.613680,16.612251,high_risk,yes,w0_high_risk,warning,yes,pass,no,platform_too_narrow,no,1.200000000000,180,0.166666666667,0.005555555556,no,CURRENT_PLATFORM
CURRENT_PLATFORM,180.000000000000,5.000000000000,795.000000,1.453371000000,547.004172,47.000000,50.000000,30,11,0.366666666667,0.834565303179,20.864132579,9.289310318,40.217227,98.877805,0.165434696821,0.165434696821,4.135867421,0.027777777778,6.000000000000,1.000000000000,1.200000000000,0.166666666667,0.005555555556,yes,0.000797448166,0.001862886547,0.046572164,21.613680,16.612251,high_risk,yes,w0_high_risk,warning,yes,pass,no,platform_too_narrow,no,1.200000000000,180,0.166666666667,0.005555555556,no,CURRENT_PLATFORM
CURRENT_PLATFORM,180.000000000000,5.000000000000,795.000000,1.453371000000,547.004172,47.000000,50.000000,30,13,0.433333333333,0.956772728821,23.919318221,5.084208038,29.753087,143.104447,0.043227271179,0.043227271179,1.080681779,0.027777777778,6.000000000000,1.000000000000,1.200000000000,0.166666666667,0.005555555556,yes,0.001035196687,0.001327924043,0.033198101,21.613680,16.612251,high_risk,yes,w0_high_risk,warning,yes,pass,no,platform_too_narrow,no,1.200000000000,180,0.166666666667,0.005555555556,no,CURRENT_PLATFORM
CURRENT_PLATFORM,300.000000000000,5.000000000000,795.000000,1.453371000000,547.004172,47.000000,50.000000,50,1,0.020000000000,0.003942649343,0.098566234,1.566665420,16.516138,16.548794,0.996057350657,0.003942649343,24.901433766,0.016666666667,6.000000000000,1.000000000000,1.200000000000,0.166666666667,0.003333333333,yes,0.003401360544,0.001230427779,0.030760694,21.613680,16.539036,high_risk,no,w0_high_risk,hard_fail,no,short_cavity,no,platform_too_narrow,no,1.200000000000,300,0.166666666667,0.003333333333,no,CURRENT_PLATFORM
CURRENT_PLATFORM,300.000000000000,5.000000000000,795.000000,1.453371000000,547.004172,47.000000,50.000000,50,3,0.060000000000,0.035111757056,0.877793926,4.601556909,28.305627,28.816038,0.964888242944,0.035111757056,24.122206074,0.016666666667,6.000000000000,1.000000000000,1.200000000000,0.166666666667,0.003333333333,yes,0.000297088532,0.000343322868,0.008583072,21.613680,16.539036,high_risk,no,w0_high_risk,hard_fail,no,short_cavity,no,platform_too_narrow,no,1.200000000000,300,0.166666666667,0.003333333333,no,CURRENT_PLATFORM
CURRENT_PLATFORM,300.000000000000,5.000000000000,795.000000,1.453371000000,547.004172,47.000000,50.000000,50,7,0.140000000000,0.181288005126,4.532200128,9.631415535,40.951088,45.258470,0.818711994874,0.181288005126,20.467799872,0.016666666667,6.000000000000,1.000000000000,1.200000000000,0.166666666667,0.003333333333,yes,0.000553709856,0.001341718555,0.033542964,21.613680,16.539036,high_risk,yes,w0_high_risk,warning,yes,pass,no,platform_too_narrow,no,1.200000000000,300,0.166666666667,0.003333333333,no,CURRENT_PLATFORM
CURRENT_PLATFORM,300.000000000000,5.000000000000,795.000000,1.453371000000,547.004172,47.000000,50.000000,50,9,0.180000000000,0.287110354217,7.177758855,11.310338156,44.377024,52.558992,0.712889645783,0.287110354217,17.822241145,0.016666666667,6.000000000000,1.000000000000,1.200000000000,0.166666666667,0.003333333333,yes,0.000388500389,0.001104705089,0.027617627,21.613680,16.539036,high_risk,yes,w0_high_risk,warning,yes,pass,no,platform_too_narrow,no,1.200000000000,300,0.166666666667,0.003333333333,no,CURRENT_PLATFORM
CURRENT_PLATFORM,300.000000000000,5.000000000000,795.000000,1.453371000000,547.004172,47.000000,50.000000,50,11,0.220000000000,0.406309342707,10.157733568,12.278590634,46.237532,60.008744,0.593690657293,0.406309342707,14.842266432,0.016666666667,6.000000000000,1.000000000000,1.200000000000,0.166666666667,0.003333333333,yes,0.000451671183,0.001394073488,0.034851837,21.613680,16.539036,high_risk,yes,w0_high_risk,warning,yes,pass,no,platform_too_narrow,no,1.200000000000,300,0.166666666667,0.003333333333,no,CURRENT_PLATFORM
CURRENT_PLATFORM,300.000000000000,5.000000000000,795.000000,1.453371000000,547.004172,47.000000,50.000000,50,13,0.260000000000,0.531395259765,13.284881494,12.475334105,46.606498,68.083698,0.468604740235,0.468604740235,11.715118506,0.016666666667,6.000000000000,1.000000000000,1.200000000000,0.166666666667,0.003333333333,yes,0.000268384326,0.000841486783,0.021037170,21.613680,16.539036,high_risk,yes,w0_high_risk,warning,yes,pass,no,platform_too_narrow,no,1.200000000000,300,0.166666666667,0.003333333333,no,CURRENT_PLATFORM
CURRENT_PLATFORM,300.000000000000,5.000000000000,795.000000,1.453371000000,547.004172,47.000000,50.000000,50,17,0.340000000000,0.767913397489,19.197834937,10.554099069,42.867777,88.982772,0.232086602511,0.232086602511,5.802165063,0.016666666667,6.000000000000,1.000000000000,1.200000000000,0.166666666667,0.003333333333,yes,0.001182033097,0.003141861774,0.078546544,21.613680,16.539036,high_risk,yes,w0_high_risk,warning,yes,pass,no,platform_too_narrow,no,1.200000000000,300,0.166666666667,0.003333333333,no,CURRENT_PLATFORM
CURRENT_PLATFORM,300.000000000000,5.000000000000,795.000000,1.453371000000,547.004172,47.000000,50.000000,50,19,0.380000000000,0.864484313711,21.612107843,8.556838824,38.599089,104.853341,0.135515686289,0.135515686289,3.387892157,0.016666666667,6.000000000000,1.000000000000,1.200000000000,0.166666666667,0.003333333333,yes,0.000273672687,0.000588465473,0.014711637,21.613680,16.539036,high_risk,yes,w0_high_risk,warning,yes,pass,no,platform_too_narrow,no,1.200000000000,300,0.166666666667,0.003333333333,no,CURRENT_PLATFORM
CURRENT_PLATFORM,300.000000000000,5.000000000000,795.000000,1.453371000000,547.004172,47.000000,50.000000,50,21,0.420000000000,0.938153340022,23.453833501,6.021920926,32.380825,130.205636,0.061846659978,0.061846659978,1.546166499,0.016666666667,6.000000000000,1.000000000000,1.200000000000,0.166666666667,0.003333333333,yes,0.000282965478,0.000428094571,0.010702364,21.613680,16.539036,high_risk,yes,w0_high_risk,warning,yes,pass,no,platform_too_narrow,no,1.200000000000,300,0.166666666667,0.003333333333,no,CURRENT_PLATFORM
CURRENT_PLATFORM,300.000000000000,5.000000000000,795.000000,1.453371000000,547.004172,47.000000,50.000000,50,23,0.460000000000,0.984291580564,24.607289514,3.108623590,23.265075,185.625744,0.015708419436,0.015708419436,0.392710486,0.016666666667,6.000000000000,1.000000000000,1.200000000000,0.166666666667,0.003333333333,yes,0.000346500347,0.000270163589,0.006754090,21.613680,16.539036,high_risk,no,w0_high_risk,hard_fail,no,large_curved_mirror_spot,no,platform_too_narrow,no,1.200000000000,300,0.166666666667,0.003333333333,no,CURRENT_PLATFORM
CURRENT_PLATFORM,58.500000000000,5.000000000000,795.000000,1.453371000000,547.004172,47.000000,50.000000,9,1,0.111111111111,0.116977778441,2.924444461,8.034845121,37.403233,39.803689,0.883022221559,0.116977778441,22.075555539,0.085470085470,6.500000000000,1.500000000000,1.300000000000,0.230769230769,0.025641025641,yes,0.028846153846,0.053144744694,1.328618617,22.304489,17.754061,high_risk,no,w0_high_risk,hard_fail,no,short_cavity,yes,pass,no,1.300000000000,59,0.230769230769,0.025641025641,no,CURRENT_PLATFORM
CURRENT_PLATFORM,58.500000000000,5.000000000000,795.000000,1.453371000000,547.004172,47.000000,50.000000,9,2,0.222222222222,0.413175911167,10.329397779,12.310096913,46.296815,60.436200,0.586824088833,0.413175911167,14.670602221,0.085470085470,6.500000000000,1.500000000000,1.300000000000,0.230769230769,0.025641025641,yes,0.011538461538,0.035715680110,0.892892003,22.304489,17.754061,high_risk,yes,w0_high_risk,warning,yes,pass,yes,pass,yes,1.300000000000,59,0.230769230769,0.025641025641,no,CURRENT_PLATFORM
CURRENT_PLATFORM,58.500000000000,5.000000000000,795.000000,1.453371000000,547.004172,47.000000,50.000000,9,4,0.444444444444,0.969846310393,24.246157760,4.275251792,27.283572,157.119830,0.030153689607,0.030153689607,0.753842240,0.085470085470,6.500000000000,1.500000000000,1.300000000000,0.230769230769,0.025641025641,yes,0.016483516484,0.016296967361,0.407424184,22.304489,17.754061,high_risk,yes,w0_high_risk,warning,yes,pass,yes,pass,yes,1.300000000000,59,0.230769230769,0.025641025641,no,CURRENT_PLATFORM
CURRENT_PLATFORM,78.000000000000,5.000000000000,795.000000,1.453371000000,547.004172,47.000000,50.000000,12,1,0.083333333333,0.066987298108,1.674682453,6.250000000,32.988335,34.152037,0.933012701892,0.066987298108,23.325317547,0.064102564103,6.500000000000,1.500000000000,1.300000000000,0.230769230769,0.019230769231,yes,0.020979020979,0.029749235792,0.743730895,22.304489,17.592026,high_risk,no,w0_high_risk,hard_fail,no,short_cavity,yes,pass,no,1.300000000000,78,0.230769230769,0.019230769231,no,CURRENT_PLATFORM
CURRENT_PLATFORM,78.000000000000,5.000000000000,795.000000,1.453371000000,547.004172,47.000000,50.000000,12,5,0.416666666667,0.933012701892,23.325317547,6.250000000,32.988335,127.457138,0.066987298108,0.066987298108,1.674682453,0.064102564103,6.500000000000,1.500000000000,1.300000000000,0.230769230769,0.019230769231,yes,0.006593406593,0.010418021665,0.260450542,22.304489,17.592026,high_risk,yes,w0_high_risk,warning,yes,pass,yes,pass,yes,1.300000000000,78,0.230769230769,0.019230769231,no,CURRENT_PLATFORM
CURRENT_PLATFORM,195.000000000000,5.000000000000,795.000000,1.453371000000,547.004172,47.000000,50.000000,30,1,0.033333333333,0.010926199633,0.273154991,2.598896135,21.272319,21.389493,0.989073800367,0.010926199633,24.726845009,0.025641025641,6.500000000000,1.500000000000,1.300000000000,0.230769230769,0.007692307692,yes,0.007957559682,0.004625265769,0.115631644,22.304489,17.304457,high_risk,no,w0_high_risk,hard_fail,no,short_cavity,yes,pass,no,1.300000000000,195,0.230769230769,0.007692307692,no,CURRENT_PLATFORM
CURRENT_PLATFORM,195.000000000000,5.000000000000,795.000000,1.453371000000,547.004172,47.000000,50.000000,30,7,0.233333333333,0.447735768366,11.193394209,12.431523692,46.524591,62.605012,0.552264231634,0.447735768366,13.806605791,0.025641025641,6.500000000000,1.500000000000,1.300000000000,0.230769230769,0.007692307692,yes,0.001044204664,0.003262338820,0.081558471,22.304489,17.304457,high_risk,yes,w0_high_risk,warning,yes,pass,no,platform_too_narrow,no,1.300000000000,195,0.230769230769,0.007692307692,no,CURRENT_PLATFORM
CURRENT_PLATFORM,195.000000000000,5.000000000000,795.000000,1.453371000000,547.004172,47.000000,50.000000,30,11,0.366666666667,0.834565303179,20.864132579,9.289310318,40.217227,98.877805,0.165434696821,0.165434696821,4.135867421,0.025641025641,6.500000000000,1.500000000000,1.300000000000,0.230769230769,0.007692307692,yes,0.001104158999,0.002579974773,0.064499369,22.304489,17.304457,high_risk,yes,w0_high_risk,warning,yes,pass,no,platform_too_narrow,no,1.300000000000,195,0.230769230769,0.007692307692,no,CURRENT_PLATFORM
CURRENT_PLATFORM,195.000000000000,5.000000000000,795.000000,1.453371000000,547.004172,47.000000,50.000000,30,13,0.433333333333,0.956772728821,23.919318221,5.084208038,29.753087,143.104447,0.043227271179,0.043227271179,1.080681779,0.025641025641,6.500000000000,1.500000000000,1.300000000000,0.230769230769,0.007692307692,yes,0.001433349259,0.001841402836,0.046035071,22.304489,17.304457,high_risk,yes,w0_high_risk,warning,yes,pass,no,platform_too_narrow,no,1.300000000000,195,0.230769230769,0.007692307692,no,CURRENT_PLATFORM
CURRENT_PLATFORM,325.000000000000,5.000000000000,795.000000,1.453371000000,547.004172,47.000000,50.000000,50,1,0.020000000000,0.003942649343,0.098566234,1.566665420,16.516138,16.548794,0.996057350657,0.003942649343,24.901433766,0.015384615385,6.500000000000,1.500000000000,1.300000000000,0.230769230769,0.004615384615,yes,0.004709576138,0.001645641105,0.041141028,22.304489,17.231292,high_risk,no,w0_high_risk,hard_fail,no,short_cavity,no,platform_too_narrow,no,1.300000000000,325,0.230769230769,0.004615384615,no,CURRENT_PLATFORM
CURRENT_PLATFORM,325.000000000000,5.000000000000,795.000000,1.453371000000,547.004172,47.000000,50.000000,50,3,0.060000000000,0.035111757056,0.877793926,4.601556909,28.305627,28.816038,0.964888242944,0.035111757056,24.122206074,0.015384615385,6.500000000000,1.500000000000,1.300000000000,0.230769230769,0.004615384615,yes,0.000411353353,0.000475232018,0.011880800,22.304489,17.231292,high_risk,no,w0_high_risk,hard_fail,no,short_cavity,no,platform_too_narrow,no,1.300000000000,325,0.230769230769,0.004615384615,no,CURRENT_PLATFORM
CURRENT_PLATFORM,325.000000000000,5.000000000000,795.000000,1.453371000000,547.004172,47.000000,50.000000,50,7,0.140000000000,0.181288005126,4.532200128,9.631415535,40.951088,45.258470,0.818711994874,0.181288005126,20.467799872,0.015384615385,6.500000000000,1.500000000000,1.300000000000,0.230769230769,0.004615384615,yes,0.000766675185,0.001858501530,0.046462538,22.304489,17.231292,high_risk,yes,w0_high_risk,warning,yes,pass,no,platform_too_narrow,no,1.300000000000,325,0.230769230769,0.004615384615,no,CURRENT_PLATFORM
CURRENT_PLATFORM,325.000000000000,5.000000000000,795.000000,1.453371000000,547.004172,47.000000,50.000000,50,9,0.180000000000,0.287110354217,7.177758855,11.310338156,44.377024,52.558992,0.712889645783,0.287110354217,17.822241145,0.015384615385,6.500000000000,1.500000000000,1.300000000000,0.230769230769,0.004615384615,yes,0.000537923615,0.001529780137,0.038244503,22.304489,17.231292,high_risk,yes,w0_high_risk,warning,yes,pass,no,platform_too_narrow,no,1.300000000000,325,0.230769230769,0.004615384615,no,CURRENT_PLATFORM
CURRENT_PLATFORM,325.000000000000,5.000000000000,795.000000,1.453371000000,547.004172,47.000000,50.000000,50,11,0.220000000000,0.406309342707,10.157733568,12.278590634,46.237532,60.008744,0.593690657293,0.406309342707,14.842266432,0.015384615385,6.500000000000,1.500000000000,1.300000000000,0.230769230769,0.004615384615,yes,0.000625390869,0.001930382864,0.048259572,22.304489,17.231292,high_risk,yes,w0_high_risk,warning,yes,pass,no,platform_too_narrow,no,1.300000000000,325,0.230769230769,0.004615384615,no,CURRENT_PLATFORM
CURRENT_PLATFORM,325.000000000000,5.000000000000,795.000000,1.453371000000,547.004172,47.000000,50.000000,50,13,0.260000000000,0.531395259765,13.284881494,12.475334105,46.606498,68.083698,0.468604740235,0.468604740235,11.715118506,0.015384615385,6.500000000000,1.500000000000,1.300000000000,0.230769230769,0.004615384615,yes,0.000371609067,0.001165133515,0.029128338,22.304489,17.231292,high_risk,yes,w0_high_risk,warning,yes,pass,no,platform_too_narrow,no,1.300000000000,325,0.230769230769,0.004615384615,no,CURRENT_PLATFORM
CURRENT_PLATFORM,325.000000000000,5.000000000000,795.000000,1.453371000000,547.004172,47.000000,50.000000,50,17,0.340000000000,0.767913397489,19.197834937,10.554099069,42.867777,88.982772,0.232086602511,0.232086602511,5.802165063,0.015384615385,6.500000000000,1.500000000000,1.300000000000,0.230769230769,0.004615384615,yes,0.001636661211,0.004353702434,0.108842561,22.304489,17.231292,high_risk,yes,w0_high_risk,warning,yes,pass,yes,pass,yes,1.300000000000,325,0.230769230769,0.004615384615,no,CURRENT_PLATFORM
CURRENT_PLATFORM,325.000000000000,5.000000000000,795.000000,1.453371000000,547.004172,47.000000,50.000000,50,19,0.380000000000,0.864484313711,21.612107843,8.556838824,38.599089,104.853341,0.135515686289,0.135515686289,3.387892157,0.015384615385,6.500000000000,1.500000000000,1.300000000000,0.230769230769,0.004615384615,yes,0.000378931413,0.000814752334,0.020368808,22.304489,17.231292,high_risk,yes,w0_high_risk,warning,yes,pass,no,platform_too_narrow,no,1.300000000000,325,0.230769230769,0.004615384615,no,CURRENT_PLATFORM
CURRENT_PLATFORM,325.000000000000,5.000000000000,795.000000,1.453371000000,547.004172,47.000000,50.000000,50,21,0.420000000000,0.938153340022,23.453833501,6.021920926,32.380825,130.205636,0.061846659978,0.061846659978,1.546166499,0.015384615385,6.500000000000,1.500000000000,1.300000000000,0.230769230769,0.004615384615,yes,0.000391798354,0.000592657736,0.014816443,22.304489,17.231292,high_risk,yes,w0_high_risk,warning,yes,pass,no,platform_too_narrow,no,1.300000000000,325,0.230769230769,0.004615384615,no,CURRENT_PLATFORM
CURRENT_PLATFORM,325.000000000000,5.000000000000,795.000000,1.453371000000,547.004172,47.000000,50.000000,50,23,0.460000000000,0.984291580564,24.607289514,3.108623590,23.265075,185.625744,0.015708419436,0.015708419436,0.392710486,0.015384615385,6.500000000000,1.500000000000,1.300000000000,0.230769230769,0.004615384615,yes,0.000479769711,0.000373779161,0.009344479,22.304489,17.231292,high_risk,no,w0_high_risk,hard_fail,no,large_curved_mirror_spot,no,platform_too_narrow,no,1.300000000000,325,0.230769230769,0.004615384615,no,CURRENT_PLATFORM
CURRENT_PLATFORM,54.000000000000,6.000000000000,795.000000,1.453371000000,547.004172,47.000000,50.000000,9,1,0.111111111111,0.116977778441,2.924444461,8.034845121,37.403233,39.803689,0.883022221559,0.116977778441,22.075555539,0.111111111111,6.000000000000,0.000000000000,1.000000000000,0.000000000000,0.000000000000,no,0.000000000000,0.000000000000,0.000000000,21.613680,17.062176,high_risk,no,w0_high_risk,hard_fail,no,short_cavity,no,below_tau_threshold;platform_too_narrow,no,1.000000000000,54,0.000000000000,0.000000000000,yes,CURRENT_PLATFORM
CURRENT_PLATFORM,54.000000000000,6.000000000000,795.000000,1.453371000000,547.004172,47.000000,50.000000,9,2,0.222222222222,0.413175911167,10.329397779,12.310096913,46.296815,60.436200,0.586824088833,0.413175911167,14.670602221,0.111111111111,6.000000000000,0.000000000000,1.000000000000,0.000000000000,0.000000000000,no,0.000000000000,0.000000000000,0.000000000,21.613680,17.062176,high_risk,yes,w0_high_risk,warning,yes,pass,no,below_tau_threshold;platform_too_narrow,no,1.000000000000,54,0.000000000000,0.000000000000,yes,CURRENT_PLATFORM
CURRENT_PLATFORM,54.000000000000,6.000000000000,795.000000,1.453371000000,547.004172,47.000000,50.000000,9,4,0.444444444444,0.969846310393,24.246157760,4.275251792,27.283572,157.119830,0.030153689607,0.030153689607,0.753842240,0.111111111111,6.000000000000,0.000000000000,1.000000000000,0.000000000000,0.000000000000,no,0.000000000000,0.000000000000,0.000000000,21.613680,17.062176,high_risk,yes,w0_high_risk,warning,yes,pass,no,below_tau_threshold;platform_too_narrow,no,1.000000000000,54,0.000000000000,0.000000000000,yes,CURRENT_PLATFORM
CURRENT_PLATFORM,72.000000000000,6.000000000000,795.000000,1.453371000000,547.004172,47.000000,50.000000,12,1,0.083333333333,0.066987298108,1.674682453,6.250000000,32.988335,34.152037,0.933012701892,0.066987298108,23.325317547,0.083333333333,6.000000000000,0.000000000000,1.000000000000,0.000000000000,0.000000000000,no,0.000000000000,0.000000000000,0.000000000,21.613680,16.900023,high_risk,no,w0_high_risk,hard_fail,no,short_cavity,no,below_tau_threshold;platform_too_narrow,no,1.000000000000,72,0.000000000000,0.000000000000,yes,CURRENT_PLATFORM
CURRENT_PLATFORM,72.000000000000,6.000000000000,795.000000,1.453371000000,547.004172,47.000000,50.000000,12,5,0.416666666667,0.933012701892,23.325317547,6.250000000,32.988335,127.457138,0.066987298108,0.066987298108,1.674682453,0.083333333333,6.000000000000,0.000000000000,1.000000000000,0.000000000000,0.000000000000,no,0.000000000000,0.000000000000,0.000000000,21.613680,16.900023,high_risk,yes,w0_high_risk,warning,yes,pass,no,below_tau_threshold;platform_too_narrow,no,1.000000000000,72,0.000000000000,0.000000000000,yes,CURRENT_PLATFORM
CURRENT_PLATFORM,180.000000000000,6.000000000000,795.000000,1.453371000000,547.004172,47.000000,50.000000,30,1,0.033333333333,0.010926199633,0.273154991,2.598896135,21.272319,21.389493,0.989073800367,0.010926199633,24.726845009,0.033333333333,6.000000000000,0.000000000000,1.000000000000,0.000000000000,0.000000000000,no,0.000000000000,0.000000000000,0.000000000,21.613680,16.612251,high_risk,no,w0_high_risk,hard_fail,no,short_cavity,no,below_tau_threshold;platform_too_narrow,no,1.000000000000,180,0.000000000000,0.000000000000,yes,CURRENT_PLATFORM
CURRENT_PLATFORM,180.000000000000,6.000000000000,795.000000,1.453371000000,547.004172,47.000000,50.000000,30,7,0.233333333333,0.447735768366,11.193394209,12.431523692,46.524591,62.605012,0.552264231634,0.447735768366,13.806605791,0.033333333333,6.000000000000,0.000000000000,1.000000000000,0.000000000000,0.000000000000,no,0.000000000000,0.000000000000,0.000000000,21.613680,16.612251,high_risk,yes,w0_high_risk,warning,yes,pass,no,below_tau_threshold;platform_too_narrow,no,1.000000000000,180,0.000000000000,0.000000000000,yes,CURRENT_PLATFORM
CURRENT_PLATFORM,180.000000000000,6.000000000000,795.000000,1.453371000000,547.004172,47.000000,50.000000,30,11,0.366666666667,0.834565303179,20.864132579,9.289310318,40.217227,98.877805,0.165434696821,0.165434696821,4.135867421,0.033333333333,6.000000000000,0.000000000000,1.000000000000,0.000000000000,0.000000000000,no,0.000000000000,0.000000000000,0.000000000,21.613680,16.612251,high_risk,yes,w0_high_risk,warning,yes,pass,no,below_tau_threshold;platform_too_narrow,no,1.000000000000,180,0.000000000000,0.000000000000,yes,CURRENT_PLATFORM
CURRENT_PLATFORM,180.000000000000,6.000000000000,795.000000,1.453371000000,547.004172,47.000000,50.000000,30,13,0.433333333333,0.956772728821,23.919318221,5.084208038,29.753087,143.104447,0.043227271179,0.043227271179,1.080681779,0.033333333333,6.000000000000,0.000000000000,1.000000000000,0.000000000000,0.000000000000,no,0.000000000000,0.000000000000,0.000000000,21.613680,16.612251,high_risk,yes,w0_high_risk,warning,yes,pass,no,below_tau_threshold;platform_too_narrow,no,1.000000000000,180,0.000000000000,0.000000000000,yes,CURRENT_PLATFORM
CURRENT_PLATFORM,300.000000000000,6.000000000000,795.000000,1.453371000000,547.004172,47.000000,50.000000,50,1,0.020000000000,0.003942649343,0.098566234,1.566665420,16.516138,16.548794,0.996057350657,0.003942649343,24.901433766,0.020000000000,6.000000000000,0.000000000000,1.000000000000,0.000000000000,0.000000000000,no,0.000000000000,0.000000000000,0.000000000,21.613680,16.539036,high_risk,no,w0_high_risk,hard_fail,no,short_cavity,no,below_tau_threshold;platform_too_narrow,no,1.000000000000,300,0.000000000000,0.000000000000,yes,CURRENT_PLATFORM
CURRENT_PLATFORM,300.000000000000,6.000000000000,795.000000,1.453371000000,547.004172,47.000000,50.000000,50,3,0.060000000000,0.035111757056,0.877793926,4.601556909,28.305627,28.816038,0.964888242944,0.035111757056,24.122206074,0.020000000000,6.000000000000,0.000000000000,1.000000000000,0.000000000000,0.000000000000,no,0.000000000000,0.000000000000,0.000000000,21.613680,16.539036,high_risk,no,w0_high_risk,hard_fail,no,short_cavity,no,below_tau_threshold;platform_too_narrow,no,1.000000000000,300,0.000000000000,0.000000000000,yes,CURRENT_PLATFORM
CURRENT_PLATFORM,300.000000000000,6.000000000000,795.000000,1.453371000000,547.004172,47.000000,50.000000,50,7,0.140000000000,0.181288005126,4.532200128,9.631415535,40.951088,45.258470,0.818711994874,0.181288005126,20.467799872,0.020000000000,6.000000000000,0.000000000000,1.000000000000,0.000000000000,0.000000000000,no,0.000000000000,0.000000000000,0.000000000,21.613680,16.539036,high_risk,yes,w0_high_risk,warning,yes,pass,no,below_tau_threshold;platform_too_narrow,no,1.000000000000,300,0.000000000000,0.000000000000,yes,CURRENT_PLATFORM
CURRENT_PLATFORM,300.000000000000,6.000000000000,795.000000,1.453371000000,547.004172,47.000000,50.000000,50,9,0.180000000000,0.287110354217,7.177758855,11.310338156,44.377024,52.558992,0.712889645783,0.287110354217,17.822241145,0.020000000000,6.000000000000,0.000000000000,1.000000000000,0.000000000000,0.000000000000,no,0.000000000000,0.000000000000,0.000000000,21.613680,16.539036,high_risk,yes,w0_high_risk,warning,yes,pass,no,below_tau_threshold;platform_too_narrow,no,1.000000000000,300,0.000000000000,0.000000000000,yes,CURRENT_PLATFORM
CURRENT_PLATFORM,300.000000000000,6.000000000000,795.000000,1.453371000000,547.004172,47.000000,50.000000,50,11,0.220000000000,0.406309342707,10.157733568,12.278590634,46.237532,60.008744,0.593690657293,0.406309342707,14.842266432,0.020000000000,6.000000000000,0.000000000000,1.000000000000,0.000000000000,0.000000000000,no,0.000000000000,0.000000000000,0.000000000,21.613680,16.539036,high_risk,yes,w0_high_risk,warning,yes,pass,no,below_tau_threshold;platform_too_narrow,no,1.000000000000,300,0.000000000000,0.000000000000,yes,CURRENT_PLATFORM
CURRENT_PLATFORM,300.000000000000,6.000000000000,795.000000,1.453371000000,547.004172,47.000000,50.000000,50,13,0.260000000000,0.531395259765,13.284881494,12.475334105,46.606498,68.083698,0.468604740235,0.468604740235,11.715118506,0.020000000000,6.000000000000,0.000000000000,1.000000000000,0.000000000000,0.000000000000,no,0.000000000000,0.000000000000,0.000000000,21.613680,16.539036,high_risk,yes,w0_high_risk,warning,yes,pass,no,below_tau_threshold;platform_too_narrow,no,1.000000000000,300,0.000000000000,0.000000000000,yes,CURRENT_PLATFORM
CURRENT_PLATFORM,300.000000000000,6.000000000000,795.000000,1.453371000000,547.004172,47.000000,50.000000,50,17,0.340000000000,0.767913397489,19.197834937,10.554099069,42.867777,88.982772,0.232086602511,0.232086602511,5.802165063,0.020000000000,6.000000000000,0.000000000000,1.000000000000,0.000000000000,0.000000000000,no,0.000000000000,0.000000000000,0.000000000,21.613680,16.539036,high_risk,yes,w0_high_risk,warning,yes,pass,no,below_tau_threshold;platform_too_narrow,no,1.000000000000,300,0.000000000000,0.000000000000,yes,CURRENT_PLATFORM
CURRENT_PLATFORM,300.000000000000,6.000000000000,795.000000,1.453371000000,547.004172,47.000000,50.000000,50,19,0.380000000000,0.864484313711,21.612107843,8.556838824,38.599089,104.853341,0.135515686289,0.135515686289,3.387892157,0.020000000000,6.000000000000,0.000000000000,1.000000000000,0.000000000000,0.000000000000,no,0.000000000000,0.000000000000,0.000000000,21.613680,16.539036,high_risk,yes,w0_high_risk,warning,yes,pass,no,below_tau_threshold;platform_too_narrow,no,1.000000000000,300,0.000000000000,0.000000000000,yes,CURRENT_PLATFORM
CURRENT_PLATFORM,300.000000000000,6.000000000000,795.000000,1.453371000000,547.004172,47.000000,50.000000,50,21,0.420000000000,0.938153340022,23.453833501,6.021920926,32.380825,130.205636,0.061846659978,0.061846659978,1.546166499,0.020000000000,6.000000000000,0.000000000000,1.000000000000,0.000000000000,0.000000000000,no,0.000000000000,0.000000000000,0.000000000,21.613680,16.539036,high_risk,yes,w0_high_risk,warning,yes,pass,no,below_tau_threshold;platform_too_narrow,no,1.000000000000,300,0.000000000000,0.000000000000,yes,CURRENT_PLATFORM
CURRENT_PLATFORM,300.000000000000,6.000000000000,795.000000,1.453371000000,547.004172,47.000000,50.000000,50,23,0.460000000000,0.984291580564,24.607289514,3.108623590,23.265075,185.625744,0.015708419436,0.015708419436,0.392710486,0.020000000000,6.000000000000,0.000000000000,1.000000000000,0.000000000000,0.000000000000,no,0.000000000000,0.000000000000,0.000000000,21.613680,16.539036,high_risk,no,w0_high_risk,hard_fail,no,large_curved_mirror_spot,no,below_tau_threshold;platform_too_narrow,no,1.000000000000,300,0.000000000000,0.000000000000,yes,CURRENT_PLATFORM
CURRENT_PLATFORM,55.080000000000,6.000000000000,795.000000,1.453371000000,547.004172,47.000000,50.000000,9,1,0.111111111111,0.116977778441,2.924444461,8.034845121,37.403233,39.803689,0.883022221559,0.116977778441,22.075555539,0.108932461874,6.120000000000,0.120000000000,1.020000000000,0.019607843137,0.002178649237,yes,0.002450980392,0.004913990365,0.122849759,21.784520,17.233298,high_risk,no,w0_high_risk,hard_fail,no,short_cavity,yes,pass,no,1.020000000000,56,0.019607843137,0.002178649237,no,CURRENT_PLATFORM
CURRENT_PLATFORM,55.080000000000,6.000000000000,795.000000,1.453371000000,547.004172,47.000000,50.000000,9,2,0.222222222222,0.413175911167,10.329397779,12.310096913,46.296815,60.436200,0.586824088833,0.413175911167,14.670602221,0.108932461874,6.120000000000,0.120000000000,1.020000000000,0.019607843137,0.002178649237,yes,0.000980392157,0.003033378845,0.075834471,21.784520,17.233298,high_risk,yes,w0_high_risk,warning,yes,pass,no,platform_too_narrow,no,1.020000000000,56,0.019607843137,0.002178649237,no,CURRENT_PLATFORM
CURRENT_PLATFORM,55.080000000000,6.000000000000,795.000000,1.453371000000,547.004172,47.000000,50.000000,9,4,0.444444444444,0.969846310393,24.246157760,4.275251792,27.283572,157.119830,0.030153689607,0.030153689607,0.753842240,0.108932461874,6.120000000000,0.120000000000,1.020000000000,0.019607843137,0.002178649237,yes,0.001400560224,0.001494768934,0.037369223,21.784520,17.233298,high_risk,yes,w0_high_risk,warning,yes,pass,no,platform_too_narrow,no,1.020000000000,56,0.019607843137,0.002178649237,no,CURRENT_PLATFORM
CURRENT_PLATFORM,73.440000000000,6.000000000000,795.000000,1.453371000000,547.004172,47.000000,50.000000,12,1,0.083333333333,0.066987298108,1.674682453,6.250000000,32.988335,34.152037,0.933012701892,0.066987298108,23.325317547,0.081699346405,6.120000000000,0.120000000000,1.020000000000,0.019607843137,0.001633986928,yes,0.001782531194,0.002777316505,0.069432913,21.784520,17.071176,high_risk,no,w0_high_risk,hard_fail,no,short_cavity,no,platform_too_narrow,no,1.020000000000,74,0.019607843137,0.001633986928,no,CURRENT_PLATFORM
CURRENT_PLATFORM,73.440000000000,6.000000000000,795.000000,1.453371000000,547.004172,47.000000,50.000000,12,5,0.416666666667,0.933012701892,23.325317547,6.250000000,32.988335,127.457138,0.066987298108,0.066987298108,1.674682453,0.081699346405,6.120000000000,0.120000000000,1.020000000000,0.019607843137,0.001633986928,yes,0.000560224090,0.000880444548,0.022011114,21.784520,17.071176,high_risk,yes,w0_high_risk,warning,yes,pass,no,platform_too_narrow,no,1.020000000000,74,0.019607843137,0.001633986928,no,CURRENT_PLATFORM
CURRENT_PLATFORM,183.600000000000,6.000000000000,795.000000,1.453371000000,547.004172,47.000000,50.000000,30,1,0.033333333333,0.010926199633,0.273154991,2.598896135,21.272319,21.389493,0.989073800367,0.010926199633,24.726845009,0.032679738562,6.120000000000,0.120000000000,1.020000000000,0.019607843137,0.000653594771,yes,0.000676132522,0.000437511761,0.010937794,21.784520,16.783457,high_risk,no,w0_high_risk,hard_fail,no,short_cavity,no,platform_too_narrow,no,1.020000000000,184,0.019607843137,0.000653594771,no,CURRENT_PLATFORM
CURRENT_PLATFORM,183.600000000000,6.000000000000,795.000000,1.453371000000,547.004172,47.000000,50.000000,30,7,0.233333333333,0.447735768366,11.193394209,12.431523692,46.524591,62.605012,0.552264231634,0.447735768366,13.806605791,0.032679738562,6.120000000000,0.120000000000,1.020000000000,0.019607843137,0.000653594771,yes,0.000088723272,0.000277204368,0.006930109,21.784520,16.783457,high_risk,yes,w0_high_risk,warning,yes,pass,no,platform_too_narrow,no,1.020000000000,184,0.019607843137,0.000653594771,no,CURRENT_PLATFORM
CURRENT_PLATFORM,183.600000000000,6.000000000000,795.000000,1.453371000000,547.004172,47.000000,50.000000,30,11,0.366666666667,0.834565303179,20.864132579,9.289310318,40.217227,98.877805,0.165434696821,0.165434696821,4.135867421,0.032679738562,6.120000000000,0.120000000000,1.020000000000,0.019607843137,0.000653594771,yes,0.000093817431,0.000219047144,0.005476179,21.784520,16.783457,high_risk,yes,w0_high_risk,warning,yes,pass,no,platform_too_narrow,no,1.020000000000,184,0.019607843137,0.000653594771,no,CURRENT_PLATFORM
CURRENT_PLATFORM,183.600000000000,6.000000000000,795.000000,1.453371000000,547.004172,47.000000,50.000000,30,13,0.433333333333,0.956772728821,23.919318221,5.084208038,29.753087,143.104447,0.043227271179,0.043227271179,1.080681779,0.032679738562,6.120000000000,0.120000000000,1.020000000000,0.019607843137,0.000653594771,yes,0.000121787846,0.000155691930,0.003892298,21.784520,16.783457,high_risk,yes,w0_high_risk,warning,yes,pass,no,platform_too_narrow,no,1.020000000000,184,0.019607843137,0.000653594771,no,CURRENT_PLATFORM
CURRENT_PLATFORM,306.000000000000,6.000000000000,795.000000,1.453371000000,547.004172,47.000000,50.000000,50,1,0.020000000000,0.003942649343,0.098566234,1.566665420,16.516138,16.548794,0.996057350657,0.003942649343,24.901433766,0.019607843137,6.120000000000,0.120000000000,1.020000000000,0.019607843137,0.000392156863,yes,0.000400160064,0.000156056034,0.003901401,21.784520,16.710256,high_risk,no,w0_high_risk,hard_fail,no,short_cavity,no,platform_too_narrow,no,1.020000000000,306,0.019607843137,0.000392156863,no,CURRENT_PLATFORM
CURRENT_PLATFORM,306.000000000000,6.000000000000,795.000000,1.453371000000,547.004172,47.000000,50.000000,50,3,0.060000000000,0.035111757056,0.877793926,4.601556909,28.305627,28.816038,0.964888242944,0.035111757056,24.122206074,0.019607843137,6.120000000000,0.120000000000,1.020000000000,0.019607843137,0.000392156863,yes,0.000034951592,0.000040417838,0.001010446,21.784520,16.710256,high_risk,no,w0_high_risk,hard_fail,no,short_cavity,no,platform_too_narrow,no,1.020000000000,306,0.019607843137,0.000392156863,no,CURRENT_PLATFORM
CURRENT_PLATFORM,306.000000000000,6.000000000000,795.000000,1.453371000000,547.004172,47.000000,50.000000,50,7,0.140000000000,0.181288005126,4.532200128,9.631415535,40.951088,45.258470,0.818711994874,0.181288005126,20.467799872,0.019607843137,6.120000000000,0.120000000000,1.020000000000,0.019607843137,0.000392156863,yes,0.000065142336,0.000157705281,0.003942632,21.784520,16.710256,high_risk,yes,w0_high_risk,warning,yes,pass,no,platform_too_narrow,no,1.020000000000,306,0.019607843137,0.000392156863,no,CURRENT_PLATFORM
CURRENT_PLATFORM,306.000000000000,6.000000000000,795.000000,1.453371000000,547.004172,47.000000,50.000000,50,9,0.180000000000,0.287110354217,7.177758855,11.310338156,44.377024,52.558992,0.712889645783,0.287110354217,17.822241145,0.019607843137,6.120000000000,0.120000000000,1.020000000000,0.019607843137,0.000392156863,yes,0.000045705928,0.000129928496,0.003248212,21.784520,16.710256,high_risk,yes,w0_high_risk,warning,yes,pass,no,platform_too_narrow,no,1.020000000000,306,0.019607843137,0.000392156863,no,CURRENT_PLATFORM
CURRENT_PLATFORM,306.000000000000,6.000000000000,795.000000,1.453371000000,547.004172,47.000000,50.000000,50,11,0.220000000000,0.406309342707,10.157733568,12.278590634,46.237532,60.008744,0.593690657293,0.406309342707,14.842266432,0.019607843137,6.120000000000,0.120000000000,1.020000000000,0.019607843137,0.000392156863,yes,0.000053137786,0.000163983701,0.004099593,21.784520,16.710256,high_risk,yes,w0_high_risk,warning,yes,pass,no,platform_too_narrow,no,1.020000000000,306,0.019607843137,0.000392156863,no,CURRENT_PLATFORM
CURRENT_PLATFORM,306.000000000000,6.000000000000,795.000000,1.453371000000,547.004172,47.000000,50.000000,50,13,0.260000000000,0.531395259765,13.284881494,12.475334105,46.606498,68.083698,0.468604740235,0.468604740235,11.715118506,0.019607843137,6.120000000000,0.120000000000,1.020000000000,0.019607843137,0.000392156863,yes,0.000031574627,0.000098998828,0.002474971,21.784520,16.710256,high_risk,yes,w0_high_risk,warning,yes,pass,no,platform_too_narrow,no,1.020000000000,306,0.019607843137,0.000392156863,no,CURRENT_PLATFORM
CURRENT_PLATFORM,306.000000000000,6.000000000000,795.000000,1.453371000000,547.004172,47.000000,50.000000,50,17,0.340000000000,0.767913397489,19.197834937,10.554099069,42.867777,88.982772,0.232086602511,0.232086602511,5.802165063,0.019607843137,6.120000000000,0.120000000000,1.020000000000,0.019607843137,0.000392156863,yes,0.000139062717,0.000368958601,0.009223965,21.784520,16.710256,high_risk,yes,w0_high_risk,warning,yes,pass,no,platform_too_narrow,no,1.020000000000,306,0.019607843137,0.000392156863,no,CURRENT_PLATFORM
CURRENT_PLATFORM,306.000000000000,6.000000000000,795.000000,1.453371000000,547.004172,47.000000,50.000000,50,19,0.380000000000,0.864484313711,21.612107843,8.556838824,38.599089,104.853341,0.135515686289,0.135515686289,3.387892157,0.019607843137,6.120000000000,0.120000000000,1.020000000000,0.019607843137,0.000392156863,yes,0.000032196787,0.000069240191,0.001731005,21.784520,16.710256,high_risk,yes,w0_high_risk,warning,yes,pass,no,platform_too_narrow,no,1.020000000000,306,0.019607843137,0.000392156863,no,CURRENT_PLATFORM
CURRENT_PLATFORM,306.000000000000,6.000000000000,795.000000,1.453371000000,547.004172,47.000000,50.000000,50,21,0.420000000000,0.938153340022,23.453833501,6.021920926,32.380825,130.205636,0.061846659978,0.061846659978,1.546166499,0.019607843137,6.120000000000,0.120000000000,1.020000000000,0.019607843137,0.000392156863,yes,0.000033290056,0.000050381328,0.001259533,21.784520,16.710256,high_risk,yes,w0_high_risk,warning,yes,pass,no,platform_too_narrow,no,1.020000000000,306,0.019607843137,0.000392156863,no,CURRENT_PLATFORM
CURRENT_PLATFORM,306.000000000000,6.000000000000,795.000000,1.453371000000,547.004172,47.000000,50.000000,50,23,0.460000000000,0.984291580564,24.607289514,3.108623590,23.265075,185.625744,0.015708419436,0.015708419436,0.392710486,0.019607843137,6.120000000000,0.120000000000,1.020000000000,0.019607843137,0.000392156863,yes,0.000040764747,0.000031841151,0.000796029,21.784520,16.710256,high_risk,no,w0_high_risk,hard_fail,no,large_curved_mirror_spot,no,platform_too_narrow,no,1.020000000000,306,0.019607843137,0.000392156863,no,CURRENT_PLATFORM
CURRENT_PLATFORM,56.700000000000,6.000000000000,795.000000,1.453371000000,547.004172,47.000000,50.000000,9,1,0.111111111111,0.116977778441,2.924444461,8.034845121,37.403233,39.803689,0.883022221559,0.116977778441,22.075555539,0.105820105820,6.300000000000,0.300000000000,1.050000000000,0.047619047619,0.005291005291,yes,0.005952380952,0.011809799232,0.295244981,22.034681,17.483853,high_risk,no,w0_high_risk,hard_fail,no,short_cavity,yes,pass,no,1.050000000000,57,0.047619047619,0.005291005291,no,CURRENT_PLATFORM
CURRENT_PLATFORM,56.700000000000,6.000000000000,795.000000,1.453371000000,547.004172,47.000000,50.000000,9,2,0.222222222222,0.413175911167,10.329397779,12.310096913,46.296815,60.436200,0.586824088833,0.413175911167,14.670602221,0.105820105820,6.300000000000,0.300000000000,1.050000000000,0.047619047619,0.005291005291,yes,0.002380952381,0.007367353037,0.184183826,22.034681,17.483853,high_risk,yes,w0_high_risk,warning,yes,pass,yes,pass,yes,1.050000000000,57,0.047619047619,0.005291005291,no,CURRENT_PLATFORM
CURRENT_PLATFORM,56.700000000000,6.000000000000,795.000000,1.453371000000,547.004172,47.000000,50.000000,9,4,0.444444444444,0.969846310393,24.246157760,4.275251792,27.283572,157.119830,0.030153689607,0.030153689607,0.753842240,0.105820105820,6.300000000000,0.300000000000,1.050000000000,0.047619047619,0.005291005291,yes,0.003401360544,0.003594978620,0.089874465,22.034681,17.483853,high_risk,yes,w0_high_risk,warning,yes,pass,no,platform_too_narrow,no,1.050000000000,57,0.047619047619,0.005291005291,no,CURRENT_PLATFORM
CURRENT_PLATFORM,75.600000000000,6.000000000000,795.000000,1.453371000000,547.004172,47.000000,50.000000,12,1,0.083333333333,0.066987298108,1.674682453,6.250000000,32.988335,34.152037,0.933012701892,0.066987298108,23.325317547,0.079365079365,6.300000000000,0.300000000000,1.050000000000,0.047619047619,0.003968253968,yes,0.004329004329,0.006665862005,0.166646550,22.034681,17.321773,high_risk,no,w0_high_risk,hard_fail,no,short_cavity,yes,pass,no,1.050000000000,76,0.047619047619,0.003968253968,no,CURRENT_PLATFORM
CURRENT_PLATFORM,75.600000000000,6.000000000000,795.000000,1.453371000000,547.004172,47.000000,50.000000,12,5,0.416666666667,0.933012701892,23.325317547,6.250000000,32.988335,127.457138,0.066987298108,0.066987298108,1.674682453,0.079365079365,6.300000000000,0.300000000000,1.050000000000,0.047619047619,0.003968253968,yes,0.001360544218,0.002139767767,0.053494194,22.034681,17.321773,high_risk,yes,w0_high_risk,warning,yes,pass,no,platform_too_narrow,no,1.050000000000,76,0.047619047619,0.003968253968,no,CURRENT_PLATFORM
CURRENT_PLATFORM,189.000000000000,6.000000000000,795.000000,1.453371000000,547.004172,47.000000,50.000000,30,1,0.033333333333,0.010926199633,0.273154991,2.598896135,21.272319,21.389493,0.989073800367,0.010926199633,24.726845009,0.031746031746,6.300000000000,0.300000000000,1.050000000000,0.047619047619,0.001587301587,yes,0.001642036125,0.001048223647,0.026205591,22.034681,17.034129,high_risk,no,w0_high_risk,hard_fail,no,short_cavity,no,platform_too_narrow,no,1.050000000000,189,0.047619047619,0.001587301587,no,CURRENT_PLATFORM
CURRENT_PLATFORM,189.000000000000,6.000000000000,795.000000,1.453371000000,547.004172,47.000000,50.000000,30,7,0.233333333333,0.447735768366,11.193394209,12.431523692,46.524591,62.605012,0.552264231634,0.447735768366,13.806605791,0.031746031746,6.300000000000,0.300000000000,1.050000000000,0.047619047619,0.001587301587,yes,0.000215470804,0.000673206807,0.016830170,22.034681,17.034129,high_risk,yes,w0_high_risk,warning,yes,pass,no,platform_too_narrow,no,1.050000000000,189,0.047619047619,0.001587301587,no,CURRENT_PLATFORM
CURRENT_PLATFORM,189.000000000000,6.000000000000,795.000000,1.453371000000,547.004172,47.000000,50.000000,30,11,0.366666666667,0.834565303179,20.864132579,9.289310318,40.217227,98.877805,0.165434696821,0.165434696821,4.135867421,0.031746031746,6.300000000000,0.300000000000,1.050000000000,0.047619047619,0.001587301587,yes,0.000227842333,0.000532025366,0.013300634,22.034681,17.034129,high_risk,yes,w0_high_risk,warning,yes,pass,no,platform_too_narrow,no,1.050000000000,189,0.047619047619,0.001587301587,no,CURRENT_PLATFORM
CURRENT_PLATFORM,189.000000000000,6.000000000000,795.000000,1.453371000000,547.004172,47.000000,50.000000,30,13,0.433333333333,0.956772728821,23.919318221,5.084208038,29.753087,143.104447,0.043227271179,0.043227271179,1.080681779,0.031746031746,6.300000000000,0.300000000000,1.050000000000,0.047619047619,0.001587301587,yes,0.000295770482,0.000378356339,0.009458908,22.034681,17.034129,high_risk,yes,w0_high_risk,warning,yes,pass,no,platform_too_narrow,no,1.050000000000,189,0.047619047619,0.001587301587,no,CURRENT_PLATFORM
CURRENT_PLATFORM,315.000000000000,6.000000000000,795.000000,1.453371000000,547.004172,47.000000,50.000000,50,1,0.020000000000,0.003942649343,0.098566234,1.566665420,16.516138,16.548794,0.996057350657,0.003942649343,24.901433766,0.019047619048,6.300000000000,0.300000000000,1.050000000000,0.047619047619,0.000952380952,yes,0.000971817298,0.000373769196,0.009344230,22.034681,16.960946,high_risk,no,w0_high_risk,hard_fail,no,short_cavity,no,platform_too_narrow,no,1.050000000000,315,0.047619047619,0.000952380952,no,CURRENT_PLATFORM
CURRENT_PLATFORM,315.000000000000,6.000000000000,795.000000,1.453371000000,547.004172,47.000000,50.000000,50,3,0.060000000000,0.035111757056,0.877793926,4.601556909,28.305627,28.816038,0.964888242944,0.035111757056,24.122206074,0.019047619048,6.300000000000,0.300000000000,1.050000000000,0.047619047619,0.000952380952,yes,0.000084882438,0.000098145159,0.002453629,22.034681,16.960946,high_risk,no,w0_high_risk,hard_fail,no,short_cavity,no,platform_too_narrow,no,1.050000000000,315,0.047619047619,0.000952380952,no,CURRENT_PLATFORM
CURRENT_PLATFORM,315.000000000000,6.000000000000,795.000000,1.453371000000,547.004172,47.000000,50.000000,50,7,0.140000000000,0.181288005126,4.532200128,9.631415535,40.951088,45.258470,0.818711994874,0.181288005126,20.467799872,0.019047619048,6.300000000000,0.300000000000,1.050000000000,0.047619047619,0.000952380952,yes,0.000158202816,0.000383065193,0.009576630,22.034681,16.960946,high_risk,yes,w0_high_risk,warning,yes,pass,no,platform_too_narrow,no,1.050000000000,315,0.047619047619,0.000952380952,no,CURRENT_PLATFORM
CURRENT_PLATFORM,315.000000000000,6.000000000000,795.000000,1.453371000000,547.004172,47.000000,50.000000,50,9,0.180000000000,0.287110354217,7.177758855,11.310338156,44.377024,52.558992,0.712889645783,0.287110354217,17.822241145,0.019047619048,6.300000000000,0.300000000000,1.050000000000,0.047619047619,0.000952380952,yes,0.000111000111,0.000315557678,0.007888942,22.034681,16.960946,high_risk,yes,w0_high_risk,warning,yes,pass,no,platform_too_narrow,no,1.050000000000,315,0.047619047619,0.000952380952,no,CURRENT_PLATFORM
CURRENT_PLATFORM,315.000000000000,6.000000000000,795.000000,1.453371000000,547.004172,47.000000,50.000000,50,11,0.220000000000,0.406309342707,10.157733568,12.278590634,46.237532,60.008744,0.593690657293,0.406309342707,14.842266432,0.019047619048,6.300000000000,0.300000000000,1.050000000000,0.047619047619,0.000952380952,yes,0.000129048910,0.000398257706,0.009956443,22.034681,16.960946,high_risk,yes,w0_high_risk,warning,yes,pass,no,platform_too_narrow,no,1.050000000000,315,0.047619047619,0.000952380952,no,CURRENT_PLATFORM
CURRENT_PLATFORM,315.000000000000,6.000000000000,795.000000,1.453371000000,547.004172,47.000000,50.000000,50,13,0.260000000000,0.531395259765,13.284881494,12.475334105,46.606498,68.083698,0.468604740235,0.468604740235,11.715118506,0.019047619048,6.300000000000,0.300000000000,1.050000000000,0.047619047619,0.000952380952,yes,0.000076681236,0.000240425551,0.006010639,22.034681,16.960946,high_risk,yes,w0_high_risk,warning,yes,pass,no,platform_too_narrow,no,1.050000000000,315,0.047619047619,0.000952380952,no,CURRENT_PLATFORM
CURRENT_PLATFORM,315.000000000000,6.000000000000,795.000000,1.453371000000,547.004172,47.000000,50.000000,50,17,0.340000000000,0.767913397489,19.197834937,10.554099069,42.867777,88.982772,0.232086602511,0.232086602511,5.802165063,0.019047619048,6.300000000000,0.300000000000,1.050000000000,0.047619047619,0.000952380952,yes,0.000337723742,0.000896354086,0.022408852,22.034681,16.960946,high_risk,yes,w0_high_risk,warning,yes,pass,no,platform_too_narrow,no,1.050000000000,315,0.047619047619,0.000952380952,no,CURRENT_PLATFORM
CURRENT_PLATFORM,315.000000000000,6.000000000000,795.000000,1.453371000000,547.004172,47.000000,50.000000,50,19,0.380000000000,0.864484313711,21.612107843,8.556838824,38.599089,104.853341,0.135515686289,0.135515686289,3.387892157,0.019047619048,6.300000000000,0.300000000000,1.050000000000,0.047619047619,0.000952380952,yes,0.000078192196,0.000168150608,0.004203765,22.034681,16.960946,high_risk,yes,w0_high_risk,warning,yes,pass,no,platform_too_narrow,no,1.050000000000,315,0.047619047619,0.000952380952,no,CURRENT_PLATFORM
CURRENT_PLATFORM,315.000000000000,6.000000000000,795.000000,1.453371000000,547.004172,47.000000,50.000000,50,21,0.420000000000,0.938153340022,23.453833501,6.021920926,32.380825,130.205636,0.061846659978,0.061846659978,1.546166499,0.019047619048,6.300000000000,0.300000000000,1.050000000000,0.047619047619,0.000952380952,yes,0.000080847279,0.000122346671,0.003058667,22.034681,16.960946,high_risk,yes,w0_high_risk,warning,yes,pass,no,platform_too_narrow,no,1.050000000000,315,0.047619047619,0.000952380952,no,CURRENT_PLATFORM
CURRENT_PLATFORM,315.000000000000,6.000000000000,795.000000,1.453371000000,547.004172,47.000000,50.000000,50,23,0.460000000000,0.984291580564,24.607289514,3.108623590,23.265075,185.625744,0.015708419436,0.015708419436,0.392710486,0.019047619048,6.300000000000,0.300000000000,1.050000000000,0.047619047619,0.000952380952,yes,0.000099000099,0.000077302052,0.001932551,22.034681,16.960946,high_risk,no,w0_high_risk,hard_fail,no,large_curved_mirror_spot,no,platform_too_narrow,no,1.050000000000,315,0.047619047619,0.000952380952,no,CURRENT_PLATFORM
CURRENT_PLATFORM,59.400000000000,6.000000000000,795.000000,1.453371000000,547.004172,47.000000,50.000000,9,1,0.111111111111,0.116977778441,2.924444461,8.034845121,37.403233,39.803689,0.883022221559,0.116977778441,22.075555539,0.101010101010,6.600000000000,0.600000000000,1.100000000000,0.090909090909,0.010101010101,yes,0.011363636364,0.022174651848,0.554366296,22.436332,17.886091,high_risk,no,w0_high_risk,hard_fail,no,short_cavity,yes,pass,no,1.100000000000,60,0.090909090909,0.010101010101,no,CURRENT_PLATFORM
CURRENT_PLATFORM,59.400000000000,6.000000000000,795.000000,1.453371000000,547.004172,47.000000,50.000000,9,2,0.222222222222,0.413175911167,10.329397779,12.310096913,46.296815,60.436200,0.586824088833,0.413175911167,14.670602221,0.101010101010,6.600000000000,0.600000000000,1.100000000000,0.090909090909,0.010101010101,yes,0.004545454545,0.014066460479,0.351661512,22.436332,17.886091,high_risk,yes,w0_high_risk,warning,yes,pass,yes,pass,yes,1.100000000000,60,0.090909090909,0.010101010101,no,CURRENT_PLATFORM
CURRENT_PLATFORM,59.400000000000,6.000000000000,795.000000,1.453371000000,547.004172,47.000000,50.000000,9,4,0.444444444444,0.969846310393,24.246157760,4.275251792,27.283572,157.119830,0.030153689607,0.030153689607,0.753842240,0.101010101010,6.600000000000,0.600000000000,1.100000000000,0.090909090909,0.010101010101,yes,0.006493506494,0.006759026430,0.168975661,22.436332,17.886091,high_risk,yes,w0_high_risk,warning,yes,pass,yes,pass,yes,1.100000000000,60,0.090909090909,0.010101010101,no,CURRENT_PLATFORM
CURRENT_PLATFORM,79.200000000000,6.000000000000,795.000000,1.453371000000,547.004172,47.000000,50.000000,12,1,0.083333333333,0.066987298108,1.674682453,6.250000000,32.988335,34.152037,0.933012701892,0.066987298108,23.325317547,0.075757575758,6.600000000000,0.600000000000,1.100000000000,0.090909090909,0.007575757576,yes,0.008264462810,0.012490888830,0.312272221,22.436332,17.724076,high_risk,no,w0_high_risk,hard_fail,no,short_cavity,yes,pass,no,1.100000000000,80,0.090909090909,0.007575757576,no,CURRENT_PLATFORM
CURRENT_PLATFORM,79.200000000000,6.000000000000,795.000000,1.453371000000,547.004172,47.000000,50.000000,12,5,0.416666666667,0.933012701892,23.325317547,6.250000000,32.988335,127.457138,0.066987298108,0.066987298108,1.674682453,0.075757575758,6.600000000000,0.600000000000,1.100000000000,0.090909090909,0.007575757576,yes,0.002597402597,0.004089552057,0.102238801,22.436332,17.724076,high_risk,yes,w0_high_risk,warning,yes,pass,yes,pass,yes,1.100000000000,80,0.090909090909,0.007575757576,no,CURRENT_PLATFORM
CURRENT_PLATFORM,198.000000000000,6.000000000000,795.000000,1.453371000000,547.004172,47.000000,50.000000,30,1,0.033333333333,0.010926199633,0.273154991,2.598896135,21.272319,21.389493,0.989073800367,0.010926199633,24.726845009,0.030303030303,6.600000000000,0.600000000000,1.100000000000,0.090909090909,0.003030303030,yes,0.003134796238,0.001958905899,0.048972647,22.436332,17.436542,high_risk,no,w0_high_risk,hard_fail,no,short_cavity,no,platform_too_narrow,no,1.100000000000,198,0.090909090909,0.003030303030,no,CURRENT_PLATFORM
CURRENT_PLATFORM,198.000000000000,6.000000000000,795.000000,1.453371000000,547.004172,47.000000,50.000000,30,7,0.233333333333,0.447735768366,11.193394209,12.431523692,46.524591,62.605012,0.552264231634,0.447735768366,13.806605791,0.030303030303,6.600000000000,0.600000000000,1.100000000000,0.090909090909,0.003030303030,yes,0.000411353353,0.001285201638,0.032130041,22.436332,17.436542,high_risk,yes,w0_high_risk,warning,yes,pass,no,platform_too_narrow,no,1.100000000000,198,0.090909090909,0.003030303030,no,CURRENT_PLATFORM
CURRENT_PLATFORM,198.000000000000,6.000000000000,795.000000,1.453371000000,547.004172,47.000000,50.000000,30,11,0.366666666667,0.834565303179,20.864132579,9.289310318,40.217227,98.877805,0.165434696821,0.165434696821,4.135867421,0.030303030303,6.600000000000,0.600000000000,1.100000000000,0.090909090909,0.003030303030,yes,0.000434971727,0.001015843177,0.025396079,22.436332,17.436542,high_risk,yes,w0_high_risk,warning,yes,pass,no,platform_too_narrow,no,1.100000000000,198,0.090909090909,0.003030303030,no,CURRENT_PLATFORM
CURRENT_PLATFORM,198.000000000000,6.000000000000,795.000000,1.453371000000,547.004172,47.000000,50.000000,30,13,0.433333333333,0.956772728821,23.919318221,5.084208038,29.753087,143.104447,0.043227271179,0.043227271179,1.080681779,0.030303030303,6.600000000000,0.600000000000,1.100000000000,0.090909090909,0.003030303030,yes,0.000564652739,0.000723046221,0.018076156,22.436332,17.436542,high_risk,yes,w0_high_risk,warning,yes,pass,no,platform_too_narrow,no,1.100000000000,198,0.090909090909,0.003030303030,no,CURRENT_PLATFORM
CURRENT_PLATFORM,330.000000000000,6.000000000000,795.000000,1.453371000000,547.004172,47.000000,50.000000,50,1,0.020000000000,0.003942649343,0.098566234,1.566665420,16.516138,16.548794,0.996057350657,0.003942649343,24.901433766,0.018181818182,6.600000000000,0.600000000000,1.100000000000,0.090909090909,0.001818181818,yes,0.001855287570,0.000698140739,0.017453518,22.436332,17.363386,high_risk,no,w0_high_risk,hard_fail,no,short_cavity,no,platform_too_narrow,no,1.100000000000,330,0.090909090909,0.001818181818,no,CURRENT_PLATFORM
CURRENT_PLATFORM,330.000000000000,6.000000000000,795.000000,1.453371000000,547.004172,47.000000,50.000000,50,3,0.060000000000,0.035111757056,0.877793926,4.601556909,28.305627,28.816038,0.964888242944,0.035111757056,24.122206074,0.018181818182,6.600000000000,0.600000000000,1.100000000000,0.090909090909,0.001818181818,yes,0.000162048290,0.000187331303,0.004683283,22.436332,17.363386,high_risk,no,w0_high_risk,hard_fail,no,short_cavity,no,platform_too_narrow,no,1.100000000000,330,0.090909090909,0.001818181818,no,CURRENT_PLATFORM
CURRENT_PLATFORM,330.000000000000,6.000000000000,795.000000,1.453371000000,547.004172,47.000000,50.000000,50,7,0.140000000000,0.181288005126,4.532200128,9.631415535,40.951088,45.258470,0.818711994874,0.181288005126,20.467799872,0.018181818182,6.600000000000,0.600000000000,1.100000000000,0.090909090909,0.001818181818,yes,0.000302023558,0.000731502828,0.018287571,22.436332,17.363386,high_risk,yes,w0_high_risk,warning,yes,pass,no,platform_too_narrow,no,1.100000000000,330,0.090909090909,0.001818181818,no,CURRENT_PLATFORM
CURRENT_PLATFORM,330.000000000000,6.000000000000,795.000000,1.453371000000,547.004172,47.000000,50.000000,50,9,0.180000000000,0.287110354217,7.177758855,11.310338156,44.377024,52.558992,0.712889645783,0.287110354217,17.822241145,0.018181818182,6.600000000000,0.600000000000,1.100000000000,0.090909090909,0.001818181818,yes,0.000211909303,0.000602478553,0.015061964,22.436332,17.363386,high_risk,yes,w0_high_risk,warning,yes,pass,no,platform_too_narrow,no,1.100000000000,330,0.090909090909,0.001818181818,no,CURRENT_PLATFORM
CURRENT_PLATFORM,330.000000000000,6.000000000000,795.000000,1.453371000000,547.004172,47.000000,50.000000,50,11,0.220000000000,0.406309342707,10.157733568,12.278590634,46.237532,60.008744,0.593690657293,0.406309342707,14.842266432,0.018181818182,6.600000000000,0.600000000000,1.100000000000,0.090909090909,0.001818181818,yes,0.000246366100,0.000760344253,0.019008606,22.436332,17.363386,high_risk,yes,w0_high_risk,warning,yes,pass,no,platform_too_narrow,no,1.100000000000,330,0.090909090909,0.001818181818,no,CURRENT_PLATFORM
CURRENT_PLATFORM,330.000000000000,6.000000000000,795.000000,1.453371000000,547.004172,47.000000,50.000000,50,13,0.260000000000,0.531395259765,13.284881494,12.475334105,46.606498,68.083698,0.468604740235,0.468604740235,11.715118506,0.018181818182,6.600000000000,0.600000000000,1.100000000000,0.090909090909,0.001818181818,yes,0.000146391451,0.000458993715,0.011474843,22.436332,17.363386,high_risk,yes,w0_high_risk,warning,yes,pass,no,platform_too_narrow,no,1.100000000000,330,0.090909090909,0.001818181818,no,CURRENT_PLATFORM
CURRENT_PLATFORM,330.000000000000,6.000000000000,795.000000,1.453371000000,547.004172,47.000000,50.000000,50,17,0.340000000000,0.767913397489,19.197834937,10.554099069,42.867777,88.982772,0.232086602511,0.232086602511,5.802165063,0.018181818182,6.600000000000,0.600000000000,1.100000000000,0.090909090909,0.001818181818,yes,0.000644745326,0.001712139837,0.042803496,22.436332,17.363386,high_risk,yes,w0_high_risk,warning,yes,pass,no,platform_too_narrow,no,1.100000000000,330,0.090909090909,0.001818181818,no,CURRENT_PLATFORM
CURRENT_PLATFORM,330.000000000000,6.000000000000,795.000000,1.453371000000,547.004172,47.000000,50.000000,50,19,0.380000000000,0.864484313711,21.612107843,8.556838824,38.599089,104.853341,0.135515686289,0.135515686289,3.387892157,0.018181818182,6.600000000000,0.600000000000,1.100000000000,0.090909090909,0.001818181818,yes,0.000149276011,0.000321002573,0.008025064,22.436332,17.363386,high_risk,yes,w0_high_risk,warning,yes,pass,no,platform_too_narrow,no,1.100000000000,330,0.090909090909,0.001818181818,no,CURRENT_PLATFORM
CURRENT_PLATFORM,330.000000000000,6.000000000000,795.000000,1.453371000000,547.004172,47.000000,50.000000,50,21,0.420000000000,0.938153340022,23.453833501,6.021920926,32.380825,130.205636,0.061846659978,0.061846659978,1.546166499,0.018181818182,6.600000000000,0.600000000000,1.100000000000,0.090909090909,0.001818181818,yes,0.000154344806,0.000233547362,0.005838684,22.436332,17.363386,high_risk,yes,w0_high_risk,warning,yes,pass,no,platform_too_narrow,no,1.100000000000,330,0.090909090909,0.001818181818,no,CURRENT_PLATFORM
CURRENT_PLATFORM,330.000000000000,6.000000000000,795.000000,1.453371000000,547.004172,47.000000,50.000000,50,23,0.460000000000,0.984291580564,24.607289514,3.108623590,23.265075,185.625744,0.015708419436,0.015708419436,0.392710486,0.018181818182,6.600000000000,0.600000000000,1.100000000000,0.090909090909,0.001818181818,yes,0.000189000189,0.000147498583,0.003687465,22.436332,17.363386,high_risk,no,w0_high_risk,hard_fail,no,large_curved_mirror_spot,no,platform_too_narrow,no,1.100000000000,330,0.090909090909,0.001818181818,no,CURRENT_PLATFORM
CURRENT_PLATFORM,62.100000000000,6.000000000000,795.000000,1.453371000000,547.004172,47.000000,50.000000,9,1,0.111111111111,0.116977778441,2.924444461,8.034845121,37.403233,39.803689,0.883022221559,0.116977778441,22.075555539,0.096618357488,6.900000000000,0.900000000000,1.150000000000,0.130434782609,0.014492753623,yes,0.016304347826,0.031322004899,0.783050122,22.820327,18.270598,high_risk,no,w0_high_risk,hard_fail,no,short_cavity,yes,pass,no,1.150000000000,63,0.130434782609,0.014492753623,no,CURRENT_PLATFORM
CURRENT_PLATFORM,62.100000000000,6.000000000000,795.000000,1.453371000000,547.004172,47.000000,50.000000,9,2,0.222222222222,0.413175911167,10.329397779,12.310096913,46.296815,60.436200,0.586824088833,0.413175911167,14.670602221,0.096618357488,6.900000000000,0.900000000000,1.150000000000,0.130434782609,0.014492753623,yes,0.006521739130,0.020184014053,0.504600351,22.820327,18.270598,high_risk,yes,w0_high_risk,warning,yes,pass,yes,pass,yes,1.150000000000,63,0.130434782609,0.014492753623,no,CURRENT_PLATFORM
CURRENT_PLATFORM,62.100000000000,6.000000000000,795.000000,1.453371000000,547.004172,47.000000,50.000000,9,4,0.444444444444,0.969846310393,24.246157760,4.275251792,27.283572,157.119830,0.030153689607,0.030153689607,0.753842240,0.096618357488,6.900000000000,0.900000000000,1.150000000000,0.130434782609,0.014492753623,yes,0.009316770186,0.009560845174,0.239021129,22.820327,18.270598,high_risk,yes,w0_high_risk,warning,yes,pass,yes,pass,yes,1.150000000000,63,0.130434782609,0.014492753623,no,CURRENT_PLATFORM
CURRENT_PLATFORM,82.800000000000,6.000000000000,795.000000,1.453371000000,547.004172,47.000000,50.000000,12,1,0.083333333333,0.066987298108,1.674682453,6.250000000,32.988335,34.152037,0.933012701892,0.066987298108,23.325317547,0.072463768116,6.900000000000,0.900000000000,1.150000000000,0.130434782609,0.010869565217,yes,0.011857707510,0.017611656901,0.440291423,22.820327,18.108638,high_risk,no,w0_high_risk,hard_fail,no,short_cavity,yes,pass,no,1.150000000000,83,0.130434782609,0.010869565217,no,CURRENT_PLATFORM
CURRENT_PLATFORM,82.800000000000,6.000000000000,795.000000,1.453371000000,547.004172,47.000000,50.000000,12,5,0.416666666667,0.933012701892,23.325317547,6.250000000,32.988335,127.457138,0.066987298108,0.066987298108,1.674682453,0.072463768116,6.900000000000,0.900000000000,1.150000000000,0.130434782609,0.010869565217,yes,0.003726708075,0.005873538730,0.146838468,22.820327,18.108638,high_risk,yes,w0_high_risk,warning,yes,pass,yes,pass,yes,1.150000000000,83,0.130434782609,0.010869565217,no,CURRENT_PLATFORM
CURRENT_PLATFORM,207.000000000000,6.000000000000,795.000000,1.453371000000,547.004172,47.000000,50.000000,30,1,0.033333333333,0.010926199633,0.273154991,2.598896135,21.272319,21.389493,0.989073800367,0.010926199633,24.726845009,0.028985507246,6.900000000000,0.900000000000,1.150000000000,0.130434782609,0.004347826087,yes,0.004497751124,0.002755194544,0.068879864,22.820327,17.821201,high_risk,no,w0_high_risk,hard_fail,no,short_cavity,no,platform_too_narrow,no,1.150000000000,207,0.130434782609,0.004347826087,no,CURRENT_PLATFORM
CURRENT_PLATFORM,207.000000000000,6.000000000000,795.000000,1.453371000000,547.004172,47.000000,50.000000,30,7,0.233333333333,0.447735768366,11.193394209,12.431523692,46.524591,62.605012,0.552264231634,0.447735768366,13.806605791,0.028985507246,6.900000000000,0.900000000000,1.150000000000,0.130434782609,0.004347826087,yes,0.000590202636,0.001843969866,0.046099247,22.820327,17.821201,high_risk,yes,w0_high_risk,warning,yes,pass,no,platform_too_narrow,no,1.150000000000,207,0.130434782609,0.004347826087,no,CURRENT_PLATFORM
CURRENT_PLATFORM,207.000000000000,6.000000000000,795.000000,1.453371000000,547.004172,47.000000,50.000000,30,11,0.366666666667,0.834565303179,20.864132579,9.289310318,40.217227,98.877805,0.165434696821,0.165434696821,4.135867421,0.028985507246,6.900000000000,0.900000000000,1.150000000000,0.130434782609,0.004347826087,yes,0.000624089869,0.001457721395,0.036443035,22.820327,17.821201,high_risk,yes,w0_high_risk,warning,yes,pass,no,platform_too_narrow,no,1.150000000000,207,0.130434782609,0.004347826087,no,CURRENT_PLATFORM
CURRENT_PLATFORM,207.000000000000,6.000000000000,795.000000,1.453371000000,547.004172,47.000000,50.000000,30,13,0.433333333333,0.956772728821,23.919318221,5.084208038,29.753087,143.104447,0.043227271179,0.043227271179,1.080681779,0.028985507246,6.900000000000,0.900000000000,1.150000000000,0.130434782609,0.004347826087,yes,0.000810153929,0.001038369498,0.025959237,22.820327,17.821201,high_risk,yes,w0_high_risk,warning,yes,pass,no,platform_too_narrow,no,1.150000000000,207,0.130434782609,0.004347826087,no,CURRENT_PLATFORM
CURRENT_PLATFORM,345.000000000000,6.000000000000,795.000000,1.453371000000,547.004172,47.000000,50.000000,50,1,0.020000000000,0.003942649343,0.098566234,1.566665420,16.516138,16.548794,0.996057350657,0.003942649343,24.901433766,0.017391304348,6.900000000000,0.900000000000,1.150000000000,0.130434782609,0.002608695652,yes,0.002661934339,0.000981473230,0.024536831,22.820327,17.748069,high_risk,no,w0_high_risk,hard_fail,no,short_cavity,no,platform_too_narrow,no,1.150000000000,345,0.130434782609,0.002608695652,no,CURRENT_PLATFORM
CURRENT_PLATFORM,345.000000000000,6.000000000000,795.000000,1.453371000000,547.004172,47.000000,50.000000,50,3,0.060000000000,0.035111757056,0.877793926,4.601556909,28.305627,28.816038,0.964888242944,0.035111757056,24.122206074,0.017391304348,6.900000000000,0.900000000000,1.150000000000,0.130434782609,0.002608695652,yes,0.000232504069,0.000268731576,0.006718289,22.820327,17.748069,high_risk,no,w0_high_risk,hard_fail,no,short_cavity,no,platform_too_narrow,no,1.150000000000,345,0.130434782609,0.002608695652,no,CURRENT_PLATFORM
CURRENT_PLATFORM,345.000000000000,6.000000000000,795.000000,1.453371000000,547.004172,47.000000,50.000000,50,7,0.140000000000,0.181288005126,4.532200128,9.631415535,40.951088,45.258470,0.818711994874,0.181288005126,20.467799872,0.017391304348,6.900000000000,0.900000000000,1.150000000000,0.130434782609,0.002608695652,yes,0.000433338148,0.001049804861,0.026245122,22.820327,17.748069,high_risk,yes,w0_high_risk,warning,yes,pass,no,platform_too_narrow,no,1.150000000000,345,0.130434782609,0.002608695652,no,CURRENT_PLATFORM
CURRENT_PLATFORM,345.000000000000,6.000000000000,795.000000,1.453371000000,547.004172,47.000000,50.000000,50,9,0.180000000000,0.287110354217,7.177758855,11.310338156,44.377024,52.558992,0.712889645783,0.287110354217,17.822241145,0.017391304348,6.900000000000,0.900000000000,1.150000000000,0.130434782609,0.002608695652,yes,0.000304043782,0.000864491541,0.021612289,22.820327,17.748069,high_risk,yes,w0_high_risk,warning,yes,pass,no,platform_too_narrow,no,1.150000000000,345,0.130434782609,0.002608695652,no,CURRENT_PLATFORM
CURRENT_PLATFORM,345.000000000000,6.000000000000,795.000000,1.453371000000,547.004172,47.000000,50.000000,50,11,0.220000000000,0.406309342707,10.157733568,12.278590634,46.237532,60.008744,0.593690657293,0.406309342707,14.842266432,0.017391304348,6.900000000000,0.900000000000,1.150000000000,0.130434782609,0.002608695652,yes,0.000353481796,0.001090973269,0.027274332,22.820327,17.748069,high_risk,yes,w0_high_risk,warning,yes,pass,no,platform_too_narrow,no,1.150000000000,345,0.130434782609,0.002608695652,no,CURRENT_PLATFORM
CURRENT_PLATFORM,345.000000000000,6.000000000000,795.000000,1.453371000000,547.004172,47.000000,50.000000,50,13,0.260000000000,0.531395259765,13.284881494,12.475334105,46.606498,68.083698,0.468604740235,0.468604740235,11.715118506,0.017391304348,6.900000000000,0.900000000000,1.150000000000,0.130434782609,0.002608695652,yes,0.000210039908,0.000658555512,0.016463888,22.820327,17.748069,high_risk,yes,w0_high_risk,warning,yes,pass,no,platform_too_narrow,no,1.150000000000,345,0.130434782609,0.002608695652,no,CURRENT_PLATFORM
CURRENT_PLATFORM,345.000000000000,6.000000000000,795.000000,1.453371000000,547.004172,47.000000,50.000000,50,17,0.340000000000,0.767913397489,19.197834937,10.554099069,42.867777,88.982772,0.232086602511,0.232086602511,5.802165063,0.017391304348,6.900000000000,0.900000000000,1.150000000000,0.130434782609,0.002608695652,yes,0.000925069380,0.002457749369,0.061443734,22.820327,17.748069,high_risk,yes,w0_high_risk,warning,yes,pass,no,platform_too_narrow,no,1.150000000000,345,0.130434782609,0.002608695652,no,CURRENT_PLATFORM
CURRENT_PLATFORM,345.000000000000,6.000000000000,795.000000,1.453371000000,547.004172,47.000000,50.000000,50,19,0.380000000000,0.864484313711,21.612107843,8.556838824,38.599089,104.853341,0.135515686289,0.135515686289,3.387892157,0.017391304348,6.900000000000,0.900000000000,1.150000000000,0.130434782609,0.002608695652,yes,0.000214178625,0.000460552888,0.011513822,22.820327,17.748069,high_risk,yes,w0_high_risk,warning,yes,pass,no,platform_too_narrow,no,1.150000000000,345,0.130434782609,0.002608695652,no,CURRENT_PLATFORM
CURRENT_PLATFORM,345.000000000000,6.000000000000,795.000000,1.453371000000,547.004172,47.000000,50.000000,50,21,0.420000000000,0.938153340022,23.453833501,6.021920926,32.380825,130.205636,0.061846659978,0.061846659978,1.546166499,0.017391304348,6.900000000000,0.900000000000,1.150000000000,0.130434782609,0.002608695652,yes,0.000221451244,0.000335058830,0.008376471,22.820327,17.748069,high_risk,yes,w0_high_risk,warning,yes,pass,no,platform_too_narrow,no,1.150000000000,345,0.130434782609,0.002608695652,no,CURRENT_PLATFORM
CURRENT_PLATFORM,345.000000000000,6.000000000000,795.000000,1.453371000000,547.004172,47.000000,50.000000,50,23,0.460000000000,0.984291580564,24.607289514,3.108623590,23.265075,185.625744,0.015708419436,0.015708419436,0.392710486,0.017391304348,6.900000000000,0.900000000000,1.150000000000,0.130434782609,0.002608695652,yes,0.000271174184,0.000211526130,0.005288153,22.820327,17.748069,high_risk,no,w0_high_risk,hard_fail,no,large_curved_mirror_spot,no,platform_too_narrow,no,1.150000000000,345,0.130434782609,0.002608695652,no,CURRENT_PLATFORM
CURRENT_PLATFORM,64.800000000000,6.000000000000,795.000000,1.453371000000,547.004172,47.000000,50.000000,9,1,0.111111111111,0.116977778441,2.924444461,8.034845121,37.403233,39.803689,0.883022221559,0.116977778441,22.075555539,0.092592592593,7.200000000000,1.200000000000,1.200000000000,0.166666666667,0.018518518519,yes,0.020833333333,0.039436514273,0.985912857,23.188143,18.638864,high_risk,no,w0_high_risk,hard_fail,no,short_cavity,yes,pass,no,1.200000000000,65,0.166666666667,0.018518518519,no,CURRENT_PLATFORM
CURRENT_PLATFORM,64.800000000000,6.000000000000,795.000000,1.453371000000,547.004172,47.000000,50.000000,9,2,0.222222222222,0.413175911167,10.329397779,12.310096913,46.296815,60.436200,0.586824088833,0.413175911167,14.670602221,0.092592592593,7.200000000000,1.200000000000,1.200000000000,0.166666666667,0.018518518519,yes,0.008333333333,0.025792375113,0.644809378,23.188143,18.638864,high_risk,yes,w0_high_risk,warning,yes,pass,yes,pass,yes,1.200000000000,65,0.166666666667,0.018518518519,no,CURRENT_PLATFORM
CURRENT_PLATFORM,64.800000000000,6.000000000000,795.000000,1.453371000000,547.004172,47.000000,50.000000,9,4,0.444444444444,0.969846310393,24.246157760,4.275251792,27.283572,157.119830,0.030153689607,0.030153689607,0.753842240,0.092592592593,7.200000000000,1.200000000000,1.200000000000,0.166666666667,0.018518518519,yes,0.011904761905,0.012055782698,0.301394567,23.188143,18.638864,high_risk,yes,w0_high_risk,warning,yes,pass,yes,pass,yes,1.200000000000,65,0.166666666667,0.018518518519,no,CURRENT_PLATFORM
CURRENT_PLATFORM,86.400000000000,6.000000000000,795.000000,1.453371000000,547.004172,47.000000,50.000000,12,1,0.083333333333,0.066987298108,1.674682453,6.250000000,32.988335,34.152037,0.933012701892,0.066987298108,23.325317547,0.069444444444,7.200000000000,1.200000000000,1.200000000000,0.166666666667,0.013888888889,yes,0.015151515152,0.022138125811,0.553453145,23.188143,18.476952,high_risk,no,w0_high_risk,hard_fail,no,short_cavity,yes,pass,no,1.200000000000,87,0.166666666667,0.013888888889,no,CURRENT_PLATFORM
CURRENT_PLATFORM,86.400000000000,6.000000000000,795.000000,1.453371000000,547.004172,47.000000,50.000000,12,5,0.416666666667,0.933012701892,23.325317547,6.250000000,32.988335,127.457138,0.066987298108,0.066987298108,1.674682453,0.069444444444,7.200000000000,1.200000000000,1.200000000000,0.166666666667,0.013888888889,yes,0.004761904762,0.007511981847,0.187799546,23.188143,18.476952,high_risk,yes,w0_high_risk,warning,yes,pass,yes,pass,yes,1.200000000000,87,0.166666666667,0.013888888889,no,CURRENT_PLATFORM
CURRENT_PLATFORM,216.000000000000,6.000000000000,795.000000,1.453371000000,547.004172,47.000000,50.000000,30,1,0.033333333333,0.010926199633,0.273154991,2.598896135,21.272319,21.389493,0.989073800367,0.010926199633,24.726845009,0.027777777778,7.200000000000,1.200000000000,1.200000000000,0.166666666667,0.005555555556,yes,0.005747126437,0.003455559491,0.086388987,23.188143,18.189600,high_risk,no,w0_high_risk,hard_fail,no,short_cavity,no,platform_too_narrow,no,1.200000000000,216,0.166666666667,0.005555555556,no,CURRENT_PLATFORM
CURRENT_PLATFORM,216.000000000000,6.000000000000,795.000000,1.453371000000,547.004172,47.000000,50.000000,30,7,0.233333333333,0.447735768366,11.193394209,12.431523692,46.524591,62.605012,0.552264231634,0.447735768366,13.806605791,0.027777777778,7.200000000000,1.200000000000,1.200000000000,0.166666666667,0.005555555556,yes,0.000754147813,0.002356165811,0.058904145,23.188143,18.189600,high_risk,yes,w0_high_risk,warning,yes,pass,no,platform_too_narrow,no,1.200000000000,216,0.166666666667,0.005555555556,no,CURRENT_PLATFORM
CURRENT_PLATFORM,216.000000000000,6.000000000000,795.000000,1.453371000000,547.004172,47.000000,50.000000,30,11,0.366666666667,0.834565303179,20.864132579,9.289310318,40.217227,98.877805,0.165434696821,0.165434696821,4.135867421,0.027777777778,7.200000000000,1.200000000000,1.200000000000,0.166666666667,0.005555555556,yes,0.000797448166,0.001862886547,0.046572164,23.188143,18.189600,high_risk,yes,w0_high_risk,warning,yes,pass,no,platform_too_narrow,no,1.200000000000,216,0.166666666667,0.005555555556,no,CURRENT_PLATFORM
CURRENT_PLATFORM,216.000000000000,6.000000000000,795.000000,1.453371000000,547.004172,47.000000,50.000000,30,13,0.433333333333,0.956772728821,23.919318221,5.084208038,29.753087,143.104447,0.043227271179,0.043227271179,1.080681779,0.027777777778,7.200000000000,1.200000000000,1.200000000000,0.166666666667,0.005555555556,yes,0.001035196687,0.001327924043,0.033198101,23.188143,18.189600,high_risk,yes,w0_high_risk,warning,yes,pass,no,platform_too_narrow,no,1.200000000000,216,0.166666666667,0.005555555556,no,CURRENT_PLATFORM
CURRENT_PLATFORM,360.000000000000,6.000000000000,795.000000,1.453371000000,547.004172,47.000000,50.000000,50,1,0.020000000000,0.003942649343,0.098566234,1.566665420,16.516138,16.548794,0.996057350657,0.003942649343,24.901433766,0.016666666667,7.200000000000,1.200000000000,1.200000000000,0.166666666667,0.003333333333,yes,0.003401360544,0.001230427779,0.030760694,23.188143,18.116490,high_risk,no,w0_high_risk,hard_fail,no,short_cavity,no,platform_too_narrow,no,1.200000000000,360,0.166666666667,0.003333333333,no,CURRENT_PLATFORM
CURRENT_PLATFORM,360.000000000000,6.000000000000,795.000000,1.453371000000,547.004172,47.000000,50.000000,50,3,0.060000000000,0.035111757056,0.877793926,4.601556909,28.305627,28.816038,0.964888242944,0.035111757056,24.122206074,0.016666666667,7.200000000000,1.200000000000,1.200000000000,0.166666666667,0.003333333333,yes,0.000297088532,0.000343322868,0.008583072,23.188143,18.116490,high_risk,no,w0_high_risk,hard_fail,no,short_cavity,no,platform_too_narrow,no,1.200000000000,360,0.166666666667,0.003333333333,no,CURRENT_PLATFORM
CURRENT_PLATFORM,360.000000000000,6.000000000000,795.000000,1.453371000000,547.004172,47.000000,50.000000,50,7,0.140000000000,0.181288005126,4.532200128,9.631415535,40.951088,45.258470,0.818711994874,0.181288005126,20.467799872,0.016666666667,7.200000000000,1.200000000000,1.200000000000,0.166666666667,0.003333333333,yes,0.000553709856,0.001341718555,0.033542964,23.188143,18.116490,high_risk,yes,w0_high_risk,warning,yes,pass,no,platform_too_narrow,no,1.200000000000,360,0.166666666667,0.003333333333,no,CURRENT_PLATFORM
CURRENT_PLATFORM,360.000000000000,6.000000000000,795.000000,1.453371000000,547.004172,47.000000,50.000000,50,9,0.180000000000,0.287110354217,7.177758855,11.310338156,44.377024,52.558992,0.712889645783,0.287110354217,17.822241145,0.016666666667,7.200000000000,1.200000000000,1.200000000000,0.166666666667,0.003333333333,yes,0.000388500389,0.001104705089,0.027617627,23.188143,18.116490,high_risk,yes,w0_high_risk,warning,yes,pass,no,platform_too_narrow,no,1.200000000000,360,0.166666666667,0.003333333333,no,CURRENT_PLATFORM
CURRENT_PLATFORM,360.000000000000,6.000000000000,795.000000,1.453371000000,547.004172,47.000000,50.000000,50,11,0.220000000000,0.406309342707,10.157733568,12.278590634,46.237532,60.008744,0.593690657293,0.406309342707,14.842266432,0.016666666667,7.200000000000,1.200000000000,1.200000000000,0.166666666667,0.003333333333,yes,0.000451671183,0.001394073488,0.034851837,23.188143,18.116490,high_risk,yes,w0_high_risk,warning,yes,pass,no,platform_too_narrow,no,1.200000000000,360,0.166666666667,0.003333333333,no,CURRENT_PLATFORM
CURRENT_PLATFORM,360.000000000000,6.000000000000,795.000000,1.453371000000,547.004172,47.000000,50.000000,50,13,0.260000000000,0.531395259765,13.284881494,12.475334105,46.606498,68.083698,0.468604740235,0.468604740235,11.715118506,0.016666666667,7.200000000000,1.200000000000,1.200000000000,0.166666666667,0.003333333333,yes,0.000268384326,0.000841486783,0.021037170,23.188143,18.116490,high_risk,yes,w0_high_risk,warning,yes,pass,no,platform_too_narrow,no,1.200000000000,360,0.166666666667,0.003333333333,no,CURRENT_PLATFORM
CURRENT_PLATFORM,360.000000000000,6.000000000000,795.000000,1.453371000000,547.004172,47.000000,50.000000,50,17,0.340000000000,0.767913397489,19.197834937,10.554099069,42.867777,88.982772,0.232086602511,0.232086602511,5.802165063,0.016666666667,7.200000000000,1.200000000000,1.200000000000,0.166666666667,0.003333333333,yes,0.001182033097,0.003141861774,0.078546544,23.188143,18.116490,high_risk,yes,w0_high_risk,warning,yes,pass,no,platform_too_narrow,no,1.200000000000,360,0.166666666667,0.003333333333,no,CURRENT_PLATFORM
CURRENT_PLATFORM,360.000000000000,6.000000000000,795.000000,1.453371000000,547.004172,47.000000,50.000000,50,19,0.380000000000,0.864484313711,21.612107843,8.556838824,38.599089,104.853341,0.135515686289,0.135515686289,3.387892157,0.016666666667,7.200000000000,1.200000000000,1.200000000000,0.166666666667,0.003333333333,yes,0.000273672687,0.000588465473,0.014711637,23.188143,18.116490,high_risk,yes,w0_high_risk,warning,yes,pass,no,platform_too_narrow,no,1.200000000000,360,0.166666666667,0.003333333333,no,CURRENT_PLATFORM
CURRENT_PLATFORM,360.000000000000,6.000000000000,795.000000,1.453371000000,547.004172,47.000000,50.000000,50,21,0.420000000000,0.938153340022,23.453833501,6.021920926,32.380825,130.205636,0.061846659978,0.061846659978,1.546166499,0.016666666667,7.200000000000,1.200000000000,1.200000000000,0.166666666667,0.003333333333,yes,0.000282965478,0.000428094571,0.010702364,23.188143,18.116490,high_risk,yes,w0_high_risk,warning,yes,pass,no,platform_too_narrow,no,1.200000000000,360,0.166666666667,0.003333333333,no,CURRENT_PLATFORM
CURRENT_PLATFORM,360.000000000000,6.000000000000,795.000000,1.453371000000,547.004172,47.000000,50.000000,50,23,0.460000000000,0.984291580564,24.607289514,3.108623590,23.265075,185.625744,0.015708419436,0.015708419436,0.392710486,0.016666666667,7.200000000000,1.200000000000,1.200000000000,0.166666666667,0.003333333333,yes,0.000346500347,0.000270163589,0.006754090,23.188143,18.116490,high_risk,no,w0_high_risk,hard_fail,no,large_curved_mirror_spot,no,platform_too_narrow,no,1.200000000000,360,0.166666666667,0.003333333333,no,CURRENT_PLATFORM
CURRENT_PLATFORM,70.200000000000,6.000000000000,795.000000,1.453371000000,547.004172,47.000000,50.000000,9,1,0.111111111111,0.116977778441,2.924444461,8.034845121,37.403233,39.803689,0.883022221559,0.116977778441,22.075555539,0.085470085470,7.800000000000,1.800000000000,1.300000000000,0.230769230769,0.025641025641,yes,0.028846153846,0.053144744694,1.328618617,23.880301,19.331770,high_risk,no,w0_high_risk,hard_fail,no,short_cavity,yes,pass,no,1.300000000000,71,0.230769230769,0.025641025641,no,CURRENT_PLATFORM
CURRENT_PLATFORM,70.200000000000,6.000000000000,795.000000,1.453371000000,547.004172,47.000000,50.000000,9,2,0.222222222222,0.413175911167,10.329397779,12.310096913,46.296815,60.436200,0.586824088833,0.413175911167,14.670602221,0.085470085470,7.800000000000,1.800000000000,1.300000000000,0.230769230769,0.025641025641,yes,0.011538461538,0.035715680110,0.892892003,23.880301,19.331770,high_risk,yes,w0_high_risk,warning,yes,pass,yes,pass,yes,1.300000000000,71,0.230769230769,0.025641025641,no,CURRENT_PLATFORM
CURRENT_PLATFORM,70.200000000000,6.000000000000,795.000000,1.453371000000,547.004172,47.000000,50.000000,9,4,0.444444444444,0.969846310393,24.246157760,4.275251792,27.283572,157.119830,0.030153689607,0.030153689607,0.753842240,0.085470085470,7.800000000000,1.800000000000,1.300000000000,0.230769230769,0.025641025641,yes,0.016483516484,0.016296967361,0.407424184,23.880301,19.331770,high_risk,yes,w0_high_risk,warning,yes,pass,yes,pass,yes,1.300000000000,71,0.230769230769,0.025641025641,no,CURRENT_PLATFORM
CURRENT_PLATFORM,93.600000000000,6.000000000000,795.000000,1.453371000000,547.004172,47.000000,50.000000,12,1,0.083333333333,0.066987298108,1.674682453,6.250000000,32.988335,34.152037,0.933012701892,0.066987298108,23.325317547,0.064102564103,7.800000000000,1.800000000000,1.300000000000,0.230769230769,0.019230769231,yes,0.020979020979,0.029749235792,0.743730895,23.880301,19.169940,high_risk,no,w0_high_risk,hard_fail,no,short_cavity,yes,pass,no,1.300000000000,94,0.230769230769,0.019230769231,no,CURRENT_PLATFORM
CURRENT_PLATFORM,93.600000000000,6.000000000000,795.000000,1.453371000000,547.004172,47.000000,50.000000,12,5,0.416666666667,0.933012701892,23.325317547,6.250000000,32.988335,127.457138,0.066987298108,0.066987298108,1.674682453,0.064102564103,7.800000000000,1.800000000000,1.300000000000,0.230769230769,0.019230769231,yes,0.006593406593,0.010418021665,0.260450542,23.880301,19.169940,high_risk,yes,w0_high_risk,warning,yes,pass,yes,pass,yes,1.300000000000,94,0.230769230769,0.019230769231,no,CURRENT_PLATFORM
CURRENT_PLATFORM,234.000000000000,6.000000000000,795.000000,1.453371000000,547.004172,47.000000,50.000000,30,1,0.033333333333,0.010926199633,0.273154991,2.598896135,21.272319,21.389493,0.989073800367,0.010926199633,24.726845009,0.025641025641,7.800000000000,1.800000000000,1.300000000000,0.230769230769,0.007692307692,yes,0.007957559682,0.004625265769,0.115631644,23.880301,18.882729,high_risk,no,w0_high_risk,hard_fail,no,short_cavity,yes,pass,no,1.300000000000,234,0.230769230769,0.007692307692,no,CURRENT_PLATFORM
CURRENT_PLATFORM,234.000000000000,6.000000000000,795.000000,1.453371000000,547.004172,47.000000,50.000000,30,7,0.233333333333,0.447735768366,11.193394209,12.431523692,46.524591,62.605012,0.552264231634,0.447735768366,13.806605791,0.025641025641,7.800000000000,1.800000000000,1.300000000000,0.230769230769,0.007692307692,yes,0.001044204664,0.003262338820,0.081558471,23.880301,18.882729,high_risk,yes,w0_high_risk,warning,yes,pass,no,platform_too_narrow,no,1.300000000000,234,0.230769230769,0.007692307692,no,CURRENT_PLATFORM
CURRENT_PLATFORM,234.000000000000,6.000000000000,795.000000,1.453371000000,547.004172,47.000000,50.000000,30,11,0.366666666667,0.834565303179,20.864132579,9.289310318,40.217227,98.877805,0.165434696821,0.165434696821,4.135867421,0.025641025641,7.800000000000,1.800000000000,1.300000000000,0.230769230769,0.007692307692,yes,0.001104158999,0.002579974773,0.064499369,23.880301,18.882729,high_risk,yes,w0_high_risk,warning,yes,pass,no,platform_too_narrow,no,1.300000000000,234,0.230769230769,0.007692307692,no,CURRENT_PLATFORM
CURRENT_PLATFORM,234.000000000000,6.000000000000,795.000000,1.453371000000,547.004172,47.000000,50.000000,30,13,0.433333333333,0.956772728821,23.919318221,5.084208038,29.753087,143.104447,0.043227271179,0.043227271179,1.080681779,0.025641025641,7.800000000000,1.800000000000,1.300000000000,0.230769230769,0.007692307692,yes,0.001433349259,0.001841402836,0.046035071,23.880301,18.882729,high_risk,yes,w0_high_risk,warning,yes,pass,no,platform_too_narrow,no,1.300000000000,234,0.230769230769,0.007692307692,no,CURRENT_PLATFORM
CURRENT_PLATFORM,390.000000000000,6.000000000000,795.000000,1.453371000000,547.004172,47.000000,50.000000,50,1,0.020000000000,0.003942649343,0.098566234,1.566665420,16.516138,16.548794,0.996057350657,0.003942649343,24.901433766,0.015384615385,7.800000000000,1.800000000000,1.300000000000,0.230769230769,0.004615384615,yes,0.004709576138,0.001645641105,0.041141028,23.880301,18.809654,high_risk,no,w0_high_risk,hard_fail,no,short_cavity,no,platform_too_narrow,no,1.300000000000,390,0.230769230769,0.004615384615,no,CURRENT_PLATFORM
CURRENT_PLATFORM,390.000000000000,6.000000000000,795.000000,1.453371000000,547.004172,47.000000,50.000000,50,3,0.060000000000,0.035111757056,0.877793926,4.601556909,28.305627,28.816038,0.964888242944,0.035111757056,24.122206074,0.015384615385,7.800000000000,1.800000000000,1.300000000000,0.230769230769,0.004615384615,yes,0.000411353353,0.000475232018,0.011880800,23.880301,18.809654,high_risk,no,w0_high_risk,hard_fail,no,short_cavity,no,platform_too_narrow,no,1.300000000000,390,0.230769230769,0.004615384615,no,CURRENT_PLATFORM
CURRENT_PLATFORM,390.000000000000,6.000000000000,795.000000,1.453371000000,547.004172,47.000000,50.000000,50,7,0.140000000000,0.181288005126,4.532200128,9.631415535,40.951088,45.258470,0.818711994874,0.181288005126,20.467799872,0.015384615385,7.800000000000,1.800000000000,1.300000000000,0.230769230769,0.004615384615,yes,0.000766675185,0.001858501530,0.046462538,23.880301,18.809654,high_risk,yes,w0_high_risk,warning,yes,pass,no,platform_too_narrow,no,1.300000000000,390,0.230769230769,0.004615384615,no,CURRENT_PLATFORM
CURRENT_PLATFORM,390.000000000000,6.000000000000,795.000000,1.453371000000,547.004172,47.000000,50.000000,50,9,0.180000000000,0.287110354217,7.177758855,11.310338156,44.377024,52.558992,0.712889645783,0.287110354217,17.822241145,0.015384615385,7.800000000000,1.800000000000,1.300000000000,0.230769230769,0.004615384615,yes,0.000537923615,0.001529780137,0.038244503,23.880301,18.809654,high_risk,yes,w0_high_risk,warning,yes,pass,no,platform_too_narrow,no,1.300000000000,390,0.230769230769,0.004615384615,no,CURRENT_PLATFORM
CURRENT_PLATFORM,390.000000000000,6.000000000000,795.000000,1.453371000000,547.004172,47.000000,50.000000,50,11,0.220000000000,0.406309342707,10.157733568,12.278590634,46.237532,60.008744,0.593690657293,0.406309342707,14.842266432,0.015384615385,7.800000000000,1.800000000000,1.300000000000,0.230769230769,0.004615384615,yes,0.000625390869,0.001930382864,0.048259572,23.880301,18.809654,high_risk,yes,w0_high_risk,warning,yes,pass,no,platform_too_narrow,no,1.300000000000,390,0.230769230769,0.004615384615,no,CURRENT_PLATFORM
CURRENT_PLATFORM,390.000000000000,6.000000000000,795.000000,1.453371000000,547.004172,47.000000,50.000000,50,13,0.260000000000,0.531395259765,13.284881494,12.475334105,46.606498,68.083698,0.468604740235,0.468604740235,11.715118506,0.015384615385,7.800000000000,1.800000000000,1.300000000000,0.230769230769,0.004615384615,yes,0.000371609067,0.001165133515,0.029128338,23.880301,18.809654,high_risk,yes,w0_high_risk,warning,yes,pass,no,platform_too_narrow,no,1.300000000000,390,0.230769230769,0.004615384615,no,CURRENT_PLATFORM
CURRENT_PLATFORM,390.000000000000,6.000000000000,795.000000,1.453371000000,547.004172,47.000000,50.000000,50,17,0.340000000000,0.767913397489,19.197834937,10.554099069,42.867777,88.982772,0.232086602511,0.232086602511,5.802165063,0.015384615385,7.800000000000,1.800000000000,1.300000000000,0.230769230769,0.004615384615,yes,0.001636661211,0.004353702434,0.108842561,23.880301,18.809654,high_risk,yes,w0_high_risk,warning,yes,pass,yes,pass,yes,1.300000000000,390,0.230769230769,0.004615384615,no,CURRENT_PLATFORM
CURRENT_PLATFORM,390.000000000000,6.000000000000,795.000000,1.453371000000,547.004172,47.000000,50.000000,50,19,0.380000000000,0.864484313711,21.612107843,8.556838824,38.599089,104.853341,0.135515686289,0.135515686289,3.387892157,0.015384615385,7.800000000000,1.800000000000,1.300000000000,0.230769230769,0.004615384615,yes,0.000378931413,0.000814752334,0.020368808,23.880301,18.809654,high_risk,yes,w0_high_risk,warning,yes,pass,no,platform_too_narrow,no,1.300000000000,390,0.230769230769,0.004615384615,no,CURRENT_PLATFORM
CURRENT_PLATFORM,390.000000000000,6.000000000000,795.000000,1.453371000000,547.004172,47.000000,50.000000,50,21,0.420000000000,0.938153340022,23.453833501,6.021920926,32.380825,130.205636,0.061846659978,0.061846659978,1.546166499,0.015384615385,7.800000000000,1.800000000000,1.300000000000,0.230769230769,0.004615384615,yes,0.000391798354,0.000592657736,0.014816443,23.880301,18.809654,high_risk,yes,w0_high_risk,warning,yes,pass,no,platform_too_narrow,no,1.300000000000,390,0.230769230769,0.004615384615,no,CURRENT_PLATFORM
CURRENT_PLATFORM,390.000000000000,6.000000000000,795.000000,1.453371000000,547.004172,47.000000,50.000000,50,23,0.460000000000,0.984291580564,24.607289514,3.108623590,23.265075,185.625744,0.015708419436,0.015708419436,0.392710486,0.015384615385,7.800000000000,1.800000000000,1.300000000000,0.230769230769,0.004615384615,yes,0.000479769711,0.000373779161,0.009344479,23.880301,18.809654,high_risk,no,w0_high_risk,hard_fail,no,large_curved_mirror_spot,no,platform_too_narrow,no,1.300000000000,390,0.230769230769,0.004615384615,no,CURRENT_PLATFORM
COMPARISON_RELAXED,27.000000000000,3.000000000000,795.000000,1.453371000000,547.004172,47.000000,50.000000,9,1,0.111111111111,0.116977778441,2.924444461,8.034845121,37.403233,39.803689,0.883022221559,0.116977778441,22.075555539,0.111111111111,3.000000000000,0.000000000000,1.000000000000,0.000000000000,0.000000000000,no,0.000000000000,0.000000000000,0.000000000,15.682017,11.108821,high_risk,yes,w0_high_risk,warning,yes,pass,no,below_tau_threshold;platform_too_narrow,no,1.000000000000,27,0.000000000000,0.000000000000,yes,COMPARISON_RELAXED
COMPARISON_RELAXED,27.000000000000,3.000000000000,795.000000,1.453371000000,547.004172,47.000000,50.000000,9,2,0.222222222222,0.413175911167,10.329397779,12.310096913,46.296815,60.436200,0.586824088833,0.413175911167,14.670602221,0.111111111111,3.000000000000,0.000000000000,1.000000000000,0.000000000000,0.000000000000,no,0.000000000000,0.000000000000,0.000000000,15.682017,11.108821,high_risk,yes,w0_high_risk,warning,yes,pass,no,below_tau_threshold;platform_too_narrow,no,1.000000000000,27,0.000000000000,0.000000000000,yes,COMPARISON_RELAXED
COMPARISON_RELAXED,27.000000000000,3.000000000000,795.000000,1.453371000000,547.004172,47.000000,50.000000,9,4,0.444444444444,0.969846310393,24.246157760,4.275251792,27.283572,157.119830,0.030153689607,0.030153689607,0.753842240,0.111111111111,3.000000000000,0.000000000000,1.000000000000,0.000000000000,0.000000000000,no,0.000000000000,0.000000000000,0.000000000,15.682017,11.108821,high_risk,yes,w0_high_risk,warning,yes,pass,no,below_tau_threshold;platform_too_narrow,no,1.000000000000,27,0.000000000000,0.000000000000,yes,COMPARISON_RELAXED
COMPARISON_RELAXED,36.000000000000,3.000000000000,795.000000,1.453371000000,547.004172,47.000000,50.000000,12,1,0.083333333333,0.066987298108,1.674682453,6.250000000,32.988335,34.152037,0.933012701892,0.066987298108,23.325317547,0.083333333333,3.000000000000,0.000000000000,1.000000000000,0.000000000000,0.000000000000,no,0.000000000000,0.000000000000,0.000000000,15.682017,10.944309,high_risk,no,w0_high_risk,hard_fail,no,short_cavity,no,below_tau_threshold;platform_too_narrow,no,1.000000000000,36,0.000000000000,0.000000000000,yes,COMPARISON_RELAXED
COMPARISON_RELAXED,36.000000000000,3.000000000000,795.000000,1.453371000000,547.004172,47.000000,50.000000,12,5,0.416666666667,0.933012701892,23.325317547,6.250000000,32.988335,127.457138,0.066987298108,0.066987298108,1.674682453,0.083333333333,3.000000000000,0.000000000000,1.000000000000,0.000000000000,0.000000000000,no,0.000000000000,0.000000000000,0.000000000,15.682017,10.944309,high_risk,yes,w0_high_risk,warning,yes,pass,no,below_tau_threshold;platform_too_narrow,no,1.000000000000,36,0.000000000000,0.000000000000,yes,COMPARISON_RELAXED
COMPARISON_RELAXED,90.000000000000,3.000000000000,795.000000,1.453371000000,547.004172,47.000000,50.000000,30,1,0.033333333333,0.010926199633,0.273154991,2.598896135,21.272319,21.389493,0.989073800367,0.010926199633,24.726845009,0.033333333333,3.000000000000,0.000000000000,1.000000000000,0.000000000000,0.000000000000,no,0.000000000000,0.000000000000,0.000000000,15.682017,10.652434,high_risk,no,w0_high_risk,hard_fail,no,short_cavity,no,below_tau_threshold;platform_too_narrow,no,1.000000000000,90,0.000000000000,0.000000000000,yes,COMPARISON_RELAXED
COMPARISON_RELAXED,90.000000000000,3.000000000000,795.000000,1.453371000000,547.004172,47.000000,50.000000,30,7,0.233333333333,0.447735768366,11.193394209,12.431523692,46.524591,62.605012,0.552264231634,0.447735768366,13.806605791,0.033333333333,3.000000000000,0.000000000000,1.000000000000,0.000000000000,0.000000000000,no,0.000000000000,0.000000000000,0.000000000,15.682017,10.652434,high_risk,yes,w0_high_risk,warning,yes,pass,no,below_tau_threshold;platform_too_narrow,no,1.000000000000,90,0.000000000000,0.000000000000,yes,COMPARISON_RELAXED
COMPARISON_RELAXED,90.000000000000,3.000000000000,795.000000,1.453371000000,547.004172,47.000000,50.000000,30,11,0.366666666667,0.834565303179,20.864132579,9.289310318,40.217227,98.877805,0.165434696821,0.165434696821,4.135867421,0.033333333333,3.000000000000,0.000000000000,1.000000000000,0.000000000000,0.000000000000,no,0.000000000000,0.000000000000,0.000000000,15.682017,10.652434,high_risk,yes,w0_high_risk,warning,yes,pass,no,below_tau_threshold;platform_too_narrow,no,1.000000000000,90,0.000000000000,0.000000000000,yes,COMPARISON_RELAXED
COMPARISON_RELAXED,90.000000000000,3.000000000000,795.000000,1.453371000000,547.004172,47.000000,50.000000,30,13,0.433333333333,0.956772728821,23.919318221,5.084208038,29.753087,143.104447,0.043227271179,0.043227271179,1.080681779,0.033333333333,3.000000000000,0.000000000000,1.000000000000,0.000000000000,0.000000000000,no,0.000000000000,0.000000000000,0.000000000,15.682017,10.652434,high_risk,yes,w0_high_risk,warning,yes,pass,no,below_tau_threshold;platform_too_narrow,no,1.000000000000,90,0.000000000000,0.000000000000,yes,COMPARISON_RELAXED
COMPARISON_RELAXED,150.000000000000,3.000000000000,795.000000,1.453371000000,547.004172,47.000000,50.000000,50,1,0.020000000000,0.003942649343,0.098566234,1.566665420,16.516138,16.548794,0.996057350657,0.003942649343,24.901433766,0.020000000000,3.000000000000,0.000000000000,1.000000000000,0.000000000000,0.000000000000,no,0.000000000000,0.000000000000,0.000000000,15.682017,10.578201,high_risk,no,w0_high_risk,hard_fail,no,short_cavity,no,below_tau_threshold;platform_too_narrow,no,1.000000000000,150,0.000000000000,0.000000000000,yes,COMPARISON_RELAXED
COMPARISON_RELAXED,150.000000000000,3.000000000000,795.000000,1.453371000000,547.004172,47.000000,50.000000,50,3,0.060000000000,0.035111757056,0.877793926,4.601556909,28.305627,28.816038,0.964888242944,0.035111757056,24.122206074,0.020000000000,3.000000000000,0.000000000000,1.000000000000,0.000000000000,0.000000000000,no,0.000000000000,0.000000000000,0.000000000,15.682017,10.578201,high_risk,no,w0_high_risk,hard_fail,no,short_cavity,no,below_tau_threshold;platform_too_narrow,no,1.000000000000,150,0.000000000000,0.000000000000,yes,COMPARISON_RELAXED
COMPARISON_RELAXED,150.000000000000,3.000000000000,795.000000,1.453371000000,547.004172,47.000000,50.000000,50,7,0.140000000000,0.181288005126,4.532200128,9.631415535,40.951088,45.258470,0.818711994874,0.181288005126,20.467799872,0.020000000000,3.000000000000,0.000000000000,1.000000000000,0.000000000000,0.000000000000,no,0.000000000000,0.000000000000,0.000000000,15.682017,10.578201,high_risk,yes,w0_high_risk,warning,yes,pass,no,below_tau_threshold;platform_too_narrow,no,1.000000000000,150,0.000000000000,0.000000000000,yes,COMPARISON_RELAXED
COMPARISON_RELAXED,150.000000000000,3.000000000000,795.000000,1.453371000000,547.004172,47.000000,50.000000,50,9,0.180000000000,0.287110354217,7.177758855,11.310338156,44.377024,52.558992,0.712889645783,0.287110354217,17.822241145,0.020000000000,3.000000000000,0.000000000000,1.000000000000,0.000000000000,0.000000000000,no,0.000000000000,0.000000000000,0.000000000,15.682017,10.578201,high_risk,yes,w0_high_risk,warning,yes,pass,no,below_tau_threshold;platform_too_narrow,no,1.000000000000,150,0.000000000000,0.000000000000,yes,COMPARISON_RELAXED
COMPARISON_RELAXED,150.000000000000,3.000000000000,795.000000,1.453371000000,547.004172,47.000000,50.000000,50,11,0.220000000000,0.406309342707,10.157733568,12.278590634,46.237532,60.008744,0.593690657293,0.406309342707,14.842266432,0.020000000000,3.000000000000,0.000000000000,1.000000000000,0.000000000000,0.000000000000,no,0.000000000000,0.000000000000,0.000000000,15.682017,10.578201,high_risk,yes,w0_high_risk,warning,yes,pass,no,below_tau_threshold;platform_too_narrow,no,1.000000000000,150,0.000000000000,0.000000000000,yes,COMPARISON_RELAXED
COMPARISON_RELAXED,150.000000000000,3.000000000000,795.000000,1.453371000000,547.004172,47.000000,50.000000,50,13,0.260000000000,0.531395259765,13.284881494,12.475334105,46.606498,68.083698,0.468604740235,0.468604740235,11.715118506,0.020000000000,3.000000000000,0.000000000000,1.000000000000,0.000000000000,0.000000000000,no,0.000000000000,0.000000000000,0.000000000,15.682017,10.578201,high_risk,yes,w0_high_risk,warning,yes,pass,no,below_tau_threshold;platform_too_narrow,no,1.000000000000,150,0.000000000000,0.000000000000,yes,COMPARISON_RELAXED
COMPARISON_RELAXED,150.000000000000,3.000000000000,795.000000,1.453371000000,547.004172,47.000000,50.000000,50,17,0.340000000000,0.767913397489,19.197834937,10.554099069,42.867777,88.982772,0.232086602511,0.232086602511,5.802165063,0.020000000000,3.000000000000,0.000000000000,1.000000000000,0.000000000000,0.000000000000,no,0.000000000000,0.000000000000,0.000000000,15.682017,10.578201,high_risk,yes,w0_high_risk,warning,yes,pass,no,below_tau_threshold;platform_too_narrow,no,1.000000000000,150,0.000000000000,0.000000000000,yes,COMPARISON_RELAXED
COMPARISON_RELAXED,150.000000000000,3.000000000000,795.000000,1.453371000000,547.004172,47.000000,50.000000,50,19,0.380000000000,0.864484313711,21.612107843,8.556838824,38.599089,104.853341,0.135515686289,0.135515686289,3.387892157,0.020000000000,3.000000000000,0.000000000000,1.000000000000,0.000000000000,0.000000000000,no,0.000000000000,0.000000000000,0.000000000,15.682017,10.578201,high_risk,yes,w0_high_risk,warning,yes,pass,no,below_tau_threshold;platform_too_narrow,no,1.000000000000,150,0.000000000000,0.000000000000,yes,COMPARISON_RELAXED
COMPARISON_RELAXED,150.000000000000,3.000000000000,795.000000,1.453371000000,547.004172,47.000000,50.000000,50,21,0.420000000000,0.938153340022,23.453833501,6.021920926,32.380825,130.205636,0.061846659978,0.061846659978,1.546166499,0.020000000000,3.000000000000,0.000000000000,1.000000000000,0.000000000000,0.000000000000,no,0.000000000000,0.000000000000,0.000000000,15.682017,10.578201,high_risk,yes,w0_high_risk,warning,yes,pass,no,below_tau_threshold;platform_too_narrow,no,1.000000000000,150,0.000000000000,0.000000000000,yes,COMPARISON_RELAXED
COMPARISON_RELAXED,150.000000000000,3.000000000000,795.000000,1.453371000000,547.004172,47.000000,50.000000,50,23,0.460000000000,0.984291580564,24.607289514,3.108623590,23.265075,185.625744,0.015708419436,0.015708419436,0.392710486,0.020000000000,3.000000000000,0.000000000000,1.000000000000,0.000000000000,0.000000000000,no,0.000000000000,0.000000000000,0.000000000,15.682017,10.578201,high_risk,yes,w0_high_risk,warning,yes,pass,no,below_tau_threshold;platform_too_narrow,no,1.000000000000,150,0.000000000000,0.000000000000,yes,COMPARISON_RELAXED
COMPARISON_RELAXED,27.540000000000,3.000000000000,795.000000,1.453371000000,547.004172,47.000000,50.000000,9,1,0.111111111111,0.116977778441,2.924444461,8.034845121,37.403233,39.803689,0.883022221559,0.116977778441,22.075555539,0.108932461874,3.060000000000,0.060000000000,1.020000000000,0.019607843137,0.002178649237,yes,0.002450980392,0.004913990365,0.122849759,15.849460,11.277381,high_risk,yes,w0_high_risk,warning,yes,pass,yes,pass,yes,1.020000000000,28,0.019607843137,0.002178649237,no,COMPARISON_RELAXED
COMPARISON_RELAXED,27.540000000000,3.000000000000,795.000000,1.453371000000,547.004172,47.000000,50.000000,9,2,0.222222222222,0.413175911167,10.329397779,12.310096913,46.296815,60.436200,0.586824088833,0.413175911167,14.670602221,0.108932461874,3.060000000000,0.060000000000,1.020000000000,0.019607843137,0.002178649237,yes,0.000980392157,0.003033378845,0.075834471,15.849460,11.277381,high_risk,yes,w0_high_risk,warning,yes,pass,yes,pass,yes,1.020000000000,28,0.019607843137,0.002178649237,no,COMPARISON_RELAXED
COMPARISON_RELAXED,27.540000000000,3.000000000000,795.000000,1.453371000000,547.004172,47.000000,50.000000,9,4,0.444444444444,0.969846310393,24.246157760,4.275251792,27.283572,157.119830,0.030153689607,0.030153689607,0.753842240,0.108932461874,3.060000000000,0.060000000000,1.020000000000,0.019607843137,0.002178649237,yes,0.001400560224,0.001494768934,0.037369223,15.849460,11.277381,high_risk,yes,w0_high_risk,warning,yes,pass,no,platform_too_narrow,no,1.020000000000,28,0.019607843137,0.002178649237,no,COMPARISON_RELAXED
COMPARISON_RELAXED,36.720000000000,3.000000000000,795.000000,1.453371000000,547.004172,47.000000,50.000000,12,1,0.083333333333,0.066987298108,1.674682453,6.250000000,32.988335,34.152037,0.933012701892,0.066987298108,23.325317547,0.081699346405,3.060000000000,0.060000000000,1.020000000000,0.019607843137,0.001633986928,yes,0.001782531194,0.002777316505,0.069432913,15.849460,11.112990,high_risk,no,w0_high_risk,hard_fail,no,short_cavity,yes,pass,no,1.020000000000,37,0.019607843137,0.001633986928,no,COMPARISON_RELAXED
COMPARISON_RELAXED,36.720000000000,3.000000000000,795.000000,1.453371000000,547.004172,47.000000,50.000000,12,5,0.416666666667,0.933012701892,23.325317547,6.250000000,32.988335,127.457138,0.066987298108,0.066987298108,1.674682453,0.081699346405,3.060000000000,0.060000000000,1.020000000000,0.019607843137,0.001633986928,yes,0.000560224090,0.000880444548,0.022011114,15.849460,11.112990,high_risk,yes,w0_high_risk,warning,yes,pass,no,platform_too_narrow,no,1.020000000000,37,0.019607843137,0.001633986928,no,COMPARISON_RELAXED
COMPARISON_RELAXED,91.800000000000,3.000000000000,795.000000,1.453371000000,547.004172,47.000000,50.000000,30,1,0.033333333333,0.010926199633,0.273154991,2.598896135,21.272319,21.389493,0.989073800367,0.010926199633,24.726845009,0.032679738562,3.060000000000,0.060000000000,1.020000000000,0.019607843137,0.000653594771,yes,0.000676132522,0.000437511761,0.010937794,15.849460,10.821327,high_risk,no,w0_high_risk,hard_fail,no,short_cavity,no,platform_too_narrow,no,1.020000000000,92,0.019607843137,0.000653594771,no,COMPARISON_RELAXED
COMPARISON_RELAXED,91.800000000000,3.000000000000,795.000000,1.453371000000,547.004172,47.000000,50.000000,30,7,0.233333333333,0.447735768366,11.193394209,12.431523692,46.524591,62.605012,0.552264231634,0.447735768366,13.806605791,0.032679738562,3.060000000000,0.060000000000,1.020000000000,0.019607843137,0.000653594771,yes,0.000088723272,0.000277204368,0.006930109,15.849460,10.821327,high_risk,yes,w0_high_risk,warning,yes,pass,no,platform_too_narrow,no,1.020000000000,92,0.019607843137,0.000653594771,no,COMPARISON_RELAXED
COMPARISON_RELAXED,91.800000000000,3.000000000000,795.000000,1.453371000000,547.004172,47.000000,50.000000,30,11,0.366666666667,0.834565303179,20.864132579,9.289310318,40.217227,98.877805,0.165434696821,0.165434696821,4.135867421,0.032679738562,3.060000000000,0.060000000000,1.020000000000,0.019607843137,0.000653594771,yes,0.000093817431,0.000219047144,0.005476179,15.849460,10.821327,high_risk,yes,w0_high_risk,warning,yes,pass,no,platform_too_narrow,no,1.020000000000,92,0.019607843137,0.000653594771,no,COMPARISON_RELAXED
COMPARISON_RELAXED,91.800000000000,3.000000000000,795.000000,1.453371000000,547.004172,47.000000,50.000000,30,13,0.433333333333,0.956772728821,23.919318221,5.084208038,29.753087,143.104447,0.043227271179,0.043227271179,1.080681779,0.032679738562,3.060000000000,0.060000000000,1.020000000000,0.019607843137,0.000653594771,yes,0.000121787846,0.000155691930,0.003892298,15.849460,10.821327,high_risk,yes,w0_high_risk,warning,yes,pass,no,platform_too_narrow,no,1.020000000000,92,0.019607843137,0.000653594771,no,COMPARISON_RELAXED
COMPARISON_RELAXED,153.000000000000,3.000000000000,795.000000,1.453371000000,547.004172,47.000000,50.000000,50,1,0.020000000000,0.003942649343,0.098566234,1.566665420,16.516138,16.548794,0.996057350657,0.003942649343,24.901433766,0.019607843137,3.060000000000,0.060000000000,1.020000000000,0.019607843137,0.000392156863,yes,0.000400160064,0.000156056034,0.003901401,15.849460,10.747146,high_risk,no,w0_high_risk,hard_fail,no,short_cavity,no,platform_too_narrow,no,1.020000000000,153,0.019607843137,0.000392156863,no,COMPARISON_RELAXED
COMPARISON_RELAXED,153.000000000000,3.000000000000,795.000000,1.453371000000,547.004172,47.000000,50.000000,50,3,0.060000000000,0.035111757056,0.877793926,4.601556909,28.305627,28.816038,0.964888242944,0.035111757056,24.122206074,0.019607843137,3.060000000000,0.060000000000,1.020000000000,0.019607843137,0.000392156863,yes,0.000034951592,0.000040417838,0.001010446,15.849460,10.747146,high_risk,no,w0_high_risk,hard_fail,no,short_cavity,no,platform_too_narrow,no,1.020000000000,153,0.019607843137,0.000392156863,no,COMPARISON_RELAXED
COMPARISON_RELAXED,153.000000000000,3.000000000000,795.000000,1.453371000000,547.004172,47.000000,50.000000,50,7,0.140000000000,0.181288005126,4.532200128,9.631415535,40.951088,45.258470,0.818711994874,0.181288005126,20.467799872,0.019607843137,3.060000000000,0.060000000000,1.020000000000,0.019607843137,0.000392156863,yes,0.000065142336,0.000157705281,0.003942632,15.849460,10.747146,high_risk,yes,w0_high_risk,warning,yes,pass,no,platform_too_narrow,no,1.020000000000,153,0.019607843137,0.000392156863,no,COMPARISON_RELAXED
COMPARISON_RELAXED,153.000000000000,3.000000000000,795.000000,1.453371000000,547.004172,47.000000,50.000000,50,9,0.180000000000,0.287110354217,7.177758855,11.310338156,44.377024,52.558992,0.712889645783,0.287110354217,17.822241145,0.019607843137,3.060000000000,0.060000000000,1.020000000000,0.019607843137,0.000392156863,yes,0.000045705928,0.000129928496,0.003248212,15.849460,10.747146,high_risk,yes,w0_high_risk,warning,yes,pass,no,platform_too_narrow,no,1.020000000000,153,0.019607843137,0.000392156863,no,COMPARISON_RELAXED
COMPARISON_RELAXED,153.000000000000,3.000000000000,795.000000,1.453371000000,547.004172,47.000000,50.000000,50,11,0.220000000000,0.406309342707,10.157733568,12.278590634,46.237532,60.008744,0.593690657293,0.406309342707,14.842266432,0.019607843137,3.060000000000,0.060000000000,1.020000000000,0.019607843137,0.000392156863,yes,0.000053137786,0.000163983701,0.004099593,15.849460,10.747146,high_risk,yes,w0_high_risk,warning,yes,pass,no,platform_too_narrow,no,1.020000000000,153,0.019607843137,0.000392156863,no,COMPARISON_RELAXED
COMPARISON_RELAXED,153.000000000000,3.000000000000,795.000000,1.453371000000,547.004172,47.000000,50.000000,50,13,0.260000000000,0.531395259765,13.284881494,12.475334105,46.606498,68.083698,0.468604740235,0.468604740235,11.715118506,0.019607843137,3.060000000000,0.060000000000,1.020000000000,0.019607843137,0.000392156863,yes,0.000031574627,0.000098998828,0.002474971,15.849460,10.747146,high_risk,yes,w0_high_risk,warning,yes,pass,no,platform_too_narrow,no,1.020000000000,153,0.019607843137,0.000392156863,no,COMPARISON_RELAXED
COMPARISON_RELAXED,153.000000000000,3.000000000000,795.000000,1.453371000000,547.004172,47.000000,50.000000,50,17,0.340000000000,0.767913397489,19.197834937,10.554099069,42.867777,88.982772,0.232086602511,0.232086602511,5.802165063,0.019607843137,3.060000000000,0.060000000000,1.020000000000,0.019607843137,0.000392156863,yes,0.000139062717,0.000368958601,0.009223965,15.849460,10.747146,high_risk,yes,w0_high_risk,warning,yes,pass,no,platform_too_narrow,no,1.020000000000,153,0.019607843137,0.000392156863,no,COMPARISON_RELAXED
COMPARISON_RELAXED,153.000000000000,3.000000000000,795.000000,1.453371000000,547.004172,47.000000,50.000000,50,19,0.380000000000,0.864484313711,21.612107843,8.556838824,38.599089,104.853341,0.135515686289,0.135515686289,3.387892157,0.019607843137,3.060000000000,0.060000000000,1.020000000000,0.019607843137,0.000392156863,yes,0.000032196787,0.000069240191,0.001731005,15.849460,10.747146,high_risk,yes,w0_high_risk,warning,yes,pass,no,platform_too_narrow,no,1.020000000000,153,0.019607843137,0.000392156863,no,COMPARISON_RELAXED
COMPARISON_RELAXED,153.000000000000,3.000000000000,795.000000,1.453371000000,547.004172,47.000000,50.000000,50,21,0.420000000000,0.938153340022,23.453833501,6.021920926,32.380825,130.205636,0.061846659978,0.061846659978,1.546166499,0.019607843137,3.060000000000,0.060000000000,1.020000000000,0.019607843137,0.000392156863,yes,0.000033290056,0.000050381328,0.001259533,15.849460,10.747146,high_risk,yes,w0_high_risk,warning,yes,pass,no,platform_too_narrow,no,1.020000000000,153,0.019607843137,0.000392156863,no,COMPARISON_RELAXED
COMPARISON_RELAXED,153.000000000000,3.000000000000,795.000000,1.453371000000,547.004172,47.000000,50.000000,50,23,0.460000000000,0.984291580564,24.607289514,3.108623590,23.265075,185.625744,0.015708419436,0.015708419436,0.392710486,0.019607843137,3.060000000000,0.060000000000,1.020000000000,0.019607843137,0.000392156863,yes,0.000040764747,0.000031841151,0.000796029,15.849460,10.747146,high_risk,yes,w0_high_risk,warning,yes,pass,no,platform_too_narrow,no,1.020000000000,153,0.019607843137,0.000392156863,no,COMPARISON_RELAXED
COMPARISON_RELAXED,28.350000000000,3.000000000000,795.000000,1.453371000000,547.004172,47.000000,50.000000,9,1,0.111111111111,0.116977778441,2.924444461,8.034845121,37.403233,39.803689,0.883022221559,0.116977778441,22.075555539,0.105820105820,3.150000000000,0.150000000000,1.050000000000,0.047619047619,0.005291005291,yes,0.005952380952,0.011809799232,0.295244981,16.094877,11.524355,high_risk,yes,w0_high_risk,warning,yes,pass,yes,pass,yes,1.050000000000,29,0.047619047619,0.005291005291,no,COMPARISON_RELAXED
COMPARISON_RELAXED,28.350000000000,3.000000000000,795.000000,1.453371000000,547.004172,47.000000,50.000000,9,2,0.222222222222,0.413175911167,10.329397779,12.310096913,46.296815,60.436200,0.586824088833,0.413175911167,14.670602221,0.105820105820,3.150000000000,0.150000000000,1.050000000000,0.047619047619,0.005291005291,yes,0.002380952381,0.007367353037,0.184183826,16.094877,11.524355,high_risk,yes,w0_high_risk,warning,yes,pass,yes,pass,yes,1.050000000000,29,0.047619047619,0.005291005291,no,COMPARISON_RELAXED
COMPARISON_RELAXED,28.350000000000,3.000000000000,795.000000,1.453371000000,547.004172,47.000000,50.000000,9,4,0.444444444444,0.969846310393,24.246157760,4.275251792,27.283572,157.119830,0.030153689607,0.030153689607,0.753842240,0.105820105820,3.150000000000,0.150000000000,1.050000000000,0.047619047619,0.005291005291,yes,0.003401360544,0.003594978620,0.089874465,16.094877,11.524355,high_risk,yes,w0_high_risk,warning,yes,pass,yes,pass,yes,1.050000000000,29,0.047619047619,0.005291005291,no,COMPARISON_RELAXED
COMPARISON_RELAXED,37.800000000000,3.000000000000,795.000000,1.453371000000,547.004172,47.000000,50.000000,12,1,0.083333333333,0.066987298108,1.674682453,6.250000000,32.988335,34.152037,0.933012701892,0.066987298108,23.325317547,0.079365079365,3.150000000000,0.150000000000,1.050000000000,0.047619047619,0.003968253968,yes,0.004329004329,0.006665862005,0.166646550,16.094877,11.360134,high_risk,no,w0_high_risk,hard_fail,no,short_cavity,yes,pass,no,1.050000000000,38,0.047619047619,0.003968253968,no,COMPARISON_RELAXED
COMPARISON_RELAXED,37.800000000000,3.000000000000,795.000000,1.453371000000,547.004172,47.000000,50.000000,12,5,0.416666666667,0.933012701892,23.325317547,6.250000000,32.988335,127.457138,0.066987298108,0.066987298108,1.674682453,0.079365079365,3.150000000000,0.150000000000,1.050000000000,0.047619047619,0.003968253968,yes,0.001360544218,0.002139767767,0.053494194,16.094877,11.360134,high_risk,yes,w0_high_risk,warning,yes,pass,yes,pass,yes,1.050000000000,38,0.047619047619,0.003968253968,no,COMPARISON_RELAXED
COMPARISON_RELAXED,94.500000000000,3.000000000000,795.000000,1.453371000000,547.004172,47.000000,50.000000,30,1,0.033333333333,0.010926199633,0.273154991,2.598896135,21.272319,21.389493,0.989073800367,0.010926199633,24.726845009,0.031746031746,3.150000000000,0.150000000000,1.050000000000,0.047619047619,0.001587301587,yes,0.001642036125,0.001048223647,0.026205591,16.094877,11.068766,high_risk,no,w0_high_risk,hard_fail,no,short_cavity,no,platform_too_narrow,no,1.050000000000,95,0.047619047619,0.001587301587,no,COMPARISON_RELAXED
COMPARISON_RELAXED,94.500000000000,3.000000000000,795.000000,1.453371000000,547.004172,47.000000,50.000000,30,7,0.233333333333,0.447735768366,11.193394209,12.431523692,46.524591,62.605012,0.552264231634,0.447735768366,13.806605791,0.031746031746,3.150000000000,0.150000000000,1.050000000000,0.047619047619,0.001587301587,yes,0.000215470804,0.000673206807,0.016830170,16.094877,11.068766,high_risk,yes,w0_high_risk,warning,yes,pass,no,platform_too_narrow,no,1.050000000000,95,0.047619047619,0.001587301587,no,COMPARISON_RELAXED
COMPARISON_RELAXED,94.500000000000,3.000000000000,795.000000,1.453371000000,547.004172,47.000000,50.000000,30,11,0.366666666667,0.834565303179,20.864132579,9.289310318,40.217227,98.877805,0.165434696821,0.165434696821,4.135867421,0.031746031746,3.150000000000,0.150000000000,1.050000000000,0.047619047619,0.001587301587,yes,0.000227842333,0.000532025366,0.013300634,16.094877,11.068766,high_risk,yes,w0_high_risk,warning,yes,pass,no,platform_too_narrow,no,1.050000000000,95,0.047619047619,0.001587301587,no,COMPARISON_RELAXED
COMPARISON_RELAXED,94.500000000000,3.000000000000,795.000000,1.453371000000,547.004172,47.000000,50.000000,30,13,0.433333333333,0.956772728821,23.919318221,5.084208038,29.753087,143.104447,0.043227271179,0.043227271179,1.080681779,0.031746031746,3.150000000000,0.150000000000,1.050000000000,0.047619047619,0.001587301587,yes,0.000295770482,0.000378356339,0.009458908,16.094877,11.068766,high_risk,yes,w0_high_risk,warning,yes,pass,no,platform_too_narrow,no,1.050000000000,95,0.047619047619,0.001587301587,no,COMPARISON_RELAXED
COMPARISON_RELAXED,157.500000000000,3.000000000000,795.000000,1.453371000000,547.004172,47.000000,50.000000,50,1,0.020000000000,0.003942649343,0.098566234,1.566665420,16.516138,16.548794,0.996057350657,0.003942649343,24.901433766,0.019047619048,3.150000000000,0.150000000000,1.050000000000,0.047619047619,0.000952380952,yes,0.000971817298,0.000373769196,0.009344230,16.094877,10.994658,high_risk,no,w0_high_risk,hard_fail,no,short_cavity,no,platform_too_narrow,no,1.050000000000,158,0.047619047619,0.000952380952,no,COMPARISON_RELAXED
COMPARISON_RELAXED,157.500000000000,3.000000000000,795.000000,1.453371000000,547.004172,47.000000,50.000000,50,3,0.060000000000,0.035111757056,0.877793926,4.601556909,28.305627,28.816038,0.964888242944,0.035111757056,24.122206074,0.019047619048,3.150000000000,0.150000000000,1.050000000000,0.047619047619,0.000952380952,yes,0.000084882438,0.000098145159,0.002453629,16.094877,10.994658,high_risk,no,w0_high_risk,hard_fail,no,short_cavity,no,platform_too_narrow,no,1.050000000000,158,0.047619047619,0.000952380952,no,COMPARISON_RELAXED
COMPARISON_RELAXED,157.500000000000,3.000000000000,795.000000,1.453371000000,547.004172,47.000000,50.000000,50,7,0.140000000000,0.181288005126,4.532200128,9.631415535,40.951088,45.258470,0.818711994874,0.181288005126,20.467799872,0.019047619048,3.150000000000,0.150000000000,1.050000000000,0.047619047619,0.000952380952,yes,0.000158202816,0.000383065193,0.009576630,16.094877,10.994658,high_risk,yes,w0_high_risk,warning,yes,pass,no,platform_too_narrow,no,1.050000000000,158,0.047619047619,0.000952380952,no,COMPARISON_RELAXED
COMPARISON_RELAXED,157.500000000000,3.000000000000,795.000000,1.453371000000,547.004172,47.000000,50.000000,50,9,0.180000000000,0.287110354217,7.177758855,11.310338156,44.377024,52.558992,0.712889645783,0.287110354217,17.822241145,0.019047619048,3.150000000000,0.150000000000,1.050000000000,0.047619047619,0.000952380952,yes,0.000111000111,0.000315557678,0.007888942,16.094877,10.994658,high_risk,yes,w0_high_risk,warning,yes,pass,no,platform_too_narrow,no,1.050000000000,158,0.047619047619,0.000952380952,no,COMPARISON_RELAXED
COMPARISON_RELAXED,157.500000000000,3.000000000000,795.000000,1.453371000000,547.004172,47.000000,50.000000,50,11,0.220000000000,0.406309342707,10.157733568,12.278590634,46.237532,60.008744,0.593690657293,0.406309342707,14.842266432,0.019047619048,3.150000000000,0.150000000000,1.050000000000,0.047619047619,0.000952380952,yes,0.000129048910,0.000398257706,0.009956443,16.094877,10.994658,high_risk,yes,w0_high_risk,warning,yes,pass,no,platform_too_narrow,no,1.050000000000,158,0.047619047619,0.000952380952,no,COMPARISON_RELAXED
COMPARISON_RELAXED,157.500000000000,3.000000000000,795.000000,1.453371000000,547.004172,47.000000,50.000000,50,13,0.260000000000,0.531395259765,13.284881494,12.475334105,46.606498,68.083698,0.468604740235,0.468604740235,11.715118506,0.019047619048,3.150000000000,0.150000000000,1.050000000000,0.047619047619,0.000952380952,yes,0.000076681236,0.000240425551,0.006010639,16.094877,10.994658,high_risk,yes,w0_high_risk,warning,yes,pass,no,platform_too_narrow,no,1.050000000000,158,0.047619047619,0.000952380952,no,COMPARISON_RELAXED
COMPARISON_RELAXED,157.500000000000,3.000000000000,795.000000,1.453371000000,547.004172,47.000000,50.000000,50,17,0.340000000000,0.767913397489,19.197834937,10.554099069,42.867777,88.982772,0.232086602511,0.232086602511,5.802165063,0.019047619048,3.150000000000,0.150000000000,1.050000000000,0.047619047619,0.000952380952,yes,0.000337723742,0.000896354086,0.022408852,16.094877,10.994658,high_risk,yes,w0_high_risk,warning,yes,pass,no,platform_too_narrow,no,1.050000000000,158,0.047619047619,0.000952380952,no,COMPARISON_RELAXED
COMPARISON_RELAXED,157.500000000000,3.000000000000,795.000000,1.453371000000,547.004172,47.000000,50.000000,50,19,0.380000000000,0.864484313711,21.612107843,8.556838824,38.599089,104.853341,0.135515686289,0.135515686289,3.387892157,0.019047619048,3.150000000000,0.150000000000,1.050000000000,0.047619047619,0.000952380952,yes,0.000078192196,0.000168150608,0.004203765,16.094877,10.994658,high_risk,yes,w0_high_risk,warning,yes,pass,no,platform_too_narrow,no,1.050000000000,158,0.047619047619,0.000952380952,no,COMPARISON_RELAXED
COMPARISON_RELAXED,157.500000000000,3.000000000000,795.000000,1.453371000000,547.004172,47.000000,50.000000,50,21,0.420000000000,0.938153340022,23.453833501,6.021920926,32.380825,130.205636,0.061846659978,0.061846659978,1.546166499,0.019047619048,3.150000000000,0.150000000000,1.050000000000,0.047619047619,0.000952380952,yes,0.000080847279,0.000122346671,0.003058667,16.094877,10.994658,high_risk,yes,w0_high_risk,warning,yes,pass,no,platform_too_narrow,no,1.050000000000,158,0.047619047619,0.000952380952,no,COMPARISON_RELAXED
COMPARISON_RELAXED,157.500000000000,3.000000000000,795.000000,1.453371000000,547.004172,47.000000,50.000000,50,23,0.460000000000,0.984291580564,24.607289514,3.108623590,23.265075,185.625744,0.015708419436,0.015708419436,0.392710486,0.019047619048,3.150000000000,0.150000000000,1.050000000000,0.047619047619,0.000952380952,yes,0.000099000099,0.000077302052,0.001932551,16.094877,10.994658,high_risk,yes,w0_high_risk,warning,yes,pass,no,platform_too_narrow,no,1.050000000000,158,0.047619047619,0.000952380952,no,COMPARISON_RELAXED
COMPARISON_RELAXED,29.700000000000,3.000000000000,795.000000,1.453371000000,547.004172,47.000000,50.000000,9,1,0.111111111111,0.116977778441,2.924444461,8.034845121,37.403233,39.803689,0.883022221559,0.116977778441,22.075555539,0.101010101010,3.300000000000,0.300000000000,1.100000000000,0.090909090909,0.010101010101,yes,0.011363636364,0.022174651848,0.554366296,16.489452,11.921251,high_risk,yes,w0_high_risk,warning,yes,pass,yes,pass,yes,1.100000000000,30,0.090909090909,0.010101010101,no,COMPARISON_RELAXED
COMPARISON_RELAXED,29.700000000000,3.000000000000,795.000000,1.453371000000,547.004172,47.000000,50.000000,9,2,0.222222222222,0.413175911167,10.329397779,12.310096913,46.296815,60.436200,0.586824088833,0.413175911167,14.670602221,0.101010101010,3.300000000000,0.300000000000,1.100000000000,0.090909090909,0.010101010101,yes,0.004545454545,0.014066460479,0.351661512,16.489452,11.921251,high_risk,yes,w0_high_risk,warning,yes,pass,yes,pass,yes,1.100000000000,30,0.090909090909,0.010101010101,no,COMPARISON_RELAXED
COMPARISON_RELAXED,29.700000000000,3.000000000000,795.000000,1.453371000000,547.004172,47.000000,50.000000,9,4,0.444444444444,0.969846310393,24.246157760,4.275251792,27.283572,157.119830,0.030153689607,0.030153689607,0.753842240,0.101010101010,3.300000000000,0.300000000000,1.100000000000,0.090909090909,0.010101010101,yes,0.006493506494,0.006759026430,0.168975661,16.489452,11.921251,high_risk,yes,w0_high_risk,warning,yes,pass,yes,pass,yes,1.100000000000,30,0.090909090909,0.010101010101,no,COMPARISON_RELAXED
COMPARISON_RELAXED,39.600000000000,3.000000000000,795.000000,1.453371000000,547.004172,47.000000,50.000000,12,1,0.083333333333,0.066987298108,1.674682453,6.250000000,32.988335,34.152037,0.933012701892,0.066987298108,23.325317547,0.075757575758,3.300000000000,0.300000000000,1.100000000000,0.090909090909,0.007575757576,yes,0.008264462810,0.012490888830,0.312272221,16.489452,11.757283,high_risk,no,w0_high_risk,hard_fail,no,short_cavity,yes,pass,no,1.100000000000,40,0.090909090909,0.007575757576,no,COMPARISON_RELAXED
COMPARISON_RELAXED,39.600000000000,3.000000000000,795.000000,1.453371000000,547.004172,47.000000,50.000000,12,5,0.416666666667,0.933012701892,23.325317547,6.250000000,32.988335,127.457138,0.066987298108,0.066987298108,1.674682453,0.075757575758,3.300000000000,0.300000000000,1.100000000000,0.090909090909,0.007575757576,yes,0.002597402597,0.004089552057,0.102238801,16.489452,11.757283,high_risk,yes,w0_high_risk,warning,yes,pass,yes,pass,yes,1.100000000000,40,0.090909090909,0.007575757576,no,COMPARISON_RELAXED
COMPARISON_RELAXED,99.000000000000,3.000000000000,795.000000,1.453371000000,547.004172,47.000000,50.000000,30,1,0.033333333333,0.010926199633,0.273154991,2.598896135,21.272319,21.389493,0.989073800367,0.010926199633,24.726845009,0.030303030303,3.300000000000,0.300000000000,1.100000000000,0.090909090909,0.003030303030,yes,0.003134796238,0.001958905899,0.048972647,16.489452,11.466354,high_risk,no,w0_high_risk,hard_fail,no,short_cavity,no,platform_too_narrow,no,1.100000000000,99,0.090909090909,0.003030303030,no,COMPARISON_RELAXED
COMPARISON_RELAXED,99.000000000000,3.000000000000,795.000000,1.453371000000,547.004172,47.000000,50.000000,30,7,0.233333333333,0.447735768366,11.193394209,12.431523692,46.524591,62.605012,0.552264231634,0.447735768366,13.806605791,0.030303030303,3.300000000000,0.300000000000,1.100000000000,0.090909090909,0.003030303030,yes,0.000411353353,0.001285201638,0.032130041,16.489452,11.466354,high_risk,yes,w0_high_risk,warning,yes,pass,no,platform_too_narrow,no,1.100000000000,99,0.090909090909,0.003030303030,no,COMPARISON_RELAXED
COMPARISON_RELAXED,99.000000000000,3.000000000000,795.000000,1.453371000000,547.004172,47.000000,50.000000,30,11,0.366666666667,0.834565303179,20.864132579,9.289310318,40.217227,98.877805,0.165434696821,0.165434696821,4.135867421,0.030303030303,3.300000000000,0.300000000000,1.100000000000,0.090909090909,0.003030303030,yes,0.000434971727,0.001015843177,0.025396079,16.489452,11.466354,high_risk,yes,w0_high_risk,warning,yes,pass,no,platform_too_narrow,no,1.100000000000,99,0.090909090909,0.003030303030,no,COMPARISON_RELAXED
COMPARISON_RELAXED,99.000000000000,3.000000000000,795.000000,1.453371000000,547.004172,47.000000,50.000000,30,13,0.433333333333,0.956772728821,23.919318221,5.084208038,29.753087,143.104447,0.043227271179,0.043227271179,1.080681779,0.030303030303,3.300000000000,0.300000000000,1.100000000000,0.090909090909,0.003030303030,yes,0.000564652739,0.000723046221,0.018076156,16.489452,11.466354,high_risk,yes,w0_high_risk,warning,yes,pass,no,platform_too_narrow,no,1.100000000000,99,0.090909090909,0.003030303030,no,COMPARISON_RELAXED
COMPARISON_RELAXED,165.000000000000,3.000000000000,795.000000,1.453371000000,547.004172,47.000000,50.000000,50,1,0.020000000000,0.003942649343,0.098566234,1.566665420,16.516138,16.548794,0.996057350657,0.003942649343,24.901433766,0.018181818182,3.300000000000,0.300000000000,1.100000000000,0.090909090909,0.001818181818,yes,0.001855287570,0.000698140739,0.017453518,16.489452,11.392355,high_risk,no,w0_high_risk,hard_fail,no,short_cavity,no,platform_too_narrow,no,1.100000000000,165,0.090909090909,0.001818181818,no,COMPARISON_RELAXED
COMPARISON_RELAXED,165.000000000000,3.000000000000,795.000000,1.453371000000,547.004172,47.000000,50.000000,50,3,0.060000000000,0.035111757056,0.877793926,4.601556909,28.305627,28.816038,0.964888242944,0.035111757056,24.122206074,0.018181818182,3.300000000000,0.300000000000,1.100000000000,0.090909090909,0.001818181818,yes,0.000162048290,0.000187331303,0.004683283,16.489452,11.392355,high_risk,no,w0_high_risk,hard_fail,no,short_cavity,no,platform_too_narrow,no,1.100000000000,165,0.090909090909,0.001818181818,no,COMPARISON_RELAXED
COMPARISON_RELAXED,165.000000000000,3.000000000000,795.000000,1.453371000000,547.004172,47.000000,50.000000,50,7,0.140000000000,0.181288005126,4.532200128,9.631415535,40.951088,45.258470,0.818711994874,0.181288005126,20.467799872,0.018181818182,3.300000000000,0.300000000000,1.100000000000,0.090909090909,0.001818181818,yes,0.000302023558,0.000731502828,0.018287571,16.489452,11.392355,high_risk,yes,w0_high_risk,warning,yes,pass,no,platform_too_narrow,no,1.100000000000,165,0.090909090909,0.001818181818,no,COMPARISON_RELAXED
COMPARISON_RELAXED,165.000000000000,3.000000000000,795.000000,1.453371000000,547.004172,47.000000,50.000000,50,9,0.180000000000,0.287110354217,7.177758855,11.310338156,44.377024,52.558992,0.712889645783,0.287110354217,17.822241145,0.018181818182,3.300000000000,0.300000000000,1.100000000000,0.090909090909,0.001818181818,yes,0.000211909303,0.000602478553,0.015061964,16.489452,11.392355,high_risk,yes,w0_high_risk,warning,yes,pass,no,platform_too_narrow,no,1.100000000000,165,0.090909090909,0.001818181818,no,COMPARISON_RELAXED
COMPARISON_RELAXED,165.000000000000,3.000000000000,795.000000,1.453371000000,547.004172,47.000000,50.000000,50,11,0.220000000000,0.406309342707,10.157733568,12.278590634,46.237532,60.008744,0.593690657293,0.406309342707,14.842266432,0.018181818182,3.300000000000,0.300000000000,1.100000000000,0.090909090909,0.001818181818,yes,0.000246366100,0.000760344253,0.019008606,16.489452,11.392355,high_risk,yes,w0_high_risk,warning,yes,pass,no,platform_too_narrow,no,1.100000000000,165,0.090909090909,0.001818181818,no,COMPARISON_RELAXED
COMPARISON_RELAXED,165.000000000000,3.000000000000,795.000000,1.453371000000,547.004172,47.000000,50.000000,50,13,0.260000000000,0.531395259765,13.284881494,12.475334105,46.606498,68.083698,0.468604740235,0.468604740235,11.715118506,0.018181818182,3.300000000000,0.300000000000,1.100000000000,0.090909090909,0.001818181818,yes,0.000146391451,0.000458993715,0.011474843,16.489452,11.392355,high_risk,yes,w0_high_risk,warning,yes,pass,no,platform_too_narrow,no,1.100000000000,165,0.090909090909,0.001818181818,no,COMPARISON_RELAXED
COMPARISON_RELAXED,165.000000000000,3.000000000000,795.000000,1.453371000000,547.004172,47.000000,50.000000,50,17,0.340000000000,0.767913397489,19.197834937,10.554099069,42.867777,88.982772,0.232086602511,0.232086602511,5.802165063,0.018181818182,3.300000000000,0.300000000000,1.100000000000,0.090909090909,0.001818181818,yes,0.000644745326,0.001712139837,0.042803496,16.489452,11.392355,high_risk,yes,w0_high_risk,warning,yes,pass,no,platform_too_narrow,no,1.100000000000,165,0.090909090909,0.001818181818,no,COMPARISON_RELAXED
COMPARISON_RELAXED,165.000000000000,3.000000000000,795.000000,1.453371000000,547.004172,47.000000,50.000000,50,19,0.380000000000,0.864484313711,21.612107843,8.556838824,38.599089,104.853341,0.135515686289,0.135515686289,3.387892157,0.018181818182,3.300000000000,0.300000000000,1.100000000000,0.090909090909,0.001818181818,yes,0.000149276011,0.000321002573,0.008025064,16.489452,11.392355,high_risk,yes,w0_high_risk,warning,yes,pass,no,platform_too_narrow,no,1.100000000000,165,0.090909090909,0.001818181818,no,COMPARISON_RELAXED
COMPARISON_RELAXED,165.000000000000,3.000000000000,795.000000,1.453371000000,547.004172,47.000000,50.000000,50,21,0.420000000000,0.938153340022,23.453833501,6.021920926,32.380825,130.205636,0.061846659978,0.061846659978,1.546166499,0.018181818182,3.300000000000,0.300000000000,1.100000000000,0.090909090909,0.001818181818,yes,0.000154344806,0.000233547362,0.005838684,16.489452,11.392355,high_risk,yes,w0_high_risk,warning,yes,pass,no,platform_too_narrow,no,1.100000000000,165,0.090909090909,0.001818181818,no,COMPARISON_RELAXED
COMPARISON_RELAXED,165.000000000000,3.000000000000,795.000000,1.453371000000,547.004172,47.000000,50.000000,50,23,0.460000000000,0.984291580564,24.607289514,3.108623590,23.265075,185.625744,0.015708419436,0.015708419436,0.392710486,0.018181818182,3.300000000000,0.300000000000,1.100000000000,0.090909090909,0.001818181818,yes,0.000189000189,0.000147498583,0.003687465,16.489452,11.392355,high_risk,yes,w0_high_risk,warning,yes,pass,no,platform_too_narrow,no,1.100000000000,165,0.090909090909,0.001818181818,no,COMPARISON_RELAXED
COMPARISON_RELAXED,31.050000000000,3.000000000000,795.000000,1.453371000000,547.004172,47.000000,50.000000,9,1,0.111111111111,0.116977778441,2.924444461,8.034845121,37.403233,39.803689,0.883022221559,0.116977778441,22.075555539,0.096618357488,3.450000000000,0.450000000000,1.150000000000,0.130434782609,0.014492753623,yes,0.016304347826,0.031322004899,0.783050122,16.867256,12.301083,high_risk,yes,w0_high_risk,warning,yes,pass,yes,pass,yes,1.150000000000,32,0.130434782609,0.014492753623,no,COMPARISON_RELAXED
COMPARISON_RELAXED,31.050000000000,3.000000000000,795.000000,1.453371000000,547.004172,47.000000,50.000000,9,2,0.222222222222,0.413175911167,10.329397779,12.310096913,46.296815,60.436200,0.586824088833,0.413175911167,14.670602221,0.096618357488,3.450000000000,0.450000000000,1.150000000000,0.130434782609,0.014492753623,yes,0.006521739130,0.020184014053,0.504600351,16.867256,12.301083,high_risk,yes,w0_high_risk,warning,yes,pass,yes,pass,yes,1.150000000000,32,0.130434782609,0.014492753623,no,COMPARISON_RELAXED
COMPARISON_RELAXED,31.050000000000,3.000000000000,795.000000,1.453371000000,547.004172,47.000000,50.000000,9,4,0.444444444444,0.969846310393,24.246157760,4.275251792,27.283572,157.119830,0.030153689607,0.030153689607,0.753842240,0.096618357488,3.450000000000,0.450000000000,1.150000000000,0.130434782609,0.014492753623,yes,0.009316770186,0.009560845174,0.239021129,16.867256,12.301083,high_risk,yes,w0_high_risk,warning,yes,pass,yes,pass,yes,1.150000000000,32,0.130434782609,0.014492753623,no,COMPARISON_RELAXED
COMPARISON_RELAXED,41.400000000000,3.000000000000,795.000000,1.453371000000,547.004172,47.000000,50.000000,12,1,0.083333333333,0.066987298108,1.674682453,6.250000000,32.988335,34.152037,0.933012701892,0.066987298108,23.325317547,0.072463768116,3.450000000000,0.450000000000,1.150000000000,0.130434782609,0.010869565217,yes,0.011857707510,0.017611656901,0.440291423,16.867256,12.137336,high_risk,no,w0_high_risk,hard_fail,no,short_cavity,yes,pass,no,1.150000000000,42,0.130434782609,0.010869565217,no,COMPARISON_RELAXED
COMPARISON_RELAXED,41.400000000000,3.000000000000,795.000000,1.453371000000,547.004172,47.000000,50.000000,12,5,0.416666666667,0.933012701892,23.325317547,6.250000000,32.988335,127.457138,0.066987298108,0.066987298108,1.674682453,0.072463768116,3.450000000000,0.450000000000,1.150000000000,0.130434782609,0.010869565217,yes,0.003726708075,0.005873538730,0.146838468,16.867256,12.137336,high_risk,yes,w0_high_risk,warning,yes,pass,yes,pass,yes,1.150000000000,42,0.130434782609,0.010869565217,no,COMPARISON_RELAXED
COMPARISON_RELAXED,103.500000000000,3.000000000000,795.000000,1.453371000000,547.004172,47.000000,50.000000,30,1,0.033333333333,0.010926199633,0.273154991,2.598896135,21.272319,21.389493,0.989073800367,0.010926199633,24.726845009,0.028985507246,3.450000000000,0.450000000000,1.150000000000,0.130434782609,0.004347826087,yes,0.004497751124,0.002755194544,0.068879864,16.867256,11.846790,high_risk,no,w0_high_risk,hard_fail,no,short_cavity,yes,pass,no,1.150000000000,104,0.130434782609,0.004347826087,no,COMPARISON_RELAXED
COMPARISON_RELAXED,103.500000000000,3.000000000000,795.000000,1.453371000000,547.004172,47.000000,50.000000,30,7,0.233333333333,0.447735768366,11.193394209,12.431523692,46.524591,62.605012,0.552264231634,0.447735768366,13.806605791,0.028985507246,3.450000000000,0.450000000000,1.150000000000,0.130434782609,0.004347826087,yes,0.000590202636,0.001843969866,0.046099247,16.867256,11.846790,high_risk,yes,w0_high_risk,warning,yes,pass,no,platform_too_narrow,no,1.150000000000,104,0.130434782609,0.004347826087,no,COMPARISON_RELAXED
COMPARISON_RELAXED,103.500000000000,3.000000000000,795.000000,1.453371000000,547.004172,47.000000,50.000000,30,11,0.366666666667,0.834565303179,20.864132579,9.289310318,40.217227,98.877805,0.165434696821,0.165434696821,4.135867421,0.028985507246,3.450000000000,0.450000000000,1.150000000000,0.130434782609,0.004347826087,yes,0.000624089869,0.001457721395,0.036443035,16.867256,11.846790,high_risk,yes,w0_high_risk,warning,yes,pass,no,platform_too_narrow,no,1.150000000000,104,0.130434782609,0.004347826087,no,COMPARISON_RELAXED
COMPARISON_RELAXED,103.500000000000,3.000000000000,795.000000,1.453371000000,547.004172,47.000000,50.000000,30,13,0.433333333333,0.956772728821,23.919318221,5.084208038,29.753087,143.104447,0.043227271179,0.043227271179,1.080681779,0.028985507246,3.450000000000,0.450000000000,1.150000000000,0.130434782609,0.004347826087,yes,0.000810153929,0.001038369498,0.025959237,16.867256,11.846790,high_risk,yes,w0_high_risk,warning,yes,pass,no,platform_too_narrow,no,1.150000000000,104,0.130434782609,0.004347826087,no,COMPARISON_RELAXED
COMPARISON_RELAXED,172.500000000000,3.000000000000,795.000000,1.453371000000,547.004172,47.000000,50.000000,50,1,0.020000000000,0.003942649343,0.098566234,1.566665420,16.516138,16.548794,0.996057350657,0.003942649343,24.901433766,0.017391304348,3.450000000000,0.450000000000,1.150000000000,0.130434782609,0.002608695652,yes,0.002661934339,0.000981473230,0.024536831,16.867256,11.772887,high_risk,no,w0_high_risk,hard_fail,no,short_cavity,no,platform_too_narrow,no,1.150000000000,173,0.130434782609,0.002608695652,no,COMPARISON_RELAXED
COMPARISON_RELAXED,172.500000000000,3.000000000000,795.000000,1.453371000000,547.004172,47.000000,50.000000,50,3,0.060000000000,0.035111757056,0.877793926,4.601556909,28.305627,28.816038,0.964888242944,0.035111757056,24.122206074,0.017391304348,3.450000000000,0.450000000000,1.150000000000,0.130434782609,0.002608695652,yes,0.000232504069,0.000268731576,0.006718289,16.867256,11.772887,high_risk,no,w0_high_risk,hard_fail,no,short_cavity,no,platform_too_narrow,no,1.150000000000,173,0.130434782609,0.002608695652,no,COMPARISON_RELAXED
COMPARISON_RELAXED,172.500000000000,3.000000000000,795.000000,1.453371000000,547.004172,47.000000,50.000000,50,7,0.140000000000,0.181288005126,4.532200128,9.631415535,40.951088,45.258470,0.818711994874,0.181288005126,20.467799872,0.017391304348,3.450000000000,0.450000000000,1.150000000000,0.130434782609,0.002608695652,yes,0.000433338148,0.001049804861,0.026245122,16.867256,11.772887,high_risk,yes,w0_high_risk,warning,yes,pass,no,platform_too_narrow,no,1.150000000000,173,0.130434782609,0.002608695652,no,COMPARISON_RELAXED
COMPARISON_RELAXED,172.500000000000,3.000000000000,795.000000,1.453371000000,547.004172,47.000000,50.000000,50,9,0.180000000000,0.287110354217,7.177758855,11.310338156,44.377024,52.558992,0.712889645783,0.287110354217,17.822241145,0.017391304348,3.450000000000,0.450000000000,1.150000000000,0.130434782609,0.002608695652,yes,0.000304043782,0.000864491541,0.021612289,16.867256,11.772887,high_risk,yes,w0_high_risk,warning,yes,pass,no,platform_too_narrow,no,1.150000000000,173,0.130434782609,0.002608695652,no,COMPARISON_RELAXED
COMPARISON_RELAXED,172.500000000000,3.000000000000,795.000000,1.453371000000,547.004172,47.000000,50.000000,50,11,0.220000000000,0.406309342707,10.157733568,12.278590634,46.237532,60.008744,0.593690657293,0.406309342707,14.842266432,0.017391304348,3.450000000000,0.450000000000,1.150000000000,0.130434782609,0.002608695652,yes,0.000353481796,0.001090973269,0.027274332,16.867256,11.772887,high_risk,yes,w0_high_risk,warning,yes,pass,no,platform_too_narrow,no,1.150000000000,173,0.130434782609,0.002608695652,no,COMPARISON_RELAXED
COMPARISON_RELAXED,172.500000000000,3.000000000000,795.000000,1.453371000000,547.004172,47.000000,50.000000,50,13,0.260000000000,0.531395259765,13.284881494,12.475334105,46.606498,68.083698,0.468604740235,0.468604740235,11.715118506,0.017391304348,3.450000000000,0.450000000000,1.150000000000,0.130434782609,0.002608695652,yes,0.000210039908,0.000658555512,0.016463888,16.867256,11.772887,high_risk,yes,w0_high_risk,warning,yes,pass,no,platform_too_narrow,no,1.150000000000,173,0.130434782609,0.002608695652,no,COMPARISON_RELAXED
COMPARISON_RELAXED,172.500000000000,3.000000000000,795.000000,1.453371000000,547.004172,47.000000,50.000000,50,17,0.340000000000,0.767913397489,19.197834937,10.554099069,42.867777,88.982772,0.232086602511,0.232086602511,5.802165063,0.017391304348,3.450000000000,0.450000000000,1.150000000000,0.130434782609,0.002608695652,yes,0.000925069380,0.002457749369,0.061443734,16.867256,11.772887,high_risk,yes,w0_high_risk,warning,yes,pass,yes,pass,yes,1.150000000000,173,0.130434782609,0.002608695652,no,COMPARISON_RELAXED
COMPARISON_RELAXED,172.500000000000,3.000000000000,795.000000,1.453371000000,547.004172,47.000000,50.000000,50,19,0.380000000000,0.864484313711,21.612107843,8.556838824,38.599089,104.853341,0.135515686289,0.135515686289,3.387892157,0.017391304348,3.450000000000,0.450000000000,1.150000000000,0.130434782609,0.002608695652,yes,0.000214178625,0.000460552888,0.011513822,16.867256,11.772887,high_risk,yes,w0_high_risk,warning,yes,pass,no,platform_too_narrow,no,1.150000000000,173,0.130434782609,0.002608695652,no,COMPARISON_RELAXED
COMPARISON_RELAXED,172.500000000000,3.000000000000,795.000000,1.453371000000,547.004172,47.000000,50.000000,50,21,0.420000000000,0.938153340022,23.453833501,6.021920926,32.380825,130.205636,0.061846659978,0.061846659978,1.546166499,0.017391304348,3.450000000000,0.450000000000,1.150000000000,0.130434782609,0.002608695652,yes,0.000221451244,0.000335058830,0.008376471,16.867256,11.772887,high_risk,yes,w0_high_risk,warning,yes,pass,no,platform_too_narrow,no,1.150000000000,173,0.130434782609,0.002608695652,no,COMPARISON_RELAXED
COMPARISON_RELAXED,172.500000000000,3.000000000000,795.000000,1.453371000000,547.004172,47.000000,50.000000,50,23,0.460000000000,0.984291580564,24.607289514,3.108623590,23.265075,185.625744,0.015708419436,0.015708419436,0.392710486,0.017391304348,3.450000000000,0.450000000000,1.150000000000,0.130434782609,0.002608695652,yes,0.000271174184,0.000211526130,0.005288153,16.867256,11.772887,high_risk,yes,w0_high_risk,warning,yes,pass,no,platform_too_narrow,no,1.150000000000,173,0.130434782609,0.002608695652,no,COMPARISON_RELAXED
COMPARISON_RELAXED,32.400000000000,3.000000000000,795.000000,1.453371000000,547.004172,47.000000,50.000000,9,1,0.111111111111,0.116977778441,2.924444461,8.034845121,37.403233,39.803689,0.883022221559,0.116977778441,22.075555539,0.092592592593,3.600000000000,0.600000000000,1.200000000000,0.166666666667,0.018518518519,yes,0.020833333333,0.039436514273,0.985912857,17.229628,12.665237,high_risk,yes,w0_high_risk,warning,yes,pass,yes,pass,yes,1.200000000000,33,0.166666666667,0.018518518519,no,COMPARISON_RELAXED
COMPARISON_RELAXED,32.400000000000,3.000000000000,795.000000,1.453371000000,547.004172,47.000000,50.000000,9,2,0.222222222222,0.413175911167,10.329397779,12.310096913,46.296815,60.436200,0.586824088833,0.413175911167,14.670602221,0.092592592593,3.600000000000,0.600000000000,1.200000000000,0.166666666667,0.018518518519,yes,0.008333333333,0.025792375113,0.644809378,17.229628,12.665237,high_risk,yes,w0_high_risk,warning,yes,pass,yes,pass,yes,1.200000000000,33,0.166666666667,0.018518518519,no,COMPARISON_RELAXED
COMPARISON_RELAXED,32.400000000000,3.000000000000,795.000000,1.453371000000,547.004172,47.000000,50.000000,9,4,0.444444444444,0.969846310393,24.246157760,4.275251792,27.283572,157.119830,0.030153689607,0.030153689607,0.753842240,0.092592592593,3.600000000000,0.600000000000,1.200000000000,0.166666666667,0.018518518519,yes,0.011904761905,0.012055782698,0.301394567,17.229628,12.665237,high_risk,yes,w0_high_risk,warning,yes,pass,yes,pass,yes,1.200000000000,33,0.166666666667,0.018518518519,no,COMPARISON_RELAXED
COMPARISON_RELAXED,43.200000000000,3.000000000000,795.000000,1.453371000000,547.004172,47.000000,50.000000,12,1,0.083333333333,0.066987298108,1.674682453,6.250000000,32.988335,34.152037,0.933012701892,0.066987298108,23.325317547,0.069444444444,3.600000000000,0.600000000000,1.200000000000,0.166666666667,0.013888888889,yes,0.015151515152,0.022138125811,0.553453145,17.229628,12.501683,high_risk,no,w0_high_risk,hard_fail,no,short_cavity,yes,pass,no,1.200000000000,44,0.166666666667,0.013888888889,no,COMPARISON_RELAXED
COMPARISON_RELAXED,43.200000000000,3.000000000000,795.000000,1.453371000000,547.004172,47.000000,50.000000,12,5,0.416666666667,0.933012701892,23.325317547,6.250000000,32.988335,127.457138,0.066987298108,0.066987298108,1.674682453,0.069444444444,3.600000000000,0.600000000000,1.200000000000,0.166666666667,0.013888888889,yes,0.004761904762,0.007511981847,0.187799546,17.229628,12.501683,high_risk,yes,w0_high_risk,warning,yes,pass,yes,pass,yes,1.200000000000,44,0.166666666667,0.013888888889,no,COMPARISON_RELAXED
COMPARISON_RELAXED,108.000000000000,3.000000000000,795.000000,1.453371000000,547.004172,47.000000,50.000000,30,1,0.033333333333,0.010926199633,0.273154991,2.598896135,21.272319,21.389493,0.989073800367,0.010926199633,24.726845009,0.027777777778,3.600000000000,0.600000000000,1.200000000000,0.166666666667,0.005555555556,yes,0.005747126437,0.003455559491,0.086388987,17.229628,12.211475,high_risk,no,w0_high_risk,hard_fail,no,short_cavity,yes,pass,no,1.200000000000,108,0.166666666667,0.005555555556,no,COMPARISON_RELAXED
COMPARISON_RELAXED,108.000000000000,3.000000000000,795.000000,1.453371000000,547.004172,47.000000,50.000000,30,7,0.233333333333,0.447735768366,11.193394209,12.431523692,46.524591,62.605012,0.552264231634,0.447735768366,13.806605791,0.027777777778,3.600000000000,0.600000000000,1.200000000000,0.166666666667,0.005555555556,yes,0.000754147813,0.002356165811,0.058904145,17.229628,12.211475,high_risk,yes,w0_high_risk,warning,yes,pass,yes,pass,yes,1.200000000000,108,0.166666666667,0.005555555556,no,COMPARISON_RELAXED
COMPARISON_RELAXED,108.000000000000,3.000000000000,795.000000,1.453371000000,547.004172,47.000000,50.000000,30,11,0.366666666667,0.834565303179,20.864132579,9.289310318,40.217227,98.877805,0.165434696821,0.165434696821,4.135867421,0.027777777778,3.600000000000,0.600000000000,1.200000000000,0.166666666667,0.005555555556,yes,0.000797448166,0.001862886547,0.046572164,17.229628,12.211475,high_risk,yes,w0_high_risk,warning,yes,pass,no,platform_too_narrow,no,1.200000000000,108,0.166666666667,0.005555555556,no,COMPARISON_RELAXED
COMPARISON_RELAXED,108.000000000000,3.000000000000,795.000000,1.453371000000,547.004172,47.000000,50.000000,30,13,0.433333333333,0.956772728821,23.919318221,5.084208038,29.753087,143.104447,0.043227271179,0.043227271179,1.080681779,0.027777777778,3.600000000000,0.600000000000,1.200000000000,0.166666666667,0.005555555556,yes,0.001035196687,0.001327924043,0.033198101,17.229628,12.211475,high_risk,yes,w0_high_risk,warning,yes,pass,no,platform_too_narrow,no,1.200000000000,108,0.166666666667,0.005555555556,no,COMPARISON_RELAXED
COMPARISON_RELAXED,180.000000000000,3.000000000000,795.000000,1.453371000000,547.004172,47.000000,50.000000,50,1,0.020000000000,0.003942649343,0.098566234,1.566665420,16.516138,16.548794,0.996057350657,0.003942649343,24.901433766,0.016666666667,3.600000000000,0.600000000000,1.200000000000,0.166666666667,0.003333333333,yes,0.003401360544,0.001230427779,0.030760694,17.229628,12.137655,high_risk,no,w0_high_risk,hard_fail,no,short_cavity,no,platform_too_narrow,no,1.200000000000,180,0.166666666667,0.003333333333,no,COMPARISON_RELAXED
COMPARISON_RELAXED,180.000000000000,3.000000000000,795.000000,1.453371000000,547.004172,47.000000,50.000000,50,3,0.060000000000,0.035111757056,0.877793926,4.601556909,28.305627,28.816038,0.964888242944,0.035111757056,24.122206074,0.016666666667,3.600000000000,0.600000000000,1.200000000000,0.166666666667,0.003333333333,yes,0.000297088532,0.000343322868,0.008583072,17.229628,12.137655,high_risk,no,w0_high_risk,hard_fail,no,short_cavity,no,platform_too_narrow,no,1.200000000000,180,0.166666666667,0.003333333333,no,COMPARISON_RELAXED
COMPARISON_RELAXED,180.000000000000,3.000000000000,795.000000,1.453371000000,547.004172,47.000000,50.000000,50,7,0.140000000000,0.181288005126,4.532200128,9.631415535,40.951088,45.258470,0.818711994874,0.181288005126,20.467799872,0.016666666667,3.600000000000,0.600000000000,1.200000000000,0.166666666667,0.003333333333,yes,0.000553709856,0.001341718555,0.033542964,17.229628,12.137655,high_risk,yes,w0_high_risk,warning,yes,pass,no,platform_too_narrow,no,1.200000000000,180,0.166666666667,0.003333333333,no,COMPARISON_RELAXED
COMPARISON_RELAXED,180.000000000000,3.000000000000,795.000000,1.453371000000,547.004172,47.000000,50.000000,50,9,0.180000000000,0.287110354217,7.177758855,11.310338156,44.377024,52.558992,0.712889645783,0.287110354217,17.822241145,0.016666666667,3.600000000000,0.600000000000,1.200000000000,0.166666666667,0.003333333333,yes,0.000388500389,0.001104705089,0.027617627,17.229628,12.137655,high_risk,yes,w0_high_risk,warning,yes,pass,no,platform_too_narrow,no,1.200000000000,180,0.166666666667,0.003333333333,no,COMPARISON_RELAXED
COMPARISON_RELAXED,180.000000000000,3.000000000000,795.000000,1.453371000000,547.004172,47.000000,50.000000,50,11,0.220000000000,0.406309342707,10.157733568,12.278590634,46.237532,60.008744,0.593690657293,0.406309342707,14.842266432,0.016666666667,3.600000000000,0.600000000000,1.200000000000,0.166666666667,0.003333333333,yes,0.000451671183,0.001394073488,0.034851837,17.229628,12.137655,high_risk,yes,w0_high_risk,warning,yes,pass,no,platform_too_narrow,no,1.200000000000,180,0.166666666667,0.003333333333,no,COMPARISON_RELAXED
COMPARISON_RELAXED,180.000000000000,3.000000000000,795.000000,1.453371000000,547.004172,47.000000,50.000000,50,13,0.260000000000,0.531395259765,13.284881494,12.475334105,46.606498,68.083698,0.468604740235,0.468604740235,11.715118506,0.016666666667,3.600000000000,0.600000000000,1.200000000000,0.166666666667,0.003333333333,yes,0.000268384326,0.000841486783,0.021037170,17.229628,12.137655,high_risk,yes,w0_high_risk,warning,yes,pass,no,platform_too_narrow,no,1.200000000000,180,0.166666666667,0.003333333333,no,COMPARISON_RELAXED
COMPARISON_RELAXED,180.000000000000,3.000000000000,795.000000,1.453371000000,547.004172,47.000000,50.000000,50,17,0.340000000000,0.767913397489,19.197834937,10.554099069,42.867777,88.982772,0.232086602511,0.232086602511,5.802165063,0.016666666667,3.600000000000,0.600000000000,1.200000000000,0.166666666667,0.003333333333,yes,0.001182033097,0.003141861774,0.078546544,17.229628,12.137655,high_risk,yes,w0_high_risk,warning,yes,pass,yes,pass,yes,1.200000000000,180,0.166666666667,0.003333333333,no,COMPARISON_RELAXED
COMPARISON_RELAXED,180.000000000000,3.000000000000,795.000000,1.453371000000,547.004172,47.000000,50.000000,50,19,0.380000000000,0.864484313711,21.612107843,8.556838824,38.599089,104.853341,0.135515686289,0.135515686289,3.387892157,0.016666666667,3.600000000000,0.600000000000,1.200000000000,0.166666666667,0.003333333333,yes,0.000273672687,0.000588465473,0.014711637,17.229628,12.137655,high_risk,yes,w0_high_risk,warning,yes,pass,no,platform_too_narrow,no,1.200000000000,180,0.166666666667,0.003333333333,no,COMPARISON_RELAXED
COMPARISON_RELAXED,180.000000000000,3.000000000000,795.000000,1.453371000000,547.004172,47.000000,50.000000,50,21,0.420000000000,0.938153340022,23.453833501,6.021920926,32.380825,130.205636,0.061846659978,0.061846659978,1.546166499,0.016666666667,3.600000000000,0.600000000000,1.200000000000,0.166666666667,0.003333333333,yes,0.000282965478,0.000428094571,0.010702364,17.229628,12.137655,high_risk,yes,w0_high_risk,warning,yes,pass,no,platform_too_narrow,no,1.200000000000,180,0.166666666667,0.003333333333,no,COMPARISON_RELAXED
COMPARISON_RELAXED,180.000000000000,3.000000000000,795.000000,1.453371000000,547.004172,47.000000,50.000000,50,23,0.460000000000,0.984291580564,24.607289514,3.108623590,23.265075,185.625744,0.015708419436,0.015708419436,0.392710486,0.016666666667,3.600000000000,0.600000000000,1.200000000000,0.166666666667,0.003333333333,yes,0.000346500347,0.000270163589,0.006754090,17.229628,12.137655,high_risk,yes,w0_high_risk,warning,yes,pass,no,platform_too_narrow,no,1.200000000000,180,0.166666666667,0.003333333333,no,COMPARISON_RELAXED
COMPARISON_RELAXED,35.100000000000,3.000000000000,795.000000,1.453371000000,547.004172,47.000000,50.000000,9,1,0.111111111111,0.116977778441,2.924444461,8.034845121,37.403233,39.803689,0.883022221559,0.116977778441,22.075555539,0.085470085470,3.900000000000,0.900000000000,1.300000000000,0.230769230769,0.025641025641,yes,0.028846153846,0.053144744694,1.328618617,17.912695,13.351274,high_risk,yes,w0_high_risk,warning,yes,pass,yes,pass,yes,1.300000000000,36,0.230769230769,0.025641025641,no,COMPARISON_RELAXED
COMPARISON_RELAXED,35.100000000000,3.000000000000,795.000000,1.453371000000,547.004172,47.000000,50.000000,9,2,0.222222222222,0.413175911167,10.329397779,12.310096913,46.296815,60.436200,0.586824088833,0.413175911167,14.670602221,0.085470085470,3.900000000000,0.900000000000,1.300000000000,0.230769230769,0.025641025641,yes,0.011538461538,0.035715680110,0.892892003,17.912695,13.351274,high_risk,yes,w0_high_risk,warning,yes,pass,yes,pass,yes,1.300000000000,36,0.230769230769,0.025641025641,no,COMPARISON_RELAXED
COMPARISON_RELAXED,35.100000000000,3.000000000000,795.000000,1.453371000000,547.004172,47.000000,50.000000,9,4,0.444444444444,0.969846310393,24.246157760,4.275251792,27.283572,157.119830,0.030153689607,0.030153689607,0.753842240,0.085470085470,3.900000000000,0.900000000000,1.300000000000,0.230769230769,0.025641025641,yes,0.016483516484,0.016296967361,0.407424184,17.912695,13.351274,high_risk,yes,w0_high_risk,warning,yes,pass,yes,pass,yes,1.300000000000,36,0.230769230769,0.025641025641,no,COMPARISON_RELAXED
COMPARISON_RELAXED,46.800000000000,3.000000000000,795.000000,1.453371000000,547.004172,47.000000,50.000000,12,1,0.083333333333,0.066987298108,1.674682453,6.250000000,32.988335,34.152037,0.933012701892,0.066987298108,23.325317547,0.064102564103,3.900000000000,0.900000000000,1.300000000000,0.230769230769,0.019230769231,yes,0.020979020979,0.029749235792,0.743730895,17.912695,13.188043,high_risk,no,w0_high_risk,hard_fail,no,short_cavity,yes,pass,no,1.300000000000,47,0.230769230769,0.019230769231,no,COMPARISON_RELAXED
COMPARISON_RELAXED,46.800000000000,3.000000000000,795.000000,1.453371000000,547.004172,47.000000,50.000000,12,5,0.416666666667,0.933012701892,23.325317547,6.250000000,32.988335,127.457138,0.066987298108,0.066987298108,1.674682453,0.064102564103,3.900000000000,0.900000000000,1.300000000000,0.230769230769,0.019230769231,yes,0.006593406593,0.010418021665,0.260450542,17.912695,13.188043,high_risk,yes,w0_high_risk,warning,yes,pass,yes,pass,yes,1.300000000000,47,0.230769230769,0.019230769231,no,COMPARISON_RELAXED
COMPARISON_RELAXED,117.000000000000,3.000000000000,795.000000,1.453371000000,547.004172,47.000000,50.000000,30,1,0.033333333333,0.010926199633,0.273154991,2.598896135,21.272319,21.389493,0.989073800367,0.010926199633,24.726845009,0.025641025641,3.900000000000,0.900000000000,1.300000000000,0.230769230769,0.007692307692,yes,0.007957559682,0.004625265769,0.115631644,17.912695,12.898396,high_risk,no,w0_high_risk,hard_fail,no,short_cavity,yes,pass,no,1.300000000000,117,0.230769230769,0.007692307692,no,COMPARISON_RELAXED
COMPARISON_RELAXED,117.000000000000,3.000000000000,795.000000,1.453371000000,547.004172,47.000000,50.000000,30,7,0.233333333333,0.447735768366,11.193394209,12.431523692,46.524591,62.605012,0.552264231634,0.447735768366,13.806605791,0.025641025641,3.900000000000,0.900000000000,1.300000000000,0.230769230769,0.007692307692,yes,0.001044204664,0.003262338820,0.081558471,17.912695,12.898396,high_risk,yes,w0_high_risk,warning,yes,pass,yes,pass,yes,1.300000000000,117,0.230769230769,0.007692307692,no,COMPARISON_RELAXED
COMPARISON_RELAXED,117.000000000000,3.000000000000,795.000000,1.453371000000,547.004172,47.000000,50.000000,30,11,0.366666666667,0.834565303179,20.864132579,9.289310318,40.217227,98.877805,0.165434696821,0.165434696821,4.135867421,0.025641025641,3.900000000000,0.900000000000,1.300000000000,0.230769230769,0.007692307692,yes,0.001104158999,0.002579974773,0.064499369,17.912695,12.898396,high_risk,yes,w0_high_risk,warning,yes,pass,yes,pass,yes,1.300000000000,117,0.230769230769,0.007692307692,no,COMPARISON_RELAXED
COMPARISON_RELAXED,117.000000000000,3.000000000000,795.000000,1.453371000000,547.004172,47.000000,50.000000,30,13,0.433333333333,0.956772728821,23.919318221,5.084208038,29.753087,143.104447,0.043227271179,0.043227271179,1.080681779,0.025641025641,3.900000000000,0.900000000000,1.300000000000,0.230769230769,0.007692307692,yes,0.001433349259,0.001841402836,0.046035071,17.912695,12.898396,high_risk,yes,w0_high_risk,warning,yes,pass,no,platform_too_narrow,no,1.300000000000,117,0.230769230769,0.007692307692,no,COMPARISON_RELAXED
COMPARISON_RELAXED,195.000000000000,3.000000000000,795.000000,1.453371000000,547.004172,47.000000,50.000000,50,1,0.020000000000,0.003942649343,0.098566234,1.566665420,16.516138,16.548794,0.996057350657,0.003942649343,24.901433766,0.015384615385,3.900000000000,0.900000000000,1.300000000000,0.230769230769,0.004615384615,yes,0.004709576138,0.001645641105,0.041141028,17.912695,12.824716,high_risk,no,w0_high_risk,hard_fail,no,short_cavity,no,platform_too_narrow,no,1.300000000000,195,0.230769230769,0.004615384615,no,COMPARISON_RELAXED
COMPARISON_RELAXED,195.000000000000,3.000000000000,795.000000,1.453371000000,547.004172,47.000000,50.000000,50,3,0.060000000000,0.035111757056,0.877793926,4.601556909,28.305627,28.816038,0.964888242944,0.035111757056,24.122206074,0.015384615385,3.900000000000,0.900000000000,1.300000000000,0.230769230769,0.004615384615,yes,0.000411353353,0.000475232018,0.011880800,17.912695,12.824716,high_risk,no,w0_high_risk,hard_fail,no,short_cavity,no,platform_too_narrow,no,1.300000000000,195,0.230769230769,0.004615384615,no,COMPARISON_RELAXED
COMPARISON_RELAXED,195.000000000000,3.000000000000,795.000000,1.453371000000,547.004172,47.000000,50.000000,50,7,0.140000000000,0.181288005126,4.532200128,9.631415535,40.951088,45.258470,0.818711994874,0.181288005126,20.467799872,0.015384615385,3.900000000000,0.900000000000,1.300000000000,0.230769230769,0.004615384615,yes,0.000766675185,0.001858501530,0.046462538,17.912695,12.824716,high_risk,yes,w0_high_risk,warning,yes,pass,no,platform_too_narrow,no,1.300000000000,195,0.230769230769,0.004615384615,no,COMPARISON_RELAXED
COMPARISON_RELAXED,195.000000000000,3.000000000000,795.000000,1.453371000000,547.004172,47.000000,50.000000,50,9,0.180000000000,0.287110354217,7.177758855,11.310338156,44.377024,52.558992,0.712889645783,0.287110354217,17.822241145,0.015384615385,3.900000000000,0.900000000000,1.300000000000,0.230769230769,0.004615384615,yes,0.000537923615,0.001529780137,0.038244503,17.912695,12.824716,high_risk,yes,w0_high_risk,warning,yes,pass,no,platform_too_narrow,no,1.300000000000,195,0.230769230769,0.004615384615,no,COMPARISON_RELAXED
COMPARISON_RELAXED,195.000000000000,3.000000000000,795.000000,1.453371000000,547.004172,47.000000,50.000000,50,11,0.220000000000,0.406309342707,10.157733568,12.278590634,46.237532,60.008744,0.593690657293,0.406309342707,14.842266432,0.015384615385,3.900000000000,0.900000000000,1.300000000000,0.230769230769,0.004615384615,yes,0.000625390869,0.001930382864,0.048259572,17.912695,12.824716,high_risk,yes,w0_high_risk,warning,yes,pass,no,platform_too_narrow,no,1.300000000000,195,0.230769230769,0.004615384615,no,COMPARISON_RELAXED
COMPARISON_RELAXED,195.000000000000,3.000000000000,795.000000,1.453371000000,547.004172,47.000000,50.000000,50,13,0.260000000000,0.531395259765,13.284881494,12.475334105,46.606498,68.083698,0.468604740235,0.468604740235,11.715118506,0.015384615385,3.900000000000,0.900000000000,1.300000000000,0.230769230769,0.004615384615,yes,0.000371609067,0.001165133515,0.029128338,17.912695,12.824716,high_risk,yes,w0_high_risk,warning,yes,pass,no,platform_too_narrow,no,1.300000000000,195,0.230769230769,0.004615384615,no,COMPARISON_RELAXED
COMPARISON_RELAXED,195.000000000000,3.000000000000,795.000000,1.453371000000,547.004172,47.000000,50.000000,50,17,0.340000000000,0.767913397489,19.197834937,10.554099069,42.867777,88.982772,0.232086602511,0.232086602511,5.802165063,0.015384615385,3.900000000000,0.900000000000,1.300000000000,0.230769230769,0.004615384615,yes,0.001636661211,0.004353702434,0.108842561,17.912695,12.824716,high_risk,yes,w0_high_risk,warning,yes,pass,yes,pass,yes,1.300000000000,195,0.230769230769,0.004615384615,no,COMPARISON_RELAXED
COMPARISON_RELAXED,195.000000000000,3.000000000000,795.000000,1.453371000000,547.004172,47.000000,50.000000,50,19,0.380000000000,0.864484313711,21.612107843,8.556838824,38.599089,104.853341,0.135515686289,0.135515686289,3.387892157,0.015384615385,3.900000000000,0.900000000000,1.300000000000,0.230769230769,0.004615384615,yes,0.000378931413,0.000814752334,0.020368808,17.912695,12.824716,high_risk,yes,w0_high_risk,warning,yes,pass,no,platform_too_narrow,no,1.300000000000,195,0.230769230769,0.004615384615,no,COMPARISON_RELAXED
COMPARISON_RELAXED,195.000000000000,3.000000000000,795.000000,1.453371000000,547.004172,47.000000,50.000000,50,21,0.420000000000,0.938153340022,23.453833501,6.021920926,32.380825,130.205636,0.061846659978,0.061846659978,1.546166499,0.015384615385,3.900000000000,0.900000000000,1.300000000000,0.230769230769,0.004615384615,yes,0.000391798354,0.000592657736,0.014816443,17.912695,12.824716,high_risk,yes,w0_high_risk,warning,yes,pass,no,platform_too_narrow,no,1.300000000000,195,0.230769230769,0.004615384615,no,COMPARISON_RELAXED
COMPARISON_RELAXED,195.000000000000,3.000000000000,795.000000,1.453371000000,547.004172,47.000000,50.000000,50,23,0.460000000000,0.984291580564,24.607289514,3.108623590,23.265075,185.625744,0.015708419436,0.015708419436,0.392710486,0.015384615385,3.900000000000,0.900000000000,1.300000000000,0.230769230769,0.004615384615,yes,0.000479769711,0.000373779161,0.009344479,17.912695,12.824716,high_risk,yes,w0_high_risk,warning,yes,pass,no,platform_too_narrow,no,1.300000000000,195,0.230769230769,0.004615384615,no,COMPARISON_RELAXED
COMPARISON_RELAXED,36.000000000000,4.000000000000,795.000000,1.453371000000,547.004172,47.000000,50.000000,9,1,0.111111111111,0.116977778441,2.924444461,8.034845121,37.403233,39.803689,0.883022221559,0.116977778441,22.075555539,0.111111111111,4.000000000000,0.000000000000,1.000000000000,0.000000000000,0.000000000000,no,0.000000000000,0.000000000000,0.000000000,18.129134,13.568558,high_risk,yes,w0_high_risk,warning,yes,pass,no,below_tau_threshold;platform_too_narrow,no,1.000000000000,36,0.000000000000,0.000000000000,yes,COMPARISON_RELAXED
COMPARISON_RELAXED,36.000000000000,4.000000000000,795.000000,1.453371000000,547.004172,47.000000,50.000000,9,2,0.222222222222,0.413175911167,10.329397779,12.310096913,46.296815,60.436200,0.586824088833,0.413175911167,14.670602221,0.111111111111,4.000000000000,0.000000000000,1.000000000000,0.000000000000,0.000000000000,no,0.000000000000,0.000000000000,0.000000000,18.129134,13.568558,high_risk,yes,w0_high_risk,warning,yes,pass,no,below_tau_threshold;platform_too_narrow,no,1.000000000000,36,0.000000000000,0.000000000000,yes,COMPARISON_RELAXED
COMPARISON_RELAXED,36.000000000000,4.000000000000,795.000000,1.453371000000,547.004172,47.000000,50.000000,9,4,0.444444444444,0.969846310393,24.246157760,4.275251792,27.283572,157.119830,0.030153689607,0.030153689607,0.753842240,0.111111111111,4.000000000000,0.000000000000,1.000000000000,0.000000000000,0.000000000000,no,0.000000000000,0.000000000000,0.000000000,18.129134,13.568558,high_risk,yes,w0_high_risk,warning,yes,pass,no,below_tau_threshold;platform_too_narrow,no,1.000000000000,36,0.000000000000,0.000000000000,yes,COMPARISON_RELAXED
COMPARISON_RELAXED,48.000000000000,4.000000000000,795.000000,1.453371000000,547.004172,47.000000,50.000000,12,1,0.083333333333,0.066987298108,1.674682453,6.250000000,32.988335,34.152037,0.933012701892,0.066987298108,23.325317547,0.083333333333,4.000000000000,0.000000000000,1.000000000000,0.000000000000,0.000000000000,no,0.000000000000,0.000000000000,0.000000000,18.129134,13.405420,high_risk,no,w0_high_risk,hard_fail,no,short_cavity,no,below_tau_threshold;platform_too_narrow,no,1.000000000000,48,0.000000000000,0.000000000000,yes,COMPARISON_RELAXED
COMPARISON_RELAXED,48.000000000000,4.000000000000,795.000000,1.453371000000,547.004172,47.000000,50.000000,12,5,0.416666666667,0.933012701892,23.325317547,6.250000000,32.988335,127.457138,0.066987298108,0.066987298108,1.674682453,0.083333333333,4.000000000000,0.000000000000,1.000000000000,0.000000000000,0.000000000000,no,0.000000000000,0.000000000000,0.000000000,18.129134,13.405420,high_risk,yes,w0_high_risk,warning,yes,pass,no,below_tau_threshold;platform_too_narrow,no,1.000000000000,48,0.000000000000,0.000000000000,yes,COMPARISON_RELAXED
COMPARISON_RELAXED,120.000000000000,4.000000000000,795.000000,1.453371000000,547.004172,47.000000,50.000000,30,1,0.033333333333,0.010926199633,0.273154991,2.598896135,21.272319,21.389493,0.989073800367,0.010926199633,24.726845009,0.033333333333,4.000000000000,0.000000000000,1.000000000000,0.000000000000,0.000000000000,no,0.000000000000,0.000000000000,0.000000000,18.129134,13.115933,high_risk,no,w0_high_risk,hard_fail,no,short_cavity,no,below_tau_threshold;platform_too_narrow,no,1.000000000000,120,0.000000000000,0.000000000000,yes,COMPARISON_RELAXED
COMPARISON_RELAXED,120.000000000000,4.000000000000,795.000000,1.453371000000,547.004172,47.000000,50.000000,30,7,0.233333333333,0.447735768366,11.193394209,12.431523692,46.524591,62.605012,0.552264231634,0.447735768366,13.806605791,0.033333333333,4.000000000000,0.000000000000,1.000000000000,0.000000000000,0.000000000000,no,0.000000000000,0.000000000000,0.000000000,18.129134,13.115933,high_risk,yes,w0_high_risk,warning,yes,pass,no,below_tau_threshold;platform_too_narrow,no,1.000000000000,120,0.000000000000,0.000000000000,yes,COMPARISON_RELAXED
COMPARISON_RELAXED,120.000000000000,4.000000000000,795.000000,1.453371000000,547.004172,47.000000,50.000000,30,11,0.366666666667,0.834565303179,20.864132579,9.289310318,40.217227,98.877805,0.165434696821,0.165434696821,4.135867421,0.033333333333,4.000000000000,0.000000000000,1.000000000000,0.000000000000,0.000000000000,no,0.000000000000,0.000000000000,0.000000000,18.129134,13.115933,high_risk,yes,w0_high_risk,warning,yes,pass,no,below_tau_threshold;platform_too_narrow,no,1.000000000000,120,0.000000000000,0.000000000000,yes,COMPARISON_RELAXED
COMPARISON_RELAXED,120.000000000000,4.000000000000,795.000000,1.453371000000,547.004172,47.000000,50.000000,30,13,0.433333333333,0.956772728821,23.919318221,5.084208038,29.753087,143.104447,0.043227271179,0.043227271179,1.080681779,0.033333333333,4.000000000000,0.000000000000,1.000000000000,0.000000000000,0.000000000000,no,0.000000000000,0.000000000000,0.000000000,18.129134,13.115933,high_risk,yes,w0_high_risk,warning,yes,pass,no,below_tau_threshold;platform_too_narrow,no,1.000000000000,120,0.000000000000,0.000000000000,yes,COMPARISON_RELAXED
COMPARISON_RELAXED,200.000000000000,4.000000000000,795.000000,1.453371000000,547.004172,47.000000,50.000000,50,1,0.020000000000,0.003942649343,0.098566234,1.566665420,16.516138,16.548794,0.996057350657,0.003942649343,24.901433766,0.020000000000,4.000000000000,0.000000000000,1.000000000000,0.000000000000,0.000000000000,no,0.000000000000,0.000000000000,0.000000000,18.129134,13.042292,high_risk,no,w0_high_risk,hard_fail,no,short_cavity,no,below_tau_threshold;platform_too_narrow,no,1.000000000000,200,0.000000000000,0.000000000000,yes,COMPARISON_RELAXED
COMPARISON_RELAXED,200.000000000000,4.000000000000,795.000000,1.453371000000,547.004172,47.000000,50.000000,50,3,0.060000000000,0.035111757056,0.877793926,4.601556909,28.305627,28.816038,0.964888242944,0.035111757056,24.122206074,0.020000000000,4.000000000000,0.000000000000,1.000000000000,0.000000000000,0.000000000000,no,0.000000000000,0.000000000000,0.000000000,18.129134,13.042292,high_risk,no,w0_high_risk,hard_fail,no,short_cavity,no,below_tau_threshold;platform_too_narrow,no,1.000000000000,200,0.000000000000,0.000000000000,yes,COMPARISON_RELAXED
COMPARISON_RELAXED,200.000000000000,4.000000000000,795.000000,1.453371000000,547.004172,47.000000,50.000000,50,7,0.140000000000,0.181288005126,4.532200128,9.631415535,40.951088,45.258470,0.818711994874,0.181288005126,20.467799872,0.020000000000,4.000000000000,0.000000000000,1.000000000000,0.000000000000,0.000000000000,no,0.000000000000,0.000000000000,0.000000000,18.129134,13.042292,high_risk,yes,w0_high_risk,warning,yes,pass,no,below_tau_threshold;platform_too_narrow,no,1.000000000000,200,0.000000000000,0.000000000000,yes,COMPARISON_RELAXED
COMPARISON_RELAXED,200.000000000000,4.000000000000,795.000000,1.453371000000,547.004172,47.000000,50.000000,50,9,0.180000000000,0.287110354217,7.177758855,11.310338156,44.377024,52.558992,0.712889645783,0.287110354217,17.822241145,0.020000000000,4.000000000000,0.000000000000,1.000000000000,0.000000000000,0.000000000000,no,0.000000000000,0.000000000000,0.000000000,18.129134,13.042292,high_risk,yes,w0_high_risk,warning,yes,pass,no,below_tau_threshold;platform_too_narrow,no,1.000000000000,200,0.000000000000,0.000000000000,yes,COMPARISON_RELAXED
COMPARISON_RELAXED,200.000000000000,4.000000000000,795.000000,1.453371000000,547.004172,47.000000,50.000000,50,11,0.220000000000,0.406309342707,10.157733568,12.278590634,46.237532,60.008744,0.593690657293,0.406309342707,14.842266432,0.020000000000,4.000000000000,0.000000000000,1.000000000000,0.000000000000,0.000000000000,no,0.000000000000,0.000000000000,0.000000000,18.129134,13.042292,high_risk,yes,w0_high_risk,warning,yes,pass,no,below_tau_threshold;platform_too_narrow,no,1.000000000000,200,0.000000000000,0.000000000000,yes,COMPARISON_RELAXED
COMPARISON_RELAXED,200.000000000000,4.000000000000,795.000000,1.453371000000,547.004172,47.000000,50.000000,50,13,0.260000000000,0.531395259765,13.284881494,12.475334105,46.606498,68.083698,0.468604740235,0.468604740235,11.715118506,0.020000000000,4.000000000000,0.000000000000,1.000000000000,0.000000000000,0.000000000000,no,0.000000000000,0.000000000000,0.000000000,18.129134,13.042292,high_risk,yes,w0_high_risk,warning,yes,pass,no,below_tau_threshold;platform_too_narrow,no,1.000000000000,200,0.000000000000,0.000000000000,yes,COMPARISON_RELAXED
COMPARISON_RELAXED,200.000000000000,4.000000000000,795.000000,1.453371000000,547.004172,47.000000,50.000000,50,17,0.340000000000,0.767913397489,19.197834937,10.554099069,42.867777,88.982772,0.232086602511,0.232086602511,5.802165063,0.020000000000,4.000000000000,0.000000000000,1.000000000000,0.000000000000,0.000000000000,no,0.000000000000,0.000000000000,0.000000000,18.129134,13.042292,high_risk,yes,w0_high_risk,warning,yes,pass,no,below_tau_threshold;platform_too_narrow,no,1.000000000000,200,0.000000000000,0.000000000000,yes,COMPARISON_RELAXED
COMPARISON_RELAXED,200.000000000000,4.000000000000,795.000000,1.453371000000,547.004172,47.000000,50.000000,50,19,0.380000000000,0.864484313711,21.612107843,8.556838824,38.599089,104.853341,0.135515686289,0.135515686289,3.387892157,0.020000000000,4.000000000000,0.000000000000,1.000000000000,0.000000000000,0.000000000000,no,0.000000000000,0.000000000000,0.000000000,18.129134,13.042292,high_risk,yes,w0_high_risk,warning,yes,pass,no,below_tau_threshold;platform_too_narrow,no,1.000000000000,200,0.000000000000,0.000000000000,yes,COMPARISON_RELAXED
COMPARISON_RELAXED,200.000000000000,4.000000000000,795.000000,1.453371000000,547.004172,47.000000,50.000000,50,21,0.420000000000,0.938153340022,23.453833501,6.021920926,32.380825,130.205636,0.061846659978,0.061846659978,1.546166499,0.020000000000,4.000000000000,0.000000000000,1.000000000000,0.000000000000,0.000000000000,no,0.000000000000,0.000000000000,0.000000000,18.129134,13.042292,high_risk,yes,w0_high_risk,warning,yes,pass,no,below_tau_threshold;platform_too_narrow,no,1.000000000000,200,0.000000000000,0.000000000000,yes,COMPARISON_RELAXED
COMPARISON_RELAXED,200.000000000000,4.000000000000,795.000000,1.453371000000,547.004172,47.000000,50.000000,50,23,0.460000000000,0.984291580564,24.607289514,3.108623590,23.265075,185.625744,0.015708419436,0.015708419436,0.392710486,0.020000000000,4.000000000000,0.000000000000,1.000000000000,0.000000000000,0.000000000000,no,0.000000000000,0.000000000000,0.000000000,18.129134,13.042292,high_risk,yes,w0_high_risk,warning,yes,pass,no,below_tau_threshold;platform_too_narrow,no,1.000000000000,200,0.000000000000,0.000000000000,yes,COMPARISON_RELAXED
COMPARISON_RELAXED,36.720000000000,4.000000000000,795.000000,1.453371000000,547.004172,47.000000,50.000000,9,1,0.111111111111,0.116977778441,2.924444461,8.034845121,37.403233,39.803689,0.883022221559,0.116977778441,22.075555539,0.108932461874,4.080000000000,0.080000000000,1.020000000000,0.019607843137,0.002178649237,yes,0.002450980392,0.004913990365,0.122849759,18.298542,13.738599,high_risk,yes,w0_high_risk,warning,yes,pass,yes,pass,yes,1.020000000000,37,0.019607843137,0.002178649237,no,COMPARISON_RELAXED
COMPARISON_RELAXED,36.720000000000,4.000000000000,795.000000,1.453371000000,547.004172,47.000000,50.000000,9,2,0.222222222222,0.413175911167,10.329397779,12.310096913,46.296815,60.436200,0.586824088833,0.413175911167,14.670602221,0.108932461874,4.080000000000,0.080000000000,1.020000000000,0.019607843137,0.002178649237,yes,0.000980392157,0.003033378845,0.075834471,18.298542,13.738599,high_risk,yes,w0_high_risk,warning,yes,pass,yes,pass,yes,1.020000000000,37,0.019607843137,0.002178649237,no,COMPARISON_RELAXED
COMPARISON_RELAXED,36.720000000000,4.000000000000,795.000000,1.453371000000,547.004172,47.000000,50.000000,9,4,0.444444444444,0.969846310393,24.246157760,4.275251792,27.283572,157.119830,0.030153689607,0.030153689607,0.753842240,0.108932461874,4.080000000000,0.080000000000,1.020000000000,0.019607843137,0.002178649237,yes,0.001400560224,0.001494768934,0.037369223,18.298542,13.738599,high_risk,yes,w0_high_risk,warning,yes,pass,no,platform_too_narrow,no,1.020000000000,37,0.019607843137,0.002178649237,no,COMPARISON_RELAXED
COMPARISON_RELAXED,48.960000000000,4.000000000000,795.000000,1.453371000000,547.004172,47.000000,50.000000,12,1,0.083333333333,0.066987298108,1.674682453,6.250000000,32.988335,34.152037,0.933012701892,0.066987298108,23.325317547,0.081699346405,4.080000000000,0.080000000000,1.020000000000,0.019607843137,0.001633986928,yes,0.001782531194,0.002777316505,0.069432913,18.298542,13.575529,high_risk,no,w0_high_risk,hard_fail,no,short_cavity,yes,pass,no,1.020000000000,49,0.019607843137,0.001633986928,no,COMPARISON_RELAXED
COMPARISON_RELAXED,48.960000000000,4.000000000000,795.000000,1.453371000000,547.004172,47.000000,50.000000,12,5,0.416666666667,0.933012701892,23.325317547,6.250000000,32.988335,127.457138,0.066987298108,0.066987298108,1.674682453,0.081699346405,4.080000000000,0.080000000000,1.020000000000,0.019607843137,0.001633986928,yes,0.000560224090,0.000880444548,0.022011114,18.298542,13.575529,high_risk,yes,w0_high_risk,warning,yes,pass,no,platform_too_narrow,no,1.020000000000,49,0.019607843137,0.001633986928,no,COMPARISON_RELAXED
COMPARISON_RELAXED,122.400000000000,4.000000000000,795.000000,1.453371000000,547.004172,47.000000,50.000000,30,1,0.033333333333,0.010926199633,0.273154991,2.598896135,21.272319,21.389493,0.989073800367,0.010926199633,24.726845009,0.032679738562,4.080000000000,0.080000000000,1.020000000000,0.019607843137,0.000653594771,yes,0.000676132522,0.000437511761,0.010937794,18.298542,13.286162,high_risk,no,w0_high_risk,hard_fail,no,short_cavity,no,platform_too_narrow,no,1.020000000000,123,0.019607843137,0.000653594771,no,COMPARISON_RELAXED
COMPARISON_RELAXED,122.400000000000,4.000000000000,795.000000,1.453371000000,547.004172,47.000000,50.000000,30,7,0.233333333333,0.447735768366,11.193394209,12.431523692,46.524591,62.605012,0.552264231634,0.447735768366,13.806605791,0.032679738562,4.080000000000,0.080000000000,1.020000000000,0.019607843137,0.000653594771,yes,0.000088723272,0.000277204368,0.006930109,18.298542,13.286162,high_risk,yes,w0_high_risk,warning,yes,pass,no,platform_too_narrow,no,1.020000000000,123,0.019607843137,0.000653594771,no,COMPARISON_RELAXED
COMPARISON_RELAXED,122.400000000000,4.000000000000,795.000000,1.453371000000,547.004172,47.000000,50.000000,30,11,0.366666666667,0.834565303179,20.864132579,9.289310318,40.217227,98.877805,0.165434696821,0.165434696821,4.135867421,0.032679738562,4.080000000000,0.080000000000,1.020000000000,0.019607843137,0.000653594771,yes,0.000093817431,0.000219047144,0.005476179,18.298542,13.286162,high_risk,yes,w0_high_risk,warning,yes,pass,no,platform_too_narrow,no,1.020000000000,123,0.019607843137,0.000653594771,no,COMPARISON_RELAXED
COMPARISON_RELAXED,122.400000000000,4.000000000000,795.000000,1.453371000000,547.004172,47.000000,50.000000,30,13,0.433333333333,0.956772728821,23.919318221,5.084208038,29.753087,143.104447,0.043227271179,0.043227271179,1.080681779,0.032679738562,4.080000000000,0.080000000000,1.020000000000,0.019607843137,0.000653594771,yes,0.000121787846,0.000155691930,0.003892298,18.298542,13.286162,high_risk,yes,w0_high_risk,warning,yes,pass,no,platform_too_narrow,no,1.020000000000,123,0.019607843137,0.000653594771,no,COMPARISON_RELAXED
COMPARISON_RELAXED,204.000000000000,4.000000000000,795.000000,1.453371000000,547.004172,47.000000,50.000000,50,1,0.020000000000,0.003942649343,0.098566234,1.566665420,16.516138,16.548794,0.996057350657,0.003942649343,24.901433766,0.019607843137,4.080000000000,0.080000000000,1.020000000000,0.019607843137,0.000392156863,yes,0.000400160064,0.000156056034,0.003901401,18.298542,13.212551,high_risk,no,w0_high_risk,hard_fail,no,short_cavity,no,platform_too_narrow,no,1.020000000000,204,0.019607843137,0.000392156863,no,COMPARISON_RELAXED
COMPARISON_RELAXED,204.000000000000,4.000000000000,795.000000,1.453371000000,547.004172,47.000000,50.000000,50,3,0.060000000000,0.035111757056,0.877793926,4.601556909,28.305627,28.816038,0.964888242944,0.035111757056,24.122206074,0.019607843137,4.080000000000,0.080000000000,1.020000000000,0.019607843137,0.000392156863,yes,0.000034951592,0.000040417838,0.001010446,18.298542,13.212551,high_risk,no,w0_high_risk,hard_fail,no,short_cavity,no,platform_too_narrow,no,1.020000000000,204,0.019607843137,0.000392156863,no,COMPARISON_RELAXED
COMPARISON_RELAXED,204.000000000000,4.000000000000,795.000000,1.453371000000,547.004172,47.000000,50.000000,50,7,0.140000000000,0.181288005126,4.532200128,9.631415535,40.951088,45.258470,0.818711994874,0.181288005126,20.467799872,0.019607843137,4.080000000000,0.080000000000,1.020000000000,0.019607843137,0.000392156863,yes,0.000065142336,0.000157705281,0.003942632,18.298542,13.212551,high_risk,yes,w0_high_risk,warning,yes,pass,no,platform_too_narrow,no,1.020000000000,204,0.019607843137,0.000392156863,no,COMPARISON_RELAXED
COMPARISON_RELAXED,204.000000000000,4.000000000000,795.000000,1.453371000000,547.004172,47.000000,50.000000,50,9,0.180000000000,0.287110354217,7.177758855,11.310338156,44.377024,52.558992,0.712889645783,0.287110354217,17.822241145,0.019607843137,4.080000000000,0.080000000000,1.020000000000,0.019607843137,0.000392156863,yes,0.000045705928,0.000129928496,0.003248212,18.298542,13.212551,high_risk,yes,w0_high_risk,warning,yes,pass,no,platform_too_narrow,no,1.020000000000,204,0.019607843137,0.000392156863,no,COMPARISON_RELAXED
COMPARISON_RELAXED,204.000000000000,4.000000000000,795.000000,1.453371000000,547.004172,47.000000,50.000000,50,11,0.220000000000,0.406309342707,10.157733568,12.278590634,46.237532,60.008744,0.593690657293,0.406309342707,14.842266432,0.019607843137,4.080000000000,0.080000000000,1.020000000000,0.019607843137,0.000392156863,yes,0.000053137786,0.000163983701,0.004099593,18.298542,13.212551,high_risk,yes,w0_high_risk,warning,yes,pass,no,platform_too_narrow,no,1.020000000000,204,0.019607843137,0.000392156863,no,COMPARISON_RELAXED
COMPARISON_RELAXED,204.000000000000,4.000000000000,795.000000,1.453371000000,547.004172,47.000000,50.000000,50,13,0.260000000000,0.531395259765,13.284881494,12.475334105,46.606498,68.083698,0.468604740235,0.468604740235,11.715118506,0.019607843137,4.080000000000,0.080000000000,1.020000000000,0.019607843137,0.000392156863,yes,0.000031574627,0.000098998828,0.002474971,18.298542,13.212551,high_risk,yes,w0_high_risk,warning,yes,pass,no,platform_too_narrow,no,1.020000000000,204,0.019607843137,0.000392156863,no,COMPARISON_RELAXED
COMPARISON_RELAXED,204.000000000000,4.000000000000,795.000000,1.453371000000,547.004172,47.000000,50.000000,50,17,0.340000000000,0.767913397489,19.197834937,10.554099069,42.867777,88.982772,0.232086602511,0.232086602511,5.802165063,0.019607843137,4.080000000000,0.080000000000,1.020000000000,0.019607843137,0.000392156863,yes,0.000139062717,0.000368958601,0.009223965,18.298542,13.212551,high_risk,yes,w0_high_risk,warning,yes,pass,no,platform_too_narrow,no,1.020000000000,204,0.019607843137,0.000392156863,no,COMPARISON_RELAXED
COMPARISON_RELAXED,204.000000000000,4.000000000000,795.000000,1.453371000000,547.004172,47.000000,50.000000,50,19,0.380000000000,0.864484313711,21.612107843,8.556838824,38.599089,104.853341,0.135515686289,0.135515686289,3.387892157,0.019607843137,4.080000000000,0.080000000000,1.020000000000,0.019607843137,0.000392156863,yes,0.000032196787,0.000069240191,0.001731005,18.298542,13.212551,high_risk,yes,w0_high_risk,warning,yes,pass,no,platform_too_narrow,no,1.020000000000,204,0.019607843137,0.000392156863,no,COMPARISON_RELAXED
COMPARISON_RELAXED,204.000000000000,4.000000000000,795.000000,1.453371000000,547.004172,47.000000,50.000000,50,21,0.420000000000,0.938153340022,23.453833501,6.021920926,32.380825,130.205636,0.061846659978,0.061846659978,1.546166499,0.019607843137,4.080000000000,0.080000000000,1.020000000000,0.019607843137,0.000392156863,yes,0.000033290056,0.000050381328,0.001259533,18.298542,13.212551,high_risk,yes,w0_high_risk,warning,yes,pass,no,platform_too_narrow,no,1.020000000000,204,0.019607843137,0.000392156863,no,COMPARISON_RELAXED
COMPARISON_RELAXED,204.000000000000,4.000000000000,795.000000,1.453371000000,547.004172,47.000000,50.000000,50,23,0.460000000000,0.984291580564,24.607289514,3.108623590,23.265075,185.625744,0.015708419436,0.015708419436,0.392710486,0.019607843137,4.080000000000,0.080000000000,1.020000000000,0.019607843137,0.000392156863,yes,0.000040764747,0.000031841151,0.000796029,18.298542,13.212551,high_risk,yes,w0_high_risk,warning,yes,pass,no,platform_too_narrow,no,1.020000000000,204,0.019607843137,0.000392156863,no,COMPARISON_RELAXED
COMPARISON_RELAXED,37.800000000000,4.000000000000,795.000000,1.453371000000,547.004172,47.000000,50.000000,9,1,0.111111111111,0.116977778441,2.924444461,8.034845121,37.403233,39.803689,0.883022221559,0.116977778441,22.075555539,0.105820105820,4.200000000000,0.200000000000,1.050000000000,0.047619047619,0.005291005291,yes,0.005952380952,0.011809799232,0.295244981,18.546703,13.987643,high_risk,yes,w0_high_risk,warning,yes,pass,yes,pass,yes,1.050000000000,38,0.047619047619,0.005291005291,no,COMPARISON_RELAXED
COMPARISON_RELAXED,37.800000000000,4.000000000000,795.000000,1.453371000000,547.004172,47.000000,50.000000,9,2,0.222222222222,0.413175911167,10.329397779,12.310096913,46.296815,60.436200,0.586824088833,0.413175911167,14.670602221,0.105820105820,4.200000000000,0.200000000000,1.050000000000,0.047619047619,0.005291005291,yes,0.002380952381,0.007367353037,0.184183826,18.546703,13.987643,high_risk,yes,w0_high_risk,warning,yes,pass,yes,pass,yes,1.050000000000,38,0.047619047619,0.005291005291,no,COMPARISON_RELAXED
COMPARISON_RELAXED,37.800000000000,4.000000000000,795.000000,1.453371000000,547.004172,47.000000,50.000000,9,4,0.444444444444,0.969846310393,24.246157760,4.275251792,27.283572,157.119830,0.030153689607,0.030153689607,0.753842240,0.105820105820,4.200000000000,0.200000000000,1.050000000000,0.047619047619,0.005291005291,yes,0.003401360544,0.003594978620,0.089874465,18.546703,13.987643,high_risk,yes,w0_high_risk,warning,yes,pass,yes,pass,yes,1.050000000000,38,0.047619047619,0.005291005291,no,COMPARISON_RELAXED
COMPARISON_RELAXED,50.400000000000,4.000000000000,795.000000,1.453371000000,547.004172,47.000000,50.000000,12,1,0.083333333333,0.066987298108,1.674682453,6.250000000,32.988335,34.152037,0.933012701892,0.066987298108,23.325317547,0.079365079365,4.200000000000,0.200000000000,1.050000000000,0.047619047619,0.003968253968,yes,0.004329004329,0.006665862005,0.166646550,18.546703,13.824669,high_risk,no,w0_high_risk,hard_fail,no,short_cavity,yes,pass,no,1.050000000000,51,0.047619047619,0.003968253968,no,COMPARISON_RELAXED
COMPARISON_RELAXED,50.400000000000,4.000000000000,795.000000,1.453371000000,547.004172,47.000000,50.000000,12,5,0.416666666667,0.933012701892,23.325317547,6.250000000,32.988335,127.457138,0.066987298108,0.066987298108,1.674682453,0.079365079365,4.200000000000,0.200000000000,1.050000000000,0.047619047619,0.003968253968,yes,0.001360544218,0.002139767767,0.053494194,18.546703,13.824669,high_risk,yes,w0_high_risk,warning,yes,pass,yes,pass,yes,1.050000000000,51,0.047619047619,0.003968253968,no,COMPARISON_RELAXED
COMPARISON_RELAXED,126.000000000000,4.000000000000,795.000000,1.453371000000,547.004172,47.000000,50.000000,30,1,0.033333333333,0.010926199633,0.273154991,2.598896135,21.272319,21.389493,0.989073800367,0.010926199633,24.726845009,0.031746031746,4.200000000000,0.200000000000,1.050000000000,0.047619047619,0.001587301587,yes,0.001642036125,0.001048223647,0.026205591,18.546703,13.535468,high_risk,no,w0_high_risk,hard_fail,no,short_cavity,no,platform_too_narrow,no,1.050000000000,126,0.047619047619,0.001587301587,no,COMPARISON_RELAXED
COMPARISON_RELAXED,126.000000000000,4.000000000000,795.000000,1.453371000000,547.004172,47.000000,50.000000,30,7,0.233333333333,0.447735768366,11.193394209,12.431523692,46.524591,62.605012,0.552264231634,0.447735768366,13.806605791,0.031746031746,4.200000000000,0.200000000000,1.050000000000,0.047619047619,0.001587301587,yes,0.000215470804,0.000673206807,0.016830170,18.546703,13.535468,high_risk,yes,w0_high_risk,warning,yes,pass,no,platform_too_narrow,no,1.050000000000,126,0.047619047619,0.001587301587,no,COMPARISON_RELAXED
COMPARISON_RELAXED,126.000000000000,4.000000000000,795.000000,1.453371000000,547.004172,47.000000,50.000000,30,11,0.366666666667,0.834565303179,20.864132579,9.289310318,40.217227,98.877805,0.165434696821,0.165434696821,4.135867421,0.031746031746,4.200000000000,0.200000000000,1.050000000000,0.047619047619,0.001587301587,yes,0.000227842333,0.000532025366,0.013300634,18.546703,13.535468,high_risk,yes,w0_high_risk,warning,yes,pass,no,platform_too_narrow,no,1.050000000000,126,0.047619047619,0.001587301587,no,COMPARISON_RELAXED
COMPARISON_RELAXED,126.000000000000,4.000000000000,795.000000,1.453371000000,547.004172,47.000000,50.000000,30,13,0.433333333333,0.956772728821,23.919318221,5.084208038,29.753087,143.104447,0.043227271179,0.043227271179,1.080681779,0.031746031746,4.200000000000,0.200000000000,1.050000000000,0.047619047619,0.001587301587,yes,0.000295770482,0.000378356339,0.009458908,18.546703,13.535468,high_risk,yes,w0_high_risk,warning,yes,pass,no,platform_too_narrow,no,1.050000000000,126,0.047619047619,0.001587301587,no,COMPARISON_RELAXED
COMPARISON_RELAXED,210.000000000000,4.000000000000,795.000000,1.453371000000,547.004172,47.000000,50.000000,50,1,0.020000000000,0.003942649343,0.098566234,1.566665420,16.516138,16.548794,0.996057350657,0.003942649343,24.901433766,0.019047619048,4.200000000000,0.200000000000,1.050000000000,0.047619047619,0.000952380952,yes,0.000971817298,0.000373769196,0.009344230,18.546703,13.461899,high_risk,no,w0_high_risk,hard_fail,no,short_cavity,no,platform_too_narrow,no,1.050000000000,210,0.047619047619,0.000952380952,no,COMPARISON_RELAXED
COMPARISON_RELAXED,210.000000000000,4.000000000000,795.000000,1.453371000000,547.004172,47.000000,50.000000,50,3,0.060000000000,0.035111757056,0.877793926,4.601556909,28.305627,28.816038,0.964888242944,0.035111757056,24.122206074,0.019047619048,4.200000000000,0.200000000000,1.050000000000,0.047619047619,0.000952380952,yes,0.000084882438,0.000098145159,0.002453629,18.546703,13.461899,high_risk,no,w0_high_risk,hard_fail,no,short_cavity,no,platform_too_narrow,no,1.050000000000,210,0.047619047619,0.000952380952,no,COMPARISON_RELAXED
COMPARISON_RELAXED,210.000000000000,4.000000000000,795.000000,1.453371000000,547.004172,47.000000,50.000000,50,7,0.140000000000,0.181288005126,4.532200128,9.631415535,40.951088,45.258470,0.818711994874,0.181288005126,20.467799872,0.019047619048,4.200000000000,0.200000000000,1.050000000000,0.047619047619,0.000952380952,yes,0.000158202816,0.000383065193,0.009576630,18.546703,13.461899,high_risk,yes,w0_high_risk,warning,yes,pass,no,platform_too_narrow,no,1.050000000000,210,0.047619047619,0.000952380952,no,COMPARISON_RELAXED
COMPARISON_RELAXED,210.000000000000,4.000000000000,795.000000,1.453371000000,547.004172,47.000000,50.000000,50,9,0.180000000000,0.287110354217,7.177758855,11.310338156,44.377024,52.558992,0.712889645783,0.287110354217,17.822241145,0.019047619048,4.200000000000,0.200000000000,1.050000000000,0.047619047619,0.000952380952,yes,0.000111000111,0.000315557678,0.007888942,18.546703,13.461899,high_risk,yes,w0_high_risk,warning,yes,pass,no,platform_too_narrow,no,1.050000000000,210,0.047619047619,0.000952380952,no,COMPARISON_RELAXED
COMPARISON_RELAXED,210.000000000000,4.000000000000,795.000000,1.453371000000,547.004172,47.000000,50.000000,50,11,0.220000000000,0.406309342707,10.157733568,12.278590634,46.237532,60.008744,0.593690657293,0.406309342707,14.842266432,0.019047619048,4.200000000000,0.200000000000,1.050000000000,0.047619047619,0.000952380952,yes,0.000129048910,0.000398257706,0.009956443,18.546703,13.461899,high_risk,yes,w0_high_risk,warning,yes,pass,no,platform_too_narrow,no,1.050000000000,210,0.047619047619,0.000952380952,no,COMPARISON_RELAXED
COMPARISON_RELAXED,210.000000000000,4.000000000000,795.000000,1.453371000000,547.004172,47.000000,50.000000,50,13,0.260000000000,0.531395259765,13.284881494,12.475334105,46.606498,68.083698,0.468604740235,0.468604740235,11.715118506,0.019047619048,4.200000000000,0.200000000000,1.050000000000,0.047619047619,0.000952380952,yes,0.000076681236,0.000240425551,0.006010639,18.546703,13.461899,high_risk,yes,w0_high_risk,warning,yes,pass,no,platform_too_narrow,no,1.050000000000,210,0.047619047619,0.000952380952,no,COMPARISON_RELAXED
COMPARISON_RELAXED,210.000000000000,4.000000000000,795.000000,1.453371000000,547.004172,47.000000,50.000000,50,17,0.340000000000,0.767913397489,19.197834937,10.554099069,42.867777,88.982772,0.232086602511,0.232086602511,5.802165063,0.019047619048,4.200000000000,0.200000000000,1.050000000000,0.047619047619,0.000952380952,yes,0.000337723742,0.000896354086,0.022408852,18.546703,13.461899,high_risk,yes,w0_high_risk,warning,yes,pass,no,platform_too_narrow,no,1.050000000000,210,0.047619047619,0.000952380952,no,COMPARISON_RELAXED
COMPARISON_RELAXED,210.000000000000,4.000000000000,795.000000,1.453371000000,547.004172,47.000000,50.000000,50,19,0.380000000000,0.864484313711,21.612107843,8.556838824,38.599089,104.853341,0.135515686289,0.135515686289,3.387892157,0.019047619048,4.200000000000,0.200000000000,1.050000000000,0.047619047619,0.000952380952,yes,0.000078192196,0.000168150608,0.004203765,18.546703,13.461899,high_risk,yes,w0_high_risk,warning,yes,pass,no,platform_too_narrow,no,1.050000000000,210,0.047619047619,0.000952380952,no,COMPARISON_RELAXED
COMPARISON_RELAXED,210.000000000000,4.000000000000,795.000000,1.453371000000,547.004172,47.000000,50.000000,50,21,0.420000000000,0.938153340022,23.453833501,6.021920926,32.380825,130.205636,0.061846659978,0.061846659978,1.546166499,0.019047619048,4.200000000000,0.200000000000,1.050000000000,0.047619047619,0.000952380952,yes,0.000080847279,0.000122346671,0.003058667,18.546703,13.461899,high_risk,yes,w0_high_risk,warning,yes,pass,no,platform_too_narrow,no,1.050000000000,210,0.047619047619,0.000952380952,no,COMPARISON_RELAXED
COMPARISON_RELAXED,210.000000000000,4.000000000000,795.000000,1.453371000000,547.004172,47.000000,50.000000,50,23,0.460000000000,0.984291580564,24.607289514,3.108623590,23.265075,185.625744,0.015708419436,0.015708419436,0.392710486,0.019047619048,4.200000000000,0.200000000000,1.050000000000,0.047619047619,0.000952380952,yes,0.000099000099,0.000077302052,0.001932551,18.546703,13.461899,high_risk,yes,w0_high_risk,warning,yes,pass,no,platform_too_narrow,no,1.050000000000,210,0.047619047619,0.000952380952,no,COMPARISON_RELAXED
COMPARISON_RELAXED,39.600000000000,4.000000000000,795.000000,1.453371000000,547.004172,47.000000,50.000000,9,1,0.111111111111,0.116977778441,2.924444461,8.034845121,37.403233,39.803689,0.883022221559,0.116977778441,22.075555539,0.101010101010,4.400000000000,0.400000000000,1.100000000000,0.090909090909,0.010101010101,yes,0.011363636364,0.022174651848,0.554366296,18.945376,14.387629,high_risk,yes,w0_high_risk,warning,yes,pass,yes,pass,yes,1.100000000000,40,0.090909090909,0.010101010101,no,COMPARISON_RELAXED
COMPARISON_RELAXED,39.600000000000,4.000000000000,795.000000,1.453371000000,547.004172,47.000000,50.000000,9,2,0.222222222222,0.413175911167,10.329397779,12.310096913,46.296815,60.436200,0.586824088833,0.413175911167,14.670602221,0.101010101010,4.400000000000,0.400000000000,1.100000000000,0.090909090909,0.010101010101,yes,0.004545454545,0.014066460479,0.351661512,18.945376,14.387629,high_risk,yes,w0_high_risk,warning,yes,pass,yes,pass,yes,1.100000000000,40,0.090909090909,0.010101010101,no,COMPARISON_RELAXED
COMPARISON_RELAXED,39.600000000000,4.000000000000,795.000000,1.453371000000,547.004172,47.000000,50.000000,9,4,0.444444444444,0.969846310393,24.246157760,4.275251792,27.283572,157.119830,0.030153689607,0.030153689607,0.753842240,0.101010101010,4.400000000000,0.400000000000,1.100000000000,0.090909090909,0.010101010101,yes,0.006493506494,0.006759026430,0.168975661,18.945376,14.387629,high_risk,yes,w0_high_risk,warning,yes,pass,yes,pass,yes,1.100000000000,40,0.090909090909,0.010101010101,no,COMPARISON_RELAXED
COMPARISON_RELAXED,52.800000000000,4.000000000000,795.000000,1.453371000000,547.004172,47.000000,50.000000,12,1,0.083333333333,0.066987298108,1.674682453,6.250000000,32.988335,34.152037,0.933012701892,0.066987298108,23.325317547,0.075757575758,4.400000000000,0.400000000000,1.100000000000,0.090909090909,0.007575757576,yes,0.008264462810,0.012490888830,0.312272221,18.945376,14.224798,high_risk,no,w0_high_risk,hard_fail,no,short_cavity,yes,pass,no,1.100000000000,53,0.090909090909,0.007575757576,no,COMPARISON_RELAXED
COMPARISON_RELAXED,52.800000000000,4.000000000000,795.000000,1.453371000000,547.004172,47.000000,50.000000,12,5,0.416666666667,0.933012701892,23.325317547,6.250000000,32.988335,127.457138,0.066987298108,0.066987298108,1.674682453,0.075757575758,4.400000000000,0.400000000000,1.100000000000,0.090909090909,0.007575757576,yes,0.002597402597,0.004089552057,0.102238801,18.945376,14.224798,high_risk,yes,w0_high_risk,warning,yes,pass,yes,pass,yes,1.100000000000,53,0.090909090909,0.007575757576,no,COMPARISON_RELAXED
COMPARISON_RELAXED,132.000000000000,4.000000000000,795.000000,1.453371000000,547.004172,47.000000,50.000000,30,1,0.033333333333,0.010926199633,0.273154991,2.598896135,21.272319,21.389493,0.989073800367,0.010926199633,24.726845009,0.030303030303,4.400000000000,0.400000000000,1.100000000000,0.090909090909,0.003030303030,yes,0.003134796238,0.001958905899,0.048972647,18.945376,13.935846,high_risk,no,w0_high_risk,hard_fail,no,short_cavity,no,platform_too_narrow,no,1.100000000000,132,0.090909090909,0.003030303030,no,COMPARISON_RELAXED
COMPARISON_RELAXED,132.000000000000,4.000000000000,795.000000,1.453371000000,547.004172,47.000000,50.000000,30,7,0.233333333333,0.447735768366,11.193394209,12.431523692,46.524591,62.605012,0.552264231634,0.447735768366,13.806605791,0.030303030303,4.400000000000,0.400000000000,1.100000000000,0.090909090909,0.003030303030,yes,0.000411353353,0.001285201638,0.032130041,18.945376,13.935846,high_risk,yes,w0_high_risk,warning,yes,pass,no,platform_too_narrow,no,1.100000000000,132,0.090909090909,0.003030303030,no,COMPARISON_RELAXED
COMPARISON_RELAXED,132.000000000000,4.000000000000,795.000000,1.453371000000,547.004172,47.000000,50.000000,30,11,0.366666666667,0.834565303179,20.864132579,9.289310318,40.217227,98.877805,0.165434696821,0.165434696821,4.135867421,0.030303030303,4.400000000000,0.400000000000,1.100000000000,0.090909090909,0.003030303030,yes,0.000434971727,0.001015843177,0.025396079,18.945376,13.935846,high_risk,yes,w0_high_risk,warning,yes,pass,no,platform_too_narrow,no,1.100000000000,132,0.090909090909,0.003030303030,no,COMPARISON_RELAXED
COMPARISON_RELAXED,132.000000000000,4.000000000000,795.000000,1.453371000000,547.004172,47.000000,50.000000,30,13,0.433333333333,0.956772728821,23.919318221,5.084208038,29.753087,143.104447,0.043227271179,0.043227271179,1.080681779,0.030303030303,4.400000000000,0.400000000000,1.100000000000,0.090909090909,0.003030303030,yes,0.000564652739,0.000723046221,0.018076156,18.945376,13.935846,high_risk,yes,w0_high_risk,warning,yes,pass,no,platform_too_narrow,no,1.100000000000,132,0.090909090909,0.003030303030,no,COMPARISON_RELAXED
COMPARISON_RELAXED,220.000000000000,4.000000000000,795.000000,1.453371000000,547.004172,47.000000,50.000000,50,1,0.020000000000,0.003942649343,0.098566234,1.566665420,16.516138,16.548794,0.996057350657,0.003942649343,24.901433766,0.018181818182,4.400000000000,0.400000000000,1.100000000000,0.090909090909,0.001818181818,yes,0.001855287570,0.000698140739,0.017453518,18.945376,13.862338,high_risk,no,w0_high_risk,hard_fail,no,short_cavity,no,platform_too_narrow,no,1.100000000000,220,0.090909090909,0.001818181818,no,COMPARISON_RELAXED
COMPARISON_RELAXED,220.000000000000,4.000000000000,795.000000,1.453371000000,547.004172,47.000000,50.000000,50,3,0.060000000000,0.035111757056,0.877793926,4.601556909,28.305627,28.816038,0.964888242944,0.035111757056,24.122206074,0.018181818182,4.400000000000,0.400000000000,1.100000000000,0.090909090909,0.001818181818,yes,0.000162048290,0.000187331303,0.004683283,18.945376,13.862338,high_risk,no,w0_high_risk,hard_fail,no,short_cavity,no,platform_too_narrow,no,1.100000000000,220,0.090909090909,0.001818181818,no,COMPARISON_RELAXED
COMPARISON_RELAXED,220.000000000000,4.000000000000,795.000000,1.453371000000,547.004172,47.000000,50.000000,50,7,0.140000000000,0.181288005126,4.532200128,9.631415535,40.951088,45.258470,0.818711994874,0.181288005126,20.467799872,0.018181818182,4.400000000000,0.400000000000,1.100000000000,0.090909090909,0.001818181818,yes,0.000302023558,0.000731502828,0.018287571,18.945376,13.862338,high_risk,yes,w0_high_risk,warning,yes,pass,no,platform_too_narrow,no,1.100000000000,220,0.090909090909,0.001818181818,no,COMPARISON_RELAXED
COMPARISON_RELAXED,220.000000000000,4.000000000000,795.000000,1.453371000000,547.004172,47.000000,50.000000,50,9,0.180000000000,0.287110354217,7.177758855,11.310338156,44.377024,52.558992,0.712889645783,0.287110354217,17.822241145,0.018181818182,4.400000000000,0.400000000000,1.100000000000,0.090909090909,0.001818181818,yes,0.000211909303,0.000602478553,0.015061964,18.945376,13.862338,high_risk,yes,w0_high_risk,warning,yes,pass,no,platform_too_narrow,no,1.100000000000,220,0.090909090909,0.001818181818,no,COMPARISON_RELAXED
COMPARISON_RELAXED,220.000000000000,4.000000000000,795.000000,1.453371000000,547.004172,47.000000,50.000000,50,11,0.220000000000,0.406309342707,10.157733568,12.278590634,46.237532,60.008744,0.593690657293,0.406309342707,14.842266432,0.018181818182,4.400000000000,0.400000000000,1.100000000000,0.090909090909,0.001818181818,yes,0.000246366100,0.000760344253,0.019008606,18.945376,13.862338,high_risk,yes,w0_high_risk,warning,yes,pass,no,platform_too_narrow,no,1.100000000000,220,0.090909090909,0.001818181818,no,COMPARISON_RELAXED
COMPARISON_RELAXED,220.000000000000,4.000000000000,795.000000,1.453371000000,547.004172,47.000000,50.000000,50,13,0.260000000000,0.531395259765,13.284881494,12.475334105,46.606498,68.083698,0.468604740235,0.468604740235,11.715118506,0.018181818182,4.400000000000,0.400000000000,1.100000000000,0.090909090909,0.001818181818,yes,0.000146391451,0.000458993715,0.011474843,18.945376,13.862338,high_risk,yes,w0_high_risk,warning,yes,pass,no,platform_too_narrow,no,1.100000000000,220,0.090909090909,0.001818181818,no,COMPARISON_RELAXED
COMPARISON_RELAXED,220.000000000000,4.000000000000,795.000000,1.453371000000,547.004172,47.000000,50.000000,50,17,0.340000000000,0.767913397489,19.197834937,10.554099069,42.867777,88.982772,0.232086602511,0.232086602511,5.802165063,0.018181818182,4.400000000000,0.400000000000,1.100000000000,0.090909090909,0.001818181818,yes,0.000644745326,0.001712139837,0.042803496,18.945376,13.862338,high_risk,yes,w0_high_risk,warning,yes,pass,no,platform_too_narrow,no,1.100000000000,220,0.090909090909,0.001818181818,no,COMPARISON_RELAXED
COMPARISON_RELAXED,220.000000000000,4.000000000000,795.000000,1.453371000000,547.004172,47.000000,50.000000,50,19,0.380000000000,0.864484313711,21.612107843,8.556838824,38.599089,104.853341,0.135515686289,0.135515686289,3.387892157,0.018181818182,4.400000000000,0.400000000000,1.100000000000,0.090909090909,0.001818181818,yes,0.000149276011,0.000321002573,0.008025064,18.945376,13.862338,high_risk,yes,w0_high_risk,warning,yes,pass,no,platform_too_narrow,no,1.100000000000,220,0.090909090909,0.001818181818,no,COMPARISON_RELAXED
COMPARISON_RELAXED,220.000000000000,4.000000000000,795.000000,1.453371000000,547.004172,47.000000,50.000000,50,21,0.420000000000,0.938153340022,23.453833501,6.021920926,32.380825,130.205636,0.061846659978,0.061846659978,1.546166499,0.018181818182,4.400000000000,0.400000000000,1.100000000000,0.090909090909,0.001818181818,yes,0.000154344806,0.000233547362,0.005838684,18.945376,13.862338,high_risk,yes,w0_high_risk,warning,yes,pass,no,platform_too_narrow,no,1.100000000000,220,0.090909090909,0.001818181818,no,COMPARISON_RELAXED
COMPARISON_RELAXED,220.000000000000,4.000000000000,795.000000,1.453371000000,547.004172,47.000000,50.000000,50,23,0.460000000000,0.984291580564,24.607289514,3.108623590,23.265075,185.625744,0.015708419436,0.015708419436,0.392710486,0.018181818182,4.400000000000,0.400000000000,1.100000000000,0.090909090909,0.001818181818,yes,0.000189000189,0.000147498583,0.003687465,18.945376,13.862338,high_risk,yes,w0_high_risk,warning,yes,pass,no,platform_too_narrow,no,1.100000000000,220,0.090909090909,0.001818181818,no,COMPARISON_RELAXED
COMPARISON_RELAXED,41.400000000000,4.000000000000,795.000000,1.453371000000,547.004172,47.000000,50.000000,9,1,0.111111111111,0.116977778441,2.924444461,8.034845121,37.403233,39.803689,0.883022221559,0.116977778441,22.075555539,0.096618357488,4.600000000000,0.600000000000,1.150000000000,0.130434782609,0.014492753623,yes,0.016304347826,0.031322004899,0.783050122,19.326767,14.770167,high_risk,yes,w0_high_risk,warning,yes,pass,yes,pass,yes,1.150000000000,42,0.130434782609,0.014492753623,no,COMPARISON_RELAXED
COMPARISON_RELAXED,41.400000000000,4.000000000000,795.000000,1.453371000000,547.004172,47.000000,50.000000,9,2,0.222222222222,0.413175911167,10.329397779,12.310096913,46.296815,60.436200,0.586824088833,0.413175911167,14.670602221,0.096618357488,4.600000000000,0.600000000000,1.150000000000,0.130434782609,0.014492753623,yes,0.006521739130,0.020184014053,0.504600351,19.326767,14.770167,high_risk,yes,w0_high_risk,warning,yes,pass,yes,pass,yes,1.150000000000,42,0.130434782609,0.014492753623,no,COMPARISON_RELAXED
COMPARISON_RELAXED,41.400000000000,4.000000000000,795.000000,1.453371000000,547.004172,47.000000,50.000000,9,4,0.444444444444,0.969846310393,24.246157760,4.275251792,27.283572,157.119830,0.030153689607,0.030153689607,0.753842240,0.096618357488,4.600000000000,0.600000000000,1.150000000000,0.130434782609,0.014492753623,yes,0.009316770186,0.009560845174,0.239021129,19.326767,14.770167,high_risk,yes,w0_high_risk,warning,yes,pass,yes,pass,yes,1.150000000000,42,0.130434782609,0.014492753623,no,COMPARISON_RELAXED
COMPARISON_RELAXED,55.200000000000,4.000000000000,795.000000,1.453371000000,547.004172,47.000000,50.000000,12,1,0.083333333333,0.066987298108,1.674682453,6.250000000,32.988335,34.152037,0.933012701892,0.066987298108,23.325317547,0.072463768116,4.600000000000,0.600000000000,1.150000000000,0.130434782609,0.010869565217,yes,0.011857707510,0.017611656901,0.440291423,19.326767,14.607461,high_risk,no,w0_high_risk,hard_fail,no,short_cavity,yes,pass,no,1.150000000000,56,0.130434782609,0.010869565217,no,COMPARISON_RELAXED
COMPARISON_RELAXED,55.200000000000,4.000000000000,795.000000,1.453371000000,547.004172,47.000000,50.000000,12,5,0.416666666667,0.933012701892,23.325317547,6.250000000,32.988335,127.457138,0.066987298108,0.066987298108,1.674682453,0.072463768116,4.600000000000,0.600000000000,1.150000000000,0.130434782609,0.010869565217,yes,0.003726708075,0.005873538730,0.146838468,19.326767,14.607461,high_risk,yes,w0_high_risk,warning,yes,pass,yes,pass,yes,1.150000000000,56,0.130434782609,0.010869565217,no,COMPARISON_RELAXED
COMPARISON_RELAXED,138.000000000000,4.000000000000,795.000000,1.453371000000,547.004172,47.000000,50.000000,30,1,0.033333333333,0.010926199633,0.273154991,2.598896135,21.272319,21.389493,0.989073800367,0.010926199633,24.726845009,0.028985507246,4.600000000000,0.600000000000,1.150000000000,0.130434782609,0.004347826087,yes,0.004497751124,0.002755194544,0.068879864,19.326767,14.318725,high_risk,no,w0_high_risk,hard_fail,no,short_cavity,yes,pass,no,1.150000000000,138,0.130434782609,0.004347826087,no,COMPARISON_RELAXED
COMPARISON_RELAXED,138.000000000000,4.000000000000,795.000000,1.453371000000,547.004172,47.000000,50.000000,30,7,0.233333333333,0.447735768366,11.193394209,12.431523692,46.524591,62.605012,0.552264231634,0.447735768366,13.806605791,0.028985507246,4.600000000000,0.600000000000,1.150000000000,0.130434782609,0.004347826087,yes,0.000590202636,0.001843969866,0.046099247,19.326767,14.318725,high_risk,yes,w0_high_risk,warning,yes,pass,no,platform_too_narrow,no,1.150000000000,138,0.130434782609,0.004347826087,no,COMPARISON_RELAXED
COMPARISON_RELAXED,138.000000000000,4.000000000000,795.000000,1.453371000000,547.004172,47.000000,50.000000,30,11,0.366666666667,0.834565303179,20.864132579,9.289310318,40.217227,98.877805,0.165434696821,0.165434696821,4.135867421,0.028985507246,4.600000000000,0.600000000000,1.150000000000,0.130434782609,0.004347826087,yes,0.000624089869,0.001457721395,0.036443035,19.326767,14.318725,high_risk,yes,w0_high_risk,warning,yes,pass,no,platform_too_narrow,no,1.150000000000,138,0.130434782609,0.004347826087,no,COMPARISON_RELAXED
COMPARISON_RELAXED,138.000000000000,4.000000000000,795.000000,1.453371000000,547.004172,47.000000,50.000000,30,13,0.433333333333,0.956772728821,23.919318221,5.084208038,29.753087,143.104447,0.043227271179,0.043227271179,1.080681779,0.028985507246,4.600000000000,0.600000000000,1.150000000000,0.130434782609,0.004347826087,yes,0.000810153929,0.001038369498,0.025959237,19.326767,14.318725,high_risk,yes,w0_high_risk,warning,yes,pass,no,platform_too_narrow,no,1.150000000000,138,0.130434782609,0.004347826087,no,COMPARISON_RELAXED
COMPARISON_RELAXED,230.000000000000,4.000000000000,795.000000,1.453371000000,547.004172,47.000000,50.000000,50,1,0.020000000000,0.003942649343,0.098566234,1.566665420,16.516138,16.548794,0.996057350657,0.003942649343,24.901433766,0.017391304348,4.600000000000,0.600000000000,1.150000000000,0.130434782609,0.002608695652,yes,0.002661934339,0.000981473230,0.024536831,19.326767,14.245271,high_risk,no,w0_high_risk,hard_fail,no,short_cavity,no,platform_too_narrow,no,1.150000000000,230,0.130434782609,0.002608695652,no,COMPARISON_RELAXED
COMPARISON_RELAXED,230.000000000000,4.000000000000,795.000000,1.453371000000,547.004172,47.000000,50.000000,50,3,0.060000000000,0.035111757056,0.877793926,4.601556909,28.305627,28.816038,0.964888242944,0.035111757056,24.122206074,0.017391304348,4.600000000000,0.600000000000,1.150000000000,0.130434782609,0.002608695652,yes,0.000232504069,0.000268731576,0.006718289,19.326767,14.245271,high_risk,no,w0_high_risk,hard_fail,no,short_cavity,no,platform_too_narrow,no,1.150000000000,230,0.130434782609,0.002608695652,no,COMPARISON_RELAXED
COMPARISON_RELAXED,230.000000000000,4.000000000000,795.000000,1.453371000000,547.004172,47.000000,50.000000,50,7,0.140000000000,0.181288005126,4.532200128,9.631415535,40.951088,45.258470,0.818711994874,0.181288005126,20.467799872,0.017391304348,4.600000000000,0.600000000000,1.150000000000,0.130434782609,0.002608695652,yes,0.000433338148,0.001049804861,0.026245122,19.326767,14.245271,high_risk,yes,w0_high_risk,warning,yes,pass,no,platform_too_narrow,no,1.150000000000,230,0.130434782609,0.002608695652,no,COMPARISON_RELAXED
COMPARISON_RELAXED,230.000000000000,4.000000000000,795.000000,1.453371000000,547.004172,47.000000,50.000000,50,9,0.180000000000,0.287110354217,7.177758855,11.310338156,44.377024,52.558992,0.712889645783,0.287110354217,17.822241145,0.017391304348,4.600000000000,0.600000000000,1.150000000000,0.130434782609,0.002608695652,yes,0.000304043782,0.000864491541,0.021612289,19.326767,14.245271,high_risk,yes,w0_high_risk,warning,yes,pass,no,platform_too_narrow,no,1.150000000000,230,0.130434782609,0.002608695652,no,COMPARISON_RELAXED
COMPARISON_RELAXED,230.000000000000,4.000000000000,795.000000,1.453371000000,547.004172,47.000000,50.000000,50,11,0.220000000000,0.406309342707,10.157733568,12.278590634,46.237532,60.008744,0.593690657293,0.406309342707,14.842266432,0.017391304348,4.600000000000,0.600000000000,1.150000000000,0.130434782609,0.002608695652,yes,0.000353481796,0.001090973269,0.027274332,19.326767,14.245271,high_risk,yes,w0_high_risk,warning,yes,pass,no,platform_too_narrow,no,1.150000000000,230,0.130434782609,0.002608695652,no,COMPARISON_RELAXED
COMPARISON_RELAXED,230.000000000000,4.000000000000,795.000000,1.453371000000,547.004172,47.000000,50.000000,50,13,0.260000000000,0.531395259765,13.284881494,12.475334105,46.606498,68.083698,0.468604740235,0.468604740235,11.715118506,0.017391304348,4.600000000000,0.600000000000,1.150000000000,0.130434782609,0.002608695652,yes,0.000210039908,0.000658555512,0.016463888,19.326767,14.245271,high_risk,yes,w0_high_risk,warning,yes,pass,no,platform_too_narrow,no,1.150000000000,230,0.130434782609,0.002608695652,no,COMPARISON_RELAXED
COMPARISON_RELAXED,230.000000000000,4.000000000000,795.000000,1.453371000000,547.004172,47.000000,50.000000,50,17,0.340000000000,0.767913397489,19.197834937,10.554099069,42.867777,88.982772,0.232086602511,0.232086602511,5.802165063,0.017391304348,4.600000000000,0.600000000000,1.150000000000,0.130434782609,0.002608695652,yes,0.000925069380,0.002457749369,0.061443734,19.326767,14.245271,high_risk,yes,w0_high_risk,warning,yes,pass,yes,pass,yes,1.150000000000,230,0.130434782609,0.002608695652,no,COMPARISON_RELAXED
COMPARISON_RELAXED,230.000000000000,4.000000000000,795.000000,1.453371000000,547.004172,47.000000,50.000000,50,19,0.380000000000,0.864484313711,21.612107843,8.556838824,38.599089,104.853341,0.135515686289,0.135515686289,3.387892157,0.017391304348,4.600000000000,0.600000000000,1.150000000000,0.130434782609,0.002608695652,yes,0.000214178625,0.000460552888,0.011513822,19.326767,14.245271,high_risk,yes,w0_high_risk,warning,yes,pass,no,platform_too_narrow,no,1.150000000000,230,0.130434782609,0.002608695652,no,COMPARISON_RELAXED
COMPARISON_RELAXED,230.000000000000,4.000000000000,795.000000,1.453371000000,547.004172,47.000000,50.000000,50,21,0.420000000000,0.938153340022,23.453833501,6.021920926,32.380825,130.205636,0.061846659978,0.061846659978,1.546166499,0.017391304348,4.600000000000,0.600000000000,1.150000000000,0.130434782609,0.002608695652,yes,0.000221451244,0.000335058830,0.008376471,19.326767,14.245271,high_risk,yes,w0_high_risk,warning,yes,pass,no,platform_too_narrow,no,1.150000000000,230,0.130434782609,0.002608695652,no,COMPARISON_RELAXED
COMPARISON_RELAXED,230.000000000000,4.000000000000,795.000000,1.453371000000,547.004172,47.000000,50.000000,50,23,0.460000000000,0.984291580564,24.607289514,3.108623590,23.265075,185.625744,0.015708419436,0.015708419436,0.392710486,0.017391304348,4.600000000000,0.600000000000,1.150000000000,0.130434782609,0.002608695652,yes,0.000271174184,0.000211526130,0.005288153,19.326767,14.245271,high_risk,yes,w0_high_risk,warning,yes,pass,no,platform_too_narrow,no,1.150000000000,230,0.130434782609,0.002608695652,no,COMPARISON_RELAXED
COMPARISON_RELAXED,43.200000000000,4.000000000000,795.000000,1.453371000000,547.004172,47.000000,50.000000,9,1,0.111111111111,0.116977778441,2.924444461,8.034845121,37.403233,39.803689,0.883022221559,0.116977778441,22.075555539,0.092592592593,4.800000000000,0.800000000000,1.200000000000,0.166666666667,0.018518518519,yes,0.020833333333,0.039436514273,0.985912857,19.692295,15.136703,high_risk,yes,w0_high_risk,warning,yes,pass,yes,pass,yes,1.200000000000,44,0.166666666667,0.018518518519,no,COMPARISON_RELAXED
COMPARISON_RELAXED,43.200000000000,4.000000000000,795.000000,1.453371000000,547.004172,47.000000,50.000000,9,2,0.222222222222,0.413175911167,10.329397779,12.310096913,46.296815,60.436200,0.586824088833,0.413175911167,14.670602221,0.092592592593,4.800000000000,0.800000000000,1.200000000000,0.166666666667,0.018518518519,yes,0.008333333333,0.025792375113,0.644809378,19.692295,15.136703,high_risk,yes,w0_high_risk,warning,yes,pass,yes,pass,yes,1.200000000000,44,0.166666666667,0.018518518519,no,COMPARISON_RELAXED
COMPARISON_RELAXED,43.200000000000,4.000000000000,795.000000,1.453371000000,547.004172,47.000000,50.000000,9,4,0.444444444444,0.969846310393,24.246157760,4.275251792,27.283572,157.119830,0.030153689607,0.030153689607,0.753842240,0.092592592593,4.800000000000,0.800000000000,1.200000000000,0.166666666667,0.018518518519,yes,0.011904761905,0.012055782698,0.301394567,19.692295,15.136703,high_risk,yes,w0_high_risk,warning,yes,pass,yes,pass,yes,1.200000000000,44,0.166666666667,0.018518518519,no,COMPARISON_RELAXED
COMPARISON_RELAXED,57.600000000000,4.000000000000,795.000000,1.453371000000,547.004172,47.000000,50.000000,12,1,0.083333333333,0.066987298108,1.674682453,6.250000000,32.988335,34.152037,0.933012701892,0.066987298108,23.325317547,0.069444444444,4.800000000000,0.800000000000,1.200000000000,0.166666666667,0.013888888889,yes,0.015151515152,0.022138125811,0.553453145,19.692295,14.974106,high_risk,no,w0_high_risk,hard_fail,no,short_cavity,yes,pass,no,1.200000000000,58,0.166666666667,0.013888888889,no,COMPARISON_RELAXED
COMPARISON_RELAXED,57.600000000000,4.000000000000,795.000000,1.453371000000,547.004172,47.000000,50.000000,12,5,0.416666666667,0.933012701892,23.325317547,6.250000000,32.988335,127.457138,0.066987298108,0.066987298108,1.674682453,0.069444444444,4.800000000000,0.800000000000,1.200000000000,0.166666666667,0.013888888889,yes,0.004761904762,0.007511981847,0.187799546,19.692295,14.974106,high_risk,yes,w0_high_risk,warning,yes,pass,yes,pass,yes,1.200000000000,58,0.166666666667,0.013888888889,no,COMPARISON_RELAXED
COMPARISON_RELAXED,144.000000000000,4.000000000000,795.000000,1.453371000000,547.004172,47.000000,50.000000,30,1,0.033333333333,0.010926199633,0.273154991,2.598896135,21.272319,21.389493,0.989073800367,0.010926199633,24.726845009,0.027777777778,4.800000000000,0.800000000000,1.200000000000,0.166666666667,0.005555555556,yes,0.005747126437,0.003455559491,0.086388987,19.692295,14.685561,high_risk,no,w0_high_risk,hard_fail,no,short_cavity,yes,pass,no,1.200000000000,144,0.166666666667,0.005555555556,no,COMPARISON_RELAXED
COMPARISON_RELAXED,144.000000000000,4.000000000000,795.000000,1.453371000000,547.004172,47.000000,50.000000,30,7,0.233333333333,0.447735768366,11.193394209,12.431523692,46.524591,62.605012,0.552264231634,0.447735768366,13.806605791,0.027777777778,4.800000000000,0.800000000000,1.200000000000,0.166666666667,0.005555555556,yes,0.000754147813,0.002356165811,0.058904145,19.692295,14.685561,high_risk,yes,w0_high_risk,warning,yes,pass,yes,pass,yes,1.200000000000,144,0.166666666667,0.005555555556,no,COMPARISON_RELAXED
COMPARISON_RELAXED,144.000000000000,4.000000000000,795.000000,1.453371000000,547.004172,47.000000,50.000000,30,11,0.366666666667,0.834565303179,20.864132579,9.289310318,40.217227,98.877805,0.165434696821,0.165434696821,4.135867421,0.027777777778,4.800000000000,0.800000000000,1.200000000000,0.166666666667,0.005555555556,yes,0.000797448166,0.001862886547,0.046572164,19.692295,14.685561,high_risk,yes,w0_high_risk,warning,yes,pass,no,platform_too_narrow,no,1.200000000000,144,0.166666666667,0.005555555556,no,COMPARISON_RELAXED
COMPARISON_RELAXED,144.000000000000,4.000000000000,795.000000,1.453371000000,547.004172,47.000000,50.000000,30,13,0.433333333333,0.956772728821,23.919318221,5.084208038,29.753087,143.104447,0.043227271179,0.043227271179,1.080681779,0.027777777778,4.800000000000,0.800000000000,1.200000000000,0.166666666667,0.005555555556,yes,0.001035196687,0.001327924043,0.033198101,19.692295,14.685561,high_risk,yes,w0_high_risk,warning,yes,pass,no,platform_too_narrow,no,1.200000000000,144,0.166666666667,0.005555555556,no,COMPARISON_RELAXED
COMPARISON_RELAXED,240.000000000000,4.000000000000,795.000000,1.453371000000,547.004172,47.000000,50.000000,50,1,0.020000000000,0.003942649343,0.098566234,1.566665420,16.516138,16.548794,0.996057350657,0.003942649343,24.901433766,0.016666666667,4.800000000000,0.800000000000,1.200000000000,0.166666666667,0.003333333333,yes,0.003401360544,0.001230427779,0.030760694,19.692295,14.612154,high_risk,no,w0_high_risk,hard_fail,no,short_cavity,no,platform_too_narrow,no,1.200000000000,240,0.166666666667,0.003333333333,no,COMPARISON_RELAXED
COMPARISON_RELAXED,240.000000000000,4.000000000000,795.000000,1.453371000000,547.004172,47.000000,50.000000,50,3,0.060000000000,0.035111757056,0.877793926,4.601556909,28.305627,28.816038,0.964888242944,0.035111757056,24.122206074,0.016666666667,4.800000000000,0.800000000000,1.200000000000,0.166666666667,0.003333333333,yes,0.000297088532,0.000343322868,0.008583072,19.692295,14.612154,high_risk,no,w0_high_risk,hard_fail,no,short_cavity,no,platform_too_narrow,no,1.200000000000,240,0.166666666667,0.003333333333,no,COMPARISON_RELAXED
COMPARISON_RELAXED,240.000000000000,4.000000000000,795.000000,1.453371000000,547.004172,47.000000,50.000000,50,7,0.140000000000,0.181288005126,4.532200128,9.631415535,40.951088,45.258470,0.818711994874,0.181288005126,20.467799872,0.016666666667,4.800000000000,0.800000000000,1.200000000000,0.166666666667,0.003333333333,yes,0.000553709856,0.001341718555,0.033542964,19.692295,14.612154,high_risk,yes,w0_high_risk,warning,yes,pass,no,platform_too_narrow,no,1.200000000000,240,0.166666666667,0.003333333333,no,COMPARISON_RELAXED
COMPARISON_RELAXED,240.000000000000,4.000000000000,795.000000,1.453371000000,547.004172,47.000000,50.000000,50,9,0.180000000000,0.287110354217,7.177758855,11.310338156,44.377024,52.558992,0.712889645783,0.287110354217,17.822241145,0.016666666667,4.800000000000,0.800000000000,1.200000000000,0.166666666667,0.003333333333,yes,0.000388500389,0.001104705089,0.027617627,19.692295,14.612154,high_risk,yes,w0_high_risk,warning,yes,pass,no,platform_too_narrow,no,1.200000000000,240,0.166666666667,0.003333333333,no,COMPARISON_RELAXED
COMPARISON_RELAXED,240.000000000000,4.000000000000,795.000000,1.453371000000,547.004172,47.000000,50.000000,50,11,0.220000000000,0.406309342707,10.157733568,12.278590634,46.237532,60.008744,0.593690657293,0.406309342707,14.842266432,0.016666666667,4.800000000000,0.800000000000,1.200000000000,0.166666666667,0.003333333333,yes,0.000451671183,0.001394073488,0.034851837,19.692295,14.612154,high_risk,yes,w0_high_risk,warning,yes,pass,no,platform_too_narrow,no,1.200000000000,240,0.166666666667,0.003333333333,no,COMPARISON_RELAXED
COMPARISON_RELAXED,240.000000000000,4.000000000000,795.000000,1.453371000000,547.004172,47.000000,50.000000,50,13,0.260000000000,0.531395259765,13.284881494,12.475334105,46.606498,68.083698,0.468604740235,0.468604740235,11.715118506,0.016666666667,4.800000000000,0.800000000000,1.200000000000,0.166666666667,0.003333333333,yes,0.000268384326,0.000841486783,0.021037170,19.692295,14.612154,high_risk,yes,w0_high_risk,warning,yes,pass,no,platform_too_narrow,no,1.200000000000,240,0.166666666667,0.003333333333,no,COMPARISON_RELAXED
COMPARISON_RELAXED,240.000000000000,4.000000000000,795.000000,1.453371000000,547.004172,47.000000,50.000000,50,17,0.340000000000,0.767913397489,19.197834937,10.554099069,42.867777,88.982772,0.232086602511,0.232086602511,5.802165063,0.016666666667,4.800000000000,0.800000000000,1.200000000000,0.166666666667,0.003333333333,yes,0.001182033097,0.003141861774,0.078546544,19.692295,14.612154,high_risk,yes,w0_high_risk,warning,yes,pass,yes,pass,yes,1.200000000000,240,0.166666666667,0.003333333333,no,COMPARISON_RELAXED
COMPARISON_RELAXED,240.000000000000,4.000000000000,795.000000,1.453371000000,547.004172,47.000000,50.000000,50,19,0.380000000000,0.864484313711,21.612107843,8.556838824,38.599089,104.853341,0.135515686289,0.135515686289,3.387892157,0.016666666667,4.800000000000,0.800000000000,1.200000000000,0.166666666667,0.003333333333,yes,0.000273672687,0.000588465473,0.014711637,19.692295,14.612154,high_risk,yes,w0_high_risk,warning,yes,pass,no,platform_too_narrow,no,1.200000000000,240,0.166666666667,0.003333333333,no,COMPARISON_RELAXED
COMPARISON_RELAXED,240.000000000000,4.000000000000,795.000000,1.453371000000,547.004172,47.000000,50.000000,50,21,0.420000000000,0.938153340022,23.453833501,6.021920926,32.380825,130.205636,0.061846659978,0.061846659978,1.546166499,0.016666666667,4.800000000000,0.800000000000,1.200000000000,0.166666666667,0.003333333333,yes,0.000282965478,0.000428094571,0.010702364,19.692295,14.612154,high_risk,yes,w0_high_risk,warning,yes,pass,no,platform_too_narrow,no,1.200000000000,240,0.166666666667,0.003333333333,no,COMPARISON_RELAXED
COMPARISON_RELAXED,240.000000000000,4.000000000000,795.000000,1.453371000000,547.004172,47.000000,50.000000,50,23,0.460000000000,0.984291580564,24.607289514,3.108623590,23.265075,185.625744,0.015708419436,0.015708419436,0.392710486,0.016666666667,4.800000000000,0.800000000000,1.200000000000,0.166666666667,0.003333333333,yes,0.000346500347,0.000270163589,0.006754090,19.692295,14.612154,high_risk,yes,w0_high_risk,warning,yes,pass,no,platform_too_narrow,no,1.200000000000,240,0.166666666667,0.003333333333,no,COMPARISON_RELAXED
COMPARISON_RELAXED,46.800000000000,4.000000000000,795.000000,1.453371000000,547.004172,47.000000,50.000000,9,1,0.111111111111,0.116977778441,2.924444461,8.034845121,37.403233,39.803689,0.883022221559,0.116977778441,22.075555539,0.085470085470,5.200000000000,1.200000000000,1.300000000000,0.230769230769,0.025641025641,yes,0.028846153846,0.053144744694,1.328618617,20.380635,15.826722,high_risk,yes,w0_high_risk,warning,yes,pass,yes,pass,yes,1.300000000000,47,0.230769230769,0.025641025641,no,COMPARISON_RELAXED
COMPARISON_RELAXED,46.800000000000,4.000000000000,795.000000,1.453371000000,547.004172,47.000000,50.000000,9,2,0.222222222222,0.413175911167,10.329397779,12.310096913,46.296815,60.436200,0.586824088833,0.413175911167,14.670602221,0.085470085470,5.200000000000,1.200000000000,1.300000000000,0.230769230769,0.025641025641,yes,0.011538461538,0.035715680110,0.892892003,20.380635,15.826722,high_risk,yes,w0_high_risk,warning,yes,pass,yes,pass,yes,1.300000000000,47,0.230769230769,0.025641025641,no,COMPARISON_RELAXED
COMPARISON_RELAXED,46.800000000000,4.000000000000,795.000000,1.453371000000,547.004172,47.000000,50.000000,9,4,0.444444444444,0.969846310393,24.246157760,4.275251792,27.283572,157.119830,0.030153689607,0.030153689607,0.753842240,0.085470085470,5.200000000000,1.200000000000,1.300000000000,0.230769230769,0.025641025641,yes,0.016483516484,0.016296967361,0.407424184,20.380635,15.826722,high_risk,yes,w0_high_risk,warning,yes,pass,yes,pass,yes,1.300000000000,47,0.230769230769,0.025641025641,no,COMPARISON_RELAXED
COMPARISON_RELAXED,62.400000000000,4.000000000000,795.000000,1.453371000000,547.004172,47.000000,50.000000,12,1,0.083333333333,0.066987298108,1.674682453,6.250000000,32.988335,34.152037,0.933012701892,0.066987298108,23.325317547,0.064102564103,5.200000000000,1.200000000000,1.300000000000,0.230769230769,0.019230769231,yes,0.020979020979,0.029749235792,0.743730895,20.380635,15.664307,high_risk,no,w0_high_risk,hard_fail,no,short_cavity,yes,pass,no,1.300000000000,63,0.230769230769,0.019230769231,no,COMPARISON_RELAXED
COMPARISON_RELAXED,62.400000000000,4.000000000000,795.000000,1.453371000000,547.004172,47.000000,50.000000,12,5,0.416666666667,0.933012701892,23.325317547,6.250000000,32.988335,127.457138,0.066987298108,0.066987298108,1.674682453,0.064102564103,5.200000000000,1.200000000000,1.300000000000,0.230769230769,0.019230769231,yes,0.006593406593,0.010418021665,0.260450542,20.380635,15.664307,high_risk,yes,w0_high_risk,warning,yes,pass,yes,pass,yes,1.300000000000,63,0.230769230769,0.019230769231,no,COMPARISON_RELAXED
COMPARISON_RELAXED,156.000000000000,4.000000000000,795.000000,1.453371000000,547.004172,47.000000,50.000000,30,1,0.033333333333,0.010926199633,0.273154991,2.598896135,21.272319,21.389493,0.989073800367,0.010926199633,24.726845009,0.025641025641,5.200000000000,1.200000000000,1.300000000000,0.230769230769,0.007692307692,yes,0.007957559682,0.004625265769,0.115631644,20.380635,15.376080,high_risk,no,w0_high_risk,hard_fail,no,short_cavity,yes,pass,no,1.300000000000,156,0.230769230769,0.007692307692,no,COMPARISON_RELAXED
COMPARISON_RELAXED,156.000000000000,4.000000000000,795.000000,1.453371000000,547.004172,47.000000,50.000000,30,7,0.233333333333,0.447735768366,11.193394209,12.431523692,46.524591,62.605012,0.552264231634,0.447735768366,13.806605791,0.025641025641,5.200000000000,1.200000000000,1.300000000000,0.230769230769,0.007692307692,yes,0.001044204664,0.003262338820,0.081558471,20.380635,15.376080,high_risk,yes,w0_high_risk,warning,yes,pass,yes,pass,yes,1.300000000000,156,0.230769230769,0.007692307692,no,COMPARISON_RELAXED
COMPARISON_RELAXED,156.000000000000,4.000000000000,795.000000,1.453371000000,547.004172,47.000000,50.000000,30,11,0.366666666667,0.834565303179,20.864132579,9.289310318,40.217227,98.877805,0.165434696821,0.165434696821,4.135867421,0.025641025641,5.200000000000,1.200000000000,1.300000000000,0.230769230769,0.007692307692,yes,0.001104158999,0.002579974773,0.064499369,20.380635,15.376080,high_risk,yes,w0_high_risk,warning,yes,pass,yes,pass,yes,1.300000000000,156,0.230769230769,0.007692307692,no,COMPARISON_RELAXED
COMPARISON_RELAXED,156.000000000000,4.000000000000,795.000000,1.453371000000,547.004172,47.000000,50.000000,30,13,0.433333333333,0.956772728821,23.919318221,5.084208038,29.753087,143.104447,0.043227271179,0.043227271179,1.080681779,0.025641025641,5.200000000000,1.200000000000,1.300000000000,0.230769230769,0.007692307692,yes,0.001433349259,0.001841402836,0.046035071,20.380635,15.376080,high_risk,yes,w0_high_risk,warning,yes,pass,no,platform_too_narrow,no,1.300000000000,156,0.230769230769,0.007692307692,no,COMPARISON_RELAXED
COMPARISON_RELAXED,260.000000000000,4.000000000000,795.000000,1.453371000000,547.004172,47.000000,50.000000,50,1,0.020000000000,0.003942649343,0.098566234,1.566665420,16.516138,16.548794,0.996057350657,0.003942649343,24.901433766,0.015384615385,5.200000000000,1.200000000000,1.300000000000,0.230769230769,0.004615384615,yes,0.004709576138,0.001645641105,0.041141028,20.380635,15.302752,high_risk,no,w0_high_risk,hard_fail,no,short_cavity,no,platform_too_narrow,no,1.300000000000,260,0.230769230769,0.004615384615,no,COMPARISON_RELAXED
COMPARISON_RELAXED,260.000000000000,4.000000000000,795.000000,1.453371000000,547.004172,47.000000,50.000000,50,3,0.060000000000,0.035111757056,0.877793926,4.601556909,28.305627,28.816038,0.964888242944,0.035111757056,24.122206074,0.015384615385,5.200000000000,1.200000000000,1.300000000000,0.230769230769,0.004615384615,yes,0.000411353353,0.000475232018,0.011880800,20.380635,15.302752,high_risk,no,w0_high_risk,hard_fail,no,short_cavity,no,platform_too_narrow,no,1.300000000000,260,0.230769230769,0.004615384615,no,COMPARISON_RELAXED
COMPARISON_RELAXED,260.000000000000,4.000000000000,795.000000,1.453371000000,547.004172,47.000000,50.000000,50,7,0.140000000000,0.181288005126,4.532200128,9.631415535,40.951088,45.258470,0.818711994874,0.181288005126,20.467799872,0.015384615385,5.200000000000,1.200000000000,1.300000000000,0.230769230769,0.004615384615,yes,0.000766675185,0.001858501530,0.046462538,20.380635,15.302752,high_risk,yes,w0_high_risk,warning,yes,pass,no,platform_too_narrow,no,1.300000000000,260,0.230769230769,0.004615384615,no,COMPARISON_RELAXED
COMPARISON_RELAXED,260.000000000000,4.000000000000,795.000000,1.453371000000,547.004172,47.000000,50.000000,50,9,0.180000000000,0.287110354217,7.177758855,11.310338156,44.377024,52.558992,0.712889645783,0.287110354217,17.822241145,0.015384615385,5.200000000000,1.200000000000,1.300000000000,0.230769230769,0.004615384615,yes,0.000537923615,0.001529780137,0.038244503,20.380635,15.302752,high_risk,yes,w0_high_risk,warning,yes,pass,no,platform_too_narrow,no,1.300000000000,260,0.230769230769,0.004615384615,no,COMPARISON_RELAXED
COMPARISON_RELAXED,260.000000000000,4.000000000000,795.000000,1.453371000000,547.004172,47.000000,50.000000,50,11,0.220000000000,0.406309342707,10.157733568,12.278590634,46.237532,60.008744,0.593690657293,0.406309342707,14.842266432,0.015384615385,5.200000000000,1.200000000000,1.300000000000,0.230769230769,0.004615384615,yes,0.000625390869,0.001930382864,0.048259572,20.380635,15.302752,high_risk,yes,w0_high_risk,warning,yes,pass,no,platform_too_narrow,no,1.300000000000,260,0.230769230769,0.004615384615,no,COMPARISON_RELAXED
COMPARISON_RELAXED,260.000000000000,4.000000000000,795.000000,1.453371000000,547.004172,47.000000,50.000000,50,13,0.260000000000,0.531395259765,13.284881494,12.475334105,46.606498,68.083698,0.468604740235,0.468604740235,11.715118506,0.015384615385,5.200000000000,1.200000000000,1.300000000000,0.230769230769,0.004615384615,yes,0.000371609067,0.001165133515,0.029128338,20.380635,15.302752,high_risk,yes,w0_high_risk,warning,yes,pass,no,platform_too_narrow,no,1.300000000000,260,0.230769230769,0.004615384615,no,COMPARISON_RELAXED
COMPARISON_RELAXED,260.000000000000,4.000000000000,795.000000,1.453371000000,547.004172,47.000000,50.000000,50,17,0.340000000000,0.767913397489,19.197834937,10.554099069,42.867777,88.982772,0.232086602511,0.232086602511,5.802165063,0.015384615385,5.200000000000,1.200000000000,1.300000000000,0.230769230769,0.004615384615,yes,0.001636661211,0.004353702434,0.108842561,20.380635,15.302752,high_risk,yes,w0_high_risk,warning,yes,pass,yes,pass,yes,1.300000000000,260,0.230769230769,0.004615384615,no,COMPARISON_RELAXED
COMPARISON_RELAXED,260.000000000000,4.000000000000,795.000000,1.453371000000,547.004172,47.000000,50.000000,50,19,0.380000000000,0.864484313711,21.612107843,8.556838824,38.599089,104.853341,0.135515686289,0.135515686289,3.387892157,0.015384615385,5.200000000000,1.200000000000,1.300000000000,0.230769230769,0.004615384615,yes,0.000378931413,0.000814752334,0.020368808,20.380635,15.302752,high_risk,yes,w0_high_risk,warning,yes,pass,no,platform_too_narrow,no,1.300000000000,260,0.230769230769,0.004615384615,no,COMPARISON_RELAXED
COMPARISON_RELAXED,260.000000000000,4.000000000000,795.000000,1.453371000000,547.004172,47.000000,50.000000,50,21,0.420000000000,0.938153340022,23.453833501,6.021920926,32.380825,130.205636,0.061846659978,0.061846659978,1.546166499,0.015384615385,5.200000000000,1.200000000000,1.300000000000,0.230769230769,0.004615384615,yes,0.000391798354,0.000592657736,0.014816443,20.380635,15.302752,high_risk,yes,w0_high_risk,warning,yes,pass,no,platform_too_narrow,no,1.300000000000,260,0.230769230769,0.004615384615,no,COMPARISON_RELAXED
COMPARISON_RELAXED,260.000000000000,4.000000000000,795.000000,1.453371000000,547.004172,47.000000,50.000000,50,23,0.460000000000,0.984291580564,24.607289514,3.108623590,23.265075,185.625744,0.015708419436,0.015708419436,0.392710486,0.015384615385,5.200000000000,1.200000000000,1.300000000000,0.230769230769,0.004615384615,yes,0.000479769711,0.000373779161,0.009344479,20.380635,15.302752,high_risk,yes,w0_high_risk,warning,yes,pass,no,platform_too_narrow,no,1.300000000000,260,0.230769230769,0.004615384615,no,COMPARISON_RELAXED
COMPARISON_RELAXED,45.000000000000,5.000000000000,795.000000,1.453371000000,547.004172,47.000000,50.000000,9,1,0.111111111111,0.116977778441,2.924444461,8.034845121,37.403233,39.803689,0.883022221559,0.116977778441,22.075555539,0.111111111111,5.000000000000,0.000000000000,1.000000000000,0.000000000000,0.000000000000,no,0.000000000000,0.000000000000,0.000000000,20.043214,15.488511,high_risk,yes,w0_high_risk,warning,yes,pass,no,below_tau_threshold;platform_too_narrow,no,1.000000000000,45,0.000000000000,0.000000000000,yes,COMPARISON_RELAXED
COMPARISON_RELAXED,45.000000000000,5.000000000000,795.000000,1.453371000000,547.004172,47.000000,50.000000,9,2,0.222222222222,0.413175911167,10.329397779,12.310096913,46.296815,60.436200,0.586824088833,0.413175911167,14.670602221,0.111111111111,5.000000000000,0.000000000000,1.000000000000,0.000000000000,0.000000000000,no,0.000000000000,0.000000000000,0.000000000,20.043214,15.488511,high_risk,yes,w0_high_risk,warning,yes,pass,no,below_tau_threshold;platform_too_narrow,no,1.000000000000,45,0.000000000000,0.000000000000,yes,COMPARISON_RELAXED
COMPARISON_RELAXED,45.000000000000,5.000000000000,795.000000,1.453371000000,547.004172,47.000000,50.000000,9,4,0.444444444444,0.969846310393,24.246157760,4.275251792,27.283572,157.119830,0.030153689607,0.030153689607,0.753842240,0.111111111111,5.000000000000,0.000000000000,1.000000000000,0.000000000000,0.000000000000,no,0.000000000000,0.000000000000,0.000000000,20.043214,15.488511,high_risk,yes,w0_high_risk,warning,yes,pass,no,below_tau_threshold;platform_too_narrow,no,1.000000000000,45,0.000000000000,0.000000000000,yes,COMPARISON_RELAXED
COMPARISON_RELAXED,60.000000000000,5.000000000000,795.000000,1.453371000000,547.004172,47.000000,50.000000,12,1,0.083333333333,0.066987298108,1.674682453,6.250000000,32.988335,34.152037,0.933012701892,0.066987298108,23.325317547,0.083333333333,5.000000000000,0.000000000000,1.000000000000,0.000000000000,0.000000000000,no,0.000000000000,0.000000000000,0.000000000,20.043214,15.326011,high_risk,no,w0_high_risk,hard_fail,no,short_cavity,no,below_tau_threshold;platform_too_narrow,no,1.000000000000,60,0.000000000000,0.000000000000,yes,COMPARISON_RELAXED
COMPARISON_RELAXED,60.000000000000,5.000000000000,795.000000,1.453371000000,547.004172,47.000000,50.000000,12,5,0.416666666667,0.933012701892,23.325317547,6.250000000,32.988335,127.457138,0.066987298108,0.066987298108,1.674682453,0.083333333333,5.000000000000,0.000000000000,1.000000000000,0.000000000000,0.000000000000,no,0.000000000000,0.000000000000,0.000000000,20.043214,15.326011,high_risk,yes,w0_high_risk,warning,yes,pass,no,below_tau_threshold;platform_too_narrow,no,1.000000000000,60,0.000000000000,0.000000000000,yes,COMPARISON_RELAXED
COMPARISON_RELAXED,150.000000000000,5.000000000000,795.000000,1.453371000000,547.004172,47.000000,50.000000,30,1,0.033333333333,0.010926199633,0.273154991,2.598896135,21.272319,21.389493,0.989073800367,0.010926199633,24.726845009,0.033333333333,5.000000000000,0.000000000000,1.000000000000,0.000000000000,0.000000000000,no,0.000000000000,0.000000000000,0.000000000,20.043214,15.037634,high_risk,no,w0_high_risk,hard_fail,no,short_cavity,no,below_tau_threshold;platform_too_narrow,no,1.000000000000,150,0.000000000000,0.000000000000,yes,COMPARISON_RELAXED
COMPARISON_RELAXED,150.000000000000,5.000000000000,795.000000,1.453371000000,547.004172,47.000000,50.000000,30,7,0.233333333333,0.447735768366,11.193394209,12.431523692,46.524591,62.605012,0.552264231634,0.447735768366,13.806605791,0.033333333333,5.000000000000,0.000000000000,1.000000000000,0.000000000000,0.000000000000,no,0.000000000000,0.000000000000,0.000000000,20.043214,15.037634,high_risk,yes,w0_high_risk,warning,yes,pass,no,below_tau_threshold;platform_too_narrow,no,1.000000000000,150,0.000000000000,0.000000000000,yes,COMPARISON_RELAXED
COMPARISON_RELAXED,150.000000000000,5.000000000000,795.000000,1.453371000000,547.004172,47.000000,50.000000,30,11,0.366666666667,0.834565303179,20.864132579,9.289310318,40.217227,98.877805,0.165434696821,0.165434696821,4.135867421,0.033333333333,5.000000000000,0.000000000000,1.000000000000,0.000000000000,0.000000000000,no,0.000000000000,0.000000000000,0.000000000,20.043214,15.037634,high_risk,yes,w0_high_risk,warning,yes,pass,no,below_tau_threshold;platform_too_narrow,no,1.000000000000,150,0.000000000000,0.000000000000,yes,COMPARISON_RELAXED
COMPARISON_RELAXED,150.000000000000,5.000000000000,795.000000,1.453371000000,547.004172,47.000000,50.000000,30,13,0.433333333333,0.956772728821,23.919318221,5.084208038,29.753087,143.104447,0.043227271179,0.043227271179,1.080681779,0.033333333333,5.000000000000,0.000000000000,1.000000000000,0.000000000000,0.000000000000,no,0.000000000000,0.000000000000,0.000000000,20.043214,15.037634,high_risk,yes,w0_high_risk,warning,yes,pass,no,below_tau_threshold;platform_too_narrow,no,1.000000000000,150,0.000000000000,0.000000000000,yes,COMPARISON_RELAXED
COMPARISON_RELAXED,250.000000000000,5.000000000000,795.000000,1.453371000000,547.004172,47.000000,50.000000,50,1,0.020000000000,0.003942649343,0.098566234,1.566665420,16.516138,16.548794,0.996057350657,0.003942649343,24.901433766,0.020000000000,5.000000000000,0.000000000000,1.000000000000,0.000000000000,0.000000000000,no,0.000000000000,0.000000000000,0.000000000,20.043214,14.964269,high_risk,no,w0_high_risk,hard_fail,no,short_cavity,no,below_tau_threshold;platform_too_narrow,no,1.000000000000,250,0.000000000000,0.000000000000,yes,COMPARISON_RELAXED
COMPARISON_RELAXED,250.000000000000,5.000000000000,795.000000,1.453371000000,547.004172,47.000000,50.000000,50,3,0.060000000000,0.035111757056,0.877793926,4.601556909,28.305627,28.816038,0.964888242944,0.035111757056,24.122206074,0.020000000000,5.000000000000,0.000000000000,1.000000000000,0.000000000000,0.000000000000,no,0.000000000000,0.000000000000,0.000000000,20.043214,14.964269,high_risk,no,w0_high_risk,hard_fail,no,short_cavity,no,below_tau_threshold;platform_too_narrow,no,1.000000000000,250,0.000000000000,0.000000000000,yes,COMPARISON_RELAXED
COMPARISON_RELAXED,250.000000000000,5.000000000000,795.000000,1.453371000000,547.004172,47.000000,50.000000,50,7,0.140000000000,0.181288005126,4.532200128,9.631415535,40.951088,45.258470,0.818711994874,0.181288005126,20.467799872,0.020000000000,5.000000000000,0.000000000000,1.000000000000,0.000000000000,0.000000000000,no,0.000000000000,0.000000000000,0.000000000,20.043214,14.964269,high_risk,yes,w0_high_risk,warning,yes,pass,no,below_tau_threshold;platform_too_narrow,no,1.000000000000,250,0.000000000000,0.000000000000,yes,COMPARISON_RELAXED
COMPARISON_RELAXED,250.000000000000,5.000000000000,795.000000,1.453371000000,547.004172,47.000000,50.000000,50,9,0.180000000000,0.287110354217,7.177758855,11.310338156,44.377024,52.558992,0.712889645783,0.287110354217,17.822241145,0.020000000000,5.000000000000,0.000000000000,1.000000000000,0.000000000000,0.000000000000,no,0.000000000000,0.000000000000,0.000000000,20.043214,14.964269,high_risk,yes,w0_high_risk,warning,yes,pass,no,below_tau_threshold;platform_too_narrow,no,1.000000000000,250,0.000000000000,0.000000000000,yes,COMPARISON_RELAXED
COMPARISON_RELAXED,250.000000000000,5.000000000000,795.000000,1.453371000000,547.004172,47.000000,50.000000,50,11,0.220000000000,0.406309342707,10.157733568,12.278590634,46.237532,60.008744,0.593690657293,0.406309342707,14.842266432,0.020000000000,5.000000000000,0.000000000000,1.000000000000,0.000000000000,0.000000000000,no,0.000000000000,0.000000000000,0.000000000,20.043214,14.964269,high_risk,yes,w0_high_risk,warning,yes,pass,no,below_tau_threshold;platform_too_narrow,no,1.000000000000,250,0.000000000000,0.000000000000,yes,COMPARISON_RELAXED
COMPARISON_RELAXED,250.000000000000,5.000000000000,795.000000,1.453371000000,547.004172,47.000000,50.000000,50,13,0.260000000000,0.531395259765,13.284881494,12.475334105,46.606498,68.083698,0.468604740235,0.468604740235,11.715118506,0.020000000000,5.000000000000,0.000000000000,1.000000000000,0.000000000000,0.000000000000,no,0.000000000000,0.000000000000,0.000000000,20.043214,14.964269,high_risk,yes,w0_high_risk,warning,yes,pass,no,below_tau_threshold;platform_too_narrow,no,1.000000000000,250,0.000000000000,0.000000000000,yes,COMPARISON_RELAXED
COMPARISON_RELAXED,250.000000000000,5.000000000000,795.000000,1.453371000000,547.004172,47.000000,50.000000,50,17,0.340000000000,0.767913397489,19.197834937,10.554099069,42.867777,88.982772,0.232086602511,0.232086602511,5.802165063,0.020000000000,5.000000000000,0.000000000000,1.000000000000,0.000000000000,0.000000000000,no,0.000000000000,0.000000000000,0.000000000,20.043214,14.964269,high_risk,yes,w0_high_risk,warning,yes,pass,no,below_tau_threshold;platform_too_narrow,no,1.000000000000,250,0.000000000000,0.000000000000,yes,COMPARISON_RELAXED
COMPARISON_RELAXED,250.000000000000,5.000000000000,795.000000,1.453371000000,547.004172,47.000000,50.000000,50,19,0.380000000000,0.864484313711,21.612107843,8.556838824,38.599089,104.853341,0.135515686289,0.135515686289,3.387892157,0.020000000000,5.000000000000,0.000000000000,1.000000000000,0.000000000000,0.000000000000,no,0.000000000000,0.000000000000,0.000000000,20.043214,14.964269,high_risk,yes,w0_high_risk,warning,yes,pass,no,below_tau_threshold;platform_too_narrow,no,1.000000000000,250,0.000000000000,0.000000000000,yes,COMPARISON_RELAXED
COMPARISON_RELAXED,250.000000000000,5.000000000000,795.000000,1.453371000000,547.004172,47.000000,50.000000,50,21,0.420000000000,0.938153340022,23.453833501,6.021920926,32.380825,130.205636,0.061846659978,0.061846659978,1.546166499,0.020000000000,5.000000000000,0.000000000000,1.000000000000,0.000000000000,0.000000000000,no,0.000000000000,0.000000000000,0.000000000,20.043214,14.964269,high_risk,yes,w0_high_risk,warning,yes,pass,no,below_tau_threshold;platform_too_narrow,no,1.000000000000,250,0.000000000000,0.000000000000,yes,COMPARISON_RELAXED
COMPARISON_RELAXED,250.000000000000,5.000000000000,795.000000,1.453371000000,547.004172,47.000000,50.000000,50,23,0.460000000000,0.984291580564,24.607289514,3.108623590,23.265075,185.625744,0.015708419436,0.015708419436,0.392710486,0.020000000000,5.000000000000,0.000000000000,1.000000000000,0.000000000000,0.000000000000,no,0.000000000000,0.000000000000,0.000000000,20.043214,14.964269,high_risk,yes,w0_high_risk,warning,yes,pass,no,below_tau_threshold;platform_too_narrow,no,1.000000000000,250,0.000000000000,0.000000000000,yes,COMPARISON_RELAXED
COMPARISON_RELAXED,45.900000000000,5.000000000000,795.000000,1.453371000000,547.004172,47.000000,50.000000,9,1,0.111111111111,0.116977778441,2.924444461,8.034845121,37.403233,39.803689,0.883022221559,0.116977778441,22.075555539,0.108932461874,5.100000000000,0.100000000000,1.020000000000,0.019607843137,0.002178649237,yes,0.002450980392,0.004913990365,0.122849759,20.213547,15.659251,high_risk,yes,w0_high_risk,warning,yes,pass,yes,pass,yes,1.020000000000,46,0.019607843137,0.002178649237,no,COMPARISON_RELAXED
COMPARISON_RELAXED,45.900000000000,5.000000000000,795.000000,1.453371000000,547.004172,47.000000,50.000000,9,2,0.222222222222,0.413175911167,10.329397779,12.310096913,46.296815,60.436200,0.586824088833,0.413175911167,14.670602221,0.108932461874,5.100000000000,0.100000000000,1.020000000000,0.019607843137,0.002178649237,yes,0.000980392157,0.003033378845,0.075834471,20.213547,15.659251,high_risk,yes,w0_high_risk,warning,yes,pass,yes,pass,yes,1.020000000000,46,0.019607843137,0.002178649237,no,COMPARISON_RELAXED
COMPARISON_RELAXED,45.900000000000,5.000000000000,795.000000,1.453371000000,547.004172,47.000000,50.000000,9,4,0.444444444444,0.969846310393,24.246157760,4.275251792,27.283572,157.119830,0.030153689607,0.030153689607,0.753842240,0.108932461874,5.100000000000,0.100000000000,1.020000000000,0.019607843137,0.002178649237,yes,0.001400560224,0.001494768934,0.037369223,20.213547,15.659251,high_risk,yes,w0_high_risk,warning,yes,pass,no,platform_too_narrow,no,1.020000000000,46,0.019607843137,0.002178649237,no,COMPARISON_RELAXED
COMPARISON_RELAXED,61.200000000000,5.000000000000,795.000000,1.453371000000,547.004172,47.000000,50.000000,12,1,0.083333333333,0.066987298108,1.674682453,6.250000000,32.988335,34.152037,0.933012701892,0.066987298108,23.325317547,0.081699346405,5.100000000000,0.100000000000,1.020000000000,0.019607843137,0.001633986928,yes,0.001782531194,0.002777316505,0.069432913,20.213547,15.496794,high_risk,no,w0_high_risk,hard_fail,no,short_cavity,yes,pass,no,1.020000000000,62,0.019607843137,0.001633986928,no,COMPARISON_RELAXED
COMPARISON_RELAXED,61.200000000000,5.000000000000,795.000000,1.453371000000,547.004172,47.000000,50.000000,12,5,0.416666666667,0.933012701892,23.325317547,6.250000000,32.988335,127.457138,0.066987298108,0.066987298108,1.674682453,0.081699346405,5.100000000000,0.100000000000,1.020000000000,0.019607843137,0.001633986928,yes,0.000560224090,0.000880444548,0.022011114,20.213547,15.496794,high_risk,yes,w0_high_risk,warning,yes,pass,no,platform_too_narrow,no,1.020000000000,62,0.019607843137,0.001633986928,no,COMPARISON_RELAXED
COMPARISON_RELAXED,153.000000000000,5.000000000000,795.000000,1.453371000000,547.004172,47.000000,50.000000,30,1,0.033333333333,0.010926199633,0.273154991,2.598896135,21.272319,21.389493,0.989073800367,0.010926199633,24.726845009,0.032679738562,5.100000000000,0.100000000000,1.020000000000,0.019607843137,0.000653594771,yes,0.000676132522,0.000437511761,0.010937794,20.213547,15.208494,high_risk,no,w0_high_risk,hard_fail,no,short_cavity,no,platform_too_narrow,no,1.020000000000,153,0.019607843137,0.000653594771,no,COMPARISON_RELAXED
COMPARISON_RELAXED,153.000000000000,5.000000000000,795.000000,1.453371000000,547.004172,47.000000,50.000000,30,7,0.233333333333,0.447735768366,11.193394209,12.431523692,46.524591,62.605012,0.552264231634,0.447735768366,13.806605791,0.032679738562,5.100000000000,0.100000000000,1.020000000000,0.019607843137,0.000653594771,yes,0.000088723272,0.000277204368,0.006930109,20.213547,15.208494,high_risk,yes,w0_high_risk,warning,yes,pass,no,platform_too_narrow,no,1.020000000000,153,0.019607843137,0.000653594771,no,COMPARISON_RELAXED
COMPARISON_RELAXED,153.000000000000,5.000000000000,795.000000,1.453371000000,547.004172,47.000000,50.000000,30,11,0.366666666667,0.834565303179,20.864132579,9.289310318,40.217227,98.877805,0.165434696821,0.165434696821,4.135867421,0.032679738562,5.100000000000,0.100000000000,1.020000000000,0.019607843137,0.000653594771,yes,0.000093817431,0.000219047144,0.005476179,20.213547,15.208494,high_risk,yes,w0_high_risk,warning,yes,pass,no,platform_too_narrow,no,1.020000000000,153,0.019607843137,0.000653594771,no,COMPARISON_RELAXED
COMPARISON_RELAXED,153.000000000000,5.000000000000,795.000000,1.453371000000,547.004172,47.000000,50.000000,30,13,0.433333333333,0.956772728821,23.919318221,5.084208038,29.753087,143.104447,0.043227271179,0.043227271179,1.080681779,0.032679738562,5.100000000000,0.100000000000,1.020000000000,0.019607843137,0.000653594771,yes,0.000121787846,0.000155691930,0.003892298,20.213547,15.208494,high_risk,yes,w0_high_risk,warning,yes,pass,no,platform_too_narrow,no,1.020000000000,153,0.019607843137,0.000653594771,no,COMPARISON_RELAXED
COMPARISON_RELAXED,255.000000000000,5.000000000000,795.000000,1.453371000000,547.004172,47.000000,50.000000,50,1,0.020000000000,0.003942649343,0.098566234,1.566665420,16.516138,16.548794,0.996057350657,0.003942649343,24.901433766,0.019607843137,5.100000000000,0.100000000000,1.020000000000,0.019607843137,0.000392156863,yes,0.000400160064,0.000156056034,0.003901401,20.213547,15.135148,high_risk,no,w0_high_risk,hard_fail,no,short_cavity,no,platform_too_narrow,no,1.020000000000,255,0.019607843137,0.000392156863,no,COMPARISON_RELAXED
COMPARISON_RELAXED,255.000000000000,5.000000000000,795.000000,1.453371000000,547.004172,47.000000,50.000000,50,3,0.060000000000,0.035111757056,0.877793926,4.601556909,28.305627,28.816038,0.964888242944,0.035111757056,24.122206074,0.019607843137,5.100000000000,0.100000000000,1.020000000000,0.019607843137,0.000392156863,yes,0.000034951592,0.000040417838,0.001010446,20.213547,15.135148,high_risk,no,w0_high_risk,hard_fail,no,short_cavity,no,platform_too_narrow,no,1.020000000000,255,0.019607843137,0.000392156863,no,COMPARISON_RELAXED
COMPARISON_RELAXED,255.000000000000,5.000000000000,795.000000,1.453371000000,547.004172,47.000000,50.000000,50,7,0.140000000000,0.181288005126,4.532200128,9.631415535,40.951088,45.258470,0.818711994874,0.181288005126,20.467799872,0.019607843137,5.100000000000,0.100000000000,1.020000000000,0.019607843137,0.000392156863,yes,0.000065142336,0.000157705281,0.003942632,20.213547,15.135148,high_risk,yes,w0_high_risk,warning,yes,pass,no,platform_too_narrow,no,1.020000000000,255,0.019607843137,0.000392156863,no,COMPARISON_RELAXED
COMPARISON_RELAXED,255.000000000000,5.000000000000,795.000000,1.453371000000,547.004172,47.000000,50.000000,50,9,0.180000000000,0.287110354217,7.177758855,11.310338156,44.377024,52.558992,0.712889645783,0.287110354217,17.822241145,0.019607843137,5.100000000000,0.100000000000,1.020000000000,0.019607843137,0.000392156863,yes,0.000045705928,0.000129928496,0.003248212,20.213547,15.135148,high_risk,yes,w0_high_risk,warning,yes,pass,no,platform_too_narrow,no,1.020000000000,255,0.019607843137,0.000392156863,no,COMPARISON_RELAXED
COMPARISON_RELAXED,255.000000000000,5.000000000000,795.000000,1.453371000000,547.004172,47.000000,50.000000,50,11,0.220000000000,0.406309342707,10.157733568,12.278590634,46.237532,60.008744,0.593690657293,0.406309342707,14.842266432,0.019607843137,5.100000000000,0.100000000000,1.020000000000,0.019607843137,0.000392156863,yes,0.000053137786,0.000163983701,0.004099593,20.213547,15.135148,high_risk,yes,w0_high_risk,warning,yes,pass,no,platform_too_narrow,no,1.020000000000,255,0.019607843137,0.000392156863,no,COMPARISON_RELAXED
COMPARISON_RELAXED,255.000000000000,5.000000000000,795.000000,1.453371000000,547.004172,47.000000,50.000000,50,13,0.260000000000,0.531395259765,13.284881494,12.475334105,46.606498,68.083698,0.468604740235,0.468604740235,11.715118506,0.019607843137,5.100000000000,0.100000000000,1.020000000000,0.019607843137,0.000392156863,yes,0.000031574627,0.000098998828,0.002474971,20.213547,15.135148,high_risk,yes,w0_high_risk,warning,yes,pass,no,platform_too_narrow,no,1.020000000000,255,0.019607843137,0.000392156863,no,COMPARISON_RELAXED
COMPARISON_RELAXED,255.000000000000,5.000000000000,795.000000,1.453371000000,547.004172,47.000000,50.000000,50,17,0.340000000000,0.767913397489,19.197834937,10.554099069,42.867777,88.982772,0.232086602511,0.232086602511,5.802165063,0.019607843137,5.100000000000,0.100000000000,1.020000000000,0.019607843137,0.000392156863,yes,0.000139062717,0.000368958601,0.009223965,20.213547,15.135148,high_risk,yes,w0_high_risk,warning,yes,pass,no,platform_too_narrow,no,1.020000000000,255,0.019607843137,0.000392156863,no,COMPARISON_RELAXED
COMPARISON_RELAXED,255.000000000000,5.000000000000,795.000000,1.453371000000,547.004172,47.000000,50.000000,50,19,0.380000000000,0.864484313711,21.612107843,8.556838824,38.599089,104.853341,0.135515686289,0.135515686289,3.387892157,0.019607843137,5.100000000000,0.100000000000,1.020000000000,0.019607843137,0.000392156863,yes,0.000032196787,0.000069240191,0.001731005,20.213547,15.135148,high_risk,yes,w0_high_risk,warning,yes,pass,no,platform_too_narrow,no,1.020000000000,255,0.019607843137,0.000392156863,no,COMPARISON_RELAXED
COMPARISON_RELAXED,255.000000000000,5.000000000000,795.000000,1.453371000000,547.004172,47.000000,50.000000,50,21,0.420000000000,0.938153340022,23.453833501,6.021920926,32.380825,130.205636,0.061846659978,0.061846659978,1.546166499,0.019607843137,5.100000000000,0.100000000000,1.020000000000,0.019607843137,0.000392156863,yes,0.000033290056,0.000050381328,0.001259533,20.213547,15.135148,high_risk,yes,w0_high_risk,warning,yes,pass,no,platform_too_narrow,no,1.020000000000,255,0.019607843137,0.000392156863,no,COMPARISON_RELAXED
COMPARISON_RELAXED,255.000000000000,5.000000000000,795.000000,1.453371000000,547.004172,47.000000,50.000000,50,23,0.460000000000,0.984291580564,24.607289514,3.108623590,23.265075,185.625744,0.015708419436,0.015708419436,0.392710486,0.019607843137,5.100000000000,0.100000000000,1.020000000000,0.019607843137,0.000392156863,yes,0.000040764747,0.000031841151,0.000796029,20.213547,15.135148,high_risk,yes,w0_high_risk,warning,yes,pass,no,platform_too_narrow,no,1.020000000000,255,0.019607843137,0.000392156863,no,COMPARISON_RELAXED
COMPARISON_RELAXED,47.250000000000,5.000000000000,795.000000,1.453371000000,547.004172,47.000000,50.000000,9,1,0.111111111111,0.116977778441,2.924444461,8.034845121,37.403233,39.803689,0.883022221559,0.116977778441,22.075555539,0.105820105820,5.250000000000,0.250000000000,1.050000000000,0.047619047619,0.005291005291,yes,0.005952380952,0.011809799232,0.295244981,20.463000,15.909270,high_risk,yes,w0_high_risk,warning,yes,pass,yes,pass,yes,1.050000000000,48,0.047619047619,0.005291005291,no,COMPARISON_RELAXED
COMPARISON_RELAXED,47.250000000000,5.000000000000,795.000000,1.453371000000,547.004172,47.000000,50.000000,9,2,0.222222222222,0.413175911167,10.329397779,12.310096913,46.296815,60.436200,0.586824088833,0.413175911167,14.670602221,0.105820105820,5.250000000000,0.250000000000,1.050000000000,0.047619047619,0.005291005291,yes,0.002380952381,0.007367353037,0.184183826,20.463000,15.909270,high_risk,yes,w0_high_risk,warning,yes,pass,yes,pass,yes,1.050000000000,48,0.047619047619,0.005291005291,no,COMPARISON_RELAXED
COMPARISON_RELAXED,47.250000000000,5.000000000000,795.000000,1.453371000000,547.004172,47.000000,50.000000,9,4,0.444444444444,0.969846310393,24.246157760,4.275251792,27.283572,157.119830,0.030153689607,0.030153689607,0.753842240,0.105820105820,5.250000000000,0.250000000000,1.050000000000,0.047619047619,0.005291005291,yes,0.003401360544,0.003594978620,0.089874465,20.463000,15.909270,high_risk,yes,w0_high_risk,warning,yes,pass,yes,pass,yes,1.050000000000,48,0.047619047619,0.005291005291,no,COMPARISON_RELAXED
COMPARISON_RELAXED,63.000000000000,5.000000000000,795.000000,1.453371000000,547.004172,47.000000,50.000000,12,1,0.083333333333,0.066987298108,1.674682453,6.250000000,32.988335,34.152037,0.933012701892,0.066987298108,23.325317547,0.079365079365,5.250000000000,0.250000000000,1.050000000000,0.047619047619,0.003968253968,yes,0.004329004329,0.006665862005,0.166646550,20.463000,15.746875,high_risk,no,w0_high_risk,hard_fail,no,short_cavity,yes,pass,no,1.050000000000,63,0.047619047619,0.003968253968,no,COMPARISON_RELAXED
COMPARISON_RELAXED,63.000000000000,5.000000000000,795.000000,1.453371000000,547.004172,47.000000,50.000000,12,5,0.416666666667,0.933012701892,23.325317547,6.250000000,32.988335,127.457138,0.066987298108,0.066987298108,1.674682453,0.079365079365,5.250000000000,0.250000000000,1.050000000000,0.047619047619,0.003968253968,yes,0.001360544218,0.002139767767,0.053494194,20.463000,15.746875,high_risk,yes,w0_high_risk,warning,yes,pass,yes,pass,yes,1.050000000000,63,0.047619047619,0.003968253968,no,COMPARISON_RELAXED
COMPARISON_RELAXED,157.500000000000,5.000000000000,795.000000,1.453371000000,547.004172,47.000000,50.000000,30,1,0.033333333333,0.010926199633,0.273154991,2.598896135,21.272319,21.389493,0.989073800367,0.010926199633,24.726845009,0.031746031746,5.250000000000,0.250000000000,1.050000000000,0.047619047619,0.001587301587,yes,0.001642036125,0.001048223647,0.026205591,20.463000,15.458683,high_risk,no,w0_high_risk,hard_fail,no,short_cavity,no,platform_too_narrow,no,1.050000000000,158,0.047619047619,0.001587301587,no,COMPARISON_RELAXED
COMPARISON_RELAXED,157.500000000000,5.000000000000,795.000000,1.453371000000,547.004172,47.000000,50.000000,30,7,0.233333333333,0.447735768366,11.193394209,12.431523692,46.524591,62.605012,0.552264231634,0.447735768366,13.806605791,0.031746031746,5.250000000000,0.250000000000,1.050000000000,0.047619047619,0.001587301587,yes,0.000215470804,0.000673206807,0.016830170,20.463000,15.458683,high_risk,yes,w0_high_risk,warning,yes,pass,no,platform_too_narrow,no,1.050000000000,158,0.047619047619,0.001587301587,no,COMPARISON_RELAXED
COMPARISON_RELAXED,157.500000000000,5.000000000000,795.000000,1.453371000000,547.004172,47.000000,50.000000,30,11,0.366666666667,0.834565303179,20.864132579,9.289310318,40.217227,98.877805,0.165434696821,0.165434696821,4.135867421,0.031746031746,5.250000000000,0.250000000000,1.050000000000,0.047619047619,0.001587301587,yes,0.000227842333,0.000532025366,0.013300634,20.463000,15.458683,high_risk,yes,w0_high_risk,warning,yes,pass,no,platform_too_narrow,no,1.050000000000,158,0.047619047619,0.001587301587,no,COMPARISON_RELAXED
COMPARISON_RELAXED,157.500000000000,5.000000000000,795.000000,1.453371000000,547.004172,47.000000,50.000000,30,13,0.433333333333,0.956772728821,23.919318221,5.084208038,29.753087,143.104447,0.043227271179,0.043227271179,1.080681779,0.031746031746,5.250000000000,0.250000000000,1.050000000000,0.047619047619,0.001587301587,yes,0.000295770482,0.000378356339,0.009458908,20.463000,15.458683,high_risk,yes,w0_high_risk,warning,yes,pass,no,platform_too_narrow,no,1.050000000000,158,0.047619047619,0.001587301587,no,COMPARISON_RELAXED
COMPARISON_RELAXED,262.500000000000,5.000000000000,795.000000,1.453371000000,547.004172,47.000000,50.000000,50,1,0.020000000000,0.003942649343,0.098566234,1.566665420,16.516138,16.548794,0.996057350657,0.003942649343,24.901433766,0.019047619048,5.250000000000,0.250000000000,1.050000000000,0.047619047619,0.000952380952,yes,0.000971817298,0.000373769196,0.009344230,20.463000,15.385363,high_risk,no,w0_high_risk,hard_fail,no,short_cavity,no,platform_too_narrow,no,1.050000000000,263,0.047619047619,0.000952380952,no,COMPARISON_RELAXED
COMPARISON_RELAXED,262.500000000000,5.000000000000,795.000000,1.453371000000,547.004172,47.000000,50.000000,50,3,0.060000000000,0.035111757056,0.877793926,4.601556909,28.305627,28.816038,0.964888242944,0.035111757056,24.122206074,0.019047619048,5.250000000000,0.250000000000,1.050000000000,0.047619047619,0.000952380952,yes,0.000084882438,0.000098145159,0.002453629,20.463000,15.385363,high_risk,no,w0_high_risk,hard_fail,no,short_cavity,no,platform_too_narrow,no,1.050000000000,263,0.047619047619,0.000952380952,no,COMPARISON_RELAXED
COMPARISON_RELAXED,262.500000000000,5.000000000000,795.000000,1.453371000000,547.004172,47.000000,50.000000,50,7,0.140000000000,0.181288005126,4.532200128,9.631415535,40.951088,45.258470,0.818711994874,0.181288005126,20.467799872,0.019047619048,5.250000000000,0.250000000000,1.050000000000,0.047619047619,0.000952380952,yes,0.000158202816,0.000383065193,0.009576630,20.463000,15.385363,high_risk,yes,w0_high_risk,warning,yes,pass,no,platform_too_narrow,no,1.050000000000,263,0.047619047619,0.000952380952,no,COMPARISON_RELAXED
COMPARISON_RELAXED,262.500000000000,5.000000000000,795.000000,1.453371000000,547.004172,47.000000,50.000000,50,9,0.180000000000,0.287110354217,7.177758855,11.310338156,44.377024,52.558992,0.712889645783,0.287110354217,17.822241145,0.019047619048,5.250000000000,0.250000000000,1.050000000000,0.047619047619,0.000952380952,yes,0.000111000111,0.000315557678,0.007888942,20.463000,15.385363,high_risk,yes,w0_high_risk,warning,yes,pass,no,platform_too_narrow,no,1.050000000000,263,0.047619047619,0.000952380952,no,COMPARISON_RELAXED
COMPARISON_RELAXED,262.500000000000,5.000000000000,795.000000,1.453371000000,547.004172,47.000000,50.000000,50,11,0.220000000000,0.406309342707,10.157733568,12.278590634,46.237532,60.008744,0.593690657293,0.406309342707,14.842266432,0.019047619048,5.250000000000,0.250000000000,1.050000000000,0.047619047619,0.000952380952,yes,0.000129048910,0.000398257706,0.009956443,20.463000,15.385363,high_risk,yes,w0_high_risk,warning,yes,pass,no,platform_too_narrow,no,1.050000000000,263,0.047619047619,0.000952380952,no,COMPARISON_RELAXED
COMPARISON_RELAXED,262.500000000000,5.000000000000,795.000000,1.453371000000,547.004172,47.000000,50.000000,50,13,0.260000000000,0.531395259765,13.284881494,12.475334105,46.606498,68.083698,0.468604740235,0.468604740235,11.715118506,0.019047619048,5.250000000000,0.250000000000,1.050000000000,0.047619047619,0.000952380952,yes,0.000076681236,0.000240425551,0.006010639,20.463000,15.385363,high_risk,yes,w0_high_risk,warning,yes,pass,no,platform_too_narrow,no,1.050000000000,263,0.047619047619,0.000952380952,no,COMPARISON_RELAXED
COMPARISON_RELAXED,262.500000000000,5.000000000000,795.000000,1.453371000000,547.004172,47.000000,50.000000,50,17,0.340000000000,0.767913397489,19.197834937,10.554099069,42.867777,88.982772,0.232086602511,0.232086602511,5.802165063,0.019047619048,5.250000000000,0.250000000000,1.050000000000,0.047619047619,0.000952380952,yes,0.000337723742,0.000896354086,0.022408852,20.463000,15.385363,high_risk,yes,w0_high_risk,warning,yes,pass,no,platform_too_narrow,no,1.050000000000,263,0.047619047619,0.000952380952,no,COMPARISON_RELAXED
COMPARISON_RELAXED,262.500000000000,5.000000000000,795.000000,1.453371000000,547.004172,47.000000,50.000000,50,19,0.380000000000,0.864484313711,21.612107843,8.556838824,38.599089,104.853341,0.135515686289,0.135515686289,3.387892157,0.019047619048,5.250000000000,0.250000000000,1.050000000000,0.047619047619,0.000952380952,yes,0.000078192196,0.000168150608,0.004203765,20.463000,15.385363,high_risk,yes,w0_high_risk,warning,yes,pass,no,platform_too_narrow,no,1.050000000000,263,0.047619047619,0.000952380952,no,COMPARISON_RELAXED
COMPARISON_RELAXED,262.500000000000,5.000000000000,795.000000,1.453371000000,547.004172,47.000000,50.000000,50,21,0.420000000000,0.938153340022,23.453833501,6.021920926,32.380825,130.205636,0.061846659978,0.061846659978,1.546166499,0.019047619048,5.250000000000,0.250000000000,1.050000000000,0.047619047619,0.000952380952,yes,0.000080847279,0.000122346671,0.003058667,20.463000,15.385363,high_risk,yes,w0_high_risk,warning,yes,pass,no,platform_too_narrow,no,1.050000000000,263,0.047619047619,0.000952380952,no,COMPARISON_RELAXED
COMPARISON_RELAXED,262.500000000000,5.000000000000,795.000000,1.453371000000,547.004172,47.000000,50.000000,50,23,0.460000000000,0.984291580564,24.607289514,3.108623590,23.265075,185.625744,0.015708419436,0.015708419436,0.392710486,0.019047619048,5.250000000000,0.250000000000,1.050000000000,0.047619047619,0.000952380952,yes,0.000099000099,0.000077302052,0.001932551,20.463000,15.385363,high_risk,yes,w0_high_risk,warning,yes,pass,no,platform_too_narrow,no,1.050000000000,263,0.047619047619,0.000952380952,no,COMPARISON_RELAXED
COMPARISON_RELAXED,49.500000000000,5.000000000000,795.000000,1.453371000000,547.004172,47.000000,50.000000,9,1,0.111111111111,0.116977778441,2.924444461,8.034845121,37.403233,39.803689,0.883022221559,0.116977778441,22.075555539,0.101010101010,5.500000000000,0.500000000000,1.100000000000,0.090909090909,0.010101010101,yes,0.011363636364,0.022174651848,0.554366296,20.863598,16.310712,high_risk,yes,w0_high_risk,warning,yes,pass,yes,pass,yes,1.100000000000,50,0.090909090909,0.010101010101,no,COMPARISON_RELAXED
COMPARISON_RELAXED,49.500000000000,5.000000000000,795.000000,1.453371000000,547.004172,47.000000,50.000000,9,2,0.222222222222,0.413175911167,10.329397779,12.310096913,46.296815,60.436200,0.586824088833,0.413175911167,14.670602221,0.101010101010,5.500000000000,0.500000000000,1.100000000000,0.090909090909,0.010101010101,yes,0.004545454545,0.014066460479,0.351661512,20.863598,16.310712,high_risk,yes,w0_high_risk,warning,yes,pass,yes,pass,yes,1.100000000000,50,0.090909090909,0.010101010101,no,COMPARISON_RELAXED
COMPARISON_RELAXED,49.500000000000,5.000000000000,795.000000,1.453371000000,547.004172,47.000000,50.000000,9,4,0.444444444444,0.969846310393,24.246157760,4.275251792,27.283572,157.119830,0.030153689607,0.030153689607,0.753842240,0.101010101010,5.500000000000,0.500000000000,1.100000000000,0.090909090909,0.010101010101,yes,0.006493506494,0.006759026430,0.168975661,20.863598,16.310712,high_risk,yes,w0_high_risk,warning,yes,pass,yes,pass,yes,1.100000000000,50,0.090909090909,0.010101010101,no,COMPARISON_RELAXED
COMPARISON_RELAXED,66.000000000000,5.000000000000,795.000000,1.453371000000,547.004172,47.000000,50.000000,12,1,0.083333333333,0.066987298108,1.674682453,6.250000000,32.988335,34.152037,0.933012701892,0.066987298108,23.325317547,0.075757575758,5.500000000000,0.500000000000,1.100000000000,0.090909090909,0.007575757576,yes,0.008264462810,0.012490888830,0.312272221,20.863598,16.148408,high_risk,no,w0_high_risk,hard_fail,no,short_cavity,yes,pass,no,1.100000000000,66,0.090909090909,0.007575757576,no,COMPARISON_RELAXED
COMPARISON_RELAXED,66.000000000000,5.000000000000,795.000000,1.453371000000,547.004172,47.000000,50.000000,12,5,0.416666666667,0.933012701892,23.325317547,6.250000000,32.988335,127.457138,0.066987298108,0.066987298108,1.674682453,0.075757575758,5.500000000000,0.500000000000,1.100000000000,0.090909090909,0.007575757576,yes,0.002597402597,0.004089552057,0.102238801,20.863598,16.148408,high_risk,yes,w0_high_risk,warning,yes,pass,yes,pass,yes,1.100000000000,66,0.090909090909,0.007575757576,no,COMPARISON_RELAXED
COMPARISON_RELAXED,165.000000000000,5.000000000000,795.000000,1.453371000000,547.004172,47.000000,50.000000,30,1,0.033333333333,0.010926199633,0.273154991,2.598896135,21.272319,21.389493,0.989073800367,0.010926199633,24.726845009,0.030303030303,5.500000000000,0.500000000000,1.100000000000,0.090909090909,0.003030303030,yes,0.003134796238,0.001958905899,0.048972647,20.863598,15.860375,high_risk,no,w0_high_risk,hard_fail,no,short_cavity,no,platform_too_narrow,no,1.100000000000,165,0.090909090909,0.003030303030,no,COMPARISON_RELAXED
COMPARISON_RELAXED,165.000000000000,5.000000000000,795.000000,1.453371000000,547.004172,47.000000,50.000000,30,7,0.233333333333,0.447735768366,11.193394209,12.431523692,46.524591,62.605012,0.552264231634,0.447735768366,13.806605791,0.030303030303,5.500000000000,0.500000000000,1.100000000000,0.090909090909,0.003030303030,yes,0.000411353353,0.001285201638,0.032130041,20.863598,15.860375,high_risk,yes,w0_high_risk,warning,yes,pass,no,platform_too_narrow,no,1.100000000000,165,0.090909090909,0.003030303030,no,COMPARISON_RELAXED
COMPARISON_RELAXED,165.000000000000,5.000000000000,795.000000,1.453371000000,547.004172,47.000000,50.000000,30,11,0.366666666667,0.834565303179,20.864132579,9.289310318,40.217227,98.877805,0.165434696821,0.165434696821,4.135867421,0.030303030303,5.500000000000,0.500000000000,1.100000000000,0.090909090909,0.003030303030,yes,0.000434971727,0.001015843177,0.025396079,20.863598,15.860375,high_risk,yes,w0_high_risk,warning,yes,pass,no,platform_too_narrow,no,1.100000000000,165,0.090909090909,0.003030303030,no,COMPARISON_RELAXED
COMPARISON_RELAXED,165.000000000000,5.000000000000,795.000000,1.453371000000,547.004172,47.000000,50.000000,30,13,0.433333333333,0.956772728821,23.919318221,5.084208038,29.753087,143.104447,0.043227271179,0.043227271179,1.080681779,0.030303030303,5.500000000000,0.500000000000,1.100000000000,0.090909090909,0.003030303030,yes,0.000564652739,0.000723046221,0.018076156,20.863598,15.860375,high_risk,yes,w0_high_risk,warning,yes,pass,no,platform_too_narrow,no,1.100000000000,165,0.090909090909,0.003030303030,no,COMPARISON_RELAXED
COMPARISON_RELAXED,275.000000000000,5.000000000000,795.000000,1.453371000000,547.004172,47.000000,50.000000,50,1,0.020000000000,0.003942649343,0.098566234,1.566665420,16.516138,16.548794,0.996057350657,0.003942649343,24.901433766,0.018181818182,5.500000000000,0.500000000000,1.100000000000,0.090909090909,0.001818181818,yes,0.001855287570,0.000698140739,0.017453518,20.863598,15.787095,high_risk,no,w0_high_risk,hard_fail,no,short_cavity,no,platform_too_narrow,no,1.100000000000,275,0.090909090909,0.001818181818,no,COMPARISON_RELAXED
COMPARISON_RELAXED,275.000000000000,5.000000000000,795.000000,1.453371000000,547.004172,47.000000,50.000000,50,3,0.060000000000,0.035111757056,0.877793926,4.601556909,28.305627,28.816038,0.964888242944,0.035111757056,24.122206074,0.018181818182,5.500000000000,0.500000000000,1.100000000000,0.090909090909,0.001818181818,yes,0.000162048290,0.000187331303,0.004683283,20.863598,15.787095,high_risk,no,w0_high_risk,hard_fail,no,short_cavity,no,platform_too_narrow,no,1.100000000000,275,0.090909090909,0.001818181818,no,COMPARISON_RELAXED
COMPARISON_RELAXED,275.000000000000,5.000000000000,795.000000,1.453371000000,547.004172,47.000000,50.000000,50,7,0.140000000000,0.181288005126,4.532200128,9.631415535,40.951088,45.258470,0.818711994874,0.181288005126,20.467799872,0.018181818182,5.500000000000,0.500000000000,1.100000000000,0.090909090909,0.001818181818,yes,0.000302023558,0.000731502828,0.018287571,20.863598,15.787095,high_risk,yes,w0_high_risk,warning,yes,pass,no,platform_too_narrow,no,1.100000000000,275,0.090909090909,0.001818181818,no,COMPARISON_RELAXED
COMPARISON_RELAXED,275.000000000000,5.000000000000,795.000000,1.453371000000,547.004172,47.000000,50.000000,50,9,0.180000000000,0.287110354217,7.177758855,11.310338156,44.377024,52.558992,0.712889645783,0.287110354217,17.822241145,0.018181818182,5.500000000000,0.500000000000,1.100000000000,0.090909090909,0.001818181818,yes,0.000211909303,0.000602478553,0.015061964,20.863598,15.787095,high_risk,yes,w0_high_risk,warning,yes,pass,no,platform_too_narrow,no,1.100000000000,275,0.090909090909,0.001818181818,no,COMPARISON_RELAXED
COMPARISON_RELAXED,275.000000000000,5.000000000000,795.000000,1.453371000000,547.004172,47.000000,50.000000,50,11,0.220000000000,0.406309342707,10.157733568,12.278590634,46.237532,60.008744,0.593690657293,0.406309342707,14.842266432,0.018181818182,5.500000000000,0.500000000000,1.100000000000,0.090909090909,0.001818181818,yes,0.000246366100,0.000760344253,0.019008606,20.863598,15.787095,high_risk,yes,w0_high_risk,warning,yes,pass,no,platform_too_narrow,no,1.100000000000,275,0.090909090909,0.001818181818,no,COMPARISON_RELAXED
COMPARISON_RELAXED,275.000000000000,5.000000000000,795.000000,1.453371000000,547.004172,47.000000,50.000000,50,13,0.260000000000,0.531395259765,13.284881494,12.475334105,46.606498,68.083698,0.468604740235,0.468604740235,11.715118506,0.018181818182,5.500000000000,0.500000000000,1.100000000000,0.090909090909,0.001818181818,yes,0.000146391451,0.000458993715,0.011474843,20.863598,15.787095,high_risk,yes,w0_high_risk,warning,yes,pass,no,platform_too_narrow,no,1.100000000000,275,0.090909090909,0.001818181818,no,COMPARISON_RELAXED
COMPARISON_RELAXED,275.000000000000,5.000000000000,795.000000,1.453371000000,547.004172,47.000000,50.000000,50,17,0.340000000000,0.767913397489,19.197834937,10.554099069,42.867777,88.982772,0.232086602511,0.232086602511,5.802165063,0.018181818182,5.500000000000,0.500000000000,1.100000000000,0.090909090909,0.001818181818,yes,0.000644745326,0.001712139837,0.042803496,20.863598,15.787095,high_risk,yes,w0_high_risk,warning,yes,pass,no,platform_too_narrow,no,1.100000000000,275,0.090909090909,0.001818181818,no,COMPARISON_RELAXED
COMPARISON_RELAXED,275.000000000000,5.000000000000,795.000000,1.453371000000,547.004172,47.000000,50.000000,50,19,0.380000000000,0.864484313711,21.612107843,8.556838824,38.599089,104.853341,0.135515686289,0.135515686289,3.387892157,0.018181818182,5.500000000000,0.500000000000,1.100000000000,0.090909090909,0.001818181818,yes,0.000149276011,0.000321002573,0.008025064,20.863598,15.787095,high_risk,yes,w0_high_risk,warning,yes,pass,no,platform_too_narrow,no,1.100000000000,275,0.090909090909,0.001818181818,no,COMPARISON_RELAXED
COMPARISON_RELAXED,275.000000000000,5.000000000000,795.000000,1.453371000000,547.004172,47.000000,50.000000,50,21,0.420000000000,0.938153340022,23.453833501,6.021920926,32.380825,130.205636,0.061846659978,0.061846659978,1.546166499,0.018181818182,5.500000000000,0.500000000000,1.100000000000,0.090909090909,0.001818181818,yes,0.000154344806,0.000233547362,0.005838684,20.863598,15.787095,high_risk,yes,w0_high_risk,warning,yes,pass,no,platform_too_narrow,no,1.100000000000,275,0.090909090909,0.001818181818,no,COMPARISON_RELAXED
COMPARISON_RELAXED,275.000000000000,5.000000000000,795.000000,1.453371000000,547.004172,47.000000,50.000000,50,23,0.460000000000,0.984291580564,24.607289514,3.108623590,23.265075,185.625744,0.015708419436,0.015708419436,0.392710486,0.018181818182,5.500000000000,0.500000000000,1.100000000000,0.090909090909,0.001818181818,yes,0.000189000189,0.000147498583,0.003687465,20.863598,15.787095,high_risk,yes,w0_high_risk,warning,yes,pass,no,platform_too_narrow,no,1.100000000000,275,0.090909090909,0.001818181818,no,COMPARISON_RELAXED
COMPARISON_RELAXED,51.750000000000,5.000000000000,795.000000,1.453371000000,547.004172,47.000000,50.000000,9,1,0.111111111111,0.116977778441,2.924444461,8.034845121,37.403233,39.803689,0.883022221559,0.116977778441,22.075555539,0.096618357488,5.750000000000,0.750000000000,1.150000000000,0.130434782609,0.014492753623,yes,0.016304347826,0.031322004899,0.783050122,21.246672,16.694522,high_risk,yes,w0_high_risk,warning,yes,pass,yes,pass,yes,1.150000000000,52,0.130434782609,0.014492753623,no,COMPARISON_RELAXED
COMPARISON_RELAXED,51.750000000000,5.000000000000,795.000000,1.453371000000,547.004172,47.000000,50.000000,9,2,0.222222222222,0.413175911167,10.329397779,12.310096913,46.296815,60.436200,0.586824088833,0.413175911167,14.670602221,0.096618357488,5.750000000000,0.750000000000,1.150000000000,0.130434782609,0.014492753623,yes,0.006521739130,0.020184014053,0.504600351,21.246672,16.694522,high_risk,yes,w0_high_risk,warning,yes,pass,yes,pass,yes,1.150000000000,52,0.130434782609,0.014492753623,no,COMPARISON_RELAXED
COMPARISON_RELAXED,51.750000000000,5.000000000000,795.000000,1.453371000000,547.004172,47.000000,50.000000,9,4,0.444444444444,0.969846310393,24.246157760,4.275251792,27.283572,157.119830,0.030153689607,0.030153689607,0.753842240,0.096618357488,5.750000000000,0.750000000000,1.150000000000,0.130434782609,0.014492753623,yes,0.009316770186,0.009560845174,0.239021129,21.246672,16.694522,high_risk,yes,w0_high_risk,warning,yes,pass,yes,pass,yes,1.150000000000,52,0.130434782609,0.014492753623,no,COMPARISON_RELAXED
COMPARISON_RELAXED,69.000000000000,5.000000000000,795.000000,1.453371000000,547.004172,47.000000,50.000000,12,1,0.083333333333,0.066987298108,1.674682453,6.250000000,32.988335,34.152037,0.933012701892,0.066987298108,23.325317547,0.072463768116,5.750000000000,0.750000000000,1.150000000000,0.130434782609,0.010869565217,yes,0.011857707510,0.017611656901,0.440291423,21.246672,16.532298,high_risk,no,w0_high_risk,hard_fail,no,short_cavity,yes,pass,no,1.150000000000,69,0.130434782609,0.010869565217,no,COMPARISON_RELAXED
COMPARISON_RELAXED,69.000000000000,5.000000000000,795.000000,1.453371000000,547.004172,47.000000,50.000000,12,5,0.416666666667,0.933012701892,23.325317547,6.250000000,32.988335,127.457138,0.066987298108,0.066987298108,1.674682453,0.072463768116,5.750000000000,0.750000000000,1.150000000000,0.130434782609,0.010869565217,yes,0.003726708075,0.005873538730,0.146838468,21.246672,16.532298,high_risk,yes,w0_high_risk,warning,yes,pass,yes,pass,yes,1.150000000000,69,0.130434782609,0.010869565217,no,COMPARISON_RELAXED
COMPARISON_RELAXED,172.500000000000,5.000000000000,795.000000,1.453371000000,547.004172,47.000000,50.000000,30,1,0.033333333333,0.010926199633,0.273154991,2.598896135,21.272319,21.389493,0.989073800367,0.010926199633,24.726845009,0.028985507246,5.750000000000,0.750000000000,1.150000000000,0.130434782609,0.004347826087,yes,0.004497751124,0.002755194544,0.068879864,21.246672,16.244404,high_risk,no,w0_high_risk,hard_fail,no,short_cavity,yes,pass,no,1.150000000000,173,0.130434782609,0.004347826087,no,COMPARISON_RELAXED
COMPARISON_RELAXED,172.500000000000,5.000000000000,795.000000,1.453371000000,547.004172,47.000000,50.000000,30,7,0.233333333333,0.447735768366,11.193394209,12.431523692,46.524591,62.605012,0.552264231634,0.447735768366,13.806605791,0.028985507246,5.750000000000,0.750000000000,1.150000000000,0.130434782609,0.004347826087,yes,0.000590202636,0.001843969866,0.046099247,21.246672,16.244404,high_risk,yes,w0_high_risk,warning,yes,pass,no,platform_too_narrow,no,1.150000000000,173,0.130434782609,0.004347826087,no,COMPARISON_RELAXED
COMPARISON_RELAXED,172.500000000000,5.000000000000,795.000000,1.453371000000,547.004172,47.000000,50.000000,30,11,0.366666666667,0.834565303179,20.864132579,9.289310318,40.217227,98.877805,0.165434696821,0.165434696821,4.135867421,0.028985507246,5.750000000000,0.750000000000,1.150000000000,0.130434782609,0.004347826087,yes,0.000624089869,0.001457721395,0.036443035,21.246672,16.244404,high_risk,yes,w0_high_risk,warning,yes,pass,no,platform_too_narrow,no,1.150000000000,173,0.130434782609,0.004347826087,no,COMPARISON_RELAXED
COMPARISON_RELAXED,172.500000000000,5.000000000000,795.000000,1.453371000000,547.004172,47.000000,50.000000,30,13,0.433333333333,0.956772728821,23.919318221,5.084208038,29.753087,143.104447,0.043227271179,0.043227271179,1.080681779,0.028985507246,5.750000000000,0.750000000000,1.150000000000,0.130434782609,0.004347826087,yes,0.000810153929,0.001038369498,0.025959237,21.246672,16.244404,high_risk,yes,w0_high_risk,warning,yes,pass,no,platform_too_narrow,no,1.150000000000,173,0.130434782609,0.004347826087,no,COMPARISON_RELAXED
COMPARISON_RELAXED,287.500000000000,5.000000000000,795.000000,1.453371000000,547.004172,47.000000,50.000000,50,1,0.020000000000,0.003942649343,0.098566234,1.566665420,16.516138,16.548794,0.996057350657,0.003942649343,24.901433766,0.017391304348,5.750000000000,0.750000000000,1.150000000000,0.130434782609,0.002608695652,yes,0.002661934339,0.000981473230,0.024536831,21.246672,16.171159,high_risk,no,w0_high_risk,hard_fail,no,short_cavity,no,platform_too_narrow,no,1.150000000000,288,0.130434782609,0.002608695652,no,COMPARISON_RELAXED
COMPARISON_RELAXED,287.500000000000,5.000000000000,795.000000,1.453371000000,547.004172,47.000000,50.000000,50,3,0.060000000000,0.035111757056,0.877793926,4.601556909,28.305627,28.816038,0.964888242944,0.035111757056,24.122206074,0.017391304348,5.750000000000,0.750000000000,1.150000000000,0.130434782609,0.002608695652,yes,0.000232504069,0.000268731576,0.006718289,21.246672,16.171159,high_risk,no,w0_high_risk,hard_fail,no,short_cavity,no,platform_too_narrow,no,1.150000000000,288,0.130434782609,0.002608695652,no,COMPARISON_RELAXED
COMPARISON_RELAXED,287.500000000000,5.000000000000,795.000000,1.453371000000,547.004172,47.000000,50.000000,50,7,0.140000000000,0.181288005126,4.532200128,9.631415535,40.951088,45.258470,0.818711994874,0.181288005126,20.467799872,0.017391304348,5.750000000000,0.750000000000,1.150000000000,0.130434782609,0.002608695652,yes,0.000433338148,0.001049804861,0.026245122,21.246672,16.171159,high_risk,yes,w0_high_risk,warning,yes,pass,no,platform_too_narrow,no,1.150000000000,288,0.130434782609,0.002608695652,no,COMPARISON_RELAXED
COMPARISON_RELAXED,287.500000000000,5.000000000000,795.000000,1.453371000000,547.004172,47.000000,50.000000,50,9,0.180000000000,0.287110354217,7.177758855,11.310338156,44.377024,52.558992,0.712889645783,0.287110354217,17.822241145,0.017391304348,5.750000000000,0.750000000000,1.150000000000,0.130434782609,0.002608695652,yes,0.000304043782,0.000864491541,0.021612289,21.246672,16.171159,high_risk,yes,w0_high_risk,warning,yes,pass,no,platform_too_narrow,no,1.150000000000,288,0.130434782609,0.002608695652,no,COMPARISON_RELAXED
COMPARISON_RELAXED,287.500000000000,5.000000000000,795.000000,1.453371000000,547.004172,47.000000,50.000000,50,11,0.220000000000,0.406309342707,10.157733568,12.278590634,46.237532,60.008744,0.593690657293,0.406309342707,14.842266432,0.017391304348,5.750000000000,0.750000000000,1.150000000000,0.130434782609,0.002608695652,yes,0.000353481796,0.001090973269,0.027274332,21.246672,16.171159,high_risk,yes,w0_high_risk,warning,yes,pass,no,platform_too_narrow,no,1.150000000000,288,0.130434782609,0.002608695652,no,COMPARISON_RELAXED
COMPARISON_RELAXED,287.500000000000,5.000000000000,795.000000,1.453371000000,547.004172,47.000000,50.000000,50,13,0.260000000000,0.531395259765,13.284881494,12.475334105,46.606498,68.083698,0.468604740235,0.468604740235,11.715118506,0.017391304348,5.750000000000,0.750000000000,1.150000000000,0.130434782609,0.002608695652,yes,0.000210039908,0.000658555512,0.016463888,21.246672,16.171159,high_risk,yes,w0_high_risk,warning,yes,pass,no,platform_too_narrow,no,1.150000000000,288,0.130434782609,0.002608695652,no,COMPARISON_RELAXED
COMPARISON_RELAXED,287.500000000000,5.000000000000,795.000000,1.453371000000,547.004172,47.000000,50.000000,50,17,0.340000000000,0.767913397489,19.197834937,10.554099069,42.867777,88.982772,0.232086602511,0.232086602511,5.802165063,0.017391304348,5.750000000000,0.750000000000,1.150000000000,0.130434782609,0.002608695652,yes,0.000925069380,0.002457749369,0.061443734,21.246672,16.171159,high_risk,yes,w0_high_risk,warning,yes,pass,yes,pass,yes,1.150000000000,288,0.130434782609,0.002608695652,no,COMPARISON_RELAXED
COMPARISON_RELAXED,287.500000000000,5.000000000000,795.000000,1.453371000000,547.004172,47.000000,50.000000,50,19,0.380000000000,0.864484313711,21.612107843,8.556838824,38.599089,104.853341,0.135515686289,0.135515686289,3.387892157,0.017391304348,5.750000000000,0.750000000000,1.150000000000,0.130434782609,0.002608695652,yes,0.000214178625,0.000460552888,0.011513822,21.246672,16.171159,high_risk,yes,w0_high_risk,warning,yes,pass,no,platform_too_narrow,no,1.150000000000,288,0.130434782609,0.002608695652,no,COMPARISON_RELAXED
COMPARISON_RELAXED,287.500000000000,5.000000000000,795.000000,1.453371000000,547.004172,47.000000,50.000000,50,21,0.420000000000,0.938153340022,23.453833501,6.021920926,32.380825,130.205636,0.061846659978,0.061846659978,1.546166499,0.017391304348,5.750000000000,0.750000000000,1.150000000000,0.130434782609,0.002608695652,yes,0.000221451244,0.000335058830,0.008376471,21.246672,16.171159,high_risk,yes,w0_high_risk,warning,yes,pass,no,platform_too_narrow,no,1.150000000000,288,0.130434782609,0.002608695652,no,COMPARISON_RELAXED
COMPARISON_RELAXED,287.500000000000,5.000000000000,795.000000,1.453371000000,547.004172,47.000000,50.000000,50,23,0.460000000000,0.984291580564,24.607289514,3.108623590,23.265075,185.625744,0.015708419436,0.015708419436,0.392710486,0.017391304348,5.750000000000,0.750000000000,1.150000000000,0.130434782609,0.002608695652,yes,0.000271174184,0.000211526130,0.005288153,21.246672,16.171159,high_risk,yes,w0_high_risk,warning,yes,pass,no,platform_too_narrow,no,1.150000000000,288,0.130434782609,0.002608695652,no,COMPARISON_RELAXED
COMPARISON_RELAXED,54.000000000000,5.000000000000,795.000000,1.453371000000,547.004172,47.000000,50.000000,9,1,0.111111111111,0.116977778441,2.924444461,8.034845121,37.403233,39.803689,0.883022221559,0.116977778441,22.075555539,0.092592592593,6.000000000000,1.000000000000,1.200000000000,0.166666666667,0.018518518519,yes,0.020833333333,0.039436514273,0.985912857,21.613680,17.062176,high_risk,yes,w0_high_risk,warning,yes,pass,yes,pass,yes,1.200000000000,54,0.166666666667,0.018518518519,no,COMPARISON_RELAXED
COMPARISON_RELAXED,54.000000000000,5.000000000000,795.000000,1.453371000000,547.004172,47.000000,50.000000,9,2,0.222222222222,0.413175911167,10.329397779,12.310096913,46.296815,60.436200,0.586824088833,0.413175911167,14.670602221,0.092592592593,6.000000000000,1.000000000000,1.200000000000,0.166666666667,0.018518518519,yes,0.008333333333,0.025792375113,0.644809378,21.613680,17.062176,high_risk,yes,w0_high_risk,warning,yes,pass,yes,pass,yes,1.200000000000,54,0.166666666667,0.018518518519,no,COMPARISON_RELAXED
COMPARISON_RELAXED,54.000000000000,5.000000000000,795.000000,1.453371000000,547.004172,47.000000,50.000000,9,4,0.444444444444,0.969846310393,24.246157760,4.275251792,27.283572,157.119830,0.030153689607,0.030153689607,0.753842240,0.092592592593,6.000000000000,1.000000000000,1.200000000000,0.166666666667,0.018518518519,yes,0.011904761905,0.012055782698,0.301394567,21.613680,17.062176,high_risk,yes,w0_high_risk,warning,yes,pass,yes,pass,yes,1.200000000000,54,0.166666666667,0.018518518519,no,COMPARISON_RELAXED
COMPARISON_RELAXED,72.000000000000,5.000000000000,795.000000,1.453371000000,547.004172,47.000000,50.000000,12,1,0.083333333333,0.066987298108,1.674682453,6.250000000,32.988335,34.152037,0.933012701892,0.066987298108,23.325317547,0.069444444444,6.000000000000,1.000000000000,1.200000000000,0.166666666667,0.013888888889,yes,0.015151515152,0.022138125811,0.553453145,21.613680,16.900023,high_risk,no,w0_high_risk,hard_fail,no,short_cavity,yes,pass,no,1.200000000000,72,0.166666666667,0.013888888889,no,COMPARISON_RELAXED
COMPARISON_RELAXED,72.000000000000,5.000000000000,795.000000,1.453371000000,547.004172,47.000000,50.000000,12,5,0.416666666667,0.933012701892,23.325317547,6.250000000,32.988335,127.457138,0.066987298108,0.066987298108,1.674682453,0.069444444444,6.000000000000,1.000000000000,1.200000000000,0.166666666667,0.013888888889,yes,0.004761904762,0.007511981847,0.187799546,21.613680,16.900023,high_risk,yes,w0_high_risk,warning,yes,pass,yes,pass,yes,1.200000000000,72,0.166666666667,0.013888888889,no,COMPARISON_RELAXED
COMPARISON_RELAXED,180.000000000000,5.000000000000,795.000000,1.453371000000,547.004172,47.000000,50.000000,30,1,0.033333333333,0.010926199633,0.273154991,2.598896135,21.272319,21.389493,0.989073800367,0.010926199633,24.726845009,0.027777777778,6.000000000000,1.000000000000,1.200000000000,0.166666666667,0.005555555556,yes,0.005747126437,0.003455559491,0.086388987,21.613680,16.612251,high_risk,no,w0_high_risk,hard_fail,no,short_cavity,yes,pass,no,1.200000000000,180,0.166666666667,0.005555555556,no,COMPARISON_RELAXED
COMPARISON_RELAXED,180.000000000000,5.000000000000,795.000000,1.453371000000,547.004172,47.000000,50.000000,30,7,0.233333333333,0.447735768366,11.193394209,12.431523692,46.524591,62.605012,0.552264231634,0.447735768366,13.806605791,0.027777777778,6.000000000000,1.000000000000,1.200000000000,0.166666666667,0.005555555556,yes,0.000754147813,0.002356165811,0.058904145,21.613680,16.612251,high_risk,yes,w0_high_risk,warning,yes,pass,yes,pass,yes,1.200000000000,180,0.166666666667,0.005555555556,no,COMPARISON_RELAXED
COMPARISON_RELAXED,180.000000000000,5.000000000000,795.000000,1.453371000000,547.004172,47.000000,50.000000,30,11,0.366666666667,0.834565303179,20.864132579,9.289310318,40.217227,98.877805,0.165434696821,0.165434696821,4.135867421,0.027777777778,6.000000000000,1.000000000000,1.200000000000,0.166666666667,0.005555555556,yes,0.000797448166,0.001862886547,0.046572164,21.613680,16.612251,high_risk,yes,w0_high_risk,warning,yes,pass,no,platform_too_narrow,no,1.200000000000,180,0.166666666667,0.005555555556,no,COMPARISON_RELAXED
COMPARISON_RELAXED,180.000000000000,5.000000000000,795.000000,1.453371000000,547.004172,47.000000,50.000000,30,13,0.433333333333,0.956772728821,23.919318221,5.084208038,29.753087,143.104447,0.043227271179,0.043227271179,1.080681779,0.027777777778,6.000000000000,1.000000000000,1.200000000000,0.166666666667,0.005555555556,yes,0.001035196687,0.001327924043,0.033198101,21.613680,16.612251,high_risk,yes,w0_high_risk,warning,yes,pass,no,platform_too_narrow,no,1.200000000000,180,0.166666666667,0.005555555556,no,COMPARISON_RELAXED
COMPARISON_RELAXED,300.000000000000,5.000000000000,795.000000,1.453371000000,547.004172,47.000000,50.000000,50,1,0.020000000000,0.003942649343,0.098566234,1.566665420,16.516138,16.548794,0.996057350657,0.003942649343,24.901433766,0.016666666667,6.000000000000,1.000000000000,1.200000000000,0.166666666667,0.003333333333,yes,0.003401360544,0.001230427779,0.030760694,21.613680,16.539036,high_risk,no,w0_high_risk,hard_fail,no,short_cavity,no,platform_too_narrow,no,1.200000000000,300,0.166666666667,0.003333333333,no,COMPARISON_RELAXED
COMPARISON_RELAXED,300.000000000000,5.000000000000,795.000000,1.453371000000,547.004172,47.000000,50.000000,50,3,0.060000000000,0.035111757056,0.877793926,4.601556909,28.305627,28.816038,0.964888242944,0.035111757056,24.122206074,0.016666666667,6.000000000000,1.000000000000,1.200000000000,0.166666666667,0.003333333333,yes,0.000297088532,0.000343322868,0.008583072,21.613680,16.539036,high_risk,no,w0_high_risk,hard_fail,no,short_cavity,no,platform_too_narrow,no,1.200000000000,300,0.166666666667,0.003333333333,no,COMPARISON_RELAXED
COMPARISON_RELAXED,300.000000000000,5.000000000000,795.000000,1.453371000000,547.004172,47.000000,50.000000,50,7,0.140000000000,0.181288005126,4.532200128,9.631415535,40.951088,45.258470,0.818711994874,0.181288005126,20.467799872,0.016666666667,6.000000000000,1.000000000000,1.200000000000,0.166666666667,0.003333333333,yes,0.000553709856,0.001341718555,0.033542964,21.613680,16.539036,high_risk,yes,w0_high_risk,warning,yes,pass,no,platform_too_narrow,no,1.200000000000,300,0.166666666667,0.003333333333,no,COMPARISON_RELAXED
COMPARISON_RELAXED,300.000000000000,5.000000000000,795.000000,1.453371000000,547.004172,47.000000,50.000000,50,9,0.180000000000,0.287110354217,7.177758855,11.310338156,44.377024,52.558992,0.712889645783,0.287110354217,17.822241145,0.016666666667,6.000000000000,1.000000000000,1.200000000000,0.166666666667,0.003333333333,yes,0.000388500389,0.001104705089,0.027617627,21.613680,16.539036,high_risk,yes,w0_high_risk,warning,yes,pass,no,platform_too_narrow,no,1.200000000000,300,0.166666666667,0.003333333333,no,COMPARISON_RELAXED
COMPARISON_RELAXED,300.000000000000,5.000000000000,795.000000,1.453371000000,547.004172,47.000000,50.000000,50,11,0.220000000000,0.406309342707,10.157733568,12.278590634,46.237532,60.008744,0.593690657293,0.406309342707,14.842266432,0.016666666667,6.000000000000,1.000000000000,1.200000000000,0.166666666667,0.003333333333,yes,0.000451671183,0.001394073488,0.034851837,21.613680,16.539036,high_risk,yes,w0_high_risk,warning,yes,pass,no,platform_too_narrow,no,1.200000000000,300,0.166666666667,0.003333333333,no,COMPARISON_RELAXED
COMPARISON_RELAXED,300.000000000000,5.000000000000,795.000000,1.453371000000,547.004172,47.000000,50.000000,50,13,0.260000000000,0.531395259765,13.284881494,12.475334105,46.606498,68.083698,0.468604740235,0.468604740235,11.715118506,0.016666666667,6.000000000000,1.000000000000,1.200000000000,0.166666666667,0.003333333333,yes,0.000268384326,0.000841486783,0.021037170,21.613680,16.539036,high_risk,yes,w0_high_risk,warning,yes,pass,no,platform_too_narrow,no,1.200000000000,300,0.166666666667,0.003333333333,no,COMPARISON_RELAXED
COMPARISON_RELAXED,300.000000000000,5.000000000000,795.000000,1.453371000000,547.004172,47.000000,50.000000,50,17,0.340000000000,0.767913397489,19.197834937,10.554099069,42.867777,88.982772,0.232086602511,0.232086602511,5.802165063,0.016666666667,6.000000000000,1.000000000000,1.200000000000,0.166666666667,0.003333333333,yes,0.001182033097,0.003141861774,0.078546544,21.613680,16.539036,high_risk,yes,w0_high_risk,warning,yes,pass,yes,pass,yes,1.200000000000,300,0.166666666667,0.003333333333,no,COMPARISON_RELAXED
COMPARISON_RELAXED,300.000000000000,5.000000000000,795.000000,1.453371000000,547.004172,47.000000,50.000000,50,19,0.380000000000,0.864484313711,21.612107843,8.556838824,38.599089,104.853341,0.135515686289,0.135515686289,3.387892157,0.016666666667,6.000000000000,1.000000000000,1.200000000000,0.166666666667,0.003333333333,yes,0.000273672687,0.000588465473,0.014711637,21.613680,16.539036,high_risk,yes,w0_high_risk,warning,yes,pass,no,platform_too_narrow,no,1.200000000000,300,0.166666666667,0.003333333333,no,COMPARISON_RELAXED
COMPARISON_RELAXED,300.000000000000,5.000000000000,795.000000,1.453371000000,547.004172,47.000000,50.000000,50,21,0.420000000000,0.938153340022,23.453833501,6.021920926,32.380825,130.205636,0.061846659978,0.061846659978,1.546166499,0.016666666667,6.000000000000,1.000000000000,1.200000000000,0.166666666667,0.003333333333,yes,0.000282965478,0.000428094571,0.010702364,21.613680,16.539036,high_risk,yes,w0_high_risk,warning,yes,pass,no,platform_too_narrow,no,1.200000000000,300,0.166666666667,0.003333333333,no,COMPARISON_RELAXED
COMPARISON_RELAXED,300.000000000000,5.000000000000,795.000000,1.453371000000,547.004172,47.000000,50.000000,50,23,0.460000000000,0.984291580564,24.607289514,3.108623590,23.265075,185.625744,0.015708419436,0.015708419436,0.392710486,0.016666666667,6.000000000000,1.000000000000,1.200000000000,0.166666666667,0.003333333333,yes,0.000346500347,0.000270163589,0.006754090,21.613680,16.539036,high_risk,yes,w0_high_risk,warning,yes,pass,no,platform_too_narrow,no,1.200000000000,300,0.166666666667,0.003333333333,no,COMPARISON_RELAXED
COMPARISON_RELAXED,58.500000000000,5.000000000000,795.000000,1.453371000000,547.004172,47.000000,50.000000,9,1,0.111111111111,0.116977778441,2.924444461,8.034845121,37.403233,39.803689,0.883022221559,0.116977778441,22.075555539,0.085470085470,6.500000000000,1.500000000000,1.300000000000,0.230769230769,0.025641025641,yes,0.028846153846,0.053144744694,1.328618617,22.304489,17.754061,high_risk,yes,w0_high_risk,warning,yes,pass,yes,pass,yes,1.300000000000,59,0.230769230769,0.025641025641,no,COMPARISON_RELAXED
COMPARISON_RELAXED,58.500000000000,5.000000000000,795.000000,1.453371000000,547.004172,47.000000,50.000000,9,2,0.222222222222,0.413175911167,10.329397779,12.310096913,46.296815,60.436200,0.586824088833,0.413175911167,14.670602221,0.085470085470,6.500000000000,1.500000000000,1.300000000000,0.230769230769,0.025641025641,yes,0.011538461538,0.035715680110,0.892892003,22.304489,17.754061,high_risk,yes,w0_high_risk,warning,yes,pass,yes,pass,yes,1.300000000000,59,0.230769230769,0.025641025641,no,COMPARISON_RELAXED
COMPARISON_RELAXED,58.500000000000,5.000000000000,795.000000,1.453371000000,547.004172,47.000000,50.000000,9,4,0.444444444444,0.969846310393,24.246157760,4.275251792,27.283572,157.119830,0.030153689607,0.030153689607,0.753842240,0.085470085470,6.500000000000,1.500000000000,1.300000000000,0.230769230769,0.025641025641,yes,0.016483516484,0.016296967361,0.407424184,22.304489,17.754061,high_risk,yes,w0_high_risk,warning,yes,pass,yes,pass,yes,1.300000000000,59,0.230769230769,0.025641025641,no,COMPARISON_RELAXED
COMPARISON_RELAXED,78.000000000000,5.000000000000,795.000000,1.453371000000,547.004172,47.000000,50.000000,12,1,0.083333333333,0.066987298108,1.674682453,6.250000000,32.988335,34.152037,0.933012701892,0.066987298108,23.325317547,0.064102564103,6.500000000000,1.500000000000,1.300000000000,0.230769230769,0.019230769231,yes,0.020979020979,0.029749235792,0.743730895,22.304489,17.592026,high_risk,no,w0_high_risk,hard_fail,no,short_cavity,yes,pass,no,1.300000000000,78,0.230769230769,0.019230769231,no,COMPARISON_RELAXED
COMPARISON_RELAXED,78.000000000000,5.000000000000,795.000000,1.453371000000,547.004172,47.000000,50.000000,12,5,0.416666666667,0.933012701892,23.325317547,6.250000000,32.988335,127.457138,0.066987298108,0.066987298108,1.674682453,0.064102564103,6.500000000000,1.500000000000,1.300000000000,0.230769230769,0.019230769231,yes,0.006593406593,0.010418021665,0.260450542,22.304489,17.592026,high_risk,yes,w0_high_risk,warning,yes,pass,yes,pass,yes,1.300000000000,78,0.230769230769,0.019230769231,no,COMPARISON_RELAXED
COMPARISON_RELAXED,195.000000000000,5.000000000000,795.000000,1.453371000000,547.004172,47.000000,50.000000,30,1,0.033333333333,0.010926199633,0.273154991,2.598896135,21.272319,21.389493,0.989073800367,0.010926199633,24.726845009,0.025641025641,6.500000000000,1.500000000000,1.300000000000,0.230769230769,0.007692307692,yes,0.007957559682,0.004625265769,0.115631644,22.304489,17.304457,high_risk,no,w0_high_risk,hard_fail,no,short_cavity,yes,pass,no,1.300000000000,195,0.230769230769,0.007692307692,no,COMPARISON_RELAXED
COMPARISON_RELAXED,195.000000000000,5.000000000000,795.000000,1.453371000000,547.004172,47.000000,50.000000,30,7,0.233333333333,0.447735768366,11.193394209,12.431523692,46.524591,62.605012,0.552264231634,0.447735768366,13.806605791,0.025641025641,6.500000000000,1.500000000000,1.300000000000,0.230769230769,0.007692307692,yes,0.001044204664,0.003262338820,0.081558471,22.304489,17.304457,high_risk,yes,w0_high_risk,warning,yes,pass,yes,pass,yes,1.300000000000,195,0.230769230769,0.007692307692,no,COMPARISON_RELAXED
COMPARISON_RELAXED,195.000000000000,5.000000000000,795.000000,1.453371000000,547.004172,47.000000,50.000000,30,11,0.366666666667,0.834565303179,20.864132579,9.289310318,40.217227,98.877805,0.165434696821,0.165434696821,4.135867421,0.025641025641,6.500000000000,1.500000000000,1.300000000000,0.230769230769,0.007692307692,yes,0.001104158999,0.002579974773,0.064499369,22.304489,17.304457,high_risk,yes,w0_high_risk,warning,yes,pass,yes,pass,yes,1.300000000000,195,0.230769230769,0.007692307692,no,COMPARISON_RELAXED
COMPARISON_RELAXED,195.000000000000,5.000000000000,795.000000,1.453371000000,547.004172,47.000000,50.000000,30,13,0.433333333333,0.956772728821,23.919318221,5.084208038,29.753087,143.104447,0.043227271179,0.043227271179,1.080681779,0.025641025641,6.500000000000,1.500000000000,1.300000000000,0.230769230769,0.007692307692,yes,0.001433349259,0.001841402836,0.046035071,22.304489,17.304457,high_risk,yes,w0_high_risk,warning,yes,pass,no,platform_too_narrow,no,1.300000000000,195,0.230769230769,0.007692307692,no,COMPARISON_RELAXED
COMPARISON_RELAXED,325.000000000000,5.000000000000,795.000000,1.453371000000,547.004172,47.000000,50.000000,50,1,0.020000000000,0.003942649343,0.098566234,1.566665420,16.516138,16.548794,0.996057350657,0.003942649343,24.901433766,0.015384615385,6.500000000000,1.500000000000,1.300000000000,0.230769230769,0.004615384615,yes,0.004709576138,0.001645641105,0.041141028,22.304489,17.231292,high_risk,no,w0_high_risk,hard_fail,no,short_cavity,no,platform_too_narrow,no,1.300000000000,325,0.230769230769,0.004615384615,no,COMPARISON_RELAXED
COMPARISON_RELAXED,325.000000000000,5.000000000000,795.000000,1.453371000000,547.004172,47.000000,50.000000,50,3,0.060000000000,0.035111757056,0.877793926,4.601556909,28.305627,28.816038,0.964888242944,0.035111757056,24.122206074,0.015384615385,6.500000000000,1.500000000000,1.300000000000,0.230769230769,0.004615384615,yes,0.000411353353,0.000475232018,0.011880800,22.304489,17.231292,high_risk,no,w0_high_risk,hard_fail,no,short_cavity,no,platform_too_narrow,no,1.300000000000,325,0.230769230769,0.004615384615,no,COMPARISON_RELAXED
COMPARISON_RELAXED,325.000000000000,5.000000000000,795.000000,1.453371000000,547.004172,47.000000,50.000000,50,7,0.140000000000,0.181288005126,4.532200128,9.631415535,40.951088,45.258470,0.818711994874,0.181288005126,20.467799872,0.015384615385,6.500000000000,1.500000000000,1.300000000000,0.230769230769,0.004615384615,yes,0.000766675185,0.001858501530,0.046462538,22.304489,17.231292,high_risk,yes,w0_high_risk,warning,yes,pass,no,platform_too_narrow,no,1.300000000000,325,0.230769230769,0.004615384615,no,COMPARISON_RELAXED
COMPARISON_RELAXED,325.000000000000,5.000000000000,795.000000,1.453371000000,547.004172,47.000000,50.000000,50,9,0.180000000000,0.287110354217,7.177758855,11.310338156,44.377024,52.558992,0.712889645783,0.287110354217,17.822241145,0.015384615385,6.500000000000,1.500000000000,1.300000000000,0.230769230769,0.004615384615,yes,0.000537923615,0.001529780137,0.038244503,22.304489,17.231292,high_risk,yes,w0_high_risk,warning,yes,pass,no,platform_too_narrow,no,1.300000000000,325,0.230769230769,0.004615384615,no,COMPARISON_RELAXED
COMPARISON_RELAXED,325.000000000000,5.000000000000,795.000000,1.453371000000,547.004172,47.000000,50.000000,50,11,0.220000000000,0.406309342707,10.157733568,12.278590634,46.237532,60.008744,0.593690657293,0.406309342707,14.842266432,0.015384615385,6.500000000000,1.500000000000,1.300000000000,0.230769230769,0.004615384615,yes,0.000625390869,0.001930382864,0.048259572,22.304489,17.231292,high_risk,yes,w0_high_risk,warning,yes,pass,no,platform_too_narrow,no,1.300000000000,325,0.230769230769,0.004615384615,no,COMPARISON_RELAXED
COMPARISON_RELAXED,325.000000000000,5.000000000000,795.000000,1.453371000000,547.004172,47.000000,50.000000,50,13,0.260000000000,0.531395259765,13.284881494,12.475334105,46.606498,68.083698,0.468604740235,0.468604740235,11.715118506,0.015384615385,6.500000000000,1.500000000000,1.300000000000,0.230769230769,0.004615384615,yes,0.000371609067,0.001165133515,0.029128338,22.304489,17.231292,high_risk,yes,w0_high_risk,warning,yes,pass,no,platform_too_narrow,no,1.300000000000,325,0.230769230769,0.004615384615,no,COMPARISON_RELAXED
COMPARISON_RELAXED,325.000000000000,5.000000000000,795.000000,1.453371000000,547.004172,47.000000,50.000000,50,17,0.340000000000,0.767913397489,19.197834937,10.554099069,42.867777,88.982772,0.232086602511,0.232086602511,5.802165063,0.015384615385,6.500000000000,1.500000000000,1.300000000000,0.230769230769,0.004615384615,yes,0.001636661211,0.004353702434,0.108842561,22.304489,17.231292,high_risk,yes,w0_high_risk,warning,yes,pass,yes,pass,yes,1.300000000000,325,0.230769230769,0.004615384615,no,COMPARISON_RELAXED
COMPARISON_RELAXED,325.000000000000,5.000000000000,795.000000,1.453371000000,547.004172,47.000000,50.000000,50,19,0.380000000000,0.864484313711,21.612107843,8.556838824,38.599089,104.853341,0.135515686289,0.135515686289,3.387892157,0.015384615385,6.500000000000,1.500000000000,1.300000000000,0.230769230769,0.004615384615,yes,0.000378931413,0.000814752334,0.020368808,22.304489,17.231292,high_risk,yes,w0_high_risk,warning,yes,pass,no,platform_too_narrow,no,1.300000000000,325,0.230769230769,0.004615384615,no,COMPARISON_RELAXED
COMPARISON_RELAXED,325.000000000000,5.000000000000,795.000000,1.453371000000,547.004172,47.000000,50.000000,50,21,0.420000000000,0.938153340022,23.453833501,6.021920926,32.380825,130.205636,0.061846659978,0.061846659978,1.546166499,0.015384615385,6.500000000000,1.500000000000,1.300000000000,0.230769230769,0.004615384615,yes,0.000391798354,0.000592657736,0.014816443,22.304489,17.231292,high_risk,yes,w0_high_risk,warning,yes,pass,no,platform_too_narrow,no,1.300000000000,325,0.230769230769,0.004615384615,no,COMPARISON_RELAXED
COMPARISON_RELAXED,325.000000000000,5.000000000000,795.000000,1.453371000000,547.004172,47.000000,50.000000,50,23,0.460000000000,0.984291580564,24.607289514,3.108623590,23.265075,185.625744,0.015708419436,0.015708419436,0.392710486,0.015384615385,6.500000000000,1.500000000000,1.300000000000,0.230769230769,0.004615384615,yes,0.000479769711,0.000373779161,0.009344479,22.304489,17.231292,high_risk,yes,w0_high_risk,warning,yes,pass,no,platform_too_narrow,no,1.300000000000,325,0.230769230769,0.004615384615,no,COMPARISON_RELAXED
COMPARISON_RELAXED,54.000000000000,6.000000000000,795.000000,1.453371000000,547.004172,47.000000,50.000000,9,1,0.111111111111,0.116977778441,2.924444461,8.034845121,37.403233,39.803689,0.883022221559,0.116977778441,22.075555539,0.111111111111,6.000000000000,0.000000000000,1.000000000000,0.000000000000,0.000000000000,no,0.000000000000,0.000000000000,0.000000000,21.613680,17.062176,high_risk,yes,w0_high_risk,warning,yes,pass,no,below_tau_threshold;platform_too_narrow,no,1.000000000000,54,0.000000000000,0.000000000000,yes,COMPARISON_RELAXED
COMPARISON_RELAXED,54.000000000000,6.000000000000,795.000000,1.453371000000,547.004172,47.000000,50.000000,9,2,0.222222222222,0.413175911167,10.329397779,12.310096913,46.296815,60.436200,0.586824088833,0.413175911167,14.670602221,0.111111111111,6.000000000000,0.000000000000,1.000000000000,0.000000000000,0.000000000000,no,0.000000000000,0.000000000000,0.000000000,21.613680,17.062176,high_risk,yes,w0_high_risk,warning,yes,pass,no,below_tau_threshold;platform_too_narrow,no,1.000000000000,54,0.000000000000,0.000000000000,yes,COMPARISON_RELAXED
COMPARISON_RELAXED,54.000000000000,6.000000000000,795.000000,1.453371000000,547.004172,47.000000,50.000000,9,4,0.444444444444,0.969846310393,24.246157760,4.275251792,27.283572,157.119830,0.030153689607,0.030153689607,0.753842240,0.111111111111,6.000000000000,0.000000000000,1.000000000000,0.000000000000,0.000000000000,no,0.000000000000,0.000000000000,0.000000000,21.613680,17.062176,high_risk,yes,w0_high_risk,warning,yes,pass,no,below_tau_threshold;platform_too_narrow,no,1.000000000000,54,0.000000000000,0.000000000000,yes,COMPARISON_RELAXED
COMPARISON_RELAXED,72.000000000000,6.000000000000,795.000000,1.453371000000,547.004172,47.000000,50.000000,12,1,0.083333333333,0.066987298108,1.674682453,6.250000000,32.988335,34.152037,0.933012701892,0.066987298108,23.325317547,0.083333333333,6.000000000000,0.000000000000,1.000000000000,0.000000000000,0.000000000000,no,0.000000000000,0.000000000000,0.000000000,21.613680,16.900023,high_risk,no,w0_high_risk,hard_fail,no,short_cavity,no,below_tau_threshold;platform_too_narrow,no,1.000000000000,72,0.000000000000,0.000000000000,yes,COMPARISON_RELAXED
COMPARISON_RELAXED,72.000000000000,6.000000000000,795.000000,1.453371000000,547.004172,47.000000,50.000000,12,5,0.416666666667,0.933012701892,23.325317547,6.250000000,32.988335,127.457138,0.066987298108,0.066987298108,1.674682453,0.083333333333,6.000000000000,0.000000000000,1.000000000000,0.000000000000,0.000000000000,no,0.000000000000,0.000000000000,0.000000000,21.613680,16.900023,high_risk,yes,w0_high_risk,warning,yes,pass,no,below_tau_threshold;platform_too_narrow,no,1.000000000000,72,0.000000000000,0.000000000000,yes,COMPARISON_RELAXED
COMPARISON_RELAXED,180.000000000000,6.000000000000,795.000000,1.453371000000,547.004172,47.000000,50.000000,30,1,0.033333333333,0.010926199633,0.273154991,2.598896135,21.272319,21.389493,0.989073800367,0.010926199633,24.726845009,0.033333333333,6.000000000000,0.000000000000,1.000000000000,0.000000000000,0.000000000000,no,0.000000000000,0.000000000000,0.000000000,21.613680,16.612251,high_risk,no,w0_high_risk,hard_fail,no,short_cavity,no,below_tau_threshold;platform_too_narrow,no,1.000000000000,180,0.000000000000,0.000000000000,yes,COMPARISON_RELAXED
COMPARISON_RELAXED,180.000000000000,6.000000000000,795.000000,1.453371000000,547.004172,47.000000,50.000000,30,7,0.233333333333,0.447735768366,11.193394209,12.431523692,46.524591,62.605012,0.552264231634,0.447735768366,13.806605791,0.033333333333,6.000000000000,0.000000000000,1.000000000000,0.000000000000,0.000000000000,no,0.000000000000,0.000000000000,0.000000000,21.613680,16.612251,high_risk,yes,w0_high_risk,warning,yes,pass,no,below_tau_threshold;platform_too_narrow,no,1.000000000000,180,0.000000000000,0.000000000000,yes,COMPARISON_RELAXED
COMPARISON_RELAXED,180.000000000000,6.000000000000,795.000000,1.453371000000,547.004172,47.000000,50.000000,30,11,0.366666666667,0.834565303179,20.864132579,9.289310318,40.217227,98.877805,0.165434696821,0.165434696821,4.135867421,0.033333333333,6.000000000000,0.000000000000,1.000000000000,0.000000000000,0.000000000000,no,0.000000000000,0.000000000000,0.000000000,21.613680,16.612251,high_risk,yes,w0_high_risk,warning,yes,pass,no,below_tau_threshold;platform_too_narrow,no,1.000000000000,180,0.000000000000,0.000000000000,yes,COMPARISON_RELAXED
COMPARISON_RELAXED,180.000000000000,6.000000000000,795.000000,1.453371000000,547.004172,47.000000,50.000000,30,13,0.433333333333,0.956772728821,23.919318221,5.084208038,29.753087,143.104447,0.043227271179,0.043227271179,1.080681779,0.033333333333,6.000000000000,0.000000000000,1.000000000000,0.000000000000,0.000000000000,no,0.000000000000,0.000000000000,0.000000000,21.613680,16.612251,high_risk,yes,w0_high_risk,warning,yes,pass,no,below_tau_threshold;platform_too_narrow,no,1.000000000000,180,0.000000000000,0.000000000000,yes,COMPARISON_RELAXED
COMPARISON_RELAXED,300.000000000000,6.000000000000,795.000000,1.453371000000,547.004172,47.000000,50.000000,50,1,0.020000000000,0.003942649343,0.098566234,1.566665420,16.516138,16.548794,0.996057350657,0.003942649343,24.901433766,0.020000000000,6.000000000000,0.000000000000,1.000000000000,0.000000000000,0.000000000000,no,0.000000000000,0.000000000000,0.000000000,21.613680,16.539036,high_risk,no,w0_high_risk,hard_fail,no,short_cavity,no,below_tau_threshold;platform_too_narrow,no,1.000000000000,300,0.000000000000,0.000000000000,yes,COMPARISON_RELAXED
COMPARISON_RELAXED,300.000000000000,6.000000000000,795.000000,1.453371000000,547.004172,47.000000,50.000000,50,3,0.060000000000,0.035111757056,0.877793926,4.601556909,28.305627,28.816038,0.964888242944,0.035111757056,24.122206074,0.020000000000,6.000000000000,0.000000000000,1.000000000000,0.000000000000,0.000000000000,no,0.000000000000,0.000000000000,0.000000000,21.613680,16.539036,high_risk,no,w0_high_risk,hard_fail,no,short_cavity,no,below_tau_threshold;platform_too_narrow,no,1.000000000000,300,0.000000000000,0.000000000000,yes,COMPARISON_RELAXED
COMPARISON_RELAXED,300.000000000000,6.000000000000,795.000000,1.453371000000,547.004172,47.000000,50.000000,50,7,0.140000000000,0.181288005126,4.532200128,9.631415535,40.951088,45.258470,0.818711994874,0.181288005126,20.467799872,0.020000000000,6.000000000000,0.000000000000,1.000000000000,0.000000000000,0.000000000000,no,0.000000000000,0.000000000000,0.000000000,21.613680,16.539036,high_risk,yes,w0_high_risk,warning,yes,pass,no,below_tau_threshold;platform_too_narrow,no,1.000000000000,300,0.000000000000,0.000000000000,yes,COMPARISON_RELAXED
COMPARISON_RELAXED,300.000000000000,6.000000000000,795.000000,1.453371000000,547.004172,47.000000,50.000000,50,9,0.180000000000,0.287110354217,7.177758855,11.310338156,44.377024,52.558992,0.712889645783,0.287110354217,17.822241145,0.020000000000,6.000000000000,0.000000000000,1.000000000000,0.000000000000,0.000000000000,no,0.000000000000,0.000000000000,0.000000000,21.613680,16.539036,high_risk,yes,w0_high_risk,warning,yes,pass,no,below_tau_threshold;platform_too_narrow,no,1.000000000000,300,0.000000000000,0.000000000000,yes,COMPARISON_RELAXED
COMPARISON_RELAXED,300.000000000000,6.000000000000,795.000000,1.453371000000,547.004172,47.000000,50.000000,50,11,0.220000000000,0.406309342707,10.157733568,12.278590634,46.237532,60.008744,0.593690657293,0.406309342707,14.842266432,0.020000000000,6.000000000000,0.000000000000,1.000000000000,0.000000000000,0.000000000000,no,0.000000000000,0.000000000000,0.000000000,21.613680,16.539036,high_risk,yes,w0_high_risk,warning,yes,pass,no,below_tau_threshold;platform_too_narrow,no,1.000000000000,300,0.000000000000,0.000000000000,yes,COMPARISON_RELAXED
COMPARISON_RELAXED,300.000000000000,6.000000000000,795.000000,1.453371000000,547.004172,47.000000,50.000000,50,13,0.260000000000,0.531395259765,13.284881494,12.475334105,46.606498,68.083698,0.468604740235,0.468604740235,11.715118506,0.020000000000,6.000000000000,0.000000000000,1.000000000000,0.000000000000,0.000000000000,no,0.000000000000,0.000000000000,0.000000000,21.613680,16.539036,high_risk,yes,w0_high_risk,warning,yes,pass,no,below_tau_threshold;platform_too_narrow,no,1.000000000000,300,0.000000000000,0.000000000000,yes,COMPARISON_RELAXED
COMPARISON_RELAXED,300.000000000000,6.000000000000,795.000000,1.453371000000,547.004172,47.000000,50.000000,50,17,0.340000000000,0.767913397489,19.197834937,10.554099069,42.867777,88.982772,0.232086602511,0.232086602511,5.802165063,0.020000000000,6.000000000000,0.000000000000,1.000000000000,0.000000000000,0.000000000000,no,0.000000000000,0.000000000000,0.000000000,21.613680,16.539036,high_risk,yes,w0_high_risk,warning,yes,pass,no,below_tau_threshold;platform_too_narrow,no,1.000000000000,300,0.000000000000,0.000000000000,yes,COMPARISON_RELAXED
COMPARISON_RELAXED,300.000000000000,6.000000000000,795.000000,1.453371000000,547.004172,47.000000,50.000000,50,19,0.380000000000,0.864484313711,21.612107843,8.556838824,38.599089,104.853341,0.135515686289,0.135515686289,3.387892157,0.020000000000,6.000000000000,0.000000000000,1.000000000000,0.000000000000,0.000000000000,no,0.000000000000,0.000000000000,0.000000000,21.613680,16.539036,high_risk,yes,w0_high_risk,warning,yes,pass,no,below_tau_threshold;platform_too_narrow,no,1.000000000000,300,0.000000000000,0.000000000000,yes,COMPARISON_RELAXED
COMPARISON_RELAXED,300.000000000000,6.000000000000,795.000000,1.453371000000,547.004172,47.000000,50.000000,50,21,0.420000000000,0.938153340022,23.453833501,6.021920926,32.380825,130.205636,0.061846659978,0.061846659978,1.546166499,0.020000000000,6.000000000000,0.000000000000,1.000000000000,0.000000000000,0.000000000000,no,0.000000000000,0.000000000000,0.000000000,21.613680,16.539036,high_risk,yes,w0_high_risk,warning,yes,pass,no,below_tau_threshold;platform_too_narrow,no,1.000000000000,300,0.000000000000,0.000000000000,yes,COMPARISON_RELAXED
COMPARISON_RELAXED,300.000000000000,6.000000000000,795.000000,1.453371000000,547.004172,47.000000,50.000000,50,23,0.460000000000,0.984291580564,24.607289514,3.108623590,23.265075,185.625744,0.015708419436,0.015708419436,0.392710486,0.020000000000,6.000000000000,0.000000000000,1.000000000000,0.000000000000,0.000000000000,no,0.000000000000,0.000000000000,0.000000000,21.613680,16.539036,high_risk,yes,w0_high_risk,warning,yes,pass,no,below_tau_threshold;platform_too_narrow,no,1.000000000000,300,0.000000000000,0.000000000000,yes,COMPARISON_RELAXED
COMPARISON_RELAXED,55.080000000000,6.000000000000,795.000000,1.453371000000,547.004172,47.000000,50.000000,9,1,0.111111111111,0.116977778441,2.924444461,8.034845121,37.403233,39.803689,0.883022221559,0.116977778441,22.075555539,0.108932461874,6.120000000000,0.120000000000,1.020000000000,0.019607843137,0.002178649237,yes,0.002450980392,0.004913990365,0.122849759,21.784520,17.233298,high_risk,yes,w0_high_risk,warning,yes,pass,yes,pass,yes,1.020000000000,56,0.019607843137,0.002178649237,no,COMPARISON_RELAXED
COMPARISON_RELAXED,55.080000000000,6.000000000000,795.000000,1.453371000000,547.004172,47.000000,50.000000,9,2,0.222222222222,0.413175911167,10.329397779,12.310096913,46.296815,60.436200,0.586824088833,0.413175911167,14.670602221,0.108932461874,6.120000000000,0.120000000000,1.020000000000,0.019607843137,0.002178649237,yes,0.000980392157,0.003033378845,0.075834471,21.784520,17.233298,high_risk,yes,w0_high_risk,warning,yes,pass,yes,pass,yes,1.020000000000,56,0.019607843137,0.002178649237,no,COMPARISON_RELAXED
COMPARISON_RELAXED,55.080000000000,6.000000000000,795.000000,1.453371000000,547.004172,47.000000,50.000000,9,4,0.444444444444,0.969846310393,24.246157760,4.275251792,27.283572,157.119830,0.030153689607,0.030153689607,0.753842240,0.108932461874,6.120000000000,0.120000000000,1.020000000000,0.019607843137,0.002178649237,yes,0.001400560224,0.001494768934,0.037369223,21.784520,17.233298,high_risk,yes,w0_high_risk,warning,yes,pass,no,platform_too_narrow,no,1.020000000000,56,0.019607843137,0.002178649237,no,COMPARISON_RELAXED
COMPARISON_RELAXED,73.440000000000,6.000000000000,795.000000,1.453371000000,547.004172,47.000000,50.000000,12,1,0.083333333333,0.066987298108,1.674682453,6.250000000,32.988335,34.152037,0.933012701892,0.066987298108,23.325317547,0.081699346405,6.120000000000,0.120000000000,1.020000000000,0.019607843137,0.001633986928,yes,0.001782531194,0.002777316505,0.069432913,21.784520,17.071176,high_risk,no,w0_high_risk,hard_fail,no,short_cavity,yes,pass,no,1.020000000000,74,0.019607843137,0.001633986928,no,COMPARISON_RELAXED
COMPARISON_RELAXED,73.440000000000,6.000000000000,795.000000,1.453371000000,547.004172,47.000000,50.000000,12,5,0.416666666667,0.933012701892,23.325317547,6.250000000,32.988335,127.457138,0.066987298108,0.066987298108,1.674682453,0.081699346405,6.120000000000,0.120000000000,1.020000000000,0.019607843137,0.001633986928,yes,0.000560224090,0.000880444548,0.022011114,21.784520,17.071176,high_risk,yes,w0_high_risk,warning,yes,pass,no,platform_too_narrow,no,1.020000000000,74,0.019607843137,0.001633986928,no,COMPARISON_RELAXED
COMPARISON_RELAXED,183.600000000000,6.000000000000,795.000000,1.453371000000,547.004172,47.000000,50.000000,30,1,0.033333333333,0.010926199633,0.273154991,2.598896135,21.272319,21.389493,0.989073800367,0.010926199633,24.726845009,0.032679738562,6.120000000000,0.120000000000,1.020000000000,0.019607843137,0.000653594771,yes,0.000676132522,0.000437511761,0.010937794,21.784520,16.783457,high_risk,no,w0_high_risk,hard_fail,no,short_cavity,no,platform_too_narrow,no,1.020000000000,184,0.019607843137,0.000653594771,no,COMPARISON_RELAXED
COMPARISON_RELAXED,183.600000000000,6.000000000000,795.000000,1.453371000000,547.004172,47.000000,50.000000,30,7,0.233333333333,0.447735768366,11.193394209,12.431523692,46.524591,62.605012,0.552264231634,0.447735768366,13.806605791,0.032679738562,6.120000000000,0.120000000000,1.020000000000,0.019607843137,0.000653594771,yes,0.000088723272,0.000277204368,0.006930109,21.784520,16.783457,high_risk,yes,w0_high_risk,warning,yes,pass,no,platform_too_narrow,no,1.020000000000,184,0.019607843137,0.000653594771,no,COMPARISON_RELAXED
COMPARISON_RELAXED,183.600000000000,6.000000000000,795.000000,1.453371000000,547.004172,47.000000,50.000000,30,11,0.366666666667,0.834565303179,20.864132579,9.289310318,40.217227,98.877805,0.165434696821,0.165434696821,4.135867421,0.032679738562,6.120000000000,0.120000000000,1.020000000000,0.019607843137,0.000653594771,yes,0.000093817431,0.000219047144,0.005476179,21.784520,16.783457,high_risk,yes,w0_high_risk,warning,yes,pass,no,platform_too_narrow,no,1.020000000000,184,0.019607843137,0.000653594771,no,COMPARISON_RELAXED
COMPARISON_RELAXED,183.600000000000,6.000000000000,795.000000,1.453371000000,547.004172,47.000000,50.000000,30,13,0.433333333333,0.956772728821,23.919318221,5.084208038,29.753087,143.104447,0.043227271179,0.043227271179,1.080681779,0.032679738562,6.120000000000,0.120000000000,1.020000000000,0.019607843137,0.000653594771,yes,0.000121787846,0.000155691930,0.003892298,21.784520,16.783457,high_risk,yes,w0_high_risk,warning,yes,pass,no,platform_too_narrow,no,1.020000000000,184,0.019607843137,0.000653594771,no,COMPARISON_RELAXED
COMPARISON_RELAXED,306.000000000000,6.000000000000,795.000000,1.453371000000,547.004172,47.000000,50.000000,50,1,0.020000000000,0.003942649343,0.098566234,1.566665420,16.516138,16.548794,0.996057350657,0.003942649343,24.901433766,0.019607843137,6.120000000000,0.120000000000,1.020000000000,0.019607843137,0.000392156863,yes,0.000400160064,0.000156056034,0.003901401,21.784520,16.710256,high_risk,no,w0_high_risk,hard_fail,no,short_cavity,no,platform_too_narrow,no,1.020000000000,306,0.019607843137,0.000392156863,no,COMPARISON_RELAXED
COMPARISON_RELAXED,306.000000000000,6.000000000000,795.000000,1.453371000000,547.004172,47.000000,50.000000,50,3,0.060000000000,0.035111757056,0.877793926,4.601556909,28.305627,28.816038,0.964888242944,0.035111757056,24.122206074,0.019607843137,6.120000000000,0.120000000000,1.020000000000,0.019607843137,0.000392156863,yes,0.000034951592,0.000040417838,0.001010446,21.784520,16.710256,high_risk,no,w0_high_risk,hard_fail,no,short_cavity,no,platform_too_narrow,no,1.020000000000,306,0.019607843137,0.000392156863,no,COMPARISON_RELAXED
COMPARISON_RELAXED,306.000000000000,6.000000000000,795.000000,1.453371000000,547.004172,47.000000,50.000000,50,7,0.140000000000,0.181288005126,4.532200128,9.631415535,40.951088,45.258470,0.818711994874,0.181288005126,20.467799872,0.019607843137,6.120000000000,0.120000000000,1.020000000000,0.019607843137,0.000392156863,yes,0.000065142336,0.000157705281,0.003942632,21.784520,16.710256,high_risk,yes,w0_high_risk,warning,yes,pass,no,platform_too_narrow,no,1.020000000000,306,0.019607843137,0.000392156863,no,COMPARISON_RELAXED
COMPARISON_RELAXED,306.000000000000,6.000000000000,795.000000,1.453371000000,547.004172,47.000000,50.000000,50,9,0.180000000000,0.287110354217,7.177758855,11.310338156,44.377024,52.558992,0.712889645783,0.287110354217,17.822241145,0.019607843137,6.120000000000,0.120000000000,1.020000000000,0.019607843137,0.000392156863,yes,0.000045705928,0.000129928496,0.003248212,21.784520,16.710256,high_risk,yes,w0_high_risk,warning,yes,pass,no,platform_too_narrow,no,1.020000000000,306,0.019607843137,0.000392156863,no,COMPARISON_RELAXED
COMPARISON_RELAXED,306.000000000000,6.000000000000,795.000000,1.453371000000,547.004172,47.000000,50.000000,50,11,0.220000000000,0.406309342707,10.157733568,12.278590634,46.237532,60.008744,0.593690657293,0.406309342707,14.842266432,0.019607843137,6.120000000000,0.120000000000,1.020000000000,0.019607843137,0.000392156863,yes,0.000053137786,0.000163983701,0.004099593,21.784520,16.710256,high_risk,yes,w0_high_risk,warning,yes,pass,no,platform_too_narrow,no,1.020000000000,306,0.019607843137,0.000392156863,no,COMPARISON_RELAXED
COMPARISON_RELAXED,306.000000000000,6.000000000000,795.000000,1.453371000000,547.004172,47.000000,50.000000,50,13,0.260000000000,0.531395259765,13.284881494,12.475334105,46.606498,68.083698,0.468604740235,0.468604740235,11.715118506,0.019607843137,6.120000000000,0.120000000000,1.020000000000,0.019607843137,0.000392156863,yes,0.000031574627,0.000098998828,0.002474971,21.784520,16.710256,high_risk,yes,w0_high_risk,warning,yes,pass,no,platform_too_narrow,no,1.020000000000,306,0.019607843137,0.000392156863,no,COMPARISON_RELAXED
COMPARISON_RELAXED,306.000000000000,6.000000000000,795.000000,1.453371000000,547.004172,47.000000,50.000000,50,17,0.340000000000,0.767913397489,19.197834937,10.554099069,42.867777,88.982772,0.232086602511,0.232086602511,5.802165063,0.019607843137,6.120000000000,0.120000000000,1.020000000000,0.019607843137,0.000392156863,yes,0.000139062717,0.000368958601,0.009223965,21.784520,16.710256,high_risk,yes,w0_high_risk,warning,yes,pass,no,platform_too_narrow,no,1.020000000000,306,0.019607843137,0.000392156863,no,COMPARISON_RELAXED
COMPARISON_RELAXED,306.000000000000,6.000000000000,795.000000,1.453371000000,547.004172,47.000000,50.000000,50,19,0.380000000000,0.864484313711,21.612107843,8.556838824,38.599089,104.853341,0.135515686289,0.135515686289,3.387892157,0.019607843137,6.120000000000,0.120000000000,1.020000000000,0.019607843137,0.000392156863,yes,0.000032196787,0.000069240191,0.001731005,21.784520,16.710256,high_risk,yes,w0_high_risk,warning,yes,pass,no,platform_too_narrow,no,1.020000000000,306,0.019607843137,0.000392156863,no,COMPARISON_RELAXED
COMPARISON_RELAXED,306.000000000000,6.000000000000,795.000000,1.453371000000,547.004172,47.000000,50.000000,50,21,0.420000000000,0.938153340022,23.453833501,6.021920926,32.380825,130.205636,0.061846659978,0.061846659978,1.546166499,0.019607843137,6.120000000000,0.120000000000,1.020000000000,0.019607843137,0.000392156863,yes,0.000033290056,0.000050381328,0.001259533,21.784520,16.710256,high_risk,yes,w0_high_risk,warning,yes,pass,no,platform_too_narrow,no,1.020000000000,306,0.019607843137,0.000392156863,no,COMPARISON_RELAXED
COMPARISON_RELAXED,306.000000000000,6.000000000000,795.000000,1.453371000000,547.004172,47.000000,50.000000,50,23,0.460000000000,0.984291580564,24.607289514,3.108623590,23.265075,185.625744,0.015708419436,0.015708419436,0.392710486,0.019607843137,6.120000000000,0.120000000000,1.020000000000,0.019607843137,0.000392156863,yes,0.000040764747,0.000031841151,0.000796029,21.784520,16.710256,high_risk,yes,w0_high_risk,warning,yes,pass,no,platform_too_narrow,no,1.020000000000,306,0.019607843137,0.000392156863,no,COMPARISON_RELAXED
COMPARISON_RELAXED,56.700000000000,6.000000000000,795.000000,1.453371000000,547.004172,47.000000,50.000000,9,1,0.111111111111,0.116977778441,2.924444461,8.034845121,37.403233,39.803689,0.883022221559,0.116977778441,22.075555539,0.105820105820,6.300000000000,0.300000000000,1.050000000000,0.047619047619,0.005291005291,yes,0.005952380952,0.011809799232,0.295244981,22.034681,17.483853,high_risk,yes,w0_high_risk,warning,yes,pass,yes,pass,yes,1.050000000000,57,0.047619047619,0.005291005291,no,COMPARISON_RELAXED
COMPARISON_RELAXED,56.700000000000,6.000000000000,795.000000,1.453371000000,547.004172,47.000000,50.000000,9,2,0.222222222222,0.413175911167,10.329397779,12.310096913,46.296815,60.436200,0.586824088833,0.413175911167,14.670602221,0.105820105820,6.300000000000,0.300000000000,1.050000000000,0.047619047619,0.005291005291,yes,0.002380952381,0.007367353037,0.184183826,22.034681,17.483853,high_risk,yes,w0_high_risk,warning,yes,pass,yes,pass,yes,1.050000000000,57,0.047619047619,0.005291005291,no,COMPARISON_RELAXED
COMPARISON_RELAXED,56.700000000000,6.000000000000,795.000000,1.453371000000,547.004172,47.000000,50.000000,9,4,0.444444444444,0.969846310393,24.246157760,4.275251792,27.283572,157.119830,0.030153689607,0.030153689607,0.753842240,0.105820105820,6.300000000000,0.300000000000,1.050000000000,0.047619047619,0.005291005291,yes,0.003401360544,0.003594978620,0.089874465,22.034681,17.483853,high_risk,yes,w0_high_risk,warning,yes,pass,yes,pass,yes,1.050000000000,57,0.047619047619,0.005291005291,no,COMPARISON_RELAXED
COMPARISON_RELAXED,75.600000000000,6.000000000000,795.000000,1.453371000000,547.004172,47.000000,50.000000,12,1,0.083333333333,0.066987298108,1.674682453,6.250000000,32.988335,34.152037,0.933012701892,0.066987298108,23.325317547,0.079365079365,6.300000000000,0.300000000000,1.050000000000,0.047619047619,0.003968253968,yes,0.004329004329,0.006665862005,0.166646550,22.034681,17.321773,high_risk,no,w0_high_risk,hard_fail,no,short_cavity,yes,pass,no,1.050000000000,76,0.047619047619,0.003968253968,no,COMPARISON_RELAXED
COMPARISON_RELAXED,75.600000000000,6.000000000000,795.000000,1.453371000000,547.004172,47.000000,50.000000,12,5,0.416666666667,0.933012701892,23.325317547,6.250000000,32.988335,127.457138,0.066987298108,0.066987298108,1.674682453,0.079365079365,6.300000000000,0.300000000000,1.050000000000,0.047619047619,0.003968253968,yes,0.001360544218,0.002139767767,0.053494194,22.034681,17.321773,high_risk,yes,w0_high_risk,warning,yes,pass,yes,pass,yes,1.050000000000,76,0.047619047619,0.003968253968,no,COMPARISON_RELAXED
COMPARISON_RELAXED,189.000000000000,6.000000000000,795.000000,1.453371000000,547.004172,47.000000,50.000000,30,1,0.033333333333,0.010926199633,0.273154991,2.598896135,21.272319,21.389493,0.989073800367,0.010926199633,24.726845009,0.031746031746,6.300000000000,0.300000000000,1.050000000000,0.047619047619,0.001587301587,yes,0.001642036125,0.001048223647,0.026205591,22.034681,17.034129,high_risk,no,w0_high_risk,hard_fail,no,short_cavity,no,platform_too_narrow,no,1.050000000000,189,0.047619047619,0.001587301587,no,COMPARISON_RELAXED
COMPARISON_RELAXED,189.000000000000,6.000000000000,795.000000,1.453371000000,547.004172,47.000000,50.000000,30,7,0.233333333333,0.447735768366,11.193394209,12.431523692,46.524591,62.605012,0.552264231634,0.447735768366,13.806605791,0.031746031746,6.300000000000,0.300000000000,1.050000000000,0.047619047619,0.001587301587,yes,0.000215470804,0.000673206807,0.016830170,22.034681,17.034129,high_risk,yes,w0_high_risk,warning,yes,pass,no,platform_too_narrow,no,1.050000000000,189,0.047619047619,0.001587301587,no,COMPARISON_RELAXED
COMPARISON_RELAXED,189.000000000000,6.000000000000,795.000000,1.453371000000,547.004172,47.000000,50.000000,30,11,0.366666666667,0.834565303179,20.864132579,9.289310318,40.217227,98.877805,0.165434696821,0.165434696821,4.135867421,0.031746031746,6.300000000000,0.300000000000,1.050000000000,0.047619047619,0.001587301587,yes,0.000227842333,0.000532025366,0.013300634,22.034681,17.034129,high_risk,yes,w0_high_risk,warning,yes,pass,no,platform_too_narrow,no,1.050000000000,189,0.047619047619,0.001587301587,no,COMPARISON_RELAXED
COMPARISON_RELAXED,189.000000000000,6.000000000000,795.000000,1.453371000000,547.004172,47.000000,50.000000,30,13,0.433333333333,0.956772728821,23.919318221,5.084208038,29.753087,143.104447,0.043227271179,0.043227271179,1.080681779,0.031746031746,6.300000000000,0.300000000000,1.050000000000,0.047619047619,0.001587301587,yes,0.000295770482,0.000378356339,0.009458908,22.034681,17.034129,high_risk,yes,w0_high_risk,warning,yes,pass,no,platform_too_narrow,no,1.050000000000,189,0.047619047619,0.001587301587,no,COMPARISON_RELAXED
COMPARISON_RELAXED,315.000000000000,6.000000000000,795.000000,1.453371000000,547.004172,47.000000,50.000000,50,1,0.020000000000,0.003942649343,0.098566234,1.566665420,16.516138,16.548794,0.996057350657,0.003942649343,24.901433766,0.019047619048,6.300000000000,0.300000000000,1.050000000000,0.047619047619,0.000952380952,yes,0.000971817298,0.000373769196,0.009344230,22.034681,16.960946,high_risk,no,w0_high_risk,hard_fail,no,short_cavity,no,platform_too_narrow,no,1.050000000000,315,0.047619047619,0.000952380952,no,COMPARISON_RELAXED
COMPARISON_RELAXED,315.000000000000,6.000000000000,795.000000,1.453371000000,547.004172,47.000000,50.000000,50,3,0.060000000000,0.035111757056,0.877793926,4.601556909,28.305627,28.816038,0.964888242944,0.035111757056,24.122206074,0.019047619048,6.300000000000,0.300000000000,1.050000000000,0.047619047619,0.000952380952,yes,0.000084882438,0.000098145159,0.002453629,22.034681,16.960946,high_risk,no,w0_high_risk,hard_fail,no,short_cavity,no,platform_too_narrow,no,1.050000000000,315,0.047619047619,0.000952380952,no,COMPARISON_RELAXED
COMPARISON_RELAXED,315.000000000000,6.000000000000,795.000000,1.453371000000,547.004172,47.000000,50.000000,50,7,0.140000000000,0.181288005126,4.532200128,9.631415535,40.951088,45.258470,0.818711994874,0.181288005126,20.467799872,0.019047619048,6.300000000000,0.300000000000,1.050000000000,0.047619047619,0.000952380952,yes,0.000158202816,0.000383065193,0.009576630,22.034681,16.960946,high_risk,yes,w0_high_risk,warning,yes,pass,no,platform_too_narrow,no,1.050000000000,315,0.047619047619,0.000952380952,no,COMPARISON_RELAXED
COMPARISON_RELAXED,315.000000000000,6.000000000000,795.000000,1.453371000000,547.004172,47.000000,50.000000,50,9,0.180000000000,0.287110354217,7.177758855,11.310338156,44.377024,52.558992,0.712889645783,0.287110354217,17.822241145,0.019047619048,6.300000000000,0.300000000000,1.050000000000,0.047619047619,0.000952380952,yes,0.000111000111,0.000315557678,0.007888942,22.034681,16.960946,high_risk,yes,w0_high_risk,warning,yes,pass,no,platform_too_narrow,no,1.050000000000,315,0.047619047619,0.000952380952,no,COMPARISON_RELAXED
COMPARISON_RELAXED,315.000000000000,6.000000000000,795.000000,1.453371000000,547.004172,47.000000,50.000000,50,11,0.220000000000,0.406309342707,10.157733568,12.278590634,46.237532,60.008744,0.593690657293,0.406309342707,14.842266432,0.019047619048,6.300000000000,0.300000000000,1.050000000000,0.047619047619,0.000952380952,yes,0.000129048910,0.000398257706,0.009956443,22.034681,16.960946,high_risk,yes,w0_high_risk,warning,yes,pass,no,platform_too_narrow,no,1.050000000000,315,0.047619047619,0.000952380952,no,COMPARISON_RELAXED
COMPARISON_RELAXED,315.000000000000,6.000000000000,795.000000,1.453371000000,547.004172,47.000000,50.000000,50,13,0.260000000000,0.531395259765,13.284881494,12.475334105,46.606498,68.083698,0.468604740235,0.468604740235,11.715118506,0.019047619048,6.300000000000,0.300000000000,1.050000000000,0.047619047619,0.000952380952,yes,0.000076681236,0.000240425551,0.006010639,22.034681,16.960946,high_risk,yes,w0_high_risk,warning,yes,pass,no,platform_too_narrow,no,1.050000000000,315,0.047619047619,0.000952380952,no,COMPARISON_RELAXED
COMPARISON_RELAXED,315.000000000000,6.000000000000,795.000000,1.453371000000,547.004172,47.000000,50.000000,50,17,0.340000000000,0.767913397489,19.197834937,10.554099069,42.867777,88.982772,0.232086602511,0.232086602511,5.802165063,0.019047619048,6.300000000000,0.300000000000,1.050000000000,0.047619047619,0.000952380952,yes,0.000337723742,0.000896354086,0.022408852,22.034681,16.960946,high_risk,yes,w0_high_risk,warning,yes,pass,no,platform_too_narrow,no,1.050000000000,315,0.047619047619,0.000952380952,no,COMPARISON_RELAXED
COMPARISON_RELAXED,315.000000000000,6.000000000000,795.000000,1.453371000000,547.004172,47.000000,50.000000,50,19,0.380000000000,0.864484313711,21.612107843,8.556838824,38.599089,104.853341,0.135515686289,0.135515686289,3.387892157,0.019047619048,6.300000000000,0.300000000000,1.050000000000,0.047619047619,0.000952380952,yes,0.000078192196,0.000168150608,0.004203765,22.034681,16.960946,high_risk,yes,w0_high_risk,warning,yes,pass,no,platform_too_narrow,no,1.050000000000,315,0.047619047619,0.000952380952,no,COMPARISON_RELAXED
COMPARISON_RELAXED,315.000000000000,6.000000000000,795.000000,1.453371000000,547.004172,47.000000,50.000000,50,21,0.420000000000,0.938153340022,23.453833501,6.021920926,32.380825,130.205636,0.061846659978,0.061846659978,1.546166499,0.019047619048,6.300000000000,0.300000000000,1.050000000000,0.047619047619,0.000952380952,yes,0.000080847279,0.000122346671,0.003058667,22.034681,16.960946,high_risk,yes,w0_high_risk,warning,yes,pass,no,platform_too_narrow,no,1.050000000000,315,0.047619047619,0.000952380952,no,COMPARISON_RELAXED
COMPARISON_RELAXED,315.000000000000,6.000000000000,795.000000,1.453371000000,547.004172,47.000000,50.000000,50,23,0.460000000000,0.984291580564,24.607289514,3.108623590,23.265075,185.625744,0.015708419436,0.015708419436,0.392710486,0.019047619048,6.300000000000,0.300000000000,1.050000000000,0.047619047619,0.000952380952,yes,0.000099000099,0.000077302052,0.001932551,22.034681,16.960946,high_risk,yes,w0_high_risk,warning,yes,pass,no,platform_too_narrow,no,1.050000000000,315,0.047619047619,0.000952380952,no,COMPARISON_RELAXED
COMPARISON_RELAXED,59.400000000000,6.000000000000,795.000000,1.453371000000,547.004172,47.000000,50.000000,9,1,0.111111111111,0.116977778441,2.924444461,8.034845121,37.403233,39.803689,0.883022221559,0.116977778441,22.075555539,0.101010101010,6.600000000000,0.600000000000,1.100000000000,0.090909090909,0.010101010101,yes,0.011363636364,0.022174651848,0.554366296,22.436332,17.886091,high_risk,yes,w0_high_risk,warning,yes,pass,yes,pass,yes,1.100000000000,60,0.090909090909,0.010101010101,no,COMPARISON_RELAXED
COMPARISON_RELAXED,59.400000000000,6.000000000000,795.000000,1.453371000000,547.004172,47.000000,50.000000,9,2,0.222222222222,0.413175911167,10.329397779,12.310096913,46.296815,60.436200,0.586824088833,0.413175911167,14.670602221,0.101010101010,6.600000000000,0.600000000000,1.100000000000,0.090909090909,0.010101010101,yes,0.004545454545,0.014066460479,0.351661512,22.436332,17.886091,high_risk,yes,w0_high_risk,warning,yes,pass,yes,pass,yes,1.100000000000,60,0.090909090909,0.010101010101,no,COMPARISON_RELAXED
COMPARISON_RELAXED,59.400000000000,6.000000000000,795.000000,1.453371000000,547.004172,47.000000,50.000000,9,4,0.444444444444,0.969846310393,24.246157760,4.275251792,27.283572,157.119830,0.030153689607,0.030153689607,0.753842240,0.101010101010,6.600000000000,0.600000000000,1.100000000000,0.090909090909,0.010101010101,yes,0.006493506494,0.006759026430,0.168975661,22.436332,17.886091,high_risk,yes,w0_high_risk,warning,yes,pass,yes,pass,yes,1.100000000000,60,0.090909090909,0.010101010101,no,COMPARISON_RELAXED
COMPARISON_RELAXED,79.200000000000,6.000000000000,795.000000,1.453371000000,547.004172,47.000000,50.000000,12,1,0.083333333333,0.066987298108,1.674682453,6.250000000,32.988335,34.152037,0.933012701892,0.066987298108,23.325317547,0.075757575758,6.600000000000,0.600000000000,1.100000000000,0.090909090909,0.007575757576,yes,0.008264462810,0.012490888830,0.312272221,22.436332,17.724076,high_risk,no,w0_high_risk,hard_fail,no,short_cavity,yes,pass,no,1.100000000000,80,0.090909090909,0.007575757576,no,COMPARISON_RELAXED
COMPARISON_RELAXED,79.200000000000,6.000000000000,795.000000,1.453371000000,547.004172,47.000000,50.000000,12,5,0.416666666667,0.933012701892,23.325317547,6.250000000,32.988335,127.457138,0.066987298108,0.066987298108,1.674682453,0.075757575758,6.600000000000,0.600000000000,1.100000000000,0.090909090909,0.007575757576,yes,0.002597402597,0.004089552057,0.102238801,22.436332,17.724076,high_risk,yes,w0_high_risk,warning,yes,pass,yes,pass,yes,1.100000000000,80,0.090909090909,0.007575757576,no,COMPARISON_RELAXED
COMPARISON_RELAXED,198.000000000000,6.000000000000,795.000000,1.453371000000,547.004172,47.000000,50.000000,30,1,0.033333333333,0.010926199633,0.273154991,2.598896135,21.272319,21.389493,0.989073800367,0.010926199633,24.726845009,0.030303030303,6.600000000000,0.600000000000,1.100000000000,0.090909090909,0.003030303030,yes,0.003134796238,0.001958905899,0.048972647,22.436332,17.436542,high_risk,no,w0_high_risk,hard_fail,no,short_cavity,no,platform_too_narrow,no,1.100000000000,198,0.090909090909,0.003030303030,no,COMPARISON_RELAXED
COMPARISON_RELAXED,198.000000000000,6.000000000000,795.000000,1.453371000000,547.004172,47.000000,50.000000,30,7,0.233333333333,0.447735768366,11.193394209,12.431523692,46.524591,62.605012,0.552264231634,0.447735768366,13.806605791,0.030303030303,6.600000000000,0.600000000000,1.100000000000,0.090909090909,0.003030303030,yes,0.000411353353,0.001285201638,0.032130041,22.436332,17.436542,high_risk,yes,w0_high_risk,warning,yes,pass,no,platform_too_narrow,no,1.100000000000,198,0.090909090909,0.003030303030,no,COMPARISON_RELAXED
COMPARISON_RELAXED,198.000000000000,6.000000000000,795.000000,1.453371000000,547.004172,47.000000,50.000000,30,11,0.366666666667,0.834565303179,20.864132579,9.289310318,40.217227,98.877805,0.165434696821,0.165434696821,4.135867421,0.030303030303,6.600000000000,0.600000000000,1.100000000000,0.090909090909,0.003030303030,yes,0.000434971727,0.001015843177,0.025396079,22.436332,17.436542,high_risk,yes,w0_high_risk,warning,yes,pass,no,platform_too_narrow,no,1.100000000000,198,0.090909090909,0.003030303030,no,COMPARISON_RELAXED
COMPARISON_RELAXED,198.000000000000,6.000000000000,795.000000,1.453371000000,547.004172,47.000000,50.000000,30,13,0.433333333333,0.956772728821,23.919318221,5.084208038,29.753087,143.104447,0.043227271179,0.043227271179,1.080681779,0.030303030303,6.600000000000,0.600000000000,1.100000000000,0.090909090909,0.003030303030,yes,0.000564652739,0.000723046221,0.018076156,22.436332,17.436542,high_risk,yes,w0_high_risk,warning,yes,pass,no,platform_too_narrow,no,1.100000000000,198,0.090909090909,0.003030303030,no,COMPARISON_RELAXED
COMPARISON_RELAXED,330.000000000000,6.000000000000,795.000000,1.453371000000,547.004172,47.000000,50.000000,50,1,0.020000000000,0.003942649343,0.098566234,1.566665420,16.516138,16.548794,0.996057350657,0.003942649343,24.901433766,0.018181818182,6.600000000000,0.600000000000,1.100000000000,0.090909090909,0.001818181818,yes,0.001855287570,0.000698140739,0.017453518,22.436332,17.363386,high_risk,no,w0_high_risk,hard_fail,no,short_cavity,no,platform_too_narrow,no,1.100000000000,330,0.090909090909,0.001818181818,no,COMPARISON_RELAXED
COMPARISON_RELAXED,330.000000000000,6.000000000000,795.000000,1.453371000000,547.004172,47.000000,50.000000,50,3,0.060000000000,0.035111757056,0.877793926,4.601556909,28.305627,28.816038,0.964888242944,0.035111757056,24.122206074,0.018181818182,6.600000000000,0.600000000000,1.100000000000,0.090909090909,0.001818181818,yes,0.000162048290,0.000187331303,0.004683283,22.436332,17.363386,high_risk,no,w0_high_risk,hard_fail,no,short_cavity,no,platform_too_narrow,no,1.100000000000,330,0.090909090909,0.001818181818,no,COMPARISON_RELAXED
COMPARISON_RELAXED,330.000000000000,6.000000000000,795.000000,1.453371000000,547.004172,47.000000,50.000000,50,7,0.140000000000,0.181288005126,4.532200128,9.631415535,40.951088,45.258470,0.818711994874,0.181288005126,20.467799872,0.018181818182,6.600000000000,0.600000000000,1.100000000000,0.090909090909,0.001818181818,yes,0.000302023558,0.000731502828,0.018287571,22.436332,17.363386,high_risk,yes,w0_high_risk,warning,yes,pass,no,platform_too_narrow,no,1.100000000000,330,0.090909090909,0.001818181818,no,COMPARISON_RELAXED
COMPARISON_RELAXED,330.000000000000,6.000000000000,795.000000,1.453371000000,547.004172,47.000000,50.000000,50,9,0.180000000000,0.287110354217,7.177758855,11.310338156,44.377024,52.558992,0.712889645783,0.287110354217,17.822241145,0.018181818182,6.600000000000,0.600000000000,1.100000000000,0.090909090909,0.001818181818,yes,0.000211909303,0.000602478553,0.015061964,22.436332,17.363386,high_risk,yes,w0_high_risk,warning,yes,pass,no,platform_too_narrow,no,1.100000000000,330,0.090909090909,0.001818181818,no,COMPARISON_RELAXED
COMPARISON_RELAXED,330.000000000000,6.000000000000,795.000000,1.453371000000,547.004172,47.000000,50.000000,50,11,0.220000000000,0.406309342707,10.157733568,12.278590634,46.237532,60.008744,0.593690657293,0.406309342707,14.842266432,0.018181818182,6.600000000000,0.600000000000,1.100000000000,0.090909090909,0.001818181818,yes,0.000246366100,0.000760344253,0.019008606,22.436332,17.363386,high_risk,yes,w0_high_risk,warning,yes,pass,no,platform_too_narrow,no,1.100000000000,330,0.090909090909,0.001818181818,no,COMPARISON_RELAXED
COMPARISON_RELAXED,330.000000000000,6.000000000000,795.000000,1.453371000000,547.004172,47.000000,50.000000,50,13,0.260000000000,0.531395259765,13.284881494,12.475334105,46.606498,68.083698,0.468604740235,0.468604740235,11.715118506,0.018181818182,6.600000000000,0.600000000000,1.100000000000,0.090909090909,0.001818181818,yes,0.000146391451,0.000458993715,0.011474843,22.436332,17.363386,high_risk,yes,w0_high_risk,warning,yes,pass,no,platform_too_narrow,no,1.100000000000,330,0.090909090909,0.001818181818,no,COMPARISON_RELAXED
COMPARISON_RELAXED,330.000000000000,6.000000000000,795.000000,1.453371000000,547.004172,47.000000,50.000000,50,17,0.340000000000,0.767913397489,19.197834937,10.554099069,42.867777,88.982772,0.232086602511,0.232086602511,5.802165063,0.018181818182,6.600000000000,0.600000000000,1.100000000000,0.090909090909,0.001818181818,yes,0.000644745326,0.001712139837,0.042803496,22.436332,17.363386,high_risk,yes,w0_high_risk,warning,yes,pass,no,platform_too_narrow,no,1.100000000000,330,0.090909090909,0.001818181818,no,COMPARISON_RELAXED
COMPARISON_RELAXED,330.000000000000,6.000000000000,795.000000,1.453371000000,547.004172,47.000000,50.000000,50,19,0.380000000000,0.864484313711,21.612107843,8.556838824,38.599089,104.853341,0.135515686289,0.135515686289,3.387892157,0.018181818182,6.600000000000,0.600000000000,1.100000000000,0.090909090909,0.001818181818,yes,0.000149276011,0.000321002573,0.008025064,22.436332,17.363386,high_risk,yes,w0_high_risk,warning,yes,pass,no,platform_too_narrow,no,1.100000000000,330,0.090909090909,0.001818181818,no,COMPARISON_RELAXED
COMPARISON_RELAXED,330.000000000000,6.000000000000,795.000000,1.453371000000,547.004172,47.000000,50.000000,50,21,0.420000000000,0.938153340022,23.453833501,6.021920926,32.380825,130.205636,0.061846659978,0.061846659978,1.546166499,0.018181818182,6.600000000000,0.600000000000,1.100000000000,0.090909090909,0.001818181818,yes,0.000154344806,0.000233547362,0.005838684,22.436332,17.363386,high_risk,yes,w0_high_risk,warning,yes,pass,no,platform_too_narrow,no,1.100000000000,330,0.090909090909,0.001818181818,no,COMPARISON_RELAXED
COMPARISON_RELAXED,330.000000000000,6.000000000000,795.000000,1.453371000000,547.004172,47.000000,50.000000,50,23,0.460000000000,0.984291580564,24.607289514,3.108623590,23.265075,185.625744,0.015708419436,0.015708419436,0.392710486,0.018181818182,6.600000000000,0.600000000000,1.100000000000,0.090909090909,0.001818181818,yes,0.000189000189,0.000147498583,0.003687465,22.436332,17.363386,high_risk,yes,w0_high_risk,warning,yes,pass,no,platform_too_narrow,no,1.100000000000,330,0.090909090909,0.001818181818,no,COMPARISON_RELAXED
COMPARISON_RELAXED,62.100000000000,6.000000000000,795.000000,1.453371000000,547.004172,47.000000,50.000000,9,1,0.111111111111,0.116977778441,2.924444461,8.034845121,37.403233,39.803689,0.883022221559,0.116977778441,22.075555539,0.096618357488,6.900000000000,0.900000000000,1.150000000000,0.130434782609,0.014492753623,yes,0.016304347826,0.031322004899,0.783050122,22.820327,18.270598,high_risk,yes,w0_high_risk,warning,yes,pass,yes,pass,yes,1.150000000000,63,0.130434782609,0.014492753623,no,COMPARISON_RELAXED
COMPARISON_RELAXED,62.100000000000,6.000000000000,795.000000,1.453371000000,547.004172,47.000000,50.000000,9,2,0.222222222222,0.413175911167,10.329397779,12.310096913,46.296815,60.436200,0.586824088833,0.413175911167,14.670602221,0.096618357488,6.900000000000,0.900000000000,1.150000000000,0.130434782609,0.014492753623,yes,0.006521739130,0.020184014053,0.504600351,22.820327,18.270598,high_risk,yes,w0_high_risk,warning,yes,pass,yes,pass,yes,1.150000000000,63,0.130434782609,0.014492753623,no,COMPARISON_RELAXED
COMPARISON_RELAXED,62.100000000000,6.000000000000,795.000000,1.453371000000,547.004172,47.000000,50.000000,9,4,0.444444444444,0.969846310393,24.246157760,4.275251792,27.283572,157.119830,0.030153689607,0.030153689607,0.753842240,0.096618357488,6.900000000000,0.900000000000,1.150000000000,0.130434782609,0.014492753623,yes,0.009316770186,0.009560845174,0.239021129,22.820327,18.270598,high_risk,yes,w0_high_risk,warning,yes,pass,yes,pass,yes,1.150000000000,63,0.130434782609,0.014492753623,no,COMPARISON_RELAXED
COMPARISON_RELAXED,82.800000000000,6.000000000000,795.000000,1.453371000000,547.004172,47.000000,50.000000,12,1,0.083333333333,0.066987298108,1.674682453,6.250000000,32.988335,34.152037,0.933012701892,0.066987298108,23.325317547,0.072463768116,6.900000000000,0.900000000000,1.150000000000,0.130434782609,0.010869565217,yes,0.011857707510,0.017611656901,0.440291423,22.820327,18.108638,high_risk,no,w0_high_risk,hard_fail,no,short_cavity,yes,pass,no,1.150000000000,83,0.130434782609,0.010869565217,no,COMPARISON_RELAXED
COMPARISON_RELAXED,82.800000000000,6.000000000000,795.000000,1.453371000000,547.004172,47.000000,50.000000,12,5,0.416666666667,0.933012701892,23.325317547,6.250000000,32.988335,127.457138,0.066987298108,0.066987298108,1.674682453,0.072463768116,6.900000000000,0.900000000000,1.150000000000,0.130434782609,0.010869565217,yes,0.003726708075,0.005873538730,0.146838468,22.820327,18.108638,high_risk,yes,w0_high_risk,warning,yes,pass,yes,pass,yes,1.150000000000,83,0.130434782609,0.010869565217,no,COMPARISON_RELAXED
COMPARISON_RELAXED,207.000000000000,6.000000000000,795.000000,1.453371000000,547.004172,47.000000,50.000000,30,1,0.033333333333,0.010926199633,0.273154991,2.598896135,21.272319,21.389493,0.989073800367,0.010926199633,24.726845009,0.028985507246,6.900000000000,0.900000000000,1.150000000000,0.130434782609,0.004347826087,yes,0.004497751124,0.002755194544,0.068879864,22.820327,17.821201,high_risk,no,w0_high_risk,hard_fail,no,short_cavity,yes,pass,no,1.150000000000,207,0.130434782609,0.004347826087,no,COMPARISON_RELAXED
COMPARISON_RELAXED,207.000000000000,6.000000000000,795.000000,1.453371000000,547.004172,47.000000,50.000000,30,7,0.233333333333,0.447735768366,11.193394209,12.431523692,46.524591,62.605012,0.552264231634,0.447735768366,13.806605791,0.028985507246,6.900000000000,0.900000000000,1.150000000000,0.130434782609,0.004347826087,yes,0.000590202636,0.001843969866,0.046099247,22.820327,17.821201,high_risk,yes,w0_high_risk,warning,yes,pass,no,platform_too_narrow,no,1.150000000000,207,0.130434782609,0.004347826087,no,COMPARISON_RELAXED
COMPARISON_RELAXED,207.000000000000,6.000000000000,795.000000,1.453371000000,547.004172,47.000000,50.000000,30,11,0.366666666667,0.834565303179,20.864132579,9.289310318,40.217227,98.877805,0.165434696821,0.165434696821,4.135867421,0.028985507246,6.900000000000,0.900000000000,1.150000000000,0.130434782609,0.004347826087,yes,0.000624089869,0.001457721395,0.036443035,22.820327,17.821201,high_risk,yes,w0_high_risk,warning,yes,pass,no,platform_too_narrow,no,1.150000000000,207,0.130434782609,0.004347826087,no,COMPARISON_RELAXED
COMPARISON_RELAXED,207.000000000000,6.000000000000,795.000000,1.453371000000,547.004172,47.000000,50.000000,30,13,0.433333333333,0.956772728821,23.919318221,5.084208038,29.753087,143.104447,0.043227271179,0.043227271179,1.080681779,0.028985507246,6.900000000000,0.900000000000,1.150000000000,0.130434782609,0.004347826087,yes,0.000810153929,0.001038369498,0.025959237,22.820327,17.821201,high_risk,yes,w0_high_risk,warning,yes,pass,no,platform_too_narrow,no,1.150000000000,207,0.130434782609,0.004347826087,no,COMPARISON_RELAXED
COMPARISON_RELAXED,345.000000000000,6.000000000000,795.000000,1.453371000000,547.004172,47.000000,50.000000,50,1,0.020000000000,0.003942649343,0.098566234,1.566665420,16.516138,16.548794,0.996057350657,0.003942649343,24.901433766,0.017391304348,6.900000000000,0.900000000000,1.150000000000,0.130434782609,0.002608695652,yes,0.002661934339,0.000981473230,0.024536831,22.820327,17.748069,high_risk,no,w0_high_risk,hard_fail,no,short_cavity,no,platform_too_narrow,no,1.150000000000,345,0.130434782609,0.002608695652,no,COMPARISON_RELAXED
COMPARISON_RELAXED,345.000000000000,6.000000000000,795.000000,1.453371000000,547.004172,47.000000,50.000000,50,3,0.060000000000,0.035111757056,0.877793926,4.601556909,28.305627,28.816038,0.964888242944,0.035111757056,24.122206074,0.017391304348,6.900000000000,0.900000000000,1.150000000000,0.130434782609,0.002608695652,yes,0.000232504069,0.000268731576,0.006718289,22.820327,17.748069,high_risk,no,w0_high_risk,hard_fail,no,short_cavity,no,platform_too_narrow,no,1.150000000000,345,0.130434782609,0.002608695652,no,COMPARISON_RELAXED
COMPARISON_RELAXED,345.000000000000,6.000000000000,795.000000,1.453371000000,547.004172,47.000000,50.000000,50,7,0.140000000000,0.181288005126,4.532200128,9.631415535,40.951088,45.258470,0.818711994874,0.181288005126,20.467799872,0.017391304348,6.900000000000,0.900000000000,1.150000000000,0.130434782609,0.002608695652,yes,0.000433338148,0.001049804861,0.026245122,22.820327,17.748069,high_risk,yes,w0_high_risk,warning,yes,pass,no,platform_too_narrow,no,1.150000000000,345,0.130434782609,0.002608695652,no,COMPARISON_RELAXED
COMPARISON_RELAXED,345.000000000000,6.000000000000,795.000000,1.453371000000,547.004172,47.000000,50.000000,50,9,0.180000000000,0.287110354217,7.177758855,11.310338156,44.377024,52.558992,0.712889645783,0.287110354217,17.822241145,0.017391304348,6.900000000000,0.900000000000,1.150000000000,0.130434782609,0.002608695652,yes,0.000304043782,0.000864491541,0.021612289,22.820327,17.748069,high_risk,yes,w0_high_risk,warning,yes,pass,no,platform_too_narrow,no,1.150000000000,345,0.130434782609,0.002608695652,no,COMPARISON_RELAXED
COMPARISON_RELAXED,345.000000000000,6.000000000000,795.000000,1.453371000000,547.004172,47.000000,50.000000,50,11,0.220000000000,0.406309342707,10.157733568,12.278590634,46.237532,60.008744,0.593690657293,0.406309342707,14.842266432,0.017391304348,6.900000000000,0.900000000000,1.150000000000,0.130434782609,0.002608695652,yes,0.000353481796,0.001090973269,0.027274332,22.820327,17.748069,high_risk,yes,w0_high_risk,warning,yes,pass,no,platform_too_narrow,no,1.150000000000,345,0.130434782609,0.002608695652,no,COMPARISON_RELAXED
COMPARISON_RELAXED,345.000000000000,6.000000000000,795.000000,1.453371000000,547.004172,47.000000,50.000000,50,13,0.260000000000,0.531395259765,13.284881494,12.475334105,46.606498,68.083698,0.468604740235,0.468604740235,11.715118506,0.017391304348,6.900000000000,0.900000000000,1.150000000000,0.130434782609,0.002608695652,yes,0.000210039908,0.000658555512,0.016463888,22.820327,17.748069,high_risk,yes,w0_high_risk,warning,yes,pass,no,platform_too_narrow,no,1.150000000000,345,0.130434782609,0.002608695652,no,COMPARISON_RELAXED
COMPARISON_RELAXED,345.000000000000,6.000000000000,795.000000,1.453371000000,547.004172,47.000000,50.000000,50,17,0.340000000000,0.767913397489,19.197834937,10.554099069,42.867777,88.982772,0.232086602511,0.232086602511,5.802165063,0.017391304348,6.900000000000,0.900000000000,1.150000000000,0.130434782609,0.002608695652,yes,0.000925069380,0.002457749369,0.061443734,22.820327,17.748069,high_risk,yes,w0_high_risk,warning,yes,pass,yes,pass,yes,1.150000000000,345,0.130434782609,0.002608695652,no,COMPARISON_RELAXED
COMPARISON_RELAXED,345.000000000000,6.000000000000,795.000000,1.453371000000,547.004172,47.000000,50.000000,50,19,0.380000000000,0.864484313711,21.612107843,8.556838824,38.599089,104.853341,0.135515686289,0.135515686289,3.387892157,0.017391304348,6.900000000000,0.900000000000,1.150000000000,0.130434782609,0.002608695652,yes,0.000214178625,0.000460552888,0.011513822,22.820327,17.748069,high_risk,yes,w0_high_risk,warning,yes,pass,no,platform_too_narrow,no,1.150000000000,345,0.130434782609,0.002608695652,no,COMPARISON_RELAXED
COMPARISON_RELAXED,345.000000000000,6.000000000000,795.000000,1.453371000000,547.004172,47.000000,50.000000,50,21,0.420000000000,0.938153340022,23.453833501,6.021920926,32.380825,130.205636,0.061846659978,0.061846659978,1.546166499,0.017391304348,6.900000000000,0.900000000000,1.150000000000,0.130434782609,0.002608695652,yes,0.000221451244,0.000335058830,0.008376471,22.820327,17.748069,high_risk,yes,w0_high_risk,warning,yes,pass,no,platform_too_narrow,no,1.150000000000,345,0.130434782609,0.002608695652,no,COMPARISON_RELAXED
COMPARISON_RELAXED,345.000000000000,6.000000000000,795.000000,1.453371000000,547.004172,47.000000,50.000000,50,23,0.460000000000,0.984291580564,24.607289514,3.108623590,23.265075,185.625744,0.015708419436,0.015708419436,0.392710486,0.017391304348,6.900000000000,0.900000000000,1.150000000000,0.130434782609,0.002608695652,yes,0.000271174184,0.000211526130,0.005288153,22.820327,17.748069,high_risk,yes,w0_high_risk,warning,yes,pass,no,platform_too_narrow,no,1.150000000000,345,0.130434782609,0.002608695652,no,COMPARISON_RELAXED
COMPARISON_RELAXED,64.800000000000,6.000000000000,795.000000,1.453371000000,547.004172,47.000000,50.000000,9,1,0.111111111111,0.116977778441,2.924444461,8.034845121,37.403233,39.803689,0.883022221559,0.116977778441,22.075555539,0.092592592593,7.200000000000,1.200000000000,1.200000000000,0.166666666667,0.018518518519,yes,0.020833333333,0.039436514273,0.985912857,23.188143,18.638864,high_risk,yes,w0_high_risk,warning,yes,pass,yes,pass,yes,1.200000000000,65,0.166666666667,0.018518518519,no,COMPARISON_RELAXED
COMPARISON_RELAXED,64.800000000000,6.000000000000,795.000000,1.453371000000,547.004172,47.000000,50.000000,9,2,0.222222222222,0.413175911167,10.329397779,12.310096913,46.296815,60.436200,0.586824088833,0.413175911167,14.670602221,0.092592592593,7.200000000000,1.200000000000,1.200000000000,0.166666666667,0.018518518519,yes,0.008333333333,0.025792375113,0.644809378,23.188143,18.638864,high_risk,yes,w0_high_risk,warning,yes,pass,yes,pass,yes,1.200000000000,65,0.166666666667,0.018518518519,no,COMPARISON_RELAXED
COMPARISON_RELAXED,64.800000000000,6.000000000000,795.000000,1.453371000000,547.004172,47.000000,50.000000,9,4,0.444444444444,0.969846310393,24.246157760,4.275251792,27.283572,157.119830,0.030153689607,0.030153689607,0.753842240,0.092592592593,7.200000000000,1.200000000000,1.200000000000,0.166666666667,0.018518518519,yes,0.011904761905,0.012055782698,0.301394567,23.188143,18.638864,high_risk,yes,w0_high_risk,warning,yes,pass,yes,pass,yes,1.200000000000,65,0.166666666667,0.018518518519,no,COMPARISON_RELAXED
COMPARISON_RELAXED,86.400000000000,6.000000000000,795.000000,1.453371000000,547.004172,47.000000,50.000000,12,1,0.083333333333,0.066987298108,1.674682453,6.250000000,32.988335,34.152037,0.933012701892,0.066987298108,23.325317547,0.069444444444,7.200000000000,1.200000000000,1.200000000000,0.166666666667,0.013888888889,yes,0.015151515152,0.022138125811,0.553453145,23.188143,18.476952,high_risk,no,w0_high_risk,hard_fail,no,short_cavity,yes,pass,no,1.200000000000,87,0.166666666667,0.013888888889,no,COMPARISON_RELAXED
COMPARISON_RELAXED,86.400000000000,6.000000000000,795.000000,1.453371000000,547.004172,47.000000,50.000000,12,5,0.416666666667,0.933012701892,23.325317547,6.250000000,32.988335,127.457138,0.066987298108,0.066987298108,1.674682453,0.069444444444,7.200000000000,1.200000000000,1.200000000000,0.166666666667,0.013888888889,yes,0.004761904762,0.007511981847,0.187799546,23.188143,18.476952,high_risk,yes,w0_high_risk,warning,yes,pass,yes,pass,yes,1.200000000000,87,0.166666666667,0.013888888889,no,COMPARISON_RELAXED
COMPARISON_RELAXED,216.000000000000,6.000000000000,795.000000,1.453371000000,547.004172,47.000000,50.000000,30,1,0.033333333333,0.010926199633,0.273154991,2.598896135,21.272319,21.389493,0.989073800367,0.010926199633,24.726845009,0.027777777778,7.200000000000,1.200000000000,1.200000000000,0.166666666667,0.005555555556,yes,0.005747126437,0.003455559491,0.086388987,23.188143,18.189600,high_risk,no,w0_high_risk,hard_fail,no,short_cavity,yes,pass,no,1.200000000000,216,0.166666666667,0.005555555556,no,COMPARISON_RELAXED
COMPARISON_RELAXED,216.000000000000,6.000000000000,795.000000,1.453371000000,547.004172,47.000000,50.000000,30,7,0.233333333333,0.447735768366,11.193394209,12.431523692,46.524591,62.605012,0.552264231634,0.447735768366,13.806605791,0.027777777778,7.200000000000,1.200000000000,1.200000000000,0.166666666667,0.005555555556,yes,0.000754147813,0.002356165811,0.058904145,23.188143,18.189600,high_risk,yes,w0_high_risk,warning,yes,pass,yes,pass,yes,1.200000000000,216,0.166666666667,0.005555555556,no,COMPARISON_RELAXED
COMPARISON_RELAXED,216.000000000000,6.000000000000,795.000000,1.453371000000,547.004172,47.000000,50.000000,30,11,0.366666666667,0.834565303179,20.864132579,9.289310318,40.217227,98.877805,0.165434696821,0.165434696821,4.135867421,0.027777777778,7.200000000000,1.200000000000,1.200000000000,0.166666666667,0.005555555556,yes,0.000797448166,0.001862886547,0.046572164,23.188143,18.189600,high_risk,yes,w0_high_risk,warning,yes,pass,no,platform_too_narrow,no,1.200000000000,216,0.166666666667,0.005555555556,no,COMPARISON_RELAXED
COMPARISON_RELAXED,216.000000000000,6.000000000000,795.000000,1.453371000000,547.004172,47.000000,50.000000,30,13,0.433333333333,0.956772728821,23.919318221,5.084208038,29.753087,143.104447,0.043227271179,0.043227271179,1.080681779,0.027777777778,7.200000000000,1.200000000000,1.200000000000,0.166666666667,0.005555555556,yes,0.001035196687,0.001327924043,0.033198101,23.188143,18.189600,high_risk,yes,w0_high_risk,warning,yes,pass,no,platform_too_narrow,no,1.200000000000,216,0.166666666667,0.005555555556,no,COMPARISON_RELAXED
COMPARISON_RELAXED,360.000000000000,6.000000000000,795.000000,1.453371000000,547.004172,47.000000,50.000000,50,1,0.020000000000,0.003942649343,0.098566234,1.566665420,16.516138,16.548794,0.996057350657,0.003942649343,24.901433766,0.016666666667,7.200000000000,1.200000000000,1.200000000000,0.166666666667,0.003333333333,yes,0.003401360544,0.001230427779,0.030760694,23.188143,18.116490,high_risk,no,w0_high_risk,hard_fail,no,short_cavity,no,platform_too_narrow,no,1.200000000000,360,0.166666666667,0.003333333333,no,COMPARISON_RELAXED
COMPARISON_RELAXED,360.000000000000,6.000000000000,795.000000,1.453371000000,547.004172,47.000000,50.000000,50,3,0.060000000000,0.035111757056,0.877793926,4.601556909,28.305627,28.816038,0.964888242944,0.035111757056,24.122206074,0.016666666667,7.200000000000,1.200000000000,1.200000000000,0.166666666667,0.003333333333,yes,0.000297088532,0.000343322868,0.008583072,23.188143,18.116490,high_risk,no,w0_high_risk,hard_fail,no,short_cavity,no,platform_too_narrow,no,1.200000000000,360,0.166666666667,0.003333333333,no,COMPARISON_RELAXED
COMPARISON_RELAXED,360.000000000000,6.000000000000,795.000000,1.453371000000,547.004172,47.000000,50.000000,50,7,0.140000000000,0.181288005126,4.532200128,9.631415535,40.951088,45.258470,0.818711994874,0.181288005126,20.467799872,0.016666666667,7.200000000000,1.200000000000,1.200000000000,0.166666666667,0.003333333333,yes,0.000553709856,0.001341718555,0.033542964,23.188143,18.116490,high_risk,yes,w0_high_risk,warning,yes,pass,no,platform_too_narrow,no,1.200000000000,360,0.166666666667,0.003333333333,no,COMPARISON_RELAXED
COMPARISON_RELAXED,360.000000000000,6.000000000000,795.000000,1.453371000000,547.004172,47.000000,50.000000,50,9,0.180000000000,0.287110354217,7.177758855,11.310338156,44.377024,52.558992,0.712889645783,0.287110354217,17.822241145,0.016666666667,7.200000000000,1.200000000000,1.200000000000,0.166666666667,0.003333333333,yes,0.000388500389,0.001104705089,0.027617627,23.188143,18.116490,high_risk,yes,w0_high_risk,warning,yes,pass,no,platform_too_narrow,no,1.200000000000,360,0.166666666667,0.003333333333,no,COMPARISON_RELAXED
COMPARISON_RELAXED,360.000000000000,6.000000000000,795.000000,1.453371000000,547.004172,47.000000,50.000000,50,11,0.220000000000,0.406309342707,10.157733568,12.278590634,46.237532,60.008744,0.593690657293,0.406309342707,14.842266432,0.016666666667,7.200000000000,1.200000000000,1.200000000000,0.166666666667,0.003333333333,yes,0.000451671183,0.001394073488,0.034851837,23.188143,18.116490,high_risk,yes,w0_high_risk,warning,yes,pass,no,platform_too_narrow,no,1.200000000000,360,0.166666666667,0.003333333333,no,COMPARISON_RELAXED
COMPARISON_RELAXED,360.000000000000,6.000000000000,795.000000,1.453371000000,547.004172,47.000000,50.000000,50,13,0.260000000000,0.531395259765,13.284881494,12.475334105,46.606498,68.083698,0.468604740235,0.468604740235,11.715118506,0.016666666667,7.200000000000,1.200000000000,1.200000000000,0.166666666667,0.003333333333,yes,0.000268384326,0.000841486783,0.021037170,23.188143,18.116490,high_risk,yes,w0_high_risk,warning,yes,pass,no,platform_too_narrow,no,1.200000000000,360,0.166666666667,0.003333333333,no,COMPARISON_RELAXED
COMPARISON_RELAXED,360.000000000000,6.000000000000,795.000000,1.453371000000,547.004172,47.000000,50.000000,50,17,0.340000000000,0.767913397489,19.197834937,10.554099069,42.867777,88.982772,0.232086602511,0.232086602511,5.802165063,0.016666666667,7.200000000000,1.200000000000,1.200000000000,0.166666666667,0.003333333333,yes,0.001182033097,0.003141861774,0.078546544,23.188143,18.116490,high_risk,yes,w0_high_risk,warning,yes,pass,yes,pass,yes,1.200000000000,360,0.166666666667,0.003333333333,no,COMPARISON_RELAXED
COMPARISON_RELAXED,360.000000000000,6.000000000000,795.000000,1.453371000000,547.004172,47.000000,50.000000,50,19,0.380000000000,0.864484313711,21.612107843,8.556838824,38.599089,104.853341,0.135515686289,0.135515686289,3.387892157,0.016666666667,7.200000000000,1.200000000000,1.200000000000,0.166666666667,0.003333333333,yes,0.000273672687,0.000588465473,0.014711637,23.188143,18.116490,high_risk,yes,w0_high_risk,warning,yes,pass,no,platform_too_narrow,no,1.200000000000,360,0.166666666667,0.003333333333,no,COMPARISON_RELAXED
COMPARISON_RELAXED,360.000000000000,6.000000000000,795.000000,1.453371000000,547.004172,47.000000,50.000000,50,21,0.420000000000,0.938153340022,23.453833501,6.021920926,32.380825,130.205636,0.061846659978,0.061846659978,1.546166499,0.016666666667,7.200000000000,1.200000000000,1.200000000000,0.166666666667,0.003333333333,yes,0.000282965478,0.000428094571,0.010702364,23.188143,18.116490,high_risk,yes,w0_high_risk,warning,yes,pass,no,platform_too_narrow,no,1.200000000000,360,0.166666666667,0.003333333333,no,COMPARISON_RELAXED
COMPARISON_RELAXED,360.000000000000,6.000000000000,795.000000,1.453371000000,547.004172,47.000000,50.000000,50,23,0.460000000000,0.984291580564,24.607289514,3.108623590,23.265075,185.625744,0.015708419436,0.015708419436,0.392710486,0.016666666667,7.200000000000,1.200000000000,1.200000000000,0.166666666667,0.003333333333,yes,0.000346500347,0.000270163589,0.006754090,23.188143,18.116490,high_risk,yes,w0_high_risk,warning,yes,pass,no,platform_too_narrow,no,1.200000000000,360,0.166666666667,0.003333333333,no,COMPARISON_RELAXED
COMPARISON_RELAXED,70.200000000000,6.000000000000,795.000000,1.453371000000,547.004172,47.000000,50.000000,9,1,0.111111111111,0.116977778441,2.924444461,8.034845121,37.403233,39.803689,0.883022221559,0.116977778441,22.075555539,0.085470085470,7.800000000000,1.800000000000,1.300000000000,0.230769230769,0.025641025641,yes,0.028846153846,0.053144744694,1.328618617,23.880301,19.331770,high_risk,yes,w0_high_risk,warning,yes,pass,yes,pass,yes,1.300000000000,71,0.230769230769,0.025641025641,no,COMPARISON_RELAXED
COMPARISON_RELAXED,70.200000000000,6.000000000000,795.000000,1.453371000000,547.004172,47.000000,50.000000,9,2,0.222222222222,0.413175911167,10.329397779,12.310096913,46.296815,60.436200,0.586824088833,0.413175911167,14.670602221,0.085470085470,7.800000000000,1.800000000000,1.300000000000,0.230769230769,0.025641025641,yes,0.011538461538,0.035715680110,0.892892003,23.880301,19.331770,high_risk,yes,w0_high_risk,warning,yes,pass,yes,pass,yes,1.300000000000,71,0.230769230769,0.025641025641,no,COMPARISON_RELAXED
COMPARISON_RELAXED,70.200000000000,6.000000000000,795.000000,1.453371000000,547.004172,47.000000,50.000000,9,4,0.444444444444,0.969846310393,24.246157760,4.275251792,27.283572,157.119830,0.030153689607,0.030153689607,0.753842240,0.085470085470,7.800000000000,1.800000000000,1.300000000000,0.230769230769,0.025641025641,yes,0.016483516484,0.016296967361,0.407424184,23.880301,19.331770,high_risk,yes,w0_high_risk,warning,yes,pass,yes,pass,yes,1.300000000000,71,0.230769230769,0.025641025641,no,COMPARISON_RELAXED
COMPARISON_RELAXED,93.600000000000,6.000000000000,795.000000,1.453371000000,547.004172,47.000000,50.000000,12,1,0.083333333333,0.066987298108,1.674682453,6.250000000,32.988335,34.152037,0.933012701892,0.066987298108,23.325317547,0.064102564103,7.800000000000,1.800000000000,1.300000000000,0.230769230769,0.019230769231,yes,0.020979020979,0.029749235792,0.743730895,23.880301,19.169940,high_risk,no,w0_high_risk,hard_fail,no,short_cavity,yes,pass,no,1.300000000000,94,0.230769230769,0.019230769231,no,COMPARISON_RELAXED
COMPARISON_RELAXED,93.600000000000,6.000000000000,795.000000,1.453371000000,547.004172,47.000000,50.000000,12,5,0.416666666667,0.933012701892,23.325317547,6.250000000,32.988335,127.457138,0.066987298108,0.066987298108,1.674682453,0.064102564103,7.800000000000,1.800000000000,1.300000000000,0.230769230769,0.019230769231,yes,0.006593406593,0.010418021665,0.260450542,23.880301,19.169940,high_risk,yes,w0_high_risk,warning,yes,pass,yes,pass,yes,1.300000000000,94,0.230769230769,0.019230769231,no,COMPARISON_RELAXED
COMPARISON_RELAXED,234.000000000000,6.000000000000,795.000000,1.453371000000,547.004172,47.000000,50.000000,30,1,0.033333333333,0.010926199633,0.273154991,2.598896135,21.272319,21.389493,0.989073800367,0.010926199633,24.726845009,0.025641025641,7.800000000000,1.800000000000,1.300000000000,0.230769230769,0.007692307692,yes,0.007957559682,0.004625265769,0.115631644,23.880301,18.882729,high_risk,no,w0_high_risk,hard_fail,no,short_cavity,yes,pass,no,1.300000000000,234,0.230769230769,0.007692307692,no,COMPARISON_RELAXED
COMPARISON_RELAXED,234.000000000000,6.000000000000,795.000000,1.453371000000,547.004172,47.000000,50.000000,30,7,0.233333333333,0.447735768366,11.193394209,12.431523692,46.524591,62.605012,0.552264231634,0.447735768366,13.806605791,0.025641025641,7.800000000000,1.800000000000,1.300000000000,0.230769230769,0.007692307692,yes,0.001044204664,0.003262338820,0.081558471,23.880301,18.882729,high_risk,yes,w0_high_risk,warning,yes,pass,yes,pass,yes,1.300000000000,234,0.230769230769,0.007692307692,no,COMPARISON_RELAXED
COMPARISON_RELAXED,234.000000000000,6.000000000000,795.000000,1.453371000000,547.004172,47.000000,50.000000,30,11,0.366666666667,0.834565303179,20.864132579,9.289310318,40.217227,98.877805,0.165434696821,0.165434696821,4.135867421,0.025641025641,7.800000000000,1.800000000000,1.300000000000,0.230769230769,0.007692307692,yes,0.001104158999,0.002579974773,0.064499369,23.880301,18.882729,high_risk,yes,w0_high_risk,warning,yes,pass,yes,pass,yes,1.300000000000,234,0.230769230769,0.007692307692,no,COMPARISON_RELAXED
COMPARISON_RELAXED,234.000000000000,6.000000000000,795.000000,1.453371000000,547.004172,47.000000,50.000000,30,13,0.433333333333,0.956772728821,23.919318221,5.084208038,29.753087,143.104447,0.043227271179,0.043227271179,1.080681779,0.025641025641,7.800000000000,1.800000000000,1.300000000000,0.230769230769,0.007692307692,yes,0.001433349259,0.001841402836,0.046035071,23.880301,18.882729,high_risk,yes,w0_high_risk,warning,yes,pass,no,platform_too_narrow,no,1.300000000000,234,0.230769230769,0.007692307692,no,COMPARISON_RELAXED
COMPARISON_RELAXED,390.000000000000,6.000000000000,795.000000,1.453371000000,547.004172,47.000000,50.000000,50,1,0.020000000000,0.003942649343,0.098566234,1.566665420,16.516138,16.548794,0.996057350657,0.003942649343,24.901433766,0.015384615385,7.800000000000,1.800000000000,1.300000000000,0.230769230769,0.004615384615,yes,0.004709576138,0.001645641105,0.041141028,23.880301,18.809654,high_risk,no,w0_high_risk,hard_fail,no,short_cavity,no,platform_too_narrow,no,1.300000000000,390,0.230769230769,0.004615384615,no,COMPARISON_RELAXED
COMPARISON_RELAXED,390.000000000000,6.000000000000,795.000000,1.453371000000,547.004172,47.000000,50.000000,50,3,0.060000000000,0.035111757056,0.877793926,4.601556909,28.305627,28.816038,0.964888242944,0.035111757056,24.122206074,0.015384615385,7.800000000000,1.800000000000,1.300000000000,0.230769230769,0.004615384615,yes,0.000411353353,0.000475232018,0.011880800,23.880301,18.809654,high_risk,no,w0_high_risk,hard_fail,no,short_cavity,no,platform_too_narrow,no,1.300000000000,390,0.230769230769,0.004615384615,no,COMPARISON_RELAXED
COMPARISON_RELAXED,390.000000000000,6.000000000000,795.000000,1.453371000000,547.004172,47.000000,50.000000,50,7,0.140000000000,0.181288005126,4.532200128,9.631415535,40.951088,45.258470,0.818711994874,0.181288005126,20.467799872,0.015384615385,7.800000000000,1.800000000000,1.300000000000,0.230769230769,0.004615384615,yes,0.000766675185,0.001858501530,0.046462538,23.880301,18.809654,high_risk,yes,w0_high_risk,warning,yes,pass,no,platform_too_narrow,no,1.300000000000,390,0.230769230769,0.004615384615,no,COMPARISON_RELAXED
COMPARISON_RELAXED,390.000000000000,6.000000000000,795.000000,1.453371000000,547.004172,47.000000,50.000000,50,9,0.180000000000,0.287110354217,7.177758855,11.310338156,44.377024,52.558992,0.712889645783,0.287110354217,17.822241145,0.015384615385,7.800000000000,1.800000000000,1.300000000000,0.230769230769,0.004615384615,yes,0.000537923615,0.001529780137,0.038244503,23.880301,18.809654,high_risk,yes,w0_high_risk,warning,yes,pass,no,platform_too_narrow,no,1.300000000000,390,0.230769230769,0.004615384615,no,COMPARISON_RELAXED
COMPARISON_RELAXED,390.000000000000,6.000000000000,795.000000,1.453371000000,547.004172,47.000000,50.000000,50,11,0.220000000000,0.406309342707,10.157733568,12.278590634,46.237532,60.008744,0.593690657293,0.406309342707,14.842266432,0.015384615385,7.800000000000,1.800000000000,1.300000000000,0.230769230769,0.004615384615,yes,0.000625390869,0.001930382864,0.048259572,23.880301,18.809654,high_risk,yes,w0_high_risk,warning,yes,pass,no,platform_too_narrow,no,1.300000000000,390,0.230769230769,0.004615384615,no,COMPARISON_RELAXED
COMPARISON_RELAXED,390.000000000000,6.000000000000,795.000000,1.453371000000,547.004172,47.000000,50.000000,50,13,0.260000000000,0.531395259765,13.284881494,12.475334105,46.606498,68.083698,0.468604740235,0.468604740235,11.715118506,0.015384615385,7.800000000000,1.800000000000,1.300000000000,0.230769230769,0.004615384615,yes,0.000371609067,0.001165133515,0.029128338,23.880301,18.809654,high_risk,yes,w0_high_risk,warning,yes,pass,no,platform_too_narrow,no,1.300000000000,390,0.230769230769,0.004615384615,no,COMPARISON_RELAXED
COMPARISON_RELAXED,390.000000000000,6.000000000000,795.000000,1.453371000000,547.004172,47.000000,50.000000,50,17,0.340000000000,0.767913397489,19.197834937,10.554099069,42.867777,88.982772,0.232086602511,0.232086602511,5.802165063,0.015384615385,7.800000000000,1.800000000000,1.300000000000,0.230769230769,0.004615384615,yes,0.001636661211,0.004353702434,0.108842561,23.880301,18.809654,high_risk,yes,w0_high_risk,warning,yes,pass,yes,pass,yes,1.300000000000,390,0.230769230769,0.004615384615,no,COMPARISON_RELAXED
COMPARISON_RELAXED,390.000000000000,6.000000000000,795.000000,1.453371000000,547.004172,47.000000,50.000000,50,19,0.380000000000,0.864484313711,21.612107843,8.556838824,38.599089,104.853341,0.135515686289,0.135515686289,3.387892157,0.015384615385,7.800000000000,1.800000000000,1.300000000000,0.230769230769,0.004615384615,yes,0.000378931413,0.000814752334,0.020368808,23.880301,18.809654,high_risk,yes,w0_high_risk,warning,yes,pass,no,platform_too_narrow,no,1.300000000000,390,0.230769230769,0.004615384615,no,COMPARISON_RELAXED
COMPARISON_RELAXED,390.000000000000,6.000000000000,795.000000,1.453371000000,547.004172,47.000000,50.000000,50,21,0.420000000000,0.938153340022,23.453833501,6.021920926,32.380825,130.205636,0.061846659978,0.061846659978,1.546166499,0.015384615385,7.800000000000,1.800000000000,1.300000000000,0.230769230769,0.004615384615,yes,0.000391798354,0.000592657736,0.014816443,23.880301,18.809654,high_risk,yes,w0_high_risk,warning,yes,pass,no,platform_too_narrow,no,1.300000000000,390,0.230769230769,0.004615384615,no,COMPARISON_RELAXED
COMPARISON_RELAXED,390.000000000000,6.000000000000,795.000000,1.453371000000,547.004172,47.000000,50.000000,50,23,0.460000000000,0.984291580564,24.607289514,3.108623590,23.265075,185.625744,0.015708419436,0.015708419436,0.392710486,0.015384615385,7.800000000000,1.800000000000,1.300000000000,0.230769230769,0.004615384615,yes,0.000479769711,0.000373779161,0.009344479,23.880301,18.809654,high_risk,yes,w0_high_risk,warning,yes,pass,no,platform_too_narrow,no,1.300000000000,390,0.230769230769,0.004615384615,no,COMPARISON_RELAXED
